Libbulletjme version 22.0.3 initializing
Sept. 12, 2026 7:42:56 PM com.jme3.system.JmeDesktopSystem initialize
INFORMATION: Running on jMonkeyEngine 3.8.1-stable
 * Branch: HEAD
 * Git Hash: eca8165
 * Build Date: 2025-05-15
Sept. 12, 2026 7:42:56 PM com.jme3.system.lwjgl.LwjglContext printContextInitInfo
INFORMATION: LWJGL 3.3.6-snapshot context running on thread jME3 Main
 * Graphics Adapter: GLFW 3.5.0 Win32 WGL Null EGL OSMesa VisualC DLL
Sept. 12, 2026 7:42:56 PM com.jme3.renderer.opengl.GLRenderer loadCapabilitiesCommon
INFORMATION: OpenGL Renderer Information
 * Vendor: Intel
 * Renderer: Intel(R) Iris(R) Xe Graphics
 * OpenGL Version: 3.3.0 - Build 31.0.101.4314
 * GLSL Version: 3.30 - Build 31.0.101.4314
 * Profile: Core
Sept. 12, 2026 7:42:56 PM com.jme3.renderer.opengl.GLRenderer setMainFrameBufferSrgb
WARNUNG: Driver claims that default framebuffer is not sRGB capable. Enabling anyway.
Sept. 12, 2026 7:42:58 PM com.jme3.anim.SkinningControl controlRender
INFORMATION: Hardware skinning engaged for Armature.008 (Node)
Sept. 12, 2026 7:42:58 PM com.jme3.anim.SkinningControl controlRender
INFORMATION: Hardware skinning engaged for Armature.004 (Node)
Sept. 12, 2026 7:42:58 PM com.jme3.anim.SkinningControl controlRender
INFORMATION: Hardware skinning engaged for GoblinArmature (Node)
Sept. 12, 2026 7:42:58 PM com.jme3.anim.SkinningControl controlRender
INFORMATION: Hardware skinning engaged for GoblinArmature (Node)
[SMOKE] stage 0
[SMOKE] stage 1
[GAME] Willkommen im Ödland. Folge dem Feuer zu Mira. [E]
Sept. 12, 2026 7:43:02 PM com.jme3.bullet.PhysicsSpace update
WARNUNG: invoked from wrong thread
Sept. 12, 2026 7:43:02 PM com.jme3.anim.SkinningControl controlRender
INFORMATION: Hardware skinning engaged for Armature.008 (Node)
Sept. 12, 2026 7:43:02 PM com.jme3.anim.SkinningControl controlRender
INFORMATION: Hardware skinning engaged for Armature.004 (Node)
Sept. 12, 2026 7:43:02 PM com.jme3.anim.SkinningControl controlRender
INFORMATION: Hardware skinning engaged for GoblinArmature (Node)
Sept. 12, 2026 7:43:02 PM com.jme3.anim.SkinningControl controlRender
INFORMATION: Hardware skinning engaged for GoblinArmature (Node)
Sept. 12, 2026 7:43:02 PM com.jme3.bullet.PhysicsSpace update
WARNUNG: invoked from wrong thread
Sept. 12, 2026 7:43:02 PM com.jme3.bullet.PhysicsSpace update
WARNUNG: invoked from wrong thread
Sept. 12, 2026 7:43:02 PM com.jme3.bullet.PhysicsSpace update
WARNUNG: invoked from wrong thread
Sept. 12, 2026 7:43:02 PM com.jme3.bullet.PhysicsSpace update
WARNUNG: invoked from wrong thread
Sept. 12, 2026 7:43:02 PM com.jme3.bullet.PhysicsSpace update
WARNUNG: invoked from wrong thread
Sept. 12, 2026 7:43:02 PM com.jme3.bullet.PhysicsSpace update
WARNUNG: invoked from wrong thread
Sept. 12, 2026 7:43:02 PM com.jme3.bullet.PhysicsSpace update
WARNUNG: invoked from wrong thread
Sept. 12, 2026 7:43:02 PM com.jme3.bullet.PhysicsSpace update
WARNUNG: invoked from wrong thread
Sept. 12, 2026 7:43:02 PM com.jme3.bullet.PhysicsSpace update
WARNUNG: invoked from wrong thread
Sept. 12, 2026 7:43:02 PM com.jme3.bullet.PhysicsSpace update
WARNUNG: invoked from wrong thread
Sept. 12, 2026 7:43:02 PM com.jme3.bullet.PhysicsSpace update
WARNUNG: invoked from wrong thread
Sept. 12, 2026 7:43:02 PM com.jme3.bullet.PhysicsSpace update
WARNUNG: invoked from wrong thread
Sept. 12, 2026 7:43:02 PM com.jme3.bullet.PhysicsSpace update
WARNUNG: invoked from wrong thread
Sept. 12, 2026 7:43:02 PM com.jme3.bullet.PhysicsSpace update
WARNUNG: invoked from wrong thread
Sept. 12, 2026 7:43:02 PM com.jme3.bullet.PhysicsSpace update
WARNUNG: invoked from wrong thread
Sept. 12, 2026 7:43:02 PM com.jme3.bullet.PhysicsSpace update
WARNUNG: invoked from wrong thread
Sept. 12, 2026 7:43:02 PM com.jme3.bullet.PhysicsSpace update
WARNUNG: invoked from wrong thread
Sept. 12, 2026 7:43:02 PM com.jme3.bullet.PhysicsSpace update
WARNUNG: invoked from wrong thread
Sept. 12, 2026 7:43:02 PM com.jme3.bullet.PhysicsSpace update
WARNUNG: invoked from wrong thread
Sept. 12, 2026 7:43:02 PM com.jme3.bullet.PhysicsSpace update
WARNUNG: invoked from wrong thread
Sept. 12, 2026 7:43:02 PM com.jme3.bullet.PhysicsSpace update
WARNUNG: invoked from wrong thread
Sept. 12, 2026 7:43:02 PM com.jme3.bullet.PhysicsSpace update
WARNUNG: invoked from wrong thread
Sept. 12, 2026 7:43:02 PM com.jme3.bullet.PhysicsSpace update
WARNUNG: invoked from wrong thread
Sept. 12, 2026 7:43:02 PM com.jme3.bullet.PhysicsSpace update
WARNUNG: invoked from wrong thread
Sept. 12, 2026 7:43:02 PM com.jme3.bullet.PhysicsSpace update
WARNUNG: invoked from wrong thread
Sept. 12, 2026 7:43:02 PM com.jme3.bullet.PhysicsSpace update
WARNUNG: invoked from wrong thread
Sept. 12, 2026 7:43:02 PM com.jme3.bullet.PhysicsSpace update
WARNUNG: invoked from wrong thread
Sept. 12, 2026 7:43:02 PM com.jme3.bullet.PhysicsSpace update
WARNUNG: invoked from wrong thread
Sept. 12, 2026 7:43:02 PM com.jme3.bullet.PhysicsSpace update
WARNUNG: invoked from wrong thread
Sept. 12, 2026 7:43:02 PM com.jme3.bullet.PhysicsSpace update
WARNUNG: invoked from wrong thread
Sept. 12, 2026 7:43:02 PM com.jme3.bullet.PhysicsSpace update
WARNUNG: invoked from wrong thread
Sept. 12, 2026 7:43:02 PM com.jme3.bullet.PhysicsSpace update
WARNUNG: invoked from wrong thread
Sept. 12, 2026 7:43:02 PM com.jme3.bullet.PhysicsSpace update
WARNUNG: invoked from wrong thread
Sept. 12, 2026 7:43:02 PM com.jme3.bullet.PhysicsSpace update
WARNUNG: invoked from wrong thread
Sept. 12, 2026 7:43:02 PM com.jme3.bullet.PhysicsSpace update
WARNUNG: invoked from wrong thread
Sept. 12, 2026 7:43:02 PM com.jme3.bullet.PhysicsSpace update
WARNUNG: invoked from wrong thread
Sept. 12, 2026 7:43:02 PM com.jme3.bullet.PhysicsSpace update
WARNUNG: invoked from wrong thread
Sept. 12, 2026 7:43:02 PM com.jme3.bullet.PhysicsSpace update
WARNUNG: invoked from wrong thread
Sept. 12, 2026 7:43:02 PM com.jme3.bullet.PhysicsSpace update
WARNUNG: invoked from wrong thread
Sept. 12, 2026 7:43:02 PM com.jme3.bullet.PhysicsSpace update
WARNUNG: invoked from wrong thread
Sept. 12, 2026 7:43:02 PM com.jme3.bullet.PhysicsSpace update
WARNUNG: invoked from wrong thread
Sept. 12, 2026 7:43:02 PM com.jme3.bullet.PhysicsSpace update
WARNUNG: invoked from wrong thread
Sept. 12, 2026 7:43:02 PM com.jme3.bullet.PhysicsSpace update
WARNUNG: invoked from wrong thread
Sept. 12, 2026 7:43:03 PM com.jme3.bullet.PhysicsSpace update
WARNUNG: invoked from wrong thread
Sept. 12, 2026 7:43:03 PM com.jme3.bullet.PhysicsSpace update
WARNUNG: invoked from wrong thread
Sept. 12, 2026 7:43:03 PM com.jme3.bullet.PhysicsSpace update
WARNUNG: invoked from wrong thread
Sept. 12, 2026 7:43:03 PM com.jme3.bullet.PhysicsSpace update
WARNUNG: invoked from wrong thread
Sept. 12, 2026 7:43:03 PM com.jme3.bullet.PhysicsSpace update
WARNUNG: invoked from wrong thread
Sept. 12, 2026 7:43:03 PM com.jme3.bullet.PhysicsSpace update
WARNUNG: invoked from wrong thread
Sept. 12, 2026 7:43:03 PM com.jme3.bullet.PhysicsSpace update
WARNUNG: invoked from wrong thread
Sept. 12, 2026 7:43:03 PM com.jme3.bullet.PhysicsSpace update
WARNUNG: invoked from wrong thread
Sept. 12, 2026 7:43:03 PM com.jme3.bullet.PhysicsSpace update
WARNUNG: invoked from wrong thread
Sept. 12, 2026 7:43:03 PM com.jme3.bullet.PhysicsSpace update
WARNUNG: invoked from wrong thread
Sept. 12, 2026 7:43:03 PM com.jme3.bullet.PhysicsSpace update
WARNUNG: invoked from wrong thread
Sept. 12, 2026 7:43:03 PM com.jme3.bullet.PhysicsSpace update
WARNUNG: invoked from wrong thread
Sept. 12, 2026 7:43:03 PM com.jme3.bullet.PhysicsSpace update
WARNUNG: invoked from wrong thread
Sept. 12, 2026 7:43:03 PM com.jme3.bullet.PhysicsSpace update
WARNUNG: invoked from wrong thread
Sept. 12, 2026 7:43:03 PM com.jme3.bullet.PhysicsSpace update
WARNUNG: invoked from wrong thread
Sept. 12, 2026 7:43:03 PM com.jme3.bullet.PhysicsSpace update
WARNUNG: invoked from wrong thread
Sept. 12, 2026 7:43:03 PM com.jme3.bullet.PhysicsSpace update
WARNUNG: invoked from wrong thread
Sept. 12, 2026 7:43:03 PM com.jme3.bullet.PhysicsSpace update
WARNUNG: invoked from wrong thread
Sept. 12, 2026 7:43:03 PM com.jme3.bullet.PhysicsSpace update
WARNUNG: invoked from wrong thread
Sept. 12, 2026 7:43:03 PM com.jme3.bullet.PhysicsSpace update
WARNUNG: invoked from wrong thread
Sept. 12, 2026 7:43:03 PM com.jme3.bullet.PhysicsSpace update
WARNUNG: invoked from wrong thread
Sept. 12, 2026 7:43:03 PM com.jme3.bullet.PhysicsSpace update
WARNUNG: invoked from wrong thread
Sept. 12, 2026 7:43:03 PM com.jme3.bullet.PhysicsSpace update
WARNUNG: invoked from wrong thread
Sept. 12, 2026 7:43:03 PM com.jme3.bullet.PhysicsSpace update
WARNUNG: invoked from wrong thread
Sept. 12, 2026 7:43:03 PM com.jme3.bullet.PhysicsSpace update
WARNUNG: invoked from wrong thread
Sept. 12, 2026 7:43:03 PM com.jme3.bullet.PhysicsSpace update
WARNUNG: invoked from wrong thread
Sept. 12, 2026 7:43:03 PM com.jme3.bullet.PhysicsSpace update
WARNUNG: invoked from wrong thread
Sept. 12, 2026 7:43:03 PM com.jme3.bullet.PhysicsSpace update
WARNUNG: invoked from wrong thread
Sept. 12, 2026 7:43:03 PM com.jme3.bullet.PhysicsSpace update
WARNUNG: invoked from wrong thread
Sept. 12, 2026 7:43:03 PM com.jme3.bullet.PhysicsSpace update
WARNUNG: invoked from wrong thread
Sept. 12, 2026 7:43:03 PM com.jme3.bullet.PhysicsSpace update
WARNUNG: invoked from wrong thread
Sept. 12, 2026 7:43:03 PM com.jme3.bullet.PhysicsSpace update
WARNUNG: invoked from wrong thread
Sept. 12, 2026 7:43:03 PM com.jme3.bullet.PhysicsSpace update
WARNUNG: invoked from wrong thread
Sept. 12, 2026 7:43:03 PM com.jme3.bullet.PhysicsSpace update
WARNUNG: invoked from wrong thread
Sept. 12, 2026 7:43:03 PM com.jme3.bullet.PhysicsSpace update
WARNUNG: invoked from wrong thread
Sept. 12, 2026 7:43:03 PM com.jme3.bullet.PhysicsSpace update
WARNUNG: invoked from wrong thread
Sept. 12, 2026 7:43:03 PM com.jme3.bullet.PhysicsSpace update
WARNUNG: invoked from wrong thread
Sept. 12, 2026 7:43:03 PM com.jme3.bullet.PhysicsSpace update
WARNUNG: invoked from wrong thread
Sept. 12, 2026 7:43:03 PM com.jme3.bullet.PhysicsSpace update
WARNUNG: invoked from wrong thread
Sept. 12, 2026 7:43:03 PM com.jme3.bullet.PhysicsSpace update
WARNUNG: invoked from wrong thread
Sept. 12, 2026 7:43:03 PM com.jme3.bullet.PhysicsSpace update
WARNUNG: invoked from wrong thread
Sept. 12, 2026 7:43:03 PM com.jme3.bullet.PhysicsSpace update
WARNUNG: invoked from wrong thread
Sept. 12, 2026 7:43:03 PM com.jme3.bullet.PhysicsSpace update
WARNUNG: invoked from wrong thread
Sept. 12, 2026 7:43:03 PM com.jme3.bullet.PhysicsSpace update
WARNUNG: invoked from wrong thread
Sept. 12, 2026 7:43:03 PM com.jme3.bullet.PhysicsSpace update
WARNUNG: invoked from wrong thread
Sept. 12, 2026 7:43:03 PM com.jme3.bullet.PhysicsSpace update
WARNUNG: invoked from wrong thread
Sept. 12, 2026 7:43:03 PM com.jme3.bullet.PhysicsSpace update
WARNUNG: invoked from wrong thread
Sept. 12, 2026 7:43:03 PM com.jme3.bullet.PhysicsSpace update
WARNUNG: invoked from wrong thread
Sept. 12, 2026 7:43:03 PM com.jme3.bullet.PhysicsSpace update
WARNUNG: invoked from wrong thread
Sept. 12, 2026 7:43:03 PM com.jme3.bullet.PhysicsSpace update
WARNUNG: invoked from wrong thread
Sept. 12, 2026 7:43:03 PM com.jme3.bullet.PhysicsSpace update
WARNUNG: invoked from wrong thread
Sept. 12, 2026 7:43:03 PM com.jme3.bullet.PhysicsSpace update
WARNUNG: invoked from wrong thread
Sept. 12, 2026 7:43:03 PM com.jme3.bullet.PhysicsSpace update
WARNUNG: invoked from wrong thread
Sept. 12, 2026 7:43:03 PM com.jme3.bullet.PhysicsSpace update
WARNUNG: invoked from wrong thread
Sept. 12, 2026 7:43:03 PM com.jme3.bullet.PhysicsSpace update
WARNUNG: invoked from wrong thread
Sept. 12, 2026 7:43:03 PM com.jme3.bullet.PhysicsSpace update
WARNUNG: invoked from wrong thread
Sept. 12, 2026 7:43:03 PM com.jme3.bullet.PhysicsSpace update
WARNUNG: invoked from wrong thread
Sept. 12, 2026 7:43:03 PM com.jme3.bullet.PhysicsSpace update
WARNUNG: invoked from wrong thread
Sept. 12, 2026 7:43:03 PM com.jme3.bullet.PhysicsSpace update
WARNUNG: invoked from wrong thread
Sept. 12, 2026 7:43:03 PM com.jme3.bullet.PhysicsSpace update
WARNUNG: invoked from wrong thread
Sept. 12, 2026 7:43:03 PM com.jme3.bullet.PhysicsSpace update
WARNUNG: invoked from wrong thread
Sept. 12, 2026 7:43:03 PM com.jme3.bullet.PhysicsSpace update
WARNUNG: invoked from wrong thread
Sept. 12, 2026 7:43:04 PM com.jme3.bullet.PhysicsSpace update
WARNUNG: invoked from wrong thread
Sept. 12, 2026 7:43:04 PM com.jme3.bullet.PhysicsSpace update
WARNUNG: invoked from wrong thread
Sept. 12, 2026 7:43:04 PM com.jme3.bullet.PhysicsSpace update
WARNUNG: invoked from wrong thread
Sept. 12, 2026 7:43:04 PM com.jme3.bullet.PhysicsSpace update
WARNUNG: invoked from wrong thread
Sept. 12, 2026 7:43:04 PM com.jme3.bullet.PhysicsSpace update
WARNUNG: invoked from wrong thread
Sept. 12, 2026 7:43:04 PM com.jme3.bullet.PhysicsSpace update
WARNUNG: invoked from wrong thread
Sept. 12, 2026 7:43:04 PM com.jme3.bullet.PhysicsSpace update
WARNUNG: invoked from wrong thread
Sept. 12, 2026 7:43:04 PM com.jme3.bullet.PhysicsSpace update
WARNUNG: invoked from wrong thread
Sept. 12, 2026 7:43:04 PM com.jme3.bullet.PhysicsSpace update
WARNUNG: invoked from wrong thread
Sept. 12, 2026 7:43:04 PM com.jme3.bullet.PhysicsSpace update
WARNUNG: invoked from wrong thread
Sept. 12, 2026 7:43:04 PM com.jme3.bullet.PhysicsSpace update
WARNUNG: invoked from wrong thread
Sept. 12, 2026 7:43:04 PM com.jme3.bullet.PhysicsSpace update
WARNUNG: invoked from wrong thread
Sept. 12, 2026 7:43:04 PM com.jme3.bullet.PhysicsSpace update
WARNUNG: invoked from wrong thread
Sept. 12, 2026 7:43:04 PM com.jme3.bullet.PhysicsSpace update
WARNUNG: invoked from wrong thread
Sept. 12, 2026 7:43:04 PM com.jme3.bullet.PhysicsSpace update
WARNUNG: invoked from wrong thread
Sept. 12, 2026 7:43:04 PM com.jme3.bullet.PhysicsSpace update
WARNUNG: invoked from wrong thread
Sept. 12, 2026 7:43:04 PM com.jme3.bullet.PhysicsSpace update
WARNUNG: invoked from wrong thread
Sept. 12, 2026 7:43:04 PM com.jme3.bullet.PhysicsSpace update
WARNUNG: invoked from wrong thread
Sept. 12, 2026 7:43:04 PM com.jme3.bullet.PhysicsSpace update
WARNUNG: invoked from wrong thread
Sept. 12, 2026 7:43:04 PM com.jme3.bullet.PhysicsSpace update
WARNUNG: invoked from wrong thread
Sept. 12, 2026 7:43:04 PM com.jme3.bullet.PhysicsSpace update
WARNUNG: invoked from wrong thread
Sept. 12, 2026 7:43:04 PM com.jme3.bullet.PhysicsSpace update
WARNUNG: invoked from wrong thread
Sept. 12, 2026 7:43:04 PM com.jme3.bullet.PhysicsSpace update
WARNUNG: invoked from wrong thread
Sept. 12, 2026 7:43:04 PM com.jme3.bullet.PhysicsSpace update
WARNUNG: invoked from wrong thread
Sept. 12, 2026 7:43:04 PM com.jme3.bullet.PhysicsSpace update
WARNUNG: invoked from wrong thread
Sept. 12, 2026 7:43:04 PM com.jme3.bullet.PhysicsSpace update
WARNUNG: invoked from wrong thread
Sept. 12, 2026 7:43:04 PM com.jme3.bullet.PhysicsSpace update
WARNUNG: invoked from wrong thread
Sept. 12, 2026 7:43:04 PM com.jme3.bullet.PhysicsSpace update
WARNUNG: invoked from wrong thread
Sept. 12, 2026 7:43:04 PM com.jme3.bullet.PhysicsSpace update
WARNUNG: invoked from wrong thread
Sept. 12, 2026 7:43:04 PM com.jme3.bullet.PhysicsSpace update
WARNUNG: invoked from wrong thread
Sept. 12, 2026 7:43:04 PM com.jme3.bullet.PhysicsSpace update
WARNUNG: invoked from wrong thread
[SMOKE] stage 2
Sept. 12, 2026 7:43:04 PM com.jme3.bullet.PhysicsSpace update
WARNUNG: invoked from wrong thread
Sept. 12, 2026 7:43:04 PM com.jme3.bullet.PhysicsSpace update
WARNUNG: invoked from wrong thread
Sept. 12, 2026 7:43:04 PM com.jme3.bullet.PhysicsSpace update
WARNUNG: invoked from wrong thread
Sept. 12, 2026 7:43:04 PM com.jme3.bullet.PhysicsSpace update
WARNUNG: invoked from wrong thread
Sept. 12, 2026 7:43:04 PM com.jme3.bullet.PhysicsSpace update
WARNUNG: invoked from wrong thread
Sept. 12, 2026 7:43:04 PM com.jme3.bullet.PhysicsSpace update
WARNUNG: invoked from wrong thread
Sept. 12, 2026 7:43:04 PM com.jme3.bullet.PhysicsSpace update
WARNUNG: invoked from wrong thread
Sept. 12, 2026 7:43:04 PM com.jme3.bullet.PhysicsSpace update
WARNUNG: invoked from wrong thread
Sept. 12, 2026 7:43:04 PM com.jme3.bullet.PhysicsSpace update
WARNUNG: invoked from wrong thread
Sept. 12, 2026 7:43:04 PM com.jme3.bullet.PhysicsSpace update
WARNUNG: invoked from wrong thread
Sept. 12, 2026 7:43:04 PM com.jme3.bullet.PhysicsSpace update
WARNUNG: invoked from wrong thread
Sept. 12, 2026 7:43:04 PM com.jme3.bullet.PhysicsSpace update
WARNUNG: invoked from wrong thread
Sept. 12, 2026 7:43:04 PM com.jme3.bullet.PhysicsSpace update
WARNUNG: invoked from wrong thread
Sept. 12, 2026 7:43:04 PM com.jme3.bullet.PhysicsSpace update
WARNUNG: invoked from wrong thread
Sept. 12, 2026 7:43:04 PM com.jme3.bullet.PhysicsSpace update
WARNUNG: invoked from wrong thread
Sept. 12, 2026 7:43:04 PM com.jme3.bullet.PhysicsSpace update
WARNUNG: invoked from wrong thread
Sept. 12, 2026 7:43:04 PM com.jme3.bullet.PhysicsSpace update
WARNUNG: invoked from wrong thread
Sept. 12, 2026 7:43:04 PM com.jme3.bullet.PhysicsSpace update
WARNUNG: invoked from wrong thread
Sept. 12, 2026 7:43:04 PM com.jme3.bullet.PhysicsSpace update
WARNUNG: invoked from wrong thread
Sept. 12, 2026 7:43:04 PM com.jme3.bullet.PhysicsSpace update
WARNUNG: invoked from wrong thread
Sept. 12, 2026 7:43:05 PM com.jme3.bullet.PhysicsSpace update
WARNUNG: invoked from wrong thread
Sept. 12, 2026 7:43:05 PM com.jme3.bullet.PhysicsSpace update
WARNUNG: invoked from wrong thread
Sept. 12, 2026 7:43:05 PM com.jme3.bullet.PhysicsSpace update
WARNUNG: invoked from wrong thread
Sept. 12, 2026 7:43:05 PM com.jme3.bullet.PhysicsSpace update
WARNUNG: invoked from wrong thread
Sept. 12, 2026 7:43:05 PM com.jme3.bullet.PhysicsSpace update
WARNUNG: invoked from wrong thread
Sept. 12, 2026 7:43:05 PM com.jme3.bullet.PhysicsSpace update
WARNUNG: invoked from wrong thread
Sept. 12, 2026 7:43:05 PM com.jme3.bullet.PhysicsSpace update
WARNUNG: invoked from wrong thread
Sept. 12, 2026 7:43:05 PM com.jme3.bullet.PhysicsSpace update
WARNUNG: invoked from wrong thread
Sept. 12, 2026 7:43:05 PM com.jme3.bullet.PhysicsSpace update
WARNUNG: invoked from wrong thread
Sept. 12, 2026 7:43:05 PM com.jme3.bullet.PhysicsSpace update
WARNUNG: invoked from wrong thread
Sept. 12, 2026 7:43:05 PM com.jme3.bullet.PhysicsSpace update
WARNUNG: invoked from wrong thread
Sept. 12, 2026 7:43:05 PM com.jme3.bullet.PhysicsSpace update
WARNUNG: invoked from wrong thread
Sept. 12, 2026 7:43:05 PM com.jme3.bullet.PhysicsSpace update
WARNUNG: invoked from wrong thread
Sept. 12, 2026 7:43:05 PM com.jme3.bullet.PhysicsSpace update
WARNUNG: invoked from wrong thread
Sept. 12, 2026 7:43:05 PM com.jme3.bullet.PhysicsSpace update
WARNUNG: invoked from wrong thread
Sept. 12, 2026 7:43:05 PM com.jme3.bullet.PhysicsSpace update
WARNUNG: invoked from wrong thread
Sept. 12, 2026 7:43:05 PM com.jme3.bullet.PhysicsSpace update
WARNUNG: invoked from wrong thread
Sept. 12, 2026 7:43:05 PM com.jme3.bullet.PhysicsSpace update
WARNUNG: invoked from wrong thread
Sept. 12, 2026 7:43:05 PM com.jme3.bullet.PhysicsSpace update
WARNUNG: invoked from wrong thread
Sept. 12, 2026 7:43:05 PM com.jme3.bullet.PhysicsSpace update
WARNUNG: invoked from wrong thread
Sept. 12, 2026 7:43:05 PM com.jme3.bullet.PhysicsSpace update
WARNUNG: invoked from wrong thread
Sept. 12, 2026 7:43:05 PM com.jme3.bullet.PhysicsSpace update
WARNUNG: invoked from wrong thread
Sept. 12, 2026 7:43:05 PM com.jme3.bullet.PhysicsSpace update
WARNUNG: invoked from wrong thread
Sept. 12, 2026 7:43:05 PM com.jme3.bullet.PhysicsSpace update
WARNUNG: invoked from wrong thread
Sept. 12, 2026 7:43:05 PM com.jme3.bullet.PhysicsSpace update
WARNUNG: invoked from wrong thread
Sept. 12, 2026 7:43:05 PM com.jme3.bullet.PhysicsSpace update
WARNUNG: invoked from wrong thread
Sept. 12, 2026 7:43:05 PM com.jme3.bullet.PhysicsSpace update
WARNUNG: invoked from wrong thread
Sept. 12, 2026 7:43:05 PM com.jme3.bullet.PhysicsSpace update
WARNUNG: invoked from wrong thread
Sept. 12, 2026 7:43:05 PM com.jme3.bullet.PhysicsSpace update
WARNUNG: invoked from wrong thread
Sept. 12, 2026 7:43:05 PM com.jme3.bullet.PhysicsSpace update
WARNUNG: invoked from wrong thread
Sept. 12, 2026 7:43:05 PM com.jme3.bullet.PhysicsSpace update
WARNUNG: invoked from wrong thread
Sept. 12, 2026 7:43:05 PM com.jme3.bullet.PhysicsSpace update
WARNUNG: invoked from wrong thread
Sept. 12, 2026 7:43:05 PM com.jme3.bullet.PhysicsSpace update
WARNUNG: invoked from wrong thread
Sept. 12, 2026 7:43:05 PM com.jme3.bullet.PhysicsSpace update
WARNUNG: invoked from wrong thread
Sept. 12, 2026 7:43:05 PM com.jme3.bullet.PhysicsSpace update
WARNUNG: invoked from wrong thread
Sept. 12, 2026 7:43:05 PM com.jme3.bullet.PhysicsSpace update
WARNUNG: invoked from wrong thread
Sept. 12, 2026 7:43:05 PM com.jme3.bullet.PhysicsSpace update
WARNUNG: invoked from wrong thread
Sept. 12, 2026 7:43:05 PM com.jme3.bullet.PhysicsSpace update
WARNUNG: invoked from wrong thread
Sept. 12, 2026 7:43:05 PM com.jme3.bullet.PhysicsSpace update
WARNUNG: invoked from wrong thread
Sept. 12, 2026 7:43:05 PM com.jme3.bullet.PhysicsSpace update
WARNUNG: invoked from wrong thread
Sept. 12, 2026 7:43:05 PM com.jme3.bullet.PhysicsSpace update
WARNUNG: invoked from wrong thread
Sept. 12, 2026 7:43:05 PM com.jme3.bullet.PhysicsSpace update
WARNUNG: invoked from wrong thread
Sept. 12, 2026 7:43:05 PM com.jme3.bullet.PhysicsSpace update
WARNUNG: invoked from wrong thread
Sept. 12, 2026 7:43:05 PM com.jme3.bullet.PhysicsSpace update
WARNUNG: invoked from wrong thread
Sept. 12, 2026 7:43:05 PM com.jme3.bullet.PhysicsSpace update
WARNUNG: invoked from wrong thread
Sept. 12, 2026 7:43:05 PM com.jme3.bullet.PhysicsSpace update
WARNUNG: invoked from wrong thread
Sept. 12, 2026 7:43:05 PM com.jme3.bullet.PhysicsSpace update
WARNUNG: invoked from wrong thread
Sept. 12, 2026 7:43:05 PM com.jme3.bullet.PhysicsSpace update
WARNUNG: invoked from wrong thread
Sept. 12, 2026 7:43:05 PM com.jme3.bullet.PhysicsSpace update
WARNUNG: invoked from wrong thread
Sept. 12, 2026 7:43:05 PM com.jme3.bullet.PhysicsSpace update
WARNUNG: invoked from wrong thread
Sept. 12, 2026 7:43:05 PM com.jme3.bullet.PhysicsSpace update
WARNUNG: invoked from wrong thread
Sept. 12, 2026 7:43:05 PM com.jme3.bullet.PhysicsSpace update
WARNUNG: invoked from wrong thread
Sept. 12, 2026 7:43:05 PM com.jme3.bullet.PhysicsSpace update
WARNUNG: invoked from wrong thread
Sept. 12, 2026 7:43:05 PM com.jme3.bullet.PhysicsSpace update
WARNUNG: invoked from wrong thread
Sept. 12, 2026 7:43:05 PM com.jme3.bullet.PhysicsSpace update
WARNUNG: invoked from wrong thread
Sept. 12, 2026 7:43:05 PM com.jme3.bullet.PhysicsSpace update
WARNUNG: invoked from wrong thread
Sept. 12, 2026 7:43:05 PM com.jme3.bullet.PhysicsSpace update
WARNUNG: invoked from wrong thread
Sept. 12, 2026 7:43:05 PM com.jme3.bullet.PhysicsSpace update
WARNUNG: invoked from wrong thread
Sept. 12, 2026 7:43:05 PM com.jme3.bullet.PhysicsSpace update
WARNUNG: invoked from wrong thread
Sept. 12, 2026 7:43:05 PM com.jme3.bullet.PhysicsSpace update
WARNUNG: invoked from wrong thread
Sept. 12, 2026 7:43:06 PM com.jme3.bullet.PhysicsSpace update
WARNUNG: invoked from wrong thread
Sept. 12, 2026 7:43:06 PM com.jme3.bullet.PhysicsSpace update
WARNUNG: invoked from wrong thread
Sept. 12, 2026 7:43:06 PM com.jme3.bullet.PhysicsSpace update
WARNUNG: invoked from wrong thread
Sept. 12, 2026 7:43:06 PM com.jme3.bullet.PhysicsSpace update
WARNUNG: invoked from wrong thread
Sept. 12, 2026 7:43:06 PM com.jme3.bullet.PhysicsSpace update
WARNUNG: invoked from wrong thread
Sept. 12, 2026 7:43:06 PM com.jme3.bullet.PhysicsSpace update
WARNUNG: invoked from wrong thread
Sept. 12, 2026 7:43:06 PM com.jme3.bullet.PhysicsSpace update
WARNUNG: invoked from wrong thread
Sept. 12, 2026 7:43:06 PM com.jme3.bullet.PhysicsSpace update
WARNUNG: invoked from wrong thread
Sept. 12, 2026 7:43:06 PM com.jme3.bullet.PhysicsSpace update
WARNUNG: invoked from wrong thread
Sept. 12, 2026 7:43:06 PM com.jme3.bullet.PhysicsSpace update
WARNUNG: invoked from wrong thread
Sept. 12, 2026 7:43:06 PM com.jme3.bullet.PhysicsSpace update
WARNUNG: invoked from wrong thread
Sept. 12, 2026 7:43:06 PM com.jme3.bullet.PhysicsSpace update
WARNUNG: invoked from wrong thread
Sept. 12, 2026 7:43:06 PM com.jme3.bullet.PhysicsSpace update
WARNUNG: invoked from wrong thread
Sept. 12, 2026 7:43:06 PM com.jme3.bullet.PhysicsSpace update
WARNUNG: invoked from wrong thread
Sept. 12, 2026 7:43:06 PM com.jme3.bullet.PhysicsSpace update
WARNUNG: invoked from wrong thread
Sept. 12, 2026 7:43:06 PM com.jme3.bullet.PhysicsSpace update
WARNUNG: invoked from wrong thread
Sept. 12, 2026 7:43:06 PM com.jme3.bullet.PhysicsSpace update
WARNUNG: invoked from wrong thread
Sept. 12, 2026 7:43:06 PM com.jme3.bullet.PhysicsSpace update
WARNUNG: invoked from wrong thread
Sept. 12, 2026 7:43:06 PM com.jme3.bullet.PhysicsSpace update
WARNUNG: invoked from wrong thread
Sept. 12, 2026 7:43:06 PM com.jme3.bullet.PhysicsSpace update
WARNUNG: invoked from wrong thread
Sept. 12, 2026 7:43:06 PM com.jme3.bullet.PhysicsSpace update
WARNUNG: invoked from wrong thread
Sept. 12, 2026 7:43:06 PM com.jme3.bullet.PhysicsSpace update
WARNUNG: invoked from wrong thread
Sept. 12, 2026 7:43:06 PM com.jme3.bullet.PhysicsSpace update
WARNUNG: invoked from wrong thread
Sept. 12, 2026 7:43:06 PM com.jme3.bullet.PhysicsSpace update
WARNUNG: invoked from wrong thread
Sept. 12, 2026 7:43:06 PM com.jme3.bullet.PhysicsSpace update
WARNUNG: invoked from wrong thread
Sept. 12, 2026 7:43:06 PM com.jme3.bullet.PhysicsSpace update
WARNUNG: invoked from wrong thread
Sept. 12, 2026 7:43:06 PM com.jme3.bullet.PhysicsSpace update
WARNUNG: invoked from wrong thread
Sept. 12, 2026 7:43:06 PM com.jme3.bullet.PhysicsSpace update
WARNUNG: invoked from wrong thread
Sept. 12, 2026 7:43:06 PM com.jme3.bullet.PhysicsSpace update
WARNUNG: invoked from wrong thread
Sept. 12, 2026 7:43:06 PM com.jme3.bullet.PhysicsSpace update
WARNUNG: invoked from wrong thread
Sept. 12, 2026 7:43:06 PM com.jme3.bullet.PhysicsSpace update
WARNUNG: invoked from wrong thread
Sept. 12, 2026 7:43:06 PM com.jme3.bullet.PhysicsSpace update
WARNUNG: invoked from wrong thread
Sept. 12, 2026 7:43:06 PM com.jme3.bullet.PhysicsSpace update
WARNUNG: invoked from wrong thread
Sept. 12, 2026 7:43:06 PM com.jme3.bullet.PhysicsSpace update
WARNUNG: invoked from wrong thread
Sept. 12, 2026 7:43:06 PM com.jme3.bullet.PhysicsSpace update
WARNUNG: invoked from wrong thread
Sept. 12, 2026 7:43:06 PM com.jme3.bullet.PhysicsSpace update
WARNUNG: invoked from wrong thread
Sept. 12, 2026 7:43:06 PM com.jme3.bullet.PhysicsSpace update
WARNUNG: invoked from wrong thread
Sept. 12, 2026 7:43:06 PM com.jme3.bullet.PhysicsSpace update
WARNUNG: invoked from wrong thread
Sept. 12, 2026 7:43:06 PM com.jme3.bullet.PhysicsSpace update
WARNUNG: invoked from wrong thread
Sept. 12, 2026 7:43:06 PM com.jme3.bullet.PhysicsSpace update
WARNUNG: invoked from wrong thread
Sept. 12, 2026 7:43:06 PM com.jme3.bullet.PhysicsSpace update
WARNUNG: invoked from wrong thread
Sept. 12, 2026 7:43:06 PM com.jme3.bullet.PhysicsSpace update
WARNUNG: invoked from wrong thread
Sept. 12, 2026 7:43:06 PM com.jme3.bullet.PhysicsSpace update
WARNUNG: invoked from wrong thread
Sept. 12, 2026 7:43:06 PM com.jme3.bullet.PhysicsSpace update
WARNUNG: invoked from wrong thread
Sept. 12, 2026 7:43:06 PM com.jme3.bullet.PhysicsSpace update
WARNUNG: invoked from wrong thread
Sept. 12, 2026 7:43:06 PM com.jme3.bullet.PhysicsSpace update
WARNUNG: invoked from wrong thread
Sept. 12, 2026 7:43:06 PM com.jme3.bullet.PhysicsSpace update
WARNUNG: invoked from wrong thread
Sept. 12, 2026 7:43:06 PM com.jme3.bullet.PhysicsSpace update
WARNUNG: invoked from wrong thread
Sept. 12, 2026 7:43:06 PM com.jme3.bullet.PhysicsSpace update
WARNUNG: invoked from wrong thread
Sept. 12, 2026 7:43:06 PM com.jme3.bullet.PhysicsSpace update
WARNUNG: invoked from wrong thread
Sept. 12, 2026 7:43:06 PM com.jme3.bullet.PhysicsSpace update
WARNUNG: invoked from wrong thread
Sept. 12, 2026 7:43:06 PM com.jme3.bullet.PhysicsSpace update
WARNUNG: invoked from wrong thread
Sept. 12, 2026 7:43:06 PM com.jme3.bullet.PhysicsSpace update
WARNUNG: invoked from wrong thread
Sept. 12, 2026 7:43:06 PM com.jme3.bullet.PhysicsSpace update
WARNUNG: invoked from wrong thread
Sept. 12, 2026 7:43:06 PM com.jme3.bullet.PhysicsSpace update
WARNUNG: invoked from wrong thread
Sept. 12, 2026 7:43:06 PM com.jme3.bullet.PhysicsSpace update
WARNUNG: invoked from wrong thread
Sept. 12, 2026 7:43:06 PM com.jme3.bullet.PhysicsSpace update
WARNUNG: invoked from wrong thread
Sept. 12, 2026 7:43:06 PM com.jme3.bullet.PhysicsSpace update
WARNUNG: invoked from wrong thread
Sept. 12, 2026 7:43:06 PM com.jme3.bullet.PhysicsSpace update
WARNUNG: invoked from wrong thread
Sept. 12, 2026 7:43:07 PM com.jme3.bullet.PhysicsSpace update
WARNUNG: invoked from wrong thread
Sept. 12, 2026 7:43:07 PM com.jme3.bullet.PhysicsSpace update
WARNUNG: invoked from wrong thread
Sept. 12, 2026 7:43:07 PM com.jme3.bullet.PhysicsSpace update
WARNUNG: invoked from wrong thread
[SMOKE] stage 3
[CHECK] WASD must move the physical character
Sept. 12, 2026 7:43:07 PM com.jme3.bullet.PhysicsSpace update
WARNUNG: invoked from wrong thread
Sept. 12, 2026 7:43:07 PM com.jme3.bullet.PhysicsSpace update
WARNUNG: invoked from wrong thread
Sept. 12, 2026 7:43:07 PM com.jme3.bullet.PhysicsSpace update
WARNUNG: invoked from wrong thread
Sept. 12, 2026 7:43:07 PM com.jme3.bullet.PhysicsSpace update
WARNUNG: invoked from wrong thread
Sept. 12, 2026 7:43:07 PM com.jme3.bullet.PhysicsSpace update
WARNUNG: invoked from wrong thread
Sept. 12, 2026 7:43:07 PM com.jme3.bullet.PhysicsSpace update
WARNUNG: invoked from wrong thread
Sept. 12, 2026 7:43:07 PM com.jme3.bullet.PhysicsSpace update
WARNUNG: invoked from wrong thread
Sept. 12, 2026 7:43:07 PM com.jme3.bullet.PhysicsSpace update
WARNUNG: invoked from wrong thread
Sept. 12, 2026 7:43:07 PM com.jme3.bullet.PhysicsSpace update
WARNUNG: invoked from wrong thread
Sept. 12, 2026 7:43:07 PM com.jme3.bullet.PhysicsSpace update
WARNUNG: invoked from wrong thread
Sept. 12, 2026 7:43:07 PM com.jme3.bullet.PhysicsSpace update
WARNUNG: invoked from wrong thread
Sept. 12, 2026 7:43:07 PM com.jme3.bullet.PhysicsSpace update
WARNUNG: invoked from wrong thread
Sept. 12, 2026 7:43:07 PM com.jme3.bullet.PhysicsSpace update
WARNUNG: invoked from wrong thread
Sept. 12, 2026 7:43:07 PM com.jme3.bullet.PhysicsSpace update
WARNUNG: invoked from wrong thread
Sept. 12, 2026 7:43:07 PM com.jme3.bullet.PhysicsSpace update
WARNUNG: invoked from wrong thread
Sept. 12, 2026 7:43:07 PM com.jme3.bullet.PhysicsSpace update
WARNUNG: invoked from wrong thread
Sept. 12, 2026 7:43:07 PM com.jme3.bullet.PhysicsSpace update
WARNUNG: invoked from wrong thread
Sept. 12, 2026 7:43:07 PM com.jme3.bullet.PhysicsSpace update
WARNUNG: invoked from wrong thread
Sept. 12, 2026 7:43:07 PM com.jme3.bullet.PhysicsSpace update
WARNUNG: invoked from wrong thread
Sept. 12, 2026 7:43:07 PM com.jme3.bullet.PhysicsSpace update
WARNUNG: invoked from wrong thread
Sept. 12, 2026 7:43:07 PM com.jme3.bullet.PhysicsSpace update
WARNUNG: invoked from wrong thread
Sept. 12, 2026 7:43:07 PM com.jme3.bullet.PhysicsSpace update
WARNUNG: invoked from wrong thread
Sept. 12, 2026 7:43:07 PM com.jme3.bullet.PhysicsSpace update
WARNUNG: invoked from wrong thread
Sept. 12, 2026 7:43:07 PM com.jme3.bullet.PhysicsSpace update
WARNUNG: invoked from wrong thread
Sept. 12, 2026 7:43:07 PM com.jme3.bullet.PhysicsSpace update
WARNUNG: invoked from wrong thread
Sept. 12, 2026 7:43:07 PM com.jme3.bullet.PhysicsSpace update
WARNUNG: invoked from wrong thread
Sept. 12, 2026 7:43:07 PM com.jme3.bullet.PhysicsSpace update
WARNUNG: invoked from wrong thread
Sept. 12, 2026 7:43:07 PM com.jme3.bullet.PhysicsSpace update
WARNUNG: invoked from wrong thread
Sept. 12, 2026 7:43:07 PM com.jme3.bullet.PhysicsSpace update
WARNUNG: invoked from wrong thread
Sept. 12, 2026 7:43:07 PM com.jme3.bullet.PhysicsSpace update
WARNUNG: invoked from wrong thread
Sept. 12, 2026 7:43:07 PM com.jme3.bullet.PhysicsSpace update
WARNUNG: invoked from wrong thread
Sept. 12, 2026 7:43:07 PM com.jme3.bullet.PhysicsSpace update
WARNUNG: invoked from wrong thread
Sept. 12, 2026 7:43:07 PM com.jme3.bullet.PhysicsSpace update
WARNUNG: invoked from wrong thread
Sept. 12, 2026 7:43:07 PM com.jme3.bullet.PhysicsSpace update
WARNUNG: invoked from wrong thread
Sept. 12, 2026 7:43:07 PM com.jme3.bullet.PhysicsSpace update
WARNUNG: invoked from wrong thread
Sept. 12, 2026 7:43:07 PM com.jme3.bullet.PhysicsSpace update
WARNUNG: invoked from wrong thread
Sept. 12, 2026 7:43:07 PM com.jme3.bullet.PhysicsSpace update
WARNUNG: invoked from wrong thread
Sept. 12, 2026 7:43:07 PM com.jme3.bullet.PhysicsSpace update
WARNUNG: invoked from wrong thread
Sept. 12, 2026 7:43:07 PM com.jme3.bullet.PhysicsSpace update
WARNUNG: invoked from wrong thread
Sept. 12, 2026 7:43:07 PM com.jme3.bullet.PhysicsSpace update
WARNUNG: invoked from wrong thread
Sept. 12, 2026 7:43:07 PM com.jme3.bullet.PhysicsSpace update
WARNUNG: invoked from wrong thread
Sept. 12, 2026 7:43:07 PM com.jme3.bullet.PhysicsSpace update
WARNUNG: invoked from wrong thread
Sept. 12, 2026 7:43:07 PM com.jme3.bullet.PhysicsSpace update
WARNUNG: invoked from wrong thread
Sept. 12, 2026 7:43:07 PM com.jme3.bullet.PhysicsSpace update
WARNUNG: invoked from wrong thread
Sept. 12, 2026 7:43:07 PM com.jme3.bullet.PhysicsSpace update
WARNUNG: invoked from wrong thread
Sept. 12, 2026 7:43:07 PM com.jme3.bullet.PhysicsSpace update
WARNUNG: invoked from wrong thread
Sept. 12, 2026 7:43:07 PM com.jme3.bullet.PhysicsSpace update
WARNUNG: invoked from wrong thread
Sept. 12, 2026 7:43:07 PM com.jme3.bullet.PhysicsSpace update
WARNUNG: invoked from wrong thread
Sept. 12, 2026 7:43:07 PM com.jme3.bullet.PhysicsSpace update
WARNUNG: invoked from wrong thread
Sept. 12, 2026 7:43:07 PM com.jme3.bullet.PhysicsSpace update
WARNUNG: invoked from wrong thread
Sept. 12, 2026 7:43:07 PM com.jme3.bullet.PhysicsSpace update
WARNUNG: invoked from wrong thread
Sept. 12, 2026 7:43:07 PM com.jme3.bullet.PhysicsSpace update
WARNUNG: invoked from wrong thread
Sept. 12, 2026 7:43:07 PM com.jme3.bullet.PhysicsSpace update
WARNUNG: invoked from wrong thread
Sept. 12, 2026 7:43:07 PM com.jme3.bullet.PhysicsSpace update
WARNUNG: invoked from wrong thread
Sept. 12, 2026 7:43:07 PM com.jme3.bullet.PhysicsSpace update
WARNUNG: invoked from wrong thread
Sept. 12, 2026 7:43:07 PM com.jme3.bullet.PhysicsSpace update
WARNUNG: invoked from wrong thread
Sept. 12, 2026 7:43:07 PM com.jme3.bullet.PhysicsSpace update
WARNUNG: invoked from wrong thread
Sept. 12, 2026 7:43:07 PM com.jme3.bullet.PhysicsSpace update
WARNUNG: invoked from wrong thread
Sept. 12, 2026 7:43:08 PM com.jme3.bullet.PhysicsSpace update
WARNUNG: invoked from wrong thread
Sept. 12, 2026 7:43:08 PM com.jme3.bullet.PhysicsSpace update
WARNUNG: invoked from wrong thread
Sept. 12, 2026 7:43:08 PM com.jme3.bullet.PhysicsSpace update
WARNUNG: invoked from wrong thread
Sept. 12, 2026 7:43:08 PM com.jme3.bullet.PhysicsSpace update
WARNUNG: invoked from wrong thread
Sept. 12, 2026 7:43:08 PM com.jme3.bullet.PhysicsSpace update
WARNUNG: invoked from wrong thread
Sept. 12, 2026 7:43:08 PM com.jme3.bullet.PhysicsSpace update
WARNUNG: invoked from wrong thread
Sept. 12, 2026 7:43:08 PM com.jme3.bullet.PhysicsSpace update
WARNUNG: invoked from wrong thread
Sept. 12, 2026 7:43:08 PM com.jme3.bullet.PhysicsSpace update
WARNUNG: invoked from wrong thread
Sept. 12, 2026 7:43:08 PM com.jme3.bullet.PhysicsSpace update
WARNUNG: invoked from wrong thread
Sept. 12, 2026 7:43:08 PM com.jme3.bullet.PhysicsSpace update
WARNUNG: invoked from wrong thread
Sept. 12, 2026 7:43:08 PM com.jme3.bullet.PhysicsSpace update
WARNUNG: invoked from wrong thread
Sept. 12, 2026 7:43:08 PM com.jme3.bullet.PhysicsSpace update
WARNUNG: invoked from wrong thread
Sept. 12, 2026 7:43:08 PM com.jme3.bullet.PhysicsSpace update
WARNUNG: invoked from wrong thread
Sept. 12, 2026 7:43:08 PM com.jme3.bullet.PhysicsSpace update
WARNUNG: invoked from wrong thread
Sept. 12, 2026 7:43:08 PM com.jme3.bullet.PhysicsSpace update
WARNUNG: invoked from wrong thread
Sept. 12, 2026 7:43:08 PM com.jme3.bullet.PhysicsSpace update
WARNUNG: invoked from wrong thread
Sept. 12, 2026 7:43:08 PM com.jme3.bullet.PhysicsSpace update
WARNUNG: invoked from wrong thread
Sept. 12, 2026 7:43:08 PM com.jme3.bullet.PhysicsSpace update
WARNUNG: invoked from wrong thread
Sept. 12, 2026 7:43:08 PM com.jme3.bullet.PhysicsSpace update
WARNUNG: invoked from wrong thread
Sept. 12, 2026 7:43:08 PM com.jme3.bullet.PhysicsSpace update
WARNUNG: invoked from wrong thread
Sept. 12, 2026 7:43:08 PM com.jme3.bullet.PhysicsSpace update
WARNUNG: invoked from wrong thread
Sept. 12, 2026 7:43:08 PM com.jme3.bullet.PhysicsSpace update
WARNUNG: invoked from wrong thread
Sept. 12, 2026 7:43:08 PM com.jme3.bullet.PhysicsSpace update
WARNUNG: invoked from wrong thread
Sept. 12, 2026 7:43:08 PM com.jme3.bullet.PhysicsSpace update
WARNUNG: invoked from wrong thread
Sept. 12, 2026 7:43:08 PM com.jme3.bullet.PhysicsSpace update
WARNUNG: invoked from wrong thread
Sept. 12, 2026 7:43:08 PM com.jme3.bullet.PhysicsSpace update
WARNUNG: invoked from wrong thread
Sept. 12, 2026 7:43:08 PM com.jme3.bullet.PhysicsSpace update
WARNUNG: invoked from wrong thread
Sept. 12, 2026 7:43:08 PM com.jme3.bullet.PhysicsSpace update
WARNUNG: invoked from wrong thread
Sept. 12, 2026 7:43:08 PM com.jme3.bullet.PhysicsSpace update
WARNUNG: invoked from wrong thread
Sept. 12, 2026 7:43:08 PM com.jme3.bullet.PhysicsSpace update
WARNUNG: invoked from wrong thread
Sept. 12, 2026 7:43:08 PM com.jme3.bullet.PhysicsSpace update
WARNUNG: invoked from wrong thread
Sept. 12, 2026 7:43:08 PM com.jme3.bullet.PhysicsSpace update
WARNUNG: invoked from wrong thread
Sept. 12, 2026 7:43:08 PM com.jme3.bullet.PhysicsSpace update
WARNUNG: invoked from wrong thread
Sept. 12, 2026 7:43:08 PM com.jme3.bullet.PhysicsSpace update
WARNUNG: invoked from wrong thread
Sept. 12, 2026 7:43:08 PM com.jme3.bullet.PhysicsSpace update
WARNUNG: invoked from wrong thread
Sept. 12, 2026 7:43:08 PM com.jme3.bullet.PhysicsSpace update
WARNUNG: invoked from wrong thread
Sept. 12, 2026 7:43:08 PM com.jme3.bullet.PhysicsSpace update
WARNUNG: invoked from wrong thread
Sept. 12, 2026 7:43:08 PM com.jme3.bullet.PhysicsSpace update
WARNUNG: invoked from wrong thread
Sept. 12, 2026 7:43:08 PM com.jme3.bullet.PhysicsSpace update
WARNUNG: invoked from wrong thread
Sept. 12, 2026 7:43:08 PM com.jme3.bullet.PhysicsSpace update
WARNUNG: invoked from wrong thread
Sept. 12, 2026 7:43:08 PM com.jme3.bullet.PhysicsSpace update
WARNUNG: invoked from wrong thread
Sept. 12, 2026 7:43:08 PM com.jme3.bullet.PhysicsSpace update
WARNUNG: invoked from wrong thread
Sept. 12, 2026 7:43:08 PM com.jme3.bullet.PhysicsSpace update
WARNUNG: invoked from wrong thread
Sept. 12, 2026 7:43:08 PM com.jme3.bullet.PhysicsSpace update
WARNUNG: invoked from wrong thread
Sept. 12, 2026 7:43:08 PM com.jme3.bullet.PhysicsSpace update
WARNUNG: invoked from wrong thread
Sept. 12, 2026 7:43:08 PM com.jme3.bullet.PhysicsSpace update
WARNUNG: invoked from wrong thread
Sept. 12, 2026 7:43:08 PM com.jme3.bullet.PhysicsSpace update
WARNUNG: invoked from wrong thread
Sept. 12, 2026 7:43:08 PM com.jme3.bullet.PhysicsSpace update
WARNUNG: invoked from wrong thread
Sept. 12, 2026 7:43:08 PM com.jme3.bullet.PhysicsSpace update
WARNUNG: invoked from wrong thread
Sept. 12, 2026 7:43:08 PM com.jme3.bullet.PhysicsSpace update
WARNUNG: invoked from wrong thread
Sept. 12, 2026 7:43:08 PM com.jme3.bullet.PhysicsSpace update
WARNUNG: invoked from wrong thread
Sept. 12, 2026 7:43:08 PM com.jme3.bullet.PhysicsSpace update
WARNUNG: invoked from wrong thread
Sept. 12, 2026 7:43:08 PM com.jme3.bullet.PhysicsSpace update
WARNUNG: invoked from wrong thread
Sept. 12, 2026 7:43:08 PM com.jme3.bullet.PhysicsSpace update
WARNUNG: invoked from wrong thread
Sept. 12, 2026 7:43:08 PM com.jme3.bullet.PhysicsSpace update
WARNUNG: invoked from wrong thread
Sept. 12, 2026 7:43:08 PM com.jme3.bullet.PhysicsSpace update
WARNUNG: invoked from wrong thread
Sept. 12, 2026 7:43:08 PM com.jme3.bullet.PhysicsSpace update
WARNUNG: invoked from wrong thread
Sept. 12, 2026 7:43:08 PM com.jme3.bullet.PhysicsSpace update
WARNUNG: invoked from wrong thread
Sept. 12, 2026 7:43:08 PM com.jme3.bullet.PhysicsSpace update
WARNUNG: invoked from wrong thread
Sept. 12, 2026 7:43:08 PM com.jme3.bullet.PhysicsSpace update
WARNUNG: invoked from wrong thread
Sept. 12, 2026 7:43:09 PM com.jme3.bullet.PhysicsSpace update
WARNUNG: invoked from wrong thread
Sept. 12, 2026 7:43:09 PM com.jme3.bullet.PhysicsSpace update
WARNUNG: invoked from wrong thread
Sept. 12, 2026 7:43:09 PM com.jme3.bullet.PhysicsSpace update
WARNUNG: invoked from wrong thread
Sept. 12, 2026 7:43:09 PM com.jme3.bullet.PhysicsSpace update
WARNUNG: invoked from wrong thread
Sept. 12, 2026 7:43:09 PM com.jme3.bullet.PhysicsSpace update
WARNUNG: invoked from wrong thread
Sept. 12, 2026 7:43:09 PM com.jme3.bullet.PhysicsSpace update
WARNUNG: invoked from wrong thread
Sept. 12, 2026 7:43:09 PM com.jme3.bullet.PhysicsSpace update
WARNUNG: invoked from wrong thread
Sept. 12, 2026 7:43:09 PM com.jme3.bullet.PhysicsSpace update
WARNUNG: invoked from wrong thread
Sept. 12, 2026 7:43:09 PM com.jme3.bullet.PhysicsSpace update
WARNUNG: invoked from wrong thread
Sept. 12, 2026 7:43:09 PM com.jme3.bullet.PhysicsSpace update
WARNUNG: invoked from wrong thread
Sept. 12, 2026 7:43:09 PM com.jme3.bullet.PhysicsSpace update
WARNUNG: invoked from wrong thread
Sept. 12, 2026 7:43:09 PM com.jme3.bullet.PhysicsSpace update
WARNUNG: invoked from wrong thread
Sept. 12, 2026 7:43:09 PM com.jme3.bullet.PhysicsSpace update
WARNUNG: invoked from wrong thread
Sept. 12, 2026 7:43:09 PM com.jme3.bullet.PhysicsSpace update
WARNUNG: invoked from wrong thread
Sept. 12, 2026 7:43:09 PM com.jme3.bullet.PhysicsSpace update
WARNUNG: invoked from wrong thread
Sept. 12, 2026 7:43:09 PM com.jme3.bullet.PhysicsSpace update
WARNUNG: invoked from wrong thread
Sept. 12, 2026 7:43:09 PM com.jme3.bullet.PhysicsSpace update
WARNUNG: invoked from wrong thread
Sept. 12, 2026 7:43:09 PM com.jme3.bullet.PhysicsSpace update
WARNUNG: invoked from wrong thread
Sept. 12, 2026 7:43:09 PM com.jme3.bullet.PhysicsSpace update
WARNUNG: invoked from wrong thread
Sept. 12, 2026 7:43:09 PM com.jme3.bullet.PhysicsSpace update
WARNUNG: invoked from wrong thread
Sept. 12, 2026 7:43:09 PM com.jme3.bullet.PhysicsSpace update
WARNUNG: invoked from wrong thread
Sept. 12, 2026 7:43:09 PM com.jme3.bullet.PhysicsSpace update
WARNUNG: invoked from wrong thread
Sept. 12, 2026 7:43:09 PM com.jme3.bullet.PhysicsSpace update
WARNUNG: invoked from wrong thread
Sept. 12, 2026 7:43:09 PM com.jme3.bullet.PhysicsSpace update
WARNUNG: invoked from wrong thread
Sept. 12, 2026 7:43:09 PM com.jme3.bullet.PhysicsSpace update
WARNUNG: invoked from wrong thread
Sept. 12, 2026 7:43:09 PM com.jme3.bullet.PhysicsSpace update
WARNUNG: invoked from wrong thread
Sept. 12, 2026 7:43:09 PM com.jme3.bullet.PhysicsSpace update
WARNUNG: invoked from wrong thread
Sept. 12, 2026 7:43:09 PM com.jme3.bullet.PhysicsSpace update
WARNUNG: invoked from wrong thread
Sept. 12, 2026 7:43:09 PM com.jme3.bullet.PhysicsSpace update
WARNUNG: invoked from wrong thread
Sept. 12, 2026 7:43:09 PM com.jme3.bullet.PhysicsSpace update
WARNUNG: invoked from wrong thread
Sept. 12, 2026 7:43:09 PM com.jme3.bullet.PhysicsSpace update
WARNUNG: invoked from wrong thread
Sept. 12, 2026 7:43:09 PM com.jme3.bullet.PhysicsSpace update
WARNUNG: invoked from wrong thread
[SMOKE] stage 4
[SMOKE] stage 5
[SMOKE] stage 6
Sept. 12, 2026 7:43:14 PM com.jme3.scene.plugins.gltf.GltfLoader readAnimation
WARNUNG: JME only supports linear interpolation for animations
Sept. 12, 2026 7:43:14 PM com.jme3.scene.plugins.gltf.GltfLoader readAnimation
WARNUNG: JME only supports linear interpolation for animations
Sept. 12, 2026 7:43:14 PM com.jme3.scene.plugins.gltf.GltfLoader readAnimation
WARNUNG: JME only supports linear interpolation for animations
Sept. 12, 2026 7:43:14 PM com.jme3.scene.plugins.gltf.GltfLoader readAnimation
WARNUNG: JME only supports linear interpolation for animations
Sept. 12, 2026 7:43:14 PM com.jme3.scene.plugins.gltf.GltfLoader readAnimation
WARNUNG: JME only supports linear interpolation for animations
Sept. 12, 2026 7:43:14 PM com.jme3.scene.plugins.gltf.GltfLoader readAnimation
WARNUNG: JME only supports linear interpolation for animations
Sept. 12, 2026 7:43:14 PM com.jme3.scene.plugins.gltf.GltfLoader readAnimation
WARNUNG: JME only supports linear interpolation for animations
Sept. 12, 2026 7:43:14 PM com.jme3.scene.plugins.gltf.GltfLoader readAnimation
WARNUNG: JME only supports linear interpolation for animations
Sept. 12, 2026 7:43:14 PM com.jme3.scene.plugins.gltf.GltfLoader readAnimation
WARNUNG: JME only supports linear interpolation for animations
Sept. 12, 2026 7:43:14 PM com.jme3.scene.plugins.gltf.GltfLoader readAnimation
WARNUNG: JME only supports linear interpolation for animations
Sept. 12, 2026 7:43:14 PM com.jme3.scene.plugins.gltf.GltfLoader readAnimation
WARNUNG: JME only supports linear interpolation for animations
Sept. 12, 2026 7:43:14 PM com.jme3.scene.plugins.gltf.GltfLoader readAnimation
WARNUNG: JME only supports linear interpolation for animations
Sept. 12, 2026 7:43:14 PM com.jme3.scene.plugins.gltf.GltfLoader readAnimation
WARNUNG: JME only supports linear interpolation for animations
Sept. 12, 2026 7:43:14 PM com.jme3.scene.plugins.gltf.GltfLoader readAnimation
WARNUNG: JME only supports linear interpolation for animations
Sept. 12, 2026 7:43:14 PM com.jme3.scene.plugins.gltf.GltfLoader readAnimation
WARNUNG: JME only supports linear interpolation for animations
Sept. 12, 2026 7:43:14 PM com.jme3.scene.plugins.gltf.GltfLoader readAnimation
WARNUNG: JME only supports linear interpolation for animations
Sept. 12, 2026 7:43:14 PM com.jme3.scene.plugins.gltf.GltfLoader readAnimation
WARNUNG: JME only supports linear interpolation for animations
Sept. 12, 2026 7:43:14 PM com.jme3.scene.plugins.gltf.GltfLoader readAnimation
WARNUNG: JME only supports linear interpolation for animations
Sept. 12, 2026 7:43:14 PM com.jme3.scene.plugins.gltf.GltfLoader readAnimation
WARNUNG: JME only supports linear interpolation for animations
Sept. 12, 2026 7:43:14 PM com.jme3.scene.plugins.gltf.GltfLoader readAnimation
WARNUNG: JME only supports linear interpolation for animations
Sept. 12, 2026 7:43:14 PM com.jme3.scene.plugins.gltf.GltfLoader readAnimation
WARNUNG: JME only supports linear interpolation for animations
Sept. 12, 2026 7:43:14 PM com.jme3.scene.plugins.gltf.GltfLoader readAnimation
WARNUNG: JME only supports linear interpolation for animations
Sept. 12, 2026 7:43:14 PM com.jme3.scene.plugins.gltf.GltfLoader readAnimation
WARNUNG: JME only supports linear interpolation for animations
Sept. 12, 2026 7:43:14 PM com.jme3.scene.plugins.gltf.GltfLoader readAnimation
WARNUNG: JME only supports linear interpolation for animations
Sept. 12, 2026 7:43:14 PM com.jme3.scene.plugins.gltf.GltfLoader readAnimation
WARNUNG: JME only supports linear interpolation for animations
Sept. 12, 2026 7:43:14 PM com.jme3.scene.plugins.gltf.GltfLoader readAnimation
WARNUNG: JME only supports linear interpolation for animations
Sept. 12, 2026 7:43:14 PM com.jme3.scene.plugins.gltf.GltfLoader readAnimation
WARNUNG: JME only supports linear interpolation for animations
Sept. 12, 2026 7:43:14 PM com.jme3.scene.plugins.gltf.GltfLoader readAnimation
WARNUNG: JME only supports linear interpolation for animations
Sept. 12, 2026 7:43:14 PM com.jme3.scene.plugins.gltf.GltfLoader readAnimation
WARNUNG: JME only supports linear interpolation for animations
Sept. 12, 2026 7:43:14 PM com.jme3.scene.plugins.gltf.GltfLoader readAnimation
WARNUNG: JME only supports linear interpolation for animations
Sept. 12, 2026 7:43:14 PM com.jme3.scene.plugins.gltf.GltfLoader readAnimation
WARNUNG: JME only supports linear interpolation for animations
Sept. 12, 2026 7:43:14 PM com.jme3.scene.plugins.gltf.GltfLoader readAnimation
WARNUNG: JME only supports linear interpolation for animations
Sept. 12, 2026 7:43:14 PM com.jme3.scene.plugins.gltf.GltfLoader readAnimation
WARNUNG: JME only supports linear interpolation for animations
Sept. 12, 2026 7:43:14 PM com.jme3.scene.plugins.gltf.GltfLoader readAnimation
WARNUNG: JME only supports linear interpolation for animations
Sept. 12, 2026 7:43:14 PM com.jme3.scene.plugins.gltf.GltfLoader readAnimation
WARNUNG: JME only supports linear interpolation for animations
Sept. 12, 2026 7:43:14 PM com.jme3.scene.plugins.gltf.GltfLoader readAnimation
WARNUNG: JME only supports linear interpolation for animations
Sept. 12, 2026 7:43:14 PM com.jme3.scene.plugins.gltf.GltfLoader readAnimation
WARNUNG: JME only supports linear interpolation for animations
Sept. 12, 2026 7:43:14 PM com.jme3.scene.plugins.gltf.GltfLoader readAnimation
WARNUNG: JME only supports linear interpolation for animations
Sept. 12, 2026 7:43:14 PM com.jme3.scene.plugins.gltf.GltfLoader readAnimation
WARNUNG: JME only supports linear interpolation for animations
Sept. 12, 2026 7:43:14 PM com.jme3.scene.plugins.gltf.GltfLoader readAnimation
WARNUNG: JME only supports linear interpolation for animations
Sept. 12, 2026 7:43:14 PM com.jme3.scene.plugins.gltf.GltfLoader readAnimation
WARNUNG: JME only supports linear interpolation for animations
Sept. 12, 2026 7:43:14 PM com.jme3.scene.plugins.gltf.GltfLoader readAnimation
WARNUNG: JME only supports linear interpolation for animations
Sept. 12, 2026 7:43:14 PM com.jme3.scene.plugins.gltf.GltfLoader readAnimation
WARNUNG: JME only supports linear interpolation for animations
Sept. 12, 2026 7:43:14 PM com.jme3.scene.plugins.gltf.GltfLoader readAnimation
WARNUNG: JME only supports linear interpolation for animations
Sept. 12, 2026 7:43:14 PM com.jme3.scene.plugins.gltf.GltfLoader readAnimation
WARNUNG: JME only supports linear interpolation for animations
Sept. 12, 2026 7:43:14 PM com.jme3.scene.plugins.gltf.GltfLoader readAnimation
WARNUNG: JME only supports linear interpolation for animations
Sept. 12, 2026 7:43:14 PM com.jme3.scene.plugins.gltf.GltfLoader readAnimation
WARNUNG: JME only supports linear interpolation for animations
Sept. 12, 2026 7:43:14 PM com.jme3.scene.plugins.gltf.GltfLoader readAnimation
WARNUNG: JME only supports linear interpolation for animations
Sept. 12, 2026 7:43:14 PM com.jme3.scene.plugins.gltf.GltfLoader readAnimation
WARNUNG: JME only supports linear interpolation for animations
Sept. 12, 2026 7:43:14 PM com.jme3.scene.plugins.gltf.GltfLoader readAnimation
WARNUNG: JME only supports linear interpolation for animations
Sept. 12, 2026 7:43:14 PM com.jme3.scene.plugins.gltf.GltfLoader readAnimation
WARNUNG: JME only supports linear interpolation for animations
Sept. 12, 2026 7:43:14 PM com.jme3.scene.plugins.gltf.GltfLoader readAnimation
WARNUNG: JME only supports linear interpolation for animations
Sept. 12, 2026 7:43:14 PM com.jme3.scene.plugins.gltf.GltfLoader readAnimation
WARNUNG: JME only supports linear interpolation for animations
Sept. 12, 2026 7:43:14 PM com.jme3.scene.plugins.gltf.GltfLoader readAnimation
WARNUNG: JME only supports linear interpolation for animations
Sept. 12, 2026 7:43:14 PM com.jme3.scene.plugins.gltf.GltfLoader readAnimation
WARNUNG: JME only supports linear interpolation for animations
Sept. 12, 2026 7:43:14 PM com.jme3.scene.plugins.gltf.GltfLoader readAnimation
WARNUNG: JME only supports linear interpolation for animations
Sept. 12, 2026 7:43:14 PM com.jme3.scene.plugins.gltf.GltfLoader readAnimation
WARNUNG: JME only supports linear interpolation for animations
Sept. 12, 2026 7:43:14 PM com.jme3.scene.plugins.gltf.GltfLoader readAnimation
WARNUNG: JME only supports linear interpolation for animations
Sept. 12, 2026 7:43:14 PM com.jme3.scene.plugins.gltf.GltfLoader readAnimation
WARNUNG: JME only supports linear interpolation for animations
Sept. 12, 2026 7:43:14 PM com.jme3.scene.plugins.gltf.GltfLoader readAnimation
WARNUNG: JME only supports linear interpolation for animations
Sept. 12, 2026 7:43:14 PM com.jme3.scene.plugins.gltf.GltfLoader readAnimation
WARNUNG: JME only supports linear interpolation for animations
Sept. 12, 2026 7:43:14 PM com.jme3.scene.plugins.gltf.GltfLoader readAnimation
WARNUNG: JME only supports linear interpolation for animations
Sept. 12, 2026 7:43:14 PM com.jme3.scene.plugins.gltf.GltfLoader readAnimation
WARNUNG: JME only supports linear interpolation for animations
Sept. 12, 2026 7:43:14 PM com.jme3.scene.plugins.gltf.GltfLoader readAnimation
WARNUNG: JME only supports linear interpolation for animations
Sept. 12, 2026 7:43:14 PM com.jme3.scene.plugins.gltf.GltfLoader readAnimation
WARNUNG: JME only supports linear interpolation for animations
Sept. 12, 2026 7:43:14 PM com.jme3.scene.plugins.gltf.GltfLoader readAnimation
WARNUNG: JME only supports linear interpolation for animations
Sept. 12, 2026 7:43:14 PM com.jme3.scene.plugins.gltf.GltfLoader readAnimation
WARNUNG: JME only supports linear interpolation for animations
Sept. 12, 2026 7:43:14 PM com.jme3.scene.plugins.gltf.GltfLoader readAnimation
WARNUNG: JME only supports linear interpolation for animations
Sept. 12, 2026 7:43:14 PM com.jme3.scene.plugins.gltf.GltfLoader readAnimation
WARNUNG: JME only supports linear interpolation for animations
Sept. 12, 2026 7:43:14 PM com.jme3.scene.plugins.gltf.GltfLoader readAnimation
WARNUNG: JME only supports linear interpolation for animations
Sept. 12, 2026 7:43:14 PM com.jme3.scene.plugins.gltf.GltfLoader readAnimation
WARNUNG: JME only supports linear interpolation for animations
Sept. 12, 2026 7:43:14 PM com.jme3.scene.plugins.gltf.GltfLoader readAnimation
WARNUNG: JME only supports linear interpolation for animations
Sept. 12, 2026 7:43:14 PM com.jme3.scene.plugins.gltf.GltfLoader readAnimation
WARNUNG: JME only supports linear interpolation for animations
Sept. 12, 2026 7:43:14 PM com.jme3.scene.plugins.gltf.GltfLoader readAnimation
WARNUNG: JME only supports linear interpolation for animations
Sept. 12, 2026 7:43:14 PM com.jme3.scene.plugins.gltf.GltfLoader readAnimation
WARNUNG: JME only supports linear interpolation for animations
Sept. 12, 2026 7:43:14 PM com.jme3.scene.plugins.gltf.GltfLoader readAnimation
WARNUNG: JME only supports linear interpolation for animations
Sept. 12, 2026 7:43:14 PM com.jme3.scene.plugins.gltf.GltfLoader readAnimation
WARNUNG: JME only supports linear interpolation for animations
Sept. 12, 2026 7:43:14 PM com.jme3.scene.plugins.gltf.GltfLoader readAnimation
WARNUNG: JME only supports linear interpolation for animations
Sept. 12, 2026 7:43:14 PM com.jme3.scene.plugins.gltf.GltfLoader readAnimation
WARNUNG: JME only supports linear interpolation for animations
Sept. 12, 2026 7:43:14 PM com.jme3.scene.plugins.gltf.GltfLoader readAnimation
WARNUNG: JME only supports linear interpolation for animations
Sept. 12, 2026 7:43:14 PM com.jme3.scene.plugins.gltf.GltfLoader readAnimation
WARNUNG: JME only supports linear interpolation for animations
Sept. 12, 2026 7:43:14 PM com.jme3.scene.plugins.gltf.GltfLoader readAnimation
WARNUNG: JME only supports linear interpolation for animations
Sept. 12, 2026 7:43:14 PM com.jme3.scene.plugins.gltf.GltfLoader readAnimation
WARNUNG: JME only supports linear interpolation for animations
Sept. 12, 2026 7:43:14 PM com.jme3.scene.plugins.gltf.GltfLoader readAnimation
WARNUNG: JME only supports linear interpolation for animations
Sept. 12, 2026 7:43:14 PM com.jme3.scene.plugins.gltf.GltfLoader readAnimation
WARNUNG: JME only supports linear interpolation for animations
Sept. 12, 2026 7:43:14 PM com.jme3.scene.plugins.gltf.GltfLoader readAnimation
WARNUNG: JME only supports linear interpolation for animations
Sept. 12, 2026 7:43:14 PM com.jme3.scene.plugins.gltf.GltfLoader readAnimation
WARNUNG: JME only supports linear interpolation for animations
Sept. 12, 2026 7:43:14 PM com.jme3.scene.plugins.gltf.GltfLoader readAnimation
WARNUNG: JME only supports linear interpolation for animations
Sept. 12, 2026 7:43:14 PM com.jme3.scene.plugins.gltf.GltfLoader readAnimation
WARNUNG: JME only supports linear interpolation for animations
Sept. 12, 2026 7:43:14 PM com.jme3.scene.plugins.gltf.GltfLoader readAnimation
WARNUNG: JME only supports linear interpolation for animations
Sept. 12, 2026 7:43:14 PM com.jme3.scene.plugins.gltf.GltfLoader readAnimation
WARNUNG: JME only supports linear interpolation for animations
Sept. 12, 2026 7:43:14 PM com.jme3.scene.plugins.gltf.GltfLoader readAnimation
WARNUNG: JME only supports linear interpolation for animations
Sept. 12, 2026 7:43:14 PM com.jme3.scene.plugins.gltf.GltfLoader readAnimation
WARNUNG: JME only supports linear interpolation for animations
Sept. 12, 2026 7:43:14 PM com.jme3.scene.plugins.gltf.GltfLoader readAnimation
WARNUNG: JME only supports linear interpolation for animations
Sept. 12, 2026 7:43:14 PM com.jme3.scene.plugins.gltf.GltfLoader readAnimation
WARNUNG: JME only supports linear interpolation for animations
Sept. 12, 2026 7:43:14 PM com.jme3.scene.plugins.gltf.GltfLoader readAnimation
WARNUNG: JME only supports linear interpolation for animations
Sept. 12, 2026 7:43:14 PM com.jme3.scene.plugins.gltf.GltfLoader readAnimation
WARNUNG: JME only supports linear interpolation for animations
Sept. 12, 2026 7:43:14 PM com.jme3.scene.plugins.gltf.GltfLoader readAnimation
WARNUNG: JME only supports linear interpolation for animations
Sept. 12, 2026 7:43:14 PM com.jme3.scene.plugins.gltf.GltfLoader readAnimation
WARNUNG: JME only supports linear interpolation for animations
Sept. 12, 2026 7:43:14 PM com.jme3.scene.plugins.gltf.GltfLoader readAnimation
WARNUNG: JME only supports linear interpolation for animations
Sept. 12, 2026 7:43:14 PM com.jme3.scene.plugins.gltf.GltfLoader readAnimation
WARNUNG: JME only supports linear interpolation for animations
Sept. 12, 2026 7:43:14 PM com.jme3.scene.plugins.gltf.GltfLoader readAnimation
WARNUNG: JME only supports linear interpolation for animations
Sept. 12, 2026 7:43:14 PM com.jme3.scene.plugins.gltf.GltfLoader readAnimation
WARNUNG: JME only supports linear interpolation for animations
Sept. 12, 2026 7:43:14 PM com.jme3.scene.plugins.gltf.GltfLoader readAnimation
WARNUNG: JME only supports linear interpolation for animations
Sept. 12, 2026 7:43:14 PM com.jme3.scene.plugins.gltf.GltfLoader readAnimation
WARNUNG: JME only supports linear interpolation for animations
Sept. 12, 2026 7:43:14 PM com.jme3.scene.plugins.gltf.GltfLoader readAnimation
WARNUNG: JME only supports linear interpolation for animations
Sept. 12, 2026 7:43:14 PM com.jme3.scene.plugins.gltf.GltfLoader readAnimation
WARNUNG: JME only supports linear interpolation for animations
Sept. 12, 2026 7:43:14 PM com.jme3.scene.plugins.gltf.GltfLoader readAnimation
WARNUNG: JME only supports linear interpolation for animations
Sept. 12, 2026 7:43:14 PM com.jme3.scene.plugins.gltf.GltfLoader readAnimation
WARNUNG: JME only supports linear interpolation for animations
Sept. 12, 2026 7:43:14 PM com.jme3.scene.plugins.gltf.GltfLoader readAnimation
WARNUNG: JME only supports linear interpolation for animations
Sept. 12, 2026 7:43:14 PM com.jme3.scene.plugins.gltf.GltfLoader readAnimation
WARNUNG: JME only supports linear interpolation for animations
Sept. 12, 2026 7:43:14 PM com.jme3.scene.plugins.gltf.GltfLoader readAnimation
WARNUNG: JME only supports linear interpolation for animations
Sept. 12, 2026 7:43:14 PM com.jme3.scene.plugins.gltf.GltfLoader readAnimation
WARNUNG: JME only supports linear interpolation for animations
Sept. 12, 2026 7:43:14 PM com.jme3.scene.plugins.gltf.GltfLoader readAnimation
WARNUNG: JME only supports linear interpolation for animations
Sept. 12, 2026 7:43:14 PM com.jme3.scene.plugins.gltf.GltfLoader readAnimation
WARNUNG: JME only supports linear interpolation for animations
Sept. 12, 2026 7:43:14 PM com.jme3.scene.plugins.gltf.GltfLoader readAnimation
WARNUNG: JME only supports linear interpolation for animations
Sept. 12, 2026 7:43:14 PM com.jme3.scene.plugins.gltf.GltfLoader readAnimation
WARNUNG: JME only supports linear interpolation for animations
Sept. 12, 2026 7:43:14 PM com.jme3.scene.plugins.gltf.GltfLoader readAnimation
WARNUNG: JME only supports linear interpolation for animations
Sept. 12, 2026 7:43:14 PM com.jme3.scene.plugins.gltf.GltfLoader readAnimation
WARNUNG: JME only supports linear interpolation for animations
Sept. 12, 2026 7:43:14 PM com.jme3.scene.plugins.gltf.GltfLoader readAnimation
WARNUNG: JME only supports linear interpolation for animations
Sept. 12, 2026 7:43:14 PM com.jme3.scene.plugins.gltf.GltfLoader readAnimation
WARNUNG: JME only supports linear interpolation for animations
Sept. 12, 2026 7:43:14 PM com.jme3.scene.plugins.gltf.GltfLoader readAnimation
WARNUNG: JME only supports linear interpolation for animations
Sept. 12, 2026 7:43:14 PM com.jme3.scene.plugins.gltf.GltfLoader readAnimation
WARNUNG: JME only supports linear interpolation for animations
Sept. 12, 2026 7:43:14 PM com.jme3.scene.plugins.gltf.GltfLoader readAnimation
WARNUNG: JME only supports linear interpolation for animations
Sept. 12, 2026 7:43:14 PM com.jme3.scene.plugins.gltf.GltfLoader readAnimation
WARNUNG: JME only supports linear interpolation for animations
Sept. 12, 2026 7:43:14 PM com.jme3.scene.plugins.gltf.GltfLoader readAnimation
WARNUNG: JME only supports linear interpolation for animations
Sept. 12, 2026 7:43:14 PM com.jme3.scene.plugins.gltf.GltfLoader readAnimation
WARNUNG: JME only supports linear interpolation for animations
Sept. 12, 2026 7:43:14 PM com.jme3.scene.plugins.gltf.GltfLoader readAnimation
WARNUNG: JME only supports linear interpolation for animations
Sept. 12, 2026 7:43:14 PM com.jme3.scene.plugins.gltf.GltfLoader readAnimation
WARNUNG: JME only supports linear interpolation for animations
Sept. 12, 2026 7:43:14 PM com.jme3.scene.plugins.gltf.GltfLoader readAnimation
WARNUNG: JME only supports linear interpolation for animations
Sept. 12, 2026 7:43:14 PM com.jme3.scene.plugins.gltf.GltfLoader readAnimation
WARNUNG: JME only supports linear interpolation for animations
Sept. 12, 2026 7:43:14 PM com.jme3.scene.plugins.gltf.GltfLoader readAnimation
WARNUNG: JME only supports linear interpolation for animations
Sept. 12, 2026 7:43:14 PM com.jme3.scene.plugins.gltf.GltfLoader readAnimation
WARNUNG: JME only supports linear interpolation for animations
Sept. 12, 2026 7:43:14 PM com.jme3.scene.plugins.gltf.GltfLoader readAnimation
WARNUNG: JME only supports linear interpolation for animations
Sept. 12, 2026 7:43:14 PM com.jme3.scene.plugins.gltf.GltfLoader readAnimation
WARNUNG: JME only supports linear interpolation for animations
Sept. 12, 2026 7:43:14 PM com.jme3.scene.plugins.gltf.GltfLoader readAnimation
WARNUNG: JME only supports linear interpolation for animations
Sept. 12, 2026 7:43:14 PM com.jme3.scene.plugins.gltf.GltfLoader readAnimation
WARNUNG: JME only supports linear interpolation for animations
Sept. 12, 2026 7:43:14 PM com.jme3.scene.plugins.gltf.GltfLoader readAnimation
WARNUNG: JME only supports linear interpolation for animations
Sept. 12, 2026 7:43:14 PM com.jme3.scene.plugins.gltf.GltfLoader readAnimation
WARNUNG: JME only supports linear interpolation for animations
Sept. 12, 2026 7:43:14 PM com.jme3.scene.plugins.gltf.GltfLoader readAnimation
WARNUNG: JME only supports linear interpolation for animations
Sept. 12, 2026 7:43:14 PM com.jme3.scene.plugins.gltf.GltfLoader readAnimation
WARNUNG: JME only supports linear interpolation for animations
Sept. 12, 2026 7:43:14 PM com.jme3.scene.plugins.gltf.GltfLoader readAnimation
WARNUNG: JME only supports linear interpolation for animations
Sept. 12, 2026 7:43:14 PM com.jme3.scene.plugins.gltf.GltfLoader readAnimation
WARNUNG: JME only supports linear interpolation for animations
Sept. 12, 2026 7:43:14 PM com.jme3.scene.plugins.gltf.GltfLoader readAnimation
WARNUNG: JME only supports linear interpolation for animations
Sept. 12, 2026 7:43:14 PM com.jme3.scene.plugins.gltf.GltfLoader readAnimation
WARNUNG: JME only supports linear interpolation for animations
Sept. 12, 2026 7:43:14 PM com.jme3.scene.plugins.gltf.GltfLoader readAnimation
WARNUNG: JME only supports linear interpolation for animations
Sept. 12, 2026 7:43:14 PM com.jme3.scene.plugins.gltf.GltfLoader readAnimation
WARNUNG: JME only supports linear interpolation for animations
Sept. 12, 2026 7:43:14 PM com.jme3.scene.plugins.gltf.GltfLoader readAnimation
WARNUNG: JME only supports linear interpolation for animations
Sept. 12, 2026 7:43:14 PM com.jme3.scene.plugins.gltf.GltfLoader readAnimation
WARNUNG: JME only supports linear interpolation for animations
Sept. 12, 2026 7:43:14 PM com.jme3.scene.plugins.gltf.GltfLoader readAnimation
WARNUNG: JME only supports linear interpolation for animations
Sept. 12, 2026 7:43:14 PM com.jme3.scene.plugins.gltf.GltfLoader readAnimation
WARNUNG: JME only supports linear interpolation for animations
Sept. 12, 2026 7:43:14 PM com.jme3.scene.plugins.gltf.GltfLoader readAnimation
WARNUNG: JME only supports linear interpolation for animations
Sept. 12, 2026 7:43:14 PM com.jme3.scene.plugins.gltf.GltfLoader readAnimation
WARNUNG: JME only supports linear interpolation for animations
Sept. 12, 2026 7:43:14 PM com.jme3.scene.plugins.gltf.GltfLoader readAnimation
WARNUNG: JME only supports linear interpolation for animations
Sept. 12, 2026 7:43:14 PM com.jme3.scene.plugins.gltf.GltfLoader readAnimation
WARNUNG: JME only supports linear interpolation for animations
Sept. 12, 2026 7:43:14 PM com.jme3.scene.plugins.gltf.GltfLoader readAnimation
WARNUNG: JME only supports linear interpolation for animations
Sept. 12, 2026 7:43:14 PM com.jme3.scene.plugins.gltf.GltfLoader readAnimation
WARNUNG: JME only supports linear interpolation for animations
Sept. 12, 2026 7:43:14 PM com.jme3.scene.plugins.gltf.GltfLoader readAnimation
WARNUNG: JME only supports linear interpolation for animations
Sept. 12, 2026 7:43:14 PM com.jme3.scene.plugins.gltf.GltfLoader readAnimation
WARNUNG: JME only supports linear interpolation for animations
Sept. 12, 2026 7:43:14 PM com.jme3.scene.plugins.gltf.GltfLoader readAnimation
WARNUNG: JME only supports linear interpolation for animations
Sept. 12, 2026 7:43:14 PM com.jme3.scene.plugins.gltf.GltfLoader readAnimation
WARNUNG: JME only supports linear interpolation for animations
Sept. 12, 2026 7:43:14 PM com.jme3.scene.plugins.gltf.GltfLoader readAnimation
WARNUNG: JME only supports linear interpolation for animations
Sept. 12, 2026 7:43:14 PM com.jme3.scene.plugins.gltf.GltfLoader readAnimation
WARNUNG: JME only supports linear interpolation for animations
Sept. 12, 2026 7:43:14 PM com.jme3.scene.plugins.gltf.GltfLoader readAnimation
WARNUNG: JME only supports linear interpolation for animations
Sept. 12, 2026 7:43:14 PM com.jme3.scene.plugins.gltf.GltfLoader readAnimation
WARNUNG: JME only supports linear interpolation for animations
Sept. 12, 2026 7:43:14 PM com.jme3.scene.plugins.gltf.GltfLoader readAnimation
WARNUNG: JME only supports linear interpolation for animations
Sept. 12, 2026 7:43:14 PM com.jme3.scene.plugins.gltf.GltfLoader readAnimation
WARNUNG: JME only supports linear interpolation for animations
Sept. 12, 2026 7:43:14 PM com.jme3.scene.plugins.gltf.GltfLoader readAnimation
WARNUNG: JME only supports linear interpolation for animations
Sept. 12, 2026 7:43:14 PM com.jme3.scene.plugins.gltf.GltfLoader readAnimation
WARNUNG: JME only supports linear interpolation for animations
Sept. 12, 2026 7:43:14 PM com.jme3.scene.plugins.gltf.GltfLoader readAnimation
WARNUNG: JME only supports linear interpolation for animations
Sept. 12, 2026 7:43:14 PM com.jme3.scene.plugins.gltf.GltfLoader readAnimation
WARNUNG: JME only supports linear interpolation for animations
Sept. 12, 2026 7:43:14 PM com.jme3.scene.plugins.gltf.GltfLoader readAnimation
WARNUNG: JME only supports linear interpolation for animations
Sept. 12, 2026 7:43:14 PM com.jme3.scene.plugins.gltf.GltfLoader readAnimation
WARNUNG: JME only supports linear interpolation for animations
Sept. 12, 2026 7:43:14 PM com.jme3.scene.plugins.gltf.GltfLoader readAnimation
WARNUNG: JME only supports linear interpolation for animations
Sept. 12, 2026 7:43:14 PM com.jme3.scene.plugins.gltf.GltfLoader readAnimation
WARNUNG: JME only supports linear interpolation for animations
Sept. 12, 2026 7:43:14 PM com.jme3.scene.plugins.gltf.GltfLoader readAnimation
WARNUNG: JME only supports linear interpolation for animations
Sept. 12, 2026 7:43:14 PM com.jme3.scene.plugins.gltf.GltfLoader readAnimation
WARNUNG: JME only supports linear interpolation for animations
Sept. 12, 2026 7:43:14 PM com.jme3.scene.plugins.gltf.GltfLoader readAnimation
WARNUNG: JME only supports linear interpolation for animations
Sept. 12, 2026 7:43:14 PM com.jme3.scene.plugins.gltf.GltfLoader readAnimation
WARNUNG: JME only supports linear interpolation for animations
Sept. 12, 2026 7:43:14 PM com.jme3.scene.plugins.gltf.GltfLoader readAnimation
WARNUNG: JME only supports linear interpolation for animations
Sept. 12, 2026 7:43:14 PM com.jme3.scene.plugins.gltf.GltfLoader readAnimation
WARNUNG: JME only supports linear interpolation for animations
Sept. 12, 2026 7:43:14 PM com.jme3.scene.plugins.gltf.GltfLoader readAnimation
WARNUNG: JME only supports linear interpolation for animations
Sept. 12, 2026 7:43:14 PM com.jme3.scene.plugins.gltf.GltfLoader readAnimation
WARNUNG: JME only supports linear interpolation for animations
Sept. 12, 2026 7:43:14 PM com.jme3.scene.plugins.gltf.GltfLoader readAnimation
WARNUNG: JME only supports linear interpolation for animations
Sept. 12, 2026 7:43:14 PM com.jme3.scene.plugins.gltf.GltfLoader readAnimation
WARNUNG: JME only supports linear interpolation for animations
Sept. 12, 2026 7:43:14 PM com.jme3.scene.plugins.gltf.GltfLoader readAnimation
WARNUNG: JME only supports linear interpolation for animations
Sept. 12, 2026 7:43:14 PM com.jme3.scene.plugins.gltf.GltfLoader readAnimation
WARNUNG: JME only supports linear interpolation for animations
Sept. 12, 2026 7:43:14 PM com.jme3.scene.plugins.gltf.GltfLoader readAnimation
WARNUNG: JME only supports linear interpolation for animations
Sept. 12, 2026 7:43:14 PM com.jme3.scene.plugins.gltf.GltfLoader readAnimation
WARNUNG: JME only supports linear interpolation for animations
Sept. 12, 2026 7:43:14 PM com.jme3.scene.plugins.gltf.GltfLoader readAnimation
WARNUNG: JME only supports linear interpolation for animations
Sept. 12, 2026 7:43:14 PM com.jme3.scene.plugins.gltf.GltfLoader readAnimation
WARNUNG: JME only supports linear interpolation for animations
Sept. 12, 2026 7:43:14 PM com.jme3.scene.plugins.gltf.GltfLoader readAnimation
WARNUNG: JME only supports linear interpolation for animations
Sept. 12, 2026 7:43:14 PM com.jme3.scene.plugins.gltf.GltfLoader readAnimation
WARNUNG: JME only supports linear interpolation for animations
Sept. 12, 2026 7:43:14 PM com.jme3.scene.plugins.gltf.GltfLoader readAnimation
WARNUNG: JME only supports linear interpolation for animations
Sept. 12, 2026 7:43:14 PM com.jme3.scene.plugins.gltf.GltfLoader readAnimation
WARNUNG: JME only supports linear interpolation for animations
Sept. 12, 2026 7:43:14 PM com.jme3.scene.plugins.gltf.GltfLoader readAnimation
WARNUNG: JME only supports linear interpolation for animations
Sept. 12, 2026 7:43:14 PM com.jme3.scene.plugins.gltf.GltfLoader readAnimation
WARNUNG: JME only supports linear interpolation for animations
Sept. 12, 2026 7:43:14 PM com.jme3.scene.plugins.gltf.GltfLoader readAnimation
WARNUNG: JME only supports linear interpolation for animations
Sept. 12, 2026 7:43:14 PM com.jme3.scene.plugins.gltf.GltfLoader readAnimation
WARNUNG: JME only supports linear interpolation for animations
Sept. 12, 2026 7:43:14 PM com.jme3.scene.plugins.gltf.GltfLoader readAnimation
WARNUNG: JME only supports linear interpolation for animations
Sept. 12, 2026 7:43:14 PM com.jme3.scene.plugins.gltf.GltfLoader readAnimation
WARNUNG: JME only supports linear interpolation for animations
Sept. 12, 2026 7:43:14 PM com.jme3.scene.plugins.gltf.GltfLoader readAnimation
WARNUNG: JME only supports linear interpolation for animations
Sept. 12, 2026 7:43:14 PM com.jme3.scene.plugins.gltf.GltfLoader readAnimation
WARNUNG: JME only supports linear interpolation for animations
Sept. 12, 2026 7:43:14 PM com.jme3.scene.plugins.gltf.GltfLoader readAnimation
WARNUNG: JME only supports linear interpolation for animations
Sept. 12, 2026 7:43:14 PM com.jme3.scene.plugins.gltf.GltfLoader readAnimation
WARNUNG: JME only supports linear interpolation for animations
Sept. 12, 2026 7:43:14 PM com.jme3.scene.plugins.gltf.GltfLoader readAnimation
WARNUNG: JME only supports linear interpolation for animations
Sept. 12, 2026 7:43:14 PM com.jme3.scene.plugins.gltf.GltfLoader readAnimation
WARNUNG: JME only supports linear interpolation for animations
Sept. 12, 2026 7:43:14 PM com.jme3.scene.plugins.gltf.GltfLoader readAnimation
WARNUNG: JME only supports linear interpolation for animations
Sept. 12, 2026 7:43:14 PM com.jme3.scene.plugins.gltf.GltfLoader readAnimation
WARNUNG: JME only supports linear interpolation for animations
Sept. 12, 2026 7:43:14 PM com.jme3.scene.plugins.gltf.GltfLoader readAnimation
WARNUNG: JME only supports linear interpolation for animations
Sept. 12, 2026 7:43:14 PM com.jme3.scene.plugins.gltf.GltfLoader readAnimation
WARNUNG: JME only supports linear interpolation for animations
Sept. 12, 2026 7:43:14 PM com.jme3.scene.plugins.gltf.GltfLoader readAnimation
WARNUNG: JME only supports linear interpolation for animations
Sept. 12, 2026 7:43:14 PM com.jme3.scene.plugins.gltf.GltfLoader readAnimation
WARNUNG: JME only supports linear interpolation for animations
Sept. 12, 2026 7:43:14 PM com.jme3.scene.plugins.gltf.GltfLoader readAnimation
WARNUNG: JME only supports linear interpolation for animations
Sept. 12, 2026 7:43:14 PM com.jme3.scene.plugins.gltf.GltfLoader readAnimation
WARNUNG: JME only supports linear interpolation for animations
Sept. 12, 2026 7:43:14 PM com.jme3.scene.plugins.gltf.GltfLoader readAnimation
WARNUNG: JME only supports linear interpolation for animations
Sept. 12, 2026 7:43:14 PM com.jme3.scene.plugins.gltf.GltfLoader readAnimation
WARNUNG: JME only supports linear interpolation for animations
Sept. 12, 2026 7:43:14 PM com.jme3.scene.plugins.gltf.GltfLoader readAnimation
WARNUNG: JME only supports linear interpolation for animations
Sept. 12, 2026 7:43:14 PM com.jme3.scene.plugins.gltf.GltfLoader readAnimation
WARNUNG: JME only supports linear interpolation for animations
Sept. 12, 2026 7:43:14 PM com.jme3.scene.plugins.gltf.GltfLoader readAnimation
WARNUNG: JME only supports linear interpolation for animations
Sept. 12, 2026 7:43:14 PM com.jme3.scene.plugins.gltf.GltfLoader readAnimation
WARNUNG: JME only supports linear interpolation for animations
Sept. 12, 2026 7:43:14 PM com.jme3.scene.plugins.gltf.GltfLoader readAnimation
WARNUNG: JME only supports linear interpolation for animations
Sept. 12, 2026 7:43:14 PM com.jme3.scene.plugins.gltf.GltfLoader readAnimation
WARNUNG: JME only supports linear interpolation for animations
Sept. 12, 2026 7:43:14 PM com.jme3.scene.plugins.gltf.GltfLoader readAnimation
WARNUNG: JME only supports linear interpolation for animations
Sept. 12, 2026 7:43:14 PM com.jme3.scene.plugins.gltf.GltfLoader readAnimation
WARNUNG: JME only supports linear interpolation for animations
Sept. 12, 2026 7:43:14 PM com.jme3.scene.plugins.gltf.GltfLoader readAnimation
WARNUNG: JME only supports linear interpolation for animations
Sept. 12, 2026 7:43:14 PM com.jme3.scene.plugins.gltf.GltfLoader readAnimation
WARNUNG: JME only supports linear interpolation for animations
Sept. 12, 2026 7:43:14 PM com.jme3.scene.plugins.gltf.GltfLoader readAnimation
WARNUNG: JME only supports linear interpolation for animations
Sept. 12, 2026 7:43:14 PM com.jme3.scene.plugins.gltf.GltfLoader readAnimation
WARNUNG: JME only supports linear interpolation for animations
Sept. 12, 2026 7:43:14 PM com.jme3.scene.plugins.gltf.GltfLoader readAnimation
WARNUNG: JME only supports linear interpolation for animations
Sept. 12, 2026 7:43:14 PM com.jme3.scene.plugins.gltf.GltfLoader readAnimation
WARNUNG: JME only supports linear interpolation for animations
Sept. 12, 2026 7:43:14 PM com.jme3.scene.plugins.gltf.GltfLoader readAnimation
WARNUNG: JME only supports linear interpolation for animations
Sept. 12, 2026 7:43:14 PM com.jme3.scene.plugins.gltf.GltfLoader readAnimation
WARNUNG: JME only supports linear interpolation for animations
Sept. 12, 2026 7:43:14 PM com.jme3.scene.plugins.gltf.GltfLoader readAnimation
WARNUNG: JME only supports linear interpolation for animations
Sept. 12, 2026 7:43:14 PM com.jme3.scene.plugins.gltf.GltfLoader readAnimation
WARNUNG: JME only supports linear interpolation for animations
Sept. 12, 2026 7:43:14 PM com.jme3.scene.plugins.gltf.GltfLoader readAnimation
WARNUNG: JME only supports linear interpolation for animations
Sept. 12, 2026 7:43:14 PM com.jme3.scene.plugins.gltf.GltfLoader readAnimation
WARNUNG: JME only supports linear interpolation for animations
Sept. 12, 2026 7:43:14 PM com.jme3.scene.plugins.gltf.GltfLoader readAnimation
WARNUNG: JME only supports linear interpolation for animations
Sept. 12, 2026 7:43:14 PM com.jme3.scene.plugins.gltf.GltfLoader readAnimation
WARNUNG: JME only supports linear interpolation for animations
Sept. 12, 2026 7:43:14 PM com.jme3.scene.plugins.gltf.GltfLoader readAnimation
WARNUNG: JME only supports linear interpolation for animations
Sept. 12, 2026 7:43:14 PM com.jme3.scene.plugins.gltf.GltfLoader readAnimation
WARNUNG: JME only supports linear interpolation for animations
Sept. 12, 2026 7:43:14 PM com.jme3.scene.plugins.gltf.GltfLoader readAnimation
WARNUNG: JME only supports linear interpolation for animations
Sept. 12, 2026 7:43:14 PM com.jme3.scene.plugins.gltf.GltfLoader readAnimation
WARNUNG: JME only supports linear interpolation for animations
Sept. 12, 2026 7:43:14 PM com.jme3.scene.plugins.gltf.GltfLoader readAnimation
WARNUNG: JME only supports linear interpolation for animations
Sept. 12, 2026 7:43:14 PM com.jme3.scene.plugins.gltf.GltfLoader readAnimation
WARNUNG: JME only supports linear interpolation for animations
Sept. 12, 2026 7:43:14 PM com.jme3.scene.plugins.gltf.GltfLoader readAnimation
WARNUNG: JME only supports linear interpolation for animations
Sept. 12, 2026 7:43:14 PM com.jme3.scene.plugins.gltf.GltfLoader readAnimation
WARNUNG: JME only supports linear interpolation for animations
Sept. 12, 2026 7:43:14 PM com.jme3.scene.plugins.gltf.GltfLoader readAnimation
WARNUNG: JME only supports linear interpolation for animations
Sept. 12, 2026 7:43:14 PM com.jme3.scene.plugins.gltf.GltfLoader readAnimation
WARNUNG: JME only supports linear interpolation for animations
Sept. 12, 2026 7:43:14 PM com.jme3.scene.plugins.gltf.GltfLoader readAnimation
WARNUNG: JME only supports linear interpolation for animations
Sept. 12, 2026 7:43:14 PM com.jme3.scene.plugins.gltf.GltfLoader readAnimation
WARNUNG: JME only supports linear interpolation for animations
Sept. 12, 2026 7:43:14 PM com.jme3.scene.plugins.gltf.GltfLoader readAnimation
WARNUNG: JME only supports linear interpolation for animations
Sept. 12, 2026 7:43:14 PM com.jme3.scene.plugins.gltf.GltfLoader readAnimation
WARNUNG: JME only supports linear interpolation for animations
Sept. 12, 2026 7:43:14 PM com.jme3.scene.plugins.gltf.GltfLoader readAnimation
WARNUNG: JME only supports linear interpolation for animations
Sept. 12, 2026 7:43:14 PM com.jme3.scene.plugins.gltf.GltfLoader readAnimation
WARNUNG: JME only supports linear interpolation for animations
Sept. 12, 2026 7:43:14 PM com.jme3.scene.plugins.gltf.GltfLoader readAnimation
WARNUNG: JME only supports linear interpolation for animations
Sept. 12, 2026 7:43:14 PM com.jme3.scene.plugins.gltf.GltfLoader readAnimation
WARNUNG: JME only supports linear interpolation for animations
Sept. 12, 2026 7:43:14 PM com.jme3.scene.plugins.gltf.GltfLoader readAnimation
WARNUNG: JME only supports linear interpolation for animations
Sept. 12, 2026 7:43:14 PM com.jme3.scene.plugins.gltf.GltfLoader readAnimation
WARNUNG: JME only supports linear interpolation for animations
Sept. 12, 2026 7:43:14 PM com.jme3.scene.plugins.gltf.GltfLoader readAnimation
WARNUNG: JME only supports linear interpolation for animations
Sept. 12, 2026 7:43:14 PM com.jme3.scene.plugins.gltf.GltfLoader readAnimation
WARNUNG: JME only supports linear interpolation for animations
Sept. 12, 2026 7:43:14 PM com.jme3.scene.plugins.gltf.GltfLoader readAnimation
WARNUNG: JME only supports linear interpolation for animations
Sept. 12, 2026 7:43:14 PM com.jme3.scene.plugins.gltf.GltfLoader readAnimation
WARNUNG: JME only supports linear interpolation for animations
Sept. 12, 2026 7:43:14 PM com.jme3.scene.plugins.gltf.GltfLoader readAnimation
WARNUNG: JME only supports linear interpolation for animations
Sept. 12, 2026 7:43:14 PM com.jme3.scene.plugins.gltf.GltfLoader readAnimation
WARNUNG: JME only supports linear interpolation for animations
Sept. 12, 2026 7:43:14 PM com.jme3.scene.plugins.gltf.GltfLoader readAnimation
WARNUNG: JME only supports linear interpolation for animations
Sept. 12, 2026 7:43:14 PM com.jme3.scene.plugins.gltf.GltfLoader readAnimation
WARNUNG: JME only supports linear interpolation for animations
Sept. 12, 2026 7:43:14 PM com.jme3.scene.plugins.gltf.GltfLoader readAnimation
WARNUNG: JME only supports linear interpolation for animations
Sept. 12, 2026 7:43:14 PM com.jme3.scene.plugins.gltf.GltfLoader readAnimation
WARNUNG: JME only supports linear interpolation for animations
Sept. 12, 2026 7:43:14 PM com.jme3.scene.plugins.gltf.GltfLoader readAnimation
WARNUNG: JME only supports linear interpolation for animations
Sept. 12, 2026 7:43:14 PM com.jme3.scene.plugins.gltf.GltfLoader readAnimation
WARNUNG: JME only supports linear interpolation for animations
Sept. 12, 2026 7:43:14 PM com.jme3.scene.plugins.gltf.GltfLoader readAnimation
WARNUNG: JME only supports linear interpolation for animations
Sept. 12, 2026 7:43:14 PM com.jme3.scene.plugins.gltf.GltfLoader readAnimation
WARNUNG: JME only supports linear interpolation for animations
Sept. 12, 2026 7:43:14 PM com.jme3.scene.plugins.gltf.GltfLoader readAnimation
WARNUNG: JME only supports linear interpolation for animations
Sept. 12, 2026 7:43:14 PM com.jme3.scene.plugins.gltf.GltfLoader readAnimation
WARNUNG: JME only supports linear interpolation for animations
Sept. 12, 2026 7:43:14 PM com.jme3.scene.plugins.gltf.GltfLoader readAnimation
WARNUNG: JME only supports linear interpolation for animations
Sept. 12, 2026 7:43:14 PM com.jme3.scene.plugins.gltf.GltfLoader readAnimation
WARNUNG: JME only supports linear interpolation for animations
Sept. 12, 2026 7:43:14 PM com.jme3.scene.plugins.gltf.GltfLoader readAnimation
WARNUNG: JME only supports linear interpolation for animations
Sept. 12, 2026 7:43:14 PM com.jme3.scene.plugins.gltf.GltfLoader readAnimation
WARNUNG: JME only supports linear interpolation for animations
Sept. 12, 2026 7:43:14 PM com.jme3.scene.plugins.gltf.GltfLoader readAnimation
WARNUNG: JME only supports linear interpolation for animations
Sept. 12, 2026 7:43:14 PM com.jme3.scene.plugins.gltf.GltfLoader readAnimation
WARNUNG: JME only supports linear interpolation for animations
Sept. 12, 2026 7:43:14 PM com.jme3.scene.plugins.gltf.GltfLoader readAnimation
WARNUNG: JME only supports linear interpolation for animations
Sept. 12, 2026 7:43:14 PM com.jme3.scene.plugins.gltf.GltfLoader readAnimation
WARNUNG: JME only supports linear interpolation for animations
Sept. 12, 2026 7:43:14 PM com.jme3.scene.plugins.gltf.GltfLoader readAnimation
WARNUNG: JME only supports linear interpolation for animations
Sept. 12, 2026 7:43:14 PM com.jme3.scene.plugins.gltf.GltfLoader readAnimation
WARNUNG: JME only supports linear interpolation for animations
Sept. 12, 2026 7:43:14 PM com.jme3.scene.plugins.gltf.GltfLoader readAnimation
WARNUNG: JME only supports linear interpolation for animations
Sept. 12, 2026 7:43:14 PM com.jme3.scene.plugins.gltf.GltfLoader readAnimation
WARNUNG: JME only supports linear interpolation for animations
Sept. 12, 2026 7:43:14 PM com.jme3.scene.plugins.gltf.GltfLoader readAnimation
WARNUNG: JME only supports linear interpolation for animations
Sept. 12, 2026 7:43:14 PM com.jme3.scene.plugins.gltf.GltfLoader readAnimation
WARNUNG: JME only supports linear interpolation for animations
Sept. 12, 2026 7:43:14 PM com.jme3.scene.plugins.gltf.GltfLoader readAnimation
WARNUNG: JME only supports linear interpolation for animations
Sept. 12, 2026 7:43:14 PM com.jme3.scene.plugins.gltf.GltfLoader readAnimation
WARNUNG: JME only supports linear interpolation for animations
Sept. 12, 2026 7:43:14 PM com.jme3.scene.plugins.gltf.GltfLoader readAnimation
WARNUNG: JME only supports linear interpolation for animations
Sept. 12, 2026 7:43:14 PM com.jme3.scene.plugins.gltf.GltfLoader readAnimation
WARNUNG: JME only supports linear interpolation for animations
Sept. 12, 2026 7:43:14 PM com.jme3.scene.plugins.gltf.GltfLoader readAnimation
WARNUNG: JME only supports linear interpolation for animations
Sept. 12, 2026 7:43:14 PM com.jme3.scene.plugins.gltf.GltfLoader readAnimation
WARNUNG: JME only supports linear interpolation for animations
Sept. 12, 2026 7:43:14 PM com.jme3.scene.plugins.gltf.GltfLoader readAnimation
WARNUNG: JME only supports linear interpolation for animations
Sept. 12, 2026 7:43:14 PM com.jme3.scene.plugins.gltf.GltfLoader readAnimation
WARNUNG: JME only supports linear interpolation for animations
Sept. 12, 2026 7:43:14 PM com.jme3.scene.plugins.gltf.GltfLoader readAnimation
WARNUNG: JME only supports linear interpolation for animations
Sept. 12, 2026 7:43:14 PM com.jme3.scene.plugins.gltf.GltfLoader readAnimation
WARNUNG: JME only supports linear interpolation for animations
Sept. 12, 2026 7:43:14 PM com.jme3.scene.plugins.gltf.GltfLoader readAnimation
WARNUNG: JME only supports linear interpolation for animations
Sept. 12, 2026 7:43:14 PM com.jme3.scene.plugins.gltf.GltfLoader readAnimation
WARNUNG: JME only supports linear interpolation for animations
Sept. 12, 2026 7:43:14 PM com.jme3.scene.plugins.gltf.GltfLoader readAnimation
WARNUNG: JME only supports linear interpolation for animations
Sept. 12, 2026 7:43:14 PM com.jme3.scene.plugins.gltf.GltfLoader readAnimation
WARNUNG: JME only supports linear interpolation for animations
Sept. 12, 2026 7:43:14 PM com.jme3.scene.plugins.gltf.GltfLoader readAnimation
WARNUNG: JME only supports linear interpolation for animations
Sept. 12, 2026 7:43:14 PM com.jme3.scene.plugins.gltf.GltfLoader readAnimation
WARNUNG: JME only supports linear interpolation for animations
Sept. 12, 2026 7:43:14 PM com.jme3.scene.plugins.gltf.GltfLoader readAnimation
WARNUNG: JME only supports linear interpolation for animations
Sept. 12, 2026 7:43:14 PM com.jme3.scene.plugins.gltf.GltfLoader readAnimation
WARNUNG: JME only supports linear interpolation for animations
Sept. 12, 2026 7:43:14 PM com.jme3.scene.plugins.gltf.GltfLoader readAnimation
WARNUNG: JME only supports linear interpolation for animations
Sept. 12, 2026 7:43:14 PM com.jme3.scene.plugins.gltf.GltfLoader readAnimation
WARNUNG: JME only supports linear interpolation for animations
Sept. 12, 2026 7:43:14 PM com.jme3.scene.plugins.gltf.GltfLoader readAnimation
WARNUNG: JME only supports linear interpolation for animations
Sept. 12, 2026 7:43:14 PM com.jme3.scene.plugins.gltf.GltfLoader readAnimation
WARNUNG: JME only supports linear interpolation for animations
Sept. 12, 2026 7:43:14 PM com.jme3.scene.plugins.gltf.GltfLoader readAnimation
WARNUNG: JME only supports linear interpolation for animations
Sept. 12, 2026 7:43:14 PM com.jme3.scene.plugins.gltf.GltfLoader readAnimation
WARNUNG: JME only supports linear interpolation for animations
Sept. 12, 2026 7:43:14 PM com.jme3.scene.plugins.gltf.GltfLoader readAnimation
WARNUNG: JME only supports linear interpolation for animations
Sept. 12, 2026 7:43:14 PM com.jme3.scene.plugins.gltf.GltfLoader readAnimation
WARNUNG: JME only supports linear interpolation for animations
Sept. 12, 2026 7:43:14 PM com.jme3.scene.plugins.gltf.GltfLoader readAnimation
WARNUNG: JME only supports linear interpolation for animations
Sept. 12, 2026 7:43:14 PM com.jme3.scene.plugins.gltf.GltfLoader readAnimation
WARNUNG: JME only supports linear interpolation for animations
Sept. 12, 2026 7:43:14 PM com.jme3.scene.plugins.gltf.GltfLoader readAnimation
WARNUNG: JME only supports linear interpolation for animations
Sept. 12, 2026 7:43:14 PM com.jme3.scene.plugins.gltf.GltfLoader readAnimation
WARNUNG: JME only supports linear interpolation for animations
Sept. 12, 2026 7:43:14 PM com.jme3.scene.plugins.gltf.GltfLoader readAnimation
WARNUNG: JME only supports linear interpolation for animations
Sept. 12, 2026 7:43:14 PM com.jme3.scene.plugins.gltf.GltfLoader readAnimation
WARNUNG: JME only supports linear interpolation for animations
Sept. 12, 2026 7:43:14 PM com.jme3.scene.plugins.gltf.GltfLoader readAnimation
WARNUNG: JME only supports linear interpolation for animations
Sept. 12, 2026 7:43:14 PM com.jme3.scene.plugins.gltf.GltfLoader readAnimation
WARNUNG: JME only supports linear interpolation for animations
Sept. 12, 2026 7:43:14 PM com.jme3.scene.plugins.gltf.GltfLoader readAnimation
WARNUNG: JME only supports linear interpolation for animations
Sept. 12, 2026 7:43:14 PM com.jme3.scene.plugins.gltf.GltfLoader readAnimation
WARNUNG: JME only supports linear interpolation for animations
Sept. 12, 2026 7:43:14 PM com.jme3.scene.plugins.gltf.GltfLoader readAnimation
WARNUNG: JME only supports linear interpolation for animations
Sept. 12, 2026 7:43:14 PM com.jme3.scene.plugins.gltf.GltfLoader readAnimation
WARNUNG: JME only supports linear interpolation for animations
Sept. 12, 2026 7:43:14 PM com.jme3.scene.plugins.gltf.GltfLoader readAnimation
WARNUNG: JME only supports linear interpolation for animations
Sept. 12, 2026 7:43:14 PM com.jme3.scene.plugins.gltf.GltfLoader readAnimation
WARNUNG: JME only supports linear interpolation for animations
Sept. 12, 2026 7:43:14 PM com.jme3.scene.plugins.gltf.GltfLoader readAnimation
WARNUNG: JME only supports linear interpolation for animations
Sept. 12, 2026 7:43:14 PM com.jme3.scene.plugins.gltf.GltfLoader readAnimation
WARNUNG: JME only supports linear interpolation for animations
Sept. 12, 2026 7:43:14 PM com.jme3.scene.plugins.gltf.GltfLoader readAnimation
WARNUNG: JME only supports linear interpolation for animations
Sept. 12, 2026 7:43:14 PM com.jme3.scene.plugins.gltf.GltfLoader readAnimation
WARNUNG: JME only supports linear interpolation for animations
Sept. 12, 2026 7:43:14 PM com.jme3.scene.plugins.gltf.GltfLoader readAnimation
WARNUNG: JME only supports linear interpolation for animations
Sept. 12, 2026 7:43:14 PM com.jme3.scene.plugins.gltf.GltfLoader readAnimation
WARNUNG: JME only supports linear interpolation for animations
Sept. 12, 2026 7:43:14 PM com.jme3.scene.plugins.gltf.GltfLoader readAnimation
WARNUNG: JME only supports linear interpolation for animations
Sept. 12, 2026 7:43:14 PM com.jme3.scene.plugins.gltf.GltfLoader readAnimation
WARNUNG: JME only supports linear interpolation for animations
Sept. 12, 2026 7:43:14 PM com.jme3.scene.plugins.gltf.GltfLoader readAnimation
WARNUNG: JME only supports linear interpolation for animations
Sept. 12, 2026 7:43:14 PM com.jme3.scene.plugins.gltf.GltfLoader readAnimation
WARNUNG: JME only supports linear interpolation for animations
Sept. 12, 2026 7:43:14 PM com.jme3.scene.plugins.gltf.GltfLoader readAnimation
WARNUNG: JME only supports linear interpolation for animations
Sept. 12, 2026 7:43:14 PM com.jme3.scene.plugins.gltf.GltfLoader readAnimation
WARNUNG: JME only supports linear interpolation for animations
Sept. 12, 2026 7:43:14 PM com.jme3.scene.plugins.gltf.GltfLoader readAnimation
WARNUNG: JME only supports linear interpolation for animations
Sept. 12, 2026 7:43:14 PM com.jme3.scene.plugins.gltf.GltfLoader readAnimation
WARNUNG: JME only supports linear interpolation for animations
Sept. 12, 2026 7:43:14 PM com.jme3.scene.plugins.gltf.GltfLoader readAnimation
WARNUNG: JME only supports linear interpolation for animations
Sept. 12, 2026 7:43:14 PM com.jme3.scene.plugins.gltf.GltfLoader readAnimation
WARNUNG: JME only supports linear interpolation for animations
Sept. 12, 2026 7:43:14 PM com.jme3.scene.plugins.gltf.GltfLoader readAnimation
WARNUNG: JME only supports linear interpolation for animations
Sept. 12, 2026 7:43:14 PM com.jme3.scene.plugins.gltf.GltfLoader readAnimation
WARNUNG: JME only supports linear interpolation for animations
Sept. 12, 2026 7:43:14 PM com.jme3.scene.plugins.gltf.GltfLoader readAnimation
WARNUNG: JME only supports linear interpolation for animations
Sept. 12, 2026 7:43:14 PM com.jme3.scene.plugins.gltf.GltfLoader readAnimation
WARNUNG: JME only supports linear interpolation for animations
Sept. 12, 2026 7:43:14 PM com.jme3.scene.plugins.gltf.GltfLoader readAnimation
WARNUNG: JME only supports linear interpolation for animations
Sept. 12, 2026 7:43:14 PM com.jme3.scene.plugins.gltf.GltfLoader readAnimation
WARNUNG: JME only supports linear interpolation for animations
Sept. 12, 2026 7:43:14 PM com.jme3.scene.plugins.gltf.GltfLoader readAnimation
WARNUNG: JME only supports linear interpolation for animations
Sept. 12, 2026 7:43:14 PM com.jme3.scene.plugins.gltf.GltfLoader readAnimation
WARNUNG: JME only supports linear interpolation for animations
Sept. 12, 2026 7:43:14 PM com.jme3.scene.plugins.gltf.GltfLoader readAnimation
WARNUNG: JME only supports linear interpolation for animations
Sept. 12, 2026 7:43:14 PM com.jme3.scene.plugins.gltf.GltfLoader readAnimation
WARNUNG: JME only supports linear interpolation for animations
Sept. 12, 2026 7:43:14 PM com.jme3.scene.plugins.gltf.GltfLoader readAnimation
WARNUNG: JME only supports linear interpolation for animations
Sept. 12, 2026 7:43:14 PM com.jme3.scene.plugins.gltf.GltfLoader readAnimation
WARNUNG: JME only supports linear interpolation for animations
Sept. 12, 2026 7:43:14 PM com.jme3.scene.plugins.gltf.GltfLoader readAnimation
WARNUNG: JME only supports linear interpolation for animations
Sept. 12, 2026 7:43:14 PM com.jme3.scene.plugins.gltf.GltfLoader readAnimation
WARNUNG: JME only supports linear interpolation for animations
Sept. 12, 2026 7:43:14 PM com.jme3.scene.plugins.gltf.GltfLoader readAnimation
WARNUNG: JME only supports linear interpolation for animations
Sept. 12, 2026 7:43:14 PM com.jme3.scene.plugins.gltf.GltfLoader readAnimation
WARNUNG: JME only supports linear interpolation for animations
Sept. 12, 2026 7:43:14 PM com.jme3.scene.plugins.gltf.GltfLoader readAnimation
WARNUNG: JME only supports linear interpolation for animations
Sept. 12, 2026 7:43:14 PM com.jme3.scene.plugins.gltf.GltfLoader readAnimation
WARNUNG: JME only supports linear interpolation for animations
Sept. 12, 2026 7:43:14 PM com.jme3.scene.plugins.gltf.GltfLoader readAnimation
WARNUNG: JME only supports linear interpolation for animations
Sept. 12, 2026 7:43:14 PM com.jme3.scene.plugins.gltf.GltfLoader readAnimation
WARNUNG: JME only supports linear interpolation for animations
Sept. 12, 2026 7:43:14 PM com.jme3.scene.plugins.gltf.GltfLoader readAnimation
WARNUNG: JME only supports linear interpolation for animations
Sept. 12, 2026 7:43:14 PM com.jme3.scene.plugins.gltf.GltfLoader readAnimation
WARNUNG: JME only supports linear interpolation for animations
Sept. 12, 2026 7:43:14 PM com.jme3.scene.plugins.gltf.GltfLoader readAnimation
WARNUNG: JME only supports linear interpolation for animations
Sept. 12, 2026 7:43:14 PM com.jme3.scene.plugins.gltf.GltfLoader readAnimation
WARNUNG: JME only supports linear interpolation for animations
Sept. 12, 2026 7:43:14 PM com.jme3.scene.plugins.gltf.GltfLoader readAnimation
WARNUNG: JME only supports linear interpolation for animations
Sept. 12, 2026 7:43:14 PM com.jme3.scene.plugins.gltf.GltfLoader readAnimation
WARNUNG: JME only supports linear interpolation for animations
Sept. 12, 2026 7:43:14 PM com.jme3.scene.plugins.gltf.GltfLoader readAnimation
WARNUNG: JME only supports linear interpolation for animations
Sept. 12, 2026 7:43:14 PM com.jme3.scene.plugins.gltf.GltfLoader readAnimation
WARNUNG: JME only supports linear interpolation for animations
Sept. 12, 2026 7:43:14 PM com.jme3.scene.plugins.gltf.GltfLoader readAnimation
WARNUNG: JME only supports linear interpolation for animations
Sept. 12, 2026 7:43:14 PM com.jme3.scene.plugins.gltf.GltfLoader readAnimation
WARNUNG: JME only supports linear interpolation for animations
Sept. 12, 2026 7:43:14 PM com.jme3.scene.plugins.gltf.GltfLoader readAnimation
WARNUNG: JME only supports linear interpolation for animations
Sept. 12, 2026 7:43:14 PM com.jme3.scene.plugins.gltf.GltfLoader readAnimation
WARNUNG: JME only supports linear interpolation for animations
Sept. 12, 2026 7:43:14 PM com.jme3.scene.plugins.gltf.GltfLoader readAnimation
WARNUNG: JME only supports linear interpolation for animations
Sept. 12, 2026 7:43:14 PM com.jme3.scene.plugins.gltf.GltfLoader readAnimation
WARNUNG: JME only supports linear interpolation for animations
Sept. 12, 2026 7:43:14 PM com.jme3.scene.plugins.gltf.GltfLoader readAnimation
WARNUNG: JME only supports linear interpolation for animations
Sept. 12, 2026 7:43:14 PM com.jme3.scene.plugins.gltf.GltfLoader readAnimation
WARNUNG: JME only supports linear interpolation for animations
Sept. 12, 2026 7:43:14 PM com.jme3.scene.plugins.gltf.GltfLoader readAnimation
WARNUNG: JME only supports linear interpolation for animations
Sept. 12, 2026 7:43:14 PM com.jme3.scene.plugins.gltf.GltfLoader readAnimation
WARNUNG: JME only supports linear interpolation for animations
Sept. 12, 2026 7:43:14 PM com.jme3.scene.plugins.gltf.GltfLoader readAnimation
WARNUNG: JME only supports linear interpolation for animations
Sept. 12, 2026 7:43:14 PM com.jme3.scene.plugins.gltf.GltfLoader readAnimation
WARNUNG: JME only supports linear interpolation for animations
Sept. 12, 2026 7:43:14 PM com.jme3.scene.plugins.gltf.GltfLoader readAnimation
WARNUNG: JME only supports linear interpolation for animations
Sept. 12, 2026 7:43:14 PM com.jme3.scene.plugins.gltf.GltfLoader readAnimation
WARNUNG: JME only supports linear interpolation for animations
Sept. 12, 2026 7:43:14 PM com.jme3.scene.plugins.gltf.GltfLoader readAnimation
WARNUNG: JME only supports linear interpolation for animations
Sept. 12, 2026 7:43:14 PM com.jme3.scene.plugins.gltf.GltfLoader readAnimation
WARNUNG: JME only supports linear interpolation for animations
Sept. 12, 2026 7:43:14 PM com.jme3.scene.plugins.gltf.GltfLoader readAnimation
WARNUNG: JME only supports linear interpolation for animations
Sept. 12, 2026 7:43:14 PM com.jme3.scene.plugins.gltf.GltfLoader readAnimation
WARNUNG: JME only supports linear interpolation for animations
Sept. 12, 2026 7:43:14 PM com.jme3.scene.plugins.gltf.GltfLoader readAnimation
WARNUNG: JME only supports linear interpolation for animations
Sept. 12, 2026 7:43:14 PM com.jme3.scene.plugins.gltf.GltfLoader readAnimation
WARNUNG: JME only supports linear interpolation for animations
Sept. 12, 2026 7:43:14 PM com.jme3.scene.plugins.gltf.GltfLoader readAnimation
WARNUNG: JME only supports linear interpolation for animations
Sept. 12, 2026 7:43:14 PM com.jme3.scene.plugins.gltf.GltfLoader readAnimation
WARNUNG: JME only supports linear interpolation for animations
Sept. 12, 2026 7:43:14 PM com.jme3.scene.plugins.gltf.GltfLoader readAnimation
WARNUNG: JME only supports linear interpolation for animations
Sept. 12, 2026 7:43:14 PM com.jme3.scene.plugins.gltf.GltfLoader readAnimation
WARNUNG: JME only supports linear interpolation for animations
Sept. 12, 2026 7:43:14 PM com.jme3.scene.plugins.gltf.GltfLoader readAnimation
WARNUNG: JME only supports linear interpolation for animations
Sept. 12, 2026 7:43:14 PM com.jme3.scene.plugins.gltf.GltfLoader readAnimation
WARNUNG: JME only supports linear interpolation for animations
Sept. 12, 2026 7:43:14 PM com.jme3.scene.plugins.gltf.GltfLoader readAnimation
WARNUNG: JME only supports linear interpolation for animations
Sept. 12, 2026 7:43:14 PM com.jme3.scene.plugins.gltf.GltfLoader readAnimation
WARNUNG: JME only supports linear interpolation for animations
Sept. 12, 2026 7:43:14 PM com.jme3.scene.plugins.gltf.GltfLoader readAnimation
WARNUNG: JME only supports linear interpolation for animations
Sept. 12, 2026 7:43:14 PM com.jme3.scene.plugins.gltf.GltfLoader readAnimation
WARNUNG: JME only supports linear interpolation for animations
Sept. 12, 2026 7:43:14 PM com.jme3.scene.plugins.gltf.GltfLoader readAnimation
WARNUNG: JME only supports linear interpolation for animations
Sept. 12, 2026 7:43:14 PM com.jme3.scene.plugins.gltf.GltfLoader readAnimation
WARNUNG: JME only supports linear interpolation for animations
Sept. 12, 2026 7:43:14 PM com.jme3.scene.plugins.gltf.GltfLoader readAnimation
WARNUNG: JME only supports linear interpolation for animations
Sept. 12, 2026 7:43:14 PM com.jme3.scene.plugins.gltf.GltfLoader readAnimation
WARNUNG: JME only supports linear interpolation for animations
Sept. 12, 2026 7:43:14 PM com.jme3.scene.plugins.gltf.GltfLoader readAnimation
WARNUNG: JME only supports linear interpolation for animations
Sept. 12, 2026 7:43:14 PM com.jme3.scene.plugins.gltf.GltfLoader readAnimation
WARNUNG: JME only supports linear interpolation for animations
Sept. 12, 2026 7:43:14 PM com.jme3.scene.plugins.gltf.GltfLoader readAnimation
WARNUNG: JME only supports linear interpolation for animations
Sept. 12, 2026 7:43:14 PM com.jme3.scene.plugins.gltf.GltfLoader readAnimation
WARNUNG: JME only supports linear interpolation for animations
Sept. 12, 2026 7:43:14 PM com.jme3.scene.plugins.gltf.GltfLoader readAnimation
WARNUNG: JME only supports linear interpolation for animations
Sept. 12, 2026 7:43:14 PM com.jme3.scene.plugins.gltf.GltfLoader readAnimation
WARNUNG: JME only supports linear interpolation for animations
Sept. 12, 2026 7:43:14 PM com.jme3.scene.plugins.gltf.GltfLoader readAnimation
WARNUNG: JME only supports linear interpolation for animations
Sept. 12, 2026 7:43:14 PM com.jme3.scene.plugins.gltf.GltfLoader readAnimation
WARNUNG: JME only supports linear interpolation for animations
Sept. 12, 2026 7:43:14 PM com.jme3.scene.plugins.gltf.GltfLoader readAnimation
WARNUNG: JME only supports linear interpolation for animations
Sept. 12, 2026 7:43:14 PM com.jme3.scene.plugins.gltf.GltfLoader readAnimation
WARNUNG: JME only supports linear interpolation for animations
Sept. 12, 2026 7:43:14 PM com.jme3.scene.plugins.gltf.GltfLoader readAnimation
WARNUNG: JME only supports linear interpolation for animations
Sept. 12, 2026 7:43:14 PM com.jme3.scene.plugins.gltf.GltfLoader readAnimation
WARNUNG: JME only supports linear interpolation for animations
Sept. 12, 2026 7:43:14 PM com.jme3.scene.plugins.gltf.GltfLoader readAnimation
WARNUNG: JME only supports linear interpolation for animations
Sept. 12, 2026 7:43:14 PM com.jme3.scene.plugins.gltf.GltfLoader readAnimation
WARNUNG: JME only supports linear interpolation for animations
Sept. 12, 2026 7:43:14 PM com.jme3.scene.plugins.gltf.GltfLoader readAnimation
WARNUNG: JME only supports linear interpolation for animations
Sept. 12, 2026 7:43:14 PM com.jme3.scene.plugins.gltf.GltfLoader readAnimation
WARNUNG: JME only supports linear interpolation for animations
Sept. 12, 2026 7:43:14 PM com.jme3.scene.plugins.gltf.GltfLoader readAnimation
WARNUNG: JME only supports linear interpolation for animations
Sept. 12, 2026 7:43:14 PM com.jme3.scene.plugins.gltf.GltfLoader readAnimation
WARNUNG: JME only supports linear interpolation for animations
Sept. 12, 2026 7:43:14 PM com.jme3.scene.plugins.gltf.GltfLoader readAnimation
WARNUNG: JME only supports linear interpolation for animations
Sept. 12, 2026 7:43:14 PM com.jme3.scene.plugins.gltf.GltfLoader readAnimation
WARNUNG: JME only supports linear interpolation for animations
Sept. 12, 2026 7:43:14 PM com.jme3.scene.plugins.gltf.GltfLoader readAnimation
WARNUNG: JME only supports linear interpolation for animations
Sept. 12, 2026 7:43:14 PM com.jme3.scene.plugins.gltf.GltfLoader readAnimation
WARNUNG: JME only supports linear interpolation for animations
Sept. 12, 2026 7:43:14 PM com.jme3.scene.plugins.gltf.GltfLoader readAnimation
WARNUNG: JME only supports linear interpolation for animations
Sept. 12, 2026 7:43:14 PM com.jme3.scene.plugins.gltf.GltfLoader readAnimation
WARNUNG: JME only supports linear interpolation for animations
Sept. 12, 2026 7:43:14 PM com.jme3.scene.plugins.gltf.GltfLoader readAnimation
WARNUNG: JME only supports linear interpolation for animations
Sept. 12, 2026 7:43:14 PM com.jme3.scene.plugins.gltf.GltfLoader readAnimation
WARNUNG: JME only supports linear interpolation for animations
Sept. 12, 2026 7:43:14 PM com.jme3.scene.plugins.gltf.GltfLoader readAnimation
WARNUNG: JME only supports linear interpolation for animations
Sept. 12, 2026 7:43:14 PM com.jme3.scene.plugins.gltf.GltfLoader readAnimation
WARNUNG: JME only supports linear interpolation for animations
Sept. 12, 2026 7:43:14 PM com.jme3.scene.plugins.gltf.GltfLoader readAnimation
WARNUNG: JME only supports linear interpolation for animations
Sept. 12, 2026 7:43:14 PM com.jme3.scene.plugins.gltf.GltfLoader readAnimation
WARNUNG: JME only supports linear interpolation for animations
Sept. 12, 2026 7:43:14 PM com.jme3.scene.plugins.gltf.GltfLoader readAnimation
WARNUNG: JME only supports linear interpolation for animations
Sept. 12, 2026 7:43:14 PM com.jme3.scene.plugins.gltf.GltfLoader readAnimation
WARNUNG: JME only supports linear interpolation for animations
Sept. 12, 2026 7:43:14 PM com.jme3.scene.plugins.gltf.GltfLoader readAnimation
WARNUNG: JME only supports linear interpolation for animations
Sept. 12, 2026 7:43:14 PM com.jme3.scene.plugins.gltf.GltfLoader readAnimation
WARNUNG: JME only supports linear interpolation for animations
Sept. 12, 2026 7:43:14 PM com.jme3.scene.plugins.gltf.GltfLoader readAnimation
WARNUNG: JME only supports linear interpolation for animations
Sept. 12, 2026 7:43:14 PM com.jme3.scene.plugins.gltf.GltfLoader readAnimation
WARNUNG: JME only supports linear interpolation for animations
Sept. 12, 2026 7:43:14 PM com.jme3.scene.plugins.gltf.GltfLoader readAnimation
WARNUNG: JME only supports linear interpolation for animations
Sept. 12, 2026 7:43:14 PM com.jme3.scene.plugins.gltf.GltfLoader readAnimation
WARNUNG: JME only supports linear interpolation for animations
Sept. 12, 2026 7:43:14 PM com.jme3.scene.plugins.gltf.GltfLoader readAnimation
WARNUNG: JME only supports linear interpolation for animations
Sept. 12, 2026 7:43:14 PM com.jme3.scene.plugins.gltf.GltfLoader readAnimation
WARNUNG: JME only supports linear interpolation for animations
Sept. 12, 2026 7:43:14 PM com.jme3.scene.plugins.gltf.GltfLoader readAnimation
WARNUNG: JME only supports linear interpolation for animations
Sept. 12, 2026 7:43:14 PM com.jme3.scene.plugins.gltf.GltfLoader readAnimation
WARNUNG: JME only supports linear interpolation for animations
Sept. 12, 2026 7:43:14 PM com.jme3.scene.plugins.gltf.GltfLoader readAnimation
WARNUNG: JME only supports linear interpolation for animations
Sept. 12, 2026 7:43:14 PM com.jme3.scene.plugins.gltf.GltfLoader readAnimation
WARNUNG: JME only supports linear interpolation for animations
Sept. 12, 2026 7:43:14 PM com.jme3.scene.plugins.gltf.GltfLoader readAnimation
WARNUNG: JME only supports linear interpolation for animations
Sept. 12, 2026 7:43:14 PM com.jme3.scene.plugins.gltf.GltfLoader readAnimation
WARNUNG: JME only supports linear interpolation for animations
Sept. 12, 2026 7:43:14 PM com.jme3.scene.plugins.gltf.GltfLoader readAnimation
WARNUNG: JME only supports linear interpolation for animations
Sept. 12, 2026 7:43:14 PM com.jme3.scene.plugins.gltf.GltfLoader readAnimation
WARNUNG: JME only supports linear interpolation for animations
Sept. 12, 2026 7:43:14 PM com.jme3.scene.plugins.gltf.GltfLoader readAnimation
WARNUNG: JME only supports linear interpolation for animations
Sept. 12, 2026 7:43:14 PM com.jme3.scene.plugins.gltf.GltfLoader readAnimation
WARNUNG: JME only supports linear interpolation for animations
Sept. 12, 2026 7:43:14 PM com.jme3.scene.plugins.gltf.GltfLoader readAnimation
WARNUNG: JME only supports linear interpolation for animations
Sept. 12, 2026 7:43:14 PM com.jme3.scene.plugins.gltf.GltfLoader readAnimation
WARNUNG: JME only supports linear interpolation for animations
Sept. 12, 2026 7:43:14 PM com.jme3.scene.plugins.gltf.GltfLoader readAnimation
WARNUNG: JME only supports linear interpolation for animations
Sept. 12, 2026 7:43:14 PM com.jme3.scene.plugins.gltf.GltfLoader readAnimation
WARNUNG: JME only supports linear interpolation for animations
Sept. 12, 2026 7:43:14 PM com.jme3.scene.plugins.gltf.GltfLoader readAnimation
WARNUNG: JME only supports linear interpolation for animations
Sept. 12, 2026 7:43:14 PM com.jme3.scene.plugins.gltf.GltfLoader readAnimation
WARNUNG: JME only supports linear interpolation for animations
Sept. 12, 2026 7:43:14 PM com.jme3.scene.plugins.gltf.GltfLoader readAnimation
WARNUNG: JME only supports linear interpolation for animations
Sept. 12, 2026 7:43:14 PM com.jme3.scene.plugins.gltf.GltfLoader readAnimation
WARNUNG: JME only supports linear interpolation for animations
Sept. 12, 2026 7:43:14 PM com.jme3.scene.plugins.gltf.GltfLoader readAnimation
WARNUNG: JME only supports linear interpolation for animations
Sept. 12, 2026 7:43:14 PM com.jme3.scene.plugins.gltf.GltfLoader readAnimation
WARNUNG: JME only supports linear interpolation for animations
Sept. 12, 2026 7:43:14 PM com.jme3.scene.plugins.gltf.GltfLoader readAnimation
WARNUNG: JME only supports linear interpolation for animations
Sept. 12, 2026 7:43:14 PM com.jme3.scene.plugins.gltf.GltfLoader readAnimation
WARNUNG: JME only supports linear interpolation for animations
Sept. 12, 2026 7:43:14 PM com.jme3.scene.plugins.gltf.GltfLoader readAnimation
WARNUNG: JME only supports linear interpolation for animations
Sept. 12, 2026 7:43:14 PM com.jme3.scene.plugins.gltf.GltfLoader readAnimation
WARNUNG: JME only supports linear interpolation for animations
Sept. 12, 2026 7:43:14 PM com.jme3.scene.plugins.gltf.GltfLoader readAnimation
WARNUNG: JME only supports linear interpolation for animations
Sept. 12, 2026 7:43:14 PM com.jme3.scene.plugins.gltf.GltfLoader readAnimation
WARNUNG: JME only supports linear interpolation for animations
Sept. 12, 2026 7:43:14 PM com.jme3.scene.plugins.gltf.GltfLoader readAnimation
WARNUNG: JME only supports linear interpolation for animations
Sept. 12, 2026 7:43:14 PM com.jme3.scene.plugins.gltf.GltfLoader readAnimation
WARNUNG: JME only supports linear interpolation for animations
Sept. 12, 2026 7:43:14 PM com.jme3.scene.plugins.gltf.GltfLoader readAnimation
WARNUNG: JME only supports linear interpolation for animations
Sept. 12, 2026 7:43:14 PM com.jme3.scene.plugins.gltf.GltfLoader readAnimation
WARNUNG: JME only supports linear interpolation for animations
Sept. 12, 2026 7:43:14 PM com.jme3.scene.plugins.gltf.GltfLoader readAnimation
WARNUNG: JME only supports linear interpolation for animations
Sept. 12, 2026 7:43:14 PM com.jme3.scene.plugins.gltf.GltfLoader readAnimation
WARNUNG: JME only supports linear interpolation for animations
Sept. 12, 2026 7:43:14 PM com.jme3.scene.plugins.gltf.GltfLoader readAnimation
WARNUNG: JME only supports linear interpolation for animations
Sept. 12, 2026 7:43:14 PM com.jme3.scene.plugins.gltf.GltfLoader readAnimation
WARNUNG: JME only supports linear interpolation for animations
Sept. 12, 2026 7:43:14 PM com.jme3.scene.plugins.gltf.GltfLoader readAnimation
WARNUNG: JME only supports linear interpolation for animations
Sept. 12, 2026 7:43:14 PM com.jme3.scene.plugins.gltf.GltfLoader readAnimation
WARNUNG: JME only supports linear interpolation for animations
Sept. 12, 2026 7:43:14 PM com.jme3.scene.plugins.gltf.GltfLoader readAnimation
WARNUNG: JME only supports linear interpolation for animations
Sept. 12, 2026 7:43:14 PM com.jme3.scene.plugins.gltf.GltfLoader readAnimation
WARNUNG: JME only supports linear interpolation for animations
Sept. 12, 2026 7:43:14 PM com.jme3.scene.plugins.gltf.GltfLoader readAnimation
WARNUNG: JME only supports linear interpolation for animations
Sept. 12, 2026 7:43:14 PM com.jme3.scene.plugins.gltf.GltfLoader readAnimation
WARNUNG: JME only supports linear interpolation for animations
Sept. 12, 2026 7:43:14 PM com.jme3.scene.plugins.gltf.GltfLoader readAnimation
WARNUNG: JME only supports linear interpolation for animations
Sept. 12, 2026 7:43:14 PM com.jme3.scene.plugins.gltf.GltfLoader readAnimation
WARNUNG: JME only supports linear interpolation for animations
Sept. 12, 2026 7:43:14 PM com.jme3.scene.plugins.gltf.GltfLoader readAnimation
WARNUNG: JME only supports linear interpolation for animations
Sept. 12, 2026 7:43:14 PM com.jme3.scene.plugins.gltf.GltfLoader readAnimation
WARNUNG: JME only supports linear interpolation for animations
Sept. 12, 2026 7:43:14 PM com.jme3.scene.plugins.gltf.GltfLoader readAnimation
WARNUNG: JME only supports linear interpolation for animations
Sept. 12, 2026 7:43:14 PM com.jme3.scene.plugins.gltf.GltfLoader readAnimation
WARNUNG: JME only supports linear interpolation for animations
Sept. 12, 2026 7:43:14 PM com.jme3.scene.plugins.gltf.GltfLoader readAnimation
WARNUNG: JME only supports linear interpolation for animations
Sept. 12, 2026 7:43:14 PM com.jme3.scene.plugins.gltf.GltfLoader readAnimation
WARNUNG: JME only supports linear interpolation for animations
Sept. 12, 2026 7:43:14 PM com.jme3.scene.plugins.gltf.GltfLoader readAnimation
WARNUNG: JME only supports linear interpolation for animations
Sept. 12, 2026 7:43:14 PM com.jme3.scene.plugins.gltf.GltfLoader readAnimation
WARNUNG: JME only supports linear interpolation for animations
Sept. 12, 2026 7:43:14 PM com.jme3.scene.plugins.gltf.GltfLoader readAnimation
WARNUNG: JME only supports linear interpolation for animations
Sept. 12, 2026 7:43:14 PM com.jme3.scene.plugins.gltf.GltfLoader readAnimation
WARNUNG: JME only supports linear interpolation for animations
Sept. 12, 2026 7:43:14 PM com.jme3.scene.plugins.gltf.GltfLoader readAnimation
WARNUNG: JME only supports linear interpolation for animations
Sept. 12, 2026 7:43:14 PM com.jme3.scene.plugins.gltf.GltfLoader readAnimation
WARNUNG: JME only supports linear interpolation for animations
Sept. 12, 2026 7:43:14 PM com.jme3.scene.plugins.gltf.GltfLoader readAnimation
WARNUNG: JME only supports linear interpolation for animations
Sept. 12, 2026 7:43:14 PM com.jme3.scene.plugins.gltf.GltfLoader readAnimation
WARNUNG: JME only supports linear interpolation for animations
Sept. 12, 2026 7:43:14 PM com.jme3.scene.plugins.gltf.GltfLoader readAnimation
WARNUNG: JME only supports linear interpolation for animations
Sept. 12, 2026 7:43:14 PM com.jme3.scene.plugins.gltf.GltfLoader readAnimation
WARNUNG: JME only supports linear interpolation for animations
Sept. 12, 2026 7:43:14 PM com.jme3.scene.plugins.gltf.GltfLoader readAnimation
WARNUNG: JME only supports linear interpolation for animations
Sept. 12, 2026 7:43:14 PM com.jme3.scene.plugins.gltf.GltfLoader readAnimation
WARNUNG: JME only supports linear interpolation for animations
Sept. 12, 2026 7:43:14 PM com.jme3.scene.plugins.gltf.GltfLoader readAnimation
WARNUNG: JME only supports linear interpolation for animations
Sept. 12, 2026 7:43:14 PM com.jme3.scene.plugins.gltf.GltfLoader readAnimation
WARNUNG: JME only supports linear interpolation for animations
Sept. 12, 2026 7:43:14 PM com.jme3.scene.plugins.gltf.GltfLoader readAnimation
WARNUNG: JME only supports linear interpolation for animations
Sept. 12, 2026 7:43:14 PM com.jme3.scene.plugins.gltf.GltfLoader readAnimation
WARNUNG: JME only supports linear interpolation for animations
Sept. 12, 2026 7:43:14 PM com.jme3.scene.plugins.gltf.GltfLoader readAnimation
WARNUNG: JME only supports linear interpolation for animations
Sept. 12, 2026 7:43:14 PM com.jme3.scene.plugins.gltf.GltfLoader readAnimation
WARNUNG: JME only supports linear interpolation for animations
Sept. 12, 2026 7:43:14 PM com.jme3.scene.plugins.gltf.GltfLoader readAnimation
WARNUNG: JME only supports linear interpolation for animations
Sept. 12, 2026 7:43:14 PM com.jme3.scene.plugins.gltf.GltfLoader readAnimation
WARNUNG: JME only supports linear interpolation for animations
Sept. 12, 2026 7:43:14 PM com.jme3.scene.plugins.gltf.GltfLoader readAnimation
WARNUNG: JME only supports linear interpolation for animations
Sept. 12, 2026 7:43:14 PM com.jme3.scene.plugins.gltf.GltfLoader readAnimation
WARNUNG: JME only supports linear interpolation for animations
Sept. 12, 2026 7:43:14 PM com.jme3.scene.plugins.gltf.GltfLoader readAnimation
WARNUNG: JME only supports linear interpolation for animations
Sept. 12, 2026 7:43:14 PM com.jme3.scene.plugins.gltf.GltfLoader readAnimation
WARNUNG: JME only supports linear interpolation for animations
Sept. 12, 2026 7:43:14 PM com.jme3.scene.plugins.gltf.GltfLoader readAnimation
WARNUNG: JME only supports linear interpolation for animations
Sept. 12, 2026 7:43:14 PM com.jme3.scene.plugins.gltf.GltfLoader readAnimation
WARNUNG: JME only supports linear interpolation for animations
Sept. 12, 2026 7:43:14 PM com.jme3.scene.plugins.gltf.GltfLoader readAnimation
WARNUNG: JME only supports linear interpolation for animations
Sept. 12, 2026 7:43:14 PM com.jme3.scene.plugins.gltf.GltfLoader readAnimation
WARNUNG: JME only supports linear interpolation for animations
Sept. 12, 2026 7:43:14 PM com.jme3.scene.plugins.gltf.GltfLoader readAnimation
WARNUNG: JME only supports linear interpolation for animations
Sept. 12, 2026 7:43:14 PM com.jme3.scene.plugins.gltf.GltfLoader readAnimation
WARNUNG: JME only supports linear interpolation for animations
Sept. 12, 2026 7:43:14 PM com.jme3.scene.plugins.gltf.GltfLoader readAnimation
WARNUNG: JME only supports linear interpolation for animations
Sept. 12, 2026 7:43:14 PM com.jme3.scene.plugins.gltf.GltfLoader readAnimation
WARNUNG: JME only supports linear interpolation for animations
Sept. 12, 2026 7:43:14 PM com.jme3.scene.plugins.gltf.GltfLoader readAnimation
WARNUNG: JME only supports linear interpolation for animations
Sept. 12, 2026 7:43:14 PM com.jme3.scene.plugins.gltf.GltfLoader readAnimation
WARNUNG: JME only supports linear interpolation for animations
Sept. 12, 2026 7:43:14 PM com.jme3.scene.plugins.gltf.GltfLoader readAnimation
WARNUNG: JME only supports linear interpolation for animations
Sept. 12, 2026 7:43:14 PM com.jme3.scene.plugins.gltf.GltfLoader readAnimation
WARNUNG: JME only supports linear interpolation for animations
Sept. 12, 2026 7:43:14 PM com.jme3.scene.plugins.gltf.GltfLoader readAnimation
WARNUNG: JME only supports linear interpolation for animations
Sept. 12, 2026 7:43:14 PM com.jme3.scene.plugins.gltf.GltfLoader readAnimation
WARNUNG: JME only supports linear interpolation for animations
Sept. 12, 2026 7:43:14 PM com.jme3.scene.plugins.gltf.GltfLoader readAnimation
WARNUNG: JME only supports linear interpolation for animations
Sept. 12, 2026 7:43:14 PM com.jme3.scene.plugins.gltf.GltfLoader readAnimation
WARNUNG: JME only supports linear interpolation for animations
Sept. 12, 2026 7:43:14 PM com.jme3.scene.plugins.gltf.GltfLoader readAnimation
WARNUNG: JME only supports linear interpolation for animations
Sept. 12, 2026 7:43:14 PM com.jme3.scene.plugins.gltf.GltfLoader readAnimation
WARNUNG: JME only supports linear interpolation for animations
Sept. 12, 2026 7:43:14 PM com.jme3.scene.plugins.gltf.GltfLoader readAnimation
WARNUNG: JME only supports linear interpolation for animations
Sept. 12, 2026 7:43:14 PM com.jme3.scene.plugins.gltf.GltfLoader readAnimation
WARNUNG: JME only supports linear interpolation for animations
Sept. 12, 2026 7:43:14 PM com.jme3.scene.plugins.gltf.GltfLoader readAnimation
WARNUNG: JME only supports linear interpolation for animations
Sept. 12, 2026 7:43:14 PM com.jme3.scene.plugins.gltf.GltfLoader readAnimation
WARNUNG: JME only supports linear interpolation for animations
Sept. 12, 2026 7:43:14 PM com.jme3.scene.plugins.gltf.GltfLoader readAnimation
WARNUNG: JME only supports linear interpolation for animations
Sept. 12, 2026 7:43:14 PM com.jme3.scene.plugins.gltf.GltfLoader readAnimation
WARNUNG: JME only supports linear interpolation for animations
Sept. 12, 2026 7:43:14 PM com.jme3.scene.plugins.gltf.GltfLoader readAnimation
WARNUNG: JME only supports linear interpolation for animations
Sept. 12, 2026 7:43:14 PM com.jme3.scene.plugins.gltf.GltfLoader readAnimation
WARNUNG: JME only supports linear interpolation for animations
Sept. 12, 2026 7:43:14 PM com.jme3.scene.plugins.gltf.GltfLoader readAnimation
WARNUNG: JME only supports linear interpolation for animations
Sept. 12, 2026 7:43:14 PM com.jme3.scene.plugins.gltf.GltfLoader readAnimation
WARNUNG: JME only supports linear interpolation for animations
Sept. 12, 2026 7:43:14 PM com.jme3.scene.plugins.gltf.GltfLoader readAnimation
WARNUNG: JME only supports linear interpolation for animations
Sept. 12, 2026 7:43:14 PM com.jme3.scene.plugins.gltf.GltfLoader readAnimation
WARNUNG: JME only supports linear interpolation for animations
Sept. 12, 2026 7:43:14 PM com.jme3.scene.plugins.gltf.GltfLoader readAnimation
WARNUNG: JME only supports linear interpolation for animations
Sept. 12, 2026 7:43:14 PM com.jme3.scene.plugins.gltf.GltfLoader readAnimation
WARNUNG: JME only supports linear interpolation for animations
Sept. 12, 2026 7:43:14 PM com.jme3.scene.plugins.gltf.GltfLoader readAnimation
WARNUNG: JME only supports linear interpolation for animations
Sept. 12, 2026 7:43:14 PM com.jme3.scene.plugins.gltf.GltfLoader readAnimation
WARNUNG: JME only supports linear interpolation for animations
Sept. 12, 2026 7:43:14 PM com.jme3.scene.plugins.gltf.GltfLoader readAnimation
WARNUNG: JME only supports linear interpolation for animations
Sept. 12, 2026 7:43:14 PM com.jme3.scene.plugins.gltf.GltfLoader readAnimation
WARNUNG: JME only supports linear interpolation for animations
Sept. 12, 2026 7:43:14 PM com.jme3.scene.plugins.gltf.GltfLoader readAnimation
WARNUNG: JME only supports linear interpolation for animations
Sept. 12, 2026 7:43:14 PM com.jme3.scene.plugins.gltf.GltfLoader readAnimation
WARNUNG: JME only supports linear interpolation for animations
Sept. 12, 2026 7:43:14 PM com.jme3.scene.plugins.gltf.GltfLoader readAnimation
WARNUNG: JME only supports linear interpolation for animations
Sept. 12, 2026 7:43:14 PM com.jme3.scene.plugins.gltf.GltfLoader readAnimation
WARNUNG: JME only supports linear interpolation for animations
Sept. 12, 2026 7:43:14 PM com.jme3.scene.plugins.gltf.GltfLoader readAnimation
WARNUNG: JME only supports linear interpolation for animations
Sept. 12, 2026 7:43:14 PM com.jme3.scene.plugins.gltf.GltfLoader readAnimation
WARNUNG: JME only supports linear interpolation for animations
Sept. 12, 2026 7:43:14 PM com.jme3.scene.plugins.gltf.GltfLoader readAnimation
WARNUNG: JME only supports linear interpolation for animations
Sept. 12, 2026 7:43:14 PM com.jme3.scene.plugins.gltf.GltfLoader readAnimation
WARNUNG: JME only supports linear interpolation for animations
Sept. 12, 2026 7:43:14 PM com.jme3.scene.plugins.gltf.GltfLoader readAnimation
WARNUNG: JME only supports linear interpolation for animations
Sept. 12, 2026 7:43:14 PM com.jme3.scene.plugins.gltf.GltfLoader readAnimation
WARNUNG: JME only supports linear interpolation for animations
Sept. 12, 2026 7:43:14 PM com.jme3.scene.plugins.gltf.GltfLoader readAnimation
WARNUNG: JME only supports linear interpolation for animations
Sept. 12, 2026 7:43:14 PM com.jme3.scene.plugins.gltf.GltfLoader readAnimation
WARNUNG: JME only supports linear interpolation for animations
Sept. 12, 2026 7:43:14 PM com.jme3.scene.plugins.gltf.GltfLoader readAnimation
WARNUNG: JME only supports linear interpolation for animations
Sept. 12, 2026 7:43:14 PM com.jme3.scene.plugins.gltf.GltfLoader readAnimation
WARNUNG: JME only supports linear interpolation for animations
Sept. 12, 2026 7:43:14 PM com.jme3.scene.plugins.gltf.GltfLoader readAnimation
WARNUNG: JME only supports linear interpolation for animations
Sept. 12, 2026 7:43:14 PM com.jme3.scene.plugins.gltf.GltfLoader readAnimation
WARNUNG: JME only supports linear interpolation for animations
Sept. 12, 2026 7:43:14 PM com.jme3.scene.plugins.gltf.GltfLoader readAnimation
WARNUNG: JME only supports linear interpolation for animations
Sept. 12, 2026 7:43:14 PM com.jme3.scene.plugins.gltf.GltfLoader readAnimation
WARNUNG: JME only supports linear interpolation for animations
Sept. 12, 2026 7:43:14 PM com.jme3.scene.plugins.gltf.GltfLoader readAnimation
WARNUNG: JME only supports linear interpolation for animations
Sept. 12, 2026 7:43:14 PM com.jme3.scene.plugins.gltf.GltfLoader readAnimation
WARNUNG: JME only supports linear interpolation for animations
Sept. 12, 2026 7:43:14 PM com.jme3.scene.plugins.gltf.GltfLoader readAnimation
WARNUNG: JME only supports linear interpolation for animations
Sept. 12, 2026 7:43:14 PM com.jme3.scene.plugins.gltf.GltfLoader readAnimation
WARNUNG: JME only supports linear interpolation for animations
Sept. 12, 2026 7:43:14 PM com.jme3.scene.plugins.gltf.GltfLoader readAnimation
WARNUNG: JME only supports linear interpolation for animations
Sept. 12, 2026 7:43:14 PM com.jme3.scene.plugins.gltf.GltfLoader readAnimation
WARNUNG: JME only supports linear interpolation for animations
Sept. 12, 2026 7:43:14 PM com.jme3.scene.plugins.gltf.GltfLoader readAnimation
WARNUNG: JME only supports linear interpolation for animations
Sept. 12, 2026 7:43:14 PM com.jme3.scene.plugins.gltf.GltfLoader readAnimation
WARNUNG: JME only supports linear interpolation for animations
Sept. 12, 2026 7:43:14 PM com.jme3.scene.plugins.gltf.GltfLoader readAnimation
WARNUNG: JME only supports linear interpolation for animations
Sept. 12, 2026 7:43:14 PM com.jme3.scene.plugins.gltf.GltfLoader readAnimation
WARNUNG: JME only supports linear interpolation for animations
Sept. 12, 2026 7:43:14 PM com.jme3.scene.plugins.gltf.GltfLoader readAnimation
WARNUNG: JME only supports linear interpolation for animations
Sept. 12, 2026 7:43:14 PM com.jme3.scene.plugins.gltf.GltfLoader readAnimation
WARNUNG: JME only supports linear interpolation for animations
Sept. 12, 2026 7:43:14 PM com.jme3.scene.plugins.gltf.GltfLoader readAnimation
WARNUNG: JME only supports linear interpolation for animations
Sept. 12, 2026 7:43:14 PM com.jme3.scene.plugins.gltf.GltfLoader readAnimation
WARNUNG: JME only supports linear interpolation for animations
Sept. 12, 2026 7:43:14 PM com.jme3.scene.plugins.gltf.GltfLoader readAnimation
WARNUNG: JME only supports linear interpolation for animations
Sept. 12, 2026 7:43:14 PM com.jme3.scene.plugins.gltf.GltfLoader readAnimation
WARNUNG: JME only supports linear interpolation for animations
Sept. 12, 2026 7:43:14 PM com.jme3.scene.plugins.gltf.GltfLoader readAnimation
WARNUNG: JME only supports linear interpolation for animations
Sept. 12, 2026 7:43:14 PM com.jme3.scene.plugins.gltf.GltfLoader readAnimation
WARNUNG: JME only supports linear interpolation for animations
Sept. 12, 2026 7:43:14 PM com.jme3.scene.plugins.gltf.GltfLoader readAnimation
WARNUNG: JME only supports linear interpolation for animations
Sept. 12, 2026 7:43:14 PM com.jme3.scene.plugins.gltf.GltfLoader readAnimation
WARNUNG: JME only supports linear interpolation for animations
Sept. 12, 2026 7:43:14 PM com.jme3.scene.plugins.gltf.GltfLoader readAnimation
WARNUNG: JME only supports linear interpolation for animations
Sept. 12, 2026 7:43:14 PM com.jme3.scene.plugins.gltf.GltfLoader readAnimation
WARNUNG: JME only supports linear interpolation for animations
Sept. 12, 2026 7:43:14 PM com.jme3.scene.plugins.gltf.GltfLoader readAnimation
WARNUNG: JME only supports linear interpolation for animations
Sept. 12, 2026 7:43:14 PM com.jme3.scene.plugins.gltf.GltfLoader readAnimation
WARNUNG: JME only supports linear interpolation for animations
Sept. 12, 2026 7:43:14 PM com.jme3.scene.plugins.gltf.GltfLoader readAnimation
WARNUNG: JME only supports linear interpolation for animations
Sept. 12, 2026 7:43:14 PM com.jme3.scene.plugins.gltf.GltfLoader readAnimation
WARNUNG: JME only supports linear interpolation for animations
Sept. 12, 2026 7:43:14 PM com.jme3.scene.plugins.gltf.GltfLoader readAnimation
WARNUNG: JME only supports linear interpolation for animations
Sept. 12, 2026 7:43:14 PM com.jme3.scene.plugins.gltf.GltfLoader readAnimation
WARNUNG: JME only supports linear interpolation for animations
Sept. 12, 2026 7:43:14 PM com.jme3.scene.plugins.gltf.GltfLoader readAnimation
WARNUNG: JME only supports linear interpolation for animations
Sept. 12, 2026 7:43:14 PM com.jme3.scene.plugins.gltf.GltfLoader readAnimation
WARNUNG: JME only supports linear interpolation for animations
Sept. 12, 2026 7:43:14 PM com.jme3.scene.plugins.gltf.GltfLoader readAnimation
WARNUNG: JME only supports linear interpolation for animations
Sept. 12, 2026 7:43:14 PM com.jme3.scene.plugins.gltf.GltfLoader readAnimation
WARNUNG: JME only supports linear interpolation for animations
Sept. 12, 2026 7:43:14 PM com.jme3.scene.plugins.gltf.GltfLoader readAnimation
WARNUNG: JME only supports linear interpolation for animations
Sept. 12, 2026 7:43:14 PM com.jme3.scene.plugins.gltf.GltfLoader readAnimation
WARNUNG: JME only supports linear interpolation for animations
Sept. 12, 2026 7:43:14 PM com.jme3.scene.plugins.gltf.GltfLoader readAnimation
WARNUNG: JME only supports linear interpolation for animations
Sept. 12, 2026 7:43:14 PM com.jme3.scene.plugins.gltf.GltfLoader readAnimation
WARNUNG: JME only supports linear interpolation for animations
Sept. 12, 2026 7:43:14 PM com.jme3.scene.plugins.gltf.GltfLoader readAnimation
WARNUNG: JME only supports linear interpolation for animations
Sept. 12, 2026 7:43:14 PM com.jme3.scene.plugins.gltf.GltfLoader readAnimation
WARNUNG: JME only supports linear interpolation for animations
Sept. 12, 2026 7:43:14 PM com.jme3.scene.plugins.gltf.GltfLoader readAnimation
WARNUNG: JME only supports linear interpolation for animations
Sept. 12, 2026 7:43:14 PM com.jme3.scene.plugins.gltf.GltfLoader readAnimation
WARNUNG: JME only supports linear interpolation for animations
Sept. 12, 2026 7:43:14 PM com.jme3.scene.plugins.gltf.GltfLoader readAnimation
WARNUNG: JME only supports linear interpolation for animations
Sept. 12, 2026 7:43:14 PM com.jme3.scene.plugins.gltf.GltfLoader readAnimation
WARNUNG: JME only supports linear interpolation for animations
Sept. 12, 2026 7:43:14 PM com.jme3.scene.plugins.gltf.GltfLoader readAnimation
WARNUNG: JME only supports linear interpolation for animations
Sept. 12, 2026 7:43:14 PM com.jme3.scene.plugins.gltf.GltfLoader readAnimation
WARNUNG: JME only supports linear interpolation for animations
Sept. 12, 2026 7:43:14 PM com.jme3.scene.plugins.gltf.GltfLoader readAnimation
WARNUNG: JME only supports linear interpolation for animations
Sept. 12, 2026 7:43:14 PM com.jme3.scene.plugins.gltf.GltfLoader readAnimation
WARNUNG: JME only supports linear interpolation for animations
Sept. 12, 2026 7:43:14 PM com.jme3.scene.plugins.gltf.GltfLoader readAnimation
WARNUNG: JME only supports linear interpolation for animations
Sept. 12, 2026 7:43:14 PM com.jme3.scene.plugins.gltf.GltfLoader readAnimation
WARNUNG: JME only supports linear interpolation for animations
Sept. 12, 2026 7:43:14 PM com.jme3.scene.plugins.gltf.GltfLoader readAnimation
WARNUNG: JME only supports linear interpolation for animations
Sept. 12, 2026 7:43:14 PM com.jme3.scene.plugins.gltf.GltfLoader readAnimation
WARNUNG: JME only supports linear interpolation for animations
Sept. 12, 2026 7:43:14 PM com.jme3.scene.plugins.gltf.GltfLoader readAnimation
WARNUNG: JME only supports linear interpolation for animations
Sept. 12, 2026 7:43:14 PM com.jme3.scene.plugins.gltf.GltfLoader readAnimation
WARNUNG: JME only supports linear interpolation for animations
Sept. 12, 2026 7:43:14 PM com.jme3.scene.plugins.gltf.GltfLoader readAnimation
WARNUNG: JME only supports linear interpolation for animations
Sept. 12, 2026 7:43:14 PM com.jme3.scene.plugins.gltf.GltfLoader readAnimation
WARNUNG: JME only supports linear interpolation for animations
Sept. 12, 2026 7:43:14 PM com.jme3.scene.plugins.gltf.GltfLoader readAnimation
WARNUNG: JME only supports linear interpolation for animations
Sept. 12, 2026 7:43:14 PM com.jme3.scene.plugins.gltf.GltfLoader readAnimation
WARNUNG: JME only supports linear interpolation for animations
Sept. 12, 2026 7:43:14 PM com.jme3.scene.plugins.gltf.GltfLoader readAnimation
WARNUNG: JME only supports linear interpolation for animations
Sept. 12, 2026 7:43:14 PM com.jme3.scene.plugins.gltf.GltfLoader readAnimation
WARNUNG: JME only supports linear interpolation for animations
Sept. 12, 2026 7:43:14 PM com.jme3.scene.plugins.gltf.GltfLoader readAnimation
WARNUNG: JME only supports linear interpolation for animations
Sept. 12, 2026 7:43:14 PM com.jme3.scene.plugins.gltf.GltfLoader readAnimation
WARNUNG: JME only supports linear interpolation for animations
Sept. 12, 2026 7:43:14 PM com.jme3.scene.plugins.gltf.GltfLoader readAnimation
WARNUNG: JME only supports linear interpolation for animations
Sept. 12, 2026 7:43:14 PM com.jme3.scene.plugins.gltf.GltfLoader readAnimation
WARNUNG: JME only supports linear interpolation for animations
Sept. 12, 2026 7:43:14 PM com.jme3.scene.plugins.gltf.GltfLoader readAnimation
WARNUNG: JME only supports linear interpolation for animations
Sept. 12, 2026 7:43:14 PM com.jme3.scene.plugins.gltf.GltfLoader readAnimation
WARNUNG: JME only supports linear interpolation for animations
Sept. 12, 2026 7:43:14 PM com.jme3.scene.plugins.gltf.GltfLoader readAnimation
WARNUNG: JME only supports linear interpolation for animations
Sept. 12, 2026 7:43:14 PM com.jme3.scene.plugins.gltf.GltfLoader readAnimation
WARNUNG: JME only supports linear interpolation for animations
Sept. 12, 2026 7:43:14 PM com.jme3.scene.plugins.gltf.GltfLoader readAnimation
WARNUNG: JME only supports linear interpolation for animations
Sept. 12, 2026 7:43:14 PM com.jme3.scene.plugins.gltf.GltfLoader readAnimation
WARNUNG: JME only supports linear interpolation for animations
Sept. 12, 2026 7:43:14 PM com.jme3.scene.plugins.gltf.GltfLoader readAnimation
WARNUNG: JME only supports linear interpolation for animations
Sept. 12, 2026 7:43:14 PM com.jme3.scene.plugins.gltf.GltfLoader readAnimation
WARNUNG: JME only supports linear interpolation for animations
Sept. 12, 2026 7:43:14 PM com.jme3.scene.plugins.gltf.GltfLoader readAnimation
WARNUNG: JME only supports linear interpolation for animations
Sept. 12, 2026 7:43:14 PM com.jme3.scene.plugins.gltf.GltfLoader readAnimation
WARNUNG: JME only supports linear interpolation for animations
Sept. 12, 2026 7:43:14 PM com.jme3.scene.plugins.gltf.GltfLoader readAnimation
WARNUNG: JME only supports linear interpolation for animations
Sept. 12, 2026 7:43:14 PM com.jme3.scene.plugins.gltf.GltfLoader readAnimation
WARNUNG: JME only supports linear interpolation for animations
Sept. 12, 2026 7:43:14 PM com.jme3.scene.plugins.gltf.GltfLoader readAnimation
WARNUNG: JME only supports linear interpolation for animations
Sept. 12, 2026 7:43:14 PM com.jme3.scene.plugins.gltf.GltfLoader readAnimation
WARNUNG: JME only supports linear interpolation for animations
Sept. 12, 2026 7:43:14 PM com.jme3.scene.plugins.gltf.GltfLoader readAnimation
WARNUNG: JME only supports linear interpolation for animations
Sept. 12, 2026 7:43:14 PM com.jme3.scene.plugins.gltf.GltfLoader readAnimation
WARNUNG: JME only supports linear interpolation for animations
Sept. 12, 2026 7:43:14 PM com.jme3.scene.plugins.gltf.GltfLoader readAnimation
WARNUNG: JME only supports linear interpolation for animations
Sept. 12, 2026 7:43:14 PM com.jme3.scene.plugins.gltf.GltfLoader readAnimation
WARNUNG: JME only supports linear interpolation for animations
Sept. 12, 2026 7:43:14 PM com.jme3.scene.plugins.gltf.GltfLoader readAnimation
WARNUNG: JME only supports linear interpolation for animations
Sept. 12, 2026 7:43:14 PM com.jme3.scene.plugins.gltf.GltfLoader readAnimation
WARNUNG: JME only supports linear interpolation for animations
Sept. 12, 2026 7:43:14 PM com.jme3.scene.plugins.gltf.GltfLoader readAnimation
WARNUNG: JME only supports linear interpolation for animations
Sept. 12, 2026 7:43:14 PM com.jme3.scene.plugins.gltf.GltfLoader readAnimation
WARNUNG: JME only supports linear interpolation for animations
Sept. 12, 2026 7:43:14 PM com.jme3.scene.plugins.gltf.GltfLoader readAnimation
WARNUNG: JME only supports linear interpolation for animations
Sept. 12, 2026 7:43:14 PM com.jme3.scene.plugins.gltf.GltfLoader readAnimation
WARNUNG: JME only supports linear interpolation for animations
Sept. 12, 2026 7:43:14 PM com.jme3.scene.plugins.gltf.GltfLoader readAnimation
WARNUNG: JME only supports linear interpolation for animations
Sept. 12, 2026 7:43:14 PM com.jme3.scene.plugins.gltf.GltfLoader readAnimation
WARNUNG: JME only supports linear interpolation for animations
Sept. 12, 2026 7:43:14 PM com.jme3.scene.plugins.gltf.GltfLoader readAnimation
WARNUNG: JME only supports linear interpolation for animations
Sept. 12, 2026 7:43:14 PM com.jme3.scene.plugins.gltf.GltfLoader readAnimation
WARNUNG: JME only supports linear interpolation for animations
Sept. 12, 2026 7:43:14 PM com.jme3.scene.plugins.gltf.GltfLoader readAnimation
WARNUNG: JME only supports linear interpolation for animations
Sept. 12, 2026 7:43:14 PM com.jme3.scene.plugins.gltf.GltfLoader readAnimation
WARNUNG: JME only supports linear interpolation for animations
Sept. 12, 2026 7:43:14 PM com.jme3.scene.plugins.gltf.GltfLoader readAnimation
WARNUNG: JME only supports linear interpolation for animations
Sept. 12, 2026 7:43:14 PM com.jme3.scene.plugins.gltf.GltfLoader readAnimation
WARNUNG: JME only supports linear interpolation for animations
Sept. 12, 2026 7:43:14 PM com.jme3.scene.plugins.gltf.GltfLoader readAnimation
WARNUNG: JME only supports linear interpolation for animations
Sept. 12, 2026 7:43:14 PM com.jme3.scene.plugins.gltf.GltfLoader readAnimation
WARNUNG: JME only supports linear interpolation for animations
Sept. 12, 2026 7:43:14 PM com.jme3.scene.plugins.gltf.GltfLoader readAnimation
WARNUNG: JME only supports linear interpolation for animations
Sept. 12, 2026 7:43:14 PM com.jme3.scene.plugins.gltf.GltfLoader readAnimation
WARNUNG: JME only supports linear interpolation for animations
Sept. 12, 2026 7:43:14 PM com.jme3.scene.plugins.gltf.GltfLoader readAnimation
WARNUNG: JME only supports linear interpolation for animations
Sept. 12, 2026 7:43:14 PM com.jme3.scene.plugins.gltf.GltfLoader readAnimation
WARNUNG: JME only supports linear interpolation for animations
Sept. 12, 2026 7:43:14 PM com.jme3.scene.plugins.gltf.GltfLoader readAnimation
WARNUNG: JME only supports linear interpolation for animations
Sept. 12, 2026 7:43:14 PM com.jme3.scene.plugins.gltf.GltfLoader readAnimation
WARNUNG: JME only supports linear interpolation for animations
Sept. 12, 2026 7:43:14 PM com.jme3.scene.plugins.gltf.GltfLoader readAnimation
WARNUNG: JME only supports linear interpolation for animations
Sept. 12, 2026 7:43:14 PM com.jme3.scene.plugins.gltf.GltfLoader readAnimation
WARNUNG: JME only supports linear interpolation for animations
Sept. 12, 2026 7:43:14 PM com.jme3.scene.plugins.gltf.GltfLoader readAnimation
WARNUNG: JME only supports linear interpolation for animations
Sept. 12, 2026 7:43:14 PM com.jme3.scene.plugins.gltf.GltfLoader readAnimation
WARNUNG: JME only supports linear interpolation for animations
Sept. 12, 2026 7:43:14 PM com.jme3.scene.plugins.gltf.GltfLoader readAnimation
WARNUNG: JME only supports linear interpolation for animations
Sept. 12, 2026 7:43:14 PM com.jme3.scene.plugins.gltf.GltfLoader readAnimation
WARNUNG: JME only supports linear interpolation for animations
Sept. 12, 2026 7:43:14 PM com.jme3.scene.plugins.gltf.GltfLoader readAnimation
WARNUNG: JME only supports linear interpolation for animations
Sept. 12, 2026 7:43:14 PM com.jme3.scene.plugins.gltf.GltfLoader readAnimation
WARNUNG: JME only supports linear interpolation for animations
Sept. 12, 2026 7:43:14 PM com.jme3.scene.plugins.gltf.GltfLoader readAnimation
WARNUNG: JME only supports linear interpolation for animations
Sept. 12, 2026 7:43:14 PM com.jme3.scene.plugins.gltf.GltfLoader readAnimation
WARNUNG: JME only supports linear interpolation for animations
Sept. 12, 2026 7:43:14 PM com.jme3.scene.plugins.gltf.GltfLoader readAnimation
WARNUNG: JME only supports linear interpolation for animations
Sept. 12, 2026 7:43:14 PM com.jme3.scene.plugins.gltf.GltfLoader readAnimation
WARNUNG: JME only supports linear interpolation for animations
Sept. 12, 2026 7:43:14 PM com.jme3.scene.plugins.gltf.GltfLoader readAnimation
WARNUNG: JME only supports linear interpolation for animations
Sept. 12, 2026 7:43:14 PM com.jme3.scene.plugins.gltf.GltfLoader readAnimation
WARNUNG: JME only supports linear interpolation for animations
Sept. 12, 2026 7:43:14 PM com.jme3.scene.plugins.gltf.GltfLoader readAnimation
WARNUNG: JME only supports linear interpolation for animations
Sept. 12, 2026 7:43:14 PM com.jme3.scene.plugins.gltf.GltfLoader readAnimation
WARNUNG: JME only supports linear interpolation for animations
Sept. 12, 2026 7:43:14 PM com.jme3.scene.plugins.gltf.GltfLoader readAnimation
WARNUNG: JME only supports linear interpolation for animations
Sept. 12, 2026 7:43:14 PM com.jme3.scene.plugins.gltf.GltfLoader readAnimation
WARNUNG: JME only supports linear interpolation for animations
Sept. 12, 2026 7:43:14 PM com.jme3.scene.plugins.gltf.GltfLoader readAnimation
WARNUNG: JME only supports linear interpolation for animations
Sept. 12, 2026 7:43:14 PM com.jme3.scene.plugins.gltf.GltfLoader readAnimation
WARNUNG: JME only supports linear interpolation for animations
Sept. 12, 2026 7:43:14 PM com.jme3.scene.plugins.gltf.GltfLoader readAnimation
WARNUNG: JME only supports linear interpolation for animations
Sept. 12, 2026 7:43:14 PM com.jme3.scene.plugins.gltf.GltfLoader readAnimation
WARNUNG: JME only supports linear interpolation for animations
Sept. 12, 2026 7:43:14 PM com.jme3.scene.plugins.gltf.GltfLoader readAnimation
WARNUNG: JME only supports linear interpolation for animations
Sept. 12, 2026 7:43:14 PM com.jme3.scene.plugins.gltf.GltfLoader readAnimation
WARNUNG: JME only supports linear interpolation for animations
Sept. 12, 2026 7:43:14 PM com.jme3.scene.plugins.gltf.GltfLoader readAnimation
WARNUNG: JME only supports linear interpolation for animations
Sept. 12, 2026 7:43:14 PM com.jme3.scene.plugins.gltf.GltfLoader readAnimation
WARNUNG: JME only supports linear interpolation for animations
Sept. 12, 2026 7:43:14 PM com.jme3.scene.plugins.gltf.GltfLoader readAnimation
WARNUNG: JME only supports linear interpolation for animations
Sept. 12, 2026 7:43:14 PM com.jme3.scene.plugins.gltf.GltfLoader readAnimation
WARNUNG: JME only supports linear interpolation for animations
Sept. 12, 2026 7:43:14 PM com.jme3.scene.plugins.gltf.GltfLoader readAnimation
WARNUNG: JME only supports linear interpolation for animations
Sept. 12, 2026 7:43:14 PM com.jme3.scene.plugins.gltf.GltfLoader readAnimation
WARNUNG: JME only supports linear interpolation for animations
Sept. 12, 2026 7:43:14 PM com.jme3.scene.plugins.gltf.GltfLoader readAnimation
WARNUNG: JME only supports linear interpolation for animations
Sept. 12, 2026 7:43:14 PM com.jme3.scene.plugins.gltf.GltfLoader readAnimation
WARNUNG: JME only supports linear interpolation for animations
Sept. 12, 2026 7:43:14 PM com.jme3.scene.plugins.gltf.GltfLoader readAnimation
WARNUNG: JME only supports linear interpolation for animations
Sept. 12, 2026 7:43:14 PM com.jme3.scene.plugins.gltf.GltfLoader readAnimation
WARNUNG: JME only supports linear interpolation for animations
Sept. 12, 2026 7:43:14 PM com.jme3.scene.plugins.gltf.GltfLoader readAnimation
WARNUNG: JME only supports linear interpolation for animations
Sept. 12, 2026 7:43:14 PM com.jme3.scene.plugins.gltf.GltfLoader readAnimation
WARNUNG: JME only supports linear interpolation for animations
Sept. 12, 2026 7:43:14 PM com.jme3.scene.plugins.gltf.GltfLoader readAnimation
WARNUNG: JME only supports linear interpolation for animations
Sept. 12, 2026 7:43:14 PM com.jme3.scene.plugins.gltf.GltfLoader readAnimation
WARNUNG: JME only supports linear interpolation for animations
Sept. 12, 2026 7:43:14 PM com.jme3.scene.plugins.gltf.GltfLoader readAnimation
WARNUNG: JME only supports linear interpolation for animations
Sept. 12, 2026 7:43:14 PM com.jme3.scene.plugins.gltf.GltfLoader readAnimation
WARNUNG: JME only supports linear interpolation for animations
Sept. 12, 2026 7:43:14 PM com.jme3.scene.plugins.gltf.GltfLoader readAnimation
WARNUNG: JME only supports linear interpolation for animations
Sept. 12, 2026 7:43:14 PM com.jme3.scene.plugins.gltf.GltfLoader readAnimation
WARNUNG: JME only supports linear interpolation for animations
Sept. 12, 2026 7:43:14 PM com.jme3.scene.plugins.gltf.GltfLoader readAnimation
WARNUNG: JME only supports linear interpolation for animations
Sept. 12, 2026 7:43:14 PM com.jme3.scene.plugins.gltf.GltfLoader readAnimation
WARNUNG: JME only supports linear interpolation for animations
Sept. 12, 2026 7:43:14 PM com.jme3.scene.plugins.gltf.GltfLoader readAnimation
WARNUNG: JME only supports linear interpolation for animations
Sept. 12, 2026 7:43:14 PM com.jme3.scene.plugins.gltf.GltfLoader readAnimation
WARNUNG: JME only supports linear interpolation for animations
Sept. 12, 2026 7:43:14 PM com.jme3.scene.plugins.gltf.GltfLoader readAnimation
WARNUNG: JME only supports linear interpolation for animations
Sept. 12, 2026 7:43:14 PM com.jme3.scene.plugins.gltf.GltfLoader readAnimation
WARNUNG: JME only supports linear interpolation for animations
Sept. 12, 2026 7:43:14 PM com.jme3.scene.plugins.gltf.GltfLoader readAnimation
WARNUNG: JME only supports linear interpolation for animations
Sept. 12, 2026 7:43:14 PM com.jme3.scene.plugins.gltf.GltfLoader readAnimation
WARNUNG: JME only supports linear interpolation for animations
Sept. 12, 2026 7:43:14 PM com.jme3.scene.plugins.gltf.GltfLoader readAnimation
WARNUNG: JME only supports linear interpolation for animations
Sept. 12, 2026 7:43:14 PM com.jme3.scene.plugins.gltf.GltfLoader readAnimation
WARNUNG: JME only supports linear interpolation for animations
Sept. 12, 2026 7:43:14 PM com.jme3.scene.plugins.gltf.GltfLoader readAnimation
WARNUNG: JME only supports linear interpolation for animations
Sept. 12, 2026 7:43:14 PM com.jme3.scene.plugins.gltf.GltfLoader readAnimation
WARNUNG: JME only supports linear interpolation for animations
Sept. 12, 2026 7:43:14 PM com.jme3.scene.plugins.gltf.GltfLoader readAnimation
WARNUNG: JME only supports linear interpolation for animations
Sept. 12, 2026 7:43:14 PM com.jme3.scene.plugins.gltf.GltfLoader readAnimation
WARNUNG: JME only supports linear interpolation for animations
Sept. 12, 2026 7:43:14 PM com.jme3.scene.plugins.gltf.GltfLoader readAnimation
WARNUNG: JME only supports linear interpolation for animations
Sept. 12, 2026 7:43:14 PM com.jme3.scene.plugins.gltf.GltfLoader readAnimation
WARNUNG: JME only supports linear interpolation for animations
Sept. 12, 2026 7:43:14 PM com.jme3.scene.plugins.gltf.GltfLoader readAnimation
WARNUNG: JME only supports linear interpolation for animations
Sept. 12, 2026 7:43:14 PM com.jme3.scene.plugins.gltf.GltfLoader readAnimation
WARNUNG: JME only supports linear interpolation for animations
Sept. 12, 2026 7:43:14 PM com.jme3.scene.plugins.gltf.GltfLoader readAnimation
WARNUNG: JME only supports linear interpolation for animations
Sept. 12, 2026 7:43:14 PM com.jme3.scene.plugins.gltf.GltfLoader readAnimation
WARNUNG: JME only supports linear interpolation for animations
Sept. 12, 2026 7:43:14 PM com.jme3.scene.plugins.gltf.GltfLoader readAnimation
WARNUNG: JME only supports linear interpolation for animations
Sept. 12, 2026 7:43:14 PM com.jme3.scene.plugins.gltf.GltfLoader readAnimation
WARNUNG: JME only supports linear interpolation for animations
Sept. 12, 2026 7:43:14 PM com.jme3.scene.plugins.gltf.GltfLoader readAnimation
WARNUNG: JME only supports linear interpolation for animations
Sept. 12, 2026 7:43:14 PM com.jme3.scene.plugins.gltf.GltfLoader readAnimation
WARNUNG: JME only supports linear interpolation for animations
Sept. 12, 2026 7:43:14 PM com.jme3.scene.plugins.gltf.GltfLoader readAnimation
WARNUNG: JME only supports linear interpolation for animations
Sept. 12, 2026 7:43:14 PM com.jme3.scene.plugins.gltf.GltfLoader readAnimation
WARNUNG: JME only supports linear interpolation for animations
Sept. 12, 2026 7:43:14 PM com.jme3.scene.plugins.gltf.GltfLoader readAnimation
WARNUNG: JME only supports linear interpolation for animations
Sept. 12, 2026 7:43:14 PM com.jme3.scene.plugins.gltf.GltfLoader readAnimation
WARNUNG: JME only supports linear interpolation for animations
Sept. 12, 2026 7:43:14 PM com.jme3.scene.plugins.gltf.GltfLoader readAnimation
WARNUNG: JME only supports linear interpolation for animations
Sept. 12, 2026 7:43:14 PM com.jme3.scene.plugins.gltf.GltfLoader readAnimation
WARNUNG: JME only supports linear interpolation for animations
Sept. 12, 2026 7:43:14 PM com.jme3.scene.plugins.gltf.GltfLoader readAnimation
WARNUNG: JME only supports linear interpolation for animations
Sept. 12, 2026 7:43:14 PM com.jme3.scene.plugins.gltf.GltfLoader readAnimation
WARNUNG: JME only supports linear interpolation for animations
Sept. 12, 2026 7:43:14 PM com.jme3.scene.plugins.gltf.GltfLoader readAnimation
WARNUNG: JME only supports linear interpolation for animations
Sept. 12, 2026 7:43:14 PM com.jme3.scene.plugins.gltf.GltfLoader readAnimation
WARNUNG: JME only supports linear interpolation for animations
Sept. 12, 2026 7:43:14 PM com.jme3.scene.plugins.gltf.GltfLoader readAnimation
WARNUNG: JME only supports linear interpolation for animations
Sept. 12, 2026 7:43:14 PM com.jme3.scene.plugins.gltf.GltfLoader readAnimation
WARNUNG: JME only supports linear interpolation for animations
Sept. 12, 2026 7:43:14 PM com.jme3.scene.plugins.gltf.GltfLoader readAnimation
WARNUNG: JME only supports linear interpolation for animations
Sept. 12, 2026 7:43:14 PM com.jme3.scene.plugins.gltf.GltfLoader readAnimation
WARNUNG: JME only supports linear interpolation for animations
Sept. 12, 2026 7:43:14 PM com.jme3.scene.plugins.gltf.GltfLoader readAnimation
WARNUNG: JME only supports linear interpolation for animations
Sept. 12, 2026 7:43:14 PM com.jme3.scene.plugins.gltf.GltfLoader readAnimation
WARNUNG: JME only supports linear interpolation for animations
Sept. 12, 2026 7:43:14 PM com.jme3.scene.plugins.gltf.GltfLoader readAnimation
WARNUNG: JME only supports linear interpolation for animations
Sept. 12, 2026 7:43:14 PM com.jme3.scene.plugins.gltf.GltfLoader readAnimation
WARNUNG: JME only supports linear interpolation for animations
Sept. 12, 2026 7:43:14 PM com.jme3.scene.plugins.gltf.GltfLoader readAnimation
WARNUNG: JME only supports linear interpolation for animations
Sept. 12, 2026 7:43:14 PM com.jme3.scene.plugins.gltf.GltfLoader readAnimation
WARNUNG: JME only supports linear interpolation for animations
Sept. 12, 2026 7:43:14 PM com.jme3.scene.plugins.gltf.GltfLoader readAnimation
WARNUNG: JME only supports linear interpolation for animations
Sept. 12, 2026 7:43:14 PM com.jme3.scene.plugins.gltf.GltfLoader readAnimation
WARNUNG: JME only supports linear interpolation for animations
Sept. 12, 2026 7:43:14 PM com.jme3.scene.plugins.gltf.GltfLoader readAnimation
WARNUNG: JME only supports linear interpolation for animations
Sept. 12, 2026 7:43:14 PM com.jme3.scene.plugins.gltf.GltfLoader readAnimation
WARNUNG: JME only supports linear interpolation for animations
Sept. 12, 2026 7:43:14 PM com.jme3.scene.plugins.gltf.GltfLoader readAnimation
WARNUNG: JME only supports linear interpolation for animations
Sept. 12, 2026 7:43:14 PM com.jme3.scene.plugins.gltf.GltfLoader readAnimation
WARNUNG: JME only supports linear interpolation for animations
Sept. 12, 2026 7:43:14 PM com.jme3.scene.plugins.gltf.GltfLoader readAnimation
WARNUNG: JME only supports linear interpolation for animations
Sept. 12, 2026 7:43:14 PM com.jme3.scene.plugins.gltf.GltfLoader readAnimation
WARNUNG: JME only supports linear interpolation for animations
Sept. 12, 2026 7:43:14 PM com.jme3.scene.plugins.gltf.GltfLoader readAnimation
WARNUNG: JME only supports linear interpolation for animations
Sept. 12, 2026 7:43:14 PM com.jme3.scene.plugins.gltf.GltfLoader readAnimation
WARNUNG: JME only supports linear interpolation for animations
Sept. 12, 2026 7:43:14 PM com.jme3.scene.plugins.gltf.GltfLoader readAnimation
WARNUNG: JME only supports linear interpolation for animations
Sept. 12, 2026 7:43:14 PM com.jme3.scene.plugins.gltf.GltfLoader readAnimation
WARNUNG: JME only supports linear interpolation for animations
Sept. 12, 2026 7:43:14 PM com.jme3.scene.plugins.gltf.GltfLoader readAnimation
WARNUNG: JME only supports linear interpolation for animations
Sept. 12, 2026 7:43:14 PM com.jme3.scene.plugins.gltf.GltfLoader readAnimation
WARNUNG: JME only supports linear interpolation for animations
Sept. 12, 2026 7:43:14 PM com.jme3.scene.plugins.gltf.GltfLoader readAnimation
WARNUNG: JME only supports linear interpolation for animations
Sept. 12, 2026 7:43:14 PM com.jme3.scene.plugins.gltf.GltfLoader readAnimation
WARNUNG: JME only supports linear interpolation for animations
Sept. 12, 2026 7:43:14 PM com.jme3.scene.plugins.gltf.GltfLoader readAnimation
WARNUNG: JME only supports linear interpolation for animations
Sept. 12, 2026 7:43:14 PM com.jme3.scene.plugins.gltf.GltfLoader readAnimation
WARNUNG: JME only supports linear interpolation for animations
Sept. 12, 2026 7:43:14 PM com.jme3.scene.plugins.gltf.GltfLoader readAnimation
WARNUNG: JME only supports linear interpolation for animations
Sept. 12, 2026 7:43:14 PM com.jme3.scene.plugins.gltf.GltfLoader readAnimation
WARNUNG: JME only supports linear interpolation for animations
Sept. 12, 2026 7:43:14 PM com.jme3.scene.plugins.gltf.GltfLoader readAnimation
WARNUNG: JME only supports linear interpolation for animations
Sept. 12, 2026 7:43:14 PM com.jme3.scene.plugins.gltf.GltfLoader readAnimation
WARNUNG: JME only supports linear interpolation for animations
Sept. 12, 2026 7:43:14 PM com.jme3.scene.plugins.gltf.GltfLoader readAnimation
WARNUNG: JME only supports linear interpolation for animations
Sept. 12, 2026 7:43:14 PM com.jme3.scene.plugins.gltf.GltfLoader readAnimation
WARNUNG: JME only supports linear interpolation for animations
Sept. 12, 2026 7:43:14 PM com.jme3.scene.plugins.gltf.GltfLoader readAnimation
WARNUNG: JME only supports linear interpolation for animations
Sept. 12, 2026 7:43:14 PM com.jme3.scene.plugins.gltf.GltfLoader readAnimation
WARNUNG: JME only supports linear interpolation for animations
Sept. 12, 2026 7:43:14 PM com.jme3.scene.plugins.gltf.GltfLoader readAnimation
WARNUNG: JME only supports linear interpolation for animations
Sept. 12, 2026 7:43:14 PM com.jme3.scene.plugins.gltf.GltfLoader readAnimation
WARNUNG: JME only supports linear interpolation for animations
Sept. 12, 2026 7:43:14 PM com.jme3.scene.plugins.gltf.GltfLoader readAnimation
WARNUNG: JME only supports linear interpolation for animations
Sept. 12, 2026 7:43:14 PM com.jme3.scene.plugins.gltf.GltfLoader readAnimation
WARNUNG: JME only supports linear interpolation for animations
Sept. 12, 2026 7:43:14 PM com.jme3.scene.plugins.gltf.GltfLoader readAnimation
WARNUNG: JME only supports linear interpolation for animations
Sept. 12, 2026 7:43:14 PM com.jme3.scene.plugins.gltf.GltfLoader readAnimation
WARNUNG: JME only supports linear interpolation for animations
Sept. 12, 2026 7:43:14 PM com.jme3.scene.plugins.gltf.GltfLoader readAnimation
WARNUNG: JME only supports linear interpolation for animations
Sept. 12, 2026 7:43:14 PM com.jme3.scene.plugins.gltf.GltfLoader readAnimation
WARNUNG: JME only supports linear interpolation for animations
Sept. 12, 2026 7:43:14 PM com.jme3.scene.plugins.gltf.GltfLoader readAnimation
WARNUNG: JME only supports linear interpolation for animations
Sept. 12, 2026 7:43:14 PM com.jme3.scene.plugins.gltf.GltfLoader readAnimation
WARNUNG: JME only supports linear interpolation for animations
Sept. 12, 2026 7:43:14 PM com.jme3.scene.plugins.gltf.GltfLoader readAnimation
WARNUNG: JME only supports linear interpolation for animations
Sept. 12, 2026 7:43:14 PM com.jme3.scene.plugins.gltf.GltfLoader readAnimation
WARNUNG: JME only supports linear interpolation for animations
Sept. 12, 2026 7:43:14 PM com.jme3.scene.plugins.gltf.GltfLoader readAnimation
WARNUNG: JME only supports linear interpolation for animations
Sept. 12, 2026 7:43:14 PM com.jme3.scene.plugins.gltf.GltfLoader readAnimation
WARNUNG: JME only supports linear interpolation for animations
Sept. 12, 2026 7:43:14 PM com.jme3.scene.plugins.gltf.GltfLoader readAnimation
WARNUNG: JME only supports linear interpolation for animations
Sept. 12, 2026 7:43:14 PM com.jme3.scene.plugins.gltf.GltfLoader readAnimation
WARNUNG: JME only supports linear interpolation for animations
Sept. 12, 2026 7:43:14 PM com.jme3.scene.plugins.gltf.GltfLoader readAnimation
WARNUNG: JME only supports linear interpolation for animations
Sept. 12, 2026 7:43:14 PM com.jme3.scene.plugins.gltf.GltfLoader readAnimation
WARNUNG: JME only supports linear interpolation for animations
Sept. 12, 2026 7:43:14 PM com.jme3.scene.plugins.gltf.GltfLoader readAnimation
WARNUNG: JME only supports linear interpolation for animations
Sept. 12, 2026 7:43:14 PM com.jme3.scene.plugins.gltf.GltfLoader readAnimation
WARNUNG: JME only supports linear interpolation for animations
Sept. 12, 2026 7:43:14 PM com.jme3.scene.plugins.gltf.GltfLoader readAnimation
WARNUNG: JME only supports linear interpolation for animations
Sept. 12, 2026 7:43:14 PM com.jme3.scene.plugins.gltf.GltfLoader readAnimation
WARNUNG: JME only supports linear interpolation for animations
Sept. 12, 2026 7:43:14 PM com.jme3.scene.plugins.gltf.GltfLoader readAnimation
WARNUNG: JME only supports linear interpolation for animations
Sept. 12, 2026 7:43:14 PM com.jme3.scene.plugins.gltf.GltfLoader readAnimation
WARNUNG: JME only supports linear interpolation for animations
Sept. 12, 2026 7:43:14 PM com.jme3.scene.plugins.gltf.GltfLoader readAnimation
WARNUNG: JME only supports linear interpolation for animations
Sept. 12, 2026 7:43:14 PM com.jme3.scene.plugins.gltf.GltfLoader readAnimation
WARNUNG: JME only supports linear interpolation for animations
Sept. 12, 2026 7:43:14 PM com.jme3.scene.plugins.gltf.GltfLoader readAnimation
WARNUNG: JME only supports linear interpolation for animations
Sept. 12, 2026 7:43:14 PM com.jme3.scene.plugins.gltf.GltfLoader readAnimation
WARNUNG: JME only supports linear interpolation for animations
Sept. 12, 2026 7:43:14 PM com.jme3.scene.plugins.gltf.GltfLoader readAnimation
WARNUNG: JME only supports linear interpolation for animations
Sept. 12, 2026 7:43:14 PM com.jme3.scene.plugins.gltf.GltfLoader readAnimation
WARNUNG: JME only supports linear interpolation for animations
Sept. 12, 2026 7:43:14 PM com.jme3.scene.plugins.gltf.GltfLoader readAnimation
WARNUNG: JME only supports linear interpolation for animations
Sept. 12, 2026 7:43:14 PM com.jme3.scene.plugins.gltf.GltfLoader readAnimation
WARNUNG: JME only supports linear interpolation for animations
Sept. 12, 2026 7:43:14 PM com.jme3.scene.plugins.gltf.GltfLoader readAnimation
WARNUNG: JME only supports linear interpolation for animations
Sept. 12, 2026 7:43:14 PM com.jme3.scene.plugins.gltf.GltfLoader readAnimation
WARNUNG: JME only supports linear interpolation for animations
Sept. 12, 2026 7:43:14 PM com.jme3.scene.plugins.gltf.GltfLoader readAnimation
WARNUNG: JME only supports linear interpolation for animations
Sept. 12, 2026 7:43:14 PM com.jme3.scene.plugins.gltf.GltfLoader readAnimation
WARNUNG: JME only supports linear interpolation for animations
Sept. 12, 2026 7:43:14 PM com.jme3.scene.plugins.gltf.GltfLoader readAnimation
WARNUNG: JME only supports linear interpolation for animations
Sept. 12, 2026 7:43:14 PM com.jme3.scene.plugins.gltf.GltfLoader readAnimation
WARNUNG: JME only supports linear interpolation for animations
Sept. 12, 2026 7:43:14 PM com.jme3.scene.plugins.gltf.GltfLoader readAnimation
WARNUNG: JME only supports linear interpolation for animations
Sept. 12, 2026 7:43:14 PM com.jme3.scene.plugins.gltf.GltfLoader readAnimation
WARNUNG: JME only supports linear interpolation for animations
Sept. 12, 2026 7:43:14 PM com.jme3.scene.plugins.gltf.GltfLoader readAnimation
WARNUNG: JME only supports linear interpolation for animations
Sept. 12, 2026 7:43:14 PM com.jme3.scene.plugins.gltf.GltfLoader readAnimation
WARNUNG: JME only supports linear interpolation for animations
Sept. 12, 2026 7:43:14 PM com.jme3.scene.plugins.gltf.GltfLoader readAnimation
WARNUNG: JME only supports linear interpolation for animations
Sept. 12, 2026 7:43:14 PM com.jme3.scene.plugins.gltf.GltfLoader readAnimation
WARNUNG: JME only supports linear interpolation for animations
Sept. 12, 2026 7:43:14 PM com.jme3.scene.plugins.gltf.GltfLoader readAnimation
WARNUNG: JME only supports linear interpolation for animations
Sept. 12, 2026 7:43:14 PM com.jme3.scene.plugins.gltf.GltfLoader readAnimation
WARNUNG: JME only supports linear interpolation for animations
Sept. 12, 2026 7:43:14 PM com.jme3.scene.plugins.gltf.GltfLoader readAnimation
WARNUNG: JME only supports linear interpolation for animations
Sept. 12, 2026 7:43:14 PM com.jme3.scene.plugins.gltf.GltfLoader readAnimation
WARNUNG: JME only supports linear interpolation for animations
Sept. 12, 2026 7:43:14 PM com.jme3.scene.plugins.gltf.GltfLoader readAnimation
WARNUNG: JME only supports linear interpolation for animations
Sept. 12, 2026 7:43:14 PM com.jme3.scene.plugins.gltf.GltfLoader readAnimation
WARNUNG: JME only supports linear interpolation for animations
Sept. 12, 2026 7:43:14 PM com.jme3.scene.plugins.gltf.GltfLoader readAnimation
WARNUNG: JME only supports linear interpolation for animations
Sept. 12, 2026 7:43:14 PM com.jme3.scene.plugins.gltf.GltfLoader readAnimation
WARNUNG: JME only supports linear interpolation for animations
Sept. 12, 2026 7:43:14 PM com.jme3.scene.plugins.gltf.GltfLoader readAnimation
WARNUNG: JME only supports linear interpolation for animations
Sept. 12, 2026 7:43:14 PM com.jme3.scene.plugins.gltf.GltfLoader readAnimation
WARNUNG: JME only supports linear interpolation for animations
Sept. 12, 2026 7:43:14 PM com.jme3.scene.plugins.gltf.GltfLoader readAnimation
WARNUNG: JME only supports linear interpolation for animations
Sept. 12, 2026 7:43:14 PM com.jme3.scene.plugins.gltf.GltfLoader readAnimation
WARNUNG: JME only supports linear interpolation for animations
Sept. 12, 2026 7:43:14 PM com.jme3.scene.plugins.gltf.GltfLoader readAnimation
WARNUNG: JME only supports linear interpolation for animations
Sept. 12, 2026 7:43:14 PM com.jme3.scene.plugins.gltf.GltfLoader readAnimation
WARNUNG: JME only supports linear interpolation for animations
Sept. 12, 2026 7:43:14 PM com.jme3.scene.plugins.gltf.GltfLoader readAnimation
WARNUNG: JME only supports linear interpolation for animations
Sept. 12, 2026 7:43:14 PM com.jme3.scene.plugins.gltf.GltfLoader readAnimation
WARNUNG: JME only supports linear interpolation for animations
Sept. 12, 2026 7:43:14 PM com.jme3.scene.plugins.gltf.GltfLoader readAnimation
WARNUNG: JME only supports linear interpolation for animations
Sept. 12, 2026 7:43:14 PM com.jme3.scene.plugins.gltf.GltfLoader readAnimation
WARNUNG: JME only supports linear interpolation for animations
Sept. 12, 2026 7:43:14 PM com.jme3.scene.plugins.gltf.GltfLoader readAnimation
WARNUNG: JME only supports linear interpolation for animations
Sept. 12, 2026 7:43:14 PM com.jme3.scene.plugins.gltf.GltfLoader readAnimation
WARNUNG: JME only supports linear interpolation for animations
Sept. 12, 2026 7:43:14 PM com.jme3.scene.plugins.gltf.GltfLoader readAnimation
WARNUNG: JME only supports linear interpolation for animations
Sept. 12, 2026 7:43:14 PM com.jme3.scene.plugins.gltf.GltfLoader readAnimation
WARNUNG: JME only supports linear interpolation for animations
Sept. 12, 2026 7:43:15 PM com.jme3.scene.plugins.gltf.GltfLoader readAnimation
WARNUNG: JME only supports linear interpolation for animations
Sept. 12, 2026 7:43:15 PM com.jme3.scene.plugins.gltf.GltfLoader readAnimation
WARNUNG: JME only supports linear interpolation for animations
Sept. 12, 2026 7:43:15 PM com.jme3.scene.plugins.gltf.GltfLoader readAnimation
WARNUNG: JME only supports linear interpolation for animations
Sept. 12, 2026 7:43:15 PM com.jme3.scene.plugins.gltf.GltfLoader readAnimation
WARNUNG: JME only supports linear interpolation for animations
Sept. 12, 2026 7:43:15 PM com.jme3.scene.plugins.gltf.GltfLoader readAnimation
WARNUNG: JME only supports linear interpolation for animations
Sept. 12, 2026 7:43:15 PM com.jme3.scene.plugins.gltf.GltfLoader readAnimation
WARNUNG: JME only supports linear interpolation for animations
Sept. 12, 2026 7:43:15 PM com.jme3.scene.plugins.gltf.GltfLoader readAnimation
WARNUNG: JME only supports linear interpolation for animations
Sept. 12, 2026 7:43:15 PM com.jme3.scene.plugins.gltf.GltfLoader readAnimation
WARNUNG: JME only supports linear interpolation for animations
Sept. 12, 2026 7:43:15 PM com.jme3.scene.plugins.gltf.GltfLoader readAnimation
WARNUNG: JME only supports linear interpolation for animations
Sept. 12, 2026 7:43:15 PM com.jme3.scene.plugins.gltf.GltfLoader readAnimation
WARNUNG: JME only supports linear interpolation for animations
Sept. 12, 2026 7:43:15 PM com.jme3.scene.plugins.gltf.GltfLoader readAnimation
WARNUNG: JME only supports linear interpolation for animations
Sept. 12, 2026 7:43:15 PM com.jme3.scene.plugins.gltf.GltfLoader readAnimation
WARNUNG: JME only supports linear interpolation for animations
Sept. 12, 2026 7:43:15 PM com.jme3.scene.plugins.gltf.GltfLoader readAnimation
WARNUNG: JME only supports linear interpolation for animations
Sept. 12, 2026 7:43:15 PM com.jme3.scene.plugins.gltf.GltfLoader readAnimation
WARNUNG: JME only supports linear interpolation for animations
Sept. 12, 2026 7:43:15 PM com.jme3.scene.plugins.gltf.GltfLoader readAnimation
WARNUNG: JME only supports linear interpolation for animations
Sept. 12, 2026 7:43:15 PM com.jme3.scene.plugins.gltf.GltfLoader readAnimation
WARNUNG: JME only supports linear interpolation for animations
Sept. 12, 2026 7:43:15 PM com.jme3.scene.plugins.gltf.GltfLoader readAnimation
WARNUNG: JME only supports linear interpolation for animations
Sept. 12, 2026 7:43:15 PM com.jme3.scene.plugins.gltf.GltfLoader readAnimation
WARNUNG: JME only supports linear interpolation for animations
Sept. 12, 2026 7:43:15 PM com.jme3.scene.plugins.gltf.GltfLoader readAnimation
WARNUNG: JME only supports linear interpolation for animations
Sept. 12, 2026 7:43:15 PM com.jme3.scene.plugins.gltf.GltfLoader readAnimation
WARNUNG: JME only supports linear interpolation for animations
Sept. 12, 2026 7:43:15 PM com.jme3.scene.plugins.gltf.GltfLoader readAnimation
WARNUNG: JME only supports linear interpolation for animations
Sept. 12, 2026 7:43:15 PM com.jme3.scene.plugins.gltf.GltfLoader readAnimation
WARNUNG: JME only supports linear interpolation for animations
Sept. 12, 2026 7:43:15 PM com.jme3.scene.plugins.gltf.GltfLoader readAnimation
WARNUNG: JME only supports linear interpolation for animations
Sept. 12, 2026 7:43:15 PM com.jme3.scene.plugins.gltf.GltfLoader readAnimation
WARNUNG: JME only supports linear interpolation for animations
Sept. 12, 2026 7:43:15 PM com.jme3.scene.plugins.gltf.GltfLoader readAnimation
WARNUNG: JME only supports linear interpolation for animations
Sept. 12, 2026 7:43:15 PM com.jme3.scene.plugins.gltf.GltfLoader readAnimation
WARNUNG: JME only supports linear interpolation for animations
Sept. 12, 2026 7:43:15 PM com.jme3.scene.plugins.gltf.GltfLoader readAnimation
WARNUNG: JME only supports linear interpolation for animations
Sept. 12, 2026 7:43:15 PM com.jme3.scene.plugins.gltf.GltfLoader readAnimation
WARNUNG: JME only supports linear interpolation for animations
Sept. 12, 2026 7:43:15 PM com.jme3.scene.plugins.gltf.GltfLoader readAnimation
WARNUNG: JME only supports linear interpolation for animations
Sept. 12, 2026 7:43:15 PM com.jme3.scene.plugins.gltf.GltfLoader readAnimation
WARNUNG: JME only supports linear interpolation for animations
Sept. 12, 2026 7:43:15 PM com.jme3.scene.plugins.gltf.GltfLoader readAnimation
WARNUNG: JME only supports linear interpolation for animations
Sept. 12, 2026 7:43:15 PM com.jme3.scene.plugins.gltf.GltfLoader readAnimation
WARNUNG: JME only supports linear interpolation for animations
Sept. 12, 2026 7:43:15 PM com.jme3.scene.plugins.gltf.GltfLoader readAnimation
WARNUNG: JME only supports linear interpolation for animations
Sept. 12, 2026 7:43:15 PM com.jme3.scene.plugins.gltf.GltfLoader readAnimation
WARNUNG: JME only supports linear interpolation for animations
Sept. 12, 2026 7:43:15 PM com.jme3.scene.plugins.gltf.GltfLoader readAnimation
WARNUNG: JME only supports linear interpolation for animations
Sept. 12, 2026 7:43:15 PM com.jme3.scene.plugins.gltf.GltfLoader readAnimation
WARNUNG: JME only supports linear interpolation for animations
Sept. 12, 2026 7:43:15 PM com.jme3.scene.plugins.gltf.GltfLoader readAnimation
WARNUNG: JME only supports linear interpolation for animations
Sept. 12, 2026 7:43:15 PM com.jme3.scene.plugins.gltf.GltfLoader readAnimation
WARNUNG: JME only supports linear interpolation for animations
Sept. 12, 2026 7:43:15 PM com.jme3.scene.plugins.gltf.GltfLoader readAnimation
WARNUNG: JME only supports linear interpolation for animations
Sept. 12, 2026 7:43:15 PM com.jme3.scene.plugins.gltf.GltfLoader readAnimation
WARNUNG: JME only supports linear interpolation for animations
Sept. 12, 2026 7:43:15 PM com.jme3.scene.plugins.gltf.GltfLoader readAnimation
WARNUNG: JME only supports linear interpolation for animations
Sept. 12, 2026 7:43:15 PM com.jme3.scene.plugins.gltf.GltfLoader readAnimation
WARNUNG: JME only supports linear interpolation for animations
Sept. 12, 2026 7:43:15 PM com.jme3.scene.plugins.gltf.GltfLoader readAnimation
WARNUNG: JME only supports linear interpolation for animations
Sept. 12, 2026 7:43:15 PM com.jme3.scene.plugins.gltf.GltfLoader readAnimation
WARNUNG: JME only supports linear interpolation for animations
Sept. 12, 2026 7:43:15 PM com.jme3.scene.plugins.gltf.GltfLoader readAnimation
WARNUNG: JME only supports linear interpolation for animations
Sept. 12, 2026 7:43:15 PM com.jme3.scene.plugins.gltf.GltfLoader readAnimation
WARNUNG: JME only supports linear interpolation for animations
Sept. 12, 2026 7:43:15 PM com.jme3.scene.plugins.gltf.GltfLoader readAnimation
WARNUNG: JME only supports linear interpolation for animations
Sept. 12, 2026 7:43:15 PM com.jme3.scene.plugins.gltf.GltfLoader readAnimation
WARNUNG: JME only supports linear interpolation for animations
Sept. 12, 2026 7:43:15 PM com.jme3.scene.plugins.gltf.GltfLoader readAnimation
WARNUNG: JME only supports linear interpolation for animations
Sept. 12, 2026 7:43:15 PM com.jme3.scene.plugins.gltf.GltfLoader readAnimation
WARNUNG: JME only supports linear interpolation for animations
Sept. 12, 2026 7:43:15 PM com.jme3.scene.plugins.gltf.GltfLoader readAnimation
WARNUNG: JME only supports linear interpolation for animations
Sept. 12, 2026 7:43:15 PM com.jme3.scene.plugins.gltf.GltfLoader readAnimation
WARNUNG: JME only supports linear interpolation for animations
Sept. 12, 2026 7:43:15 PM com.jme3.scene.plugins.gltf.GltfLoader readAnimation
WARNUNG: JME only supports linear interpolation for animations
Sept. 12, 2026 7:43:15 PM com.jme3.scene.plugins.gltf.GltfLoader readAnimation
WARNUNG: JME only supports linear interpolation for animations
Sept. 12, 2026 7:43:15 PM com.jme3.scene.plugins.gltf.GltfLoader readAnimation
WARNUNG: JME only supports linear interpolation for animations
Sept. 12, 2026 7:43:15 PM com.jme3.scene.plugins.gltf.GltfLoader readAnimation
WARNUNG: JME only supports linear interpolation for animations
Sept. 12, 2026 7:43:15 PM com.jme3.scene.plugins.gltf.GltfLoader readAnimation
WARNUNG: JME only supports linear interpolation for animations
Sept. 12, 2026 7:43:15 PM com.jme3.scene.plugins.gltf.GltfLoader readAnimation
WARNUNG: JME only supports linear interpolation for animations
Sept. 12, 2026 7:43:15 PM com.jme3.scene.plugins.gltf.GltfLoader readAnimation
WARNUNG: JME only supports linear interpolation for animations
Sept. 12, 2026 7:43:15 PM com.jme3.scene.plugins.gltf.GltfLoader readAnimation
WARNUNG: JME only supports linear interpolation for animations
Sept. 12, 2026 7:43:15 PM com.jme3.scene.plugins.gltf.GltfLoader readAnimation
WARNUNG: JME only supports linear interpolation for animations
Sept. 12, 2026 7:43:15 PM com.jme3.scene.plugins.gltf.GltfLoader readAnimation
WARNUNG: JME only supports linear interpolation for animations
Sept. 12, 2026 7:43:15 PM com.jme3.scene.plugins.gltf.GltfLoader readAnimation
WARNUNG: JME only supports linear interpolation for animations
Sept. 12, 2026 7:43:15 PM com.jme3.scene.plugins.gltf.GltfLoader readAnimation
WARNUNG: JME only supports linear interpolation for animations
Sept. 12, 2026 7:43:15 PM com.jme3.scene.plugins.gltf.GltfLoader readAnimation
WARNUNG: JME only supports linear interpolation for animations
Sept. 12, 2026 7:43:15 PM com.jme3.scene.plugins.gltf.GltfLoader readAnimation
WARNUNG: JME only supports linear interpolation for animations
Sept. 12, 2026 7:43:15 PM com.jme3.scene.plugins.gltf.GltfLoader readAnimation
WARNUNG: JME only supports linear interpolation for animations
Sept. 12, 2026 7:43:15 PM com.jme3.scene.plugins.gltf.GltfLoader readAnimation
WARNUNG: JME only supports linear interpolation for animations
Sept. 12, 2026 7:43:15 PM com.jme3.scene.plugins.gltf.GltfLoader readAnimation
WARNUNG: JME only supports linear interpolation for animations
Sept. 12, 2026 7:43:15 PM com.jme3.scene.plugins.gltf.GltfLoader readAnimation
WARNUNG: JME only supports linear interpolation for animations
Sept. 12, 2026 7:43:15 PM com.jme3.scene.plugins.gltf.GltfLoader readAnimation
WARNUNG: JME only supports linear interpolation for animations
Sept. 12, 2026 7:43:15 PM com.jme3.scene.plugins.gltf.GltfLoader readAnimation
WARNUNG: JME only supports linear interpolation for animations
Sept. 12, 2026 7:43:15 PM com.jme3.scene.plugins.gltf.GltfLoader readAnimation
WARNUNG: JME only supports linear interpolation for animations
Sept. 12, 2026 7:43:15 PM com.jme3.scene.plugins.gltf.GltfLoader readAnimation
WARNUNG: JME only supports linear interpolation for animations
Sept. 12, 2026 7:43:15 PM com.jme3.scene.plugins.gltf.GltfLoader readAnimation
WARNUNG: JME only supports linear interpolation for animations
Sept. 12, 2026 7:43:15 PM com.jme3.scene.plugins.gltf.GltfLoader readAnimation
WARNUNG: JME only supports linear interpolation for animations
Sept. 12, 2026 7:43:15 PM com.jme3.scene.plugins.gltf.GltfLoader readAnimation
WARNUNG: JME only supports linear interpolation for animations
Sept. 12, 2026 7:43:15 PM com.jme3.scene.plugins.gltf.GltfLoader readAnimation
WARNUNG: JME only supports linear interpolation for animations
Sept. 12, 2026 7:43:15 PM com.jme3.scene.plugins.gltf.GltfLoader readAnimation
WARNUNG: JME only supports linear interpolation for animations
Sept. 12, 2026 7:43:15 PM com.jme3.scene.plugins.gltf.GltfLoader readAnimation
WARNUNG: JME only supports linear interpolation for animations
Sept. 12, 2026 7:43:15 PM com.jme3.scene.plugins.gltf.GltfLoader readAnimation
WARNUNG: JME only supports linear interpolation for animations
Sept. 12, 2026 7:43:15 PM com.jme3.scene.plugins.gltf.GltfLoader readAnimation
WARNUNG: JME only supports linear interpolation for animations
Sept. 12, 2026 7:43:15 PM com.jme3.scene.plugins.gltf.GltfLoader readAnimation
WARNUNG: JME only supports linear interpolation for animations
Sept. 12, 2026 7:43:15 PM com.jme3.scene.plugins.gltf.GltfLoader readAnimation
WARNUNG: JME only supports linear interpolation for animations
Sept. 12, 2026 7:43:15 PM com.jme3.scene.plugins.gltf.GltfLoader readAnimation
WARNUNG: JME only supports linear interpolation for animations
Sept. 12, 2026 7:43:15 PM com.jme3.scene.plugins.gltf.GltfLoader readAnimation
WARNUNG: JME only supports linear interpolation for animations
Sept. 12, 2026 7:43:15 PM com.jme3.scene.plugins.gltf.GltfLoader readAnimation
WARNUNG: JME only supports linear interpolation for animations
Sept. 12, 2026 7:43:15 PM com.jme3.scene.plugins.gltf.GltfLoader readAnimation
WARNUNG: JME only supports linear interpolation for animations
Sept. 12, 2026 7:43:15 PM com.jme3.scene.plugins.gltf.GltfLoader readAnimation
WARNUNG: JME only supports linear interpolation for animations
Sept. 12, 2026 7:43:15 PM com.jme3.scene.plugins.gltf.GltfLoader readAnimation
WARNUNG: JME only supports linear interpolation for animations
Sept. 12, 2026 7:43:15 PM com.jme3.scene.plugins.gltf.GltfLoader readAnimation
WARNUNG: JME only supports linear interpolation for animations
Sept. 12, 2026 7:43:15 PM com.jme3.scene.plugins.gltf.GltfLoader readAnimation
WARNUNG: JME only supports linear interpolation for animations
Sept. 12, 2026 7:43:15 PM com.jme3.scene.plugins.gltf.GltfLoader readAnimation
WARNUNG: JME only supports linear interpolation for animations
Sept. 12, 2026 7:43:15 PM com.jme3.scene.plugins.gltf.GltfLoader readAnimation
WARNUNG: JME only supports linear interpolation for animations
Sept. 12, 2026 7:43:15 PM com.jme3.scene.plugins.gltf.GltfLoader readAnimation
WARNUNG: JME only supports linear interpolation for animations
Sept. 12, 2026 7:43:15 PM com.jme3.scene.plugins.gltf.GltfLoader readAnimation
WARNUNG: JME only supports linear interpolation for animations
Sept. 12, 2026 7:43:15 PM com.jme3.scene.plugins.gltf.GltfLoader readAnimation
WARNUNG: JME only supports linear interpolation for animations
Sept. 12, 2026 7:43:15 PM com.jme3.scene.plugins.gltf.GltfLoader readAnimation
WARNUNG: JME only supports linear interpolation for animations
Sept. 12, 2026 7:43:15 PM com.jme3.scene.plugins.gltf.GltfLoader readAnimation
WARNUNG: JME only supports linear interpolation for animations
Sept. 12, 2026 7:43:15 PM com.jme3.scene.plugins.gltf.GltfLoader readAnimation
WARNUNG: JME only supports linear interpolation for animations
Sept. 12, 2026 7:43:15 PM com.jme3.scene.plugins.gltf.GltfLoader readAnimation
WARNUNG: JME only supports linear interpolation for animations
Sept. 12, 2026 7:43:15 PM com.jme3.scene.plugins.gltf.GltfLoader readAnimation
WARNUNG: JME only supports linear interpolation for animations
Sept. 12, 2026 7:43:15 PM com.jme3.scene.plugins.gltf.GltfLoader readAnimation
WARNUNG: JME only supports linear interpolation for animations
Sept. 12, 2026 7:43:15 PM com.jme3.scene.plugins.gltf.GltfLoader readAnimation
WARNUNG: JME only supports linear interpolation for animations
Sept. 12, 2026 7:43:15 PM com.jme3.scene.plugins.gltf.GltfLoader readAnimation
WARNUNG: JME only supports linear interpolation for animations
Sept. 12, 2026 7:43:15 PM com.jme3.scene.plugins.gltf.GltfLoader readAnimation
WARNUNG: JME only supports linear interpolation for animations
Sept. 12, 2026 7:43:15 PM com.jme3.scene.plugins.gltf.GltfLoader readAnimation
WARNUNG: JME only supports linear interpolation for animations
Sept. 12, 2026 7:43:15 PM com.jme3.scene.plugins.gltf.GltfLoader readAnimation
WARNUNG: JME only supports linear interpolation for animations
Sept. 12, 2026 7:43:15 PM com.jme3.scene.plugins.gltf.GltfLoader readAnimation
WARNUNG: JME only supports linear interpolation for animations
Sept. 12, 2026 7:43:15 PM com.jme3.scene.plugins.gltf.GltfLoader readAnimation
WARNUNG: JME only supports linear interpolation for animations
Sept. 12, 2026 7:43:15 PM com.jme3.scene.plugins.gltf.GltfLoader readAnimation
WARNUNG: JME only supports linear interpolation for animations
Sept. 12, 2026 7:43:15 PM com.jme3.scene.plugins.gltf.GltfLoader readAnimation
WARNUNG: JME only supports linear interpolation for animations
Sept. 12, 2026 7:43:15 PM com.jme3.scene.plugins.gltf.GltfLoader readAnimation
WARNUNG: JME only supports linear interpolation for animations
Sept. 12, 2026 7:43:15 PM com.jme3.scene.plugins.gltf.GltfLoader readAnimation
WARNUNG: JME only supports linear interpolation for animations
Sept. 12, 2026 7:43:15 PM com.jme3.scene.plugins.gltf.GltfLoader readAnimation
WARNUNG: JME only supports linear interpolation for animations
Sept. 12, 2026 7:43:15 PM com.jme3.scene.plugins.gltf.GltfLoader readAnimation
WARNUNG: JME only supports linear interpolation for animations
Sept. 12, 2026 7:43:15 PM com.jme3.scene.plugins.gltf.GltfLoader readAnimation
WARNUNG: JME only supports linear interpolation for animations
Sept. 12, 2026 7:43:15 PM com.jme3.scene.plugins.gltf.GltfLoader readAnimation
WARNUNG: JME only supports linear interpolation for animations
Sept. 12, 2026 7:43:15 PM com.jme3.scene.plugins.gltf.GltfLoader readAnimation
WARNUNG: JME only supports linear interpolation for animations
Sept. 12, 2026 7:43:15 PM com.jme3.scene.plugins.gltf.GltfLoader readAnimation
WARNUNG: JME only supports linear interpolation for animations
Sept. 12, 2026 7:43:15 PM com.jme3.scene.plugins.gltf.GltfLoader readAnimation
WARNUNG: JME only supports linear interpolation for animations
Sept. 12, 2026 7:43:15 PM com.jme3.scene.plugins.gltf.GltfLoader readAnimation
WARNUNG: JME only supports linear interpolation for animations
Sept. 12, 2026 7:43:15 PM com.jme3.scene.plugins.gltf.GltfLoader readAnimation
WARNUNG: JME only supports linear interpolation for animations
Sept. 12, 2026 7:43:15 PM com.jme3.scene.plugins.gltf.GltfLoader readAnimation
WARNUNG: JME only supports linear interpolation for animations
Sept. 12, 2026 7:43:15 PM com.jme3.scene.plugins.gltf.GltfLoader readAnimation
WARNUNG: JME only supports linear interpolation for animations
Sept. 12, 2026 7:43:15 PM com.jme3.scene.plugins.gltf.GltfLoader readAnimation
WARNUNG: JME only supports linear interpolation for animations
Sept. 12, 2026 7:43:15 PM com.jme3.scene.plugins.gltf.GltfLoader readAnimation
WARNUNG: JME only supports linear interpolation for animations
Sept. 12, 2026 7:43:15 PM com.jme3.scene.plugins.gltf.GltfLoader readAnimation
WARNUNG: JME only supports linear interpolation for animations
Sept. 12, 2026 7:43:15 PM com.jme3.scene.plugins.gltf.GltfLoader readAnimation
WARNUNG: JME only supports linear interpolation for animations
Sept. 12, 2026 7:43:15 PM com.jme3.scene.plugins.gltf.GltfLoader readAnimation
WARNUNG: JME only supports linear interpolation for animations
Sept. 12, 2026 7:43:15 PM com.jme3.scene.plugins.gltf.GltfLoader readAnimation
WARNUNG: JME only supports linear interpolation for animations
Sept. 12, 2026 7:43:15 PM com.jme3.scene.plugins.gltf.GltfLoader readAnimation
WARNUNG: JME only supports linear interpolation for animations
Sept. 12, 2026 7:43:15 PM com.jme3.scene.plugins.gltf.GltfLoader readAnimation
WARNUNG: JME only supports linear interpolation for animations
Sept. 12, 2026 7:43:15 PM com.jme3.scene.plugins.gltf.GltfLoader readAnimation
WARNUNG: JME only supports linear interpolation for animations
Sept. 12, 2026 7:43:15 PM com.jme3.scene.plugins.gltf.GltfLoader readAnimation
WARNUNG: JME only supports linear interpolation for animations
Sept. 12, 2026 7:43:15 PM com.jme3.scene.plugins.gltf.GltfLoader readAnimation
WARNUNG: JME only supports linear interpolation for animations
Sept. 12, 2026 7:43:15 PM com.jme3.scene.plugins.gltf.GltfLoader readAnimation
WARNUNG: JME only supports linear interpolation for animations
Sept. 12, 2026 7:43:15 PM com.jme3.scene.plugins.gltf.GltfLoader readAnimation
WARNUNG: JME only supports linear interpolation for animations
Sept. 12, 2026 7:43:15 PM com.jme3.scene.plugins.gltf.GltfLoader readAnimation
WARNUNG: JME only supports linear interpolation for animations
Sept. 12, 2026 7:43:15 PM com.jme3.scene.plugins.gltf.GltfLoader readAnimation
WARNUNG: JME only supports linear interpolation for animations
Sept. 12, 2026 7:43:15 PM com.jme3.scene.plugins.gltf.GltfLoader readAnimation
WARNUNG: JME only supports linear interpolation for animations
Sept. 12, 2026 7:43:15 PM com.jme3.scene.plugins.gltf.GltfLoader readAnimation
WARNUNG: JME only supports linear interpolation for animations
Sept. 12, 2026 7:43:15 PM com.jme3.scene.plugins.gltf.GltfLoader readAnimation
WARNUNG: JME only supports linear interpolation for animations
Sept. 12, 2026 7:43:15 PM com.jme3.scene.plugins.gltf.GltfLoader readAnimation
WARNUNG: JME only supports linear interpolation for animations
Sept. 12, 2026 7:43:15 PM com.jme3.scene.plugins.gltf.GltfLoader readAnimation
WARNUNG: JME only supports linear interpolation for animations
Sept. 12, 2026 7:43:15 PM com.jme3.scene.plugins.gltf.GltfLoader readAnimation
WARNUNG: JME only supports linear interpolation for animations
Sept. 12, 2026 7:43:15 PM com.jme3.scene.plugins.gltf.GltfLoader readAnimation
WARNUNG: JME only supports linear interpolation for animations
Sept. 12, 2026 7:43:15 PM com.jme3.scene.plugins.gltf.GltfLoader readAnimation
WARNUNG: JME only supports linear interpolation for animations
Sept. 12, 2026 7:43:15 PM com.jme3.scene.plugins.gltf.GltfLoader readAnimation
WARNUNG: JME only supports linear interpolation for animations
Sept. 12, 2026 7:43:15 PM com.jme3.scene.plugins.gltf.GltfLoader readAnimation
WARNUNG: JME only supports linear interpolation for animations
Sept. 12, 2026 7:43:15 PM com.jme3.scene.plugins.gltf.GltfLoader readAnimation
WARNUNG: JME only supports linear interpolation for animations
Sept. 12, 2026 7:43:15 PM com.jme3.scene.plugins.gltf.GltfLoader readAnimation
WARNUNG: JME only supports linear interpolation for animations
Sept. 12, 2026 7:43:15 PM com.jme3.scene.plugins.gltf.GltfLoader readAnimation
WARNUNG: JME only supports linear interpolation for animations
Sept. 12, 2026 7:43:15 PM com.jme3.scene.plugins.gltf.GltfLoader readAnimation
WARNUNG: JME only supports linear interpolation for animations
Sept. 12, 2026 7:43:15 PM com.jme3.scene.plugins.gltf.GltfLoader readAnimation
WARNUNG: JME only supports linear interpolation for animations
Sept. 12, 2026 7:43:15 PM com.jme3.scene.plugins.gltf.GltfLoader readAnimation
WARNUNG: JME only supports linear interpolation for animations
Sept. 12, 2026 7:43:15 PM com.jme3.scene.plugins.gltf.GltfLoader readAnimation
WARNUNG: JME only supports linear interpolation for animations
Sept. 12, 2026 7:43:15 PM com.jme3.scene.plugins.gltf.GltfLoader readAnimation
WARNUNG: JME only supports linear interpolation for animations
Sept. 12, 2026 7:43:15 PM com.jme3.scene.plugins.gltf.GltfLoader readAnimation
WARNUNG: JME only supports linear interpolation for animations
Sept. 12, 2026 7:43:15 PM com.jme3.scene.plugins.gltf.GltfLoader readAnimation
WARNUNG: JME only supports linear interpolation for animations
Sept. 12, 2026 7:43:15 PM com.jme3.scene.plugins.gltf.GltfLoader readAnimation
WARNUNG: JME only supports linear interpolation for animations
Sept. 12, 2026 7:43:15 PM com.jme3.scene.plugins.gltf.GltfLoader readAnimation
WARNUNG: JME only supports linear interpolation for animations
Sept. 12, 2026 7:43:15 PM com.jme3.scene.plugins.gltf.GltfLoader readAnimation
WARNUNG: JME only supports linear interpolation for animations
Sept. 12, 2026 7:43:15 PM com.jme3.scene.plugins.gltf.GltfLoader readAnimation
WARNUNG: JME only supports linear interpolation for animations
Sept. 12, 2026 7:43:15 PM com.jme3.scene.plugins.gltf.GltfLoader readAnimation
WARNUNG: JME only supports linear interpolation for animations
Sept. 12, 2026 7:43:15 PM com.jme3.scene.plugins.gltf.GltfLoader readAnimation
WARNUNG: JME only supports linear interpolation for animations
Sept. 12, 2026 7:43:15 PM com.jme3.scene.plugins.gltf.GltfLoader readAnimation
WARNUNG: JME only supports linear interpolation for animations
Sept. 12, 2026 7:43:15 PM com.jme3.scene.plugins.gltf.GltfLoader readAnimation
WARNUNG: JME only supports linear interpolation for animations
Sept. 12, 2026 7:43:15 PM com.jme3.scene.plugins.gltf.GltfLoader readAnimation
WARNUNG: JME only supports linear interpolation for animations
Sept. 12, 2026 7:43:15 PM com.jme3.scene.plugins.gltf.GltfLoader readAnimation
WARNUNG: JME only supports linear interpolation for animations
Sept. 12, 2026 7:43:15 PM com.jme3.scene.plugins.gltf.GltfLoader readAnimation
WARNUNG: JME only supports linear interpolation for animations
Sept. 12, 2026 7:43:15 PM com.jme3.scene.plugins.gltf.GltfLoader readAnimation
WARNUNG: JME only supports linear interpolation for animations
Sept. 12, 2026 7:43:15 PM com.jme3.scene.plugins.gltf.GltfLoader readAnimation
WARNUNG: JME only supports linear interpolation for animations
Sept. 12, 2026 7:43:15 PM com.jme3.scene.plugins.gltf.GltfLoader readAnimation
WARNUNG: JME only supports linear interpolation for animations
Sept. 12, 2026 7:43:15 PM com.jme3.scene.plugins.gltf.GltfLoader readAnimation
WARNUNG: JME only supports linear interpolation for animations
Sept. 12, 2026 7:43:15 PM com.jme3.scene.plugins.gltf.GltfLoader readAnimation
WARNUNG: JME only supports linear interpolation for animations
Sept. 12, 2026 7:43:15 PM com.jme3.scene.plugins.gltf.GltfLoader readAnimation
WARNUNG: JME only supports linear interpolation for animations
Sept. 12, 2026 7:43:15 PM com.jme3.scene.plugins.gltf.GltfLoader readAnimation
WARNUNG: JME only supports linear interpolation for animations
Sept. 12, 2026 7:43:15 PM com.jme3.scene.plugins.gltf.GltfLoader readAnimation
WARNUNG: JME only supports linear interpolation for animations
Sept. 12, 2026 7:43:15 PM com.jme3.scene.plugins.gltf.GltfLoader readAnimation
WARNUNG: JME only supports linear interpolation for animations
Sept. 12, 2026 7:43:15 PM com.jme3.scene.plugins.gltf.GltfLoader readAnimation
WARNUNG: JME only supports linear interpolation for animations
Sept. 12, 2026 7:43:15 PM com.jme3.scene.plugins.gltf.GltfLoader readAnimation
WARNUNG: JME only supports linear interpolation for animations
Sept. 12, 2026 7:43:15 PM com.jme3.scene.plugins.gltf.GltfLoader readAnimation
WARNUNG: JME only supports linear interpolation for animations
Sept. 12, 2026 7:43:15 PM com.jme3.scene.plugins.gltf.GltfLoader readAnimation
WARNUNG: JME only supports linear interpolation for animations
Sept. 12, 2026 7:43:15 PM com.jme3.scene.plugins.gltf.GltfLoader readAnimation
WARNUNG: JME only supports linear interpolation for animations
Sept. 12, 2026 7:43:15 PM com.jme3.scene.plugins.gltf.GltfLoader readAnimation
WARNUNG: JME only supports linear interpolation for animations
Sept. 12, 2026 7:43:15 PM com.jme3.scene.plugins.gltf.GltfLoader readAnimation
WARNUNG: JME only supports linear interpolation for animations
Sept. 12, 2026 7:43:15 PM com.jme3.scene.plugins.gltf.GltfLoader readAnimation
WARNUNG: JME only supports linear interpolation for animations
Sept. 12, 2026 7:43:15 PM com.jme3.scene.plugins.gltf.GltfLoader readAnimation
WARNUNG: JME only supports linear interpolation for animations
Sept. 12, 2026 7:43:15 PM com.jme3.scene.plugins.gltf.GltfLoader readAnimation
WARNUNG: JME only supports linear interpolation for animations
Sept. 12, 2026 7:43:15 PM com.jme3.scene.plugins.gltf.GltfLoader readAnimation
WARNUNG: JME only supports linear interpolation for animations
Sept. 12, 2026 7:43:15 PM com.jme3.scene.plugins.gltf.GltfLoader readAnimation
WARNUNG: JME only supports linear interpolation for animations
Sept. 12, 2026 7:43:15 PM com.jme3.scene.plugins.gltf.GltfLoader readAnimation
WARNUNG: JME only supports linear interpolation for animations
Sept. 12, 2026 7:43:15 PM com.jme3.scene.plugins.gltf.GltfLoader readAnimation
WARNUNG: JME only supports linear interpolation for animations
Sept. 12, 2026 7:43:15 PM com.jme3.scene.plugins.gltf.GltfLoader readAnimation
WARNUNG: JME only supports linear interpolation for animations
Sept. 12, 2026 7:43:15 PM com.jme3.scene.plugins.gltf.GltfLoader readAnimation
WARNUNG: JME only supports linear interpolation for animations
Sept. 12, 2026 7:43:15 PM com.jme3.scene.plugins.gltf.GltfLoader readAnimation
WARNUNG: JME only supports linear interpolation for animations
Sept. 12, 2026 7:43:15 PM com.jme3.scene.plugins.gltf.GltfLoader readAnimation
WARNUNG: JME only supports linear interpolation for animations
Sept. 12, 2026 7:43:15 PM com.jme3.scene.plugins.gltf.GltfLoader readAnimation
WARNUNG: JME only supports linear interpolation for animations
Sept. 12, 2026 7:43:15 PM com.jme3.scene.plugins.gltf.GltfLoader readAnimation
WARNUNG: JME only supports linear interpolation for animations
Sept. 12, 2026 7:43:15 PM com.jme3.scene.plugins.gltf.GltfLoader readAnimation
WARNUNG: JME only supports linear interpolation for animations
Sept. 12, 2026 7:43:15 PM com.jme3.scene.plugins.gltf.GltfLoader readAnimation
WARNUNG: JME only supports linear interpolation for animations
Sept. 12, 2026 7:43:15 PM com.jme3.scene.plugins.gltf.GltfLoader readAnimation
WARNUNG: JME only supports linear interpolation for animations
Sept. 12, 2026 7:43:15 PM com.jme3.scene.plugins.gltf.GltfLoader readAnimation
WARNUNG: JME only supports linear interpolation for animations
Sept. 12, 2026 7:43:15 PM com.jme3.scene.plugins.gltf.GltfLoader readAnimation
WARNUNG: JME only supports linear interpolation for animations
Sept. 12, 2026 7:43:15 PM com.jme3.scene.plugins.gltf.GltfLoader readAnimation
WARNUNG: JME only supports linear interpolation for animations
Sept. 12, 2026 7:43:15 PM com.jme3.scene.plugins.gltf.GltfLoader readAnimation
WARNUNG: JME only supports linear interpolation for animations
Sept. 12, 2026 7:43:15 PM com.jme3.scene.plugins.gltf.GltfLoader readAnimation
WARNUNG: JME only supports linear interpolation for animations
Sept. 12, 2026 7:43:15 PM com.jme3.scene.plugins.gltf.GltfLoader readAnimation
WARNUNG: JME only supports linear interpolation for animations
Sept. 12, 2026 7:43:15 PM com.jme3.scene.plugins.gltf.GltfLoader readAnimation
WARNUNG: JME only supports linear interpolation for animations
Sept. 12, 2026 7:43:15 PM com.jme3.scene.plugins.gltf.GltfLoader readAnimation
WARNUNG: JME only supports linear interpolation for animations
Sept. 12, 2026 7:43:15 PM com.jme3.scene.plugins.gltf.GltfLoader readAnimation
WARNUNG: JME only supports linear interpolation for animations
Sept. 12, 2026 7:43:15 PM com.jme3.scene.plugins.gltf.GltfLoader readAnimation
WARNUNG: JME only supports linear interpolation for animations
Sept. 12, 2026 7:43:15 PM com.jme3.scene.plugins.gltf.GltfLoader readAnimation
WARNUNG: JME only supports linear interpolation for animations
Sept. 12, 2026 7:43:15 PM com.jme3.scene.plugins.gltf.GltfLoader readAnimation
WARNUNG: JME only supports linear interpolation for animations
Sept. 12, 2026 7:43:15 PM com.jme3.scene.plugins.gltf.GltfLoader readAnimation
WARNUNG: JME only supports linear interpolation for animations
Sept. 12, 2026 7:43:15 PM com.jme3.scene.plugins.gltf.GltfLoader readAnimation
WARNUNG: JME only supports linear interpolation for animations
Sept. 12, 2026 7:43:15 PM com.jme3.scene.plugins.gltf.GltfLoader readAnimation
WARNUNG: JME only supports linear interpolation for animations
Sept. 12, 2026 7:43:15 PM com.jme3.scene.plugins.gltf.GltfLoader readAnimation
WARNUNG: JME only supports linear interpolation for animations
Sept. 12, 2026 7:43:15 PM com.jme3.scene.plugins.gltf.GltfLoader readAnimation
WARNUNG: JME only supports linear interpolation for animations
Sept. 12, 2026 7:43:15 PM com.jme3.scene.plugins.gltf.GltfLoader readAnimation
WARNUNG: JME only supports linear interpolation for animations
Sept. 12, 2026 7:43:15 PM com.jme3.scene.plugins.gltf.GltfLoader readAnimation
WARNUNG: JME only supports linear interpolation for animations
Sept. 12, 2026 7:43:15 PM com.jme3.scene.plugins.gltf.GltfLoader readAnimation
WARNUNG: JME only supports linear interpolation for animations
Sept. 12, 2026 7:43:15 PM com.jme3.scene.plugins.gltf.GltfLoader readAnimation
WARNUNG: JME only supports linear interpolation for animations
Sept. 12, 2026 7:43:15 PM com.jme3.scene.plugins.gltf.GltfLoader readAnimation
WARNUNG: JME only supports linear interpolation for animations
Sept. 12, 2026 7:43:15 PM com.jme3.scene.plugins.gltf.GltfLoader readAnimation
WARNUNG: JME only supports linear interpolation for animations
Sept. 12, 2026 7:43:15 PM com.jme3.scene.plugins.gltf.GltfLoader readAnimation
WARNUNG: JME only supports linear interpolation for animations
Sept. 12, 2026 7:43:15 PM com.jme3.scene.plugins.gltf.GltfLoader readAnimation
WARNUNG: JME only supports linear interpolation for animations
Sept. 12, 2026 7:43:15 PM com.jme3.scene.plugins.gltf.GltfLoader readAnimation
WARNUNG: JME only supports linear interpolation for animations
Sept. 12, 2026 7:43:15 PM com.jme3.scene.plugins.gltf.GltfLoader readAnimation
WARNUNG: JME only supports linear interpolation for animations
Sept. 12, 2026 7:43:15 PM com.jme3.scene.plugins.gltf.GltfLoader readAnimation
WARNUNG: JME only supports linear interpolation for animations
Sept. 12, 2026 7:43:15 PM com.jme3.scene.plugins.gltf.GltfLoader readAnimation
WARNUNG: JME only supports linear interpolation for animations
Sept. 12, 2026 7:43:15 PM com.jme3.scene.plugins.gltf.GltfLoader readAnimation
WARNUNG: JME only supports linear interpolation for animations
Sept. 12, 2026 7:43:15 PM com.jme3.scene.plugins.gltf.GltfLoader readAnimation
WARNUNG: JME only supports linear interpolation for animations
Sept. 12, 2026 7:43:15 PM com.jme3.scene.plugins.gltf.GltfLoader readAnimation
WARNUNG: JME only supports linear interpolation for animations
Sept. 12, 2026 7:43:15 PM com.jme3.scene.plugins.gltf.GltfLoader readAnimation
WARNUNG: JME only supports linear interpolation for animations
Sept. 12, 2026 7:43:15 PM com.jme3.scene.plugins.gltf.GltfLoader readAnimation
WARNUNG: JME only supports linear interpolation for animations
Sept. 12, 2026 7:43:15 PM com.jme3.scene.plugins.gltf.GltfLoader readAnimation
WARNUNG: JME only supports linear interpolation for animations
Sept. 12, 2026 7:43:15 PM com.jme3.scene.plugins.gltf.GltfLoader readAnimation
WARNUNG: JME only supports linear interpolation for animations
Sept. 12, 2026 7:43:15 PM com.jme3.scene.plugins.gltf.GltfLoader readAnimation
WARNUNG: JME only supports linear interpolation for animations
Sept. 12, 2026 7:43:15 PM com.jme3.scene.plugins.gltf.GltfLoader readAnimation
WARNUNG: JME only supports linear interpolation for animations
Sept. 12, 2026 7:43:15 PM com.jme3.scene.plugins.gltf.GltfLoader readAnimation
WARNUNG: JME only supports linear interpolation for animations
Sept. 12, 2026 7:43:15 PM com.jme3.scene.plugins.gltf.GltfLoader readAnimation
WARNUNG: JME only supports linear interpolation for animations
Sept. 12, 2026 7:43:15 PM com.jme3.scene.plugins.gltf.GltfLoader readAnimation
WARNUNG: JME only supports linear interpolation for animations
Sept. 12, 2026 7:43:15 PM com.jme3.scene.plugins.gltf.GltfLoader readAnimation
WARNUNG: JME only supports linear interpolation for animations
Sept. 12, 2026 7:43:15 PM com.jme3.scene.plugins.gltf.GltfLoader readAnimation
WARNUNG: JME only supports linear interpolation for animations
Sept. 12, 2026 7:43:15 PM com.jme3.scene.plugins.gltf.GltfLoader readAnimation
WARNUNG: JME only supports linear interpolation for animations
Sept. 12, 2026 7:43:15 PM com.jme3.scene.plugins.gltf.GltfLoader readAnimation
WARNUNG: JME only supports linear interpolation for animations
Sept. 12, 2026 7:43:15 PM com.jme3.scene.plugins.gltf.GltfLoader readAnimation
WARNUNG: JME only supports linear interpolation for animations
Sept. 12, 2026 7:43:15 PM com.jme3.scene.plugins.gltf.GltfLoader readAnimation
WARNUNG: JME only supports linear interpolation for animations
Sept. 12, 2026 7:43:15 PM com.jme3.scene.plugins.gltf.GltfLoader readAnimation
WARNUNG: JME only supports linear interpolation for animations
Sept. 12, 2026 7:43:15 PM com.jme3.scene.plugins.gltf.GltfLoader readAnimation
WARNUNG: JME only supports linear interpolation for animations
Sept. 12, 2026 7:43:15 PM com.jme3.scene.plugins.gltf.GltfLoader readAnimation
WARNUNG: JME only supports linear interpolation for animations
Sept. 12, 2026 7:43:15 PM com.jme3.scene.plugins.gltf.GltfLoader readAnimation
WARNUNG: JME only supports linear interpolation for animations
Sept. 12, 2026 7:43:15 PM com.jme3.scene.plugins.gltf.GltfLoader readAnimation
WARNUNG: JME only supports linear interpolation for animations
Sept. 12, 2026 7:43:15 PM com.jme3.scene.plugins.gltf.GltfLoader readAnimation
WARNUNG: JME only supports linear interpolation for animations
Sept. 12, 2026 7:43:15 PM com.jme3.scene.plugins.gltf.GltfLoader readAnimation
WARNUNG: JME only supports linear interpolation for animations
Sept. 12, 2026 7:43:15 PM com.jme3.scene.plugins.gltf.GltfLoader readAnimation
WARNUNG: JME only supports linear interpolation for animations
Sept. 12, 2026 7:43:15 PM com.jme3.scene.plugins.gltf.GltfLoader readAnimation
WARNUNG: JME only supports linear interpolation for animations
Sept. 12, 2026 7:43:15 PM com.jme3.scene.plugins.gltf.GltfLoader readAnimation
WARNUNG: JME only supports linear interpolation for animations
Sept. 12, 2026 7:43:15 PM com.jme3.scene.plugins.gltf.GltfLoader readAnimation
WARNUNG: JME only supports linear interpolation for animations
Sept. 12, 2026 7:43:15 PM com.jme3.scene.plugins.gltf.GltfLoader readAnimation
WARNUNG: JME only supports linear interpolation for animations
Sept. 12, 2026 7:43:15 PM com.jme3.scene.plugins.gltf.GltfLoader readAnimation
WARNUNG: JME only supports linear interpolation for animations
Sept. 12, 2026 7:43:15 PM com.jme3.scene.plugins.gltf.GltfLoader readAnimation
WARNUNG: JME only supports linear interpolation for animations
Sept. 12, 2026 7:43:15 PM com.jme3.scene.plugins.gltf.GltfLoader readAnimation
WARNUNG: JME only supports linear interpolation for animations
Sept. 12, 2026 7:43:15 PM com.jme3.scene.plugins.gltf.GltfLoader readAnimation
WARNUNG: JME only supports linear interpolation for animations
Sept. 12, 2026 7:43:15 PM com.jme3.scene.plugins.gltf.GltfLoader readAnimation
WARNUNG: JME only supports linear interpolation for animations
Sept. 12, 2026 7:43:15 PM com.jme3.scene.plugins.gltf.GltfLoader readAnimation
WARNUNG: JME only supports linear interpolation for animations
Sept. 12, 2026 7:43:15 PM com.jme3.scene.plugins.gltf.GltfLoader readAnimation
WARNUNG: JME only supports linear interpolation for animations
Sept. 12, 2026 7:43:15 PM com.jme3.scene.plugins.gltf.GltfLoader readAnimation
WARNUNG: JME only supports linear interpolation for animations
Sept. 12, 2026 7:43:15 PM com.jme3.scene.plugins.gltf.GltfLoader readAnimation
WARNUNG: JME only supports linear interpolation for animations
Sept. 12, 2026 7:43:15 PM com.jme3.scene.plugins.gltf.GltfLoader readAnimation
WARNUNG: JME only supports linear interpolation for animations
Sept. 12, 2026 7:43:15 PM com.jme3.scene.plugins.gltf.GltfLoader readAnimation
WARNUNG: JME only supports linear interpolation for animations
Sept. 12, 2026 7:43:15 PM com.jme3.scene.plugins.gltf.GltfLoader readAnimation
WARNUNG: JME only supports linear interpolation for animations
Sept. 12, 2026 7:43:15 PM com.jme3.scene.plugins.gltf.GltfLoader readAnimation
WARNUNG: JME only supports linear interpolation for animations
Sept. 12, 2026 7:43:15 PM com.jme3.scene.plugins.gltf.GltfLoader readAnimation
WARNUNG: JME only supports linear interpolation for animations
Sept. 12, 2026 7:43:15 PM com.jme3.scene.plugins.gltf.GltfLoader readAnimation
WARNUNG: JME only supports linear interpolation for animations
Sept. 12, 2026 7:43:15 PM com.jme3.scene.plugins.gltf.GltfLoader readAnimation
WARNUNG: JME only supports linear interpolation for animations
Sept. 12, 2026 7:43:15 PM com.jme3.scene.plugins.gltf.GltfLoader readAnimation
WARNUNG: JME only supports linear interpolation for animations
Sept. 12, 2026 7:43:15 PM com.jme3.scene.plugins.gltf.GltfLoader readAnimation
WARNUNG: JME only supports linear interpolation for animations
Sept. 12, 2026 7:43:15 PM com.jme3.scene.plugins.gltf.GltfLoader readAnimation
WARNUNG: JME only supports linear interpolation for animations
Sept. 12, 2026 7:43:15 PM com.jme3.scene.plugins.gltf.GltfLoader readAnimation
WARNUNG: JME only supports linear interpolation for animations
Sept. 12, 2026 7:43:15 PM com.jme3.scene.plugins.gltf.GltfLoader readAnimation
WARNUNG: JME only supports linear interpolation for animations
Sept. 12, 2026 7:43:15 PM com.jme3.scene.plugins.gltf.GltfLoader readAnimation
WARNUNG: JME only supports linear interpolation for animations
Sept. 12, 2026 7:43:15 PM com.jme3.scene.plugins.gltf.GltfLoader readAnimation
WARNUNG: JME only supports linear interpolation for animations
Sept. 12, 2026 7:43:15 PM com.jme3.scene.plugins.gltf.GltfLoader readAnimation
WARNUNG: JME only supports linear interpolation for animations
Sept. 12, 2026 7:43:15 PM com.jme3.scene.plugins.gltf.GltfLoader readAnimation
WARNUNG: JME only supports linear interpolation for animations
Sept. 12, 2026 7:43:15 PM com.jme3.scene.plugins.gltf.GltfLoader readAnimation
WARNUNG: JME only supports linear interpolation for animations
Sept. 12, 2026 7:43:15 PM com.jme3.scene.plugins.gltf.GltfLoader readAnimation
WARNUNG: JME only supports linear interpolation for animations
Sept. 12, 2026 7:43:15 PM com.jme3.scene.plugins.gltf.GltfLoader readAnimation
WARNUNG: JME only supports linear interpolation for animations
Sept. 12, 2026 7:43:15 PM com.jme3.scene.plugins.gltf.GltfLoader readAnimation
WARNUNG: JME only supports linear interpolation for animations
Sept. 12, 2026 7:43:15 PM com.jme3.scene.plugins.gltf.GltfLoader readAnimation
WARNUNG: JME only supports linear interpolation for animations
Sept. 12, 2026 7:43:15 PM com.jme3.scene.plugins.gltf.GltfLoader readAnimation
WARNUNG: JME only supports linear interpolation for animations
Sept. 12, 2026 7:43:15 PM com.jme3.scene.plugins.gltf.GltfLoader readAnimation
WARNUNG: JME only supports linear interpolation for animations
Sept. 12, 2026 7:43:15 PM com.jme3.scene.plugins.gltf.GltfLoader readAnimation
WARNUNG: JME only supports linear interpolation for animations
Sept. 12, 2026 7:43:15 PM com.jme3.scene.plugins.gltf.GltfLoader readAnimation
WARNUNG: JME only supports linear interpolation for animations
Sept. 12, 2026 7:43:15 PM com.jme3.scene.plugins.gltf.GltfLoader readAnimation
WARNUNG: JME only supports linear interpolation for animations
Sept. 12, 2026 7:43:15 PM com.jme3.scene.plugins.gltf.GltfLoader readAnimation
WARNUNG: JME only supports linear interpolation for animations
Sept. 12, 2026 7:43:15 PM com.jme3.scene.plugins.gltf.GltfLoader readAnimation
WARNUNG: JME only supports linear interpolation for animations
Sept. 12, 2026 7:43:15 PM com.jme3.scene.plugins.gltf.GltfLoader readAnimation
WARNUNG: JME only supports linear interpolation for animations
Sept. 12, 2026 7:43:15 PM com.jme3.scene.plugins.gltf.GltfLoader readAnimation
WARNUNG: JME only supports linear interpolation for animations
Sept. 12, 2026 7:43:15 PM com.jme3.scene.plugins.gltf.GltfLoader readAnimation
WARNUNG: JME only supports linear interpolation for animations
Sept. 12, 2026 7:43:15 PM com.jme3.scene.plugins.gltf.GltfLoader readAnimation
WARNUNG: JME only supports linear interpolation for animations
Sept. 12, 2026 7:43:15 PM com.jme3.scene.plugins.gltf.GltfLoader readAnimation
WARNUNG: JME only supports linear interpolation for animations
Sept. 12, 2026 7:43:15 PM com.jme3.scene.plugins.gltf.GltfLoader readAnimation
WARNUNG: JME only supports linear interpolation for animations
Sept. 12, 2026 7:43:15 PM com.jme3.scene.plugins.gltf.GltfLoader readAnimation
WARNUNG: JME only supports linear interpolation for animations
Sept. 12, 2026 7:43:15 PM com.jme3.scene.plugins.gltf.GltfLoader readAnimation
WARNUNG: JME only supports linear interpolation for animations
Sept. 12, 2026 7:43:15 PM com.jme3.scene.plugins.gltf.GltfLoader readAnimation
WARNUNG: JME only supports linear interpolation for animations
Sept. 12, 2026 7:43:15 PM com.jme3.scene.plugins.gltf.GltfLoader readAnimation
WARNUNG: JME only supports linear interpolation for animations
Sept. 12, 2026 7:43:15 PM com.jme3.scene.plugins.gltf.GltfLoader readAnimation
WARNUNG: JME only supports linear interpolation for animations
Sept. 12, 2026 7:43:15 PM com.jme3.scene.plugins.gltf.GltfLoader readAnimation
WARNUNG: JME only supports linear interpolation for animations
Sept. 12, 2026 7:43:15 PM com.jme3.scene.plugins.gltf.GltfLoader readAnimation
WARNUNG: JME only supports linear interpolation for animations
Sept. 12, 2026 7:43:15 PM com.jme3.scene.plugins.gltf.GltfLoader readAnimation
WARNUNG: JME only supports linear interpolation for animations
Sept. 12, 2026 7:43:15 PM com.jme3.scene.plugins.gltf.GltfLoader readAnimation
WARNUNG: JME only supports linear interpolation for animations
Sept. 12, 2026 7:43:15 PM com.jme3.scene.plugins.gltf.GltfLoader readAnimation
WARNUNG: JME only supports linear interpolation for animations
Sept. 12, 2026 7:43:15 PM com.jme3.scene.plugins.gltf.GltfLoader readAnimation
WARNUNG: JME only supports linear interpolation for animations
Sept. 12, 2026 7:43:15 PM com.jme3.scene.plugins.gltf.GltfLoader readAnimation
WARNUNG: JME only supports linear interpolation for animations
Sept. 12, 2026 7:43:15 PM com.jme3.scene.plugins.gltf.GltfLoader readAnimation
WARNUNG: JME only supports linear interpolation for animations
Sept. 12, 2026 7:43:15 PM com.jme3.scene.plugins.gltf.GltfLoader readAnimation
WARNUNG: JME only supports linear interpolation for animations
Sept. 12, 2026 7:43:15 PM com.jme3.scene.plugins.gltf.GltfLoader readAnimation
WARNUNG: JME only supports linear interpolation for animations
Sept. 12, 2026 7:43:15 PM com.jme3.scene.plugins.gltf.GltfLoader readAnimation
WARNUNG: JME only supports linear interpolation for animations
Sept. 12, 2026 7:43:15 PM com.jme3.scene.plugins.gltf.GltfLoader readAnimation
WARNUNG: JME only supports linear interpolation for animations
Sept. 12, 2026 7:43:15 PM com.jme3.scene.plugins.gltf.GltfLoader readAnimation
WARNUNG: JME only supports linear interpolation for animations
Sept. 12, 2026 7:43:15 PM com.jme3.scene.plugins.gltf.GltfLoader readAnimation
WARNUNG: JME only supports linear interpolation for animations
Sept. 12, 2026 7:43:15 PM com.jme3.scene.plugins.gltf.GltfLoader readAnimation
WARNUNG: JME only supports linear interpolation for animations
Sept. 12, 2026 7:43:15 PM com.jme3.scene.plugins.gltf.GltfLoader readAnimation
WARNUNG: JME only supports linear interpolation for animations
Sept. 12, 2026 7:43:15 PM com.jme3.scene.plugins.gltf.GltfLoader readAnimation
WARNUNG: JME only supports linear interpolation for animations
Sept. 12, 2026 7:43:15 PM com.jme3.scene.plugins.gltf.GltfLoader readAnimation
WARNUNG: JME only supports linear interpolation for animations
Sept. 12, 2026 7:43:15 PM com.jme3.scene.plugins.gltf.GltfLoader readAnimation
WARNUNG: JME only supports linear interpolation for animations
Sept. 12, 2026 7:43:15 PM com.jme3.scene.plugins.gltf.GltfLoader readAnimation
WARNUNG: JME only supports linear interpolation for animations
Sept. 12, 2026 7:43:15 PM com.jme3.scene.plugins.gltf.GltfLoader readAnimation
WARNUNG: JME only supports linear interpolation for animations
Sept. 12, 2026 7:43:15 PM com.jme3.scene.plugins.gltf.GltfLoader readAnimation
WARNUNG: JME only supports linear interpolation for animations
Sept. 12, 2026 7:43:15 PM com.jme3.scene.plugins.gltf.GltfLoader readAnimation
WARNUNG: JME only supports linear interpolation for animations
Sept. 12, 2026 7:43:15 PM com.jme3.scene.plugins.gltf.GltfLoader readAnimation
WARNUNG: JME only supports linear interpolation for animations
Sept. 12, 2026 7:43:15 PM com.jme3.scene.plugins.gltf.GltfLoader readAnimation
WARNUNG: JME only supports linear interpolation for animations
Sept. 12, 2026 7:43:15 PM com.jme3.scene.plugins.gltf.GltfLoader readAnimation
WARNUNG: JME only supports linear interpolation for animations
Sept. 12, 2026 7:43:15 PM com.jme3.scene.plugins.gltf.GltfLoader readAnimation
WARNUNG: JME only supports linear interpolation for animations
Sept. 12, 2026 7:43:15 PM com.jme3.scene.plugins.gltf.GltfLoader readAnimation
WARNUNG: JME only supports linear interpolation for animations
Sept. 12, 2026 7:43:15 PM com.jme3.scene.plugins.gltf.GltfLoader readAnimation
WARNUNG: JME only supports linear interpolation for animations
Sept. 12, 2026 7:43:15 PM com.jme3.scene.plugins.gltf.GltfLoader readAnimation
WARNUNG: JME only supports linear interpolation for animations
Sept. 12, 2026 7:43:15 PM com.jme3.scene.plugins.gltf.GltfLoader readAnimation
WARNUNG: JME only supports linear interpolation for animations
Sept. 12, 2026 7:43:15 PM com.jme3.scene.plugins.gltf.GltfLoader readAnimation
WARNUNG: JME only supports linear interpolation for animations
Sept. 12, 2026 7:43:15 PM com.jme3.scene.plugins.gltf.GltfLoader readAnimation
WARNUNG: JME only supports linear interpolation for animations
Sept. 12, 2026 7:43:15 PM com.jme3.scene.plugins.gltf.GltfLoader readAnimation
WARNUNG: JME only supports linear interpolation for animations
Sept. 12, 2026 7:43:15 PM com.jme3.scene.plugins.gltf.GltfLoader readAnimation
WARNUNG: JME only supports linear interpolation for animations
Sept. 12, 2026 7:43:15 PM com.jme3.scene.plugins.gltf.GltfLoader readAnimation
WARNUNG: JME only supports linear interpolation for animations
Sept. 12, 2026 7:43:15 PM com.jme3.scene.plugins.gltf.GltfLoader readAnimation
WARNUNG: JME only supports linear interpolation for animations
Sept. 12, 2026 7:43:15 PM com.jme3.scene.plugins.gltf.GltfLoader readAnimation
WARNUNG: JME only supports linear interpolation for animations
Sept. 12, 2026 7:43:15 PM com.jme3.scene.plugins.gltf.GltfLoader readAnimation
WARNUNG: JME only supports linear interpolation for animations
Sept. 12, 2026 7:43:15 PM com.jme3.scene.plugins.gltf.GltfLoader readAnimation
WARNUNG: JME only supports linear interpolation for animations
Sept. 12, 2026 7:43:15 PM com.jme3.scene.plugins.gltf.GltfLoader readAnimation
WARNUNG: JME only supports linear interpolation for animations
Sept. 12, 2026 7:43:15 PM com.jme3.scene.plugins.gltf.GltfLoader readAnimation
WARNUNG: JME only supports linear interpolation for animations
Sept. 12, 2026 7:43:15 PM com.jme3.scene.plugins.gltf.GltfLoader readAnimation
WARNUNG: JME only supports linear interpolation for animations
Sept. 12, 2026 7:43:15 PM com.jme3.scene.plugins.gltf.GltfLoader readAnimation
WARNUNG: JME only supports linear interpolation for animations
Sept. 12, 2026 7:43:15 PM com.jme3.scene.plugins.gltf.GltfLoader readAnimation
WARNUNG: JME only supports linear interpolation for animations
Sept. 12, 2026 7:43:15 PM com.jme3.scene.plugins.gltf.GltfLoader readAnimation
WARNUNG: JME only supports linear interpolation for animations
Sept. 12, 2026 7:43:15 PM com.jme3.scene.plugins.gltf.GltfLoader readAnimation
WARNUNG: JME only supports linear interpolation for animations
Sept. 12, 2026 7:43:15 PM com.jme3.scene.plugins.gltf.GltfLoader readAnimation
WARNUNG: JME only supports linear interpolation for animations
Sept. 12, 2026 7:43:15 PM com.jme3.scene.plugins.gltf.GltfLoader readAnimation
WARNUNG: JME only supports linear interpolation for animations
Sept. 12, 2026 7:43:15 PM com.jme3.scene.plugins.gltf.GltfLoader readAnimation
WARNUNG: JME only supports linear interpolation for animations
Sept. 12, 2026 7:43:15 PM com.jme3.scene.plugins.gltf.GltfLoader readAnimation
WARNUNG: JME only supports linear interpolation for animations
Sept. 12, 2026 7:43:15 PM com.jme3.scene.plugins.gltf.GltfLoader readAnimation
WARNUNG: JME only supports linear interpolation for animations
Sept. 12, 2026 7:43:15 PM com.jme3.scene.plugins.gltf.GltfLoader readAnimation
WARNUNG: JME only supports linear interpolation for animations
Sept. 12, 2026 7:43:15 PM com.jme3.scene.plugins.gltf.GltfLoader readAnimation
WARNUNG: JME only supports linear interpolation for animations
Sept. 12, 2026 7:43:15 PM com.jme3.scene.plugins.gltf.GltfLoader readAnimation
WARNUNG: JME only supports linear interpolation for animations
Sept. 12, 2026 7:43:15 PM com.jme3.bullet.PhysicsSpace update
WARNUNG: invoked from wrong thread
Sept. 12, 2026 7:43:15 PM com.jme3.anim.SkinningControl controlRender
INFORMATION: Hardware skinning engaged for Armature.004 (Node)
Sept. 12, 2026 7:43:15 PM com.jme3.anim.SkinningControl controlRender
INFORMATION: Hardware skinning engaged for GoblinArmature (Node)
Sept. 12, 2026 7:43:15 PM com.jme3.anim.SkinningControl controlRender
INFORMATION: Hardware skinning engaged for GoblinArmature (Node)
Sept. 12, 2026 7:43:15 PM com.jme3.anim.SkinningControl controlRender
INFORMATION: Hardware skinning engaged for GoblinArmature (Node)
Sept. 12, 2026 7:43:15 PM com.jme3.anim.SkinningControl controlRender
INFORMATION: Hardware skinning engaged for OrcArmature (Node)
Sept. 12, 2026 7:43:15 PM com.jme3.anim.SkinningControl controlRender
INFORMATION: Hardware skinning engaged for CharacterRoot (Node)
Sept. 12, 2026 7:43:15 PM com.jme3.anim.SkinningControl controlRender
INFORMATION: Hardware skinning engaged for WardenArmature (Node)
Sept. 12, 2026 7:43:15 PM com.jme3.bullet.PhysicsSpace update
WARNUNG: invoked from wrong thread
Sept. 12, 2026 7:43:15 PM com.jme3.bullet.PhysicsSpace update
WARNUNG: invoked from wrong thread
Sept. 12, 2026 7:43:15 PM com.jme3.bullet.PhysicsSpace update
WARNUNG: invoked from wrong thread
Sept. 12, 2026 7:43:15 PM com.jme3.bullet.PhysicsSpace update
WARNUNG: invoked from wrong thread
Sept. 12, 2026 7:43:15 PM com.jme3.bullet.PhysicsSpace update
WARNUNG: invoked from wrong thread
Sept. 12, 2026 7:43:15 PM com.jme3.bullet.PhysicsSpace update
WARNUNG: invoked from wrong thread
Sept. 12, 2026 7:43:15 PM com.jme3.bullet.PhysicsSpace update
WARNUNG: invoked from wrong thread
Sept. 12, 2026 7:43:15 PM com.jme3.bullet.PhysicsSpace update
WARNUNG: invoked from wrong thread
Sept. 12, 2026 7:43:15 PM com.jme3.bullet.PhysicsSpace update
WARNUNG: invoked from wrong thread
Sept. 12, 2026 7:43:15 PM com.jme3.bullet.PhysicsSpace update
WARNUNG: invoked from wrong thread
Sept. 12, 2026 7:43:15 PM com.jme3.bullet.PhysicsSpace update
WARNUNG: invoked from wrong thread
Sept. 12, 2026 7:43:15 PM com.jme3.bullet.PhysicsSpace update
WARNUNG: invoked from wrong thread
Sept. 12, 2026 7:43:15 PM com.jme3.bullet.PhysicsSpace update
WARNUNG: invoked from wrong thread
Sept. 12, 2026 7:43:15 PM com.jme3.bullet.PhysicsSpace update
WARNUNG: invoked from wrong thread
Sept. 12, 2026 7:43:15 PM com.jme3.bullet.PhysicsSpace update
WARNUNG: invoked from wrong thread
Sept. 12, 2026 7:43:15 PM com.jme3.bullet.PhysicsSpace update
WARNUNG: invoked from wrong thread
Sept. 12, 2026 7:43:15 PM com.jme3.bullet.PhysicsSpace update
WARNUNG: invoked from wrong thread
Sept. 12, 2026 7:43:15 PM com.jme3.bullet.PhysicsSpace update
WARNUNG: invoked from wrong thread
Sept. 12, 2026 7:43:15 PM com.jme3.bullet.PhysicsSpace update
WARNUNG: invoked from wrong thread
Sept. 12, 2026 7:43:15 PM com.jme3.bullet.PhysicsSpace update
WARNUNG: invoked from wrong thread
Sept. 12, 2026 7:43:15 PM com.jme3.bullet.PhysicsSpace update
WARNUNG: invoked from wrong thread
Sept. 12, 2026 7:43:15 PM com.jme3.bullet.PhysicsSpace update
WARNUNG: invoked from wrong thread
Sept. 12, 2026 7:43:15 PM com.jme3.bullet.PhysicsSpace update
WARNUNG: invoked from wrong thread
Sept. 12, 2026 7:43:15 PM com.jme3.bullet.PhysicsSpace update
WARNUNG: invoked from wrong thread
Sept. 12, 2026 7:43:15 PM com.jme3.bullet.PhysicsSpace update
WARNUNG: invoked from wrong thread
Sept. 12, 2026 7:43:15 PM com.jme3.bullet.PhysicsSpace update
WARNUNG: invoked from wrong thread
Sept. 12, 2026 7:43:15 PM com.jme3.bullet.PhysicsSpace update
WARNUNG: invoked from wrong thread
Sept. 12, 2026 7:43:15 PM com.jme3.bullet.PhysicsSpace update
WARNUNG: invoked from wrong thread
Sept. 12, 2026 7:43:15 PM com.jme3.bullet.PhysicsSpace update
WARNUNG: invoked from wrong thread
Sept. 12, 2026 7:43:15 PM com.jme3.bullet.PhysicsSpace update
WARNUNG: invoked from wrong thread
Sept. 12, 2026 7:43:15 PM com.jme3.bullet.PhysicsSpace update
WARNUNG: invoked from wrong thread
Sept. 12, 2026 7:43:15 PM com.jme3.bullet.PhysicsSpace update
WARNUNG: invoked from wrong thread
Sept. 12, 2026 7:43:16 PM com.jme3.bullet.PhysicsSpace update
WARNUNG: invoked from wrong thread
Sept. 12, 2026 7:43:16 PM com.jme3.bullet.PhysicsSpace update
WARNUNG: invoked from wrong thread
Sept. 12, 2026 7:43:16 PM com.jme3.bullet.PhysicsSpace update
WARNUNG: invoked from wrong thread
Sept. 12, 2026 7:43:16 PM com.jme3.bullet.PhysicsSpace update
WARNUNG: invoked from wrong thread
Sept. 12, 2026 7:43:16 PM com.jme3.bullet.PhysicsSpace update
WARNUNG: invoked from wrong thread
Sept. 12, 2026 7:43:16 PM com.jme3.bullet.PhysicsSpace update
WARNUNG: invoked from wrong thread
Sept. 12, 2026 7:43:16 PM com.jme3.bullet.PhysicsSpace update
WARNUNG: invoked from wrong thread
Sept. 12, 2026 7:43:16 PM com.jme3.bullet.PhysicsSpace update
WARNUNG: invoked from wrong thread
Sept. 12, 2026 7:43:16 PM com.jme3.bullet.PhysicsSpace update
WARNUNG: invoked from wrong thread
Sept. 12, 2026 7:43:16 PM com.jme3.bullet.PhysicsSpace update
WARNUNG: invoked from wrong thread
Sept. 12, 2026 7:43:16 PM com.jme3.bullet.PhysicsSpace update
WARNUNG: invoked from wrong thread
Sept. 12, 2026 7:43:16 PM com.jme3.bullet.PhysicsSpace update
WARNUNG: invoked from wrong thread
Sept. 12, 2026 7:43:16 PM com.jme3.bullet.PhysicsSpace update
WARNUNG: invoked from wrong thread
Sept. 12, 2026 7:43:16 PM com.jme3.bullet.PhysicsSpace update
WARNUNG: invoked from wrong thread
Sept. 12, 2026 7:43:16 PM com.jme3.bullet.PhysicsSpace update
WARNUNG: invoked from wrong thread
Sept. 12, 2026 7:43:16 PM com.jme3.bullet.PhysicsSpace update
WARNUNG: invoked from wrong thread
Sept. 12, 2026 7:43:16 PM com.jme3.bullet.PhysicsSpace update
WARNUNG: invoked from wrong thread
Sept. 12, 2026 7:43:16 PM com.jme3.bullet.PhysicsSpace update
WARNUNG: invoked from wrong thread
Sept. 12, 2026 7:43:16 PM com.jme3.bullet.PhysicsSpace update
WARNUNG: invoked from wrong thread
Sept. 12, 2026 7:43:16 PM com.jme3.bullet.PhysicsSpace update
WARNUNG: invoked from wrong thread
Sept. 12, 2026 7:43:16 PM com.jme3.bullet.PhysicsSpace update
WARNUNG: invoked from wrong thread
Sept. 12, 2026 7:43:16 PM com.jme3.bullet.PhysicsSpace update
WARNUNG: invoked from wrong thread
Sept. 12, 2026 7:43:16 PM com.jme3.bullet.PhysicsSpace update
WARNUNG: invoked from wrong thread
Sept. 12, 2026 7:43:16 PM com.jme3.bullet.PhysicsSpace update
WARNUNG: invoked from wrong thread
Sept. 12, 2026 7:43:16 PM com.jme3.bullet.PhysicsSpace update
WARNUNG: invoked from wrong thread
Sept. 12, 2026 7:43:16 PM com.jme3.bullet.PhysicsSpace update
WARNUNG: invoked from wrong thread
Sept. 12, 2026 7:43:16 PM com.jme3.bullet.PhysicsSpace update
WARNUNG: invoked from wrong thread
Sept. 12, 2026 7:43:16 PM com.jme3.bullet.PhysicsSpace update
WARNUNG: invoked from wrong thread
Sept. 12, 2026 7:43:16 PM com.jme3.bullet.PhysicsSpace update
WARNUNG: invoked from wrong thread
Sept. 12, 2026 7:43:16 PM com.jme3.bullet.PhysicsSpace update
WARNUNG: invoked from wrong thread
Sept. 12, 2026 7:43:16 PM com.jme3.bullet.PhysicsSpace update
WARNUNG: invoked from wrong thread
Sept. 12, 2026 7:43:16 PM com.jme3.bullet.PhysicsSpace update
WARNUNG: invoked from wrong thread
Sept. 12, 2026 7:43:16 PM com.jme3.bullet.PhysicsSpace update
WARNUNG: invoked from wrong thread
Sept. 12, 2026 7:43:16 PM com.jme3.bullet.PhysicsSpace update
WARNUNG: invoked from wrong thread
Sept. 12, 2026 7:43:16 PM com.jme3.bullet.PhysicsSpace update
WARNUNG: invoked from wrong thread
Sept. 12, 2026 7:43:16 PM com.jme3.bullet.PhysicsSpace update
WARNUNG: invoked from wrong thread
Sept. 12, 2026 7:43:16 PM com.jme3.bullet.PhysicsSpace update
WARNUNG: invoked from wrong thread
Sept. 12, 2026 7:43:16 PM com.jme3.bullet.PhysicsSpace update
WARNUNG: invoked from wrong thread
Sept. 12, 2026 7:43:16 PM com.jme3.bullet.PhysicsSpace update
WARNUNG: invoked from wrong thread
Sept. 12, 2026 7:43:16 PM com.jme3.bullet.PhysicsSpace update
WARNUNG: invoked from wrong thread
Sept. 12, 2026 7:43:16 PM com.jme3.bullet.PhysicsSpace update
WARNUNG: invoked from wrong thread
Sept. 12, 2026 7:43:16 PM com.jme3.bullet.PhysicsSpace update
WARNUNG: invoked from wrong thread
Sept. 12, 2026 7:43:16 PM com.jme3.bullet.PhysicsSpace update
WARNUNG: invoked from wrong thread
Sept. 12, 2026 7:43:16 PM com.jme3.bullet.PhysicsSpace update
WARNUNG: invoked from wrong thread
Sept. 12, 2026 7:43:16 PM com.jme3.bullet.PhysicsSpace update
WARNUNG: invoked from wrong thread
Sept. 12, 2026 7:43:16 PM com.jme3.bullet.PhysicsSpace update
WARNUNG: invoked from wrong thread
Sept. 12, 2026 7:43:16 PM com.jme3.bullet.PhysicsSpace update
WARNUNG: invoked from wrong thread
Sept. 12, 2026 7:43:16 PM com.jme3.bullet.PhysicsSpace update
WARNUNG: invoked from wrong thread
Sept. 12, 2026 7:43:16 PM com.jme3.bullet.PhysicsSpace update
WARNUNG: invoked from wrong thread
Sept. 12, 2026 7:43:16 PM com.jme3.bullet.PhysicsSpace update
WARNUNG: invoked from wrong thread
Sept. 12, 2026 7:43:16 PM com.jme3.bullet.PhysicsSpace update
WARNUNG: invoked from wrong thread
Sept. 12, 2026 7:43:16 PM com.jme3.bullet.PhysicsSpace update
WARNUNG: invoked from wrong thread
Sept. 12, 2026 7:43:16 PM com.jme3.bullet.PhysicsSpace update
WARNUNG: invoked from wrong thread
Sept. 12, 2026 7:43:16 PM com.jme3.bullet.PhysicsSpace update
WARNUNG: invoked from wrong thread
Sept. 12, 2026 7:43:16 PM com.jme3.bullet.PhysicsSpace update
WARNUNG: invoked from wrong thread
Sept. 12, 2026 7:43:16 PM com.jme3.bullet.PhysicsSpace update
WARNUNG: invoked from wrong thread
Sept. 12, 2026 7:43:16 PM com.jme3.bullet.PhysicsSpace update
WARNUNG: invoked from wrong thread
Sept. 12, 2026 7:43:16 PM com.jme3.bullet.PhysicsSpace update
WARNUNG: invoked from wrong thread
Sept. 12, 2026 7:43:17 PM com.jme3.bullet.PhysicsSpace update
WARNUNG: invoked from wrong thread
Sept. 12, 2026 7:43:17 PM com.jme3.bullet.PhysicsSpace update
WARNUNG: invoked from wrong thread
Sept. 12, 2026 7:43:17 PM com.jme3.bullet.PhysicsSpace update
WARNUNG: invoked from wrong thread
[SMOKE] stage 7
Sept. 12, 2026 7:43:17 PM com.jme3.bullet.PhysicsSpace update
WARNUNG: invoked from wrong thread
Sept. 12, 2026 7:43:17 PM com.jme3.anim.SkinningControl controlRender
INFORMATION: Hardware skinning engaged for Armature.004 (Node)
Sept. 12, 2026 7:43:17 PM com.jme3.anim.SkinningControl controlRender
INFORMATION: Hardware skinning engaged for GoblinArmature (Node)
Sept. 12, 2026 7:43:17 PM com.jme3.anim.SkinningControl controlRender
INFORMATION: Hardware skinning engaged for GoblinArmature (Node)
Sept. 12, 2026 7:43:17 PM com.jme3.anim.SkinningControl controlRender
INFORMATION: Hardware skinning engaged for CharacterRoot (Node)
Sept. 12, 2026 7:43:17 PM com.jme3.anim.SkinningControl controlRender
INFORMATION: Hardware skinning engaged for CharacterRoot (Node)
Sept. 12, 2026 7:43:17 PM com.jme3.anim.SkinningControl controlRender
INFORMATION: Hardware skinning engaged for OrcArmature (Node)
Sept. 12, 2026 7:43:17 PM com.jme3.anim.SkinningControl controlRender
INFORMATION: Hardware skinning engaged for OrcArmature (Node)
Sept. 12, 2026 7:43:17 PM com.jme3.bullet.PhysicsSpace update
WARNUNG: invoked from wrong thread
Sept. 12, 2026 7:43:17 PM com.jme3.bullet.PhysicsSpace update
WARNUNG: invoked from wrong thread
Sept. 12, 2026 7:43:17 PM com.jme3.bullet.PhysicsSpace update
WARNUNG: invoked from wrong thread
Sept. 12, 2026 7:43:17 PM com.jme3.bullet.PhysicsSpace update
WARNUNG: invoked from wrong thread
Sept. 12, 2026 7:43:17 PM com.jme3.bullet.PhysicsSpace update
WARNUNG: invoked from wrong thread
Sept. 12, 2026 7:43:17 PM com.jme3.bullet.PhysicsSpace update
WARNUNG: invoked from wrong thread
Sept. 12, 2026 7:43:17 PM com.jme3.bullet.PhysicsSpace update
WARNUNG: invoked from wrong thread
Sept. 12, 2026 7:43:17 PM com.jme3.bullet.PhysicsSpace update
WARNUNG: invoked from wrong thread
Sept. 12, 2026 7:43:17 PM com.jme3.bullet.PhysicsSpace update
WARNUNG: invoked from wrong thread
Sept. 12, 2026 7:43:17 PM com.jme3.bullet.PhysicsSpace update
WARNUNG: invoked from wrong thread
Sept. 12, 2026 7:43:17 PM com.jme3.bullet.PhysicsSpace update
WARNUNG: invoked from wrong thread
Sept. 12, 2026 7:43:17 PM com.jme3.bullet.PhysicsSpace update
WARNUNG: invoked from wrong thread
Sept. 12, 2026 7:43:17 PM com.jme3.bullet.PhysicsSpace update
WARNUNG: invoked from wrong thread
Sept. 12, 2026 7:43:17 PM com.jme3.bullet.PhysicsSpace update
WARNUNG: invoked from wrong thread
Sept. 12, 2026 7:43:17 PM com.jme3.bullet.PhysicsSpace update
WARNUNG: invoked from wrong thread
Sept. 12, 2026 7:43:17 PM com.jme3.bullet.PhysicsSpace update
WARNUNG: invoked from wrong thread
Sept. 12, 2026 7:43:17 PM com.jme3.bullet.PhysicsSpace update
WARNUNG: invoked from wrong thread
Sept. 12, 2026 7:43:17 PM com.jme3.bullet.PhysicsSpace update
WARNUNG: invoked from wrong thread
Sept. 12, 2026 7:43:17 PM com.jme3.bullet.PhysicsSpace update
WARNUNG: invoked from wrong thread
Sept. 12, 2026 7:43:17 PM com.jme3.bullet.PhysicsSpace update
WARNUNG: invoked from wrong thread
Sept. 12, 2026 7:43:17 PM com.jme3.bullet.PhysicsSpace update
WARNUNG: invoked from wrong thread
Sept. 12, 2026 7:43:17 PM com.jme3.bullet.PhysicsSpace update
WARNUNG: invoked from wrong thread
Sept. 12, 2026 7:43:17 PM com.jme3.bullet.PhysicsSpace update
WARNUNG: invoked from wrong thread
Sept. 12, 2026 7:43:17 PM com.jme3.bullet.PhysicsSpace update
WARNUNG: invoked from wrong thread
Sept. 12, 2026 7:43:17 PM com.jme3.bullet.PhysicsSpace update
WARNUNG: invoked from wrong thread
Sept. 12, 2026 7:43:17 PM com.jme3.bullet.PhysicsSpace update
WARNUNG: invoked from wrong thread
Sept. 12, 2026 7:43:17 PM com.jme3.bullet.PhysicsSpace update
WARNUNG: invoked from wrong thread
Sept. 12, 2026 7:43:17 PM com.jme3.bullet.PhysicsSpace update
WARNUNG: invoked from wrong thread
Sept. 12, 2026 7:43:17 PM com.jme3.bullet.PhysicsSpace update
WARNUNG: invoked from wrong thread
Sept. 12, 2026 7:43:17 PM com.jme3.bullet.PhysicsSpace update
WARNUNG: invoked from wrong thread
Sept. 12, 2026 7:43:17 PM com.jme3.bullet.PhysicsSpace update
WARNUNG: invoked from wrong thread
Sept. 12, 2026 7:43:17 PM com.jme3.bullet.PhysicsSpace update
WARNUNG: invoked from wrong thread
Sept. 12, 2026 7:43:17 PM com.jme3.bullet.PhysicsSpace update
WARNUNG: invoked from wrong thread
Sept. 12, 2026 7:43:17 PM com.jme3.bullet.PhysicsSpace update
WARNUNG: invoked from wrong thread
Sept. 12, 2026 7:43:17 PM com.jme3.bullet.PhysicsSpace update
WARNUNG: invoked from wrong thread
Sept. 12, 2026 7:43:17 PM com.jme3.bullet.PhysicsSpace update
WARNUNG: invoked from wrong thread
Sept. 12, 2026 7:43:17 PM com.jme3.bullet.PhysicsSpace update
WARNUNG: invoked from wrong thread
Sept. 12, 2026 7:43:17 PM com.jme3.bullet.PhysicsSpace update
WARNUNG: invoked from wrong thread
Sept. 12, 2026 7:43:18 PM com.jme3.bullet.PhysicsSpace update
WARNUNG: invoked from wrong thread
Sept. 12, 2026 7:43:18 PM com.jme3.bullet.PhysicsSpace update
WARNUNG: invoked from wrong thread
Sept. 12, 2026 7:43:18 PM com.jme3.bullet.PhysicsSpace update
WARNUNG: invoked from wrong thread
Sept. 12, 2026 7:43:18 PM com.jme3.bullet.PhysicsSpace update
WARNUNG: invoked from wrong thread
Sept. 12, 2026 7:43:18 PM com.jme3.bullet.PhysicsSpace update
WARNUNG: invoked from wrong thread
Sept. 12, 2026 7:43:18 PM com.jme3.bullet.PhysicsSpace update
WARNUNG: invoked from wrong thread
Sept. 12, 2026 7:43:18 PM com.jme3.bullet.PhysicsSpace update
WARNUNG: invoked from wrong thread
Sept. 12, 2026 7:43:18 PM com.jme3.bullet.PhysicsSpace update
WARNUNG: invoked from wrong thread
Sept. 12, 2026 7:43:18 PM com.jme3.bullet.PhysicsSpace update
WARNUNG: invoked from wrong thread
Sept. 12, 2026 7:43:18 PM com.jme3.bullet.PhysicsSpace update
WARNUNG: invoked from wrong thread
Sept. 12, 2026 7:43:18 PM com.jme3.bullet.PhysicsSpace update
WARNUNG: invoked from wrong thread
Sept. 12, 2026 7:43:18 PM com.jme3.bullet.PhysicsSpace update
WARNUNG: invoked from wrong thread
Sept. 12, 2026 7:43:18 PM com.jme3.bullet.PhysicsSpace update
WARNUNG: invoked from wrong thread
Sept. 12, 2026 7:43:18 PM com.jme3.bullet.PhysicsSpace update
WARNUNG: invoked from wrong thread
Sept. 12, 2026 7:43:18 PM com.jme3.bullet.PhysicsSpace update
WARNUNG: invoked from wrong thread
Sept. 12, 2026 7:43:18 PM com.jme3.bullet.PhysicsSpace update
WARNUNG: invoked from wrong thread
Sept. 12, 2026 7:43:18 PM com.jme3.bullet.PhysicsSpace update
WARNUNG: invoked from wrong thread
Sept. 12, 2026 7:43:18 PM com.jme3.bullet.PhysicsSpace update
WARNUNG: invoked from wrong thread
Sept. 12, 2026 7:43:18 PM com.jme3.bullet.PhysicsSpace update
WARNUNG: invoked from wrong thread
Sept. 12, 2026 7:43:18 PM com.jme3.bullet.PhysicsSpace update
WARNUNG: invoked from wrong thread
Sept. 12, 2026 7:43:18 PM com.jme3.bullet.PhysicsSpace update
WARNUNG: invoked from wrong thread
Sept. 12, 2026 7:43:18 PM com.jme3.bullet.PhysicsSpace update
WARNUNG: invoked from wrong thread
Sept. 12, 2026 7:43:18 PM com.jme3.bullet.PhysicsSpace update
WARNUNG: invoked from wrong thread
Sept. 12, 2026 7:43:18 PM com.jme3.bullet.PhysicsSpace update
WARNUNG: invoked from wrong thread
Sept. 12, 2026 7:43:18 PM com.jme3.bullet.PhysicsSpace update
WARNUNG: invoked from wrong thread
Sept. 12, 2026 7:43:18 PM com.jme3.bullet.PhysicsSpace update
WARNUNG: invoked from wrong thread
Sept. 12, 2026 7:43:18 PM com.jme3.bullet.PhysicsSpace update
WARNUNG: invoked from wrong thread
Sept. 12, 2026 7:43:18 PM com.jme3.bullet.PhysicsSpace update
WARNUNG: invoked from wrong thread
Sept. 12, 2026 7:43:18 PM com.jme3.bullet.PhysicsSpace update
WARNUNG: invoked from wrong thread
Sept. 12, 2026 7:43:18 PM com.jme3.bullet.PhysicsSpace update
WARNUNG: invoked from wrong thread
Sept. 12, 2026 7:43:18 PM com.jme3.bullet.PhysicsSpace update
WARNUNG: invoked from wrong thread
Sept. 12, 2026 7:43:18 PM com.jme3.bullet.PhysicsSpace update
WARNUNG: invoked from wrong thread
Sept. 12, 2026 7:43:18 PM com.jme3.bullet.PhysicsSpace update
WARNUNG: invoked from wrong thread
Sept. 12, 2026 7:43:18 PM com.jme3.bullet.PhysicsSpace update
WARNUNG: invoked from wrong thread
Sept. 12, 2026 7:43:18 PM com.jme3.bullet.PhysicsSpace update
WARNUNG: invoked from wrong thread
Sept. 12, 2026 7:43:18 PM com.jme3.bullet.PhysicsSpace update
WARNUNG: invoked from wrong thread
Sept. 12, 2026 7:43:18 PM com.jme3.bullet.PhysicsSpace update
WARNUNG: invoked from wrong thread
Sept. 12, 2026 7:43:18 PM com.jme3.bullet.PhysicsSpace update
WARNUNG: invoked from wrong thread
Sept. 12, 2026 7:43:18 PM com.jme3.bullet.PhysicsSpace update
WARNUNG: invoked from wrong thread
Sept. 12, 2026 7:43:18 PM com.jme3.bullet.PhysicsSpace update
WARNUNG: invoked from wrong thread
Sept. 12, 2026 7:43:18 PM com.jme3.bullet.PhysicsSpace update
WARNUNG: invoked from wrong thread
Sept. 12, 2026 7:43:18 PM com.jme3.bullet.PhysicsSpace update
WARNUNG: invoked from wrong thread
Sept. 12, 2026 7:43:18 PM com.jme3.bullet.PhysicsSpace update
WARNUNG: invoked from wrong thread
Sept. 12, 2026 7:43:18 PM com.jme3.bullet.PhysicsSpace update
WARNUNG: invoked from wrong thread
Sept. 12, 2026 7:43:18 PM com.jme3.bullet.PhysicsSpace update
WARNUNG: invoked from wrong thread
Sept. 12, 2026 7:43:18 PM com.jme3.bullet.PhysicsSpace update
WARNUNG: invoked from wrong thread
Sept. 12, 2026 7:43:18 PM com.jme3.bullet.PhysicsSpace update
WARNUNG: invoked from wrong thread
Sept. 12, 2026 7:43:18 PM com.jme3.bullet.PhysicsSpace update
WARNUNG: invoked from wrong thread
Sept. 12, 2026 7:43:18 PM com.jme3.bullet.PhysicsSpace update
WARNUNG: invoked from wrong thread
Sept. 12, 2026 7:43:18 PM com.jme3.bullet.PhysicsSpace update
WARNUNG: invoked from wrong thread
Sept. 12, 2026 7:43:18 PM com.jme3.bullet.PhysicsSpace update
WARNUNG: invoked from wrong thread
Sept. 12, 2026 7:43:18 PM com.jme3.bullet.PhysicsSpace update
WARNUNG: invoked from wrong thread
Sept. 12, 2026 7:43:18 PM com.jme3.bullet.PhysicsSpace update
WARNUNG: invoked from wrong thread
Sept. 12, 2026 7:43:18 PM com.jme3.bullet.PhysicsSpace update
WARNUNG: invoked from wrong thread
Sept. 12, 2026 7:43:18 PM com.jme3.bullet.PhysicsSpace update
WARNUNG: invoked from wrong thread
Sept. 12, 2026 7:43:18 PM com.jme3.bullet.PhysicsSpace update
WARNUNG: invoked from wrong thread
Sept. 12, 2026 7:43:18 PM com.jme3.bullet.PhysicsSpace update
WARNUNG: invoked from wrong thread
Sept. 12, 2026 7:43:18 PM com.jme3.bullet.PhysicsSpace update
WARNUNG: invoked from wrong thread
Sept. 12, 2026 7:43:18 PM com.jme3.bullet.PhysicsSpace update
WARNUNG: invoked from wrong thread
Sept. 12, 2026 7:43:18 PM com.jme3.bullet.PhysicsSpace update
WARNUNG: invoked from wrong thread
Sept. 12, 2026 7:43:19 PM com.jme3.bullet.PhysicsSpace update
WARNUNG: invoked from wrong thread
Sept. 12, 2026 7:43:19 PM com.jme3.bullet.PhysicsSpace update
WARNUNG: invoked from wrong thread
Sept. 12, 2026 7:43:19 PM com.jme3.bullet.PhysicsSpace update
WARNUNG: invoked from wrong thread
Sept. 12, 2026 7:43:19 PM com.jme3.bullet.PhysicsSpace update
WARNUNG: invoked from wrong thread
Sept. 12, 2026 7:43:19 PM com.jme3.bullet.PhysicsSpace update
WARNUNG: invoked from wrong thread
Sept. 12, 2026 7:43:19 PM com.jme3.bullet.PhysicsSpace update
WARNUNG: invoked from wrong thread
Sept. 12, 2026 7:43:19 PM com.jme3.bullet.PhysicsSpace update
WARNUNG: invoked from wrong thread
Sept. 12, 2026 7:43:19 PM com.jme3.bullet.PhysicsSpace update
WARNUNG: invoked from wrong thread
Sept. 12, 2026 7:43:19 PM com.jme3.bullet.PhysicsSpace update
WARNUNG: invoked from wrong thread
Sept. 12, 2026 7:43:19 PM com.jme3.bullet.PhysicsSpace update
WARNUNG: invoked from wrong thread
Sept. 12, 2026 7:43:19 PM com.jme3.bullet.PhysicsSpace update
WARNUNG: invoked from wrong thread
Sept. 12, 2026 7:43:19 PM com.jme3.bullet.PhysicsSpace update
WARNUNG: invoked from wrong thread
Sept. 12, 2026 7:43:19 PM com.jme3.bullet.PhysicsSpace update
WARNUNG: invoked from wrong thread
Sept. 12, 2026 7:43:19 PM com.jme3.bullet.PhysicsSpace update
WARNUNG: invoked from wrong thread
Sept. 12, 2026 7:43:19 PM com.jme3.bullet.PhysicsSpace update
WARNUNG: invoked from wrong thread
Sept. 12, 2026 7:43:19 PM com.jme3.bullet.PhysicsSpace update
WARNUNG: invoked from wrong thread
Sept. 12, 2026 7:43:19 PM com.jme3.bullet.PhysicsSpace update
WARNUNG: invoked from wrong thread
Sept. 12, 2026 7:43:19 PM com.jme3.bullet.PhysicsSpace update
WARNUNG: invoked from wrong thread
Sept. 12, 2026 7:43:19 PM com.jme3.bullet.PhysicsSpace update
WARNUNG: invoked from wrong thread
Sept. 12, 2026 7:43:19 PM com.jme3.bullet.PhysicsSpace update
WARNUNG: invoked from wrong thread
Sept. 12, 2026 7:43:19 PM com.jme3.bullet.PhysicsSpace update
WARNUNG: invoked from wrong thread
Sept. 12, 2026 7:43:19 PM com.jme3.bullet.PhysicsSpace update
WARNUNG: invoked from wrong thread
Sept. 12, 2026 7:43:19 PM com.jme3.bullet.PhysicsSpace update
WARNUNG: invoked from wrong thread
Sept. 12, 2026 7:43:19 PM com.jme3.bullet.PhysicsSpace update
WARNUNG: invoked from wrong thread
Sept. 12, 2026 7:43:19 PM com.jme3.bullet.PhysicsSpace update
WARNUNG: invoked from wrong thread
Sept. 12, 2026 7:43:19 PM com.jme3.bullet.PhysicsSpace update
WARNUNG: invoked from wrong thread
Sept. 12, 2026 7:43:19 PM com.jme3.bullet.PhysicsSpace update
WARNUNG: invoked from wrong thread
Sept. 12, 2026 7:43:19 PM com.jme3.bullet.PhysicsSpace update
WARNUNG: invoked from wrong thread
Sept. 12, 2026 7:43:19 PM com.jme3.bullet.PhysicsSpace update
WARNUNG: invoked from wrong thread
Sept. 12, 2026 7:43:19 PM com.jme3.bullet.PhysicsSpace update
WARNUNG: invoked from wrong thread
Sept. 12, 2026 7:43:19 PM com.jme3.bullet.PhysicsSpace update
WARNUNG: invoked from wrong thread
Sept. 12, 2026 7:43:19 PM com.jme3.bullet.PhysicsSpace update
WARNUNG: invoked from wrong thread
Sept. 12, 2026 7:43:19 PM com.jme3.bullet.PhysicsSpace update
WARNUNG: invoked from wrong thread
[SMOKE] stage 8
Sept. 12, 2026 7:43:19 PM com.jme3.scene.plugins.gltf.GltfLoader readAnimation
WARNUNG: JME only supports linear interpolation for animations
Sept. 12, 2026 7:43:19 PM com.jme3.scene.plugins.gltf.GltfLoader readAnimation
WARNUNG: JME only supports linear interpolation for animations
Sept. 12, 2026 7:43:19 PM com.jme3.scene.plugins.gltf.GltfLoader readAnimation
WARNUNG: JME only supports linear interpolation for animations
Sept. 12, 2026 7:43:19 PM com.jme3.scene.plugins.gltf.GltfLoader readAnimation
WARNUNG: JME only supports linear interpolation for animations
Sept. 12, 2026 7:43:19 PM com.jme3.scene.plugins.gltf.GltfLoader readAnimation
WARNUNG: JME only supports linear interpolation for animations
Sept. 12, 2026 7:43:19 PM com.jme3.scene.plugins.gltf.GltfLoader readAnimation
WARNUNG: JME only supports linear interpolation for animations
Sept. 12, 2026 7:43:19 PM com.jme3.scene.plugins.gltf.GltfLoader readAnimation
WARNUNG: JME only supports linear interpolation for animations
Sept. 12, 2026 7:43:19 PM com.jme3.scene.plugins.gltf.GltfLoader readAnimation
WARNUNG: JME only supports linear interpolation for animations
Sept. 12, 2026 7:43:19 PM com.jme3.scene.plugins.gltf.GltfLoader readAnimation
WARNUNG: JME only supports linear interpolation for animations
Sept. 12, 2026 7:43:19 PM com.jme3.scene.plugins.gltf.GltfLoader readAnimation
WARNUNG: JME only supports linear interpolation for animations
Sept. 12, 2026 7:43:19 PM com.jme3.scene.plugins.gltf.GltfLoader readAnimation
WARNUNG: JME only supports linear interpolation for animations
Sept. 12, 2026 7:43:19 PM com.jme3.scene.plugins.gltf.GltfLoader readAnimation
WARNUNG: JME only supports linear interpolation for animations
Sept. 12, 2026 7:43:19 PM com.jme3.scene.plugins.gltf.GltfLoader readAnimation
WARNUNG: JME only supports linear interpolation for animations
Sept. 12, 2026 7:43:19 PM com.jme3.scene.plugins.gltf.GltfLoader readAnimation
WARNUNG: JME only supports linear interpolation for animations
Sept. 12, 2026 7:43:19 PM com.jme3.scene.plugins.gltf.GltfLoader readAnimation
WARNUNG: JME only supports linear interpolation for animations
Sept. 12, 2026 7:43:19 PM com.jme3.scene.plugins.gltf.GltfLoader readAnimation
WARNUNG: JME only supports linear interpolation for animations
Sept. 12, 2026 7:43:19 PM com.jme3.scene.plugins.gltf.GltfLoader readAnimation
WARNUNG: JME only supports linear interpolation for animations
Sept. 12, 2026 7:43:19 PM com.jme3.scene.plugins.gltf.GltfLoader readAnimation
WARNUNG: JME only supports linear interpolation for animations
Sept. 12, 2026 7:43:19 PM com.jme3.scene.plugins.gltf.GltfLoader readAnimation
WARNUNG: JME only supports linear interpolation for animations
Sept. 12, 2026 7:43:19 PM com.jme3.scene.plugins.gltf.GltfLoader readAnimation
WARNUNG: JME only supports linear interpolation for animations
Sept. 12, 2026 7:43:19 PM com.jme3.scene.plugins.gltf.GltfLoader readAnimation
WARNUNG: JME only supports linear interpolation for animations
Sept. 12, 2026 7:43:19 PM com.jme3.scene.plugins.gltf.GltfLoader readAnimation
WARNUNG: JME only supports linear interpolation for animations
Sept. 12, 2026 7:43:19 PM com.jme3.scene.plugins.gltf.GltfLoader readAnimation
WARNUNG: JME only supports linear interpolation for animations
Sept. 12, 2026 7:43:19 PM com.jme3.scene.plugins.gltf.GltfLoader readAnimation
WARNUNG: JME only supports linear interpolation for animations
Sept. 12, 2026 7:43:19 PM com.jme3.scene.plugins.gltf.GltfLoader readAnimation
WARNUNG: JME only supports linear interpolation for animations
Sept. 12, 2026 7:43:19 PM com.jme3.scene.plugins.gltf.GltfLoader readAnimation
WARNUNG: JME only supports linear interpolation for animations
Sept. 12, 2026 7:43:19 PM com.jme3.scene.plugins.gltf.GltfLoader readAnimation
WARNUNG: JME only supports linear interpolation for animations
Sept. 12, 2026 7:43:19 PM com.jme3.scene.plugins.gltf.GltfLoader readAnimation
WARNUNG: JME only supports linear interpolation for animations
Sept. 12, 2026 7:43:19 PM com.jme3.scene.plugins.gltf.GltfLoader readAnimation
WARNUNG: JME only supports linear interpolation for animations
Sept. 12, 2026 7:43:19 PM com.jme3.scene.plugins.gltf.GltfLoader readAnimation
WARNUNG: JME only supports linear interpolation for animations
Sept. 12, 2026 7:43:19 PM com.jme3.scene.plugins.gltf.GltfLoader readAnimation
WARNUNG: JME only supports linear interpolation for animations
Sept. 12, 2026 7:43:19 PM com.jme3.scene.plugins.gltf.GltfLoader readAnimation
WARNUNG: JME only supports linear interpolation for animations
Sept. 12, 2026 7:43:19 PM com.jme3.scene.plugins.gltf.GltfLoader readAnimation
WARNUNG: JME only supports linear interpolation for animations
Sept. 12, 2026 7:43:19 PM com.jme3.scene.plugins.gltf.GltfLoader readAnimation
WARNUNG: JME only supports linear interpolation for animations
Sept. 12, 2026 7:43:19 PM com.jme3.scene.plugins.gltf.GltfLoader readAnimation
WARNUNG: JME only supports linear interpolation for animations
Sept. 12, 2026 7:43:19 PM com.jme3.scene.plugins.gltf.GltfLoader readAnimation
WARNUNG: JME only supports linear interpolation for animations
Sept. 12, 2026 7:43:19 PM com.jme3.scene.plugins.gltf.GltfLoader readAnimation
WARNUNG: JME only supports linear interpolation for animations
Sept. 12, 2026 7:43:19 PM com.jme3.scene.plugins.gltf.GltfLoader readAnimation
WARNUNG: JME only supports linear interpolation for animations
Sept. 12, 2026 7:43:19 PM com.jme3.scene.plugins.gltf.GltfLoader readAnimation
WARNUNG: JME only supports linear interpolation for animations
Sept. 12, 2026 7:43:19 PM com.jme3.scene.plugins.gltf.GltfLoader readAnimation
WARNUNG: JME only supports linear interpolation for animations
Sept. 12, 2026 7:43:19 PM com.jme3.scene.plugins.gltf.GltfLoader readAnimation
WARNUNG: JME only supports linear interpolation for animations
Sept. 12, 2026 7:43:19 PM com.jme3.scene.plugins.gltf.GltfLoader readAnimation
WARNUNG: JME only supports linear interpolation for animations
Sept. 12, 2026 7:43:19 PM com.jme3.scene.plugins.gltf.GltfLoader readAnimation
WARNUNG: JME only supports linear interpolation for animations
Sept. 12, 2026 7:43:19 PM com.jme3.scene.plugins.gltf.GltfLoader readAnimation
WARNUNG: JME only supports linear interpolation for animations
Sept. 12, 2026 7:43:19 PM com.jme3.scene.plugins.gltf.GltfLoader readAnimation
WARNUNG: JME only supports linear interpolation for animations
Sept. 12, 2026 7:43:19 PM com.jme3.scene.plugins.gltf.GltfLoader readAnimation
WARNUNG: JME only supports linear interpolation for animations
Sept. 12, 2026 7:43:19 PM com.jme3.scene.plugins.gltf.GltfLoader readAnimation
WARNUNG: JME only supports linear interpolation for animations
Sept. 12, 2026 7:43:19 PM com.jme3.scene.plugins.gltf.GltfLoader readAnimation
WARNUNG: JME only supports linear interpolation for animations
Sept. 12, 2026 7:43:19 PM com.jme3.scene.plugins.gltf.GltfLoader readAnimation
WARNUNG: JME only supports linear interpolation for animations
Sept. 12, 2026 7:43:19 PM com.jme3.scene.plugins.gltf.GltfLoader readAnimation
WARNUNG: JME only supports linear interpolation for animations
Sept. 12, 2026 7:43:19 PM com.jme3.scene.plugins.gltf.GltfLoader readAnimation
WARNUNG: JME only supports linear interpolation for animations
Sept. 12, 2026 7:43:19 PM com.jme3.scene.plugins.gltf.GltfLoader readAnimation
WARNUNG: JME only supports linear interpolation for animations
Sept. 12, 2026 7:43:19 PM com.jme3.scene.plugins.gltf.GltfLoader readAnimation
WARNUNG: JME only supports linear interpolation for animations
Sept. 12, 2026 7:43:19 PM com.jme3.scene.plugins.gltf.GltfLoader readAnimation
WARNUNG: JME only supports linear interpolation for animations
Sept. 12, 2026 7:43:19 PM com.jme3.scene.plugins.gltf.GltfLoader readAnimation
WARNUNG: JME only supports linear interpolation for animations
Sept. 12, 2026 7:43:19 PM com.jme3.scene.plugins.gltf.GltfLoader readAnimation
WARNUNG: JME only supports linear interpolation for animations
Sept. 12, 2026 7:43:19 PM com.jme3.scene.plugins.gltf.GltfLoader readAnimation
WARNUNG: JME only supports linear interpolation for animations
Sept. 12, 2026 7:43:19 PM com.jme3.scene.plugins.gltf.GltfLoader readAnimation
WARNUNG: JME only supports linear interpolation for animations
Sept. 12, 2026 7:43:19 PM com.jme3.scene.plugins.gltf.GltfLoader readAnimation
WARNUNG: JME only supports linear interpolation for animations
Sept. 12, 2026 7:43:19 PM com.jme3.scene.plugins.gltf.GltfLoader readAnimation
WARNUNG: JME only supports linear interpolation for animations
Sept. 12, 2026 7:43:19 PM com.jme3.scene.plugins.gltf.GltfLoader readAnimation
WARNUNG: JME only supports linear interpolation for animations
Sept. 12, 2026 7:43:19 PM com.jme3.scene.plugins.gltf.GltfLoader readAnimation
WARNUNG: JME only supports linear interpolation for animations
Sept. 12, 2026 7:43:19 PM com.jme3.scene.plugins.gltf.GltfLoader readAnimation
WARNUNG: JME only supports linear interpolation for animations
Sept. 12, 2026 7:43:19 PM com.jme3.scene.plugins.gltf.GltfLoader readAnimation
WARNUNG: JME only supports linear interpolation for animations
Sept. 12, 2026 7:43:19 PM com.jme3.scene.plugins.gltf.GltfLoader readAnimation
WARNUNG: JME only supports linear interpolation for animations
Sept. 12, 2026 7:43:19 PM com.jme3.scene.plugins.gltf.GltfLoader readAnimation
WARNUNG: JME only supports linear interpolation for animations
Sept. 12, 2026 7:43:19 PM com.jme3.scene.plugins.gltf.GltfLoader readAnimation
WARNUNG: JME only supports linear interpolation for animations
Sept. 12, 2026 7:43:19 PM com.jme3.scene.plugins.gltf.GltfLoader readAnimation
WARNUNG: JME only supports linear interpolation for animations
Sept. 12, 2026 7:43:19 PM com.jme3.scene.plugins.gltf.GltfLoader readAnimation
WARNUNG: JME only supports linear interpolation for animations
Sept. 12, 2026 7:43:19 PM com.jme3.scene.plugins.gltf.GltfLoader readAnimation
WARNUNG: JME only supports linear interpolation for animations
Sept. 12, 2026 7:43:19 PM com.jme3.scene.plugins.gltf.GltfLoader readAnimation
WARNUNG: JME only supports linear interpolation for animations
Sept. 12, 2026 7:43:19 PM com.jme3.scene.plugins.gltf.GltfLoader readAnimation
WARNUNG: JME only supports linear interpolation for animations
Sept. 12, 2026 7:43:19 PM com.jme3.scene.plugins.gltf.GltfLoader readAnimation
WARNUNG: JME only supports linear interpolation for animations
Sept. 12, 2026 7:43:19 PM com.jme3.scene.plugins.gltf.GltfLoader readAnimation
WARNUNG: JME only supports linear interpolation for animations
Sept. 12, 2026 7:43:19 PM com.jme3.scene.plugins.gltf.GltfLoader readAnimation
WARNUNG: JME only supports linear interpolation for animations
Sept. 12, 2026 7:43:19 PM com.jme3.scene.plugins.gltf.GltfLoader readAnimation
WARNUNG: JME only supports linear interpolation for animations
Sept. 12, 2026 7:43:19 PM com.jme3.scene.plugins.gltf.GltfLoader readAnimation
WARNUNG: JME only supports linear interpolation for animations
Sept. 12, 2026 7:43:19 PM com.jme3.scene.plugins.gltf.GltfLoader readAnimation
WARNUNG: JME only supports linear interpolation for animations
Sept. 12, 2026 7:43:19 PM com.jme3.scene.plugins.gltf.GltfLoader readAnimation
WARNUNG: JME only supports linear interpolation for animations
Sept. 12, 2026 7:43:19 PM com.jme3.scene.plugins.gltf.GltfLoader readAnimation
WARNUNG: JME only supports linear interpolation for animations
Sept. 12, 2026 7:43:19 PM com.jme3.scene.plugins.gltf.GltfLoader readAnimation
WARNUNG: JME only supports linear interpolation for animations
Sept. 12, 2026 7:43:19 PM com.jme3.scene.plugins.gltf.GltfLoader readAnimation
WARNUNG: JME only supports linear interpolation for animations
Sept. 12, 2026 7:43:19 PM com.jme3.scene.plugins.gltf.GltfLoader readAnimation
WARNUNG: JME only supports linear interpolation for animations
Sept. 12, 2026 7:43:19 PM com.jme3.scene.plugins.gltf.GltfLoader readAnimation
WARNUNG: JME only supports linear interpolation for animations
Sept. 12, 2026 7:43:19 PM com.jme3.scene.plugins.gltf.GltfLoader readAnimation
WARNUNG: JME only supports linear interpolation for animations
Sept. 12, 2026 7:43:19 PM com.jme3.scene.plugins.gltf.GltfLoader readAnimation
WARNUNG: JME only supports linear interpolation for animations
Sept. 12, 2026 7:43:19 PM com.jme3.scene.plugins.gltf.GltfLoader readAnimation
WARNUNG: JME only supports linear interpolation for animations
Sept. 12, 2026 7:43:19 PM com.jme3.scene.plugins.gltf.GltfLoader readAnimation
WARNUNG: JME only supports linear interpolation for animations
Sept. 12, 2026 7:43:19 PM com.jme3.scene.plugins.gltf.GltfLoader readAnimation
WARNUNG: JME only supports linear interpolation for animations
Sept. 12, 2026 7:43:19 PM com.jme3.scene.plugins.gltf.GltfLoader readAnimation
WARNUNG: JME only supports linear interpolation for animations
Sept. 12, 2026 7:43:19 PM com.jme3.scene.plugins.gltf.GltfLoader readAnimation
WARNUNG: JME only supports linear interpolation for animations
Sept. 12, 2026 7:43:19 PM com.jme3.scene.plugins.gltf.GltfLoader readAnimation
WARNUNG: JME only supports linear interpolation for animations
Sept. 12, 2026 7:43:19 PM com.jme3.scene.plugins.gltf.GltfLoader readAnimation
WARNUNG: JME only supports linear interpolation for animations
Sept. 12, 2026 7:43:19 PM com.jme3.scene.plugins.gltf.GltfLoader readAnimation
WARNUNG: JME only supports linear interpolation for animations
Sept. 12, 2026 7:43:19 PM com.jme3.scene.plugins.gltf.GltfLoader readAnimation
WARNUNG: JME only supports linear interpolation for animations
Sept. 12, 2026 7:43:19 PM com.jme3.scene.plugins.gltf.GltfLoader readAnimation
WARNUNG: JME only supports linear interpolation for animations
Sept. 12, 2026 7:43:19 PM com.jme3.scene.plugins.gltf.GltfLoader readAnimation
WARNUNG: JME only supports linear interpolation for animations
Sept. 12, 2026 7:43:19 PM com.jme3.scene.plugins.gltf.GltfLoader readAnimation
WARNUNG: JME only supports linear interpolation for animations
Sept. 12, 2026 7:43:19 PM com.jme3.scene.plugins.gltf.GltfLoader readAnimation
WARNUNG: JME only supports linear interpolation for animations
Sept. 12, 2026 7:43:19 PM com.jme3.scene.plugins.gltf.GltfLoader readAnimation
WARNUNG: JME only supports linear interpolation for animations
Sept. 12, 2026 7:43:19 PM com.jme3.scene.plugins.gltf.GltfLoader readAnimation
WARNUNG: JME only supports linear interpolation for animations
Sept. 12, 2026 7:43:19 PM com.jme3.scene.plugins.gltf.GltfLoader readAnimation
WARNUNG: JME only supports linear interpolation for animations
Sept. 12, 2026 7:43:19 PM com.jme3.scene.plugins.gltf.GltfLoader readAnimation
WARNUNG: JME only supports linear interpolation for animations
Sept. 12, 2026 7:43:19 PM com.jme3.scene.plugins.gltf.GltfLoader readAnimation
WARNUNG: JME only supports linear interpolation for animations
Sept. 12, 2026 7:43:19 PM com.jme3.scene.plugins.gltf.GltfLoader readAnimation
WARNUNG: JME only supports linear interpolation for animations
Sept. 12, 2026 7:43:19 PM com.jme3.scene.plugins.gltf.GltfLoader readAnimation
WARNUNG: JME only supports linear interpolation for animations
Sept. 12, 2026 7:43:19 PM com.jme3.scene.plugins.gltf.GltfLoader readAnimation
WARNUNG: JME only supports linear interpolation for animations
Sept. 12, 2026 7:43:19 PM com.jme3.scene.plugins.gltf.GltfLoader readAnimation
WARNUNG: JME only supports linear interpolation for animations
Sept. 12, 2026 7:43:19 PM com.jme3.scene.plugins.gltf.GltfLoader readAnimation
WARNUNG: JME only supports linear interpolation for animations
Sept. 12, 2026 7:43:19 PM com.jme3.scene.plugins.gltf.GltfLoader readAnimation
WARNUNG: JME only supports linear interpolation for animations
Sept. 12, 2026 7:43:19 PM com.jme3.scene.plugins.gltf.GltfLoader readAnimation
WARNUNG: JME only supports linear interpolation for animations
Sept. 12, 2026 7:43:19 PM com.jme3.scene.plugins.gltf.GltfLoader readAnimation
WARNUNG: JME only supports linear interpolation for animations
Sept. 12, 2026 7:43:19 PM com.jme3.scene.plugins.gltf.GltfLoader readAnimation
WARNUNG: JME only supports linear interpolation for animations
Sept. 12, 2026 7:43:19 PM com.jme3.scene.plugins.gltf.GltfLoader readAnimation
WARNUNG: JME only supports linear interpolation for animations
Sept. 12, 2026 7:43:19 PM com.jme3.scene.plugins.gltf.GltfLoader readAnimation
WARNUNG: JME only supports linear interpolation for animations
Sept. 12, 2026 7:43:19 PM com.jme3.scene.plugins.gltf.GltfLoader readAnimation
WARNUNG: JME only supports linear interpolation for animations
Sept. 12, 2026 7:43:19 PM com.jme3.scene.plugins.gltf.GltfLoader readAnimation
WARNUNG: JME only supports linear interpolation for animations
Sept. 12, 2026 7:43:19 PM com.jme3.scene.plugins.gltf.GltfLoader readAnimation
WARNUNG: JME only supports linear interpolation for animations
Sept. 12, 2026 7:43:19 PM com.jme3.scene.plugins.gltf.GltfLoader readAnimation
WARNUNG: JME only supports linear interpolation for animations
Sept. 12, 2026 7:43:19 PM com.jme3.scene.plugins.gltf.GltfLoader readAnimation
WARNUNG: JME only supports linear interpolation for animations
Sept. 12, 2026 7:43:19 PM com.jme3.scene.plugins.gltf.GltfLoader readAnimation
WARNUNG: JME only supports linear interpolation for animations
Sept. 12, 2026 7:43:19 PM com.jme3.scene.plugins.gltf.GltfLoader readAnimation
WARNUNG: JME only supports linear interpolation for animations
Sept. 12, 2026 7:43:19 PM com.jme3.scene.plugins.gltf.GltfLoader readAnimation
WARNUNG: JME only supports linear interpolation for animations
Sept. 12, 2026 7:43:19 PM com.jme3.scene.plugins.gltf.GltfLoader readAnimation
WARNUNG: JME only supports linear interpolation for animations
Sept. 12, 2026 7:43:19 PM com.jme3.scene.plugins.gltf.GltfLoader readAnimation
WARNUNG: JME only supports linear interpolation for animations
Sept. 12, 2026 7:43:19 PM com.jme3.scene.plugins.gltf.GltfLoader readAnimation
WARNUNG: JME only supports linear interpolation for animations
Sept. 12, 2026 7:43:19 PM com.jme3.scene.plugins.gltf.GltfLoader readAnimation
WARNUNG: JME only supports linear interpolation for animations
Sept. 12, 2026 7:43:19 PM com.jme3.scene.plugins.gltf.GltfLoader readAnimation
WARNUNG: JME only supports linear interpolation for animations
Sept. 12, 2026 7:43:19 PM com.jme3.scene.plugins.gltf.GltfLoader readAnimation
WARNUNG: JME only supports linear interpolation for animations
Sept. 12, 2026 7:43:19 PM com.jme3.scene.plugins.gltf.GltfLoader readAnimation
WARNUNG: JME only supports linear interpolation for animations
Sept. 12, 2026 7:43:19 PM com.jme3.scene.plugins.gltf.GltfLoader readAnimation
WARNUNG: JME only supports linear interpolation for animations
Sept. 12, 2026 7:43:19 PM com.jme3.scene.plugins.gltf.GltfLoader readAnimation
WARNUNG: JME only supports linear interpolation for animations
Sept. 12, 2026 7:43:19 PM com.jme3.scene.plugins.gltf.GltfLoader readAnimation
WARNUNG: JME only supports linear interpolation for animations
Sept. 12, 2026 7:43:19 PM com.jme3.scene.plugins.gltf.GltfLoader readAnimation
WARNUNG: JME only supports linear interpolation for animations
Sept. 12, 2026 7:43:19 PM com.jme3.scene.plugins.gltf.GltfLoader readAnimation
WARNUNG: JME only supports linear interpolation for animations
Sept. 12, 2026 7:43:19 PM com.jme3.scene.plugins.gltf.GltfLoader readAnimation
WARNUNG: JME only supports linear interpolation for animations
Sept. 12, 2026 7:43:19 PM com.jme3.scene.plugins.gltf.GltfLoader readAnimation
WARNUNG: JME only supports linear interpolation for animations
Sept. 12, 2026 7:43:19 PM com.jme3.scene.plugins.gltf.GltfLoader readAnimation
WARNUNG: JME only supports linear interpolation for animations
Sept. 12, 2026 7:43:19 PM com.jme3.scene.plugins.gltf.GltfLoader readAnimation
WARNUNG: JME only supports linear interpolation for animations
Sept. 12, 2026 7:43:19 PM com.jme3.scene.plugins.gltf.GltfLoader readAnimation
WARNUNG: JME only supports linear interpolation for animations
Sept. 12, 2026 7:43:19 PM com.jme3.scene.plugins.gltf.GltfLoader readAnimation
WARNUNG: JME only supports linear interpolation for animations
Sept. 12, 2026 7:43:19 PM com.jme3.scene.plugins.gltf.GltfLoader readAnimation
WARNUNG: JME only supports linear interpolation for animations
Sept. 12, 2026 7:43:19 PM com.jme3.scene.plugins.gltf.GltfLoader readAnimation
WARNUNG: JME only supports linear interpolation for animations
Sept. 12, 2026 7:43:19 PM com.jme3.scene.plugins.gltf.GltfLoader readAnimation
WARNUNG: JME only supports linear interpolation for animations
Sept. 12, 2026 7:43:19 PM com.jme3.scene.plugins.gltf.GltfLoader readAnimation
WARNUNG: JME only supports linear interpolation for animations
Sept. 12, 2026 7:43:19 PM com.jme3.scene.plugins.gltf.GltfLoader readAnimation
WARNUNG: JME only supports linear interpolation for animations
Sept. 12, 2026 7:43:19 PM com.jme3.scene.plugins.gltf.GltfLoader readAnimation
WARNUNG: JME only supports linear interpolation for animations
Sept. 12, 2026 7:43:19 PM com.jme3.scene.plugins.gltf.GltfLoader readAnimation
WARNUNG: JME only supports linear interpolation for animations
Sept. 12, 2026 7:43:19 PM com.jme3.scene.plugins.gltf.GltfLoader readAnimation
WARNUNG: JME only supports linear interpolation for animations
Sept. 12, 2026 7:43:19 PM com.jme3.scene.plugins.gltf.GltfLoader readAnimation
WARNUNG: JME only supports linear interpolation for animations
Sept. 12, 2026 7:43:19 PM com.jme3.scene.plugins.gltf.GltfLoader readAnimation
WARNUNG: JME only supports linear interpolation for animations
Sept. 12, 2026 7:43:19 PM com.jme3.scene.plugins.gltf.GltfLoader readAnimation
WARNUNG: JME only supports linear interpolation for animations
Sept. 12, 2026 7:43:19 PM com.jme3.scene.plugins.gltf.GltfLoader readAnimation
WARNUNG: JME only supports linear interpolation for animations
Sept. 12, 2026 7:43:19 PM com.jme3.scene.plugins.gltf.GltfLoader readAnimation
WARNUNG: JME only supports linear interpolation for animations
Sept. 12, 2026 7:43:19 PM com.jme3.scene.plugins.gltf.GltfLoader readAnimation
WARNUNG: JME only supports linear interpolation for animations
Sept. 12, 2026 7:43:19 PM com.jme3.scene.plugins.gltf.GltfLoader readAnimation
WARNUNG: JME only supports linear interpolation for animations
Sept. 12, 2026 7:43:19 PM com.jme3.scene.plugins.gltf.GltfLoader readAnimation
WARNUNG: JME only supports linear interpolation for animations
Sept. 12, 2026 7:43:19 PM com.jme3.scene.plugins.gltf.GltfLoader readAnimation
WARNUNG: JME only supports linear interpolation for animations
Sept. 12, 2026 7:43:19 PM com.jme3.scene.plugins.gltf.GltfLoader readAnimation
WARNUNG: JME only supports linear interpolation for animations
Sept. 12, 2026 7:43:19 PM com.jme3.scene.plugins.gltf.GltfLoader readAnimation
WARNUNG: JME only supports linear interpolation for animations
Sept. 12, 2026 7:43:19 PM com.jme3.scene.plugins.gltf.GltfLoader readAnimation
WARNUNG: JME only supports linear interpolation for animations
Sept. 12, 2026 7:43:19 PM com.jme3.scene.plugins.gltf.GltfLoader readAnimation
WARNUNG: JME only supports linear interpolation for animations
Sept. 12, 2026 7:43:19 PM com.jme3.scene.plugins.gltf.GltfLoader readAnimation
WARNUNG: JME only supports linear interpolation for animations
Sept. 12, 2026 7:43:19 PM com.jme3.scene.plugins.gltf.GltfLoader readAnimation
WARNUNG: JME only supports linear interpolation for animations
Sept. 12, 2026 7:43:19 PM com.jme3.scene.plugins.gltf.GltfLoader readAnimation
WARNUNG: JME only supports linear interpolation for animations
Sept. 12, 2026 7:43:19 PM com.jme3.scene.plugins.gltf.GltfLoader readAnimation
WARNUNG: JME only supports linear interpolation for animations
Sept. 12, 2026 7:43:19 PM com.jme3.scene.plugins.gltf.GltfLoader readAnimation
WARNUNG: JME only supports linear interpolation for animations
Sept. 12, 2026 7:43:19 PM com.jme3.scene.plugins.gltf.GltfLoader readAnimation
WARNUNG: JME only supports linear interpolation for animations
Sept. 12, 2026 7:43:19 PM com.jme3.scene.plugins.gltf.GltfLoader readAnimation
WARNUNG: JME only supports linear interpolation for animations
Sept. 12, 2026 7:43:19 PM com.jme3.scene.plugins.gltf.GltfLoader readAnimation
WARNUNG: JME only supports linear interpolation for animations
Sept. 12, 2026 7:43:19 PM com.jme3.scene.plugins.gltf.GltfLoader readAnimation
WARNUNG: JME only supports linear interpolation for animations
Sept. 12, 2026 7:43:19 PM com.jme3.scene.plugins.gltf.GltfLoader readAnimation
WARNUNG: JME only supports linear interpolation for animations
Sept. 12, 2026 7:43:19 PM com.jme3.scene.plugins.gltf.GltfLoader readAnimation
WARNUNG: JME only supports linear interpolation for animations
Sept. 12, 2026 7:43:19 PM com.jme3.scene.plugins.gltf.GltfLoader readAnimation
WARNUNG: JME only supports linear interpolation for animations
Sept. 12, 2026 7:43:19 PM com.jme3.scene.plugins.gltf.GltfLoader readAnimation
WARNUNG: JME only supports linear interpolation for animations
Sept. 12, 2026 7:43:19 PM com.jme3.scene.plugins.gltf.GltfLoader readAnimation
WARNUNG: JME only supports linear interpolation for animations
Sept. 12, 2026 7:43:19 PM com.jme3.scene.plugins.gltf.GltfLoader readAnimation
WARNUNG: JME only supports linear interpolation for animations
Sept. 12, 2026 7:43:19 PM com.jme3.scene.plugins.gltf.GltfLoader readAnimation
WARNUNG: JME only supports linear interpolation for animations
Sept. 12, 2026 7:43:19 PM com.jme3.scene.plugins.gltf.GltfLoader readAnimation
WARNUNG: JME only supports linear interpolation for animations
Sept. 12, 2026 7:43:19 PM com.jme3.scene.plugins.gltf.GltfLoader readAnimation
WARNUNG: JME only supports linear interpolation for animations
Sept. 12, 2026 7:43:19 PM com.jme3.scene.plugins.gltf.GltfLoader readAnimation
WARNUNG: JME only supports linear interpolation for animations
Sept. 12, 2026 7:43:19 PM com.jme3.scene.plugins.gltf.GltfLoader readAnimation
WARNUNG: JME only supports linear interpolation for animations
Sept. 12, 2026 7:43:19 PM com.jme3.scene.plugins.gltf.GltfLoader readAnimation
WARNUNG: JME only supports linear interpolation for animations
Sept. 12, 2026 7:43:19 PM com.jme3.scene.plugins.gltf.GltfLoader readAnimation
WARNUNG: JME only supports linear interpolation for animations
Sept. 12, 2026 7:43:19 PM com.jme3.scene.plugins.gltf.GltfLoader readAnimation
WARNUNG: JME only supports linear interpolation for animations
Sept. 12, 2026 7:43:19 PM com.jme3.scene.plugins.gltf.GltfLoader readAnimation
WARNUNG: JME only supports linear interpolation for animations
Sept. 12, 2026 7:43:19 PM com.jme3.scene.plugins.gltf.GltfLoader readAnimation
WARNUNG: JME only supports linear interpolation for animations
Sept. 12, 2026 7:43:19 PM com.jme3.scene.plugins.gltf.GltfLoader readAnimation
WARNUNG: JME only supports linear interpolation for animations
Sept. 12, 2026 7:43:19 PM com.jme3.scene.plugins.gltf.GltfLoader readAnimation
WARNUNG: JME only supports linear interpolation for animations
Sept. 12, 2026 7:43:19 PM com.jme3.scene.plugins.gltf.GltfLoader readAnimation
WARNUNG: JME only supports linear interpolation for animations
Sept. 12, 2026 7:43:19 PM com.jme3.scene.plugins.gltf.GltfLoader readAnimation
WARNUNG: JME only supports linear interpolation for animations
Sept. 12, 2026 7:43:19 PM com.jme3.scene.plugins.gltf.GltfLoader readAnimation
WARNUNG: JME only supports linear interpolation for animations
Sept. 12, 2026 7:43:19 PM com.jme3.scene.plugins.gltf.GltfLoader readAnimation
WARNUNG: JME only supports linear interpolation for animations
Sept. 12, 2026 7:43:19 PM com.jme3.scene.plugins.gltf.GltfLoader readAnimation
WARNUNG: JME only supports linear interpolation for animations
Sept. 12, 2026 7:43:19 PM com.jme3.scene.plugins.gltf.GltfLoader readAnimation
WARNUNG: JME only supports linear interpolation for animations
Sept. 12, 2026 7:43:19 PM com.jme3.scene.plugins.gltf.GltfLoader readAnimation
WARNUNG: JME only supports linear interpolation for animations
Sept. 12, 2026 7:43:19 PM com.jme3.scene.plugins.gltf.GltfLoader readAnimation
WARNUNG: JME only supports linear interpolation for animations
Sept. 12, 2026 7:43:19 PM com.jme3.scene.plugins.gltf.GltfLoader readAnimation
WARNUNG: JME only supports linear interpolation for animations
Sept. 12, 2026 7:43:19 PM com.jme3.scene.plugins.gltf.GltfLoader readAnimation
WARNUNG: JME only supports linear interpolation for animations
Sept. 12, 2026 7:43:19 PM com.jme3.scene.plugins.gltf.GltfLoader readAnimation
WARNUNG: JME only supports linear interpolation for animations
Sept. 12, 2026 7:43:19 PM com.jme3.scene.plugins.gltf.GltfLoader readAnimation
WARNUNG: JME only supports linear interpolation for animations
Sept. 12, 2026 7:43:19 PM com.jme3.scene.plugins.gltf.GltfLoader readAnimation
WARNUNG: JME only supports linear interpolation for animations
Sept. 12, 2026 7:43:19 PM com.jme3.scene.plugins.gltf.GltfLoader readAnimation
WARNUNG: JME only supports linear interpolation for animations
Sept. 12, 2026 7:43:19 PM com.jme3.scene.plugins.gltf.GltfLoader readAnimation
WARNUNG: JME only supports linear interpolation for animations
Sept. 12, 2026 7:43:19 PM com.jme3.scene.plugins.gltf.GltfLoader readAnimation
WARNUNG: JME only supports linear interpolation for animations
Sept. 12, 2026 7:43:19 PM com.jme3.scene.plugins.gltf.GltfLoader readAnimation
WARNUNG: JME only supports linear interpolation for animations
Sept. 12, 2026 7:43:19 PM com.jme3.scene.plugins.gltf.GltfLoader readAnimation
WARNUNG: JME only supports linear interpolation for animations
Sept. 12, 2026 7:43:19 PM com.jme3.scene.plugins.gltf.GltfLoader readAnimation
WARNUNG: JME only supports linear interpolation for animations
Sept. 12, 2026 7:43:19 PM com.jme3.scene.plugins.gltf.GltfLoader readAnimation
WARNUNG: JME only supports linear interpolation for animations
Sept. 12, 2026 7:43:19 PM com.jme3.scene.plugins.gltf.GltfLoader readAnimation
WARNUNG: JME only supports linear interpolation for animations
Sept. 12, 2026 7:43:19 PM com.jme3.scene.plugins.gltf.GltfLoader readAnimation
WARNUNG: JME only supports linear interpolation for animations
Sept. 12, 2026 7:43:19 PM com.jme3.scene.plugins.gltf.GltfLoader readAnimation
WARNUNG: JME only supports linear interpolation for animations
Sept. 12, 2026 7:43:19 PM com.jme3.scene.plugins.gltf.GltfLoader readAnimation
WARNUNG: JME only supports linear interpolation for animations
Sept. 12, 2026 7:43:19 PM com.jme3.scene.plugins.gltf.GltfLoader readAnimation
WARNUNG: JME only supports linear interpolation for animations
Sept. 12, 2026 7:43:19 PM com.jme3.scene.plugins.gltf.GltfLoader readAnimation
WARNUNG: JME only supports linear interpolation for animations
Sept. 12, 2026 7:43:19 PM com.jme3.scene.plugins.gltf.GltfLoader readAnimation
WARNUNG: JME only supports linear interpolation for animations
Sept. 12, 2026 7:43:19 PM com.jme3.scene.plugins.gltf.GltfLoader readAnimation
WARNUNG: JME only supports linear interpolation for animations
Sept. 12, 2026 7:43:19 PM com.jme3.scene.plugins.gltf.GltfLoader readAnimation
WARNUNG: JME only supports linear interpolation for animations
Sept. 12, 2026 7:43:19 PM com.jme3.scene.plugins.gltf.GltfLoader readAnimation
WARNUNG: JME only supports linear interpolation for animations
Sept. 12, 2026 7:43:19 PM com.jme3.scene.plugins.gltf.GltfLoader readAnimation
WARNUNG: JME only supports linear interpolation for animations
Sept. 12, 2026 7:43:19 PM com.jme3.scene.plugins.gltf.GltfLoader readAnimation
WARNUNG: JME only supports linear interpolation for animations
Sept. 12, 2026 7:43:19 PM com.jme3.scene.plugins.gltf.GltfLoader readAnimation
WARNUNG: JME only supports linear interpolation for animations
Sept. 12, 2026 7:43:19 PM com.jme3.scene.plugins.gltf.GltfLoader readAnimation
WARNUNG: JME only supports linear interpolation for animations
Sept. 12, 2026 7:43:19 PM com.jme3.scene.plugins.gltf.GltfLoader readAnimation
WARNUNG: JME only supports linear interpolation for animations
Sept. 12, 2026 7:43:19 PM com.jme3.scene.plugins.gltf.GltfLoader readAnimation
WARNUNG: JME only supports linear interpolation for animations
Sept. 12, 2026 7:43:19 PM com.jme3.scene.plugins.gltf.GltfLoader readAnimation
WARNUNG: JME only supports linear interpolation for animations
Sept. 12, 2026 7:43:19 PM com.jme3.scene.plugins.gltf.GltfLoader readAnimation
WARNUNG: JME only supports linear interpolation for animations
Sept. 12, 2026 7:43:19 PM com.jme3.scene.plugins.gltf.GltfLoader readAnimation
WARNUNG: JME only supports linear interpolation for animations
Sept. 12, 2026 7:43:19 PM com.jme3.scene.plugins.gltf.GltfLoader readAnimation
WARNUNG: JME only supports linear interpolation for animations
Sept. 12, 2026 7:43:19 PM com.jme3.scene.plugins.gltf.GltfLoader readAnimation
WARNUNG: JME only supports linear interpolation for animations
Sept. 12, 2026 7:43:19 PM com.jme3.scene.plugins.gltf.GltfLoader readAnimation
WARNUNG: JME only supports linear interpolation for animations
Sept. 12, 2026 7:43:19 PM com.jme3.scene.plugins.gltf.GltfLoader readAnimation
WARNUNG: JME only supports linear interpolation for animations
Sept. 12, 2026 7:43:19 PM com.jme3.scene.plugins.gltf.GltfLoader readAnimation
WARNUNG: JME only supports linear interpolation for animations
Sept. 12, 2026 7:43:19 PM com.jme3.scene.plugins.gltf.GltfLoader readAnimation
WARNUNG: JME only supports linear interpolation for animations
Sept. 12, 2026 7:43:19 PM com.jme3.scene.plugins.gltf.GltfLoader readAnimation
WARNUNG: JME only supports linear interpolation for animations
Sept. 12, 2026 7:43:19 PM com.jme3.scene.plugins.gltf.GltfLoader readAnimation
WARNUNG: JME only supports linear interpolation for animations
Sept. 12, 2026 7:43:19 PM com.jme3.scene.plugins.gltf.GltfLoader readAnimation
WARNUNG: JME only supports linear interpolation for animations
Sept. 12, 2026 7:43:19 PM com.jme3.scene.plugins.gltf.GltfLoader readAnimation
WARNUNG: JME only supports linear interpolation for animations
Sept. 12, 2026 7:43:19 PM com.jme3.scene.plugins.gltf.GltfLoader readAnimation
WARNUNG: JME only supports linear interpolation for animations
Sept. 12, 2026 7:43:19 PM com.jme3.scene.plugins.gltf.GltfLoader readAnimation
WARNUNG: JME only supports linear interpolation for animations
Sept. 12, 2026 7:43:19 PM com.jme3.scene.plugins.gltf.GltfLoader readAnimation
WARNUNG: JME only supports linear interpolation for animations
Sept. 12, 2026 7:43:19 PM com.jme3.scene.plugins.gltf.GltfLoader readAnimation
WARNUNG: JME only supports linear interpolation for animations
Sept. 12, 2026 7:43:19 PM com.jme3.scene.plugins.gltf.GltfLoader readAnimation
WARNUNG: JME only supports linear interpolation for animations
Sept. 12, 2026 7:43:19 PM com.jme3.scene.plugins.gltf.GltfLoader readAnimation
WARNUNG: JME only supports linear interpolation for animations
Sept. 12, 2026 7:43:19 PM com.jme3.scene.plugins.gltf.GltfLoader readAnimation
WARNUNG: JME only supports linear interpolation for animations
Sept. 12, 2026 7:43:19 PM com.jme3.scene.plugins.gltf.GltfLoader readAnimation
WARNUNG: JME only supports linear interpolation for animations
Sept. 12, 2026 7:43:19 PM com.jme3.scene.plugins.gltf.GltfLoader readAnimation
WARNUNG: JME only supports linear interpolation for animations
Sept. 12, 2026 7:43:19 PM com.jme3.scene.plugins.gltf.GltfLoader readAnimation
WARNUNG: JME only supports linear interpolation for animations
Sept. 12, 2026 7:43:19 PM com.jme3.scene.plugins.gltf.GltfLoader readAnimation
WARNUNG: JME only supports linear interpolation for animations
Sept. 12, 2026 7:43:19 PM com.jme3.scene.plugins.gltf.GltfLoader readAnimation
WARNUNG: JME only supports linear interpolation for animations
Sept. 12, 2026 7:43:19 PM com.jme3.scene.plugins.gltf.GltfLoader readAnimation
WARNUNG: JME only supports linear interpolation for animations
Sept. 12, 2026 7:43:19 PM com.jme3.scene.plugins.gltf.GltfLoader readAnimation
WARNUNG: JME only supports linear interpolation for animations
Sept. 12, 2026 7:43:19 PM com.jme3.scene.plugins.gltf.GltfLoader readAnimation
WARNUNG: JME only supports linear interpolation for animations
Sept. 12, 2026 7:43:19 PM com.jme3.scene.plugins.gltf.GltfLoader readAnimation
WARNUNG: JME only supports linear interpolation for animations
Sept. 12, 2026 7:43:19 PM com.jme3.scene.plugins.gltf.GltfLoader readAnimation
WARNUNG: JME only supports linear interpolation for animations
Sept. 12, 2026 7:43:19 PM com.jme3.scene.plugins.gltf.GltfLoader readAnimation
WARNUNG: JME only supports linear interpolation for animations
Sept. 12, 2026 7:43:19 PM com.jme3.scene.plugins.gltf.GltfLoader readAnimation
WARNUNG: JME only supports linear interpolation for animations
Sept. 12, 2026 7:43:19 PM com.jme3.scene.plugins.gltf.GltfLoader readAnimation
WARNUNG: JME only supports linear interpolation for animations
Sept. 12, 2026 7:43:19 PM com.jme3.scene.plugins.gltf.GltfLoader readAnimation
WARNUNG: JME only supports linear interpolation for animations
Sept. 12, 2026 7:43:19 PM com.jme3.scene.plugins.gltf.GltfLoader readAnimation
WARNUNG: JME only supports linear interpolation for animations
Sept. 12, 2026 7:43:19 PM com.jme3.scene.plugins.gltf.GltfLoader readAnimation
WARNUNG: JME only supports linear interpolation for animations
Sept. 12, 2026 7:43:19 PM com.jme3.scene.plugins.gltf.GltfLoader readAnimation
WARNUNG: JME only supports linear interpolation for animations
Sept. 12, 2026 7:43:19 PM com.jme3.scene.plugins.gltf.GltfLoader readAnimation
WARNUNG: JME only supports linear interpolation for animations
Sept. 12, 2026 7:43:19 PM com.jme3.scene.plugins.gltf.GltfLoader readAnimation
WARNUNG: JME only supports linear interpolation for animations
Sept. 12, 2026 7:43:19 PM com.jme3.scene.plugins.gltf.GltfLoader readAnimation
WARNUNG: JME only supports linear interpolation for animations
Sept. 12, 2026 7:43:19 PM com.jme3.scene.plugins.gltf.GltfLoader readAnimation
WARNUNG: JME only supports linear interpolation for animations
Sept. 12, 2026 7:43:19 PM com.jme3.scene.plugins.gltf.GltfLoader readAnimation
WARNUNG: JME only supports linear interpolation for animations
Sept. 12, 2026 7:43:19 PM com.jme3.scene.plugins.gltf.GltfLoader readAnimation
WARNUNG: JME only supports linear interpolation for animations
Sept. 12, 2026 7:43:19 PM com.jme3.scene.plugins.gltf.GltfLoader readAnimation
WARNUNG: JME only supports linear interpolation for animations
Sept. 12, 2026 7:43:19 PM com.jme3.scene.plugins.gltf.GltfLoader readAnimation
WARNUNG: JME only supports linear interpolation for animations
Sept. 12, 2026 7:43:19 PM com.jme3.scene.plugins.gltf.GltfLoader readAnimation
WARNUNG: JME only supports linear interpolation for animations
Sept. 12, 2026 7:43:19 PM com.jme3.scene.plugins.gltf.GltfLoader readAnimation
WARNUNG: JME only supports linear interpolation for animations
Sept. 12, 2026 7:43:19 PM com.jme3.scene.plugins.gltf.GltfLoader readAnimation
WARNUNG: JME only supports linear interpolation for animations
Sept. 12, 2026 7:43:19 PM com.jme3.scene.plugins.gltf.GltfLoader readAnimation
WARNUNG: JME only supports linear interpolation for animations
Sept. 12, 2026 7:43:19 PM com.jme3.scene.plugins.gltf.GltfLoader readAnimation
WARNUNG: JME only supports linear interpolation for animations
Sept. 12, 2026 7:43:19 PM com.jme3.scene.plugins.gltf.GltfLoader readAnimation
WARNUNG: JME only supports linear interpolation for animations
Sept. 12, 2026 7:43:19 PM com.jme3.scene.plugins.gltf.GltfLoader readAnimation
WARNUNG: JME only supports linear interpolation for animations
Sept. 12, 2026 7:43:19 PM com.jme3.scene.plugins.gltf.GltfLoader readAnimation
WARNUNG: JME only supports linear interpolation for animations
Sept. 12, 2026 7:43:19 PM com.jme3.scene.plugins.gltf.GltfLoader readAnimation
WARNUNG: JME only supports linear interpolation for animations
Sept. 12, 2026 7:43:19 PM com.jme3.scene.plugins.gltf.GltfLoader readAnimation
WARNUNG: JME only supports linear interpolation for animations
Sept. 12, 2026 7:43:19 PM com.jme3.scene.plugins.gltf.GltfLoader readAnimation
WARNUNG: JME only supports linear interpolation for animations
Sept. 12, 2026 7:43:19 PM com.jme3.scene.plugins.gltf.GltfLoader readAnimation
WARNUNG: JME only supports linear interpolation for animations
Sept. 12, 2026 7:43:19 PM com.jme3.scene.plugins.gltf.GltfLoader readAnimation
WARNUNG: JME only supports linear interpolation for animations
Sept. 12, 2026 7:43:19 PM com.jme3.scene.plugins.gltf.GltfLoader readAnimation
WARNUNG: JME only supports linear interpolation for animations
Sept. 12, 2026 7:43:19 PM com.jme3.scene.plugins.gltf.GltfLoader readAnimation
WARNUNG: JME only supports linear interpolation for animations
Sept. 12, 2026 7:43:19 PM com.jme3.scene.plugins.gltf.GltfLoader readAnimation
WARNUNG: JME only supports linear interpolation for animations
Sept. 12, 2026 7:43:19 PM com.jme3.scene.plugins.gltf.GltfLoader readAnimation
WARNUNG: JME only supports linear interpolation for animations
Sept. 12, 2026 7:43:19 PM com.jme3.scene.plugins.gltf.GltfLoader readAnimation
WARNUNG: JME only supports linear interpolation for animations
Sept. 12, 2026 7:43:19 PM com.jme3.scene.plugins.gltf.GltfLoader readAnimation
WARNUNG: JME only supports linear interpolation for animations
Sept. 12, 2026 7:43:19 PM com.jme3.scene.plugins.gltf.GltfLoader readAnimation
WARNUNG: JME only supports linear interpolation for animations
Sept. 12, 2026 7:43:19 PM com.jme3.scene.plugins.gltf.GltfLoader readAnimation
WARNUNG: JME only supports linear interpolation for animations
Sept. 12, 2026 7:43:19 PM com.jme3.scene.plugins.gltf.GltfLoader readAnimation
WARNUNG: JME only supports linear interpolation for animations
Sept. 12, 2026 7:43:19 PM com.jme3.scene.plugins.gltf.GltfLoader readAnimation
WARNUNG: JME only supports linear interpolation for animations
Sept. 12, 2026 7:43:19 PM com.jme3.scene.plugins.gltf.GltfLoader readAnimation
WARNUNG: JME only supports linear interpolation for animations
Sept. 12, 2026 7:43:19 PM com.jme3.scene.plugins.gltf.GltfLoader readAnimation
WARNUNG: JME only supports linear interpolation for animations
Sept. 12, 2026 7:43:19 PM com.jme3.scene.plugins.gltf.GltfLoader readAnimation
WARNUNG: JME only supports linear interpolation for animations
Sept. 12, 2026 7:43:19 PM com.jme3.scene.plugins.gltf.GltfLoader readAnimation
WARNUNG: JME only supports linear interpolation for animations
Sept. 12, 2026 7:43:19 PM com.jme3.scene.plugins.gltf.GltfLoader readAnimation
WARNUNG: JME only supports linear interpolation for animations
Sept. 12, 2026 7:43:19 PM com.jme3.scene.plugins.gltf.GltfLoader readAnimation
WARNUNG: JME only supports linear interpolation for animations
Sept. 12, 2026 7:43:19 PM com.jme3.scene.plugins.gltf.GltfLoader readAnimation
WARNUNG: JME only supports linear interpolation for animations
Sept. 12, 2026 7:43:19 PM com.jme3.scene.plugins.gltf.GltfLoader readAnimation
WARNUNG: JME only supports linear interpolation for animations
Sept. 12, 2026 7:43:19 PM com.jme3.scene.plugins.gltf.GltfLoader readAnimation
WARNUNG: JME only supports linear interpolation for animations
Sept. 12, 2026 7:43:19 PM com.jme3.scene.plugins.gltf.GltfLoader readAnimation
WARNUNG: JME only supports linear interpolation for animations
Sept. 12, 2026 7:43:19 PM com.jme3.scene.plugins.gltf.GltfLoader readAnimation
WARNUNG: JME only supports linear interpolation for animations
Sept. 12, 2026 7:43:19 PM com.jme3.scene.plugins.gltf.GltfLoader readAnimation
WARNUNG: JME only supports linear interpolation for animations
Sept. 12, 2026 7:43:19 PM com.jme3.scene.plugins.gltf.GltfLoader readAnimation
WARNUNG: JME only supports linear interpolation for animations
Sept. 12, 2026 7:43:19 PM com.jme3.scene.plugins.gltf.GltfLoader readAnimation
WARNUNG: JME only supports linear interpolation for animations
Sept. 12, 2026 7:43:19 PM com.jme3.scene.plugins.gltf.GltfLoader readAnimation
WARNUNG: JME only supports linear interpolation for animations
Sept. 12, 2026 7:43:19 PM com.jme3.scene.plugins.gltf.GltfLoader readAnimation
WARNUNG: JME only supports linear interpolation for animations
Sept. 12, 2026 7:43:19 PM com.jme3.scene.plugins.gltf.GltfLoader readAnimation
WARNUNG: JME only supports linear interpolation for animations
Sept. 12, 2026 7:43:19 PM com.jme3.scene.plugins.gltf.GltfLoader readAnimation
WARNUNG: JME only supports linear interpolation for animations
Sept. 12, 2026 7:43:19 PM com.jme3.scene.plugins.gltf.GltfLoader readAnimation
WARNUNG: JME only supports linear interpolation for animations
Sept. 12, 2026 7:43:19 PM com.jme3.scene.plugins.gltf.GltfLoader readAnimation
WARNUNG: JME only supports linear interpolation for animations
Sept. 12, 2026 7:43:19 PM com.jme3.scene.plugins.gltf.GltfLoader readAnimation
WARNUNG: JME only supports linear interpolation for animations
Sept. 12, 2026 7:43:19 PM com.jme3.scene.plugins.gltf.GltfLoader readAnimation
WARNUNG: JME only supports linear interpolation for animations
Sept. 12, 2026 7:43:19 PM com.jme3.scene.plugins.gltf.GltfLoader readAnimation
WARNUNG: JME only supports linear interpolation for animations
Sept. 12, 2026 7:43:19 PM com.jme3.scene.plugins.gltf.GltfLoader readAnimation
WARNUNG: JME only supports linear interpolation for animations
Sept. 12, 2026 7:43:19 PM com.jme3.scene.plugins.gltf.GltfLoader readAnimation
WARNUNG: JME only supports linear interpolation for animations
Sept. 12, 2026 7:43:19 PM com.jme3.scene.plugins.gltf.GltfLoader readAnimation
WARNUNG: JME only supports linear interpolation for animations
Sept. 12, 2026 7:43:19 PM com.jme3.scene.plugins.gltf.GltfLoader readAnimation
WARNUNG: JME only supports linear interpolation for animations
Sept. 12, 2026 7:43:19 PM com.jme3.scene.plugins.gltf.GltfLoader readAnimation
WARNUNG: JME only supports linear interpolation for animations
Sept. 12, 2026 7:43:19 PM com.jme3.scene.plugins.gltf.GltfLoader readAnimation
WARNUNG: JME only supports linear interpolation for animations
Sept. 12, 2026 7:43:19 PM com.jme3.scene.plugins.gltf.GltfLoader readAnimation
WARNUNG: JME only supports linear interpolation for animations
Sept. 12, 2026 7:43:19 PM com.jme3.scene.plugins.gltf.GltfLoader readAnimation
WARNUNG: JME only supports linear interpolation for animations
Sept. 12, 2026 7:43:19 PM com.jme3.scene.plugins.gltf.GltfLoader readAnimation
WARNUNG: JME only supports linear interpolation for animations
Sept. 12, 2026 7:43:19 PM com.jme3.scene.plugins.gltf.GltfLoader readAnimation
WARNUNG: JME only supports linear interpolation for animations
Sept. 12, 2026 7:43:19 PM com.jme3.scene.plugins.gltf.GltfLoader readAnimation
WARNUNG: JME only supports linear interpolation for animations
Sept. 12, 2026 7:43:19 PM com.jme3.scene.plugins.gltf.GltfLoader readAnimation
WARNUNG: JME only supports linear interpolation for animations
Sept. 12, 2026 7:43:19 PM com.jme3.scene.plugins.gltf.GltfLoader readAnimation
WARNUNG: JME only supports linear interpolation for animations
Sept. 12, 2026 7:43:19 PM com.jme3.scene.plugins.gltf.GltfLoader readAnimation
WARNUNG: JME only supports linear interpolation for animations
Sept. 12, 2026 7:43:19 PM com.jme3.scene.plugins.gltf.GltfLoader readAnimation
WARNUNG: JME only supports linear interpolation for animations
Sept. 12, 2026 7:43:19 PM com.jme3.scene.plugins.gltf.GltfLoader readAnimation
WARNUNG: JME only supports linear interpolation for animations
Sept. 12, 2026 7:43:19 PM com.jme3.scene.plugins.gltf.GltfLoader readAnimation
WARNUNG: JME only supports linear interpolation for animations
Sept. 12, 2026 7:43:19 PM com.jme3.scene.plugins.gltf.GltfLoader readAnimation
WARNUNG: JME only supports linear interpolation for animations
Sept. 12, 2026 7:43:19 PM com.jme3.scene.plugins.gltf.GltfLoader readAnimation
WARNUNG: JME only supports linear interpolation for animations
Sept. 12, 2026 7:43:19 PM com.jme3.scene.plugins.gltf.GltfLoader readAnimation
WARNUNG: JME only supports linear interpolation for animations
Sept. 12, 2026 7:43:19 PM com.jme3.scene.plugins.gltf.GltfLoader readAnimation
WARNUNG: JME only supports linear interpolation for animations
Sept. 12, 2026 7:43:19 PM com.jme3.scene.plugins.gltf.GltfLoader readAnimation
WARNUNG: JME only supports linear interpolation for animations
Sept. 12, 2026 7:43:19 PM com.jme3.scene.plugins.gltf.GltfLoader readAnimation
WARNUNG: JME only supports linear interpolation for animations
Sept. 12, 2026 7:43:19 PM com.jme3.scene.plugins.gltf.GltfLoader readAnimation
WARNUNG: JME only supports linear interpolation for animations
Sept. 12, 2026 7:43:19 PM com.jme3.scene.plugins.gltf.GltfLoader readAnimation
WARNUNG: JME only supports linear interpolation for animations
Sept. 12, 2026 7:43:19 PM com.jme3.scene.plugins.gltf.GltfLoader readAnimation
WARNUNG: JME only supports linear interpolation for animations
Sept. 12, 2026 7:43:19 PM com.jme3.scene.plugins.gltf.GltfLoader readAnimation
WARNUNG: JME only supports linear interpolation for animations
Sept. 12, 2026 7:43:19 PM com.jme3.scene.plugins.gltf.GltfLoader readAnimation
WARNUNG: JME only supports linear interpolation for animations
Sept. 12, 2026 7:43:19 PM com.jme3.scene.plugins.gltf.GltfLoader readAnimation
WARNUNG: JME only supports linear interpolation for animations
Sept. 12, 2026 7:43:19 PM com.jme3.scene.plugins.gltf.GltfLoader readAnimation
WARNUNG: JME only supports linear interpolation for animations
Sept. 12, 2026 7:43:19 PM com.jme3.scene.plugins.gltf.GltfLoader readAnimation
WARNUNG: JME only supports linear interpolation for animations
Sept. 12, 2026 7:43:19 PM com.jme3.scene.plugins.gltf.GltfLoader readAnimation
WARNUNG: JME only supports linear interpolation for animations
Sept. 12, 2026 7:43:19 PM com.jme3.scene.plugins.gltf.GltfLoader readAnimation
WARNUNG: JME only supports linear interpolation for animations
Sept. 12, 2026 7:43:19 PM com.jme3.scene.plugins.gltf.GltfLoader readAnimation
WARNUNG: JME only supports linear interpolation for animations
Sept. 12, 2026 7:43:19 PM com.jme3.scene.plugins.gltf.GltfLoader readAnimation
WARNUNG: JME only supports linear interpolation for animations
Sept. 12, 2026 7:43:19 PM com.jme3.scene.plugins.gltf.GltfLoader readAnimation
WARNUNG: JME only supports linear interpolation for animations
Sept. 12, 2026 7:43:19 PM com.jme3.scene.plugins.gltf.GltfLoader readAnimation
WARNUNG: JME only supports linear interpolation for animations
Sept. 12, 2026 7:43:19 PM com.jme3.scene.plugins.gltf.GltfLoader readAnimation
WARNUNG: JME only supports linear interpolation for animations
Sept. 12, 2026 7:43:19 PM com.jme3.scene.plugins.gltf.GltfLoader readAnimation
WARNUNG: JME only supports linear interpolation for animations
Sept. 12, 2026 7:43:19 PM com.jme3.scene.plugins.gltf.GltfLoader readAnimation
WARNUNG: JME only supports linear interpolation for animations
Sept. 12, 2026 7:43:19 PM com.jme3.scene.plugins.gltf.GltfLoader readAnimation
WARNUNG: JME only supports linear interpolation for animations
Sept. 12, 2026 7:43:19 PM com.jme3.scene.plugins.gltf.GltfLoader readAnimation
WARNUNG: JME only supports linear interpolation for animations
Sept. 12, 2026 7:43:19 PM com.jme3.scene.plugins.gltf.GltfLoader readAnimation
WARNUNG: JME only supports linear interpolation for animations
Sept. 12, 2026 7:43:19 PM com.jme3.scene.plugins.gltf.GltfLoader readAnimation
WARNUNG: JME only supports linear interpolation for animations
Sept. 12, 2026 7:43:19 PM com.jme3.scene.plugins.gltf.GltfLoader readAnimation
WARNUNG: JME only supports linear interpolation for animations
Sept. 12, 2026 7:43:19 PM com.jme3.scene.plugins.gltf.GltfLoader readAnimation
WARNUNG: JME only supports linear interpolation for animations
Sept. 12, 2026 7:43:19 PM com.jme3.scene.plugins.gltf.GltfLoader readAnimation
WARNUNG: JME only supports linear interpolation for animations
Sept. 12, 2026 7:43:19 PM com.jme3.scene.plugins.gltf.GltfLoader readAnimation
WARNUNG: JME only supports linear interpolation for animations
Sept. 12, 2026 7:43:19 PM com.jme3.scene.plugins.gltf.GltfLoader readAnimation
WARNUNG: JME only supports linear interpolation for animations
Sept. 12, 2026 7:43:19 PM com.jme3.scene.plugins.gltf.GltfLoader readAnimation
WARNUNG: JME only supports linear interpolation for animations
Sept. 12, 2026 7:43:19 PM com.jme3.scene.plugins.gltf.GltfLoader readAnimation
WARNUNG: JME only supports linear interpolation for animations
Sept. 12, 2026 7:43:19 PM com.jme3.scene.plugins.gltf.GltfLoader readAnimation
WARNUNG: JME only supports linear interpolation for animations
Sept. 12, 2026 7:43:19 PM com.jme3.scene.plugins.gltf.GltfLoader readAnimation
WARNUNG: JME only supports linear interpolation for animations
Sept. 12, 2026 7:43:19 PM com.jme3.scene.plugins.gltf.GltfLoader readAnimation
WARNUNG: JME only supports linear interpolation for animations
Sept. 12, 2026 7:43:19 PM com.jme3.scene.plugins.gltf.GltfLoader readAnimation
WARNUNG: JME only supports linear interpolation for animations
Sept. 12, 2026 7:43:19 PM com.jme3.scene.plugins.gltf.GltfLoader readAnimation
WARNUNG: JME only supports linear interpolation for animations
Sept. 12, 2026 7:43:19 PM com.jme3.scene.plugins.gltf.GltfLoader readAnimation
WARNUNG: JME only supports linear interpolation for animations
Sept. 12, 2026 7:43:19 PM com.jme3.scene.plugins.gltf.GltfLoader readAnimation
WARNUNG: JME only supports linear interpolation for animations
Sept. 12, 2026 7:43:19 PM com.jme3.scene.plugins.gltf.GltfLoader readAnimation
WARNUNG: JME only supports linear interpolation for animations
Sept. 12, 2026 7:43:19 PM com.jme3.scene.plugins.gltf.GltfLoader readAnimation
WARNUNG: JME only supports linear interpolation for animations
Sept. 12, 2026 7:43:19 PM com.jme3.scene.plugins.gltf.GltfLoader readAnimation
WARNUNG: JME only supports linear interpolation for animations
Sept. 12, 2026 7:43:19 PM com.jme3.scene.plugins.gltf.GltfLoader readAnimation
WARNUNG: JME only supports linear interpolation for animations
Sept. 12, 2026 7:43:19 PM com.jme3.scene.plugins.gltf.GltfLoader readAnimation
WARNUNG: JME only supports linear interpolation for animations
Sept. 12, 2026 7:43:19 PM com.jme3.scene.plugins.gltf.GltfLoader readAnimation
WARNUNG: JME only supports linear interpolation for animations
Sept. 12, 2026 7:43:19 PM com.jme3.scene.plugins.gltf.GltfLoader readAnimation
WARNUNG: JME only supports linear interpolation for animations
Sept. 12, 2026 7:43:19 PM com.jme3.scene.plugins.gltf.GltfLoader readAnimation
WARNUNG: JME only supports linear interpolation for animations
Sept. 12, 2026 7:43:19 PM com.jme3.scene.plugins.gltf.GltfLoader readAnimation
WARNUNG: JME only supports linear interpolation for animations
Sept. 12, 2026 7:43:19 PM com.jme3.scene.plugins.gltf.GltfLoader readAnimation
WARNUNG: JME only supports linear interpolation for animations
Sept. 12, 2026 7:43:19 PM com.jme3.scene.plugins.gltf.GltfLoader readAnimation
WARNUNG: JME only supports linear interpolation for animations
Sept. 12, 2026 7:43:19 PM com.jme3.scene.plugins.gltf.GltfLoader readAnimation
WARNUNG: JME only supports linear interpolation for animations
Sept. 12, 2026 7:43:19 PM com.jme3.scene.plugins.gltf.GltfLoader readAnimation
WARNUNG: JME only supports linear interpolation for animations
Sept. 12, 2026 7:43:19 PM com.jme3.scene.plugins.gltf.GltfLoader readAnimation
WARNUNG: JME only supports linear interpolation for animations
Sept. 12, 2026 7:43:19 PM com.jme3.scene.plugins.gltf.GltfLoader readAnimation
WARNUNG: JME only supports linear interpolation for animations
Sept. 12, 2026 7:43:19 PM com.jme3.scene.plugins.gltf.GltfLoader readAnimation
WARNUNG: JME only supports linear interpolation for animations
Sept. 12, 2026 7:43:19 PM com.jme3.scene.plugins.gltf.GltfLoader readAnimation
WARNUNG: JME only supports linear interpolation for animations
Sept. 12, 2026 7:43:19 PM com.jme3.scene.plugins.gltf.GltfLoader readAnimation
WARNUNG: JME only supports linear interpolation for animations
Sept. 12, 2026 7:43:19 PM com.jme3.scene.plugins.gltf.GltfLoader readAnimation
WARNUNG: JME only supports linear interpolation for animations
Sept. 12, 2026 7:43:19 PM com.jme3.scene.plugins.gltf.GltfLoader readAnimation
WARNUNG: JME only supports linear interpolation for animations
Sept. 12, 2026 7:43:19 PM com.jme3.scene.plugins.gltf.GltfLoader readAnimation
WARNUNG: JME only supports linear interpolation for animations
Sept. 12, 2026 7:43:19 PM com.jme3.scene.plugins.gltf.GltfLoader readAnimation
WARNUNG: JME only supports linear interpolation for animations
Sept. 12, 2026 7:43:19 PM com.jme3.scene.plugins.gltf.GltfLoader readAnimation
WARNUNG: JME only supports linear interpolation for animations
Sept. 12, 2026 7:43:19 PM com.jme3.scene.plugins.gltf.GltfLoader readAnimation
WARNUNG: JME only supports linear interpolation for animations
Sept. 12, 2026 7:43:19 PM com.jme3.scene.plugins.gltf.GltfLoader readAnimation
WARNUNG: JME only supports linear interpolation for animations
Sept. 12, 2026 7:43:19 PM com.jme3.scene.plugins.gltf.GltfLoader readAnimation
WARNUNG: JME only supports linear interpolation for animations
Sept. 12, 2026 7:43:19 PM com.jme3.scene.plugins.gltf.GltfLoader readAnimation
WARNUNG: JME only supports linear interpolation for animations
Sept. 12, 2026 7:43:19 PM com.jme3.scene.plugins.gltf.GltfLoader readAnimation
WARNUNG: JME only supports linear interpolation for animations
Sept. 12, 2026 7:43:19 PM com.jme3.scene.plugins.gltf.GltfLoader readAnimation
WARNUNG: JME only supports linear interpolation for animations
Sept. 12, 2026 7:43:19 PM com.jme3.scene.plugins.gltf.GltfLoader readAnimation
WARNUNG: JME only supports linear interpolation for animations
Sept. 12, 2026 7:43:19 PM com.jme3.scene.plugins.gltf.GltfLoader readAnimation
WARNUNG: JME only supports linear interpolation for animations
Sept. 12, 2026 7:43:19 PM com.jme3.scene.plugins.gltf.GltfLoader readAnimation
WARNUNG: JME only supports linear interpolation for animations
Sept. 12, 2026 7:43:19 PM com.jme3.scene.plugins.gltf.GltfLoader readAnimation
WARNUNG: JME only supports linear interpolation for animations
Sept. 12, 2026 7:43:19 PM com.jme3.scene.plugins.gltf.GltfLoader readAnimation
WARNUNG: JME only supports linear interpolation for animations
Sept. 12, 2026 7:43:19 PM com.jme3.scene.plugins.gltf.GltfLoader readAnimation
WARNUNG: JME only supports linear interpolation for animations
Sept. 12, 2026 7:43:19 PM com.jme3.scene.plugins.gltf.GltfLoader readAnimation
WARNUNG: JME only supports linear interpolation for animations
Sept. 12, 2026 7:43:19 PM com.jme3.scene.plugins.gltf.GltfLoader readAnimation
WARNUNG: JME only supports linear interpolation for animations
Sept. 12, 2026 7:43:19 PM com.jme3.scene.plugins.gltf.GltfLoader readAnimation
WARNUNG: JME only supports linear interpolation for animations
Sept. 12, 2026 7:43:19 PM com.jme3.scene.plugins.gltf.GltfLoader readAnimation
WARNUNG: JME only supports linear interpolation for animations
Sept. 12, 2026 7:43:19 PM com.jme3.scene.plugins.gltf.GltfLoader readAnimation
WARNUNG: JME only supports linear interpolation for animations
Sept. 12, 2026 7:43:19 PM com.jme3.scene.plugins.gltf.GltfLoader readAnimation
WARNUNG: JME only supports linear interpolation for animations
Sept. 12, 2026 7:43:19 PM com.jme3.scene.plugins.gltf.GltfLoader readAnimation
WARNUNG: JME only supports linear interpolation for animations
Sept. 12, 2026 7:43:19 PM com.jme3.scene.plugins.gltf.GltfLoader readAnimation
WARNUNG: JME only supports linear interpolation for animations
Sept. 12, 2026 7:43:19 PM com.jme3.scene.plugins.gltf.GltfLoader readAnimation
WARNUNG: JME only supports linear interpolation for animations
Sept. 12, 2026 7:43:19 PM com.jme3.scene.plugins.gltf.GltfLoader readAnimation
WARNUNG: JME only supports linear interpolation for animations
Sept. 12, 2026 7:43:19 PM com.jme3.scene.plugins.gltf.GltfLoader readAnimation
WARNUNG: JME only supports linear interpolation for animations
Sept. 12, 2026 7:43:19 PM com.jme3.scene.plugins.gltf.GltfLoader readAnimation
WARNUNG: JME only supports linear interpolation for animations
Sept. 12, 2026 7:43:19 PM com.jme3.scene.plugins.gltf.GltfLoader readAnimation
WARNUNG: JME only supports linear interpolation for animations
Sept. 12, 2026 7:43:19 PM com.jme3.scene.plugins.gltf.GltfLoader readAnimation
WARNUNG: JME only supports linear interpolation for animations
Sept. 12, 2026 7:43:19 PM com.jme3.scene.plugins.gltf.GltfLoader readAnimation
WARNUNG: JME only supports linear interpolation for animations
Sept. 12, 2026 7:43:19 PM com.jme3.scene.plugins.gltf.GltfLoader readAnimation
WARNUNG: JME only supports linear interpolation for animations
Sept. 12, 2026 7:43:19 PM com.jme3.scene.plugins.gltf.GltfLoader readAnimation
WARNUNG: JME only supports linear interpolation for animations
Sept. 12, 2026 7:43:19 PM com.jme3.scene.plugins.gltf.GltfLoader readAnimation
WARNUNG: JME only supports linear interpolation for animations
Sept. 12, 2026 7:43:19 PM com.jme3.scene.plugins.gltf.GltfLoader readAnimation
WARNUNG: JME only supports linear interpolation for animations
Sept. 12, 2026 7:43:19 PM com.jme3.scene.plugins.gltf.GltfLoader readAnimation
WARNUNG: JME only supports linear interpolation for animations
Sept. 12, 2026 7:43:19 PM com.jme3.scene.plugins.gltf.GltfLoader readAnimation
WARNUNG: JME only supports linear interpolation for animations
Sept. 12, 2026 7:43:19 PM com.jme3.scene.plugins.gltf.GltfLoader readAnimation
WARNUNG: JME only supports linear interpolation for animations
Sept. 12, 2026 7:43:19 PM com.jme3.scene.plugins.gltf.GltfLoader readAnimation
WARNUNG: JME only supports linear interpolation for animations
Sept. 12, 2026 7:43:19 PM com.jme3.scene.plugins.gltf.GltfLoader readAnimation
WARNUNG: JME only supports linear interpolation for animations
Sept. 12, 2026 7:43:19 PM com.jme3.scene.plugins.gltf.GltfLoader readAnimation
WARNUNG: JME only supports linear interpolation for animations
Sept. 12, 2026 7:43:19 PM com.jme3.scene.plugins.gltf.GltfLoader readAnimation
WARNUNG: JME only supports linear interpolation for animations
Sept. 12, 2026 7:43:19 PM com.jme3.scene.plugins.gltf.GltfLoader readAnimation
WARNUNG: JME only supports linear interpolation for animations
Sept. 12, 2026 7:43:19 PM com.jme3.scene.plugins.gltf.GltfLoader readAnimation
WARNUNG: JME only supports linear interpolation for animations
Sept. 12, 2026 7:43:19 PM com.jme3.scene.plugins.gltf.GltfLoader readAnimation
WARNUNG: JME only supports linear interpolation for animations
Sept. 12, 2026 7:43:19 PM com.jme3.scene.plugins.gltf.GltfLoader readAnimation
WARNUNG: JME only supports linear interpolation for animations
Sept. 12, 2026 7:43:19 PM com.jme3.scene.plugins.gltf.GltfLoader readAnimation
WARNUNG: JME only supports linear interpolation for animations
Sept. 12, 2026 7:43:19 PM com.jme3.scene.plugins.gltf.GltfLoader readAnimation
WARNUNG: JME only supports linear interpolation for animations
Sept. 12, 2026 7:43:19 PM com.jme3.scene.plugins.gltf.GltfLoader readAnimation
WARNUNG: JME only supports linear interpolation for animations
Sept. 12, 2026 7:43:19 PM com.jme3.scene.plugins.gltf.GltfLoader readAnimation
WARNUNG: JME only supports linear interpolation for animations
Sept. 12, 2026 7:43:19 PM com.jme3.scene.plugins.gltf.GltfLoader readAnimation
WARNUNG: JME only supports linear interpolation for animations
Sept. 12, 2026 7:43:19 PM com.jme3.scene.plugins.gltf.GltfLoader readAnimation
WARNUNG: JME only supports linear interpolation for animations
Sept. 12, 2026 7:43:19 PM com.jme3.scene.plugins.gltf.GltfLoader readAnimation
WARNUNG: JME only supports linear interpolation for animations
Sept. 12, 2026 7:43:19 PM com.jme3.scene.plugins.gltf.GltfLoader readAnimation
WARNUNG: JME only supports linear interpolation for animations
Sept. 12, 2026 7:43:19 PM com.jme3.scene.plugins.gltf.GltfLoader readAnimation
WARNUNG: JME only supports linear interpolation for animations
Sept. 12, 2026 7:43:19 PM com.jme3.scene.plugins.gltf.GltfLoader readAnimation
WARNUNG: JME only supports linear interpolation for animations
Sept. 12, 2026 7:43:19 PM com.jme3.scene.plugins.gltf.GltfLoader readAnimation
WARNUNG: JME only supports linear interpolation for animations
Sept. 12, 2026 7:43:19 PM com.jme3.scene.plugins.gltf.GltfLoader readAnimation
WARNUNG: JME only supports linear interpolation for animations
Sept. 12, 2026 7:43:19 PM com.jme3.scene.plugins.gltf.GltfLoader readAnimation
WARNUNG: JME only supports linear interpolation for animations
Sept. 12, 2026 7:43:19 PM com.jme3.scene.plugins.gltf.GltfLoader readAnimation
WARNUNG: JME only supports linear interpolation for animations
Sept. 12, 2026 7:43:19 PM com.jme3.scene.plugins.gltf.GltfLoader readAnimation
WARNUNG: JME only supports linear interpolation for animations
Sept. 12, 2026 7:43:19 PM com.jme3.scene.plugins.gltf.GltfLoader readAnimation
WARNUNG: JME only supports linear interpolation for animations
Sept. 12, 2026 7:43:19 PM com.jme3.scene.plugins.gltf.GltfLoader readAnimation
WARNUNG: JME only supports linear interpolation for animations
Sept. 12, 2026 7:43:19 PM com.jme3.scene.plugins.gltf.GltfLoader readAnimation
WARNUNG: JME only supports linear interpolation for animations
Sept. 12, 2026 7:43:19 PM com.jme3.scene.plugins.gltf.GltfLoader readAnimation
WARNUNG: JME only supports linear interpolation for animations
Sept. 12, 2026 7:43:19 PM com.jme3.scene.plugins.gltf.GltfLoader readAnimation
WARNUNG: JME only supports linear interpolation for animations
Sept. 12, 2026 7:43:19 PM com.jme3.scene.plugins.gltf.GltfLoader readAnimation
WARNUNG: JME only supports linear interpolation for animations
Sept. 12, 2026 7:43:19 PM com.jme3.scene.plugins.gltf.GltfLoader readAnimation
WARNUNG: JME only supports linear interpolation for animations
Sept. 12, 2026 7:43:19 PM com.jme3.scene.plugins.gltf.GltfLoader readAnimation
WARNUNG: JME only supports linear interpolation for animations
Sept. 12, 2026 7:43:19 PM com.jme3.scene.plugins.gltf.GltfLoader readAnimation
WARNUNG: JME only supports linear interpolation for animations
Sept. 12, 2026 7:43:19 PM com.jme3.scene.plugins.gltf.GltfLoader readAnimation
WARNUNG: JME only supports linear interpolation for animations
Sept. 12, 2026 7:43:19 PM com.jme3.scene.plugins.gltf.GltfLoader readAnimation
WARNUNG: JME only supports linear interpolation for animations
Sept. 12, 2026 7:43:19 PM com.jme3.scene.plugins.gltf.GltfLoader readAnimation
WARNUNG: JME only supports linear interpolation for animations
Sept. 12, 2026 7:43:19 PM com.jme3.scene.plugins.gltf.GltfLoader readAnimation
WARNUNG: JME only supports linear interpolation for animations
Sept. 12, 2026 7:43:19 PM com.jme3.scene.plugins.gltf.GltfLoader readAnimation
WARNUNG: JME only supports linear interpolation for animations
Sept. 12, 2026 7:43:19 PM com.jme3.scene.plugins.gltf.GltfLoader readAnimation
WARNUNG: JME only supports linear interpolation for animations
Sept. 12, 2026 7:43:19 PM com.jme3.scene.plugins.gltf.GltfLoader readAnimation
WARNUNG: JME only supports linear interpolation for animations
Sept. 12, 2026 7:43:19 PM com.jme3.scene.plugins.gltf.GltfLoader readAnimation
WARNUNG: JME only supports linear interpolation for animations
Sept. 12, 2026 7:43:19 PM com.jme3.scene.plugins.gltf.GltfLoader readAnimation
WARNUNG: JME only supports linear interpolation for animations
Sept. 12, 2026 7:43:19 PM com.jme3.scene.plugins.gltf.GltfLoader readAnimation
WARNUNG: JME only supports linear interpolation for animations
Sept. 12, 2026 7:43:19 PM com.jme3.scene.plugins.gltf.GltfLoader readAnimation
WARNUNG: JME only supports linear interpolation for animations
Sept. 12, 2026 7:43:19 PM com.jme3.scene.plugins.gltf.GltfLoader readAnimation
WARNUNG: JME only supports linear interpolation for animations
Sept. 12, 2026 7:43:19 PM com.jme3.scene.plugins.gltf.GltfLoader readAnimation
WARNUNG: JME only supports linear interpolation for animations
Sept. 12, 2026 7:43:19 PM com.jme3.scene.plugins.gltf.GltfLoader readAnimation
WARNUNG: JME only supports linear interpolation for animations
Sept. 12, 2026 7:43:19 PM com.jme3.scene.plugins.gltf.GltfLoader readAnimation
WARNUNG: JME only supports linear interpolation for animations
Sept. 12, 2026 7:43:19 PM com.jme3.scene.plugins.gltf.GltfLoader readAnimation
WARNUNG: JME only supports linear interpolation for animations
Sept. 12, 2026 7:43:19 PM com.jme3.scene.plugins.gltf.GltfLoader readAnimation
WARNUNG: JME only supports linear interpolation for animations
Sept. 12, 2026 7:43:19 PM com.jme3.scene.plugins.gltf.GltfLoader readAnimation
WARNUNG: JME only supports linear interpolation for animations
Sept. 12, 2026 7:43:19 PM com.jme3.scene.plugins.gltf.GltfLoader readAnimation
WARNUNG: JME only supports linear interpolation for animations
Sept. 12, 2026 7:43:19 PM com.jme3.scene.plugins.gltf.GltfLoader readAnimation
WARNUNG: JME only supports linear interpolation for animations
Sept. 12, 2026 7:43:19 PM com.jme3.scene.plugins.gltf.GltfLoader readAnimation
WARNUNG: JME only supports linear interpolation for animations
Sept. 12, 2026 7:43:19 PM com.jme3.scene.plugins.gltf.GltfLoader readAnimation
WARNUNG: JME only supports linear interpolation for animations
Sept. 12, 2026 7:43:19 PM com.jme3.scene.plugins.gltf.GltfLoader readAnimation
WARNUNG: JME only supports linear interpolation for animations
Sept. 12, 2026 7:43:19 PM com.jme3.scene.plugins.gltf.GltfLoader readAnimation
WARNUNG: JME only supports linear interpolation for animations
Sept. 12, 2026 7:43:19 PM com.jme3.scene.plugins.gltf.GltfLoader readAnimation
WARNUNG: JME only supports linear interpolation for animations
Sept. 12, 2026 7:43:19 PM com.jme3.scene.plugins.gltf.GltfLoader readAnimation
WARNUNG: JME only supports linear interpolation for animations
Sept. 12, 2026 7:43:19 PM com.jme3.scene.plugins.gltf.GltfLoader readAnimation
WARNUNG: JME only supports linear interpolation for animations
Sept. 12, 2026 7:43:19 PM com.jme3.scene.plugins.gltf.GltfLoader readAnimation
WARNUNG: JME only supports linear interpolation for animations
Sept. 12, 2026 7:43:19 PM com.jme3.scene.plugins.gltf.GltfLoader readAnimation
WARNUNG: JME only supports linear interpolation for animations
Sept. 12, 2026 7:43:19 PM com.jme3.scene.plugins.gltf.GltfLoader readAnimation
WARNUNG: JME only supports linear interpolation for animations
Sept. 12, 2026 7:43:19 PM com.jme3.scene.plugins.gltf.GltfLoader readAnimation
WARNUNG: JME only supports linear interpolation for animations
Sept. 12, 2026 7:43:19 PM com.jme3.scene.plugins.gltf.GltfLoader readAnimation
WARNUNG: JME only supports linear interpolation for animations
Sept. 12, 2026 7:43:19 PM com.jme3.scene.plugins.gltf.GltfLoader readAnimation
WARNUNG: JME only supports linear interpolation for animations
Sept. 12, 2026 7:43:19 PM com.jme3.scene.plugins.gltf.GltfLoader readAnimation
WARNUNG: JME only supports linear interpolation for animations
Sept. 12, 2026 7:43:19 PM com.jme3.scene.plugins.gltf.GltfLoader readAnimation
WARNUNG: JME only supports linear interpolation for animations
Sept. 12, 2026 7:43:19 PM com.jme3.scene.plugins.gltf.GltfLoader readAnimation
WARNUNG: JME only supports linear interpolation for animations
Sept. 12, 2026 7:43:19 PM com.jme3.scene.plugins.gltf.GltfLoader readAnimation
WARNUNG: JME only supports linear interpolation for animations
Sept. 12, 2026 7:43:19 PM com.jme3.scene.plugins.gltf.GltfLoader readAnimation
WARNUNG: JME only supports linear interpolation for animations
Sept. 12, 2026 7:43:19 PM com.jme3.scene.plugins.gltf.GltfLoader readAnimation
WARNUNG: JME only supports linear interpolation for animations
Sept. 12, 2026 7:43:19 PM com.jme3.scene.plugins.gltf.GltfLoader readAnimation
WARNUNG: JME only supports linear interpolation for animations
Sept. 12, 2026 7:43:19 PM com.jme3.scene.plugins.gltf.GltfLoader readAnimation
WARNUNG: JME only supports linear interpolation for animations
Sept. 12, 2026 7:43:19 PM com.jme3.scene.plugins.gltf.GltfLoader readAnimation
WARNUNG: JME only supports linear interpolation for animations
Sept. 12, 2026 7:43:19 PM com.jme3.scene.plugins.gltf.GltfLoader readAnimation
WARNUNG: JME only supports linear interpolation for animations
Sept. 12, 2026 7:43:19 PM com.jme3.scene.plugins.gltf.GltfLoader readAnimation
WARNUNG: JME only supports linear interpolation for animations
Sept. 12, 2026 7:43:19 PM com.jme3.scene.plugins.gltf.GltfLoader readAnimation
WARNUNG: JME only supports linear interpolation for animations
Sept. 12, 2026 7:43:19 PM com.jme3.scene.plugins.gltf.GltfLoader readAnimation
WARNUNG: JME only supports linear interpolation for animations
Sept. 12, 2026 7:43:19 PM com.jme3.scene.plugins.gltf.GltfLoader readAnimation
WARNUNG: JME only supports linear interpolation for animations
Sept. 12, 2026 7:43:19 PM com.jme3.scene.plugins.gltf.GltfLoader readAnimation
WARNUNG: JME only supports linear interpolation for animations
Sept. 12, 2026 7:43:19 PM com.jme3.scene.plugins.gltf.GltfLoader readAnimation
WARNUNG: JME only supports linear interpolation for animations
Sept. 12, 2026 7:43:19 PM com.jme3.scene.plugins.gltf.GltfLoader readAnimation
WARNUNG: JME only supports linear interpolation for animations
Sept. 12, 2026 7:43:19 PM com.jme3.scene.plugins.gltf.GltfLoader readAnimation
WARNUNG: JME only supports linear interpolation for animations
Sept. 12, 2026 7:43:19 PM com.jme3.scene.plugins.gltf.GltfLoader readAnimation
WARNUNG: JME only supports linear interpolation for animations
Sept. 12, 2026 7:43:19 PM com.jme3.scene.plugins.gltf.GltfLoader readAnimation
WARNUNG: JME only supports linear interpolation for animations
Sept. 12, 2026 7:43:19 PM com.jme3.scene.plugins.gltf.GltfLoader readAnimation
WARNUNG: JME only supports linear interpolation for animations
Sept. 12, 2026 7:43:19 PM com.jme3.scene.plugins.gltf.GltfLoader readAnimation
WARNUNG: JME only supports linear interpolation for animations
Sept. 12, 2026 7:43:19 PM com.jme3.scene.plugins.gltf.GltfLoader readAnimation
WARNUNG: JME only supports linear interpolation for animations
Sept. 12, 2026 7:43:19 PM com.jme3.scene.plugins.gltf.GltfLoader readAnimation
WARNUNG: JME only supports linear interpolation for animations
Sept. 12, 2026 7:43:19 PM com.jme3.scene.plugins.gltf.GltfLoader readAnimation
WARNUNG: JME only supports linear interpolation for animations
Sept. 12, 2026 7:43:19 PM com.jme3.scene.plugins.gltf.GltfLoader readAnimation
WARNUNG: JME only supports linear interpolation for animations
Sept. 12, 2026 7:43:19 PM com.jme3.scene.plugins.gltf.GltfLoader readAnimation
WARNUNG: JME only supports linear interpolation for animations
Sept. 12, 2026 7:43:19 PM com.jme3.scene.plugins.gltf.GltfLoader readAnimation
WARNUNG: JME only supports linear interpolation for animations
Sept. 12, 2026 7:43:19 PM com.jme3.scene.plugins.gltf.GltfLoader readAnimation
WARNUNG: JME only supports linear interpolation for animations
Sept. 12, 2026 7:43:19 PM com.jme3.scene.plugins.gltf.GltfLoader readAnimation
WARNUNG: JME only supports linear interpolation for animations
Sept. 12, 2026 7:43:19 PM com.jme3.scene.plugins.gltf.GltfLoader readAnimation
WARNUNG: JME only supports linear interpolation for animations
Sept. 12, 2026 7:43:19 PM com.jme3.scene.plugins.gltf.GltfLoader readAnimation
WARNUNG: JME only supports linear interpolation for animations
Sept. 12, 2026 7:43:19 PM com.jme3.scene.plugins.gltf.GltfLoader readAnimation
WARNUNG: JME only supports linear interpolation for animations
Sept. 12, 2026 7:43:19 PM com.jme3.scene.plugins.gltf.GltfLoader readAnimation
WARNUNG: JME only supports linear interpolation for animations
Sept. 12, 2026 7:43:19 PM com.jme3.scene.plugins.gltf.GltfLoader readAnimation
WARNUNG: JME only supports linear interpolation for animations
Sept. 12, 2026 7:43:19 PM com.jme3.scene.plugins.gltf.GltfLoader readAnimation
WARNUNG: JME only supports linear interpolation for animations
Sept. 12, 2026 7:43:19 PM com.jme3.scene.plugins.gltf.GltfLoader readAnimation
WARNUNG: JME only supports linear interpolation for animations
Sept. 12, 2026 7:43:19 PM com.jme3.scene.plugins.gltf.GltfLoader readAnimation
WARNUNG: JME only supports linear interpolation for animations
Sept. 12, 2026 7:43:19 PM com.jme3.scene.plugins.gltf.GltfLoader readAnimation
WARNUNG: JME only supports linear interpolation for animations
Sept. 12, 2026 7:43:19 PM com.jme3.scene.plugins.gltf.GltfLoader readAnimation
WARNUNG: JME only supports linear interpolation for animations
Sept. 12, 2026 7:43:19 PM com.jme3.scene.plugins.gltf.GltfLoader readAnimation
WARNUNG: JME only supports linear interpolation for animations
Sept. 12, 2026 7:43:19 PM com.jme3.scene.plugins.gltf.GltfLoader readAnimation
WARNUNG: JME only supports linear interpolation for animations
Sept. 12, 2026 7:43:19 PM com.jme3.scene.plugins.gltf.GltfLoader readAnimation
WARNUNG: JME only supports linear interpolation for animations
Sept. 12, 2026 7:43:19 PM com.jme3.scene.plugins.gltf.GltfLoader readAnimation
WARNUNG: JME only supports linear interpolation for animations
Sept. 12, 2026 7:43:19 PM com.jme3.scene.plugins.gltf.GltfLoader readAnimation
WARNUNG: JME only supports linear interpolation for animations
Sept. 12, 2026 7:43:19 PM com.jme3.scene.plugins.gltf.GltfLoader readAnimation
WARNUNG: JME only supports linear interpolation for animations
Sept. 12, 2026 7:43:19 PM com.jme3.scene.plugins.gltf.GltfLoader readAnimation
WARNUNG: JME only supports linear interpolation for animations
Sept. 12, 2026 7:43:19 PM com.jme3.scene.plugins.gltf.GltfLoader readAnimation
WARNUNG: JME only supports linear interpolation for animations
Sept. 12, 2026 7:43:19 PM com.jme3.scene.plugins.gltf.GltfLoader readAnimation
WARNUNG: JME only supports linear interpolation for animations
Sept. 12, 2026 7:43:19 PM com.jme3.scene.plugins.gltf.GltfLoader readAnimation
WARNUNG: JME only supports linear interpolation for animations
Sept. 12, 2026 7:43:19 PM com.jme3.scene.plugins.gltf.GltfLoader readAnimation
WARNUNG: JME only supports linear interpolation for animations
Sept. 12, 2026 7:43:19 PM com.jme3.scene.plugins.gltf.GltfLoader readAnimation
WARNUNG: JME only supports linear interpolation for animations
Sept. 12, 2026 7:43:19 PM com.jme3.scene.plugins.gltf.GltfLoader readAnimation
WARNUNG: JME only supports linear interpolation for animations
Sept. 12, 2026 7:43:19 PM com.jme3.scene.plugins.gltf.GltfLoader readAnimation
WARNUNG: JME only supports linear interpolation for animations
Sept. 12, 2026 7:43:19 PM com.jme3.scene.plugins.gltf.GltfLoader readAnimation
WARNUNG: JME only supports linear interpolation for animations
Sept. 12, 2026 7:43:19 PM com.jme3.scene.plugins.gltf.GltfLoader readAnimation
WARNUNG: JME only supports linear interpolation for animations
Sept. 12, 2026 7:43:19 PM com.jme3.scene.plugins.gltf.GltfLoader readAnimation
WARNUNG: JME only supports linear interpolation for animations
Sept. 12, 2026 7:43:19 PM com.jme3.scene.plugins.gltf.GltfLoader readAnimation
WARNUNG: JME only supports linear interpolation for animations
Sept. 12, 2026 7:43:19 PM com.jme3.scene.plugins.gltf.GltfLoader readAnimation
WARNUNG: JME only supports linear interpolation for animations
Sept. 12, 2026 7:43:19 PM com.jme3.scene.plugins.gltf.GltfLoader readAnimation
WARNUNG: JME only supports linear interpolation for animations
Sept. 12, 2026 7:43:19 PM com.jme3.scene.plugins.gltf.GltfLoader readAnimation
WARNUNG: JME only supports linear interpolation for animations
Sept. 12, 2026 7:43:19 PM com.jme3.scene.plugins.gltf.GltfLoader readAnimation
WARNUNG: JME only supports linear interpolation for animations
Sept. 12, 2026 7:43:19 PM com.jme3.scene.plugins.gltf.GltfLoader readAnimation
WARNUNG: JME only supports linear interpolation for animations
Sept. 12, 2026 7:43:19 PM com.jme3.scene.plugins.gltf.GltfLoader readAnimation
WARNUNG: JME only supports linear interpolation for animations
Sept. 12, 2026 7:43:19 PM com.jme3.scene.plugins.gltf.GltfLoader readAnimation
WARNUNG: JME only supports linear interpolation for animations
Sept. 12, 2026 7:43:19 PM com.jme3.scene.plugins.gltf.GltfLoader readAnimation
WARNUNG: JME only supports linear interpolation for animations
Sept. 12, 2026 7:43:19 PM com.jme3.scene.plugins.gltf.GltfLoader readAnimation
WARNUNG: JME only supports linear interpolation for animations
Sept. 12, 2026 7:43:19 PM com.jme3.scene.plugins.gltf.GltfLoader readAnimation
WARNUNG: JME only supports linear interpolation for animations
Sept. 12, 2026 7:43:19 PM com.jme3.scene.plugins.gltf.GltfLoader readAnimation
WARNUNG: JME only supports linear interpolation for animations
Sept. 12, 2026 7:43:19 PM com.jme3.scene.plugins.gltf.GltfLoader readAnimation
WARNUNG: JME only supports linear interpolation for animations
Sept. 12, 2026 7:43:19 PM com.jme3.scene.plugins.gltf.GltfLoader readAnimation
WARNUNG: JME only supports linear interpolation for animations
Sept. 12, 2026 7:43:19 PM com.jme3.scene.plugins.gltf.GltfLoader readAnimation
WARNUNG: JME only supports linear interpolation for animations
Sept. 12, 2026 7:43:19 PM com.jme3.scene.plugins.gltf.GltfLoader readAnimation
WARNUNG: JME only supports linear interpolation for animations
Sept. 12, 2026 7:43:19 PM com.jme3.scene.plugins.gltf.GltfLoader readAnimation
WARNUNG: JME only supports linear interpolation for animations
Sept. 12, 2026 7:43:19 PM com.jme3.scene.plugins.gltf.GltfLoader readAnimation
WARNUNG: JME only supports linear interpolation for animations
Sept. 12, 2026 7:43:19 PM com.jme3.scene.plugins.gltf.GltfLoader readAnimation
WARNUNG: JME only supports linear interpolation for animations
Sept. 12, 2026 7:43:19 PM com.jme3.scene.plugins.gltf.GltfLoader readAnimation
WARNUNG: JME only supports linear interpolation for animations
Sept. 12, 2026 7:43:19 PM com.jme3.scene.plugins.gltf.GltfLoader readAnimation
WARNUNG: JME only supports linear interpolation for animations
Sept. 12, 2026 7:43:19 PM com.jme3.scene.plugins.gltf.GltfLoader readAnimation
WARNUNG: JME only supports linear interpolation for animations
Sept. 12, 2026 7:43:19 PM com.jme3.scene.plugins.gltf.GltfLoader readAnimation
WARNUNG: JME only supports linear interpolation for animations
Sept. 12, 2026 7:43:19 PM com.jme3.scene.plugins.gltf.GltfLoader readAnimation
WARNUNG: JME only supports linear interpolation for animations
Sept. 12, 2026 7:43:19 PM com.jme3.scene.plugins.gltf.GltfLoader readAnimation
WARNUNG: JME only supports linear interpolation for animations
Sept. 12, 2026 7:43:19 PM com.jme3.scene.plugins.gltf.GltfLoader readAnimation
WARNUNG: JME only supports linear interpolation for animations
Sept. 12, 2026 7:43:19 PM com.jme3.scene.plugins.gltf.GltfLoader readAnimation
WARNUNG: JME only supports linear interpolation for animations
Sept. 12, 2026 7:43:19 PM com.jme3.scene.plugins.gltf.GltfLoader readAnimation
WARNUNG: JME only supports linear interpolation for animations
Sept. 12, 2026 7:43:19 PM com.jme3.scene.plugins.gltf.GltfLoader readAnimation
WARNUNG: JME only supports linear interpolation for animations
Sept. 12, 2026 7:43:19 PM com.jme3.scene.plugins.gltf.GltfLoader readAnimation
WARNUNG: JME only supports linear interpolation for animations
Sept. 12, 2026 7:43:19 PM com.jme3.scene.plugins.gltf.GltfLoader readAnimation
WARNUNG: JME only supports linear interpolation for animations
Sept. 12, 2026 7:43:19 PM com.jme3.scene.plugins.gltf.GltfLoader readAnimation
WARNUNG: JME only supports linear interpolation for animations
Sept. 12, 2026 7:43:19 PM com.jme3.scene.plugins.gltf.GltfLoader readAnimation
WARNUNG: JME only supports linear interpolation for animations
Sept. 12, 2026 7:43:19 PM com.jme3.scene.plugins.gltf.GltfLoader readAnimation
WARNUNG: JME only supports linear interpolation for animations
Sept. 12, 2026 7:43:19 PM com.jme3.scene.plugins.gltf.GltfLoader readAnimation
WARNUNG: JME only supports linear interpolation for animations
Sept. 12, 2026 7:43:19 PM com.jme3.scene.plugins.gltf.GltfLoader readAnimation
WARNUNG: JME only supports linear interpolation for animations
Sept. 12, 2026 7:43:19 PM com.jme3.scene.plugins.gltf.GltfLoader readAnimation
WARNUNG: JME only supports linear interpolation for animations
Sept. 12, 2026 7:43:19 PM com.jme3.scene.plugins.gltf.GltfLoader readAnimation
WARNUNG: JME only supports linear interpolation for animations
Sept. 12, 2026 7:43:19 PM com.jme3.scene.plugins.gltf.GltfLoader readAnimation
WARNUNG: JME only supports linear interpolation for animations
Sept. 12, 2026 7:43:19 PM com.jme3.scene.plugins.gltf.GltfLoader readAnimation
WARNUNG: JME only supports linear interpolation for animations
Sept. 12, 2026 7:43:19 PM com.jme3.scene.plugins.gltf.GltfLoader readAnimation
WARNUNG: JME only supports linear interpolation for animations
Sept. 12, 2026 7:43:19 PM com.jme3.scene.plugins.gltf.GltfLoader readAnimation
WARNUNG: JME only supports linear interpolation for animations
Sept. 12, 2026 7:43:19 PM com.jme3.scene.plugins.gltf.GltfLoader readAnimation
WARNUNG: JME only supports linear interpolation for animations
Sept. 12, 2026 7:43:19 PM com.jme3.scene.plugins.gltf.GltfLoader readAnimation
WARNUNG: JME only supports linear interpolation for animations
Sept. 12, 2026 7:43:19 PM com.jme3.scene.plugins.gltf.GltfLoader readAnimation
WARNUNG: JME only supports linear interpolation for animations
Sept. 12, 2026 7:43:19 PM com.jme3.scene.plugins.gltf.GltfLoader readAnimation
WARNUNG: JME only supports linear interpolation for animations
Sept. 12, 2026 7:43:19 PM com.jme3.scene.plugins.gltf.GltfLoader readAnimation
WARNUNG: JME only supports linear interpolation for animations
Sept. 12, 2026 7:43:19 PM com.jme3.scene.plugins.gltf.GltfLoader readAnimation
WARNUNG: JME only supports linear interpolation for animations
Sept. 12, 2026 7:43:19 PM com.jme3.scene.plugins.gltf.GltfLoader readAnimation
WARNUNG: JME only supports linear interpolation for animations
Sept. 12, 2026 7:43:19 PM com.jme3.scene.plugins.gltf.GltfLoader readAnimation
WARNUNG: JME only supports linear interpolation for animations
Sept. 12, 2026 7:43:19 PM com.jme3.scene.plugins.gltf.GltfLoader readAnimation
WARNUNG: JME only supports linear interpolation for animations
Sept. 12, 2026 7:43:19 PM com.jme3.scene.plugins.gltf.GltfLoader readAnimation
WARNUNG: JME only supports linear interpolation for animations
Sept. 12, 2026 7:43:19 PM com.jme3.scene.plugins.gltf.GltfLoader readAnimation
WARNUNG: JME only supports linear interpolation for animations
Sept. 12, 2026 7:43:19 PM com.jme3.scene.plugins.gltf.GltfLoader readAnimation
WARNUNG: JME only supports linear interpolation for animations
Sept. 12, 2026 7:43:19 PM com.jme3.scene.plugins.gltf.GltfLoader readAnimation
WARNUNG: JME only supports linear interpolation for animations
Sept. 12, 2026 7:43:19 PM com.jme3.scene.plugins.gltf.GltfLoader readAnimation
WARNUNG: JME only supports linear interpolation for animations
Sept. 12, 2026 7:43:19 PM com.jme3.bullet.PhysicsSpace update
WARNUNG: invoked from wrong thread
Sept. 12, 2026 7:43:20 PM com.jme3.anim.SkinningControl controlRender
INFORMATION: Hardware skinning engaged for ErenArmature (Node)
Sept. 12, 2026 7:43:20 PM com.jme3.anim.SkinningControl controlRender
INFORMATION: Hardware skinning engaged for Armature.004 (Node)
Sept. 12, 2026 7:43:20 PM com.jme3.anim.SkinningControl controlRender
INFORMATION: Hardware skinning engaged for GoblinArmature (Node)
Sept. 12, 2026 7:43:20 PM com.jme3.anim.SkinningControl controlRender
INFORMATION: Hardware skinning engaged for OrcArmature (Node)
Sept. 12, 2026 7:43:20 PM com.jme3.anim.SkinningControl controlRender
INFORMATION: Hardware skinning engaged for OrcArmature (Node)
Sept. 12, 2026 7:43:20 PM com.jme3.anim.SkinningControl controlRender
INFORMATION: Hardware skinning engaged for WardenArmature (Node)
Sept. 12, 2026 7:43:20 PM com.jme3.anim.SkinningControl controlRender
INFORMATION: Hardware skinning engaged for WardenArmature (Node)
Sept. 12, 2026 7:43:20 PM com.jme3.bullet.PhysicsSpace update
WARNUNG: invoked from wrong thread
Sept. 12, 2026 7:43:20 PM com.jme3.bullet.PhysicsSpace update
WARNUNG: invoked from wrong thread
Sept. 12, 2026 7:43:20 PM com.jme3.bullet.PhysicsSpace update
WARNUNG: invoked from wrong thread
Sept. 12, 2026 7:43:20 PM com.jme3.bullet.PhysicsSpace update
WARNUNG: invoked from wrong thread
Sept. 12, 2026 7:43:20 PM com.jme3.bullet.PhysicsSpace update
WARNUNG: invoked from wrong thread
Sept. 12, 2026 7:43:20 PM com.jme3.bullet.PhysicsSpace update
WARNUNG: invoked from wrong thread
Sept. 12, 2026 7:43:20 PM com.jme3.bullet.PhysicsSpace update
WARNUNG: invoked from wrong thread
Sept. 12, 2026 7:43:20 PM com.jme3.bullet.PhysicsSpace update
WARNUNG: invoked from wrong thread
Sept. 12, 2026 7:43:20 PM com.jme3.bullet.PhysicsSpace update
WARNUNG: invoked from wrong thread
Sept. 12, 2026 7:43:20 PM com.jme3.bullet.PhysicsSpace update
WARNUNG: invoked from wrong thread
Sept. 12, 2026 7:43:20 PM com.jme3.bullet.PhysicsSpace update
WARNUNG: invoked from wrong thread
Sept. 12, 2026 7:43:20 PM com.jme3.bullet.PhysicsSpace update
WARNUNG: invoked from wrong thread
Sept. 12, 2026 7:43:20 PM com.jme3.bullet.PhysicsSpace update
WARNUNG: invoked from wrong thread
Sept. 12, 2026 7:43:20 PM com.jme3.bullet.PhysicsSpace update
WARNUNG: invoked from wrong thread
Sept. 12, 2026 7:43:20 PM com.jme3.bullet.PhysicsSpace update
WARNUNG: invoked from wrong thread
Sept. 12, 2026 7:43:20 PM com.jme3.bullet.PhysicsSpace update
WARNUNG: invoked from wrong thread
Sept. 12, 2026 7:43:20 PM com.jme3.bullet.PhysicsSpace update
WARNUNG: invoked from wrong thread
Sept. 12, 2026 7:43:20 PM com.jme3.bullet.PhysicsSpace update
WARNUNG: invoked from wrong thread
Sept. 12, 2026 7:43:20 PM com.jme3.bullet.PhysicsSpace update
WARNUNG: invoked from wrong thread
Sept. 12, 2026 7:43:20 PM com.jme3.bullet.PhysicsSpace update
WARNUNG: invoked from wrong thread
Sept. 12, 2026 7:43:20 PM com.jme3.bullet.PhysicsSpace update
WARNUNG: invoked from wrong thread
Sept. 12, 2026 7:43:20 PM com.jme3.bullet.PhysicsSpace update
WARNUNG: invoked from wrong thread
Sept. 12, 2026 7:43:20 PM com.jme3.bullet.PhysicsSpace update
WARNUNG: invoked from wrong thread
Sept. 12, 2026 7:43:20 PM com.jme3.bullet.PhysicsSpace update
WARNUNG: invoked from wrong thread
Sept. 12, 2026 7:43:20 PM com.jme3.bullet.PhysicsSpace update
WARNUNG: invoked from wrong thread
Sept. 12, 2026 7:43:20 PM com.jme3.bullet.PhysicsSpace update
WARNUNG: invoked from wrong thread
Sept. 12, 2026 7:43:20 PM com.jme3.bullet.PhysicsSpace update
WARNUNG: invoked from wrong thread
Sept. 12, 2026 7:43:20 PM com.jme3.bullet.PhysicsSpace update
WARNUNG: invoked from wrong thread
Sept. 12, 2026 7:43:20 PM com.jme3.bullet.PhysicsSpace update
WARNUNG: invoked from wrong thread
Sept. 12, 2026 7:43:20 PM com.jme3.bullet.PhysicsSpace update
WARNUNG: invoked from wrong thread
Sept. 12, 2026 7:43:20 PM com.jme3.bullet.PhysicsSpace update
WARNUNG: invoked from wrong thread
Sept. 12, 2026 7:43:20 PM com.jme3.bullet.PhysicsSpace update
WARNUNG: invoked from wrong thread
Sept. 12, 2026 7:43:20 PM com.jme3.bullet.PhysicsSpace update
WARNUNG: invoked from wrong thread
Sept. 12, 2026 7:43:20 PM com.jme3.bullet.PhysicsSpace update
WARNUNG: invoked from wrong thread
Sept. 12, 2026 7:43:20 PM com.jme3.bullet.PhysicsSpace update
WARNUNG: invoked from wrong thread
Sept. 12, 2026 7:43:20 PM com.jme3.bullet.PhysicsSpace update
WARNUNG: invoked from wrong thread
Sept. 12, 2026 7:43:20 PM com.jme3.bullet.PhysicsSpace update
WARNUNG: invoked from wrong thread
Sept. 12, 2026 7:43:20 PM com.jme3.bullet.PhysicsSpace update
WARNUNG: invoked from wrong thread
Sept. 12, 2026 7:43:20 PM com.jme3.bullet.PhysicsSpace update
WARNUNG: invoked from wrong thread
Sept. 12, 2026 7:43:20 PM com.jme3.bullet.PhysicsSpace update
WARNUNG: invoked from wrong thread
Sept. 12, 2026 7:43:20 PM com.jme3.bullet.PhysicsSpace update
WARNUNG: invoked from wrong thread
Sept. 12, 2026 7:43:20 PM com.jme3.bullet.PhysicsSpace update
WARNUNG: invoked from wrong thread
Sept. 12, 2026 7:43:20 PM com.jme3.bullet.PhysicsSpace update
WARNUNG: invoked from wrong thread
Sept. 12, 2026 7:43:20 PM com.jme3.bullet.PhysicsSpace update
WARNUNG: invoked from wrong thread
Sept. 12, 2026 7:43:20 PM com.jme3.bullet.PhysicsSpace update
WARNUNG: invoked from wrong thread
Sept. 12, 2026 7:43:20 PM com.jme3.bullet.PhysicsSpace update
WARNUNG: invoked from wrong thread
Sept. 12, 2026 7:43:20 PM com.jme3.bullet.PhysicsSpace update
WARNUNG: invoked from wrong thread
Sept. 12, 2026 7:43:20 PM com.jme3.bullet.PhysicsSpace update
WARNUNG: invoked from wrong thread
Sept. 12, 2026 7:43:21 PM com.jme3.bullet.PhysicsSpace update
WARNUNG: invoked from wrong thread
Sept. 12, 2026 7:43:21 PM com.jme3.bullet.PhysicsSpace update
WARNUNG: invoked from wrong thread
Sept. 12, 2026 7:43:21 PM com.jme3.bullet.PhysicsSpace update
WARNUNG: invoked from wrong thread
Sept. 12, 2026 7:43:21 PM com.jme3.bullet.PhysicsSpace update
WARNUNG: invoked from wrong thread
Sept. 12, 2026 7:43:21 PM com.jme3.bullet.PhysicsSpace update
WARNUNG: invoked from wrong thread
Sept. 12, 2026 7:43:21 PM com.jme3.bullet.PhysicsSpace update
WARNUNG: invoked from wrong thread
Sept. 12, 2026 7:43:21 PM com.jme3.bullet.PhysicsSpace update
WARNUNG: invoked from wrong thread
Sept. 12, 2026 7:43:21 PM com.jme3.bullet.PhysicsSpace update
WARNUNG: invoked from wrong thread
Sept. 12, 2026 7:43:21 PM com.jme3.bullet.PhysicsSpace update
WARNUNG: invoked from wrong thread
Sept. 12, 2026 7:43:21 PM com.jme3.bullet.PhysicsSpace update
WARNUNG: invoked from wrong thread
Sept. 12, 2026 7:43:21 PM com.jme3.bullet.PhysicsSpace update
WARNUNG: invoked from wrong thread
Sept. 12, 2026 7:43:21 PM com.jme3.bullet.PhysicsSpace update
WARNUNG: invoked from wrong thread
Sept. 12, 2026 7:43:21 PM com.jme3.bullet.PhysicsSpace update
WARNUNG: invoked from wrong thread
Sept. 12, 2026 7:43:21 PM com.jme3.bullet.PhysicsSpace update
WARNUNG: invoked from wrong thread
Sept. 12, 2026 7:43:21 PM com.jme3.bullet.PhysicsSpace update
WARNUNG: invoked from wrong thread
Sept. 12, 2026 7:43:21 PM com.jme3.bullet.PhysicsSpace update
WARNUNG: invoked from wrong thread
Sept. 12, 2026 7:43:21 PM com.jme3.bullet.PhysicsSpace update
WARNUNG: invoked from wrong thread
Sept. 12, 2026 7:43:21 PM com.jme3.bullet.PhysicsSpace update
WARNUNG: invoked from wrong thread
Sept. 12, 2026 7:43:21 PM com.jme3.bullet.PhysicsSpace update
WARNUNG: invoked from wrong thread
Sept. 12, 2026 7:43:21 PM com.jme3.bullet.PhysicsSpace update
WARNUNG: invoked from wrong thread
Sept. 12, 2026 7:43:21 PM com.jme3.bullet.PhysicsSpace update
WARNUNG: invoked from wrong thread
Sept. 12, 2026 7:43:21 PM com.jme3.bullet.PhysicsSpace update
WARNUNG: invoked from wrong thread
Sept. 12, 2026 7:43:21 PM com.jme3.bullet.PhysicsSpace update
WARNUNG: invoked from wrong thread
Sept. 12, 2026 7:43:21 PM com.jme3.bullet.PhysicsSpace update
WARNUNG: invoked from wrong thread
Sept. 12, 2026 7:43:21 PM com.jme3.bullet.PhysicsSpace update
WARNUNG: invoked from wrong thread
Sept. 12, 2026 7:43:21 PM com.jme3.bullet.PhysicsSpace update
WARNUNG: invoked from wrong thread
Sept. 12, 2026 7:43:21 PM com.jme3.bullet.PhysicsSpace update
WARNUNG: invoked from wrong thread
Sept. 12, 2026 7:43:21 PM com.jme3.bullet.PhysicsSpace update
WARNUNG: invoked from wrong thread
Sept. 12, 2026 7:43:21 PM com.jme3.bullet.PhysicsSpace update
WARNUNG: invoked from wrong thread
Sept. 12, 2026 7:43:21 PM com.jme3.bullet.PhysicsSpace update
WARNUNG: invoked from wrong thread
Sept. 12, 2026 7:43:21 PM com.jme3.bullet.PhysicsSpace update
WARNUNG: invoked from wrong thread
Sept. 12, 2026 7:43:21 PM com.jme3.bullet.PhysicsSpace update
WARNUNG: invoked from wrong thread
Sept. 12, 2026 7:43:21 PM com.jme3.bullet.PhysicsSpace update
WARNUNG: invoked from wrong thread
Sept. 12, 2026 7:43:21 PM com.jme3.bullet.PhysicsSpace update
WARNUNG: invoked from wrong thread
Sept. 12, 2026 7:43:21 PM com.jme3.bullet.PhysicsSpace update
WARNUNG: invoked from wrong thread
Sept. 12, 2026 7:43:21 PM com.jme3.bullet.PhysicsSpace update
WARNUNG: invoked from wrong thread
Sept. 12, 2026 7:43:21 PM com.jme3.bullet.PhysicsSpace update
WARNUNG: invoked from wrong thread
Sept. 12, 2026 7:43:21 PM com.jme3.bullet.PhysicsSpace update
WARNUNG: invoked from wrong thread
Sept. 12, 2026 7:43:21 PM com.jme3.bullet.PhysicsSpace update
WARNUNG: invoked from wrong thread
Sept. 12, 2026 7:43:21 PM com.jme3.bullet.PhysicsSpace update
WARNUNG: invoked from wrong thread
Sept. 12, 2026 7:43:21 PM com.jme3.bullet.PhysicsSpace update
WARNUNG: invoked from wrong thread
Sept. 12, 2026 7:43:21 PM com.jme3.bullet.PhysicsSpace update
WARNUNG: invoked from wrong thread
Sept. 12, 2026 7:43:21 PM com.jme3.bullet.PhysicsSpace update
WARNUNG: invoked from wrong thread
Sept. 12, 2026 7:43:21 PM com.jme3.bullet.PhysicsSpace update
WARNUNG: invoked from wrong thread
Sept. 12, 2026 7:43:21 PM com.jme3.bullet.PhysicsSpace update
WARNUNG: invoked from wrong thread
Sept. 12, 2026 7:43:21 PM com.jme3.bullet.PhysicsSpace update
WARNUNG: invoked from wrong thread
Sept. 12, 2026 7:43:21 PM com.jme3.bullet.PhysicsSpace update
WARNUNG: invoked from wrong thread
Sept. 12, 2026 7:43:21 PM com.jme3.bullet.PhysicsSpace update
WARNUNG: invoked from wrong thread
Sept. 12, 2026 7:43:21 PM com.jme3.bullet.PhysicsSpace update
WARNUNG: invoked from wrong thread
Sept. 12, 2026 7:43:21 PM com.jme3.bullet.PhysicsSpace update
WARNUNG: invoked from wrong thread
Sept. 12, 2026 7:43:21 PM com.jme3.bullet.PhysicsSpace update
WARNUNG: invoked from wrong thread
Sept. 12, 2026 7:43:21 PM com.jme3.bullet.PhysicsSpace update
WARNUNG: invoked from wrong thread
Sept. 12, 2026 7:43:21 PM com.jme3.bullet.PhysicsSpace update
WARNUNG: invoked from wrong thread
Sept. 12, 2026 7:43:21 PM com.jme3.bullet.PhysicsSpace update
WARNUNG: invoked from wrong thread
Sept. 12, 2026 7:43:21 PM com.jme3.bullet.PhysicsSpace update
WARNUNG: invoked from wrong thread
Sept. 12, 2026 7:43:21 PM com.jme3.bullet.PhysicsSpace update
WARNUNG: invoked from wrong thread
Sept. 12, 2026 7:43:21 PM com.jme3.bullet.PhysicsSpace update
WARNUNG: invoked from wrong thread
Sept. 12, 2026 7:43:21 PM com.jme3.bullet.PhysicsSpace update
WARNUNG: invoked from wrong thread
Sept. 12, 2026 7:43:21 PM com.jme3.bullet.PhysicsSpace update
WARNUNG: invoked from wrong thread
Sept. 12, 2026 7:43:21 PM com.jme3.bullet.PhysicsSpace update
WARNUNG: invoked from wrong thread
Sept. 12, 2026 7:43:22 PM com.jme3.bullet.PhysicsSpace update
WARNUNG: invoked from wrong thread
Sept. 12, 2026 7:43:22 PM com.jme3.bullet.PhysicsSpace update
WARNUNG: invoked from wrong thread
Sept. 12, 2026 7:43:22 PM com.jme3.bullet.PhysicsSpace update
WARNUNG: invoked from wrong thread
Sept. 12, 2026 7:43:22 PM com.jme3.bullet.PhysicsSpace update
WARNUNG: invoked from wrong thread
[SMOKE] stage 9
Sept. 12, 2026 7:43:22 PM com.jme3.bullet.PhysicsSpace update
WARNUNG: invoked from wrong thread
Sept. 12, 2026 7:43:22 PM com.jme3.anim.SkinningControl controlRender
INFORMATION: Hardware skinning engaged for Armature.004 (Node)
Sept. 12, 2026 7:43:22 PM com.jme3.anim.SkinningControl controlRender
INFORMATION: Hardware skinning engaged for OrcArmature (Node)
Sept. 12, 2026 7:43:22 PM com.jme3.anim.SkinningControl controlRender
INFORMATION: Hardware skinning engaged for CharacterRoot (Node)
Sept. 12, 2026 7:43:22 PM com.jme3.anim.SkinningControl controlRender
INFORMATION: Hardware skinning engaged for CharacterRoot (Node)
Sept. 12, 2026 7:43:22 PM com.jme3.bullet.PhysicsSpace update
WARNUNG: invoked from wrong thread
Sept. 12, 2026 7:43:22 PM com.jme3.bullet.PhysicsSpace update
WARNUNG: invoked from wrong thread
Sept. 12, 2026 7:43:22 PM com.jme3.bullet.PhysicsSpace update
WARNUNG: invoked from wrong thread
Sept. 12, 2026 7:43:22 PM com.jme3.bullet.PhysicsSpace update
WARNUNG: invoked from wrong thread
Sept. 12, 2026 7:43:22 PM com.jme3.bullet.PhysicsSpace update
WARNUNG: invoked from wrong thread
Sept. 12, 2026 7:43:22 PM com.jme3.bullet.PhysicsSpace update
WARNUNG: invoked from wrong thread
Sept. 12, 2026 7:43:22 PM com.jme3.bullet.PhysicsSpace update
WARNUNG: invoked from wrong thread
Sept. 12, 2026 7:43:22 PM com.jme3.bullet.PhysicsSpace update
WARNUNG: invoked from wrong thread
Sept. 12, 2026 7:43:22 PM com.jme3.bullet.PhysicsSpace update
WARNUNG: invoked from wrong thread
Sept. 12, 2026 7:43:22 PM com.jme3.bullet.PhysicsSpace update
WARNUNG: invoked from wrong thread
Sept. 12, 2026 7:43:22 PM com.jme3.bullet.PhysicsSpace update
WARNUNG: invoked from wrong thread
Sept. 12, 2026 7:43:22 PM com.jme3.bullet.PhysicsSpace update
WARNUNG: invoked from wrong thread
Sept. 12, 2026 7:43:22 PM com.jme3.bullet.PhysicsSpace update
WARNUNG: invoked from wrong thread
Sept. 12, 2026 7:43:22 PM com.jme3.bullet.PhysicsSpace update
WARNUNG: invoked from wrong thread
Sept. 12, 2026 7:43:22 PM com.jme3.bullet.PhysicsSpace update
WARNUNG: invoked from wrong thread
Sept. 12, 2026 7:43:22 PM com.jme3.bullet.PhysicsSpace update
WARNUNG: invoked from wrong thread
Sept. 12, 2026 7:43:22 PM com.jme3.bullet.PhysicsSpace update
WARNUNG: invoked from wrong thread
Sept. 12, 2026 7:43:22 PM com.jme3.bullet.PhysicsSpace update
WARNUNG: invoked from wrong thread
Sept. 12, 2026 7:43:22 PM com.jme3.bullet.PhysicsSpace update
WARNUNG: invoked from wrong thread
Sept. 12, 2026 7:43:22 PM com.jme3.bullet.PhysicsSpace update
WARNUNG: invoked from wrong thread
Sept. 12, 2026 7:43:22 PM com.jme3.bullet.PhysicsSpace update
WARNUNG: invoked from wrong thread
Sept. 12, 2026 7:43:22 PM com.jme3.bullet.PhysicsSpace update
WARNUNG: invoked from wrong thread
Sept. 12, 2026 7:43:22 PM com.jme3.bullet.PhysicsSpace update
WARNUNG: invoked from wrong thread
Sept. 12, 2026 7:43:22 PM com.jme3.bullet.PhysicsSpace update
WARNUNG: invoked from wrong thread
Sept. 12, 2026 7:43:22 PM com.jme3.bullet.PhysicsSpace update
WARNUNG: invoked from wrong thread
Sept. 12, 2026 7:43:22 PM com.jme3.bullet.PhysicsSpace update
WARNUNG: invoked from wrong thread
Sept. 12, 2026 7:43:22 PM com.jme3.bullet.PhysicsSpace update
WARNUNG: invoked from wrong thread
Sept. 12, 2026 7:43:22 PM com.jme3.bullet.PhysicsSpace update
WARNUNG: invoked from wrong thread
Sept. 12, 2026 7:43:22 PM com.jme3.bullet.PhysicsSpace update
WARNUNG: invoked from wrong thread
Sept. 12, 2026 7:43:22 PM com.jme3.bullet.PhysicsSpace update
WARNUNG: invoked from wrong thread
Sept. 12, 2026 7:43:22 PM com.jme3.bullet.PhysicsSpace update
WARNUNG: invoked from wrong thread
Sept. 12, 2026 7:43:22 PM com.jme3.bullet.PhysicsSpace update
WARNUNG: invoked from wrong thread
Sept. 12, 2026 7:43:22 PM com.jme3.bullet.PhysicsSpace update
WARNUNG: invoked from wrong thread
Sept. 12, 2026 7:43:22 PM com.jme3.bullet.PhysicsSpace update
WARNUNG: invoked from wrong thread
Sept. 12, 2026 7:43:22 PM com.jme3.bullet.PhysicsSpace update
WARNUNG: invoked from wrong thread
Sept. 12, 2026 7:43:22 PM com.jme3.bullet.PhysicsSpace update
WARNUNG: invoked from wrong thread
Sept. 12, 2026 7:43:22 PM com.jme3.bullet.PhysicsSpace update
WARNUNG: invoked from wrong thread
Sept. 12, 2026 7:43:22 PM com.jme3.bullet.PhysicsSpace update
WARNUNG: invoked from wrong thread
Sept. 12, 2026 7:43:22 PM com.jme3.bullet.PhysicsSpace update
WARNUNG: invoked from wrong thread
Sept. 12, 2026 7:43:22 PM com.jme3.bullet.PhysicsSpace update
WARNUNG: invoked from wrong thread
Sept. 12, 2026 7:43:22 PM com.jme3.bullet.PhysicsSpace update
WARNUNG: invoked from wrong thread
Sept. 12, 2026 7:43:22 PM com.jme3.bullet.PhysicsSpace update
WARNUNG: invoked from wrong thread
Sept. 12, 2026 7:43:23 PM com.jme3.bullet.PhysicsSpace update
WARNUNG: invoked from wrong thread
Sept. 12, 2026 7:43:23 PM com.jme3.bullet.PhysicsSpace update
WARNUNG: invoked from wrong thread
Sept. 12, 2026 7:43:23 PM com.jme3.bullet.PhysicsSpace update
WARNUNG: invoked from wrong thread
Sept. 12, 2026 7:43:23 PM com.jme3.bullet.PhysicsSpace update
WARNUNG: invoked from wrong thread
Sept. 12, 2026 7:43:23 PM com.jme3.bullet.PhysicsSpace update
WARNUNG: invoked from wrong thread
Sept. 12, 2026 7:43:23 PM com.jme3.bullet.PhysicsSpace update
WARNUNG: invoked from wrong thread
Sept. 12, 2026 7:43:23 PM com.jme3.bullet.PhysicsSpace update
WARNUNG: invoked from wrong thread
Sept. 12, 2026 7:43:23 PM com.jme3.bullet.PhysicsSpace update
WARNUNG: invoked from wrong thread
Sept. 12, 2026 7:43:23 PM com.jme3.bullet.PhysicsSpace update
WARNUNG: invoked from wrong thread
Sept. 12, 2026 7:43:23 PM com.jme3.bullet.PhysicsSpace update
WARNUNG: invoked from wrong thread
Sept. 12, 2026 7:43:23 PM com.jme3.bullet.PhysicsSpace update
WARNUNG: invoked from wrong thread
Sept. 12, 2026 7:43:23 PM com.jme3.bullet.PhysicsSpace update
WARNUNG: invoked from wrong thread
Sept. 12, 2026 7:43:23 PM com.jme3.bullet.PhysicsSpace update
WARNUNG: invoked from wrong thread
Sept. 12, 2026 7:43:23 PM com.jme3.bullet.PhysicsSpace update
WARNUNG: invoked from wrong thread
Sept. 12, 2026 7:43:23 PM com.jme3.bullet.PhysicsSpace update
WARNUNG: invoked from wrong thread
Sept. 12, 2026 7:43:23 PM com.jme3.bullet.PhysicsSpace update
WARNUNG: invoked from wrong thread
Sept. 12, 2026 7:43:23 PM com.jme3.bullet.PhysicsSpace update
WARNUNG: invoked from wrong thread
Sept. 12, 2026 7:43:23 PM com.jme3.bullet.PhysicsSpace update
WARNUNG: invoked from wrong thread
Sept. 12, 2026 7:43:23 PM com.jme3.bullet.PhysicsSpace update
WARNUNG: invoked from wrong thread
Sept. 12, 2026 7:43:23 PM com.jme3.bullet.PhysicsSpace update
WARNUNG: invoked from wrong thread
Sept. 12, 2026 7:43:23 PM com.jme3.bullet.PhysicsSpace update
WARNUNG: invoked from wrong thread
Sept. 12, 2026 7:43:23 PM com.jme3.bullet.PhysicsSpace update
WARNUNG: invoked from wrong thread
Sept. 12, 2026 7:43:23 PM com.jme3.bullet.PhysicsSpace update
WARNUNG: invoked from wrong thread
Sept. 12, 2026 7:43:23 PM com.jme3.bullet.PhysicsSpace update
WARNUNG: invoked from wrong thread
Sept. 12, 2026 7:43:23 PM com.jme3.bullet.PhysicsSpace update
WARNUNG: invoked from wrong thread
Sept. 12, 2026 7:43:23 PM com.jme3.bullet.PhysicsSpace update
WARNUNG: invoked from wrong thread
Sept. 12, 2026 7:43:23 PM com.jme3.bullet.PhysicsSpace update
WARNUNG: invoked from wrong thread
Sept. 12, 2026 7:43:23 PM com.jme3.bullet.PhysicsSpace update
WARNUNG: invoked from wrong thread
Sept. 12, 2026 7:43:23 PM com.jme3.bullet.PhysicsSpace update
WARNUNG: invoked from wrong thread
Sept. 12, 2026 7:43:23 PM com.jme3.bullet.PhysicsSpace update
WARNUNG: invoked from wrong thread
Sept. 12, 2026 7:43:23 PM com.jme3.bullet.PhysicsSpace update
WARNUNG: invoked from wrong thread
Sept. 12, 2026 7:43:23 PM com.jme3.bullet.PhysicsSpace update
WARNUNG: invoked from wrong thread
Sept. 12, 2026 7:43:23 PM com.jme3.bullet.PhysicsSpace update
WARNUNG: invoked from wrong thread
Sept. 12, 2026 7:43:23 PM com.jme3.bullet.PhysicsSpace update
WARNUNG: invoked from wrong thread
Sept. 12, 2026 7:43:23 PM com.jme3.bullet.PhysicsSpace update
WARNUNG: invoked from wrong thread
Sept. 12, 2026 7:43:23 PM com.jme3.bullet.PhysicsSpace update
WARNUNG: invoked from wrong thread
Sept. 12, 2026 7:43:23 PM com.jme3.bullet.PhysicsSpace update
WARNUNG: invoked from wrong thread
Sept. 12, 2026 7:43:23 PM com.jme3.bullet.PhysicsSpace update
WARNUNG: invoked from wrong thread
Sept. 12, 2026 7:43:23 PM com.jme3.bullet.PhysicsSpace update
WARNUNG: invoked from wrong thread
Sept. 12, 2026 7:43:23 PM com.jme3.bullet.PhysicsSpace update
WARNUNG: invoked from wrong thread
Sept. 12, 2026 7:43:23 PM com.jme3.bullet.PhysicsSpace update
WARNUNG: invoked from wrong thread
Sept. 12, 2026 7:43:23 PM com.jme3.bullet.PhysicsSpace update
WARNUNG: invoked from wrong thread
Sept. 12, 2026 7:43:23 PM com.jme3.bullet.PhysicsSpace update
WARNUNG: invoked from wrong thread
Sept. 12, 2026 7:43:23 PM com.jme3.bullet.PhysicsSpace update
WARNUNG: invoked from wrong thread
Sept. 12, 2026 7:43:23 PM com.jme3.bullet.PhysicsSpace update
WARNUNG: invoked from wrong thread
Sept. 12, 2026 7:43:23 PM com.jme3.bullet.PhysicsSpace update
WARNUNG: invoked from wrong thread
Sept. 12, 2026 7:43:23 PM com.jme3.bullet.PhysicsSpace update
WARNUNG: invoked from wrong thread
Sept. 12, 2026 7:43:23 PM com.jme3.bullet.PhysicsSpace update
WARNUNG: invoked from wrong thread
Sept. 12, 2026 7:43:23 PM com.jme3.bullet.PhysicsSpace update
WARNUNG: invoked from wrong thread
Sept. 12, 2026 7:43:23 PM com.jme3.bullet.PhysicsSpace update
WARNUNG: invoked from wrong thread
Sept. 12, 2026 7:43:23 PM com.jme3.bullet.PhysicsSpace update
WARNUNG: invoked from wrong thread
Sept. 12, 2026 7:43:23 PM com.jme3.bullet.PhysicsSpace update
WARNUNG: invoked from wrong thread
Sept. 12, 2026 7:43:23 PM com.jme3.bullet.PhysicsSpace update
WARNUNG: invoked from wrong thread
Sept. 12, 2026 7:43:23 PM com.jme3.bullet.PhysicsSpace update
WARNUNG: invoked from wrong thread
Sept. 12, 2026 7:43:23 PM com.jme3.bullet.PhysicsSpace update
WARNUNG: invoked from wrong thread
Sept. 12, 2026 7:43:23 PM com.jme3.bullet.PhysicsSpace update
WARNUNG: invoked from wrong thread
Sept. 12, 2026 7:43:23 PM com.jme3.bullet.PhysicsSpace update
WARNUNG: invoked from wrong thread
Sept. 12, 2026 7:43:23 PM com.jme3.bullet.PhysicsSpace update
WARNUNG: invoked from wrong thread
Sept. 12, 2026 7:43:23 PM com.jme3.bullet.PhysicsSpace update
WARNUNG: invoked from wrong thread
Sept. 12, 2026 7:43:23 PM com.jme3.bullet.PhysicsSpace update
WARNUNG: invoked from wrong thread
Sept. 12, 2026 7:43:24 PM com.jme3.bullet.PhysicsSpace update
WARNUNG: invoked from wrong thread
Sept. 12, 2026 7:43:24 PM com.jme3.bullet.PhysicsSpace update
WARNUNG: invoked from wrong thread
Sept. 12, 2026 7:43:24 PM com.jme3.bullet.PhysicsSpace update
WARNUNG: invoked from wrong thread
Sept. 12, 2026 7:43:24 PM com.jme3.bullet.PhysicsSpace update
WARNUNG: invoked from wrong thread
Sept. 12, 2026 7:43:24 PM com.jme3.bullet.PhysicsSpace update
WARNUNG: invoked from wrong thread
Sept. 12, 2026 7:43:24 PM com.jme3.bullet.PhysicsSpace update
WARNUNG: invoked from wrong thread
Sept. 12, 2026 7:43:24 PM com.jme3.bullet.PhysicsSpace update
WARNUNG: invoked from wrong thread
Sept. 12, 2026 7:43:24 PM com.jme3.bullet.PhysicsSpace update
WARNUNG: invoked from wrong thread
Sept. 12, 2026 7:43:24 PM com.jme3.bullet.PhysicsSpace update
WARNUNG: invoked from wrong thread
Sept. 12, 2026 7:43:24 PM com.jme3.bullet.PhysicsSpace update
WARNUNG: invoked from wrong thread
Sept. 12, 2026 7:43:24 PM com.jme3.bullet.PhysicsSpace update
WARNUNG: invoked from wrong thread
Sept. 12, 2026 7:43:24 PM com.jme3.bullet.PhysicsSpace update
WARNUNG: invoked from wrong thread
Sept. 12, 2026 7:43:24 PM com.jme3.bullet.PhysicsSpace update
WARNUNG: invoked from wrong thread
Sept. 12, 2026 7:43:24 PM com.jme3.bullet.PhysicsSpace update
WARNUNG: invoked from wrong thread
Sept. 12, 2026 7:43:24 PM com.jme3.bullet.PhysicsSpace update
WARNUNG: invoked from wrong thread
Sept. 12, 2026 7:43:24 PM com.jme3.bullet.PhysicsSpace update
WARNUNG: invoked from wrong thread
Sept. 12, 2026 7:43:24 PM com.jme3.bullet.PhysicsSpace update
WARNUNG: invoked from wrong thread
Sept. 12, 2026 7:43:24 PM com.jme3.bullet.PhysicsSpace update
WARNUNG: invoked from wrong thread
Sept. 12, 2026 7:43:24 PM com.jme3.bullet.PhysicsSpace update
WARNUNG: invoked from wrong thread
Sept. 12, 2026 7:43:24 PM com.jme3.bullet.PhysicsSpace update
WARNUNG: invoked from wrong thread
Sept. 12, 2026 7:43:24 PM com.jme3.bullet.PhysicsSpace update
WARNUNG: invoked from wrong thread
Sept. 12, 2026 7:43:24 PM com.jme3.bullet.PhysicsSpace update
WARNUNG: invoked from wrong thread
Sept. 12, 2026 7:43:24 PM com.jme3.bullet.PhysicsSpace update
WARNUNG: invoked from wrong thread
Sept. 12, 2026 7:43:24 PM com.jme3.bullet.PhysicsSpace update
WARNUNG: invoked from wrong thread
Sept. 12, 2026 7:43:24 PM com.jme3.bullet.PhysicsSpace update
WARNUNG: invoked from wrong thread
Sept. 12, 2026 7:43:24 PM com.jme3.bullet.PhysicsSpace update
WARNUNG: invoked from wrong thread
Sept. 12, 2026 7:43:24 PM com.jme3.bullet.PhysicsSpace update
WARNUNG: invoked from wrong thread
Sept. 12, 2026 7:43:24 PM com.jme3.bullet.PhysicsSpace update
WARNUNG: invoked from wrong thread
Sept. 12, 2026 7:43:24 PM com.jme3.bullet.PhysicsSpace update
WARNUNG: invoked from wrong thread
Sept. 12, 2026 7:43:24 PM com.jme3.bullet.PhysicsSpace update
WARNUNG: invoked from wrong thread
Sept. 12, 2026 7:43:24 PM com.jme3.bullet.PhysicsSpace update
WARNUNG: invoked from wrong thread
Sept. 12, 2026 7:43:24 PM com.jme3.bullet.PhysicsSpace update
WARNUNG: invoked from wrong thread
Sept. 12, 2026 7:43:24 PM com.jme3.bullet.PhysicsSpace update
WARNUNG: invoked from wrong thread
Sept. 12, 2026 7:43:24 PM com.jme3.bullet.PhysicsSpace update
WARNUNG: invoked from wrong thread
Sept. 12, 2026 7:43:24 PM com.jme3.bullet.PhysicsSpace update
WARNUNG: invoked from wrong thread
[SMOKE] stage 10
Sept. 12, 2026 7:43:24 PM com.jme3.bullet.PhysicsSpace update
WARNUNG: invoked from wrong thread
Sept. 12, 2026 7:43:24 PM com.jme3.anim.SkinningControl controlRender
INFORMATION: Hardware skinning engaged for Armature.008 (Node)
Sept. 12, 2026 7:43:24 PM com.jme3.anim.SkinningControl controlRender
INFORMATION: Hardware skinning engaged for Armature.004 (Node)
Sept. 12, 2026 7:43:24 PM com.jme3.anim.SkinningControl controlRender
INFORMATION: Hardware skinning engaged for GoblinArmature (Node)
Sept. 12, 2026 7:43:24 PM com.jme3.anim.SkinningControl controlRender
INFORMATION: Hardware skinning engaged for GoblinArmature (Node)
Sept. 12, 2026 7:43:24 PM com.jme3.bullet.PhysicsSpace update
WARNUNG: invoked from wrong thread
Sept. 12, 2026 7:43:24 PM com.jme3.bullet.PhysicsSpace update
WARNUNG: invoked from wrong thread
Sept. 12, 2026 7:43:24 PM com.jme3.bullet.PhysicsSpace update
WARNUNG: invoked from wrong thread
Sept. 12, 2026 7:43:24 PM com.jme3.bullet.PhysicsSpace update
WARNUNG: invoked from wrong thread
Sept. 12, 2026 7:43:24 PM com.jme3.bullet.PhysicsSpace update
WARNUNG: invoked from wrong thread
Sept. 12, 2026 7:43:24 PM com.jme3.bullet.PhysicsSpace update
WARNUNG: invoked from wrong thread
Sept. 12, 2026 7:43:24 PM com.jme3.bullet.PhysicsSpace update
WARNUNG: invoked from wrong thread
Sept. 12, 2026 7:43:24 PM com.jme3.bullet.PhysicsSpace update
WARNUNG: invoked from wrong thread
Sept. 12, 2026 7:43:24 PM com.jme3.bullet.PhysicsSpace update
WARNUNG: invoked from wrong thread
Sept. 12, 2026 7:43:25 PM com.jme3.bullet.PhysicsSpace update
WARNUNG: invoked from wrong thread
Sept. 12, 2026 7:43:25 PM com.jme3.bullet.PhysicsSpace update
WARNUNG: invoked from wrong thread
Sept. 12, 2026 7:43:25 PM com.jme3.bullet.PhysicsSpace update
WARNUNG: invoked from wrong thread
Sept. 12, 2026 7:43:25 PM com.jme3.bullet.PhysicsSpace update
WARNUNG: invoked from wrong thread
Sept. 12, 2026 7:43:25 PM com.jme3.bullet.PhysicsSpace update
WARNUNG: invoked from wrong thread
Sept. 12, 2026 7:43:25 PM com.jme3.bullet.PhysicsSpace update
WARNUNG: invoked from wrong thread
Sept. 12, 2026 7:43:25 PM com.jme3.bullet.PhysicsSpace update
WARNUNG: invoked from wrong thread
Sept. 12, 2026 7:43:25 PM com.jme3.bullet.PhysicsSpace update
WARNUNG: invoked from wrong thread
Sept. 12, 2026 7:43:25 PM com.jme3.bullet.PhysicsSpace update
WARNUNG: invoked from wrong thread
Sept. 12, 2026 7:43:25 PM com.jme3.bullet.PhysicsSpace update
WARNUNG: invoked from wrong thread
Sept. 12, 2026 7:43:25 PM com.jme3.bullet.PhysicsSpace update
WARNUNG: invoked from wrong thread
Sept. 12, 2026 7:43:25 PM com.jme3.bullet.PhysicsSpace update
WARNUNG: invoked from wrong thread
Sept. 12, 2026 7:43:25 PM com.jme3.bullet.PhysicsSpace update
WARNUNG: invoked from wrong thread
Sept. 12, 2026 7:43:25 PM com.jme3.bullet.PhysicsSpace update
WARNUNG: invoked from wrong thread
Sept. 12, 2026 7:43:25 PM com.jme3.bullet.PhysicsSpace update
WARNUNG: invoked from wrong thread
Sept. 12, 2026 7:43:25 PM com.jme3.bullet.PhysicsSpace update
WARNUNG: invoked from wrong thread
Sept. 12, 2026 7:43:25 PM com.jme3.bullet.PhysicsSpace update
WARNUNG: invoked from wrong thread
Sept. 12, 2026 7:43:25 PM com.jme3.bullet.PhysicsSpace update
WARNUNG: invoked from wrong thread
Sept. 12, 2026 7:43:25 PM com.jme3.bullet.PhysicsSpace update
WARNUNG: invoked from wrong thread
Sept. 12, 2026 7:43:25 PM com.jme3.bullet.PhysicsSpace update
WARNUNG: invoked from wrong thread
Sept. 12, 2026 7:43:25 PM com.jme3.bullet.PhysicsSpace update
WARNUNG: invoked from wrong thread
Sept. 12, 2026 7:43:25 PM com.jme3.bullet.PhysicsSpace update
WARNUNG: invoked from wrong thread
Sept. 12, 2026 7:43:25 PM com.jme3.bullet.PhysicsSpace update
WARNUNG: invoked from wrong thread
Sept. 12, 2026 7:43:25 PM com.jme3.bullet.PhysicsSpace update
WARNUNG: invoked from wrong thread
Sept. 12, 2026 7:43:25 PM com.jme3.bullet.PhysicsSpace update
WARNUNG: invoked from wrong thread
Sept. 12, 2026 7:43:25 PM com.jme3.bullet.PhysicsSpace update
WARNUNG: invoked from wrong thread
Sept. 12, 2026 7:43:25 PM com.jme3.bullet.PhysicsSpace update
WARNUNG: invoked from wrong thread
Sept. 12, 2026 7:43:25 PM com.jme3.bullet.PhysicsSpace update
WARNUNG: invoked from wrong thread
Sept. 12, 2026 7:43:25 PM com.jme3.bullet.PhysicsSpace update
WARNUNG: invoked from wrong thread
Sept. 12, 2026 7:43:25 PM com.jme3.bullet.PhysicsSpace update
WARNUNG: invoked from wrong thread
Sept. 12, 2026 7:43:25 PM com.jme3.bullet.PhysicsSpace update
WARNUNG: invoked from wrong thread
Sept. 12, 2026 7:43:25 PM com.jme3.bullet.PhysicsSpace update
WARNUNG: invoked from wrong thread
Sept. 12, 2026 7:43:25 PM com.jme3.bullet.PhysicsSpace update
WARNUNG: invoked from wrong thread
Sept. 12, 2026 7:43:25 PM com.jme3.bullet.PhysicsSpace update
WARNUNG: invoked from wrong thread
Sept. 12, 2026 7:43:25 PM com.jme3.bullet.PhysicsSpace update
WARNUNG: invoked from wrong thread
Sept. 12, 2026 7:43:25 PM com.jme3.bullet.PhysicsSpace update
WARNUNG: invoked from wrong thread
Sept. 12, 2026 7:43:25 PM com.jme3.bullet.PhysicsSpace update
WARNUNG: invoked from wrong thread
Sept. 12, 2026 7:43:25 PM com.jme3.bullet.PhysicsSpace update
WARNUNG: invoked from wrong thread
Sept. 12, 2026 7:43:25 PM com.jme3.bullet.PhysicsSpace update
WARNUNG: invoked from wrong thread
Sept. 12, 2026 7:43:25 PM com.jme3.bullet.PhysicsSpace update
WARNUNG: invoked from wrong thread
Sept. 12, 2026 7:43:25 PM com.jme3.bullet.PhysicsSpace update
WARNUNG: invoked from wrong thread
Sept. 12, 2026 7:43:25 PM com.jme3.bullet.PhysicsSpace update
WARNUNG: invoked from wrong thread
Sept. 12, 2026 7:43:25 PM com.jme3.bullet.PhysicsSpace update
WARNUNG: invoked from wrong thread
Sept. 12, 2026 7:43:25 PM com.jme3.bullet.PhysicsSpace update
WARNUNG: invoked from wrong thread
Sept. 12, 2026 7:43:25 PM com.jme3.bullet.PhysicsSpace update
WARNUNG: invoked from wrong thread
Sept. 12, 2026 7:43:25 PM com.jme3.bullet.PhysicsSpace update
WARNUNG: invoked from wrong thread
Sept. 12, 2026 7:43:25 PM com.jme3.bullet.PhysicsSpace update
WARNUNG: invoked from wrong thread
Sept. 12, 2026 7:43:25 PM com.jme3.bullet.PhysicsSpace update
WARNUNG: invoked from wrong thread
Sept. 12, 2026 7:43:25 PM com.jme3.bullet.PhysicsSpace update
WARNUNG: invoked from wrong thread
Sept. 12, 2026 7:43:25 PM com.jme3.bullet.PhysicsSpace update
WARNUNG: invoked from wrong thread
Sept. 12, 2026 7:43:25 PM com.jme3.bullet.PhysicsSpace update
WARNUNG: invoked from wrong thread
Sept. 12, 2026 7:43:25 PM com.jme3.bullet.PhysicsSpace update
WARNUNG: invoked from wrong thread
Sept. 12, 2026 7:43:25 PM com.jme3.bullet.PhysicsSpace update
WARNUNG: invoked from wrong thread
Sept. 12, 2026 7:43:25 PM com.jme3.bullet.PhysicsSpace update
WARNUNG: invoked from wrong thread
Sept. 12, 2026 7:43:25 PM com.jme3.bullet.PhysicsSpace update
WARNUNG: invoked from wrong thread
Sept. 12, 2026 7:43:25 PM com.jme3.bullet.PhysicsSpace update
WARNUNG: invoked from wrong thread
Sept. 12, 2026 7:43:25 PM com.jme3.bullet.PhysicsSpace update
WARNUNG: invoked from wrong thread
Sept. 12, 2026 7:43:25 PM com.jme3.bullet.PhysicsSpace update
WARNUNG: invoked from wrong thread
Sept. 12, 2026 7:43:25 PM com.jme3.bullet.PhysicsSpace update
WARNUNG: invoked from wrong thread
Sept. 12, 2026 7:43:25 PM com.jme3.bullet.PhysicsSpace update
WARNUNG: invoked from wrong thread
Sept. 12, 2026 7:43:25 PM com.jme3.bullet.PhysicsSpace update
WARNUNG: invoked from wrong thread
Sept. 12, 2026 7:43:26 PM com.jme3.bullet.PhysicsSpace update
WARNUNG: invoked from wrong thread
Sept. 12, 2026 7:43:26 PM com.jme3.bullet.PhysicsSpace update
WARNUNG: invoked from wrong thread
Sept. 12, 2026 7:43:26 PM com.jme3.bullet.PhysicsSpace update
WARNUNG: invoked from wrong thread
Sept. 12, 2026 7:43:26 PM com.jme3.bullet.PhysicsSpace update
WARNUNG: invoked from wrong thread
Sept. 12, 2026 7:43:26 PM com.jme3.bullet.PhysicsSpace update
WARNUNG: invoked from wrong thread
Sept. 12, 2026 7:43:26 PM com.jme3.bullet.PhysicsSpace update
WARNUNG: invoked from wrong thread
Sept. 12, 2026 7:43:26 PM com.jme3.bullet.PhysicsSpace update
WARNUNG: invoked from wrong thread
Sept. 12, 2026 7:43:26 PM com.jme3.bullet.PhysicsSpace update
WARNUNG: invoked from wrong thread
Sept. 12, 2026 7:43:26 PM com.jme3.bullet.PhysicsSpace update
WARNUNG: invoked from wrong thread
Sept. 12, 2026 7:43:26 PM com.jme3.bullet.PhysicsSpace update
WARNUNG: invoked from wrong thread
Sept. 12, 2026 7:43:26 PM com.jme3.bullet.PhysicsSpace update
WARNUNG: invoked from wrong thread
Sept. 12, 2026 7:43:26 PM com.jme3.bullet.PhysicsSpace update
WARNUNG: invoked from wrong thread
Sept. 12, 2026 7:43:26 PM com.jme3.bullet.PhysicsSpace update
WARNUNG: invoked from wrong thread
Sept. 12, 2026 7:43:26 PM com.jme3.bullet.PhysicsSpace update
WARNUNG: invoked from wrong thread
Sept. 12, 2026 7:43:26 PM com.jme3.bullet.PhysicsSpace update
WARNUNG: invoked from wrong thread
Sept. 12, 2026 7:43:26 PM com.jme3.bullet.PhysicsSpace update
WARNUNG: invoked from wrong thread
Sept. 12, 2026 7:43:26 PM com.jme3.bullet.PhysicsSpace update
WARNUNG: invoked from wrong thread
Sept. 12, 2026 7:43:26 PM com.jme3.bullet.PhysicsSpace update
WARNUNG: invoked from wrong thread
Sept. 12, 2026 7:43:26 PM com.jme3.bullet.PhysicsSpace update
WARNUNG: invoked from wrong thread
Sept. 12, 2026 7:43:26 PM com.jme3.bullet.PhysicsSpace update
WARNUNG: invoked from wrong thread
Sept. 12, 2026 7:43:26 PM com.jme3.bullet.PhysicsSpace update
WARNUNG: invoked from wrong thread
Sept. 12, 2026 7:43:26 PM com.jme3.bullet.PhysicsSpace update
WARNUNG: invoked from wrong thread
Sept. 12, 2026 7:43:26 PM com.jme3.bullet.PhysicsSpace update
WARNUNG: invoked from wrong thread
Sept. 12, 2026 7:43:26 PM com.jme3.bullet.PhysicsSpace update
WARNUNG: invoked from wrong thread
Sept. 12, 2026 7:43:26 PM com.jme3.bullet.PhysicsSpace update
WARNUNG: invoked from wrong thread
Sept. 12, 2026 7:43:26 PM com.jme3.bullet.PhysicsSpace update
WARNUNG: invoked from wrong thread
Sept. 12, 2026 7:43:26 PM com.jme3.bullet.PhysicsSpace update
WARNUNG: invoked from wrong thread
Sept. 12, 2026 7:43:26 PM com.jme3.bullet.PhysicsSpace update
WARNUNG: invoked from wrong thread
Sept. 12, 2026 7:43:26 PM com.jme3.bullet.PhysicsSpace update
WARNUNG: invoked from wrong thread
Sept. 12, 2026 7:43:26 PM com.jme3.bullet.PhysicsSpace update
WARNUNG: invoked from wrong thread
Sept. 12, 2026 7:43:26 PM com.jme3.bullet.PhysicsSpace update
WARNUNG: invoked from wrong thread
Sept. 12, 2026 7:43:26 PM com.jme3.bullet.PhysicsSpace update
WARNUNG: invoked from wrong thread
Sept. 12, 2026 7:43:26 PM com.jme3.bullet.PhysicsSpace update
WARNUNG: invoked from wrong thread
Sept. 12, 2026 7:43:26 PM com.jme3.bullet.PhysicsSpace update
WARNUNG: invoked from wrong thread
Sept. 12, 2026 7:43:26 PM com.jme3.bullet.PhysicsSpace update
WARNUNG: invoked from wrong thread
Sept. 12, 2026 7:43:26 PM com.jme3.bullet.PhysicsSpace update
WARNUNG: invoked from wrong thread
Sept. 12, 2026 7:43:26 PM com.jme3.bullet.PhysicsSpace update
WARNUNG: invoked from wrong thread
Sept. 12, 2026 7:43:26 PM com.jme3.bullet.PhysicsSpace update
WARNUNG: invoked from wrong thread
Sept. 12, 2026 7:43:26 PM com.jme3.bullet.PhysicsSpace update
WARNUNG: invoked from wrong thread
Sept. 12, 2026 7:43:26 PM com.jme3.bullet.PhysicsSpace update
WARNUNG: invoked from wrong thread
Sept. 12, 2026 7:43:26 PM com.jme3.bullet.PhysicsSpace update
WARNUNG: invoked from wrong thread
Sept. 12, 2026 7:43:26 PM com.jme3.bullet.PhysicsSpace update
WARNUNG: invoked from wrong thread
Sept. 12, 2026 7:43:26 PM com.jme3.bullet.PhysicsSpace update
WARNUNG: invoked from wrong thread
Sept. 12, 2026 7:43:26 PM com.jme3.bullet.PhysicsSpace update
WARNUNG: invoked from wrong thread
Sept. 12, 2026 7:43:26 PM com.jme3.bullet.PhysicsSpace update
WARNUNG: invoked from wrong thread
Sept. 12, 2026 7:43:26 PM com.jme3.bullet.PhysicsSpace update
WARNUNG: invoked from wrong thread
Sept. 12, 2026 7:43:26 PM com.jme3.bullet.PhysicsSpace update
WARNUNG: invoked from wrong thread
Sept. 12, 2026 7:43:26 PM com.jme3.bullet.PhysicsSpace update
WARNUNG: invoked from wrong thread
Sept. 12, 2026 7:43:26 PM com.jme3.bullet.PhysicsSpace update
WARNUNG: invoked from wrong thread
Sept. 12, 2026 7:43:26 PM com.jme3.bullet.PhysicsSpace update
WARNUNG: invoked from wrong thread
Sept. 12, 2026 7:43:26 PM com.jme3.bullet.PhysicsSpace update
WARNUNG: invoked from wrong thread
Sept. 12, 2026 7:43:26 PM com.jme3.bullet.PhysicsSpace update
WARNUNG: invoked from wrong thread
Sept. 12, 2026 7:43:26 PM com.jme3.bullet.PhysicsSpace update
WARNUNG: invoked from wrong thread
Sept. 12, 2026 7:43:26 PM com.jme3.bullet.PhysicsSpace update
WARNUNG: invoked from wrong thread
Sept. 12, 2026 7:43:26 PM com.jme3.bullet.PhysicsSpace update
WARNUNG: invoked from wrong thread
Sept. 12, 2026 7:43:26 PM com.jme3.bullet.PhysicsSpace update
WARNUNG: invoked from wrong thread
Sept. 12, 2026 7:43:26 PM com.jme3.bullet.PhysicsSpace update
WARNUNG: invoked from wrong thread
Sept. 12, 2026 7:43:26 PM com.jme3.bullet.PhysicsSpace update
WARNUNG: invoked from wrong thread
Sept. 12, 2026 7:43:26 PM com.jme3.bullet.PhysicsSpace update
WARNUNG: invoked from wrong thread
Sept. 12, 2026 7:43:26 PM com.jme3.bullet.PhysicsSpace update
WARNUNG: invoked from wrong thread
Sept. 12, 2026 7:43:27 PM com.jme3.bullet.PhysicsSpace update
WARNUNG: invoked from wrong thread
Sept. 12, 2026 7:43:27 PM com.jme3.bullet.PhysicsSpace update
WARNUNG: invoked from wrong thread
Sept. 12, 2026 7:43:27 PM com.jme3.bullet.PhysicsSpace update
WARNUNG: invoked from wrong thread
Sept. 12, 2026 7:43:27 PM com.jme3.bullet.PhysicsSpace update
WARNUNG: invoked from wrong thread
Sept. 12, 2026 7:43:27 PM com.jme3.bullet.PhysicsSpace update
WARNUNG: invoked from wrong thread
Sept. 12, 2026 7:43:27 PM com.jme3.bullet.PhysicsSpace update
WARNUNG: invoked from wrong thread
[SMOKE] stage 11
[GAME] Spiel gespeichert.
Sept. 12, 2026 7:43:27 PM com.jme3.bullet.PhysicsSpace update
WARNUNG: invoked from wrong thread
Sept. 12, 2026 7:43:27 PM com.jme3.bullet.PhysicsSpace update
WARNUNG: invoked from wrong thread
Sept. 12, 2026 7:43:27 PM com.jme3.bullet.PhysicsSpace update
WARNUNG: invoked from wrong thread
Sept. 12, 2026 7:43:27 PM com.jme3.bullet.PhysicsSpace update
WARNUNG: invoked from wrong thread
Sept. 12, 2026 7:43:27 PM com.jme3.bullet.PhysicsSpace update
WARNUNG: invoked from wrong thread
Sept. 12, 2026 7:43:27 PM com.jme3.bullet.PhysicsSpace update
WARNUNG: invoked from wrong thread
Sept. 12, 2026 7:43:27 PM com.jme3.bullet.PhysicsSpace update
WARNUNG: invoked from wrong thread
Sept. 12, 2026 7:43:27 PM com.jme3.bullet.PhysicsSpace update
WARNUNG: invoked from wrong thread
Sept. 12, 2026 7:43:27 PM com.jme3.bullet.PhysicsSpace update
WARNUNG: invoked from wrong thread
Sept. 12, 2026 7:43:27 PM com.jme3.bullet.PhysicsSpace update
WARNUNG: invoked from wrong thread
Sept. 12, 2026 7:43:27 PM com.jme3.bullet.PhysicsSpace update
WARNUNG: invoked from wrong thread
Sept. 12, 2026 7:43:27 PM com.jme3.bullet.PhysicsSpace update
WARNUNG: invoked from wrong thread
Sept. 12, 2026 7:43:27 PM com.jme3.bullet.PhysicsSpace update
WARNUNG: invoked from wrong thread
Sept. 12, 2026 7:43:27 PM com.jme3.bullet.PhysicsSpace update
WARNUNG: invoked from wrong thread
Sept. 12, 2026 7:43:27 PM com.jme3.bullet.PhysicsSpace update
WARNUNG: invoked from wrong thread
Sept. 12, 2026 7:43:27 PM com.jme3.bullet.PhysicsSpace update
WARNUNG: invoked from wrong thread
Sept. 12, 2026 7:43:27 PM com.jme3.bullet.PhysicsSpace update
WARNUNG: invoked from wrong thread
Sept. 12, 2026 7:43:27 PM com.jme3.bullet.PhysicsSpace update
WARNUNG: invoked from wrong thread
Sept. 12, 2026 7:43:27 PM com.jme3.bullet.PhysicsSpace update
WARNUNG: invoked from wrong thread
Sept. 12, 2026 7:43:27 PM com.jme3.bullet.PhysicsSpace update
WARNUNG: invoked from wrong thread
Sept. 12, 2026 7:43:27 PM com.jme3.bullet.PhysicsSpace update
WARNUNG: invoked from wrong thread
Sept. 12, 2026 7:43:27 PM com.jme3.bullet.PhysicsSpace update
WARNUNG: invoked from wrong thread
Sept. 12, 2026 7:43:27 PM com.jme3.bullet.PhysicsSpace update
WARNUNG: invoked from wrong thread
Sept. 12, 2026 7:43:27 PM com.jme3.bullet.PhysicsSpace update
WARNUNG: invoked from wrong thread
Sept. 12, 2026 7:43:27 PM com.jme3.bullet.PhysicsSpace update
WARNUNG: invoked from wrong thread
Sept. 12, 2026 7:43:27 PM com.jme3.bullet.PhysicsSpace update
WARNUNG: invoked from wrong thread
Sept. 12, 2026 7:43:27 PM com.jme3.bullet.PhysicsSpace update
WARNUNG: invoked from wrong thread
Sept. 12, 2026 7:43:27 PM com.jme3.bullet.PhysicsSpace update
WARNUNG: invoked from wrong thread
Sept. 12, 2026 7:43:27 PM com.jme3.bullet.PhysicsSpace update
WARNUNG: invoked from wrong thread
Sept. 12, 2026 7:43:27 PM com.jme3.bullet.PhysicsSpace update
WARNUNG: invoked from wrong thread
Sept. 12, 2026 7:43:27 PM com.jme3.bullet.PhysicsSpace update
WARNUNG: invoked from wrong thread
Sept. 12, 2026 7:43:27 PM com.jme3.bullet.PhysicsSpace update
WARNUNG: invoked from wrong thread
Sept. 12, 2026 7:43:27 PM com.jme3.bullet.PhysicsSpace update
WARNUNG: invoked from wrong thread
Sept. 12, 2026 7:43:27 PM com.jme3.bullet.PhysicsSpace update
WARNUNG: invoked from wrong thread
Sept. 12, 2026 7:43:27 PM com.jme3.bullet.PhysicsSpace update
WARNUNG: invoked from wrong thread
Sept. 12, 2026 7:43:27 PM com.jme3.bullet.PhysicsSpace update
WARNUNG: invoked from wrong thread
Sept. 12, 2026 7:43:27 PM com.jme3.bullet.PhysicsSpace update
WARNUNG: invoked from wrong thread
Sept. 12, 2026 7:43:27 PM com.jme3.bullet.PhysicsSpace update
WARNUNG: invoked from wrong thread
Sept. 12, 2026 7:43:27 PM com.jme3.bullet.PhysicsSpace update
WARNUNG: invoked from wrong thread
Sept. 12, 2026 7:43:27 PM com.jme3.bullet.PhysicsSpace update
WARNUNG: invoked from wrong thread
Sept. 12, 2026 7:43:27 PM com.jme3.bullet.PhysicsSpace update
WARNUNG: invoked from wrong thread
Sept. 12, 2026 7:43:27 PM com.jme3.bullet.PhysicsSpace update
WARNUNG: invoked from wrong thread
Sept. 12, 2026 7:43:27 PM com.jme3.bullet.PhysicsSpace update
WARNUNG: invoked from wrong thread
Sept. 12, 2026 7:43:27 PM com.jme3.bullet.PhysicsSpace update
WARNUNG: invoked from wrong thread
Sept. 12, 2026 7:43:27 PM com.jme3.bullet.PhysicsSpace update
WARNUNG: invoked from wrong thread
Sept. 12, 2026 7:43:27 PM com.jme3.bullet.PhysicsSpace update
WARNUNG: invoked from wrong thread
Sept. 12, 2026 7:43:27 PM com.jme3.bullet.PhysicsSpace update
WARNUNG: invoked from wrong thread
Sept. 12, 2026 7:43:27 PM com.jme3.bullet.PhysicsSpace update
WARNUNG: invoked from wrong thread
Sept. 12, 2026 7:43:27 PM com.jme3.bullet.PhysicsSpace update
WARNUNG: invoked from wrong thread
Sept. 12, 2026 7:43:27 PM com.jme3.bullet.PhysicsSpace update
WARNUNG: invoked from wrong thread
Sept. 12, 2026 7:43:27 PM com.jme3.bullet.PhysicsSpace update
WARNUNG: invoked from wrong thread
Sept. 12, 2026 7:43:27 PM com.jme3.bullet.PhysicsSpace update
WARNUNG: invoked from wrong thread
Sept. 12, 2026 7:43:27 PM com.jme3.bullet.PhysicsSpace update
WARNUNG: invoked from wrong thread
Sept. 12, 2026 7:43:27 PM com.jme3.bullet.PhysicsSpace update
WARNUNG: invoked from wrong thread
Sept. 12, 2026 7:43:28 PM com.jme3.bullet.PhysicsSpace update
WARNUNG: invoked from wrong thread
Sept. 12, 2026 7:43:28 PM com.jme3.bullet.PhysicsSpace update
WARNUNG: invoked from wrong thread
Sept. 12, 2026 7:43:28 PM com.jme3.bullet.PhysicsSpace update
WARNUNG: invoked from wrong thread
Sept. 12, 2026 7:43:28 PM com.jme3.bullet.PhysicsSpace update
WARNUNG: invoked from wrong thread
Sept. 12, 2026 7:43:28 PM com.jme3.bullet.PhysicsSpace update
WARNUNG: invoked from wrong thread
Sept. 12, 2026 7:43:28 PM com.jme3.bullet.PhysicsSpace update
WARNUNG: invoked from wrong thread
Sept. 12, 2026 7:43:28 PM com.jme3.bullet.PhysicsSpace update
WARNUNG: invoked from wrong thread
Sept. 12, 2026 7:43:28 PM com.jme3.bullet.PhysicsSpace update
WARNUNG: invoked from wrong thread
Sept. 12, 2026 7:43:28 PM com.jme3.bullet.PhysicsSpace update
WARNUNG: invoked from wrong thread
Sept. 12, 2026 7:43:28 PM com.jme3.bullet.PhysicsSpace update
WARNUNG: invoked from wrong thread
Sept. 12, 2026 7:43:28 PM com.jme3.bullet.PhysicsSpace update
WARNUNG: invoked from wrong thread
Sept. 12, 2026 7:43:28 PM com.jme3.bullet.PhysicsSpace update
WARNUNG: invoked from wrong thread
Sept. 12, 2026 7:43:28 PM com.jme3.bullet.PhysicsSpace update
WARNUNG: invoked from wrong thread
Sept. 12, 2026 7:43:28 PM com.jme3.bullet.PhysicsSpace update
WARNUNG: invoked from wrong thread
Sept. 12, 2026 7:43:28 PM com.jme3.bullet.PhysicsSpace update
WARNUNG: invoked from wrong thread
Sept. 12, 2026 7:43:28 PM com.jme3.bullet.PhysicsSpace update
WARNUNG: invoked from wrong thread
Sept. 12, 2026 7:43:28 PM com.jme3.bullet.PhysicsSpace update
WARNUNG: invoked from wrong thread
Sept. 12, 2026 7:43:28 PM com.jme3.bullet.PhysicsSpace update
WARNUNG: invoked from wrong thread
Sept. 12, 2026 7:43:28 PM com.jme3.bullet.PhysicsSpace update
WARNUNG: invoked from wrong thread
Sept. 12, 2026 7:43:28 PM com.jme3.bullet.PhysicsSpace update
WARNUNG: invoked from wrong thread
Sept. 12, 2026 7:43:28 PM com.jme3.bullet.PhysicsSpace update
WARNUNG: invoked from wrong thread
Sept. 12, 2026 7:43:28 PM com.jme3.bullet.PhysicsSpace update
WARNUNG: invoked from wrong thread
Sept. 12, 2026 7:43:28 PM com.jme3.bullet.PhysicsSpace update
WARNUNG: invoked from wrong thread
Sept. 12, 2026 7:43:28 PM com.jme3.bullet.PhysicsSpace update
WARNUNG: invoked from wrong thread
Sept. 12, 2026 7:43:28 PM com.jme3.bullet.PhysicsSpace update
WARNUNG: invoked from wrong thread
Sept. 12, 2026 7:43:28 PM com.jme3.bullet.PhysicsSpace update
WARNUNG: invoked from wrong thread
Sept. 12, 2026 7:43:28 PM com.jme3.bullet.PhysicsSpace update
WARNUNG: invoked from wrong thread
Sept. 12, 2026 7:43:28 PM com.jme3.bullet.PhysicsSpace update
WARNUNG: invoked from wrong thread
Sept. 12, 2026 7:43:28 PM com.jme3.bullet.PhysicsSpace update
WARNUNG: invoked from wrong thread
Sept. 12, 2026 7:43:28 PM com.jme3.bullet.PhysicsSpace update
WARNUNG: invoked from wrong thread
Sept. 12, 2026 7:43:28 PM com.jme3.bullet.PhysicsSpace update
WARNUNG: invoked from wrong thread
Sept. 12, 2026 7:43:28 PM com.jme3.bullet.PhysicsSpace update
WARNUNG: invoked from wrong thread
Sept. 12, 2026 7:43:28 PM com.jme3.bullet.PhysicsSpace update
WARNUNG: invoked from wrong thread
Sept. 12, 2026 7:43:28 PM com.jme3.bullet.PhysicsSpace update
WARNUNG: invoked from wrong thread
Sept. 12, 2026 7:43:28 PM com.jme3.bullet.PhysicsSpace update
WARNUNG: invoked from wrong thread
Sept. 12, 2026 7:43:28 PM com.jme3.bullet.PhysicsSpace update
WARNUNG: invoked from wrong thread
Sept. 12, 2026 7:43:28 PM com.jme3.bullet.PhysicsSpace update
WARNUNG: invoked from wrong thread
Sept. 12, 2026 7:43:28 PM com.jme3.bullet.PhysicsSpace update
WARNUNG: invoked from wrong thread
Sept. 12, 2026 7:43:28 PM com.jme3.bullet.PhysicsSpace update
WARNUNG: invoked from wrong thread
Sept. 12, 2026 7:43:28 PM com.jme3.bullet.PhysicsSpace update
WARNUNG: invoked from wrong thread
Sept. 12, 2026 7:43:28 PM com.jme3.bullet.PhysicsSpace update
WARNUNG: invoked from wrong thread
Sept. 12, 2026 7:43:28 PM com.jme3.bullet.PhysicsSpace update
WARNUNG: invoked from wrong thread
Sept. 12, 2026 7:43:28 PM com.jme3.bullet.PhysicsSpace update
WARNUNG: invoked from wrong thread
Sept. 12, 2026 7:43:28 PM com.jme3.bullet.PhysicsSpace update
WARNUNG: invoked from wrong thread
Sept. 12, 2026 7:43:28 PM com.jme3.bullet.PhysicsSpace update
WARNUNG: invoked from wrong thread
Sept. 12, 2026 7:43:28 PM com.jme3.bullet.PhysicsSpace update
WARNUNG: invoked from wrong thread
Sept. 12, 2026 7:43:28 PM com.jme3.bullet.PhysicsSpace update
WARNUNG: invoked from wrong thread
Sept. 12, 2026 7:43:28 PM com.jme3.bullet.PhysicsSpace update
WARNUNG: invoked from wrong thread
Sept. 12, 2026 7:43:28 PM com.jme3.bullet.PhysicsSpace update
WARNUNG: invoked from wrong thread
Sept. 12, 2026 7:43:28 PM com.jme3.bullet.PhysicsSpace update
WARNUNG: invoked from wrong thread
Sept. 12, 2026 7:43:28 PM com.jme3.bullet.PhysicsSpace update
WARNUNG: invoked from wrong thread
Sept. 12, 2026 7:43:28 PM com.jme3.bullet.PhysicsSpace update
WARNUNG: invoked from wrong thread
Sept. 12, 2026 7:43:28 PM com.jme3.bullet.PhysicsSpace update
WARNUNG: invoked from wrong thread
Sept. 12, 2026 7:43:28 PM com.jme3.bullet.PhysicsSpace update
WARNUNG: invoked from wrong thread
Sept. 12, 2026 7:43:28 PM com.jme3.bullet.PhysicsSpace update
WARNUNG: invoked from wrong thread
Sept. 12, 2026 7:43:28 PM com.jme3.bullet.PhysicsSpace update
WARNUNG: invoked from wrong thread
Sept. 12, 2026 7:43:28 PM com.jme3.bullet.PhysicsSpace update
WARNUNG: invoked from wrong thread
Sept. 12, 2026 7:43:28 PM com.jme3.bullet.PhysicsSpace update
WARNUNG: invoked from wrong thread
Sept. 12, 2026 7:43:28 PM com.jme3.bullet.PhysicsSpace update
WARNUNG: invoked from wrong thread
Sept. 12, 2026 7:43:28 PM com.jme3.bullet.PhysicsSpace update
WARNUNG: invoked from wrong thread
Sept. 12, 2026 7:43:29 PM com.jme3.bullet.PhysicsSpace update
WARNUNG: invoked from wrong thread
Sept. 12, 2026 7:43:29 PM com.jme3.bullet.PhysicsSpace update
WARNUNG: invoked from wrong thread
Sept. 12, 2026 7:43:29 PM com.jme3.bullet.PhysicsSpace update
WARNUNG: invoked from wrong thread
Sept. 12, 2026 7:43:29 PM com.jme3.bullet.PhysicsSpace update
WARNUNG: invoked from wrong thread
Sept. 12, 2026 7:43:29 PM com.jme3.bullet.PhysicsSpace update
WARNUNG: invoked from wrong thread
Sept. 12, 2026 7:43:29 PM com.jme3.bullet.PhysicsSpace update
WARNUNG: invoked from wrong thread
Sept. 12, 2026 7:43:29 PM com.jme3.bullet.PhysicsSpace update
WARNUNG: invoked from wrong thread
Sept. 12, 2026 7:43:29 PM com.jme3.bullet.PhysicsSpace update
WARNUNG: invoked from wrong thread
Sept. 12, 2026 7:43:29 PM com.jme3.bullet.PhysicsSpace update
WARNUNG: invoked from wrong thread
Sept. 12, 2026 7:43:29 PM com.jme3.bullet.PhysicsSpace update
WARNUNG: invoked from wrong thread
Sept. 12, 2026 7:43:29 PM com.jme3.bullet.PhysicsSpace update
WARNUNG: invoked from wrong thread
Sept. 12, 2026 7:43:29 PM com.jme3.bullet.PhysicsSpace update
WARNUNG: invoked from wrong thread
Sept. 12, 2026 7:43:29 PM com.jme3.bullet.PhysicsSpace update
WARNUNG: invoked from wrong thread
Sept. 12, 2026 7:43:29 PM com.jme3.bullet.PhysicsSpace update
WARNUNG: invoked from wrong thread
Sept. 12, 2026 7:43:29 PM com.jme3.bullet.PhysicsSpace update
WARNUNG: invoked from wrong thread
Sept. 12, 2026 7:43:29 PM com.jme3.bullet.PhysicsSpace update
WARNUNG: invoked from wrong thread
Sept. 12, 2026 7:43:29 PM com.jme3.bullet.PhysicsSpace update
WARNUNG: invoked from wrong thread
Sept. 12, 2026 7:43:29 PM com.jme3.bullet.PhysicsSpace update
WARNUNG: invoked from wrong thread
Sept. 12, 2026 7:43:29 PM com.jme3.bullet.PhysicsSpace update
WARNUNG: invoked from wrong thread
Sept. 12, 2026 7:43:29 PM com.jme3.bullet.PhysicsSpace update
WARNUNG: invoked from wrong thread
Sept. 12, 2026 7:43:29 PM com.jme3.bullet.PhysicsSpace update
WARNUNG: invoked from wrong thread
Sept. 12, 2026 7:43:29 PM com.jme3.bullet.PhysicsSpace update
WARNUNG: invoked from wrong thread
Sept. 12, 2026 7:43:29 PM com.jme3.bullet.PhysicsSpace update
WARNUNG: invoked from wrong thread
Sept. 12, 2026 7:43:29 PM com.jme3.bullet.PhysicsSpace update
WARNUNG: invoked from wrong thread
Sept. 12, 2026 7:43:29 PM com.jme3.bullet.PhysicsSpace update
WARNUNG: invoked from wrong thread
Sept. 12, 2026 7:43:29 PM com.jme3.bullet.PhysicsSpace update
WARNUNG: invoked from wrong thread
Sept. 12, 2026 7:43:29 PM com.jme3.bullet.PhysicsSpace update
WARNUNG: invoked from wrong thread
Sept. 12, 2026 7:43:29 PM com.jme3.bullet.PhysicsSpace update
WARNUNG: invoked from wrong thread
Sept. 12, 2026 7:43:29 PM com.jme3.bullet.PhysicsSpace update
WARNUNG: invoked from wrong thread
Sept. 12, 2026 7:43:29 PM com.jme3.bullet.PhysicsSpace update
WARNUNG: invoked from wrong thread
Sept. 12, 2026 7:43:29 PM com.jme3.bullet.PhysicsSpace update
WARNUNG: invoked from wrong thread
Sept. 12, 2026 7:43:29 PM com.jme3.bullet.PhysicsSpace update
WARNUNG: invoked from wrong thread
Sept. 12, 2026 7:43:29 PM com.jme3.bullet.PhysicsSpace update
WARNUNG: invoked from wrong thread
Sept. 12, 2026 7:43:29 PM com.jme3.bullet.PhysicsSpace update
WARNUNG: invoked from wrong thread
Sept. 12, 2026 7:43:29 PM com.jme3.bullet.PhysicsSpace update
WARNUNG: invoked from wrong thread
Sept. 12, 2026 7:43:29 PM com.jme3.bullet.PhysicsSpace update
WARNUNG: invoked from wrong thread
[SMOKE] stage 12
[GAME] Spielstand geladen.
Sept. 12, 2026 7:43:29 PM com.jme3.anim.SkinningControl controlRender
INFORMATION: Hardware skinning engaged for Armature.008 (Node)
Sept. 12, 2026 7:43:29 PM com.jme3.anim.SkinningControl controlRender
INFORMATION: Hardware skinning engaged for Armature.004 (Node)
Sept. 12, 2026 7:43:29 PM com.jme3.anim.SkinningControl controlRender
INFORMATION: Hardware skinning engaged for GoblinArmature (Node)
Sept. 12, 2026 7:43:29 PM com.jme3.anim.SkinningControl controlRender
INFORMATION: Hardware skinning engaged for GoblinArmature (Node)
[SMOKE] stage 13
[GAME] Willkommen im Ödland. Folge dem Feuer zu Mira. [E]
[CHECK] A new campaign must not respawn into the previous save
Sept. 12, 2026 7:43:32 PM com.jme3.bullet.PhysicsSpace update
WARNUNG: invoked from wrong thread
Sept. 12, 2026 7:43:32 PM com.jme3.anim.SkinningControl controlRender
INFORMATION: Hardware skinning engaged for Armature.008 (Node)
Sept. 12, 2026 7:43:32 PM com.jme3.anim.SkinningControl controlRender
INFORMATION: Hardware skinning engaged for Armature.004 (Node)
Sept. 12, 2026 7:43:32 PM com.jme3.anim.SkinningControl controlRender
INFORMATION: Hardware skinning engaged for GoblinArmature (Node)
Sept. 12, 2026 7:43:32 PM com.jme3.anim.SkinningControl controlRender
INFORMATION: Hardware skinning engaged for GoblinArmature (Node)
Sept. 12, 2026 7:43:32 PM com.jme3.bullet.PhysicsSpace update
WARNUNG: invoked from wrong thread
Sept. 12, 2026 7:43:32 PM com.jme3.bullet.PhysicsSpace update
WARNUNG: invoked from wrong thread
Sept. 12, 2026 7:43:32 PM com.jme3.bullet.PhysicsSpace update
WARNUNG: invoked from wrong thread
Sept. 12, 2026 7:43:32 PM com.jme3.bullet.PhysicsSpace update
WARNUNG: invoked from wrong thread
Sept. 12, 2026 7:43:32 PM com.jme3.bullet.PhysicsSpace update
WARNUNG: invoked from wrong thread
Sept. 12, 2026 7:43:32 PM com.jme3.bullet.PhysicsSpace update
WARNUNG: invoked from wrong thread
Sept. 12, 2026 7:43:32 PM com.jme3.bullet.PhysicsSpace update
WARNUNG: invoked from wrong thread
Sept. 12, 2026 7:43:32 PM com.jme3.bullet.PhysicsSpace update
WARNUNG: invoked from wrong thread
Sept. 12, 2026 7:43:32 PM com.jme3.bullet.PhysicsSpace update
WARNUNG: invoked from wrong thread
Sept. 12, 2026 7:43:32 PM com.jme3.bullet.PhysicsSpace update
WARNUNG: invoked from wrong thread
Sept. 12, 2026 7:43:32 PM com.jme3.bullet.PhysicsSpace update
WARNUNG: invoked from wrong thread
Sept. 12, 2026 7:43:32 PM com.jme3.bullet.PhysicsSpace update
WARNUNG: invoked from wrong thread
Sept. 12, 2026 7:43:32 PM com.jme3.bullet.PhysicsSpace update
WARNUNG: invoked from wrong thread
Sept. 12, 2026 7:43:32 PM com.jme3.bullet.PhysicsSpace update
WARNUNG: invoked from wrong thread
Sept. 12, 2026 7:43:32 PM com.jme3.bullet.PhysicsSpace update
WARNUNG: invoked from wrong thread
Sept. 12, 2026 7:43:32 PM com.jme3.bullet.PhysicsSpace update
WARNUNG: invoked from wrong thread
Sept. 12, 2026 7:43:32 PM com.jme3.bullet.PhysicsSpace update
WARNUNG: invoked from wrong thread
Sept. 12, 2026 7:43:32 PM com.jme3.bullet.PhysicsSpace update
WARNUNG: invoked from wrong thread
Sept. 12, 2026 7:43:32 PM com.jme3.bullet.PhysicsSpace update
WARNUNG: invoked from wrong thread
Sept. 12, 2026 7:43:32 PM com.jme3.bullet.PhysicsSpace update
WARNUNG: invoked from wrong thread
Sept. 12, 2026 7:43:32 PM com.jme3.bullet.PhysicsSpace update
WARNUNG: invoked from wrong thread
Sept. 12, 2026 7:43:32 PM com.jme3.bullet.PhysicsSpace update
WARNUNG: invoked from wrong thread
Sept. 12, 2026 7:43:32 PM com.jme3.bullet.PhysicsSpace update
WARNUNG: invoked from wrong thread
Sept. 12, 2026 7:43:32 PM com.jme3.bullet.PhysicsSpace update
WARNUNG: invoked from wrong thread
Sept. 12, 2026 7:43:32 PM com.jme3.bullet.PhysicsSpace update
WARNUNG: invoked from wrong thread
Sept. 12, 2026 7:43:32 PM com.jme3.bullet.PhysicsSpace update
WARNUNG: invoked from wrong thread
Sept. 12, 2026 7:43:32 PM com.jme3.bullet.PhysicsSpace update
WARNUNG: invoked from wrong thread
Sept. 12, 2026 7:43:32 PM com.jme3.bullet.PhysicsSpace update
WARNUNG: invoked from wrong thread
Sept. 12, 2026 7:43:32 PM com.jme3.bullet.PhysicsSpace update
WARNUNG: invoked from wrong thread
Sept. 12, 2026 7:43:32 PM com.jme3.bullet.PhysicsSpace update
WARNUNG: invoked from wrong thread
Sept. 12, 2026 7:43:32 PM com.jme3.bullet.PhysicsSpace update
WARNUNG: invoked from wrong thread
Sept. 12, 2026 7:43:32 PM com.jme3.bullet.PhysicsSpace update
WARNUNG: invoked from wrong thread
Sept. 12, 2026 7:43:33 PM com.jme3.bullet.PhysicsSpace update
WARNUNG: invoked from wrong thread
Sept. 12, 2026 7:43:33 PM com.jme3.bullet.PhysicsSpace update
WARNUNG: invoked from wrong thread
Sept. 12, 2026 7:43:33 PM com.jme3.bullet.PhysicsSpace update
WARNUNG: invoked from wrong thread
Sept. 12, 2026 7:43:33 PM com.jme3.bullet.PhysicsSpace update
WARNUNG: invoked from wrong thread
Sept. 12, 2026 7:43:33 PM com.jme3.bullet.PhysicsSpace update
WARNUNG: invoked from wrong thread
Sept. 12, 2026 7:43:33 PM com.jme3.bullet.PhysicsSpace update
WARNUNG: invoked from wrong thread
Sept. 12, 2026 7:43:33 PM com.jme3.bullet.PhysicsSpace update
WARNUNG: invoked from wrong thread
Sept. 12, 2026 7:43:33 PM com.jme3.bullet.PhysicsSpace update
WARNUNG: invoked from wrong thread
Sept. 12, 2026 7:43:33 PM com.jme3.bullet.PhysicsSpace update
WARNUNG: invoked from wrong thread
Sept. 12, 2026 7:43:33 PM com.jme3.bullet.PhysicsSpace update
WARNUNG: invoked from wrong thread
Sept. 12, 2026 7:43:33 PM com.jme3.bullet.PhysicsSpace update
WARNUNG: invoked from wrong thread
Sept. 12, 2026 7:43:33 PM com.jme3.bullet.PhysicsSpace update
WARNUNG: invoked from wrong thread
Sept. 12, 2026 7:43:33 PM com.jme3.bullet.PhysicsSpace update
WARNUNG: invoked from wrong thread
Sept. 12, 2026 7:43:33 PM com.jme3.bullet.PhysicsSpace update
WARNUNG: invoked from wrong thread
Sept. 12, 2026 7:43:33 PM com.jme3.bullet.PhysicsSpace update
WARNUNG: invoked from wrong thread
Sept. 12, 2026 7:43:33 PM com.jme3.bullet.PhysicsSpace update
WARNUNG: invoked from wrong thread
Sept. 12, 2026 7:43:33 PM com.jme3.bullet.PhysicsSpace update
WARNUNG: invoked from wrong thread
Sept. 12, 2026 7:43:33 PM com.jme3.bullet.PhysicsSpace update
WARNUNG: invoked from wrong thread
Sept. 12, 2026 7:43:33 PM com.jme3.bullet.PhysicsSpace update
WARNUNG: invoked from wrong thread
Sept. 12, 2026 7:43:33 PM com.jme3.bullet.PhysicsSpace update
WARNUNG: invoked from wrong thread
Sept. 12, 2026 7:43:33 PM com.jme3.bullet.PhysicsSpace update
WARNUNG: invoked from wrong thread
Sept. 12, 2026 7:43:33 PM com.jme3.bullet.PhysicsSpace update
WARNUNG: invoked from wrong thread
Sept. 12, 2026 7:43:33 PM com.jme3.bullet.PhysicsSpace update
WARNUNG: invoked from wrong thread
Sept. 12, 2026 7:43:33 PM com.jme3.bullet.PhysicsSpace update
WARNUNG: invoked from wrong thread
Sept. 12, 2026 7:43:33 PM com.jme3.bullet.PhysicsSpace update
WARNUNG: invoked from wrong thread
Sept. 12, 2026 7:43:33 PM com.jme3.bullet.PhysicsSpace update
WARNUNG: invoked from wrong thread
Sept. 12, 2026 7:43:33 PM com.jme3.bullet.PhysicsSpace update
WARNUNG: invoked from wrong thread
Sept. 12, 2026 7:43:33 PM com.jme3.bullet.PhysicsSpace update
WARNUNG: invoked from wrong thread
Sept. 12, 2026 7:43:33 PM com.jme3.bullet.PhysicsSpace update
WARNUNG: invoked from wrong thread
Sept. 12, 2026 7:43:33 PM com.jme3.bullet.PhysicsSpace update
WARNUNG: invoked from wrong thread
Sept. 12, 2026 7:43:33 PM com.jme3.bullet.PhysicsSpace update
WARNUNG: invoked from wrong thread
Sept. 12, 2026 7:43:33 PM com.jme3.bullet.PhysicsSpace update
WARNUNG: invoked from wrong thread
Sept. 12, 2026 7:43:33 PM com.jme3.bullet.PhysicsSpace update
WARNUNG: invoked from wrong thread
Sept. 12, 2026 7:43:33 PM com.jme3.bullet.PhysicsSpace update
WARNUNG: invoked from wrong thread
Sept. 12, 2026 7:43:33 PM com.jme3.bullet.PhysicsSpace update
WARNUNG: invoked from wrong thread
Sept. 12, 2026 7:43:33 PM com.jme3.bullet.PhysicsSpace update
WARNUNG: invoked from wrong thread
Sept. 12, 2026 7:43:33 PM com.jme3.bullet.PhysicsSpace update
WARNUNG: invoked from wrong thread
Sept. 12, 2026 7:43:33 PM com.jme3.bullet.PhysicsSpace update
WARNUNG: invoked from wrong thread
Sept. 12, 2026 7:43:33 PM com.jme3.bullet.PhysicsSpace update
WARNUNG: invoked from wrong thread
Sept. 12, 2026 7:43:33 PM com.jme3.bullet.PhysicsSpace update
WARNUNG: invoked from wrong thread
Sept. 12, 2026 7:43:33 PM com.jme3.bullet.PhysicsSpace update
WARNUNG: invoked from wrong thread
Sept. 12, 2026 7:43:33 PM com.jme3.bullet.PhysicsSpace update
WARNUNG: invoked from wrong thread
Sept. 12, 2026 7:43:33 PM com.jme3.bullet.PhysicsSpace update
WARNUNG: invoked from wrong thread
Sept. 12, 2026 7:43:33 PM com.jme3.bullet.PhysicsSpace update
WARNUNG: invoked from wrong thread
Sept. 12, 2026 7:43:33 PM com.jme3.bullet.PhysicsSpace update
WARNUNG: invoked from wrong thread
Sept. 12, 2026 7:43:33 PM com.jme3.bullet.PhysicsSpace update
WARNUNG: invoked from wrong thread
Sept. 12, 2026 7:43:33 PM com.jme3.bullet.PhysicsSpace update
WARNUNG: invoked from wrong thread
Sept. 12, 2026 7:43:33 PM com.jme3.bullet.PhysicsSpace update
WARNUNG: invoked from wrong thread
Sept. 12, 2026 7:43:33 PM com.jme3.bullet.PhysicsSpace update
WARNUNG: invoked from wrong thread
Sept. 12, 2026 7:43:33 PM com.jme3.bullet.PhysicsSpace update
WARNUNG: invoked from wrong thread
Sept. 12, 2026 7:43:33 PM com.jme3.bullet.PhysicsSpace update
WARNUNG: invoked from wrong thread
Sept. 12, 2026 7:43:33 PM com.jme3.bullet.PhysicsSpace update
WARNUNG: invoked from wrong thread
Sept. 12, 2026 7:43:33 PM com.jme3.bullet.PhysicsSpace update
WARNUNG: invoked from wrong thread
Sept. 12, 2026 7:43:33 PM com.jme3.bullet.PhysicsSpace update
WARNUNG: invoked from wrong thread
Sept. 12, 2026 7:43:33 PM com.jme3.bullet.PhysicsSpace update
WARNUNG: invoked from wrong thread
Sept. 12, 2026 7:43:33 PM com.jme3.bullet.PhysicsSpace update
WARNUNG: invoked from wrong thread
Sept. 12, 2026 7:43:33 PM com.jme3.bullet.PhysicsSpace update
WARNUNG: invoked from wrong thread
Sept. 12, 2026 7:43:33 PM com.jme3.bullet.PhysicsSpace update
WARNUNG: invoked from wrong thread
Sept. 12, 2026 7:43:33 PM com.jme3.bullet.PhysicsSpace update
WARNUNG: invoked from wrong thread
Sept. 12, 2026 7:43:33 PM com.jme3.bullet.PhysicsSpace update
WARNUNG: invoked from wrong thread
Sept. 12, 2026 7:43:34 PM com.jme3.bullet.PhysicsSpace update
WARNUNG: invoked from wrong thread
Sept. 12, 2026 7:43:34 PM com.jme3.bullet.PhysicsSpace update
WARNUNG: invoked from wrong thread
Sept. 12, 2026 7:43:34 PM com.jme3.bullet.PhysicsSpace update
WARNUNG: invoked from wrong thread
Sept. 12, 2026 7:43:34 PM com.jme3.bullet.PhysicsSpace update
WARNUNG: invoked from wrong thread
Sept. 12, 2026 7:43:34 PM com.jme3.bullet.PhysicsSpace update
WARNUNG: invoked from wrong thread
Sept. 12, 2026 7:43:34 PM com.jme3.bullet.PhysicsSpace update
WARNUNG: invoked from wrong thread
Sept. 12, 2026 7:43:34 PM com.jme3.bullet.PhysicsSpace update
WARNUNG: invoked from wrong thread
Sept. 12, 2026 7:43:34 PM com.jme3.bullet.PhysicsSpace update
WARNUNG: invoked from wrong thread
Sept. 12, 2026 7:43:34 PM com.jme3.bullet.PhysicsSpace update
WARNUNG: invoked from wrong thread
Sept. 12, 2026 7:43:34 PM com.jme3.bullet.PhysicsSpace update
WARNUNG: invoked from wrong thread
Sept. 12, 2026 7:43:34 PM com.jme3.bullet.PhysicsSpace update
WARNUNG: invoked from wrong thread
Sept. 12, 2026 7:43:34 PM com.jme3.bullet.PhysicsSpace update
WARNUNG: invoked from wrong thread
Sept. 12, 2026 7:43:34 PM com.jme3.bullet.PhysicsSpace update
WARNUNG: invoked from wrong thread
Sept. 12, 2026 7:43:34 PM com.jme3.bullet.PhysicsSpace update
WARNUNG: invoked from wrong thread
Sept. 12, 2026 7:43:34 PM com.jme3.bullet.PhysicsSpace update
WARNUNG: invoked from wrong thread
Sept. 12, 2026 7:43:34 PM com.jme3.bullet.PhysicsSpace update
WARNUNG: invoked from wrong thread
Sept. 12, 2026 7:43:34 PM com.jme3.bullet.PhysicsSpace update
WARNUNG: invoked from wrong thread
Sept. 12, 2026 7:43:34 PM com.jme3.bullet.PhysicsSpace update
WARNUNG: invoked from wrong thread
Sept. 12, 2026 7:43:34 PM com.jme3.bullet.PhysicsSpace update
WARNUNG: invoked from wrong thread
Sept. 12, 2026 7:43:34 PM com.jme3.bullet.PhysicsSpace update
WARNUNG: invoked from wrong thread
Sept. 12, 2026 7:43:34 PM com.jme3.bullet.PhysicsSpace update
WARNUNG: invoked from wrong thread
Sept. 12, 2026 7:43:34 PM com.jme3.bullet.PhysicsSpace update
WARNUNG: invoked from wrong thread
Sept. 12, 2026 7:43:34 PM com.jme3.bullet.PhysicsSpace update
WARNUNG: invoked from wrong thread
Sept. 12, 2026 7:43:34 PM com.jme3.bullet.PhysicsSpace update
WARNUNG: invoked from wrong thread
Sept. 12, 2026 7:43:34 PM com.jme3.bullet.PhysicsSpace update
WARNUNG: invoked from wrong thread
Sept. 12, 2026 7:43:34 PM com.jme3.bullet.PhysicsSpace update
WARNUNG: invoked from wrong thread
Sept. 12, 2026 7:43:34 PM com.jme3.bullet.PhysicsSpace update
WARNUNG: invoked from wrong thread
Sept. 12, 2026 7:43:34 PM com.jme3.bullet.PhysicsSpace update
WARNUNG: invoked from wrong thread
Sept. 12, 2026 7:43:34 PM com.jme3.bullet.PhysicsSpace update
WARNUNG: invoked from wrong thread
Sept. 12, 2026 7:43:34 PM com.jme3.bullet.PhysicsSpace update
WARNUNG: invoked from wrong thread
Sept. 12, 2026 7:43:34 PM com.jme3.bullet.PhysicsSpace update
WARNUNG: invoked from wrong thread
Sept. 12, 2026 7:43:34 PM com.jme3.bullet.PhysicsSpace update
WARNUNG: invoked from wrong thread
Sept. 12, 2026 7:43:34 PM com.jme3.bullet.PhysicsSpace update
WARNUNG: invoked from wrong thread
Sept. 12, 2026 7:43:34 PM com.jme3.bullet.PhysicsSpace update
WARNUNG: invoked from wrong thread
Sept. 12, 2026 7:43:34 PM com.jme3.bullet.PhysicsSpace update
WARNUNG: invoked from wrong thread
Sept. 12, 2026 7:43:34 PM com.jme3.bullet.PhysicsSpace update
WARNUNG: invoked from wrong thread
Sept. 12, 2026 7:43:34 PM com.jme3.bullet.PhysicsSpace update
WARNUNG: invoked from wrong thread
[SMOKE] stage 14
Sept. 12, 2026 7:43:34 PM com.jme3.bullet.PhysicsSpace update
WARNUNG: invoked from wrong thread
Sept. 12, 2026 7:43:34 PM com.jme3.bullet.PhysicsSpace update
WARNUNG: invoked from wrong thread
Sept. 12, 2026 7:43:34 PM com.jme3.bullet.PhysicsSpace update
WARNUNG: invoked from wrong thread
Sept. 12, 2026 7:43:34 PM com.jme3.bullet.PhysicsSpace update
WARNUNG: invoked from wrong thread
Sept. 12, 2026 7:43:34 PM com.jme3.bullet.PhysicsSpace update
WARNUNG: invoked from wrong thread
Sept. 12, 2026 7:43:34 PM com.jme3.bullet.PhysicsSpace update
WARNUNG: invoked from wrong thread
Sept. 12, 2026 7:43:34 PM com.jme3.bullet.PhysicsSpace update
WARNUNG: invoked from wrong thread
Sept. 12, 2026 7:43:34 PM com.jme3.bullet.PhysicsSpace update
WARNUNG: invoked from wrong thread
Sept. 12, 2026 7:43:34 PM com.jme3.bullet.PhysicsSpace update
WARNUNG: invoked from wrong thread
Sept. 12, 2026 7:43:34 PM com.jme3.bullet.PhysicsSpace update
WARNUNG: invoked from wrong thread
[GAME] Treffer  +22
Sept. 12, 2026 7:43:34 PM com.jme3.bullet.PhysicsSpace update
WARNUNG: invoked from wrong thread
Sept. 12, 2026 7:43:34 PM com.jme3.bullet.PhysicsSpace update
WARNUNG: invoked from wrong thread
Sept. 12, 2026 7:43:34 PM com.jme3.bullet.PhysicsSpace update
WARNUNG: invoked from wrong thread
Sept. 12, 2026 7:43:34 PM com.jme3.bullet.PhysicsSpace update
WARNUNG: invoked from wrong thread
Sept. 12, 2026 7:43:34 PM com.jme3.bullet.PhysicsSpace update
WARNUNG: invoked from wrong thread
Sept. 12, 2026 7:43:34 PM com.jme3.bullet.PhysicsSpace update
WARNUNG: invoked from wrong thread
Sept. 12, 2026 7:43:34 PM com.jme3.bullet.PhysicsSpace update
WARNUNG: invoked from wrong thread
Sept. 12, 2026 7:43:34 PM com.jme3.bullet.PhysicsSpace update
WARNUNG: invoked from wrong thread
Sept. 12, 2026 7:43:34 PM com.jme3.bullet.PhysicsSpace update
WARNUNG: invoked from wrong thread
Sept. 12, 2026 7:43:34 PM com.jme3.bullet.PhysicsSpace update
WARNUNG: invoked from wrong thread
Sept. 12, 2026 7:43:34 PM com.jme3.bullet.PhysicsSpace update
WARNUNG: invoked from wrong thread
Sept. 12, 2026 7:43:34 PM com.jme3.bullet.PhysicsSpace update
WARNUNG: invoked from wrong thread
Sept. 12, 2026 7:43:34 PM com.jme3.bullet.PhysicsSpace update
WARNUNG: invoked from wrong thread
Sept. 12, 2026 7:43:35 PM com.jme3.bullet.PhysicsSpace update
WARNUNG: invoked from wrong thread
Sept. 12, 2026 7:43:35 PM com.jme3.bullet.PhysicsSpace update
WARNUNG: invoked from wrong thread
Sept. 12, 2026 7:43:35 PM com.jme3.bullet.PhysicsSpace update
WARNUNG: invoked from wrong thread
Sept. 12, 2026 7:43:35 PM com.jme3.bullet.PhysicsSpace update
WARNUNG: invoked from wrong thread
Sept. 12, 2026 7:43:35 PM com.jme3.bullet.PhysicsSpace update
WARNUNG: invoked from wrong thread
Sept. 12, 2026 7:43:35 PM com.jme3.bullet.PhysicsSpace update
WARNUNG: invoked from wrong thread
Sept. 12, 2026 7:43:35 PM com.jme3.bullet.PhysicsSpace update
WARNUNG: invoked from wrong thread
Sept. 12, 2026 7:43:35 PM com.jme3.bullet.PhysicsSpace update
WARNUNG: invoked from wrong thread
Sept. 12, 2026 7:43:35 PM com.jme3.bullet.PhysicsSpace update
WARNUNG: invoked from wrong thread
Sept. 12, 2026 7:43:35 PM com.jme3.bullet.PhysicsSpace update
WARNUNG: invoked from wrong thread
Sept. 12, 2026 7:43:35 PM com.jme3.bullet.PhysicsSpace update
WARNUNG: invoked from wrong thread
Sept. 12, 2026 7:43:35 PM com.jme3.bullet.PhysicsSpace update
WARNUNG: invoked from wrong thread
Sept. 12, 2026 7:43:35 PM com.jme3.bullet.PhysicsSpace update
WARNUNG: invoked from wrong thread
Sept. 12, 2026 7:43:35 PM com.jme3.bullet.PhysicsSpace update
WARNUNG: invoked from wrong thread
Sept. 12, 2026 7:43:35 PM com.jme3.bullet.PhysicsSpace update
WARNUNG: invoked from wrong thread
Sept. 12, 2026 7:43:35 PM com.jme3.bullet.PhysicsSpace update
WARNUNG: invoked from wrong thread
Sept. 12, 2026 7:43:35 PM com.jme3.bullet.PhysicsSpace update
WARNUNG: invoked from wrong thread
Sept. 12, 2026 7:43:35 PM com.jme3.bullet.PhysicsSpace update
WARNUNG: invoked from wrong thread
Sept. 12, 2026 7:43:35 PM com.jme3.bullet.PhysicsSpace update
WARNUNG: invoked from wrong thread
Sept. 12, 2026 7:43:35 PM com.jme3.bullet.PhysicsSpace update
WARNUNG: invoked from wrong thread
Sept. 12, 2026 7:43:35 PM com.jme3.bullet.PhysicsSpace update
WARNUNG: invoked from wrong thread
Sept. 12, 2026 7:43:35 PM com.jme3.bullet.PhysicsSpace update
WARNUNG: invoked from wrong thread
Sept. 12, 2026 7:43:35 PM com.jme3.bullet.PhysicsSpace update
WARNUNG: invoked from wrong thread
Sept. 12, 2026 7:43:35 PM com.jme3.bullet.PhysicsSpace update
WARNUNG: invoked from wrong thread
Sept. 12, 2026 7:43:35 PM com.jme3.bullet.PhysicsSpace update
WARNUNG: invoked from wrong thread
Sept. 12, 2026 7:43:35 PM com.jme3.bullet.PhysicsSpace update
WARNUNG: invoked from wrong thread
Sept. 12, 2026 7:43:35 PM com.jme3.bullet.PhysicsSpace update
WARNUNG: invoked from wrong thread
Sept. 12, 2026 7:43:35 PM com.jme3.bullet.PhysicsSpace update
WARNUNG: invoked from wrong thread
Sept. 12, 2026 7:43:35 PM com.jme3.bullet.PhysicsSpace update
WARNUNG: invoked from wrong thread
Sept. 12, 2026 7:43:35 PM com.jme3.bullet.PhysicsSpace update
WARNUNG: invoked from wrong thread
Sept. 12, 2026 7:43:35 PM com.jme3.bullet.PhysicsSpace update
WARNUNG: invoked from wrong thread
Sept. 12, 2026 7:43:35 PM com.jme3.bullet.PhysicsSpace update
WARNUNG: invoked from wrong thread
Sept. 12, 2026 7:43:35 PM com.jme3.bullet.PhysicsSpace update
WARNUNG: invoked from wrong thread
Sept. 12, 2026 7:43:35 PM com.jme3.bullet.PhysicsSpace update
WARNUNG: invoked from wrong thread
Sept. 12, 2026 7:43:35 PM com.jme3.bullet.PhysicsSpace update
WARNUNG: invoked from wrong thread
Sept. 12, 2026 7:43:35 PM com.jme3.bullet.PhysicsSpace update
WARNUNG: invoked from wrong thread
Sept. 12, 2026 7:43:35 PM com.jme3.bullet.PhysicsSpace update
WARNUNG: invoked from wrong thread
Sept. 12, 2026 7:43:35 PM com.jme3.bullet.PhysicsSpace update
WARNUNG: invoked from wrong thread
Sept. 12, 2026 7:43:35 PM com.jme3.bullet.PhysicsSpace update
WARNUNG: invoked from wrong thread
Sept. 12, 2026 7:43:35 PM com.jme3.bullet.PhysicsSpace update
WARNUNG: invoked from wrong thread
Sept. 12, 2026 7:43:35 PM com.jme3.bullet.PhysicsSpace update
WARNUNG: invoked from wrong thread
Sept. 12, 2026 7:43:35 PM com.jme3.bullet.PhysicsSpace update
WARNUNG: invoked from wrong thread
Sept. 12, 2026 7:43:35 PM com.jme3.bullet.PhysicsSpace update
WARNUNG: invoked from wrong thread
Sept. 12, 2026 7:43:35 PM com.jme3.bullet.PhysicsSpace update
WARNUNG: invoked from wrong thread
Sept. 12, 2026 7:43:35 PM com.jme3.bullet.PhysicsSpace update
WARNUNG: invoked from wrong thread
Sept. 12, 2026 7:43:35 PM com.jme3.bullet.PhysicsSpace update
WARNUNG: invoked from wrong thread
Sept. 12, 2026 7:43:35 PM com.jme3.bullet.PhysicsSpace update
WARNUNG: invoked from wrong thread
Sept. 12, 2026 7:43:35 PM com.jme3.bullet.PhysicsSpace update
WARNUNG: invoked from wrong thread
Sept. 12, 2026 7:43:35 PM com.jme3.bullet.PhysicsSpace update
WARNUNG: invoked from wrong thread
Sept. 12, 2026 7:43:35 PM com.jme3.bullet.PhysicsSpace update
WARNUNG: invoked from wrong thread
Sept. 12, 2026 7:43:35 PM com.jme3.bullet.PhysicsSpace update
WARNUNG: invoked from wrong thread
Sept. 12, 2026 7:43:35 PM com.jme3.bullet.PhysicsSpace update
WARNUNG: invoked from wrong thread
Sept. 12, 2026 7:43:35 PM com.jme3.bullet.PhysicsSpace update
WARNUNG: invoked from wrong thread
Sept. 12, 2026 7:43:35 PM com.jme3.bullet.PhysicsSpace update
WARNUNG: invoked from wrong thread
Sept. 12, 2026 7:43:35 PM com.jme3.bullet.PhysicsSpace update
WARNUNG: invoked from wrong thread
Sept. 12, 2026 7:43:35 PM com.jme3.bullet.PhysicsSpace update
WARNUNG: invoked from wrong thread
Sept. 12, 2026 7:43:35 PM com.jme3.bullet.PhysicsSpace update
WARNUNG: invoked from wrong thread
Sept. 12, 2026 7:43:35 PM com.jme3.bullet.PhysicsSpace update
WARNUNG: invoked from wrong thread
Sept. 12, 2026 7:43:35 PM com.jme3.bullet.PhysicsSpace update
WARNUNG: invoked from wrong thread
Sept. 12, 2026 7:43:35 PM com.jme3.bullet.PhysicsSpace update
WARNUNG: invoked from wrong thread
Sept. 12, 2026 7:43:36 PM com.jme3.bullet.PhysicsSpace update
WARNUNG: invoked from wrong thread
Sept. 12, 2026 7:43:36 PM com.jme3.bullet.PhysicsSpace update
WARNUNG: invoked from wrong thread
Sept. 12, 2026 7:43:36 PM com.jme3.bullet.PhysicsSpace update
WARNUNG: invoked from wrong thread
Sept. 12, 2026 7:43:36 PM com.jme3.bullet.PhysicsSpace update
WARNUNG: invoked from wrong thread
Sept. 12, 2026 7:43:36 PM com.jme3.bullet.PhysicsSpace update
WARNUNG: invoked from wrong thread
Sept. 12, 2026 7:43:36 PM com.jme3.bullet.PhysicsSpace update
WARNUNG: invoked from wrong thread
Sept. 12, 2026 7:43:36 PM com.jme3.bullet.PhysicsSpace update
WARNUNG: invoked from wrong thread
Sept. 12, 2026 7:43:36 PM com.jme3.bullet.PhysicsSpace update
WARNUNG: invoked from wrong thread
Sept. 12, 2026 7:43:36 PM com.jme3.bullet.PhysicsSpace update
WARNUNG: invoked from wrong thread
Sept. 12, 2026 7:43:36 PM com.jme3.bullet.PhysicsSpace update
WARNUNG: invoked from wrong thread
Sept. 12, 2026 7:43:36 PM com.jme3.bullet.PhysicsSpace update
WARNUNG: invoked from wrong thread
Sept. 12, 2026 7:43:36 PM com.jme3.bullet.PhysicsSpace update
WARNUNG: invoked from wrong thread
Sept. 12, 2026 7:43:36 PM com.jme3.bullet.PhysicsSpace update
WARNUNG: invoked from wrong thread
Sept. 12, 2026 7:43:36 PM com.jme3.bullet.PhysicsSpace update
WARNUNG: invoked from wrong thread
Sept. 12, 2026 7:43:36 PM com.jme3.bullet.PhysicsSpace update
WARNUNG: invoked from wrong thread
Sept. 12, 2026 7:43:36 PM com.jme3.bullet.PhysicsSpace update
WARNUNG: invoked from wrong thread
Sept. 12, 2026 7:43:36 PM com.jme3.bullet.PhysicsSpace update
WARNUNG: invoked from wrong thread
Sept. 12, 2026 7:43:36 PM com.jme3.bullet.PhysicsSpace update
WARNUNG: invoked from wrong thread
Sept. 12, 2026 7:43:36 PM com.jme3.bullet.PhysicsSpace update
WARNUNG: invoked from wrong thread
Sept. 12, 2026 7:43:36 PM com.jme3.bullet.PhysicsSpace update
WARNUNG: invoked from wrong thread
Sept. 12, 2026 7:43:36 PM com.jme3.bullet.PhysicsSpace update
WARNUNG: invoked from wrong thread
Sept. 12, 2026 7:43:36 PM com.jme3.bullet.PhysicsSpace update
WARNUNG: invoked from wrong thread
Sept. 12, 2026 7:43:36 PM com.jme3.bullet.PhysicsSpace update
WARNUNG: invoked from wrong thread
Sept. 12, 2026 7:43:36 PM com.jme3.bullet.PhysicsSpace update
WARNUNG: invoked from wrong thread
Sept. 12, 2026 7:43:36 PM com.jme3.bullet.PhysicsSpace update
WARNUNG: invoked from wrong thread
Sept. 12, 2026 7:43:36 PM com.jme3.bullet.PhysicsSpace update
WARNUNG: invoked from wrong thread
Sept. 12, 2026 7:43:36 PM com.jme3.bullet.PhysicsSpace update
WARNUNG: invoked from wrong thread
Sept. 12, 2026 7:43:36 PM com.jme3.bullet.PhysicsSpace update
WARNUNG: invoked from wrong thread
Sept. 12, 2026 7:43:36 PM com.jme3.bullet.PhysicsSpace update
WARNUNG: invoked from wrong thread
Sept. 12, 2026 7:43:36 PM com.jme3.bullet.PhysicsSpace update
WARNUNG: invoked from wrong thread
Sept. 12, 2026 7:43:36 PM com.jme3.bullet.PhysicsSpace update
WARNUNG: invoked from wrong thread
Sept. 12, 2026 7:43:36 PM com.jme3.bullet.PhysicsSpace update
WARNUNG: invoked from wrong thread
Sept. 12, 2026 7:43:36 PM com.jme3.bullet.PhysicsSpace update
WARNUNG: invoked from wrong thread
Sept. 12, 2026 7:43:36 PM com.jme3.bullet.PhysicsSpace update
WARNUNG: invoked from wrong thread
Sept. 12, 2026 7:43:36 PM com.jme3.bullet.PhysicsSpace update
WARNUNG: invoked from wrong thread
Sept. 12, 2026 7:43:36 PM com.jme3.bullet.PhysicsSpace update
WARNUNG: invoked from wrong thread
Sept. 12, 2026 7:43:36 PM com.jme3.bullet.PhysicsSpace update
WARNUNG: invoked from wrong thread
Sept. 12, 2026 7:43:36 PM com.jme3.bullet.PhysicsSpace update
WARNUNG: invoked from wrong thread
Sept. 12, 2026 7:43:36 PM com.jme3.bullet.PhysicsSpace update
WARNUNG: invoked from wrong thread
Sept. 12, 2026 7:43:36 PM com.jme3.bullet.PhysicsSpace update
WARNUNG: invoked from wrong thread
Sept. 12, 2026 7:43:36 PM com.jme3.bullet.PhysicsSpace update
WARNUNG: invoked from wrong thread
Sept. 12, 2026 7:43:36 PM com.jme3.bullet.PhysicsSpace update
WARNUNG: invoked from wrong thread
Sept. 12, 2026 7:43:36 PM com.jme3.bullet.PhysicsSpace update
WARNUNG: invoked from wrong thread
Sept. 12, 2026 7:43:36 PM com.jme3.bullet.PhysicsSpace update
WARNUNG: invoked from wrong thread
Sept. 12, 2026 7:43:36 PM com.jme3.bullet.PhysicsSpace update
WARNUNG: invoked from wrong thread
Sept. 12, 2026 7:43:36 PM com.jme3.bullet.PhysicsSpace update
WARNUNG: invoked from wrong thread
Sept. 12, 2026 7:43:36 PM com.jme3.bullet.PhysicsSpace update
WARNUNG: invoked from wrong thread
Sept. 12, 2026 7:43:36 PM com.jme3.bullet.PhysicsSpace update
WARNUNG: invoked from wrong thread
Sept. 12, 2026 7:43:36 PM com.jme3.bullet.PhysicsSpace update
WARNUNG: invoked from wrong thread
Sept. 12, 2026 7:43:36 PM com.jme3.bullet.PhysicsSpace update
WARNUNG: invoked from wrong thread
Sept. 12, 2026 7:43:36 PM com.jme3.bullet.PhysicsSpace update
WARNUNG: invoked from wrong thread
Sept. 12, 2026 7:43:36 PM com.jme3.bullet.PhysicsSpace update
WARNUNG: invoked from wrong thread
Sept. 12, 2026 7:43:36 PM com.jme3.bullet.PhysicsSpace update
WARNUNG: invoked from wrong thread
Sept. 12, 2026 7:43:36 PM com.jme3.bullet.PhysicsSpace update
WARNUNG: invoked from wrong thread
Sept. 12, 2026 7:43:36 PM com.jme3.bullet.PhysicsSpace update
WARNUNG: invoked from wrong thread
Sept. 12, 2026 7:43:36 PM com.jme3.bullet.PhysicsSpace update
WARNUNG: invoked from wrong thread
Sept. 12, 2026 7:43:36 PM com.jme3.bullet.PhysicsSpace update
WARNUNG: invoked from wrong thread
Sept. 12, 2026 7:43:36 PM com.jme3.bullet.PhysicsSpace update
WARNUNG: invoked from wrong thread
Sept. 12, 2026 7:43:36 PM com.jme3.bullet.PhysicsSpace update
WARNUNG: invoked from wrong thread
Sept. 12, 2026 7:43:36 PM com.jme3.bullet.PhysicsSpace update
WARNUNG: invoked from wrong thread
Sept. 12, 2026 7:43:37 PM com.jme3.bullet.PhysicsSpace update
WARNUNG: invoked from wrong thread
Sept. 12, 2026 7:43:37 PM com.jme3.bullet.PhysicsSpace update
WARNUNG: invoked from wrong thread
Sept. 12, 2026 7:43:37 PM com.jme3.bullet.PhysicsSpace update
WARNUNG: invoked from wrong thread
Sept. 12, 2026 7:43:37 PM com.jme3.bullet.PhysicsSpace update
WARNUNG: invoked from wrong thread
Sept. 12, 2026 7:43:37 PM com.jme3.bullet.PhysicsSpace update
WARNUNG: invoked from wrong thread
Sept. 12, 2026 7:43:37 PM com.jme3.bullet.PhysicsSpace update
WARNUNG: invoked from wrong thread
Sept. 12, 2026 7:43:37 PM com.jme3.bullet.PhysicsSpace update
WARNUNG: invoked from wrong thread
[SMOKE] stage 15
[CHECK] Physical melee must hit the enemy
[GAME] Goblin besiegt  +35 EP  +8 Gold
[GAME] Goblin besiegt  +35 EP  +8 Gold
[GAME] Auftrag erfüllt: Ein Licht im Ödland  +40 EP
[GAME] Stufe 2 erreicht! K: Fähigkeiten verbessern.
[CHECK] Mira opens a dialogue
[CHECK] Mira starts the campaign
[GAME] Krypta der Eide
Sept. 12, 2026 7:43:37 PM com.jme3.bullet.PhysicsSpace update
WARNUNG: invoked from wrong thread
Sept. 12, 2026 7:43:37 PM com.jme3.anim.SkinningControl controlRender
INFORMATION: Hardware skinning engaged for Armature.004 (Node)
Sept. 12, 2026 7:43:37 PM com.jme3.anim.SkinningControl controlRender
INFORMATION: Hardware skinning engaged for GoblinArmature (Node)
Sept. 12, 2026 7:43:37 PM com.jme3.anim.SkinningControl controlRender
INFORMATION: Hardware skinning engaged for GoblinArmature (Node)
Sept. 12, 2026 7:43:37 PM com.jme3.anim.SkinningControl controlRender
INFORMATION: Hardware skinning engaged for GoblinArmature (Node)
Sept. 12, 2026 7:43:37 PM com.jme3.anim.SkinningControl controlRender
INFORMATION: Hardware skinning engaged for OrcArmature (Node)
Sept. 12, 2026 7:43:37 PM com.jme3.anim.SkinningControl controlRender
INFORMATION: Hardware skinning engaged for CharacterRoot (Node)
Sept. 12, 2026 7:43:37 PM com.jme3.anim.SkinningControl controlRender
INFORMATION: Hardware skinning engaged for WardenArmature (Node)
Sept. 12, 2026 7:43:37 PM com.jme3.bullet.PhysicsSpace update
WARNUNG: invoked from wrong thread
Sept. 12, 2026 7:43:37 PM com.jme3.bullet.PhysicsSpace update
WARNUNG: invoked from wrong thread
Sept. 12, 2026 7:43:37 PM com.jme3.bullet.PhysicsSpace update
WARNUNG: invoked from wrong thread
Sept. 12, 2026 7:43:37 PM com.jme3.bullet.PhysicsSpace update
WARNUNG: invoked from wrong thread
Sept. 12, 2026 7:43:37 PM com.jme3.bullet.PhysicsSpace update
WARNUNG: invoked from wrong thread
Sept. 12, 2026 7:43:37 PM com.jme3.bullet.PhysicsSpace update
WARNUNG: invoked from wrong thread
Sept. 12, 2026 7:43:37 PM com.jme3.bullet.PhysicsSpace update
WARNUNG: invoked from wrong thread
Sept. 12, 2026 7:43:37 PM com.jme3.bullet.PhysicsSpace update
WARNUNG: invoked from wrong thread
Sept. 12, 2026 7:43:37 PM com.jme3.bullet.PhysicsSpace update
WARNUNG: invoked from wrong thread
Sept. 12, 2026 7:43:37 PM com.jme3.bullet.PhysicsSpace update
WARNUNG: invoked from wrong thread
Sept. 12, 2026 7:43:37 PM com.jme3.bullet.PhysicsSpace update
WARNUNG: invoked from wrong thread
Sept. 12, 2026 7:43:38 PM com.jme3.bullet.PhysicsSpace update
WARNUNG: invoked from wrong thread
Sept. 12, 2026 7:43:38 PM com.jme3.bullet.PhysicsSpace update
WARNUNG: invoked from wrong thread
Sept. 12, 2026 7:43:38 PM com.jme3.bullet.PhysicsSpace update
WARNUNG: invoked from wrong thread
Sept. 12, 2026 7:43:38 PM com.jme3.bullet.PhysicsSpace update
WARNUNG: invoked from wrong thread
Sept. 12, 2026 7:43:38 PM com.jme3.bullet.PhysicsSpace update
WARNUNG: invoked from wrong thread
Sept. 12, 2026 7:43:38 PM com.jme3.bullet.PhysicsSpace update
WARNUNG: invoked from wrong thread
Sept. 12, 2026 7:43:38 PM com.jme3.bullet.PhysicsSpace update
WARNUNG: invoked from wrong thread
Sept. 12, 2026 7:43:38 PM com.jme3.bullet.PhysicsSpace update
WARNUNG: invoked from wrong thread
Sept. 12, 2026 7:43:38 PM com.jme3.bullet.PhysicsSpace update
WARNUNG: invoked from wrong thread
Sept. 12, 2026 7:43:38 PM com.jme3.bullet.PhysicsSpace update
WARNUNG: invoked from wrong thread
Sept. 12, 2026 7:43:38 PM com.jme3.bullet.PhysicsSpace update
WARNUNG: invoked from wrong thread
Sept. 12, 2026 7:43:38 PM com.jme3.bullet.PhysicsSpace update
WARNUNG: invoked from wrong thread
Sept. 12, 2026 7:43:38 PM com.jme3.bullet.PhysicsSpace update
WARNUNG: invoked from wrong thread
Sept. 12, 2026 7:43:38 PM com.jme3.bullet.PhysicsSpace update
WARNUNG: invoked from wrong thread
Sept. 12, 2026 7:43:38 PM com.jme3.bullet.PhysicsSpace update
WARNUNG: invoked from wrong thread
Sept. 12, 2026 7:43:38 PM com.jme3.bullet.PhysicsSpace update
WARNUNG: invoked from wrong thread
Sept. 12, 2026 7:43:38 PM com.jme3.bullet.PhysicsSpace update
WARNUNG: invoked from wrong thread
Sept. 12, 2026 7:43:38 PM com.jme3.bullet.PhysicsSpace update
WARNUNG: invoked from wrong thread
Sept. 12, 2026 7:43:38 PM com.jme3.bullet.PhysicsSpace update
WARNUNG: invoked from wrong thread
Sept. 12, 2026 7:43:38 PM com.jme3.bullet.PhysicsSpace update
WARNUNG: invoked from wrong thread
Sept. 12, 2026 7:43:38 PM com.jme3.bullet.PhysicsSpace update
WARNUNG: invoked from wrong thread
Sept. 12, 2026 7:43:38 PM com.jme3.bullet.PhysicsSpace update
WARNUNG: invoked from wrong thread
Sept. 12, 2026 7:43:38 PM com.jme3.bullet.PhysicsSpace update
WARNUNG: invoked from wrong thread
Sept. 12, 2026 7:43:38 PM com.jme3.bullet.PhysicsSpace update
WARNUNG: invoked from wrong thread
Sept. 12, 2026 7:43:38 PM com.jme3.bullet.PhysicsSpace update
WARNUNG: invoked from wrong thread
Sept. 12, 2026 7:43:38 PM com.jme3.bullet.PhysicsSpace update
WARNUNG: invoked from wrong thread
Sept. 12, 2026 7:43:38 PM com.jme3.bullet.PhysicsSpace update
WARNUNG: invoked from wrong thread
Sept. 12, 2026 7:43:38 PM com.jme3.bullet.PhysicsSpace update
WARNUNG: invoked from wrong thread
Sept. 12, 2026 7:43:38 PM com.jme3.bullet.PhysicsSpace update
WARNUNG: invoked from wrong thread
Sept. 12, 2026 7:43:38 PM com.jme3.bullet.PhysicsSpace update
WARNUNG: invoked from wrong thread
Sept. 12, 2026 7:43:38 PM com.jme3.bullet.PhysicsSpace update
WARNUNG: invoked from wrong thread
Sept. 12, 2026 7:43:38 PM com.jme3.bullet.PhysicsSpace update
WARNUNG: invoked from wrong thread
Sept. 12, 2026 7:43:38 PM com.jme3.bullet.PhysicsSpace update
WARNUNG: invoked from wrong thread
Sept. 12, 2026 7:43:38 PM com.jme3.bullet.PhysicsSpace update
WARNUNG: invoked from wrong thread
Sept. 12, 2026 7:43:38 PM com.jme3.bullet.PhysicsSpace update
WARNUNG: invoked from wrong thread
Sept. 12, 2026 7:43:38 PM com.jme3.bullet.PhysicsSpace update
WARNUNG: invoked from wrong thread
Sept. 12, 2026 7:43:38 PM com.jme3.bullet.PhysicsSpace update
WARNUNG: invoked from wrong thread
Sept. 12, 2026 7:43:38 PM com.jme3.bullet.PhysicsSpace update
WARNUNG: invoked from wrong thread
Sept. 12, 2026 7:43:38 PM com.jme3.bullet.PhysicsSpace update
WARNUNG: invoked from wrong thread
Sept. 12, 2026 7:43:38 PM com.jme3.bullet.PhysicsSpace update
WARNUNG: invoked from wrong thread
Sept. 12, 2026 7:43:38 PM com.jme3.bullet.PhysicsSpace update
WARNUNG: invoked from wrong thread
Sept. 12, 2026 7:43:38 PM com.jme3.bullet.PhysicsSpace update
WARNUNG: invoked from wrong thread
Sept. 12, 2026 7:43:38 PM com.jme3.bullet.PhysicsSpace update
WARNUNG: invoked from wrong thread
Sept. 12, 2026 7:43:38 PM com.jme3.bullet.PhysicsSpace update
WARNUNG: invoked from wrong thread
Sept. 12, 2026 7:43:38 PM com.jme3.bullet.PhysicsSpace update
WARNUNG: invoked from wrong thread
Sept. 12, 2026 7:43:38 PM com.jme3.bullet.PhysicsSpace update
WARNUNG: invoked from wrong thread
Sept. 12, 2026 7:43:38 PM com.jme3.bullet.PhysicsSpace update
WARNUNG: invoked from wrong thread
Sept. 12, 2026 7:43:38 PM com.jme3.bullet.PhysicsSpace update
WARNUNG: invoked from wrong thread
Sept. 12, 2026 7:43:38 PM com.jme3.bullet.PhysicsSpace update
WARNUNG: invoked from wrong thread
Sept. 12, 2026 7:43:38 PM com.jme3.bullet.PhysicsSpace update
WARNUNG: invoked from wrong thread
Sept. 12, 2026 7:43:38 PM com.jme3.bullet.PhysicsSpace update
WARNUNG: invoked from wrong thread
Sept. 12, 2026 7:43:38 PM com.jme3.bullet.PhysicsSpace update
WARNUNG: invoked from wrong thread
Sept. 12, 2026 7:43:38 PM com.jme3.bullet.PhysicsSpace update
WARNUNG: invoked from wrong thread
Sept. 12, 2026 7:43:38 PM com.jme3.bullet.PhysicsSpace update
WARNUNG: invoked from wrong thread
Sept. 12, 2026 7:43:38 PM com.jme3.bullet.PhysicsSpace update
WARNUNG: invoked from wrong thread
Sept. 12, 2026 7:43:38 PM com.jme3.bullet.PhysicsSpace update
WARNUNG: invoked from wrong thread
Sept. 12, 2026 7:43:38 PM com.jme3.bullet.PhysicsSpace update
WARNUNG: invoked from wrong thread
Sept. 12, 2026 7:43:38 PM com.jme3.bullet.PhysicsSpace update
WARNUNG: invoked from wrong thread
Sept. 12, 2026 7:43:38 PM com.jme3.bullet.PhysicsSpace update
WARNUNG: invoked from wrong thread
Sept. 12, 2026 7:43:38 PM com.jme3.bullet.PhysicsSpace update
WARNUNG: invoked from wrong thread
Sept. 12, 2026 7:43:39 PM com.jme3.bullet.PhysicsSpace update
WARNUNG: invoked from wrong thread
Sept. 12, 2026 7:43:39 PM com.jme3.bullet.PhysicsSpace update
WARNUNG: invoked from wrong thread
Sept. 12, 2026 7:43:39 PM com.jme3.bullet.PhysicsSpace update
WARNUNG: invoked from wrong thread
Sept. 12, 2026 7:43:39 PM com.jme3.bullet.PhysicsSpace update
WARNUNG: invoked from wrong thread
Sept. 12, 2026 7:43:39 PM com.jme3.bullet.PhysicsSpace update
WARNUNG: invoked from wrong thread
Sept. 12, 2026 7:43:39 PM com.jme3.bullet.PhysicsSpace update
WARNUNG: invoked from wrong thread
Sept. 12, 2026 7:43:39 PM com.jme3.bullet.PhysicsSpace update
WARNUNG: invoked from wrong thread
Sept. 12, 2026 7:43:39 PM com.jme3.bullet.PhysicsSpace update
WARNUNG: invoked from wrong thread
Sept. 12, 2026 7:43:39 PM com.jme3.bullet.PhysicsSpace update
WARNUNG: invoked from wrong thread
Sept. 12, 2026 7:43:39 PM com.jme3.bullet.PhysicsSpace update
WARNUNG: invoked from wrong thread
Sept. 12, 2026 7:43:39 PM com.jme3.bullet.PhysicsSpace update
WARNUNG: invoked from wrong thread
Sept. 12, 2026 7:43:39 PM com.jme3.bullet.PhysicsSpace update
WARNUNG: invoked from wrong thread
Sept. 12, 2026 7:43:39 PM com.jme3.bullet.PhysicsSpace update
WARNUNG: invoked from wrong thread
Sept. 12, 2026 7:43:39 PM com.jme3.bullet.PhysicsSpace update
WARNUNG: invoked from wrong thread
Sept. 12, 2026 7:43:39 PM com.jme3.bullet.PhysicsSpace update
WARNUNG: invoked from wrong thread
Sept. 12, 2026 7:43:39 PM com.jme3.bullet.PhysicsSpace update
WARNUNG: invoked from wrong thread
Sept. 12, 2026 7:43:39 PM com.jme3.bullet.PhysicsSpace update
WARNUNG: invoked from wrong thread
Sept. 12, 2026 7:43:39 PM com.jme3.bullet.PhysicsSpace update
WARNUNG: invoked from wrong thread
Sept. 12, 2026 7:43:39 PM com.jme3.bullet.PhysicsSpace update
WARNUNG: invoked from wrong thread
Sept. 12, 2026 7:43:39 PM com.jme3.bullet.PhysicsSpace update
WARNUNG: invoked from wrong thread
Sept. 12, 2026 7:43:39 PM com.jme3.bullet.PhysicsSpace update
WARNUNG: invoked from wrong thread
Sept. 12, 2026 7:43:39 PM com.jme3.bullet.PhysicsSpace update
WARNUNG: invoked from wrong thread
Sept. 12, 2026 7:43:39 PM com.jme3.bullet.PhysicsSpace update
WARNUNG: invoked from wrong thread
Sept. 12, 2026 7:43:39 PM com.jme3.bullet.PhysicsSpace update
WARNUNG: invoked from wrong thread
Sept. 12, 2026 7:43:39 PM com.jme3.bullet.PhysicsSpace update
WARNUNG: invoked from wrong thread
Sept. 12, 2026 7:43:39 PM com.jme3.bullet.PhysicsSpace update
WARNUNG: invoked from wrong thread
Sept. 12, 2026 7:43:39 PM com.jme3.bullet.PhysicsSpace update
WARNUNG: invoked from wrong thread
Sept. 12, 2026 7:43:39 PM com.jme3.bullet.PhysicsSpace update
WARNUNG: invoked from wrong thread
Sept. 12, 2026 7:43:39 PM com.jme3.bullet.PhysicsSpace update
WARNUNG: invoked from wrong thread
Sept. 12, 2026 7:43:39 PM com.jme3.bullet.PhysicsSpace update
WARNUNG: invoked from wrong thread
Sept. 12, 2026 7:43:39 PM com.jme3.bullet.PhysicsSpace update
WARNUNG: invoked from wrong thread
Sept. 12, 2026 7:43:39 PM com.jme3.bullet.PhysicsSpace update
WARNUNG: invoked from wrong thread
Sept. 12, 2026 7:43:39 PM com.jme3.bullet.PhysicsSpace update
WARNUNG: invoked from wrong thread
Sept. 12, 2026 7:43:39 PM com.jme3.bullet.PhysicsSpace update
WARNUNG: invoked from wrong thread
Sept. 12, 2026 7:43:39 PM com.jme3.bullet.PhysicsSpace update
WARNUNG: invoked from wrong thread
Sept. 12, 2026 7:43:39 PM com.jme3.bullet.PhysicsSpace update
WARNUNG: invoked from wrong thread
Sept. 12, 2026 7:43:39 PM com.jme3.bullet.PhysicsSpace update
WARNUNG: invoked from wrong thread
Sept. 12, 2026 7:43:39 PM com.jme3.bullet.PhysicsSpace update
WARNUNG: invoked from wrong thread
Sept. 12, 2026 7:43:39 PM com.jme3.bullet.PhysicsSpace update
WARNUNG: invoked from wrong thread
[SMOKE] stage 16
[CHECK] Crypt portal transition
[GAME] Goblin besiegt  +35 EP  +8 Gold
[GAME] Goblin besiegt  +35 EP  +8 Gold
[GAME] Goblin besiegt  +35 EP  +8 Gold
[GAME] Goblin besiegt  +35 EP  +8 Gold
[GAME] Goblin besiegt  +35 EP  +8 Gold
[GAME] Ork-Brecher besiegt  +70 EP  +13 Gold
[GAME] STUFE 3  -  Fähigkeitspunkt erhalten [K]
[GAME] Aschenrufer besiegt  +65 EP  +23 Gold
[GAME] Eiserner Wächter besiegt  +115 EP  +18 Gold
[GAME] Der Eid verstummt. Beginne mit der Sonne.
[CHECK] Wrong rune resets the puzzle
[GAME] Rune der Sonne antwortet. 1 / 3
[GAME] Rune des Mondes antwortet. 2 / 3
[GAME] Rune des Sterns antwortet. 3 / 3
[GAME] Der Altar im Norden ist erwacht.
[GAME] Auftrag erfüllt: Die Stimmen der Toten  +130 EP
[GAME] Stufe 4 erreicht! K: Fähigkeiten verbessern.
[GAME] Siegel der Toten erhalten!
[CHECK] Crypt seal reward
[GAME] Die letzte Zuflucht
Sept. 12, 2026 7:43:40 PM com.jme3.bullet.PhysicsSpace update
WARNUNG: invoked from wrong thread
Sept. 12, 2026 7:43:40 PM com.jme3.anim.SkinningControl controlRender
INFORMATION: Hardware skinning engaged for Armature.008 (Node)
Sept. 12, 2026 7:43:40 PM com.jme3.anim.SkinningControl controlRender
INFORMATION: Hardware skinning engaged for Armature.004 (Node)
Sept. 12, 2026 7:43:40 PM com.jme3.bullet.PhysicsSpace update
WARNUNG: invoked from wrong thread
Sept. 12, 2026 7:43:40 PM com.jme3.bullet.PhysicsSpace update
WARNUNG: invoked from wrong thread
Sept. 12, 2026 7:43:40 PM com.jme3.bullet.PhysicsSpace update
WARNUNG: invoked from wrong thread
Sept. 12, 2026 7:43:40 PM com.jme3.bullet.PhysicsSpace update
WARNUNG: invoked from wrong thread
Sept. 12, 2026 7:43:40 PM com.jme3.bullet.PhysicsSpace update
WARNUNG: invoked from wrong thread
Sept. 12, 2026 7:43:40 PM com.jme3.bullet.PhysicsSpace update
WARNUNG: invoked from wrong thread
Sept. 12, 2026 7:43:40 PM com.jme3.bullet.PhysicsSpace update
WARNUNG: invoked from wrong thread
Sept. 12, 2026 7:43:40 PM com.jme3.bullet.PhysicsSpace update
WARNUNG: invoked from wrong thread
Sept. 12, 2026 7:43:40 PM com.jme3.bullet.PhysicsSpace update
WARNUNG: invoked from wrong thread
Sept. 12, 2026 7:43:40 PM com.jme3.bullet.PhysicsSpace update
WARNUNG: invoked from wrong thread
Sept. 12, 2026 7:43:40 PM com.jme3.bullet.PhysicsSpace update
WARNUNG: invoked from wrong thread
Sept. 12, 2026 7:43:40 PM com.jme3.bullet.PhysicsSpace update
WARNUNG: invoked from wrong thread
Sept. 12, 2026 7:43:40 PM com.jme3.bullet.PhysicsSpace update
WARNUNG: invoked from wrong thread
Sept. 12, 2026 7:43:40 PM com.jme3.bullet.PhysicsSpace update
WARNUNG: invoked from wrong thread
Sept. 12, 2026 7:43:40 PM com.jme3.bullet.PhysicsSpace update
WARNUNG: invoked from wrong thread
Sept. 12, 2026 7:43:40 PM com.jme3.bullet.PhysicsSpace update
WARNUNG: invoked from wrong thread
Sept. 12, 2026 7:43:40 PM com.jme3.bullet.PhysicsSpace update
WARNUNG: invoked from wrong thread
Sept. 12, 2026 7:43:40 PM com.jme3.bullet.PhysicsSpace update
WARNUNG: invoked from wrong thread
Sept. 12, 2026 7:43:40 PM com.jme3.bullet.PhysicsSpace update
WARNUNG: invoked from wrong thread
Sept. 12, 2026 7:43:40 PM com.jme3.bullet.PhysicsSpace update
WARNUNG: invoked from wrong thread
Sept. 12, 2026 7:43:40 PM com.jme3.bullet.PhysicsSpace update
WARNUNG: invoked from wrong thread
Sept. 12, 2026 7:43:40 PM com.jme3.bullet.PhysicsSpace update
WARNUNG: invoked from wrong thread
Sept. 12, 2026 7:43:40 PM com.jme3.bullet.PhysicsSpace update
WARNUNG: invoked from wrong thread
Sept. 12, 2026 7:43:40 PM com.jme3.bullet.PhysicsSpace update
WARNUNG: invoked from wrong thread
Sept. 12, 2026 7:43:40 PM com.jme3.bullet.PhysicsSpace update
WARNUNG: invoked from wrong thread
Sept. 12, 2026 7:43:40 PM com.jme3.bullet.PhysicsSpace update
WARNUNG: invoked from wrong thread
Sept. 12, 2026 7:43:40 PM com.jme3.bullet.PhysicsSpace update
WARNUNG: invoked from wrong thread
Sept. 12, 2026 7:43:40 PM com.jme3.bullet.PhysicsSpace update
WARNUNG: invoked from wrong thread
Sept. 12, 2026 7:43:40 PM com.jme3.bullet.PhysicsSpace update
WARNUNG: invoked from wrong thread
Sept. 12, 2026 7:43:40 PM com.jme3.bullet.PhysicsSpace update
WARNUNG: invoked from wrong thread
Sept. 12, 2026 7:43:40 PM com.jme3.bullet.PhysicsSpace update
WARNUNG: invoked from wrong thread
Sept. 12, 2026 7:43:40 PM com.jme3.bullet.PhysicsSpace update
WARNUNG: invoked from wrong thread
Sept. 12, 2026 7:43:40 PM com.jme3.bullet.PhysicsSpace update
WARNUNG: invoked from wrong thread
Sept. 12, 2026 7:43:40 PM com.jme3.bullet.PhysicsSpace update
WARNUNG: invoked from wrong thread
Sept. 12, 2026 7:43:40 PM com.jme3.bullet.PhysicsSpace update
WARNUNG: invoked from wrong thread
Sept. 12, 2026 7:43:40 PM com.jme3.bullet.PhysicsSpace update
WARNUNG: invoked from wrong thread
Sept. 12, 2026 7:43:40 PM com.jme3.bullet.PhysicsSpace update
WARNUNG: invoked from wrong thread
Sept. 12, 2026 7:43:40 PM com.jme3.bullet.PhysicsSpace update
WARNUNG: invoked from wrong thread
Sept. 12, 2026 7:43:40 PM com.jme3.bullet.PhysicsSpace update
WARNUNG: invoked from wrong thread
Sept. 12, 2026 7:43:40 PM com.jme3.bullet.PhysicsSpace update
WARNUNG: invoked from wrong thread
Sept. 12, 2026 7:43:40 PM com.jme3.bullet.PhysicsSpace update
WARNUNG: invoked from wrong thread
Sept. 12, 2026 7:43:41 PM com.jme3.bullet.PhysicsSpace update
WARNUNG: invoked from wrong thread
Sept. 12, 2026 7:43:41 PM com.jme3.bullet.PhysicsSpace update
WARNUNG: invoked from wrong thread
Sept. 12, 2026 7:43:41 PM com.jme3.bullet.PhysicsSpace update
WARNUNG: invoked from wrong thread
Sept. 12, 2026 7:43:41 PM com.jme3.bullet.PhysicsSpace update
WARNUNG: invoked from wrong thread
Sept. 12, 2026 7:43:41 PM com.jme3.bullet.PhysicsSpace update
WARNUNG: invoked from wrong thread
Sept. 12, 2026 7:43:41 PM com.jme3.bullet.PhysicsSpace update
WARNUNG: invoked from wrong thread
Sept. 12, 2026 7:43:41 PM com.jme3.bullet.PhysicsSpace update
WARNUNG: invoked from wrong thread
Sept. 12, 2026 7:43:41 PM com.jme3.bullet.PhysicsSpace update
WARNUNG: invoked from wrong thread
Sept. 12, 2026 7:43:41 PM com.jme3.bullet.PhysicsSpace update
WARNUNG: invoked from wrong thread
Sept. 12, 2026 7:43:41 PM com.jme3.bullet.PhysicsSpace update
WARNUNG: invoked from wrong thread
Sept. 12, 2026 7:43:41 PM com.jme3.bullet.PhysicsSpace update
WARNUNG: invoked from wrong thread
Sept. 12, 2026 7:43:41 PM com.jme3.bullet.PhysicsSpace update
WARNUNG: invoked from wrong thread
Sept. 12, 2026 7:43:41 PM com.jme3.bullet.PhysicsSpace update
WARNUNG: invoked from wrong thread
Sept. 12, 2026 7:43:41 PM com.jme3.bullet.PhysicsSpace update
WARNUNG: invoked from wrong thread
Sept. 12, 2026 7:43:41 PM com.jme3.bullet.PhysicsSpace update
WARNUNG: invoked from wrong thread
Sept. 12, 2026 7:43:41 PM com.jme3.bullet.PhysicsSpace update
WARNUNG: invoked from wrong thread
Sept. 12, 2026 7:43:41 PM com.jme3.bullet.PhysicsSpace update
WARNUNG: invoked from wrong thread
Sept. 12, 2026 7:43:41 PM com.jme3.bullet.PhysicsSpace update
WARNUNG: invoked from wrong thread
Sept. 12, 2026 7:43:41 PM com.jme3.bullet.PhysicsSpace update
WARNUNG: invoked from wrong thread
Sept. 12, 2026 7:43:41 PM com.jme3.bullet.PhysicsSpace update
WARNUNG: invoked from wrong thread
Sept. 12, 2026 7:43:41 PM com.jme3.bullet.PhysicsSpace update
WARNUNG: invoked from wrong thread
Sept. 12, 2026 7:43:41 PM com.jme3.bullet.PhysicsSpace update
WARNUNG: invoked from wrong thread
Sept. 12, 2026 7:43:41 PM com.jme3.bullet.PhysicsSpace update
WARNUNG: invoked from wrong thread
Sept. 12, 2026 7:43:41 PM com.jme3.bullet.PhysicsSpace update
WARNUNG: invoked from wrong thread
Sept. 12, 2026 7:43:41 PM com.jme3.bullet.PhysicsSpace update
WARNUNG: invoked from wrong thread
Sept. 12, 2026 7:43:41 PM com.jme3.bullet.PhysicsSpace update
WARNUNG: invoked from wrong thread
Sept. 12, 2026 7:43:41 PM com.jme3.bullet.PhysicsSpace update
WARNUNG: invoked from wrong thread
Sept. 12, 2026 7:43:41 PM com.jme3.bullet.PhysicsSpace update
WARNUNG: invoked from wrong thread
Sept. 12, 2026 7:43:41 PM com.jme3.bullet.PhysicsSpace update
WARNUNG: invoked from wrong thread
Sept. 12, 2026 7:43:41 PM com.jme3.bullet.PhysicsSpace update
WARNUNG: invoked from wrong thread
Sept. 12, 2026 7:43:41 PM com.jme3.bullet.PhysicsSpace update
WARNUNG: invoked from wrong thread
Sept. 12, 2026 7:43:41 PM com.jme3.bullet.PhysicsSpace update
WARNUNG: invoked from wrong thread
Sept. 12, 2026 7:43:41 PM com.jme3.bullet.PhysicsSpace update
WARNUNG: invoked from wrong thread
Sept. 12, 2026 7:43:41 PM com.jme3.bullet.PhysicsSpace update
WARNUNG: invoked from wrong thread
Sept. 12, 2026 7:43:41 PM com.jme3.bullet.PhysicsSpace update
WARNUNG: invoked from wrong thread
Sept. 12, 2026 7:43:41 PM com.jme3.bullet.PhysicsSpace update
WARNUNG: invoked from wrong thread
Sept. 12, 2026 7:43:41 PM com.jme3.bullet.PhysicsSpace update
WARNUNG: invoked from wrong thread
Sept. 12, 2026 7:43:41 PM com.jme3.bullet.PhysicsSpace update
WARNUNG: invoked from wrong thread
Sept. 12, 2026 7:43:41 PM com.jme3.bullet.PhysicsSpace update
WARNUNG: invoked from wrong thread
Sept. 12, 2026 7:43:41 PM com.jme3.bullet.PhysicsSpace update
WARNUNG: invoked from wrong thread
Sept. 12, 2026 7:43:41 PM com.jme3.bullet.PhysicsSpace update
WARNUNG: invoked from wrong thread
Sept. 12, 2026 7:43:41 PM com.jme3.bullet.PhysicsSpace update
WARNUNG: invoked from wrong thread
Sept. 12, 2026 7:43:41 PM com.jme3.bullet.PhysicsSpace update
WARNUNG: invoked from wrong thread
Sept. 12, 2026 7:43:41 PM com.jme3.bullet.PhysicsSpace update
WARNUNG: invoked from wrong thread
Sept. 12, 2026 7:43:41 PM com.jme3.bullet.PhysicsSpace update
WARNUNG: invoked from wrong thread
Sept. 12, 2026 7:43:41 PM com.jme3.bullet.PhysicsSpace update
WARNUNG: invoked from wrong thread
Sept. 12, 2026 7:43:41 PM com.jme3.bullet.PhysicsSpace update
WARNUNG: invoked from wrong thread
Sept. 12, 2026 7:43:41 PM com.jme3.bullet.PhysicsSpace update
WARNUNG: invoked from wrong thread
Sept. 12, 2026 7:43:41 PM com.jme3.bullet.PhysicsSpace update
WARNUNG: invoked from wrong thread
Sept. 12, 2026 7:43:41 PM com.jme3.bullet.PhysicsSpace update
WARNUNG: invoked from wrong thread
Sept. 12, 2026 7:43:41 PM com.jme3.bullet.PhysicsSpace update
WARNUNG: invoked from wrong thread
Sept. 12, 2026 7:43:41 PM com.jme3.bullet.PhysicsSpace update
WARNUNG: invoked from wrong thread
Sept. 12, 2026 7:43:41 PM com.jme3.bullet.PhysicsSpace update
WARNUNG: invoked from wrong thread
Sept. 12, 2026 7:43:41 PM com.jme3.bullet.PhysicsSpace update
WARNUNG: invoked from wrong thread
Sept. 12, 2026 7:43:41 PM com.jme3.bullet.PhysicsSpace update
WARNUNG: invoked from wrong thread
Sept. 12, 2026 7:43:41 PM com.jme3.bullet.PhysicsSpace update
WARNUNG: invoked from wrong thread
Sept. 12, 2026 7:43:41 PM com.jme3.bullet.PhysicsSpace update
WARNUNG: invoked from wrong thread
Sept. 12, 2026 7:43:41 PM com.jme3.bullet.PhysicsSpace update
WARNUNG: invoked from wrong thread
Sept. 12, 2026 7:43:41 PM com.jme3.bullet.PhysicsSpace update
WARNUNG: invoked from wrong thread
Sept. 12, 2026 7:43:41 PM com.jme3.bullet.PhysicsSpace update
WARNUNG: invoked from wrong thread
Sept. 12, 2026 7:43:42 PM com.jme3.bullet.PhysicsSpace update
WARNUNG: invoked from wrong thread
Sept. 12, 2026 7:43:42 PM com.jme3.bullet.PhysicsSpace update
WARNUNG: invoked from wrong thread
Sept. 12, 2026 7:43:42 PM com.jme3.bullet.PhysicsSpace update
WARNUNG: invoked from wrong thread
Sept. 12, 2026 7:43:42 PM com.jme3.bullet.PhysicsSpace update
WARNUNG: invoked from wrong thread
Sept. 12, 2026 7:43:42 PM com.jme3.bullet.PhysicsSpace update
WARNUNG: invoked from wrong thread
Sept. 12, 2026 7:43:42 PM com.jme3.bullet.PhysicsSpace update
WARNUNG: invoked from wrong thread
Sept. 12, 2026 7:43:42 PM com.jme3.bullet.PhysicsSpace update
WARNUNG: invoked from wrong thread
Sept. 12, 2026 7:43:42 PM com.jme3.bullet.PhysicsSpace update
WARNUNG: invoked from wrong thread
Sept. 12, 2026 7:43:42 PM com.jme3.bullet.PhysicsSpace update
WARNUNG: invoked from wrong thread
Sept. 12, 2026 7:43:42 PM com.jme3.bullet.PhysicsSpace update
WARNUNG: invoked from wrong thread
[SMOKE] stage 17
[CHECK] Return from crypt
[GAME] Die gläserne Tiefe
Sept. 12, 2026 7:43:42 PM com.jme3.bullet.PhysicsSpace update
WARNUNG: invoked from wrong thread
Sept. 12, 2026 7:43:42 PM com.jme3.anim.SkinningControl controlRender
INFORMATION: Hardware skinning engaged for Armature.004 (Node)
Sept. 12, 2026 7:43:42 PM com.jme3.anim.SkinningControl controlRender
INFORMATION: Hardware skinning engaged for GoblinArmature (Node)
Sept. 12, 2026 7:43:42 PM com.jme3.anim.SkinningControl controlRender
INFORMATION: Hardware skinning engaged for GoblinArmature (Node)
Sept. 12, 2026 7:43:42 PM com.jme3.anim.SkinningControl controlRender
INFORMATION: Hardware skinning engaged for CharacterRoot (Node)
Sept. 12, 2026 7:43:42 PM com.jme3.anim.SkinningControl controlRender
INFORMATION: Hardware skinning engaged for CharacterRoot (Node)
Sept. 12, 2026 7:43:42 PM com.jme3.anim.SkinningControl controlRender
INFORMATION: Hardware skinning engaged for OrcArmature (Node)
Sept. 12, 2026 7:43:42 PM com.jme3.anim.SkinningControl controlRender
INFORMATION: Hardware skinning engaged for OrcArmature (Node)
Sept. 12, 2026 7:43:42 PM com.jme3.bullet.PhysicsSpace update
WARNUNG: invoked from wrong thread
Sept. 12, 2026 7:43:42 PM com.jme3.bullet.PhysicsSpace update
WARNUNG: invoked from wrong thread
Sept. 12, 2026 7:43:42 PM com.jme3.bullet.PhysicsSpace update
WARNUNG: invoked from wrong thread
Sept. 12, 2026 7:43:42 PM com.jme3.bullet.PhysicsSpace update
WARNUNG: invoked from wrong thread
Sept. 12, 2026 7:43:42 PM com.jme3.bullet.PhysicsSpace update
WARNUNG: invoked from wrong thread
Sept. 12, 2026 7:43:42 PM com.jme3.bullet.PhysicsSpace update
WARNUNG: invoked from wrong thread
Sept. 12, 2026 7:43:42 PM com.jme3.bullet.PhysicsSpace update
WARNUNG: invoked from wrong thread
Sept. 12, 2026 7:43:42 PM com.jme3.bullet.PhysicsSpace update
WARNUNG: invoked from wrong thread
Sept. 12, 2026 7:43:42 PM com.jme3.bullet.PhysicsSpace update
WARNUNG: invoked from wrong thread
Sept. 12, 2026 7:43:42 PM com.jme3.bullet.PhysicsSpace update
WARNUNG: invoked from wrong thread
Sept. 12, 2026 7:43:42 PM com.jme3.bullet.PhysicsSpace update
WARNUNG: invoked from wrong thread
Sept. 12, 2026 7:43:43 PM com.jme3.bullet.PhysicsSpace update
WARNUNG: invoked from wrong thread
Sept. 12, 2026 7:43:43 PM com.jme3.bullet.PhysicsSpace update
WARNUNG: invoked from wrong thread
Sept. 12, 2026 7:43:43 PM com.jme3.bullet.PhysicsSpace update
WARNUNG: invoked from wrong thread
Sept. 12, 2026 7:43:43 PM com.jme3.bullet.PhysicsSpace update
WARNUNG: invoked from wrong thread
Sept. 12, 2026 7:43:43 PM com.jme3.bullet.PhysicsSpace update
WARNUNG: invoked from wrong thread
Sept. 12, 2026 7:43:43 PM com.jme3.bullet.PhysicsSpace update
WARNUNG: invoked from wrong thread
Sept. 12, 2026 7:43:43 PM com.jme3.bullet.PhysicsSpace update
WARNUNG: invoked from wrong thread
Sept. 12, 2026 7:43:43 PM com.jme3.bullet.PhysicsSpace update
WARNUNG: invoked from wrong thread
Sept. 12, 2026 7:43:43 PM com.jme3.bullet.PhysicsSpace update
WARNUNG: invoked from wrong thread
Sept. 12, 2026 7:43:43 PM com.jme3.bullet.PhysicsSpace update
WARNUNG: invoked from wrong thread
Sept. 12, 2026 7:43:43 PM com.jme3.bullet.PhysicsSpace update
WARNUNG: invoked from wrong thread
Sept. 12, 2026 7:43:43 PM com.jme3.bullet.PhysicsSpace update
WARNUNG: invoked from wrong thread
Sept. 12, 2026 7:43:43 PM com.jme3.bullet.PhysicsSpace update
WARNUNG: invoked from wrong thread
Sept. 12, 2026 7:43:43 PM com.jme3.bullet.PhysicsSpace update
WARNUNG: invoked from wrong thread
Sept. 12, 2026 7:43:43 PM com.jme3.bullet.PhysicsSpace update
WARNUNG: invoked from wrong thread
Sept. 12, 2026 7:43:43 PM com.jme3.bullet.PhysicsSpace update
WARNUNG: invoked from wrong thread
Sept. 12, 2026 7:43:43 PM com.jme3.bullet.PhysicsSpace update
WARNUNG: invoked from wrong thread
Sept. 12, 2026 7:43:43 PM com.jme3.bullet.PhysicsSpace update
WARNUNG: invoked from wrong thread
Sept. 12, 2026 7:43:43 PM com.jme3.bullet.PhysicsSpace update
WARNUNG: invoked from wrong thread
Sept. 12, 2026 7:43:43 PM com.jme3.bullet.PhysicsSpace update
WARNUNG: invoked from wrong thread
Sept. 12, 2026 7:43:43 PM com.jme3.bullet.PhysicsSpace update
WARNUNG: invoked from wrong thread
Sept. 12, 2026 7:43:43 PM com.jme3.bullet.PhysicsSpace update
WARNUNG: invoked from wrong thread
Sept. 12, 2026 7:43:43 PM com.jme3.bullet.PhysicsSpace update
WARNUNG: invoked from wrong thread
Sept. 12, 2026 7:43:43 PM com.jme3.bullet.PhysicsSpace update
WARNUNG: invoked from wrong thread
Sept. 12, 2026 7:43:43 PM com.jme3.bullet.PhysicsSpace update
WARNUNG: invoked from wrong thread
Sept. 12, 2026 7:43:43 PM com.jme3.bullet.PhysicsSpace update
WARNUNG: invoked from wrong thread
Sept. 12, 2026 7:43:43 PM com.jme3.bullet.PhysicsSpace update
WARNUNG: invoked from wrong thread
Sept. 12, 2026 7:43:43 PM com.jme3.bullet.PhysicsSpace update
WARNUNG: invoked from wrong thread
Sept. 12, 2026 7:43:43 PM com.jme3.bullet.PhysicsSpace update
WARNUNG: invoked from wrong thread
Sept. 12, 2026 7:43:43 PM com.jme3.bullet.PhysicsSpace update
WARNUNG: invoked from wrong thread
Sept. 12, 2026 7:43:43 PM com.jme3.bullet.PhysicsSpace update
WARNUNG: invoked from wrong thread
Sept. 12, 2026 7:43:43 PM com.jme3.bullet.PhysicsSpace update
WARNUNG: invoked from wrong thread
Sept. 12, 2026 7:43:43 PM com.jme3.bullet.PhysicsSpace update
WARNUNG: invoked from wrong thread
Sept. 12, 2026 7:43:43 PM com.jme3.bullet.PhysicsSpace update
WARNUNG: invoked from wrong thread
Sept. 12, 2026 7:43:43 PM com.jme3.bullet.PhysicsSpace update
WARNUNG: invoked from wrong thread
Sept. 12, 2026 7:43:43 PM com.jme3.bullet.PhysicsSpace update
WARNUNG: invoked from wrong thread
Sept. 12, 2026 7:43:43 PM com.jme3.bullet.PhysicsSpace update
WARNUNG: invoked from wrong thread
Sept. 12, 2026 7:43:43 PM com.jme3.bullet.PhysicsSpace update
WARNUNG: invoked from wrong thread
Sept. 12, 2026 7:43:43 PM com.jme3.bullet.PhysicsSpace update
WARNUNG: invoked from wrong thread
Sept. 12, 2026 7:43:43 PM com.jme3.bullet.PhysicsSpace update
WARNUNG: invoked from wrong thread
Sept. 12, 2026 7:43:43 PM com.jme3.bullet.PhysicsSpace update
WARNUNG: invoked from wrong thread
Sept. 12, 2026 7:43:43 PM com.jme3.bullet.PhysicsSpace update
WARNUNG: invoked from wrong thread
Sept. 12, 2026 7:43:43 PM com.jme3.bullet.PhysicsSpace update
WARNUNG: invoked from wrong thread
Sept. 12, 2026 7:43:43 PM com.jme3.bullet.PhysicsSpace update
WARNUNG: invoked from wrong thread
Sept. 12, 2026 7:43:43 PM com.jme3.bullet.PhysicsSpace update
WARNUNG: invoked from wrong thread
Sept. 12, 2026 7:43:43 PM com.jme3.bullet.PhysicsSpace update
WARNUNG: invoked from wrong thread
Sept. 12, 2026 7:43:43 PM com.jme3.bullet.PhysicsSpace update
WARNUNG: invoked from wrong thread
Sept. 12, 2026 7:43:43 PM com.jme3.bullet.PhysicsSpace update
WARNUNG: invoked from wrong thread
Sept. 12, 2026 7:43:43 PM com.jme3.bullet.PhysicsSpace update
WARNUNG: invoked from wrong thread
Sept. 12, 2026 7:43:43 PM com.jme3.bullet.PhysicsSpace update
WARNUNG: invoked from wrong thread
Sept. 12, 2026 7:43:43 PM com.jme3.bullet.PhysicsSpace update
WARNUNG: invoked from wrong thread
Sept. 12, 2026 7:43:43 PM com.jme3.bullet.PhysicsSpace update
WARNUNG: invoked from wrong thread
Sept. 12, 2026 7:43:43 PM com.jme3.bullet.PhysicsSpace update
WARNUNG: invoked from wrong thread
Sept. 12, 2026 7:43:43 PM com.jme3.bullet.PhysicsSpace update
WARNUNG: invoked from wrong thread
Sept. 12, 2026 7:43:43 PM com.jme3.bullet.PhysicsSpace update
WARNUNG: invoked from wrong thread
Sept. 12, 2026 7:43:43 PM com.jme3.bullet.PhysicsSpace update
WARNUNG: invoked from wrong thread
Sept. 12, 2026 7:43:43 PM com.jme3.bullet.PhysicsSpace update
WARNUNG: invoked from wrong thread
Sept. 12, 2026 7:43:43 PM com.jme3.bullet.PhysicsSpace update
WARNUNG: invoked from wrong thread
Sept. 12, 2026 7:43:43 PM com.jme3.bullet.PhysicsSpace update
WARNUNG: invoked from wrong thread
Sept. 12, 2026 7:43:43 PM com.jme3.bullet.PhysicsSpace update
WARNUNG: invoked from wrong thread
Sept. 12, 2026 7:43:44 PM com.jme3.bullet.PhysicsSpace update
WARNUNG: invoked from wrong thread
Sept. 12, 2026 7:43:44 PM com.jme3.bullet.PhysicsSpace update
WARNUNG: invoked from wrong thread
Sept. 12, 2026 7:43:44 PM com.jme3.bullet.PhysicsSpace update
WARNUNG: invoked from wrong thread
Sept. 12, 2026 7:43:44 PM com.jme3.bullet.PhysicsSpace update
WARNUNG: invoked from wrong thread
Sept. 12, 2026 7:43:44 PM com.jme3.bullet.PhysicsSpace update
WARNUNG: invoked from wrong thread
Sept. 12, 2026 7:43:44 PM com.jme3.bullet.PhysicsSpace update
WARNUNG: invoked from wrong thread
Sept. 12, 2026 7:43:44 PM com.jme3.bullet.PhysicsSpace update
WARNUNG: invoked from wrong thread
Sept. 12, 2026 7:43:44 PM com.jme3.bullet.PhysicsSpace update
WARNUNG: invoked from wrong thread
Sept. 12, 2026 7:43:44 PM com.jme3.bullet.PhysicsSpace update
WARNUNG: invoked from wrong thread
Sept. 12, 2026 7:43:44 PM com.jme3.bullet.PhysicsSpace update
WARNUNG: invoked from wrong thread
Sept. 12, 2026 7:43:44 PM com.jme3.bullet.PhysicsSpace update
WARNUNG: invoked from wrong thread
Sept. 12, 2026 7:43:44 PM com.jme3.bullet.PhysicsSpace update
WARNUNG: invoked from wrong thread
Sept. 12, 2026 7:43:44 PM com.jme3.bullet.PhysicsSpace update
WARNUNG: invoked from wrong thread
Sept. 12, 2026 7:43:44 PM com.jme3.bullet.PhysicsSpace update
WARNUNG: invoked from wrong thread
Sept. 12, 2026 7:43:44 PM com.jme3.bullet.PhysicsSpace update
WARNUNG: invoked from wrong thread
Sept. 12, 2026 7:43:44 PM com.jme3.bullet.PhysicsSpace update
WARNUNG: invoked from wrong thread
Sept. 12, 2026 7:43:44 PM com.jme3.bullet.PhysicsSpace update
WARNUNG: invoked from wrong thread
Sept. 12, 2026 7:43:44 PM com.jme3.bullet.PhysicsSpace update
WARNUNG: invoked from wrong thread
Sept. 12, 2026 7:43:44 PM com.jme3.bullet.PhysicsSpace update
WARNUNG: invoked from wrong thread
Sept. 12, 2026 7:43:44 PM com.jme3.bullet.PhysicsSpace update
WARNUNG: invoked from wrong thread
Sept. 12, 2026 7:43:44 PM com.jme3.bullet.PhysicsSpace update
WARNUNG: invoked from wrong thread
Sept. 12, 2026 7:43:44 PM com.jme3.bullet.PhysicsSpace update
WARNUNG: invoked from wrong thread
Sept. 12, 2026 7:43:44 PM com.jme3.bullet.PhysicsSpace update
WARNUNG: invoked from wrong thread
Sept. 12, 2026 7:43:44 PM com.jme3.bullet.PhysicsSpace update
WARNUNG: invoked from wrong thread
Sept. 12, 2026 7:43:44 PM com.jme3.bullet.PhysicsSpace update
WARNUNG: invoked from wrong thread
Sept. 12, 2026 7:43:44 PM com.jme3.bullet.PhysicsSpace update
WARNUNG: invoked from wrong thread
Sept. 12, 2026 7:43:44 PM com.jme3.bullet.PhysicsSpace update
WARNUNG: invoked from wrong thread
Sept. 12, 2026 7:43:44 PM com.jme3.bullet.PhysicsSpace update
WARNUNG: invoked from wrong thread
Sept. 12, 2026 7:43:44 PM com.jme3.bullet.PhysicsSpace update
WARNUNG: invoked from wrong thread
Sept. 12, 2026 7:43:44 PM com.jme3.bullet.PhysicsSpace update
WARNUNG: invoked from wrong thread
Sept. 12, 2026 7:43:44 PM com.jme3.bullet.PhysicsSpace update
WARNUNG: invoked from wrong thread
Sept. 12, 2026 7:43:44 PM com.jme3.bullet.PhysicsSpace update
WARNUNG: invoked from wrong thread
Sept. 12, 2026 7:43:44 PM com.jme3.bullet.PhysicsSpace update
WARNUNG: invoked from wrong thread
Sept. 12, 2026 7:43:44 PM com.jme3.bullet.PhysicsSpace update
WARNUNG: invoked from wrong thread
Sept. 12, 2026 7:43:44 PM com.jme3.bullet.PhysicsSpace update
WARNUNG: invoked from wrong thread
Sept. 12, 2026 7:43:44 PM com.jme3.bullet.PhysicsSpace update
WARNUNG: invoked from wrong thread
Sept. 12, 2026 7:43:44 PM com.jme3.bullet.PhysicsSpace update
WARNUNG: invoked from wrong thread
Sept. 12, 2026 7:43:44 PM com.jme3.bullet.PhysicsSpace update
WARNUNG: invoked from wrong thread
Sept. 12, 2026 7:43:44 PM com.jme3.bullet.PhysicsSpace update
WARNUNG: invoked from wrong thread
Sept. 12, 2026 7:43:44 PM com.jme3.bullet.PhysicsSpace update
WARNUNG: invoked from wrong thread
Sept. 12, 2026 7:43:44 PM com.jme3.bullet.PhysicsSpace update
WARNUNG: invoked from wrong thread
[SMOKE] stage 18
[CHECK] Cavern portal transition
[GAME] Goblin besiegt  +35 EP  +8 Gold
[GAME] Goblin besiegt  +35 EP  +8 Gold
[GAME] Goblin besiegt  +35 EP  +8 Gold
[GAME] Goblin besiegt  +35 EP  +8 Gold
[GAME] Goblin besiegt  +35 EP  +8 Gold
[GAME] Goblin besiegt  +35 EP  +8 Gold
[GAME] Aschenrufer besiegt  +65 EP  +23 Gold
[GAME] Aschenrufer besiegt  +65 EP  +23 Gold
[GAME] STUFE 5  -  Fähigkeitspunkt erhalten [K]
[GAME] Ork-Brecher besiegt  +70 EP  +13 Gold
[GAME] Ork-Brecher besiegt  +70 EP  +13 Gold
[GAME] Auftrag erfüllt: Die Straßen werden still  +150 EP
[GAME] Kristallader gereinigt. 1 / 3
[GAME] Kristallader gereinigt. 2 / 3
[GAME] Kristallader gereinigt. 3 / 3
[GAME] Kristallherz erhalten!
[GAME] Auftrag erfüllt: Die zwei Eide  +150 EP
[GAME] Stufe 6 erreicht! K: Fähigkeiten verbessern.
[GAME] Auftrag erfüllt: Das Herz des Berges  +120 EP
[CHECK] Both parallel paths award their keys
[GAME] Die letzte Zuflucht
Sept. 12, 2026 7:43:45 PM com.jme3.bullet.PhysicsSpace update
WARNUNG: invoked from wrong thread
Sept. 12, 2026 7:43:45 PM com.jme3.anim.SkinningControl controlRender
INFORMATION: Hardware skinning engaged for Armature.008 (Node)
Sept. 12, 2026 7:43:45 PM com.jme3.anim.SkinningControl controlRender
INFORMATION: Hardware skinning engaged for Armature.004 (Node)
Sept. 12, 2026 7:43:45 PM com.jme3.bullet.PhysicsSpace update
WARNUNG: invoked from wrong thread
Sept. 12, 2026 7:43:45 PM com.jme3.bullet.PhysicsSpace update
WARNUNG: invoked from wrong thread
Sept. 12, 2026 7:43:45 PM com.jme3.bullet.PhysicsSpace update
WARNUNG: invoked from wrong thread
Sept. 12, 2026 7:43:45 PM com.jme3.bullet.PhysicsSpace update
WARNUNG: invoked from wrong thread
Sept. 12, 2026 7:43:45 PM com.jme3.bullet.PhysicsSpace update
WARNUNG: invoked from wrong thread
Sept. 12, 2026 7:43:45 PM com.jme3.bullet.PhysicsSpace update
WARNUNG: invoked from wrong thread
Sept. 12, 2026 7:43:45 PM com.jme3.bullet.PhysicsSpace update
WARNUNG: invoked from wrong thread
Sept. 12, 2026 7:43:45 PM com.jme3.bullet.PhysicsSpace update
WARNUNG: invoked from wrong thread
Sept. 12, 2026 7:43:45 PM com.jme3.bullet.PhysicsSpace update
WARNUNG: invoked from wrong thread
Sept. 12, 2026 7:43:45 PM com.jme3.bullet.PhysicsSpace update
WARNUNG: invoked from wrong thread
Sept. 12, 2026 7:43:45 PM com.jme3.bullet.PhysicsSpace update
WARNUNG: invoked from wrong thread
Sept. 12, 2026 7:43:45 PM com.jme3.bullet.PhysicsSpace update
WARNUNG: invoked from wrong thread
Sept. 12, 2026 7:43:45 PM com.jme3.bullet.PhysicsSpace update
WARNUNG: invoked from wrong thread
Sept. 12, 2026 7:43:45 PM com.jme3.bullet.PhysicsSpace update
WARNUNG: invoked from wrong thread
Sept. 12, 2026 7:43:45 PM com.jme3.bullet.PhysicsSpace update
WARNUNG: invoked from wrong thread
Sept. 12, 2026 7:43:45 PM com.jme3.bullet.PhysicsSpace update
WARNUNG: invoked from wrong thread
Sept. 12, 2026 7:43:45 PM com.jme3.bullet.PhysicsSpace update
WARNUNG: invoked from wrong thread
Sept. 12, 2026 7:43:45 PM com.jme3.bullet.PhysicsSpace update
WARNUNG: invoked from wrong thread
Sept. 12, 2026 7:43:45 PM com.jme3.bullet.PhysicsSpace update
WARNUNG: invoked from wrong thread
Sept. 12, 2026 7:43:45 PM com.jme3.bullet.PhysicsSpace update
WARNUNG: invoked from wrong thread
Sept. 12, 2026 7:43:45 PM com.jme3.bullet.PhysicsSpace update
WARNUNG: invoked from wrong thread
Sept. 12, 2026 7:43:45 PM com.jme3.bullet.PhysicsSpace update
WARNUNG: invoked from wrong thread
Sept. 12, 2026 7:43:45 PM com.jme3.bullet.PhysicsSpace update
WARNUNG: invoked from wrong thread
Sept. 12, 2026 7:43:45 PM com.jme3.bullet.PhysicsSpace update
WARNUNG: invoked from wrong thread
Sept. 12, 2026 7:43:45 PM com.jme3.bullet.PhysicsSpace update
WARNUNG: invoked from wrong thread
Sept. 12, 2026 7:43:45 PM com.jme3.bullet.PhysicsSpace update
WARNUNG: invoked from wrong thread
Sept. 12, 2026 7:43:45 PM com.jme3.bullet.PhysicsSpace update
WARNUNG: invoked from wrong thread
Sept. 12, 2026 7:43:45 PM com.jme3.bullet.PhysicsSpace update
WARNUNG: invoked from wrong thread
Sept. 12, 2026 7:43:45 PM com.jme3.bullet.PhysicsSpace update
WARNUNG: invoked from wrong thread
Sept. 12, 2026 7:43:45 PM com.jme3.bullet.PhysicsSpace update
WARNUNG: invoked from wrong thread
Sept. 12, 2026 7:43:45 PM com.jme3.bullet.PhysicsSpace update
WARNUNG: invoked from wrong thread
Sept. 12, 2026 7:43:45 PM com.jme3.bullet.PhysicsSpace update
WARNUNG: invoked from wrong thread
Sept. 12, 2026 7:43:45 PM com.jme3.bullet.PhysicsSpace update
WARNUNG: invoked from wrong thread
Sept. 12, 2026 7:43:45 PM com.jme3.bullet.PhysicsSpace update
WARNUNG: invoked from wrong thread
Sept. 12, 2026 7:43:45 PM com.jme3.bullet.PhysicsSpace update
WARNUNG: invoked from wrong thread
Sept. 12, 2026 7:43:45 PM com.jme3.bullet.PhysicsSpace update
WARNUNG: invoked from wrong thread
Sept. 12, 2026 7:43:45 PM com.jme3.bullet.PhysicsSpace update
WARNUNG: invoked from wrong thread
Sept. 12, 2026 7:43:45 PM com.jme3.bullet.PhysicsSpace update
WARNUNG: invoked from wrong thread
Sept. 12, 2026 7:43:45 PM com.jme3.bullet.PhysicsSpace update
WARNUNG: invoked from wrong thread
Sept. 12, 2026 7:43:45 PM com.jme3.bullet.PhysicsSpace update
WARNUNG: invoked from wrong thread
Sept. 12, 2026 7:43:46 PM com.jme3.bullet.PhysicsSpace update
WARNUNG: invoked from wrong thread
Sept. 12, 2026 7:43:46 PM com.jme3.bullet.PhysicsSpace update
WARNUNG: invoked from wrong thread
Sept. 12, 2026 7:43:46 PM com.jme3.bullet.PhysicsSpace update
WARNUNG: invoked from wrong thread
Sept. 12, 2026 7:43:46 PM com.jme3.bullet.PhysicsSpace update
WARNUNG: invoked from wrong thread
Sept. 12, 2026 7:43:46 PM com.jme3.bullet.PhysicsSpace update
WARNUNG: invoked from wrong thread
Sept. 12, 2026 7:43:46 PM com.jme3.bullet.PhysicsSpace update
WARNUNG: invoked from wrong thread
Sept. 12, 2026 7:43:46 PM com.jme3.bullet.PhysicsSpace update
WARNUNG: invoked from wrong thread
Sept. 12, 2026 7:43:46 PM com.jme3.bullet.PhysicsSpace update
WARNUNG: invoked from wrong thread
Sept. 12, 2026 7:43:46 PM com.jme3.bullet.PhysicsSpace update
WARNUNG: invoked from wrong thread
Sept. 12, 2026 7:43:46 PM com.jme3.bullet.PhysicsSpace update
WARNUNG: invoked from wrong thread
Sept. 12, 2026 7:43:46 PM com.jme3.bullet.PhysicsSpace update
WARNUNG: invoked from wrong thread
Sept. 12, 2026 7:43:46 PM com.jme3.bullet.PhysicsSpace update
WARNUNG: invoked from wrong thread
Sept. 12, 2026 7:43:46 PM com.jme3.bullet.PhysicsSpace update
WARNUNG: invoked from wrong thread
Sept. 12, 2026 7:43:46 PM com.jme3.bullet.PhysicsSpace update
WARNUNG: invoked from wrong thread
Sept. 12, 2026 7:43:46 PM com.jme3.bullet.PhysicsSpace update
WARNUNG: invoked from wrong thread
Sept. 12, 2026 7:43:46 PM com.jme3.bullet.PhysicsSpace update
WARNUNG: invoked from wrong thread
Sept. 12, 2026 7:43:46 PM com.jme3.bullet.PhysicsSpace update
WARNUNG: invoked from wrong thread
Sept. 12, 2026 7:43:46 PM com.jme3.bullet.PhysicsSpace update
WARNUNG: invoked from wrong thread
Sept. 12, 2026 7:43:46 PM com.jme3.bullet.PhysicsSpace update
WARNUNG: invoked from wrong thread
Sept. 12, 2026 7:43:46 PM com.jme3.bullet.PhysicsSpace update
WARNUNG: invoked from wrong thread
Sept. 12, 2026 7:43:46 PM com.jme3.bullet.PhysicsSpace update
WARNUNG: invoked from wrong thread
Sept. 12, 2026 7:43:46 PM com.jme3.bullet.PhysicsSpace update
WARNUNG: invoked from wrong thread
Sept. 12, 2026 7:43:46 PM com.jme3.bullet.PhysicsSpace update
WARNUNG: invoked from wrong thread
Sept. 12, 2026 7:43:46 PM com.jme3.bullet.PhysicsSpace update
WARNUNG: invoked from wrong thread
Sept. 12, 2026 7:43:46 PM com.jme3.bullet.PhysicsSpace update
WARNUNG: invoked from wrong thread
Sept. 12, 2026 7:43:46 PM com.jme3.bullet.PhysicsSpace update
WARNUNG: invoked from wrong thread
Sept. 12, 2026 7:43:46 PM com.jme3.bullet.PhysicsSpace update
WARNUNG: invoked from wrong thread
Sept. 12, 2026 7:43:46 PM com.jme3.bullet.PhysicsSpace update
WARNUNG: invoked from wrong thread
Sept. 12, 2026 7:43:46 PM com.jme3.bullet.PhysicsSpace update
WARNUNG: invoked from wrong thread
Sept. 12, 2026 7:43:46 PM com.jme3.bullet.PhysicsSpace update
WARNUNG: invoked from wrong thread
Sept. 12, 2026 7:43:46 PM com.jme3.bullet.PhysicsSpace update
WARNUNG: invoked from wrong thread
Sept. 12, 2026 7:43:46 PM com.jme3.bullet.PhysicsSpace update
WARNUNG: invoked from wrong thread
Sept. 12, 2026 7:43:46 PM com.jme3.bullet.PhysicsSpace update
WARNUNG: invoked from wrong thread
Sept. 12, 2026 7:43:46 PM com.jme3.bullet.PhysicsSpace update
WARNUNG: invoked from wrong thread
Sept. 12, 2026 7:43:46 PM com.jme3.bullet.PhysicsSpace update
WARNUNG: invoked from wrong thread
Sept. 12, 2026 7:43:46 PM com.jme3.bullet.PhysicsSpace update
WARNUNG: invoked from wrong thread
Sept. 12, 2026 7:43:46 PM com.jme3.bullet.PhysicsSpace update
WARNUNG: invoked from wrong thread
Sept. 12, 2026 7:43:46 PM com.jme3.bullet.PhysicsSpace update
WARNUNG: invoked from wrong thread
Sept. 12, 2026 7:43:46 PM com.jme3.bullet.PhysicsSpace update
WARNUNG: invoked from wrong thread
Sept. 12, 2026 7:43:46 PM com.jme3.bullet.PhysicsSpace update
WARNUNG: invoked from wrong thread
Sept. 12, 2026 7:43:46 PM com.jme3.bullet.PhysicsSpace update
WARNUNG: invoked from wrong thread
Sept. 12, 2026 7:43:46 PM com.jme3.bullet.PhysicsSpace update
WARNUNG: invoked from wrong thread
Sept. 12, 2026 7:43:46 PM com.jme3.bullet.PhysicsSpace update
WARNUNG: invoked from wrong thread
Sept. 12, 2026 7:43:46 PM com.jme3.bullet.PhysicsSpace update
WARNUNG: invoked from wrong thread
Sept. 12, 2026 7:43:46 PM com.jme3.bullet.PhysicsSpace update
WARNUNG: invoked from wrong thread
Sept. 12, 2026 7:43:46 PM com.jme3.bullet.PhysicsSpace update
WARNUNG: invoked from wrong thread
Sept. 12, 2026 7:43:46 PM com.jme3.bullet.PhysicsSpace update
WARNUNG: invoked from wrong thread
Sept. 12, 2026 7:43:46 PM com.jme3.bullet.PhysicsSpace update
WARNUNG: invoked from wrong thread
Sept. 12, 2026 7:43:46 PM com.jme3.bullet.PhysicsSpace update
WARNUNG: invoked from wrong thread
Sept. 12, 2026 7:43:46 PM com.jme3.bullet.PhysicsSpace update
WARNUNG: invoked from wrong thread
Sept. 12, 2026 7:43:46 PM com.jme3.bullet.PhysicsSpace update
WARNUNG: invoked from wrong thread
Sept. 12, 2026 7:43:46 PM com.jme3.bullet.PhysicsSpace update
WARNUNG: invoked from wrong thread
Sept. 12, 2026 7:43:46 PM com.jme3.bullet.PhysicsSpace update
WARNUNG: invoked from wrong thread
Sept. 12, 2026 7:43:46 PM com.jme3.bullet.PhysicsSpace update
WARNUNG: invoked from wrong thread
Sept. 12, 2026 7:43:46 PM com.jme3.bullet.PhysicsSpace update
WARNUNG: invoked from wrong thread
Sept. 12, 2026 7:43:46 PM com.jme3.bullet.PhysicsSpace update
WARNUNG: invoked from wrong thread
Sept. 12, 2026 7:43:46 PM com.jme3.bullet.PhysicsSpace update
WARNUNG: invoked from wrong thread
Sept. 12, 2026 7:43:46 PM com.jme3.bullet.PhysicsSpace update
WARNUNG: invoked from wrong thread
Sept. 12, 2026 7:43:46 PM com.jme3.bullet.PhysicsSpace update
WARNUNG: invoked from wrong thread
Sept. 12, 2026 7:43:46 PM com.jme3.bullet.PhysicsSpace update
WARNUNG: invoked from wrong thread
Sept. 12, 2026 7:43:47 PM com.jme3.bullet.PhysicsSpace update
WARNUNG: invoked from wrong thread
Sept. 12, 2026 7:43:47 PM com.jme3.bullet.PhysicsSpace update
WARNUNG: invoked from wrong thread
Sept. 12, 2026 7:43:47 PM com.jme3.bullet.PhysicsSpace update
WARNUNG: invoked from wrong thread
Sept. 12, 2026 7:43:47 PM com.jme3.bullet.PhysicsSpace update
WARNUNG: invoked from wrong thread
Sept. 12, 2026 7:43:47 PM com.jme3.bullet.PhysicsSpace update
WARNUNG: invoked from wrong thread
Sept. 12, 2026 7:43:47 PM com.jme3.bullet.PhysicsSpace update
WARNUNG: invoked from wrong thread
Sept. 12, 2026 7:43:47 PM com.jme3.bullet.PhysicsSpace update
WARNUNG: invoked from wrong thread
Sept. 12, 2026 7:43:47 PM com.jme3.bullet.PhysicsSpace update
WARNUNG: invoked from wrong thread
Sept. 12, 2026 7:43:47 PM com.jme3.bullet.PhysicsSpace update
WARNUNG: invoked from wrong thread
Sept. 12, 2026 7:43:47 PM com.jme3.bullet.PhysicsSpace update
WARNUNG: invoked from wrong thread
Sept. 12, 2026 7:43:47 PM com.jme3.bullet.PhysicsSpace update
WARNUNG: invoked from wrong thread
[SMOKE] stage 19
[GAME] Das Kettenverlies
Sept. 12, 2026 7:43:47 PM com.jme3.bullet.PhysicsSpace update
WARNUNG: invoked from wrong thread
Sept. 12, 2026 7:43:47 PM com.jme3.anim.SkinningControl controlRender
INFORMATION: Hardware skinning engaged for ErenArmature (Node)
Sept. 12, 2026 7:43:47 PM com.jme3.anim.SkinningControl controlRender
INFORMATION: Hardware skinning engaged for Armature.004 (Node)
Sept. 12, 2026 7:43:47 PM com.jme3.anim.SkinningControl controlRender
INFORMATION: Hardware skinning engaged for GoblinArmature (Node)
Sept. 12, 2026 7:43:47 PM com.jme3.anim.SkinningControl controlRender
INFORMATION: Hardware skinning engaged for OrcArmature (Node)
Sept. 12, 2026 7:43:47 PM com.jme3.anim.SkinningControl controlRender
INFORMATION: Hardware skinning engaged for OrcArmature (Node)
Sept. 12, 2026 7:43:47 PM com.jme3.anim.SkinningControl controlRender
INFORMATION: Hardware skinning engaged for WardenArmature (Node)
Sept. 12, 2026 7:43:47 PM com.jme3.anim.SkinningControl controlRender
INFORMATION: Hardware skinning engaged for WardenArmature (Node)
Sept. 12, 2026 7:43:47 PM com.jme3.bullet.PhysicsSpace update
WARNUNG: invoked from wrong thread
Sept. 12, 2026 7:43:47 PM com.jme3.bullet.PhysicsSpace update
WARNUNG: invoked from wrong thread
Sept. 12, 2026 7:43:47 PM com.jme3.bullet.PhysicsSpace update
WARNUNG: invoked from wrong thread
Sept. 12, 2026 7:43:47 PM com.jme3.bullet.PhysicsSpace update
WARNUNG: invoked from wrong thread
Sept. 12, 2026 7:43:47 PM com.jme3.bullet.PhysicsSpace update
WARNUNG: invoked from wrong thread
Sept. 12, 2026 7:43:47 PM com.jme3.bullet.PhysicsSpace update
WARNUNG: invoked from wrong thread
Sept. 12, 2026 7:43:47 PM com.jme3.bullet.PhysicsSpace update
WARNUNG: invoked from wrong thread
Sept. 12, 2026 7:43:47 PM com.jme3.bullet.PhysicsSpace update
WARNUNG: invoked from wrong thread
Sept. 12, 2026 7:43:47 PM com.jme3.bullet.PhysicsSpace update
WARNUNG: invoked from wrong thread
Sept. 12, 2026 7:43:47 PM com.jme3.bullet.PhysicsSpace update
WARNUNG: invoked from wrong thread
Sept. 12, 2026 7:43:48 PM com.jme3.bullet.PhysicsSpace update
WARNUNG: invoked from wrong thread
Sept. 12, 2026 7:43:48 PM com.jme3.bullet.PhysicsSpace update
WARNUNG: invoked from wrong thread
Sept. 12, 2026 7:43:48 PM com.jme3.bullet.PhysicsSpace update
WARNUNG: invoked from wrong thread
Sept. 12, 2026 7:43:48 PM com.jme3.bullet.PhysicsSpace update
WARNUNG: invoked from wrong thread
Sept. 12, 2026 7:43:48 PM com.jme3.bullet.PhysicsSpace update
WARNUNG: invoked from wrong thread
Sept. 12, 2026 7:43:48 PM com.jme3.bullet.PhysicsSpace update
WARNUNG: invoked from wrong thread
Sept. 12, 2026 7:43:48 PM com.jme3.bullet.PhysicsSpace update
WARNUNG: invoked from wrong thread
Sept. 12, 2026 7:43:48 PM com.jme3.bullet.PhysicsSpace update
WARNUNG: invoked from wrong thread
Sept. 12, 2026 7:43:48 PM com.jme3.bullet.PhysicsSpace update
WARNUNG: invoked from wrong thread
Sept. 12, 2026 7:43:48 PM com.jme3.bullet.PhysicsSpace update
WARNUNG: invoked from wrong thread
Sept. 12, 2026 7:43:48 PM com.jme3.bullet.PhysicsSpace update
WARNUNG: invoked from wrong thread
Sept. 12, 2026 7:43:48 PM com.jme3.bullet.PhysicsSpace update
WARNUNG: invoked from wrong thread
Sept. 12, 2026 7:43:48 PM com.jme3.bullet.PhysicsSpace update
WARNUNG: invoked from wrong thread
Sept. 12, 2026 7:43:48 PM com.jme3.bullet.PhysicsSpace update
WARNUNG: invoked from wrong thread
Sept. 12, 2026 7:43:48 PM com.jme3.bullet.PhysicsSpace update
WARNUNG: invoked from wrong thread
Sept. 12, 2026 7:43:48 PM com.jme3.bullet.PhysicsSpace update
WARNUNG: invoked from wrong thread
Sept. 12, 2026 7:43:48 PM com.jme3.bullet.PhysicsSpace update
WARNUNG: invoked from wrong thread
Sept. 12, 2026 7:43:48 PM com.jme3.bullet.PhysicsSpace update
WARNUNG: invoked from wrong thread
Sept. 12, 2026 7:43:48 PM com.jme3.bullet.PhysicsSpace update
WARNUNG: invoked from wrong thread
Sept. 12, 2026 7:43:48 PM com.jme3.bullet.PhysicsSpace update
WARNUNG: invoked from wrong thread
Sept. 12, 2026 7:43:48 PM com.jme3.bullet.PhysicsSpace update
WARNUNG: invoked from wrong thread
Sept. 12, 2026 7:43:48 PM com.jme3.bullet.PhysicsSpace update
WARNUNG: invoked from wrong thread
Sept. 12, 2026 7:43:48 PM com.jme3.bullet.PhysicsSpace update
WARNUNG: invoked from wrong thread
Sept. 12, 2026 7:43:48 PM com.jme3.bullet.PhysicsSpace update
WARNUNG: invoked from wrong thread
Sept. 12, 2026 7:43:48 PM com.jme3.bullet.PhysicsSpace update
WARNUNG: invoked from wrong thread
Sept. 12, 2026 7:43:48 PM com.jme3.bullet.PhysicsSpace update
WARNUNG: invoked from wrong thread
Sept. 12, 2026 7:43:48 PM com.jme3.bullet.PhysicsSpace update
WARNUNG: invoked from wrong thread
Sept. 12, 2026 7:43:48 PM com.jme3.bullet.PhysicsSpace update
WARNUNG: invoked from wrong thread
Sept. 12, 2026 7:43:48 PM com.jme3.bullet.PhysicsSpace update
WARNUNG: invoked from wrong thread
Sept. 12, 2026 7:43:48 PM com.jme3.bullet.PhysicsSpace update
WARNUNG: invoked from wrong thread
Sept. 12, 2026 7:43:48 PM com.jme3.bullet.PhysicsSpace update
WARNUNG: invoked from wrong thread
Sept. 12, 2026 7:43:48 PM com.jme3.bullet.PhysicsSpace update
WARNUNG: invoked from wrong thread
Sept. 12, 2026 7:43:48 PM com.jme3.bullet.PhysicsSpace update
WARNUNG: invoked from wrong thread
Sept. 12, 2026 7:43:48 PM com.jme3.bullet.PhysicsSpace update
WARNUNG: invoked from wrong thread
Sept. 12, 2026 7:43:48 PM com.jme3.bullet.PhysicsSpace update
WARNUNG: invoked from wrong thread
Sept. 12, 2026 7:43:48 PM com.jme3.bullet.PhysicsSpace update
WARNUNG: invoked from wrong thread
Sept. 12, 2026 7:43:48 PM com.jme3.bullet.PhysicsSpace update
WARNUNG: invoked from wrong thread
Sept. 12, 2026 7:43:48 PM com.jme3.bullet.PhysicsSpace update
WARNUNG: invoked from wrong thread
Sept. 12, 2026 7:43:48 PM com.jme3.bullet.PhysicsSpace update
WARNUNG: invoked from wrong thread
Sept. 12, 2026 7:43:48 PM com.jme3.bullet.PhysicsSpace update
WARNUNG: invoked from wrong thread
Sept. 12, 2026 7:43:48 PM com.jme3.bullet.PhysicsSpace update
WARNUNG: invoked from wrong thread
Sept. 12, 2026 7:43:48 PM com.jme3.bullet.PhysicsSpace update
WARNUNG: invoked from wrong thread
Sept. 12, 2026 7:43:48 PM com.jme3.bullet.PhysicsSpace update
WARNUNG: invoked from wrong thread
Sept. 12, 2026 7:43:48 PM com.jme3.bullet.PhysicsSpace update
WARNUNG: invoked from wrong thread
Sept. 12, 2026 7:43:48 PM com.jme3.bullet.PhysicsSpace update
WARNUNG: invoked from wrong thread
Sept. 12, 2026 7:43:48 PM com.jme3.bullet.PhysicsSpace update
WARNUNG: invoked from wrong thread
Sept. 12, 2026 7:43:48 PM com.jme3.bullet.PhysicsSpace update
WARNUNG: invoked from wrong thread
Sept. 12, 2026 7:43:48 PM com.jme3.bullet.PhysicsSpace update
WARNUNG: invoked from wrong thread
Sept. 12, 2026 7:43:48 PM com.jme3.bullet.PhysicsSpace update
WARNUNG: invoked from wrong thread
Sept. 12, 2026 7:43:48 PM com.jme3.bullet.PhysicsSpace update
WARNUNG: invoked from wrong thread
Sept. 12, 2026 7:43:48 PM com.jme3.bullet.PhysicsSpace update
WARNUNG: invoked from wrong thread
Sept. 12, 2026 7:43:48 PM com.jme3.bullet.PhysicsSpace update
WARNUNG: invoked from wrong thread
Sept. 12, 2026 7:43:48 PM com.jme3.bullet.PhysicsSpace update
WARNUNG: invoked from wrong thread
Sept. 12, 2026 7:43:48 PM com.jme3.bullet.PhysicsSpace update
WARNUNG: invoked from wrong thread
Sept. 12, 2026 7:43:48 PM com.jme3.bullet.PhysicsSpace update
WARNUNG: invoked from wrong thread
Sept. 12, 2026 7:43:48 PM com.jme3.bullet.PhysicsSpace update
WARNUNG: invoked from wrong thread
Sept. 12, 2026 7:43:48 PM com.jme3.bullet.PhysicsSpace update
WARNUNG: invoked from wrong thread
Sept. 12, 2026 7:43:48 PM com.jme3.bullet.PhysicsSpace update
WARNUNG: invoked from wrong thread
Sept. 12, 2026 7:43:48 PM com.jme3.bullet.PhysicsSpace update
WARNUNG: invoked from wrong thread
Sept. 12, 2026 7:43:48 PM com.jme3.bullet.PhysicsSpace update
WARNUNG: invoked from wrong thread
Sept. 12, 2026 7:43:49 PM com.jme3.bullet.PhysicsSpace update
WARNUNG: invoked from wrong thread
Sept. 12, 2026 7:43:49 PM com.jme3.bullet.PhysicsSpace update
WARNUNG: invoked from wrong thread
Sept. 12, 2026 7:43:49 PM com.jme3.bullet.PhysicsSpace update
WARNUNG: invoked from wrong thread
Sept. 12, 2026 7:43:49 PM com.jme3.bullet.PhysicsSpace update
WARNUNG: invoked from wrong thread
Sept. 12, 2026 7:43:49 PM com.jme3.bullet.PhysicsSpace update
WARNUNG: invoked from wrong thread
Sept. 12, 2026 7:43:49 PM com.jme3.bullet.PhysicsSpace update
WARNUNG: invoked from wrong thread
Sept. 12, 2026 7:43:49 PM com.jme3.bullet.PhysicsSpace update
WARNUNG: invoked from wrong thread
Sept. 12, 2026 7:43:49 PM com.jme3.bullet.PhysicsSpace update
WARNUNG: invoked from wrong thread
Sept. 12, 2026 7:43:49 PM com.jme3.bullet.PhysicsSpace update
WARNUNG: invoked from wrong thread
Sept. 12, 2026 7:43:49 PM com.jme3.bullet.PhysicsSpace update
WARNUNG: invoked from wrong thread
Sept. 12, 2026 7:43:49 PM com.jme3.bullet.PhysicsSpace update
WARNUNG: invoked from wrong thread
Sept. 12, 2026 7:43:49 PM com.jme3.bullet.PhysicsSpace update
WARNUNG: invoked from wrong thread
Sept. 12, 2026 7:43:49 PM com.jme3.bullet.PhysicsSpace update
WARNUNG: invoked from wrong thread
Sept. 12, 2026 7:43:49 PM com.jme3.bullet.PhysicsSpace update
WARNUNG: invoked from wrong thread
Sept. 12, 2026 7:43:49 PM com.jme3.bullet.PhysicsSpace update
WARNUNG: invoked from wrong thread
Sept. 12, 2026 7:43:49 PM com.jme3.bullet.PhysicsSpace update
WARNUNG: invoked from wrong thread
Sept. 12, 2026 7:43:49 PM com.jme3.bullet.PhysicsSpace update
WARNUNG: invoked from wrong thread
Sept. 12, 2026 7:43:49 PM com.jme3.bullet.PhysicsSpace update
WARNUNG: invoked from wrong thread
Sept. 12, 2026 7:43:49 PM com.jme3.bullet.PhysicsSpace update
WARNUNG: invoked from wrong thread
Sept. 12, 2026 7:43:49 PM com.jme3.bullet.PhysicsSpace update
WARNUNG: invoked from wrong thread
Sept. 12, 2026 7:43:49 PM com.jme3.bullet.PhysicsSpace update
WARNUNG: invoked from wrong thread
Sept. 12, 2026 7:43:49 PM com.jme3.bullet.PhysicsSpace update
WARNUNG: invoked from wrong thread
Sept. 12, 2026 7:43:49 PM com.jme3.bullet.PhysicsSpace update
WARNUNG: invoked from wrong thread
Sept. 12, 2026 7:43:49 PM com.jme3.bullet.PhysicsSpace update
WARNUNG: invoked from wrong thread
Sept. 12, 2026 7:43:49 PM com.jme3.bullet.PhysicsSpace update
WARNUNG: invoked from wrong thread
Sept. 12, 2026 7:43:49 PM com.jme3.bullet.PhysicsSpace update
WARNUNG: invoked from wrong thread
Sept. 12, 2026 7:43:49 PM com.jme3.bullet.PhysicsSpace update
WARNUNG: invoked from wrong thread
Sept. 12, 2026 7:43:49 PM com.jme3.bullet.PhysicsSpace update
WARNUNG: invoked from wrong thread
Sept. 12, 2026 7:43:49 PM com.jme3.bullet.PhysicsSpace update
WARNUNG: invoked from wrong thread
Sept. 12, 2026 7:43:49 PM com.jme3.bullet.PhysicsSpace update
WARNUNG: invoked from wrong thread
Sept. 12, 2026 7:43:49 PM com.jme3.bullet.PhysicsSpace update
WARNUNG: invoked from wrong thread
Sept. 12, 2026 7:43:49 PM com.jme3.bullet.PhysicsSpace update
WARNUNG: invoked from wrong thread
Sept. 12, 2026 7:43:49 PM com.jme3.bullet.PhysicsSpace update
WARNUNG: invoked from wrong thread
Sept. 12, 2026 7:43:49 PM com.jme3.bullet.PhysicsSpace update
WARNUNG: invoked from wrong thread
Sept. 12, 2026 7:43:49 PM com.jme3.bullet.PhysicsSpace update
WARNUNG: invoked from wrong thread
Sept. 12, 2026 7:43:49 PM com.jme3.bullet.PhysicsSpace update
WARNUNG: invoked from wrong thread
Sept. 12, 2026 7:43:49 PM com.jme3.bullet.PhysicsSpace update
WARNUNG: invoked from wrong thread
Sept. 12, 2026 7:43:49 PM com.jme3.bullet.PhysicsSpace update
WARNUNG: invoked from wrong thread
Sept. 12, 2026 7:43:49 PM com.jme3.bullet.PhysicsSpace update
WARNUNG: invoked from wrong thread
Sept. 12, 2026 7:43:49 PM com.jme3.bullet.PhysicsSpace update
WARNUNG: invoked from wrong thread
Sept. 12, 2026 7:43:49 PM com.jme3.bullet.PhysicsSpace update
WARNUNG: invoked from wrong thread
Sept. 12, 2026 7:43:49 PM com.jme3.bullet.PhysicsSpace update
WARNUNG: invoked from wrong thread
[SMOKE] stage 20
[CHECK] Both seals unlock prison
[GAME] Goblin besiegt  +35 EP  +8 Gold
[GAME] Ork-Brecher besiegt  +70 EP  +13 Gold
[GAME] Ork-Brecher besiegt  +70 EP  +13 Gold
[GAME] Ork-Brecher besiegt  +70 EP  +13 Gold
[GAME] Aschenrufer besiegt  +65 EP  +23 Gold
[GAME] Eiserner Wächter besiegt  +115 EP  +18 Gold
[GAME] Eiserner Wächter besiegt  +115 EP  +18 Gold
[GAME] STUFE 7  -  Fähigkeitspunkt erhalten [K]
[GAME] Eiserner Wächter besiegt  +115 EP  +18 Gold
[GAME] Schlüssel des Kerkermeisters erhalten.
[GAME] Auftrag erfüllt: Der letzte Kerkermeister  +160 EP
[GAME] Die Gefangenen sind frei. Der König verliert 20% seiner Lebenskraft.
[GAME] Auftrag erfüllt: Der Preis der Freiheit  +180 EP
[CHECK] Prisoner branch
[CHECK] Keeper drops key
[GAME] Der Aschenthron
Sept. 12, 2026 7:43:50 PM com.jme3.bullet.PhysicsSpace update
WARNUNG: invoked from wrong thread
Sept. 12, 2026 7:43:50 PM com.jme3.anim.SkinningControl controlRender
INFORMATION: Hardware skinning engaged for Armature.004 (Node)
Sept. 12, 2026 7:43:50 PM com.jme3.anim.SkinningControl controlRender
INFORMATION: Hardware skinning engaged for OrcArmature (Node)
Sept. 12, 2026 7:43:50 PM com.jme3.anim.SkinningControl controlRender
INFORMATION: Hardware skinning engaged for CharacterRoot (Node)
Sept. 12, 2026 7:43:50 PM com.jme3.anim.SkinningControl controlRender
INFORMATION: Hardware skinning engaged for CharacterRoot (Node)
Sept. 12, 2026 7:43:50 PM com.jme3.bullet.PhysicsSpace update
WARNUNG: invoked from wrong thread
Sept. 12, 2026 7:43:50 PM com.jme3.bullet.PhysicsSpace update
WARNUNG: invoked from wrong thread
Sept. 12, 2026 7:43:50 PM com.jme3.bullet.PhysicsSpace update
WARNUNG: invoked from wrong thread
Sept. 12, 2026 7:43:50 PM com.jme3.bullet.PhysicsSpace update
WARNUNG: invoked from wrong thread
Sept. 12, 2026 7:43:50 PM com.jme3.bullet.PhysicsSpace update
WARNUNG: invoked from wrong thread
Sept. 12, 2026 7:43:50 PM com.jme3.bullet.PhysicsSpace update
WARNUNG: invoked from wrong thread
Sept. 12, 2026 7:43:50 PM com.jme3.bullet.PhysicsSpace update
WARNUNG: invoked from wrong thread
Sept. 12, 2026 7:43:50 PM com.jme3.bullet.PhysicsSpace update
WARNUNG: invoked from wrong thread
Sept. 12, 2026 7:43:50 PM com.jme3.bullet.PhysicsSpace update
WARNUNG: invoked from wrong thread
Sept. 12, 2026 7:43:50 PM com.jme3.bullet.PhysicsSpace update
WARNUNG: invoked from wrong thread
Sept. 12, 2026 7:43:50 PM com.jme3.bullet.PhysicsSpace update
WARNUNG: invoked from wrong thread
Sept. 12, 2026 7:43:50 PM com.jme3.bullet.PhysicsSpace update
WARNUNG: invoked from wrong thread
Sept. 12, 2026 7:43:50 PM com.jme3.bullet.PhysicsSpace update
WARNUNG: invoked from wrong thread
Sept. 12, 2026 7:43:50 PM com.jme3.bullet.PhysicsSpace update
WARNUNG: invoked from wrong thread
Sept. 12, 2026 7:43:50 PM com.jme3.bullet.PhysicsSpace update
WARNUNG: invoked from wrong thread
Sept. 12, 2026 7:43:50 PM com.jme3.bullet.PhysicsSpace update
WARNUNG: invoked from wrong thread
Sept. 12, 2026 7:43:50 PM com.jme3.bullet.PhysicsSpace update
WARNUNG: invoked from wrong thread
Sept. 12, 2026 7:43:50 PM com.jme3.bullet.PhysicsSpace update
WARNUNG: invoked from wrong thread
Sept. 12, 2026 7:43:50 PM com.jme3.bullet.PhysicsSpace update
WARNUNG: invoked from wrong thread
Sept. 12, 2026 7:43:50 PM com.jme3.bullet.PhysicsSpace update
WARNUNG: invoked from wrong thread
Sept. 12, 2026 7:43:50 PM com.jme3.bullet.PhysicsSpace update
WARNUNG: invoked from wrong thread
Sept. 12, 2026 7:43:50 PM com.jme3.bullet.PhysicsSpace update
WARNUNG: invoked from wrong thread
Sept. 12, 2026 7:43:50 PM com.jme3.bullet.PhysicsSpace update
WARNUNG: invoked from wrong thread
Sept. 12, 2026 7:43:50 PM com.jme3.bullet.PhysicsSpace update
WARNUNG: invoked from wrong thread
Sept. 12, 2026 7:43:50 PM com.jme3.bullet.PhysicsSpace update
WARNUNG: invoked from wrong thread
Sept. 12, 2026 7:43:50 PM com.jme3.bullet.PhysicsSpace update
WARNUNG: invoked from wrong thread
Sept. 12, 2026 7:43:50 PM com.jme3.bullet.PhysicsSpace update
WARNUNG: invoked from wrong thread
Sept. 12, 2026 7:43:50 PM com.jme3.bullet.PhysicsSpace update
WARNUNG: invoked from wrong thread
Sept. 12, 2026 7:43:50 PM com.jme3.bullet.PhysicsSpace update
WARNUNG: invoked from wrong thread
Sept. 12, 2026 7:43:50 PM com.jme3.bullet.PhysicsSpace update
WARNUNG: invoked from wrong thread
Sept. 12, 2026 7:43:50 PM com.jme3.bullet.PhysicsSpace update
WARNUNG: invoked from wrong thread
Sept. 12, 2026 7:43:50 PM com.jme3.bullet.PhysicsSpace update
WARNUNG: invoked from wrong thread
Sept. 12, 2026 7:43:50 PM com.jme3.bullet.PhysicsSpace update
WARNUNG: invoked from wrong thread
Sept. 12, 2026 7:43:50 PM com.jme3.bullet.PhysicsSpace update
WARNUNG: invoked from wrong thread
Sept. 12, 2026 7:43:50 PM com.jme3.bullet.PhysicsSpace update
WARNUNG: invoked from wrong thread
Sept. 12, 2026 7:43:50 PM com.jme3.bullet.PhysicsSpace update
WARNUNG: invoked from wrong thread
Sept. 12, 2026 7:43:50 PM com.jme3.bullet.PhysicsSpace update
WARNUNG: invoked from wrong thread
Sept. 12, 2026 7:43:51 PM com.jme3.bullet.PhysicsSpace update
WARNUNG: invoked from wrong thread
Sept. 12, 2026 7:43:51 PM com.jme3.bullet.PhysicsSpace update
WARNUNG: invoked from wrong thread
Sept. 12, 2026 7:43:51 PM com.jme3.bullet.PhysicsSpace update
WARNUNG: invoked from wrong thread
Sept. 12, 2026 7:43:51 PM com.jme3.bullet.PhysicsSpace update
WARNUNG: invoked from wrong thread
Sept. 12, 2026 7:43:51 PM com.jme3.bullet.PhysicsSpace update
WARNUNG: invoked from wrong thread
Sept. 12, 2026 7:43:51 PM com.jme3.bullet.PhysicsSpace update
WARNUNG: invoked from wrong thread
Sept. 12, 2026 7:43:51 PM com.jme3.bullet.PhysicsSpace update
WARNUNG: invoked from wrong thread
Sept. 12, 2026 7:43:51 PM com.jme3.bullet.PhysicsSpace update
WARNUNG: invoked from wrong thread
Sept. 12, 2026 7:43:51 PM com.jme3.bullet.PhysicsSpace update
WARNUNG: invoked from wrong thread
Sept. 12, 2026 7:43:51 PM com.jme3.bullet.PhysicsSpace update
WARNUNG: invoked from wrong thread
Sept. 12, 2026 7:43:51 PM com.jme3.bullet.PhysicsSpace update
WARNUNG: invoked from wrong thread
Sept. 12, 2026 7:43:51 PM com.jme3.bullet.PhysicsSpace update
WARNUNG: invoked from wrong thread
Sept. 12, 2026 7:43:51 PM com.jme3.bullet.PhysicsSpace update
WARNUNG: invoked from wrong thread
Sept. 12, 2026 7:43:51 PM com.jme3.bullet.PhysicsSpace update
WARNUNG: invoked from wrong thread
Sept. 12, 2026 7:43:51 PM com.jme3.bullet.PhysicsSpace update
WARNUNG: invoked from wrong thread
Sept. 12, 2026 7:43:51 PM com.jme3.bullet.PhysicsSpace update
WARNUNG: invoked from wrong thread
Sept. 12, 2026 7:43:51 PM com.jme3.bullet.PhysicsSpace update
WARNUNG: invoked from wrong thread
Sept. 12, 2026 7:43:51 PM com.jme3.bullet.PhysicsSpace update
WARNUNG: invoked from wrong thread
Sept. 12, 2026 7:43:51 PM com.jme3.bullet.PhysicsSpace update
WARNUNG: invoked from wrong thread
Sept. 12, 2026 7:43:51 PM com.jme3.bullet.PhysicsSpace update
WARNUNG: invoked from wrong thread
Sept. 12, 2026 7:43:51 PM com.jme3.bullet.PhysicsSpace update
WARNUNG: invoked from wrong thread
Sept. 12, 2026 7:43:51 PM com.jme3.bullet.PhysicsSpace update
WARNUNG: invoked from wrong thread
Sept. 12, 2026 7:43:51 PM com.jme3.bullet.PhysicsSpace update
WARNUNG: invoked from wrong thread
Sept. 12, 2026 7:43:51 PM com.jme3.bullet.PhysicsSpace update
WARNUNG: invoked from wrong thread
Sept. 12, 2026 7:43:51 PM com.jme3.bullet.PhysicsSpace update
WARNUNG: invoked from wrong thread
Sept. 12, 2026 7:43:51 PM com.jme3.bullet.PhysicsSpace update
WARNUNG: invoked from wrong thread
Sept. 12, 2026 7:43:51 PM com.jme3.bullet.PhysicsSpace update
WARNUNG: invoked from wrong thread
Sept. 12, 2026 7:43:51 PM com.jme3.bullet.PhysicsSpace update
WARNUNG: invoked from wrong thread
Sept. 12, 2026 7:43:51 PM com.jme3.bullet.PhysicsSpace update
WARNUNG: invoked from wrong thread
Sept. 12, 2026 7:43:51 PM com.jme3.bullet.PhysicsSpace update
WARNUNG: invoked from wrong thread
Sept. 12, 2026 7:43:51 PM com.jme3.bullet.PhysicsSpace update
WARNUNG: invoked from wrong thread
Sept. 12, 2026 7:43:51 PM com.jme3.bullet.PhysicsSpace update
WARNUNG: invoked from wrong thread
Sept. 12, 2026 7:43:51 PM com.jme3.bullet.PhysicsSpace update
WARNUNG: invoked from wrong thread
Sept. 12, 2026 7:43:51 PM com.jme3.bullet.PhysicsSpace update
WARNUNG: invoked from wrong thread
Sept. 12, 2026 7:43:51 PM com.jme3.bullet.PhysicsSpace update
WARNUNG: invoked from wrong thread
Sept. 12, 2026 7:43:51 PM com.jme3.bullet.PhysicsSpace update
WARNUNG: invoked from wrong thread
Sept. 12, 2026 7:43:51 PM com.jme3.bullet.PhysicsSpace update
WARNUNG: invoked from wrong thread
Sept. 12, 2026 7:43:51 PM com.jme3.bullet.PhysicsSpace update
WARNUNG: invoked from wrong thread
Sept. 12, 2026 7:43:51 PM com.jme3.bullet.PhysicsSpace update
WARNUNG: invoked from wrong thread
Sept. 12, 2026 7:43:51 PM com.jme3.bullet.PhysicsSpace update
WARNUNG: invoked from wrong thread
Sept. 12, 2026 7:43:51 PM com.jme3.bullet.PhysicsSpace update
WARNUNG: invoked from wrong thread
Sept. 12, 2026 7:43:51 PM com.jme3.bullet.PhysicsSpace update
WARNUNG: invoked from wrong thread
Sept. 12, 2026 7:43:51 PM com.jme3.bullet.PhysicsSpace update
WARNUNG: invoked from wrong thread
Sept. 12, 2026 7:43:51 PM com.jme3.bullet.PhysicsSpace update
WARNUNG: invoked from wrong thread
Sept. 12, 2026 7:43:51 PM com.jme3.bullet.PhysicsSpace update
WARNUNG: invoked from wrong thread
Sept. 12, 2026 7:43:51 PM com.jme3.bullet.PhysicsSpace update
WARNUNG: invoked from wrong thread
Sept. 12, 2026 7:43:51 PM com.jme3.bullet.PhysicsSpace update
WARNUNG: invoked from wrong thread
Sept. 12, 2026 7:43:51 PM com.jme3.bullet.PhysicsSpace update
WARNUNG: invoked from wrong thread
Sept. 12, 2026 7:43:51 PM com.jme3.bullet.PhysicsSpace update
WARNUNG: invoked from wrong thread
Sept. 12, 2026 7:43:51 PM com.jme3.bullet.PhysicsSpace update
WARNUNG: invoked from wrong thread
Sept. 12, 2026 7:43:51 PM com.jme3.bullet.PhysicsSpace update
WARNUNG: invoked from wrong thread
Sept. 12, 2026 7:43:51 PM com.jme3.bullet.PhysicsSpace update
WARNUNG: invoked from wrong thread
Sept. 12, 2026 7:43:51 PM com.jme3.bullet.PhysicsSpace update
WARNUNG: invoked from wrong thread
Sept. 12, 2026 7:43:51 PM com.jme3.bullet.PhysicsSpace update
WARNUNG: invoked from wrong thread
Sept. 12, 2026 7:43:51 PM com.jme3.bullet.PhysicsSpace update
WARNUNG: invoked from wrong thread
Sept. 12, 2026 7:43:51 PM com.jme3.bullet.PhysicsSpace update
WARNUNG: invoked from wrong thread
Sept. 12, 2026 7:43:51 PM com.jme3.bullet.PhysicsSpace update
WARNUNG: invoked from wrong thread
Sept. 12, 2026 7:43:51 PM com.jme3.bullet.PhysicsSpace update
WARNUNG: invoked from wrong thread
Sept. 12, 2026 7:43:51 PM com.jme3.bullet.PhysicsSpace update
WARNUNG: invoked from wrong thread
Sept. 12, 2026 7:43:51 PM com.jme3.bullet.PhysicsSpace update
WARNUNG: invoked from wrong thread
Sept. 12, 2026 7:43:52 PM com.jme3.bullet.PhysicsSpace update
WARNUNG: invoked from wrong thread
Sept. 12, 2026 7:43:52 PM com.jme3.bullet.PhysicsSpace update
WARNUNG: invoked from wrong thread
Sept. 12, 2026 7:43:52 PM com.jme3.bullet.PhysicsSpace update
WARNUNG: invoked from wrong thread
Sept. 12, 2026 7:43:52 PM com.jme3.bullet.PhysicsSpace update
WARNUNG: invoked from wrong thread
Sept. 12, 2026 7:43:52 PM com.jme3.bullet.PhysicsSpace update
WARNUNG: invoked from wrong thread
Sept. 12, 2026 7:43:52 PM com.jme3.bullet.PhysicsSpace update
WARNUNG: invoked from wrong thread
Sept. 12, 2026 7:43:52 PM com.jme3.bullet.PhysicsSpace update
WARNUNG: invoked from wrong thread
Sept. 12, 2026 7:43:52 PM com.jme3.bullet.PhysicsSpace update
WARNUNG: invoked from wrong thread
Sept. 12, 2026 7:43:52 PM com.jme3.bullet.PhysicsSpace update
WARNUNG: invoked from wrong thread
Sept. 12, 2026 7:43:52 PM com.jme3.bullet.PhysicsSpace update
WARNUNG: invoked from wrong thread
Sept. 12, 2026 7:43:52 PM com.jme3.bullet.PhysicsSpace update
WARNUNG: invoked from wrong thread
Sept. 12, 2026 7:43:52 PM com.jme3.bullet.PhysicsSpace update
WARNUNG: invoked from wrong thread
Sept. 12, 2026 7:43:52 PM com.jme3.bullet.PhysicsSpace update
WARNUNG: invoked from wrong thread
[SMOKE] stage 21
[CHECK] Keeper key opens throne
[CHECK] Prisoner rescue weakens boss
[GAME] Ork-Brecher besiegt  +70 EP  +13 Gold
[GAME] Aschenrufer besiegt  +65 EP  +23 Gold
[GAME] STUFE 8  -  Fähigkeitspunkt erhalten [K]
[GAME] Auftrag erfüllt: Erinnerung an die Fünf  +220 EP
Sept. 12, 2026 7:43:52 PM com.jme3.bullet.PhysicsSpace update
WARNUNG: invoked from wrong thread
[GAME] ORK-KÖNIG  -  PHASE 2  |  Die Erde bebt
Sept. 12, 2026 7:43:52 PM com.jme3.bullet.PhysicsSpace update
WARNUNG: invoked from wrong thread
Sept. 12, 2026 7:43:52 PM com.jme3.bullet.PhysicsSpace update
WARNUNG: invoked from wrong thread
Sept. 12, 2026 7:43:52 PM com.jme3.bullet.PhysicsSpace update
WARNUNG: invoked from wrong thread
Sept. 12, 2026 7:43:52 PM com.jme3.bullet.PhysicsSpace update
WARNUNG: invoked from wrong thread
Sept. 12, 2026 7:43:52 PM com.jme3.bullet.PhysicsSpace update
WARNUNG: invoked from wrong thread
Sept. 12, 2026 7:43:52 PM com.jme3.bullet.PhysicsSpace update
WARNUNG: invoked from wrong thread
Sept. 12, 2026 7:43:52 PM com.jme3.bullet.PhysicsSpace update
WARNUNG: invoked from wrong thread
Sept. 12, 2026 7:43:52 PM com.jme3.bullet.PhysicsSpace update
WARNUNG: invoked from wrong thread
Sept. 12, 2026 7:43:52 PM com.jme3.bullet.PhysicsSpace update
WARNUNG: invoked from wrong thread
Sept. 12, 2026 7:43:52 PM com.jme3.bullet.PhysicsSpace update
WARNUNG: invoked from wrong thread
Sept. 12, 2026 7:43:52 PM com.jme3.bullet.PhysicsSpace update
WARNUNG: invoked from wrong thread
Sept. 12, 2026 7:43:52 PM com.jme3.bullet.PhysicsSpace update
WARNUNG: invoked from wrong thread
Sept. 12, 2026 7:43:52 PM com.jme3.bullet.PhysicsSpace update
WARNUNG: invoked from wrong thread
Sept. 12, 2026 7:43:52 PM com.jme3.bullet.PhysicsSpace update
WARNUNG: invoked from wrong thread
Sept. 12, 2026 7:43:52 PM com.jme3.bullet.PhysicsSpace update
WARNUNG: invoked from wrong thread
Sept. 12, 2026 7:43:52 PM com.jme3.bullet.PhysicsSpace update
WARNUNG: invoked from wrong thread
Sept. 12, 2026 7:43:52 PM com.jme3.bullet.PhysicsSpace update
WARNUNG: invoked from wrong thread
Sept. 12, 2026 7:43:52 PM com.jme3.bullet.PhysicsSpace update
WARNUNG: invoked from wrong thread
Sept. 12, 2026 7:43:52 PM com.jme3.bullet.PhysicsSpace update
WARNUNG: invoked from wrong thread
Sept. 12, 2026 7:43:52 PM com.jme3.bullet.PhysicsSpace update
WARNUNG: invoked from wrong thread
Sept. 12, 2026 7:43:52 PM com.jme3.bullet.PhysicsSpace update
WARNUNG: invoked from wrong thread
Sept. 12, 2026 7:43:52 PM com.jme3.bullet.PhysicsSpace update
WARNUNG: invoked from wrong thread
Sept. 12, 2026 7:43:52 PM com.jme3.bullet.PhysicsSpace update
WARNUNG: invoked from wrong thread
Sept. 12, 2026 7:43:52 PM com.jme3.bullet.PhysicsSpace update
WARNUNG: invoked from wrong thread
Sept. 12, 2026 7:43:52 PM com.jme3.bullet.PhysicsSpace update
WARNUNG: invoked from wrong thread
Sept. 12, 2026 7:43:52 PM com.jme3.bullet.PhysicsSpace update
WARNUNG: invoked from wrong thread
Sept. 12, 2026 7:43:52 PM com.jme3.bullet.PhysicsSpace update
WARNUNG: invoked from wrong thread
Sept. 12, 2026 7:43:52 PM com.jme3.bullet.PhysicsSpace update
WARNUNG: invoked from wrong thread
Sept. 12, 2026 7:43:52 PM com.jme3.bullet.PhysicsSpace update
WARNUNG: invoked from wrong thread
Sept. 12, 2026 7:43:52 PM com.jme3.bullet.PhysicsSpace update
WARNUNG: invoked from wrong thread
Sept. 12, 2026 7:43:52 PM com.jme3.bullet.PhysicsSpace update
WARNUNG: invoked from wrong thread
Sept. 12, 2026 7:43:52 PM com.jme3.bullet.PhysicsSpace update
WARNUNG: invoked from wrong thread
Sept. 12, 2026 7:43:52 PM com.jme3.bullet.PhysicsSpace update
WARNUNG: invoked from wrong thread
Sept. 12, 2026 7:43:52 PM com.jme3.bullet.PhysicsSpace update
WARNUNG: invoked from wrong thread
Sept. 12, 2026 7:43:52 PM com.jme3.bullet.PhysicsSpace update
WARNUNG: invoked from wrong thread
Sept. 12, 2026 7:43:52 PM com.jme3.bullet.PhysicsSpace update
WARNUNG: invoked from wrong thread
Sept. 12, 2026 7:43:52 PM com.jme3.bullet.PhysicsSpace update
WARNUNG: invoked from wrong thread
Sept. 12, 2026 7:43:52 PM com.jme3.bullet.PhysicsSpace update
WARNUNG: invoked from wrong thread
Sept. 12, 2026 7:43:52 PM com.jme3.bullet.PhysicsSpace update
WARNUNG: invoked from wrong thread
Sept. 12, 2026 7:43:52 PM com.jme3.bullet.PhysicsSpace update
WARNUNG: invoked from wrong thread
Sept. 12, 2026 7:43:52 PM com.jme3.bullet.PhysicsSpace update
WARNUNG: invoked from wrong thread
Sept. 12, 2026 7:43:52 PM com.jme3.bullet.PhysicsSpace update
WARNUNG: invoked from wrong thread
Sept. 12, 2026 7:43:52 PM com.jme3.bullet.PhysicsSpace update
WARNUNG: invoked from wrong thread
Sept. 12, 2026 7:43:52 PM com.jme3.bullet.PhysicsSpace update
WARNUNG: invoked from wrong thread
Sept. 12, 2026 7:43:52 PM com.jme3.bullet.PhysicsSpace update
WARNUNG: invoked from wrong thread
Sept. 12, 2026 7:43:52 PM com.jme3.bullet.PhysicsSpace update
WARNUNG: invoked from wrong thread
Sept. 12, 2026 7:43:53 PM com.jme3.bullet.PhysicsSpace update
WARNUNG: invoked from wrong thread
Sept. 12, 2026 7:43:53 PM com.jme3.bullet.PhysicsSpace update
WARNUNG: invoked from wrong thread
Sept. 12, 2026 7:43:53 PM com.jme3.bullet.PhysicsSpace update
WARNUNG: invoked from wrong thread
Sept. 12, 2026 7:43:53 PM com.jme3.bullet.PhysicsSpace update
WARNUNG: invoked from wrong thread
Sept. 12, 2026 7:43:53 PM com.jme3.bullet.PhysicsSpace update
WARNUNG: invoked from wrong thread
Sept. 12, 2026 7:43:53 PM com.jme3.bullet.PhysicsSpace update
WARNUNG: invoked from wrong thread
Sept. 12, 2026 7:43:53 PM com.jme3.bullet.PhysicsSpace update
WARNUNG: invoked from wrong thread
Sept. 12, 2026 7:43:53 PM com.jme3.bullet.PhysicsSpace update
WARNUNG: invoked from wrong thread
Sept. 12, 2026 7:43:53 PM com.jme3.bullet.PhysicsSpace update
WARNUNG: invoked from wrong thread
Sept. 12, 2026 7:43:53 PM com.jme3.bullet.PhysicsSpace update
WARNUNG: invoked from wrong thread
Sept. 12, 2026 7:43:53 PM com.jme3.bullet.PhysicsSpace update
WARNUNG: invoked from wrong thread
Sept. 12, 2026 7:43:53 PM com.jme3.bullet.PhysicsSpace update
WARNUNG: invoked from wrong thread
Sept. 12, 2026 7:43:53 PM com.jme3.bullet.PhysicsSpace update
WARNUNG: invoked from wrong thread
Sept. 12, 2026 7:43:53 PM com.jme3.bullet.PhysicsSpace update
WARNUNG: invoked from wrong thread
Sept. 12, 2026 7:43:53 PM com.jme3.bullet.PhysicsSpace update
WARNUNG: invoked from wrong thread
Sept. 12, 2026 7:43:53 PM com.jme3.bullet.PhysicsSpace update
WARNUNG: invoked from wrong thread
Sept. 12, 2026 7:43:53 PM com.jme3.bullet.PhysicsSpace update
WARNUNG: invoked from wrong thread
Sept. 12, 2026 7:43:53 PM com.jme3.bullet.PhysicsSpace update
WARNUNG: invoked from wrong thread
Sept. 12, 2026 7:43:53 PM com.jme3.bullet.PhysicsSpace update
WARNUNG: invoked from wrong thread
Sept. 12, 2026 7:43:53 PM com.jme3.bullet.PhysicsSpace update
WARNUNG: invoked from wrong thread
Sept. 12, 2026 7:43:53 PM com.jme3.bullet.PhysicsSpace update
WARNUNG: invoked from wrong thread
Sept. 12, 2026 7:43:53 PM com.jme3.bullet.PhysicsSpace update
WARNUNG: invoked from wrong thread
Sept. 12, 2026 7:43:53 PM com.jme3.bullet.PhysicsSpace update
WARNUNG: invoked from wrong thread
Sept. 12, 2026 7:43:53 PM com.jme3.bullet.PhysicsSpace update
WARNUNG: invoked from wrong thread
Sept. 12, 2026 7:43:53 PM com.jme3.bullet.PhysicsSpace update
WARNUNG: invoked from wrong thread
Sept. 12, 2026 7:43:53 PM com.jme3.bullet.PhysicsSpace update
WARNUNG: invoked from wrong thread
Sept. 12, 2026 7:43:53 PM com.jme3.bullet.PhysicsSpace update
WARNUNG: invoked from wrong thread
Sept. 12, 2026 7:43:53 PM com.jme3.bullet.PhysicsSpace update
WARNUNG: invoked from wrong thread
Sept. 12, 2026 7:43:53 PM com.jme3.bullet.PhysicsSpace update
WARNUNG: invoked from wrong thread
Sept. 12, 2026 7:43:53 PM com.jme3.bullet.PhysicsSpace update
WARNUNG: invoked from wrong thread
Sept. 12, 2026 7:43:53 PM com.jme3.bullet.PhysicsSpace update
WARNUNG: invoked from wrong thread
Sept. 12, 2026 7:43:53 PM com.jme3.bullet.PhysicsSpace update
WARNUNG: invoked from wrong thread
Sept. 12, 2026 7:43:53 PM com.jme3.bullet.PhysicsSpace update
WARNUNG: invoked from wrong thread
Sept. 12, 2026 7:43:53 PM com.jme3.bullet.PhysicsSpace update
WARNUNG: invoked from wrong thread
Sept. 12, 2026 7:43:53 PM com.jme3.bullet.PhysicsSpace update
WARNUNG: invoked from wrong thread
Sept. 12, 2026 7:43:53 PM com.jme3.bullet.PhysicsSpace update
WARNUNG: invoked from wrong thread
Sept. 12, 2026 7:43:53 PM com.jme3.bullet.PhysicsSpace update
WARNUNG: invoked from wrong thread
Sept. 12, 2026 7:43:53 PM com.jme3.bullet.PhysicsSpace update
WARNUNG: invoked from wrong thread
Sept. 12, 2026 7:43:53 PM com.jme3.bullet.PhysicsSpace update
WARNUNG: invoked from wrong thread
Sept. 12, 2026 7:43:53 PM com.jme3.bullet.PhysicsSpace update
WARNUNG: invoked from wrong thread
Sept. 12, 2026 7:43:53 PM com.jme3.bullet.PhysicsSpace update
WARNUNG: invoked from wrong thread
Sept. 12, 2026 7:43:53 PM com.jme3.bullet.PhysicsSpace update
WARNUNG: invoked from wrong thread
Sept. 12, 2026 7:43:53 PM com.jme3.bullet.PhysicsSpace update
WARNUNG: invoked from wrong thread
Sept. 12, 2026 7:43:53 PM com.jme3.bullet.PhysicsSpace update
WARNUNG: invoked from wrong thread
Sept. 12, 2026 7:43:53 PM com.jme3.bullet.PhysicsSpace update
WARNUNG: invoked from wrong thread
Sept. 12, 2026 7:43:53 PM com.jme3.bullet.PhysicsSpace update
WARNUNG: invoked from wrong thread
Sept. 12, 2026 7:43:53 PM com.jme3.bullet.PhysicsSpace update
WARNUNG: invoked from wrong thread
Sept. 12, 2026 7:43:53 PM com.jme3.bullet.PhysicsSpace update
WARNUNG: invoked from wrong thread
Sept. 12, 2026 7:43:53 PM com.jme3.bullet.PhysicsSpace update
WARNUNG: invoked from wrong thread
Sept. 12, 2026 7:43:53 PM com.jme3.bullet.PhysicsSpace update
WARNUNG: invoked from wrong thread
Sept. 12, 2026 7:43:53 PM com.jme3.bullet.PhysicsSpace update
WARNUNG: invoked from wrong thread
Sept. 12, 2026 7:43:53 PM com.jme3.bullet.PhysicsSpace update
WARNUNG: invoked from wrong thread
Sept. 12, 2026 7:43:53 PM com.jme3.bullet.PhysicsSpace update
WARNUNG: invoked from wrong thread
Sept. 12, 2026 7:43:53 PM com.jme3.bullet.PhysicsSpace update
WARNUNG: invoked from wrong thread
Sept. 12, 2026 7:43:53 PM com.jme3.bullet.PhysicsSpace update
WARNUNG: invoked from wrong thread
Sept. 12, 2026 7:43:53 PM com.jme3.bullet.PhysicsSpace update
WARNUNG: invoked from wrong thread
Sept. 12, 2026 7:43:53 PM com.jme3.bullet.PhysicsSpace update
WARNUNG: invoked from wrong thread
Sept. 12, 2026 7:43:53 PM com.jme3.bullet.PhysicsSpace update
WARNUNG: invoked from wrong thread
Sept. 12, 2026 7:43:53 PM com.jme3.bullet.PhysicsSpace update
WARNUNG: invoked from wrong thread
Sept. 12, 2026 7:43:53 PM com.jme3.bullet.PhysicsSpace update
WARNUNG: invoked from wrong thread
Sept. 12, 2026 7:43:54 PM com.jme3.bullet.PhysicsSpace update
WARNUNG: invoked from wrong thread
Sept. 12, 2026 7:43:54 PM com.jme3.bullet.PhysicsSpace update
WARNUNG: invoked from wrong thread
Sept. 12, 2026 7:43:54 PM com.jme3.bullet.PhysicsSpace update
WARNUNG: invoked from wrong thread
Sept. 12, 2026 7:43:54 PM com.jme3.bullet.PhysicsSpace update
WARNUNG: invoked from wrong thread
Sept. 12, 2026 7:43:54 PM com.jme3.bullet.PhysicsSpace update
WARNUNG: invoked from wrong thread
Sept. 12, 2026 7:43:54 PM com.jme3.bullet.PhysicsSpace update
WARNUNG: invoked from wrong thread
Sept. 12, 2026 7:43:54 PM com.jme3.bullet.PhysicsSpace update
WARNUNG: invoked from wrong thread
Sept. 12, 2026 7:43:54 PM com.jme3.bullet.PhysicsSpace update
WARNUNG: invoked from wrong thread
Sept. 12, 2026 7:43:54 PM com.jme3.bullet.PhysicsSpace update
WARNUNG: invoked from wrong thread
Sept. 12, 2026 7:43:54 PM com.jme3.bullet.PhysicsSpace update
WARNUNG: invoked from wrong thread
Sept. 12, 2026 7:43:54 PM com.jme3.bullet.PhysicsSpace update
WARNUNG: invoked from wrong thread
Sept. 12, 2026 7:43:54 PM com.jme3.bullet.PhysicsSpace update
WARNUNG: invoked from wrong thread
Sept. 12, 2026 7:43:54 PM com.jme3.bullet.PhysicsSpace update
WARNUNG: invoked from wrong thread
Sept. 12, 2026 7:43:54 PM com.jme3.bullet.PhysicsSpace update
WARNUNG: invoked from wrong thread
Sept. 12, 2026 7:43:54 PM com.jme3.bullet.PhysicsSpace update
WARNUNG: invoked from wrong thread
Sept. 12, 2026 7:43:54 PM com.jme3.bullet.PhysicsSpace update
WARNUNG: invoked from wrong thread
Sept. 12, 2026 7:43:54 PM com.jme3.bullet.PhysicsSpace update
WARNUNG: invoked from wrong thread
Sept. 12, 2026 7:43:54 PM com.jme3.bullet.PhysicsSpace update
WARNUNG: invoked from wrong thread
Sept. 12, 2026 7:43:54 PM com.jme3.bullet.PhysicsSpace update
WARNUNG: invoked from wrong thread
Sept. 12, 2026 7:43:54 PM com.jme3.bullet.PhysicsSpace update
WARNUNG: invoked from wrong thread
Sept. 12, 2026 7:43:54 PM com.jme3.bullet.PhysicsSpace update
WARNUNG: invoked from wrong thread
Sept. 12, 2026 7:43:54 PM com.jme3.bullet.PhysicsSpace update
WARNUNG: invoked from wrong thread
Sept. 12, 2026 7:43:54 PM com.jme3.bullet.PhysicsSpace update
WARNUNG: invoked from wrong thread
Sept. 12, 2026 7:43:54 PM com.jme3.bullet.PhysicsSpace update
WARNUNG: invoked from wrong thread
Sept. 12, 2026 7:43:54 PM com.jme3.bullet.PhysicsSpace update
WARNUNG: invoked from wrong thread
Sept. 12, 2026 7:43:54 PM com.jme3.bullet.PhysicsSpace update
WARNUNG: invoked from wrong thread
Sept. 12, 2026 7:43:54 PM com.jme3.bullet.PhysicsSpace update
WARNUNG: invoked from wrong thread
Sept. 12, 2026 7:43:54 PM com.jme3.bullet.PhysicsSpace update
WARNUNG: invoked from wrong thread
Sept. 12, 2026 7:43:54 PM com.jme3.bullet.PhysicsSpace update
WARNUNG: invoked from wrong thread
Sept. 12, 2026 7:43:54 PM com.jme3.bullet.PhysicsSpace update
WARNUNG: invoked from wrong thread
Sept. 12, 2026 7:43:54 PM com.jme3.bullet.PhysicsSpace update
WARNUNG: invoked from wrong thread
Sept. 12, 2026 7:43:54 PM com.jme3.bullet.PhysicsSpace update
WARNUNG: invoked from wrong thread
Sept. 12, 2026 7:43:54 PM com.jme3.bullet.PhysicsSpace update
WARNUNG: invoked from wrong thread
Sept. 12, 2026 7:43:54 PM com.jme3.bullet.PhysicsSpace update
WARNUNG: invoked from wrong thread
Sept. 12, 2026 7:43:54 PM com.jme3.bullet.PhysicsSpace update
WARNUNG: invoked from wrong thread
Sept. 12, 2026 7:43:54 PM com.jme3.bullet.PhysicsSpace update
WARNUNG: invoked from wrong thread
Sept. 12, 2026 7:43:54 PM com.jme3.bullet.PhysicsSpace update
WARNUNG: invoked from wrong thread
Sept. 12, 2026 7:43:54 PM com.jme3.bullet.PhysicsSpace update
WARNUNG: invoked from wrong thread
Sept. 12, 2026 7:43:54 PM com.jme3.bullet.PhysicsSpace update
WARNUNG: invoked from wrong thread
Sept. 12, 2026 7:43:54 PM com.jme3.bullet.PhysicsSpace update
WARNUNG: invoked from wrong thread
Sept. 12, 2026 7:43:54 PM com.jme3.bullet.PhysicsSpace update
WARNUNG: invoked from wrong thread
Sept. 12, 2026 7:43:54 PM com.jme3.bullet.PhysicsSpace update
WARNUNG: invoked from wrong thread
Sept. 12, 2026 7:43:54 PM com.jme3.bullet.PhysicsSpace update
WARNUNG: invoked from wrong thread
Sept. 12, 2026 7:43:54 PM com.jme3.bullet.PhysicsSpace update
WARNUNG: invoked from wrong thread
[SMOKE] stage 22
[CHECK] Boss enters second phase
Sept. 12, 2026 7:43:54 PM com.jme3.bullet.PhysicsSpace update
WARNUNG: invoked from wrong thread
[GAME] ORK-KÖNIG  -  PHASE 3  |  Die Krone brennt
Sept. 12, 2026 7:43:54 PM com.jme3.bullet.PhysicsSpace update
WARNUNG: invoked from wrong thread
Sept. 12, 2026 7:43:54 PM com.jme3.bullet.PhysicsSpace update
WARNUNG: invoked from wrong thread
Sept. 12, 2026 7:43:54 PM com.jme3.bullet.PhysicsSpace update
WARNUNG: invoked from wrong thread
Sept. 12, 2026 7:43:54 PM com.jme3.bullet.PhysicsSpace update
WARNUNG: invoked from wrong thread
Sept. 12, 2026 7:43:54 PM com.jme3.bullet.PhysicsSpace update
WARNUNG: invoked from wrong thread
Sept. 12, 2026 7:43:54 PM com.jme3.bullet.PhysicsSpace update
WARNUNG: invoked from wrong thread
Sept. 12, 2026 7:43:54 PM com.jme3.bullet.PhysicsSpace update
WARNUNG: invoked from wrong thread
Sept. 12, 2026 7:43:54 PM com.jme3.bullet.PhysicsSpace update
WARNUNG: invoked from wrong thread
Sept. 12, 2026 7:43:54 PM com.jme3.bullet.PhysicsSpace update
WARNUNG: invoked from wrong thread
Sept. 12, 2026 7:43:54 PM com.jme3.bullet.PhysicsSpace update
WARNUNG: invoked from wrong thread
Sept. 12, 2026 7:43:54 PM com.jme3.bullet.PhysicsSpace update
WARNUNG: invoked from wrong thread
Sept. 12, 2026 7:43:54 PM com.jme3.bullet.PhysicsSpace update
WARNUNG: invoked from wrong thread
Sept. 12, 2026 7:43:54 PM com.jme3.bullet.PhysicsSpace update
WARNUNG: invoked from wrong thread
Sept. 12, 2026 7:43:54 PM com.jme3.bullet.PhysicsSpace update
WARNUNG: invoked from wrong thread
Sept. 12, 2026 7:43:54 PM com.jme3.bullet.PhysicsSpace update
WARNUNG: invoked from wrong thread
Sept. 12, 2026 7:43:55 PM com.jme3.bullet.PhysicsSpace update
WARNUNG: invoked from wrong thread
Sept. 12, 2026 7:43:55 PM com.jme3.bullet.PhysicsSpace update
WARNUNG: invoked from wrong thread
Sept. 12, 2026 7:43:55 PM com.jme3.bullet.PhysicsSpace update
WARNUNG: invoked from wrong thread
Sept. 12, 2026 7:43:55 PM com.jme3.bullet.PhysicsSpace update
WARNUNG: invoked from wrong thread
Sept. 12, 2026 7:43:55 PM com.jme3.bullet.PhysicsSpace update
WARNUNG: invoked from wrong thread
Sept. 12, 2026 7:43:55 PM com.jme3.bullet.PhysicsSpace update
WARNUNG: invoked from wrong thread
Sept. 12, 2026 7:43:55 PM com.jme3.bullet.PhysicsSpace update
WARNUNG: invoked from wrong thread
Sept. 12, 2026 7:43:55 PM com.jme3.bullet.PhysicsSpace update
WARNUNG: invoked from wrong thread
Sept. 12, 2026 7:43:55 PM com.jme3.bullet.PhysicsSpace update
WARNUNG: invoked from wrong thread
Sept. 12, 2026 7:43:55 PM com.jme3.bullet.PhysicsSpace update
WARNUNG: invoked from wrong thread
Sept. 12, 2026 7:43:55 PM com.jme3.bullet.PhysicsSpace update
WARNUNG: invoked from wrong thread
Sept. 12, 2026 7:43:55 PM com.jme3.bullet.PhysicsSpace update
WARNUNG: invoked from wrong thread
Sept. 12, 2026 7:43:55 PM com.jme3.bullet.PhysicsSpace update
WARNUNG: invoked from wrong thread
Sept. 12, 2026 7:43:55 PM com.jme3.bullet.PhysicsSpace update
WARNUNG: invoked from wrong thread
Sept. 12, 2026 7:43:55 PM com.jme3.bullet.PhysicsSpace update
WARNUNG: invoked from wrong thread
Sept. 12, 2026 7:43:55 PM com.jme3.bullet.PhysicsSpace update
WARNUNG: invoked from wrong thread
Sept. 12, 2026 7:43:55 PM com.jme3.bullet.PhysicsSpace update
WARNUNG: invoked from wrong thread
Sept. 12, 2026 7:43:55 PM com.jme3.bullet.PhysicsSpace update
WARNUNG: invoked from wrong thread
Sept. 12, 2026 7:43:55 PM com.jme3.bullet.PhysicsSpace update
WARNUNG: invoked from wrong thread
Sept. 12, 2026 7:43:55 PM com.jme3.bullet.PhysicsSpace update
WARNUNG: invoked from wrong thread
Sept. 12, 2026 7:43:55 PM com.jme3.bullet.PhysicsSpace update
WARNUNG: invoked from wrong thread
Sept. 12, 2026 7:43:55 PM com.jme3.bullet.PhysicsSpace update
WARNUNG: invoked from wrong thread
Sept. 12, 2026 7:43:55 PM com.jme3.bullet.PhysicsSpace update
WARNUNG: invoked from wrong thread
Sept. 12, 2026 7:43:55 PM com.jme3.bullet.PhysicsSpace update
WARNUNG: invoked from wrong thread
Sept. 12, 2026 7:43:55 PM com.jme3.bullet.PhysicsSpace update
WARNUNG: invoked from wrong thread
Sept. 12, 2026 7:43:55 PM com.jme3.bullet.PhysicsSpace update
WARNUNG: invoked from wrong thread
Sept. 12, 2026 7:43:55 PM com.jme3.bullet.PhysicsSpace update
WARNUNG: invoked from wrong thread
Sept. 12, 2026 7:43:55 PM com.jme3.bullet.PhysicsSpace update
WARNUNG: invoked from wrong thread
Sept. 12, 2026 7:43:55 PM com.jme3.bullet.PhysicsSpace update
WARNUNG: invoked from wrong thread
Sept. 12, 2026 7:43:55 PM com.jme3.bullet.PhysicsSpace update
WARNUNG: invoked from wrong thread
Sept. 12, 2026 7:43:55 PM com.jme3.bullet.PhysicsSpace update
WARNUNG: invoked from wrong thread
Sept. 12, 2026 7:43:55 PM com.jme3.bullet.PhysicsSpace update
WARNUNG: invoked from wrong thread
Sept. 12, 2026 7:43:55 PM com.jme3.bullet.PhysicsSpace update
WARNUNG: invoked from wrong thread
Sept. 12, 2026 7:43:55 PM com.jme3.bullet.PhysicsSpace update
WARNUNG: invoked from wrong thread
Sept. 12, 2026 7:43:55 PM com.jme3.bullet.PhysicsSpace update
WARNUNG: invoked from wrong thread
Sept. 12, 2026 7:43:55 PM com.jme3.bullet.PhysicsSpace update
WARNUNG: invoked from wrong thread
Sept. 12, 2026 7:43:55 PM com.jme3.bullet.PhysicsSpace update
WARNUNG: invoked from wrong thread
Sept. 12, 2026 7:43:55 PM com.jme3.bullet.PhysicsSpace update
WARNUNG: invoked from wrong thread
Sept. 12, 2026 7:43:55 PM com.jme3.bullet.PhysicsSpace update
WARNUNG: invoked from wrong thread
Sept. 12, 2026 7:43:55 PM com.jme3.bullet.PhysicsSpace update
WARNUNG: invoked from wrong thread
Sept. 12, 2026 7:43:55 PM com.jme3.bullet.PhysicsSpace update
WARNUNG: invoked from wrong thread
Sept. 12, 2026 7:43:55 PM com.jme3.bullet.PhysicsSpace update
WARNUNG: invoked from wrong thread
Sept. 12, 2026 7:43:55 PM com.jme3.bullet.PhysicsSpace update
WARNUNG: invoked from wrong thread
Sept. 12, 2026 7:43:55 PM com.jme3.bullet.PhysicsSpace update
WARNUNG: invoked from wrong thread
Sept. 12, 2026 7:43:55 PM com.jme3.bullet.PhysicsSpace update
WARNUNG: invoked from wrong thread
Sept. 12, 2026 7:43:55 PM com.jme3.bullet.PhysicsSpace update
WARNUNG: invoked from wrong thread
Sept. 12, 2026 7:43:55 PM com.jme3.bullet.PhysicsSpace update
WARNUNG: invoked from wrong thread
Sept. 12, 2026 7:43:55 PM com.jme3.bullet.PhysicsSpace update
WARNUNG: invoked from wrong thread
Sept. 12, 2026 7:43:55 PM com.jme3.bullet.PhysicsSpace update
WARNUNG: invoked from wrong thread
Sept. 12, 2026 7:43:55 PM com.jme3.bullet.PhysicsSpace update
WARNUNG: invoked from wrong thread
Sept. 12, 2026 7:43:55 PM com.jme3.bullet.PhysicsSpace update
WARNUNG: invoked from wrong thread
Sept. 12, 2026 7:43:55 PM com.jme3.bullet.PhysicsSpace update
WARNUNG: invoked from wrong thread
Sept. 12, 2026 7:43:55 PM com.jme3.bullet.PhysicsSpace update
WARNUNG: invoked from wrong thread
Sept. 12, 2026 7:43:55 PM com.jme3.bullet.PhysicsSpace update
WARNUNG: invoked from wrong thread
Sept. 12, 2026 7:43:55 PM com.jme3.bullet.PhysicsSpace update
WARNUNG: invoked from wrong thread
Sept. 12, 2026 7:43:55 PM com.jme3.bullet.PhysicsSpace update
WARNUNG: invoked from wrong thread
Sept. 12, 2026 7:43:55 PM com.jme3.bullet.PhysicsSpace update
WARNUNG: invoked from wrong thread
Sept. 12, 2026 7:43:55 PM com.jme3.bullet.PhysicsSpace update
WARNUNG: invoked from wrong thread
Sept. 12, 2026 7:43:55 PM com.jme3.bullet.PhysicsSpace update
WARNUNG: invoked from wrong thread
Sept. 12, 2026 7:43:55 PM com.jme3.bullet.PhysicsSpace update
WARNUNG: invoked from wrong thread
Sept. 12, 2026 7:43:56 PM com.jme3.bullet.PhysicsSpace update
WARNUNG: invoked from wrong thread
Sept. 12, 2026 7:43:56 PM com.jme3.bullet.PhysicsSpace update
WARNUNG: invoked from wrong thread
Sept. 12, 2026 7:43:56 PM com.jme3.bullet.PhysicsSpace update
WARNUNG: invoked from wrong thread
Sept. 12, 2026 7:43:56 PM com.jme3.bullet.PhysicsSpace update
WARNUNG: invoked from wrong thread
Sept. 12, 2026 7:43:56 PM com.jme3.bullet.PhysicsSpace update
WARNUNG: invoked from wrong thread
Sept. 12, 2026 7:43:56 PM com.jme3.bullet.PhysicsSpace update
WARNUNG: invoked from wrong thread
Sept. 12, 2026 7:43:56 PM com.jme3.bullet.PhysicsSpace update
WARNUNG: invoked from wrong thread
Sept. 12, 2026 7:43:56 PM com.jme3.bullet.PhysicsSpace update
WARNUNG: invoked from wrong thread
Sept. 12, 2026 7:43:56 PM com.jme3.bullet.PhysicsSpace update
WARNUNG: invoked from wrong thread
Sept. 12, 2026 7:43:56 PM com.jme3.bullet.PhysicsSpace update
WARNUNG: invoked from wrong thread
Sept. 12, 2026 7:43:56 PM com.jme3.bullet.PhysicsSpace update
WARNUNG: invoked from wrong thread
Sept. 12, 2026 7:43:56 PM com.jme3.bullet.PhysicsSpace update
WARNUNG: invoked from wrong thread
Sept. 12, 2026 7:43:56 PM com.jme3.bullet.PhysicsSpace update
WARNUNG: invoked from wrong thread
Sept. 12, 2026 7:43:56 PM com.jme3.bullet.PhysicsSpace update
WARNUNG: invoked from wrong thread
Sept. 12, 2026 7:43:56 PM com.jme3.bullet.PhysicsSpace update
WARNUNG: invoked from wrong thread
Sept. 12, 2026 7:43:56 PM com.jme3.bullet.PhysicsSpace update
WARNUNG: invoked from wrong thread
Sept. 12, 2026 7:43:56 PM com.jme3.bullet.PhysicsSpace update
WARNUNG: invoked from wrong thread
Sept. 12, 2026 7:43:56 PM com.jme3.bullet.PhysicsSpace update
WARNUNG: invoked from wrong thread
Sept. 12, 2026 7:43:56 PM com.jme3.bullet.PhysicsSpace update
WARNUNG: invoked from wrong thread
Sept. 12, 2026 7:43:56 PM com.jme3.bullet.PhysicsSpace update
WARNUNG: invoked from wrong thread
Sept. 12, 2026 7:43:56 PM com.jme3.bullet.PhysicsSpace update
WARNUNG: invoked from wrong thread
Sept. 12, 2026 7:43:56 PM com.jme3.bullet.PhysicsSpace update
WARNUNG: invoked from wrong thread
Sept. 12, 2026 7:43:56 PM com.jme3.bullet.PhysicsSpace update
WARNUNG: invoked from wrong thread
Sept. 12, 2026 7:43:56 PM com.jme3.bullet.PhysicsSpace update
WARNUNG: invoked from wrong thread
Sept. 12, 2026 7:43:56 PM com.jme3.bullet.PhysicsSpace update
WARNUNG: invoked from wrong thread
Sept. 12, 2026 7:43:56 PM com.jme3.bullet.PhysicsSpace update
WARNUNG: invoked from wrong thread
Sept. 12, 2026 7:43:56 PM com.jme3.bullet.PhysicsSpace update
WARNUNG: invoked from wrong thread
Sept. 12, 2026 7:43:56 PM com.jme3.bullet.PhysicsSpace update
WARNUNG: invoked from wrong thread
Sept. 12, 2026 7:43:56 PM com.jme3.bullet.PhysicsSpace update
WARNUNG: invoked from wrong thread
Sept. 12, 2026 7:43:56 PM com.jme3.bullet.PhysicsSpace update
WARNUNG: invoked from wrong thread
Sept. 12, 2026 7:43:56 PM com.jme3.bullet.PhysicsSpace update
WARNUNG: invoked from wrong thread
Sept. 12, 2026 7:43:56 PM com.jme3.bullet.PhysicsSpace update
WARNUNG: invoked from wrong thread
Sept. 12, 2026 7:43:56 PM com.jme3.bullet.PhysicsSpace update
WARNUNG: invoked from wrong thread
Sept. 12, 2026 7:43:56 PM com.jme3.bullet.PhysicsSpace update
WARNUNG: invoked from wrong thread
Sept. 12, 2026 7:43:56 PM com.jme3.bullet.PhysicsSpace update
WARNUNG: invoked from wrong thread
Sept. 12, 2026 7:43:56 PM com.jme3.bullet.PhysicsSpace update
WARNUNG: invoked from wrong thread
Sept. 12, 2026 7:43:56 PM com.jme3.bullet.PhysicsSpace update
WARNUNG: invoked from wrong thread
Sept. 12, 2026 7:43:56 PM com.jme3.bullet.PhysicsSpace update
WARNUNG: invoked from wrong thread
Sept. 12, 2026 7:43:56 PM com.jme3.bullet.PhysicsSpace update
WARNUNG: invoked from wrong thread
Sept. 12, 2026 7:43:56 PM com.jme3.bullet.PhysicsSpace update
WARNUNG: invoked from wrong thread
Sept. 12, 2026 7:43:56 PM com.jme3.bullet.PhysicsSpace update
WARNUNG: invoked from wrong thread
Sept. 12, 2026 7:43:56 PM com.jme3.bullet.PhysicsSpace update
WARNUNG: invoked from wrong thread
Sept. 12, 2026 7:43:56 PM com.jme3.bullet.PhysicsSpace update
WARNUNG: invoked from wrong thread
Sept. 12, 2026 7:43:56 PM com.jme3.bullet.PhysicsSpace update
WARNUNG: invoked from wrong thread
Sept. 12, 2026 7:43:56 PM com.jme3.bullet.PhysicsSpace update
WARNUNG: invoked from wrong thread
Sept. 12, 2026 7:43:56 PM com.jme3.bullet.PhysicsSpace update
WARNUNG: invoked from wrong thread
Sept. 12, 2026 7:43:56 PM com.jme3.bullet.PhysicsSpace update
WARNUNG: invoked from wrong thread
Sept. 12, 2026 7:43:56 PM com.jme3.bullet.PhysicsSpace update
WARNUNG: invoked from wrong thread
Sept. 12, 2026 7:43:56 PM com.jme3.bullet.PhysicsSpace update
WARNUNG: invoked from wrong thread
Sept. 12, 2026 7:43:56 PM com.jme3.bullet.PhysicsSpace update
WARNUNG: invoked from wrong thread
Sept. 12, 2026 7:43:56 PM com.jme3.bullet.PhysicsSpace update
WARNUNG: invoked from wrong thread
Sept. 12, 2026 7:43:56 PM com.jme3.bullet.PhysicsSpace update
WARNUNG: invoked from wrong thread
Sept. 12, 2026 7:43:56 PM com.jme3.bullet.PhysicsSpace update
WARNUNG: invoked from wrong thread
Sept. 12, 2026 7:43:56 PM com.jme3.bullet.PhysicsSpace update
WARNUNG: invoked from wrong thread
Sept. 12, 2026 7:43:56 PM com.jme3.bullet.PhysicsSpace update
WARNUNG: invoked from wrong thread
Sept. 12, 2026 7:43:56 PM com.jme3.bullet.PhysicsSpace update
WARNUNG: invoked from wrong thread
Sept. 12, 2026 7:43:56 PM com.jme3.bullet.PhysicsSpace update
WARNUNG: invoked from wrong thread
Sept. 12, 2026 7:43:56 PM com.jme3.bullet.PhysicsSpace update
WARNUNG: invoked from wrong thread
Sept. 12, 2026 7:43:56 PM com.jme3.bullet.PhysicsSpace update
WARNUNG: invoked from wrong thread
Sept. 12, 2026 7:43:57 PM com.jme3.bullet.PhysicsSpace update
WARNUNG: invoked from wrong thread
Sept. 12, 2026 7:43:57 PM com.jme3.bullet.PhysicsSpace update
WARNUNG: invoked from wrong thread
Sept. 12, 2026 7:43:57 PM com.jme3.bullet.PhysicsSpace update
WARNUNG: invoked from wrong thread
Sept. 12, 2026 7:43:57 PM com.jme3.bullet.PhysicsSpace update
WARNUNG: invoked from wrong thread
Sept. 12, 2026 7:43:57 PM com.jme3.bullet.PhysicsSpace update
WARNUNG: invoked from wrong thread
Sept. 12, 2026 7:43:57 PM com.jme3.bullet.PhysicsSpace update
WARNUNG: invoked from wrong thread
Sept. 12, 2026 7:43:57 PM com.jme3.bullet.PhysicsSpace update
WARNUNG: invoked from wrong thread
Sept. 12, 2026 7:43:57 PM com.jme3.bullet.PhysicsSpace update
WARNUNG: invoked from wrong thread
Sept. 12, 2026 7:43:57 PM com.jme3.bullet.PhysicsSpace update
WARNUNG: invoked from wrong thread
Sept. 12, 2026 7:43:57 PM com.jme3.bullet.PhysicsSpace update
WARNUNG: invoked from wrong thread
Sept. 12, 2026 7:43:57 PM com.jme3.bullet.PhysicsSpace update
WARNUNG: invoked from wrong thread
Sept. 12, 2026 7:43:57 PM com.jme3.bullet.PhysicsSpace update
WARNUNG: invoked from wrong thread
Sept. 12, 2026 7:43:57 PM com.jme3.bullet.PhysicsSpace update
WARNUNG: invoked from wrong thread
Sept. 12, 2026 7:43:57 PM com.jme3.bullet.PhysicsSpace update
WARNUNG: invoked from wrong thread
Sept. 12, 2026 7:43:57 PM com.jme3.bullet.PhysicsSpace update
WARNUNG: invoked from wrong thread
[SMOKE] stage 23
[CHECK] Boss enters third phase
[GAME] Ork-König besiegt  +500 EP  +100 Gold
[GAME] Die Krone faellt. Dein Urteil steht noch aus.
Sept. 12, 2026 7:43:57 PM com.jme3.bullet.PhysicsSpace update
WARNUNG: invoked from wrong thread
Sept. 12, 2026 7:43:57 PM com.jme3.bullet.PhysicsSpace update
WARNUNG: invoked from wrong thread
Sept. 12, 2026 7:43:57 PM com.jme3.bullet.PhysicsSpace update
WARNUNG: invoked from wrong thread
Sept. 12, 2026 7:43:57 PM com.jme3.bullet.PhysicsSpace update
WARNUNG: invoked from wrong thread
Sept. 12, 2026 7:43:57 PM com.jme3.bullet.PhysicsSpace update
WARNUNG: invoked from wrong thread
Sept. 12, 2026 7:43:57 PM com.jme3.bullet.PhysicsSpace update
WARNUNG: invoked from wrong thread
Sept. 12, 2026 7:43:57 PM com.jme3.bullet.PhysicsSpace update
WARNUNG: invoked from wrong thread
Sept. 12, 2026 7:43:57 PM com.jme3.bullet.PhysicsSpace update
WARNUNG: invoked from wrong thread
[GAME] Auftrag erfüllt: Unter einer Aschenkrone  +500 EP
[GAME] Stufe 9 erreicht! K: Fähigkeiten verbessern.
Sept. 12, 2026 7:43:57 PM com.jme3.bullet.PhysicsSpace update
WARNUNG: invoked from wrong thread
Sept. 12, 2026 7:43:57 PM com.jme3.bullet.PhysicsSpace update
WARNUNG: invoked from wrong thread
Sept. 12, 2026 7:43:57 PM com.jme3.bullet.PhysicsSpace update
WARNUNG: invoked from wrong thread
Sept. 12, 2026 7:43:57 PM com.jme3.bullet.PhysicsSpace update
WARNUNG: invoked from wrong thread
Sept. 12, 2026 7:43:57 PM com.jme3.bullet.PhysicsSpace update
WARNUNG: invoked from wrong thread
Sept. 12, 2026 7:43:57 PM com.jme3.bullet.PhysicsSpace update
WARNUNG: invoked from wrong thread
Sept. 12, 2026 7:43:57 PM com.jme3.bullet.PhysicsSpace update
WARNUNG: invoked from wrong thread
Sept. 12, 2026 7:43:57 PM com.jme3.bullet.PhysicsSpace update
WARNUNG: invoked from wrong thread
Sept. 12, 2026 7:43:57 PM com.jme3.bullet.PhysicsSpace update
WARNUNG: invoked from wrong thread
Sept. 12, 2026 7:43:57 PM com.jme3.bullet.PhysicsSpace update
WARNUNG: invoked from wrong thread
Sept. 12, 2026 7:43:57 PM com.jme3.bullet.PhysicsSpace update
WARNUNG: invoked from wrong thread
Sept. 12, 2026 7:43:57 PM com.jme3.bullet.PhysicsSpace update
WARNUNG: invoked from wrong thread
Sept. 12, 2026 7:43:57 PM com.jme3.bullet.PhysicsSpace update
WARNUNG: invoked from wrong thread
Sept. 12, 2026 7:43:57 PM com.jme3.bullet.PhysicsSpace update
WARNUNG: invoked from wrong thread
Sept. 12, 2026 7:43:57 PM com.jme3.bullet.PhysicsSpace update
WARNUNG: invoked from wrong thread
Sept. 12, 2026 7:43:57 PM com.jme3.bullet.PhysicsSpace update
WARNUNG: invoked from wrong thread
Sept. 12, 2026 7:43:57 PM com.jme3.bullet.PhysicsSpace update
WARNUNG: invoked from wrong thread
Sept. 12, 2026 7:43:57 PM com.jme3.bullet.PhysicsSpace update
WARNUNG: invoked from wrong thread
Sept. 12, 2026 7:43:57 PM com.jme3.bullet.PhysicsSpace update
WARNUNG: invoked from wrong thread
Sept. 12, 2026 7:43:57 PM com.jme3.bullet.PhysicsSpace update
WARNUNG: invoked from wrong thread
Sept. 12, 2026 7:43:57 PM com.jme3.bullet.PhysicsSpace update
WARNUNG: invoked from wrong thread
Sept. 12, 2026 7:43:57 PM com.jme3.bullet.PhysicsSpace update
WARNUNG: invoked from wrong thread
Sept. 12, 2026 7:43:57 PM com.jme3.bullet.PhysicsSpace update
WARNUNG: invoked from wrong thread
Sept. 12, 2026 7:43:57 PM com.jme3.bullet.PhysicsSpace update
WARNUNG: invoked from wrong thread
Sept. 12, 2026 7:43:57 PM com.jme3.bullet.PhysicsSpace update
WARNUNG: invoked from wrong thread
Sept. 12, 2026 7:43:57 PM com.jme3.bullet.PhysicsSpace update
WARNUNG: invoked from wrong thread
Sept. 12, 2026 7:43:57 PM com.jme3.bullet.PhysicsSpace update
WARNUNG: invoked from wrong thread
Sept. 12, 2026 7:43:58 PM com.jme3.bullet.PhysicsSpace update
WARNUNG: invoked from wrong thread
Sept. 12, 2026 7:43:58 PM com.jme3.bullet.PhysicsSpace update
WARNUNG: invoked from wrong thread
Sept. 12, 2026 7:43:58 PM com.jme3.bullet.PhysicsSpace update
WARNUNG: invoked from wrong thread
Sept. 12, 2026 7:43:58 PM com.jme3.bullet.PhysicsSpace update
WARNUNG: invoked from wrong thread
Sept. 12, 2026 7:43:58 PM com.jme3.bullet.PhysicsSpace update
WARNUNG: invoked from wrong thread
Sept. 12, 2026 7:43:58 PM com.jme3.bullet.PhysicsSpace update
WARNUNG: invoked from wrong thread
Sept. 12, 2026 7:43:58 PM com.jme3.bullet.PhysicsSpace update
WARNUNG: invoked from wrong thread
Sept. 12, 2026 7:43:58 PM com.jme3.bullet.PhysicsSpace update
WARNUNG: invoked from wrong thread
Sept. 12, 2026 7:43:58 PM com.jme3.bullet.PhysicsSpace update
WARNUNG: invoked from wrong thread
Sept. 12, 2026 7:43:58 PM com.jme3.bullet.PhysicsSpace update
WARNUNG: invoked from wrong thread
Sept. 12, 2026 7:43:58 PM com.jme3.bullet.PhysicsSpace update
WARNUNG: invoked from wrong thread
Sept. 12, 2026 7:43:58 PM com.jme3.bullet.PhysicsSpace update
WARNUNG: invoked from wrong thread
Sept. 12, 2026 7:43:58 PM com.jme3.bullet.PhysicsSpace update
WARNUNG: invoked from wrong thread
Sept. 12, 2026 7:43:58 PM com.jme3.bullet.PhysicsSpace update
WARNUNG: invoked from wrong thread
Sept. 12, 2026 7:43:58 PM com.jme3.bullet.PhysicsSpace update
WARNUNG: invoked from wrong thread
Sept. 12, 2026 7:43:58 PM com.jme3.bullet.PhysicsSpace update
WARNUNG: invoked from wrong thread
Sept. 12, 2026 7:43:58 PM com.jme3.bullet.PhysicsSpace update
WARNUNG: invoked from wrong thread
Sept. 12, 2026 7:43:58 PM com.jme3.bullet.PhysicsSpace update
WARNUNG: invoked from wrong thread
Sept. 12, 2026 7:43:58 PM com.jme3.bullet.PhysicsSpace update
WARNUNG: invoked from wrong thread
Sept. 12, 2026 7:43:58 PM com.jme3.bullet.PhysicsSpace update
WARNUNG: invoked from wrong thread
Sept. 12, 2026 7:43:58 PM com.jme3.bullet.PhysicsSpace update
WARNUNG: invoked from wrong thread
Sept. 12, 2026 7:43:58 PM com.jme3.bullet.PhysicsSpace update
WARNUNG: invoked from wrong thread
Sept. 12, 2026 7:43:58 PM com.jme3.bullet.PhysicsSpace update
WARNUNG: invoked from wrong thread
Sept. 12, 2026 7:43:58 PM com.jme3.bullet.PhysicsSpace update
WARNUNG: invoked from wrong thread
Sept. 12, 2026 7:43:58 PM com.jme3.bullet.PhysicsSpace update
WARNUNG: invoked from wrong thread
Sept. 12, 2026 7:43:58 PM com.jme3.bullet.PhysicsSpace update
WARNUNG: invoked from wrong thread
Sept. 12, 2026 7:43:58 PM com.jme3.bullet.PhysicsSpace update
WARNUNG: invoked from wrong thread
Sept. 12, 2026 7:43:58 PM com.jme3.bullet.PhysicsSpace update
WARNUNG: invoked from wrong thread
Sept. 12, 2026 7:43:58 PM com.jme3.bullet.PhysicsSpace update
WARNUNG: invoked from wrong thread
Sept. 12, 2026 7:43:58 PM com.jme3.bullet.PhysicsSpace update
WARNUNG: invoked from wrong thread
Sept. 12, 2026 7:43:58 PM com.jme3.bullet.PhysicsSpace update
WARNUNG: invoked from wrong thread
Sept. 12, 2026 7:43:58 PM com.jme3.bullet.PhysicsSpace update
WARNUNG: invoked from wrong thread
Sept. 12, 2026 7:43:58 PM com.jme3.bullet.PhysicsSpace update
WARNUNG: invoked from wrong thread
Sept. 12, 2026 7:43:58 PM com.jme3.bullet.PhysicsSpace update
WARNUNG: invoked from wrong thread
Sept. 12, 2026 7:43:58 PM com.jme3.bullet.PhysicsSpace update
WARNUNG: invoked from wrong thread
Sept. 12, 2026 7:43:58 PM com.jme3.bullet.PhysicsSpace update
WARNUNG: invoked from wrong thread
Sept. 12, 2026 7:43:58 PM com.jme3.bullet.PhysicsSpace update
WARNUNG: invoked from wrong thread
Sept. 12, 2026 7:43:58 PM com.jme3.bullet.PhysicsSpace update
WARNUNG: invoked from wrong thread
Sept. 12, 2026 7:43:58 PM com.jme3.bullet.PhysicsSpace update
WARNUNG: invoked from wrong thread
Sept. 12, 2026 7:43:58 PM com.jme3.bullet.PhysicsSpace update
WARNUNG: invoked from wrong thread
Sept. 12, 2026 7:43:58 PM com.jme3.bullet.PhysicsSpace update
WARNUNG: invoked from wrong thread
Sept. 12, 2026 7:43:58 PM com.jme3.bullet.PhysicsSpace update
WARNUNG: invoked from wrong thread
Sept. 12, 2026 7:43:58 PM com.jme3.bullet.PhysicsSpace update
WARNUNG: invoked from wrong thread
Sept. 12, 2026 7:43:58 PM com.jme3.bullet.PhysicsSpace update
WARNUNG: invoked from wrong thread
Sept. 12, 2026 7:43:58 PM com.jme3.bullet.PhysicsSpace update
WARNUNG: invoked from wrong thread
Sept. 12, 2026 7:43:58 PM com.jme3.bullet.PhysicsSpace update
WARNUNG: invoked from wrong thread
Sept. 12, 2026 7:43:58 PM com.jme3.bullet.PhysicsSpace update
WARNUNG: invoked from wrong thread
Sept. 12, 2026 7:43:58 PM com.jme3.bullet.PhysicsSpace update
WARNUNG: invoked from wrong thread
Sept. 12, 2026 7:43:58 PM com.jme3.bullet.PhysicsSpace update
WARNUNG: invoked from wrong thread
Sept. 12, 2026 7:43:58 PM com.jme3.bullet.PhysicsSpace update
WARNUNG: invoked from wrong thread
Sept. 12, 2026 7:43:58 PM com.jme3.bullet.PhysicsSpace update
WARNUNG: invoked from wrong thread
Sept. 12, 2026 7:43:58 PM com.jme3.bullet.PhysicsSpace update
WARNUNG: invoked from wrong thread
Sept. 12, 2026 7:43:58 PM com.jme3.bullet.PhysicsSpace update
WARNUNG: invoked from wrong thread
Sept. 12, 2026 7:43:58 PM com.jme3.bullet.PhysicsSpace update
WARNUNG: invoked from wrong thread
Sept. 12, 2026 7:43:58 PM com.jme3.bullet.PhysicsSpace update
WARNUNG: invoked from wrong thread
Sept. 12, 2026 7:43:58 PM com.jme3.bullet.PhysicsSpace update
WARNUNG: invoked from wrong thread
Sept. 12, 2026 7:43:58 PM com.jme3.bullet.PhysicsSpace update
WARNUNG: invoked from wrong thread
Sept. 12, 2026 7:43:58 PM com.jme3.bullet.PhysicsSpace update
WARNUNG: invoked from wrong thread
Sept. 12, 2026 7:43:58 PM com.jme3.bullet.PhysicsSpace update
WARNUNG: invoked from wrong thread
Sept. 12, 2026 7:43:58 PM com.jme3.bullet.PhysicsSpace update
WARNUNG: invoked from wrong thread
Sept. 12, 2026 7:43:59 PM com.jme3.bullet.PhysicsSpace update
WARNUNG: invoked from wrong thread
Sept. 12, 2026 7:43:59 PM com.jme3.bullet.PhysicsSpace update
WARNUNG: invoked from wrong thread
Sept. 12, 2026 7:43:59 PM com.jme3.bullet.PhysicsSpace update
WARNUNG: invoked from wrong thread
Sept. 12, 2026 7:43:59 PM com.jme3.bullet.PhysicsSpace update
WARNUNG: invoked from wrong thread
Sept. 12, 2026 7:43:59 PM com.jme3.bullet.PhysicsSpace update
WARNUNG: invoked from wrong thread
Sept. 12, 2026 7:43:59 PM com.jme3.bullet.PhysicsSpace update
WARNUNG: invoked from wrong thread
Sept. 12, 2026 7:43:59 PM com.jme3.bullet.PhysicsSpace update
WARNUNG: invoked from wrong thread
Sept. 12, 2026 7:43:59 PM com.jme3.bullet.PhysicsSpace update
WARNUNG: invoked from wrong thread
Sept. 12, 2026 7:43:59 PM com.jme3.bullet.PhysicsSpace update
WARNUNG: invoked from wrong thread
Sept. 12, 2026 7:43:59 PM com.jme3.bullet.PhysicsSpace update
WARNUNG: invoked from wrong thread
Sept. 12, 2026 7:43:59 PM com.jme3.bullet.PhysicsSpace update
WARNUNG: invoked from wrong thread
Sept. 12, 2026 7:43:59 PM com.jme3.bullet.PhysicsSpace update
WARNUNG: invoked from wrong thread
Sept. 12, 2026 7:43:59 PM com.jme3.bullet.PhysicsSpace update
WARNUNG: invoked from wrong thread
Sept. 12, 2026 7:43:59 PM com.jme3.bullet.PhysicsSpace update
WARNUNG: invoked from wrong thread
Sept. 12, 2026 7:43:59 PM com.jme3.bullet.PhysicsSpace update
WARNUNG: invoked from wrong thread
Sept. 12, 2026 7:43:59 PM com.jme3.bullet.PhysicsSpace update
WARNUNG: invoked from wrong thread
Sept. 12, 2026 7:43:59 PM com.jme3.bullet.PhysicsSpace update
WARNUNG: invoked from wrong thread
Sept. 12, 2026 7:43:59 PM com.jme3.bullet.PhysicsSpace update
WARNUNG: invoked from wrong thread
Sept. 12, 2026 7:43:59 PM com.jme3.bullet.PhysicsSpace update
WARNUNG: invoked from wrong thread
Sept. 12, 2026 7:43:59 PM com.jme3.bullet.PhysicsSpace update
WARNUNG: invoked from wrong thread
Sept. 12, 2026 7:43:59 PM com.jme3.bullet.PhysicsSpace update
WARNUNG: invoked from wrong thread
Sept. 12, 2026 7:43:59 PM com.jme3.bullet.PhysicsSpace update
WARNUNG: invoked from wrong thread
Sept. 12, 2026 7:43:59 PM com.jme3.bullet.PhysicsSpace update
WARNUNG: invoked from wrong thread
Sept. 12, 2026 7:43:59 PM com.jme3.bullet.PhysicsSpace update
WARNUNG: invoked from wrong thread
Sept. 12, 2026 7:43:59 PM com.jme3.bullet.PhysicsSpace update
WARNUNG: invoked from wrong thread
Sept. 12, 2026 7:43:59 PM com.jme3.bullet.PhysicsSpace update
WARNUNG: invoked from wrong thread
Sept. 12, 2026 7:43:59 PM com.jme3.bullet.PhysicsSpace update
WARNUNG: invoked from wrong thread
Sept. 12, 2026 7:43:59 PM com.jme3.bullet.PhysicsSpace update
WARNUNG: invoked from wrong thread
Sept. 12, 2026 7:43:59 PM com.jme3.bullet.PhysicsSpace update
WARNUNG: invoked from wrong thread
Sept. 12, 2026 7:43:59 PM com.jme3.bullet.PhysicsSpace update
WARNUNG: invoked from wrong thread
Sept. 12, 2026 7:43:59 PM com.jme3.bullet.PhysicsSpace update
WARNUNG: invoked from wrong thread
Sept. 12, 2026 7:43:59 PM com.jme3.bullet.PhysicsSpace update
WARNUNG: invoked from wrong thread
Sept. 12, 2026 7:43:59 PM com.jme3.bullet.PhysicsSpace update
WARNUNG: invoked from wrong thread
Sept. 12, 2026 7:43:59 PM com.jme3.bullet.PhysicsSpace update
WARNUNG: invoked from wrong thread
Sept. 12, 2026 7:43:59 PM com.jme3.bullet.PhysicsSpace update
WARNUNG: invoked from wrong thread
Sept. 12, 2026 7:43:59 PM com.jme3.bullet.PhysicsSpace update
WARNUNG: invoked from wrong thread
Sept. 12, 2026 7:43:59 PM com.jme3.bullet.PhysicsSpace update
WARNUNG: invoked from wrong thread
Sept. 12, 2026 7:43:59 PM com.jme3.bullet.PhysicsSpace update
WARNUNG: invoked from wrong thread
Sept. 12, 2026 7:43:59 PM com.jme3.bullet.PhysicsSpace update
WARNUNG: invoked from wrong thread
Sept. 12, 2026 7:43:59 PM com.jme3.bullet.PhysicsSpace update
WARNUNG: invoked from wrong thread
Sept. 12, 2026 7:43:59 PM com.jme3.bullet.PhysicsSpace update
WARNUNG: invoked from wrong thread
Sept. 12, 2026 7:43:59 PM com.jme3.bullet.PhysicsSpace update
WARNUNG: invoked from wrong thread
Sept. 12, 2026 7:43:59 PM com.jme3.bullet.PhysicsSpace update
WARNUNG: invoked from wrong thread
Sept. 12, 2026 7:43:59 PM com.jme3.bullet.PhysicsSpace update
WARNUNG: invoked from wrong thread
Sept. 12, 2026 7:43:59 PM com.jme3.bullet.PhysicsSpace update
WARNUNG: invoked from wrong thread
Sept. 12, 2026 7:43:59 PM com.jme3.bullet.PhysicsSpace update
WARNUNG: invoked from wrong thread
[SMOKE] stage 24
[CHECK] Boss death unlocks epilogue
[GAME] Auftrag erfüllt: Was vom Feuer bleibt  +0 EP
[CHECK] Seal ending
[CHECK] All ten quests can be completed
[SMOKE] stage 25
[CHECK] Alternative crown ending
[SMOKE] stage 26
[GAME] Willkommen im Ödland. Folge dem Feuer zu Mira. [E]
Sept. 12, 2026 7:44:05 PM com.jme3.bullet.PhysicsSpace update
WARNUNG: invoked from wrong thread
Sept. 12, 2026 7:44:05 PM com.jme3.anim.SkinningControl controlRender
INFORMATION: Hardware skinning engaged for Armature.008 (Node)
Sept. 12, 2026 7:44:05 PM com.jme3.anim.SkinningControl controlRender
INFORMATION: Hardware skinning engaged for GoblinArmature (Node)
Sept. 12, 2026 7:44:05 PM com.jme3.anim.SkinningControl controlRender
INFORMATION: Hardware skinning engaged for GoblinArmature (Node)
Sept. 12, 2026 7:44:05 PM com.jme3.bullet.PhysicsSpace update
WARNUNG: invoked from wrong thread
Sept. 12, 2026 7:44:05 PM com.jme3.anim.SkinningControl controlRender
INFORMATION: Hardware skinning engaged for Armature.004 (Node)
Sept. 12, 2026 7:44:05 PM com.jme3.bullet.PhysicsSpace update
WARNUNG: invoked from wrong thread
Sept. 12, 2026 7:44:05 PM com.jme3.bullet.PhysicsSpace update
WARNUNG: invoked from wrong thread
Sept. 12, 2026 7:44:05 PM com.jme3.bullet.PhysicsSpace update
WARNUNG: invoked from wrong thread
Sept. 12, 2026 7:44:05 PM com.jme3.bullet.PhysicsSpace update
WARNUNG: invoked from wrong thread
Sept. 12, 2026 7:44:05 PM com.jme3.bullet.PhysicsSpace update
WARNUNG: invoked from wrong thread
Sept. 12, 2026 7:44:05 PM com.jme3.bullet.PhysicsSpace update
WARNUNG: invoked from wrong thread
Sept. 12, 2026 7:44:05 PM com.jme3.bullet.PhysicsSpace update
WARNUNG: invoked from wrong thread
Sept. 12, 2026 7:44:05 PM com.jme3.bullet.PhysicsSpace update
WARNUNG: invoked from wrong thread
Sept. 12, 2026 7:44:05 PM com.jme3.bullet.PhysicsSpace update
WARNUNG: invoked from wrong thread
Sept. 12, 2026 7:44:05 PM com.jme3.bullet.PhysicsSpace update
WARNUNG: invoked from wrong thread
Sept. 12, 2026 7:44:05 PM com.jme3.bullet.PhysicsSpace update
WARNUNG: invoked from wrong thread
Sept. 12, 2026 7:44:05 PM com.jme3.bullet.PhysicsSpace update
WARNUNG: invoked from wrong thread
Sept. 12, 2026 7:44:05 PM com.jme3.bullet.PhysicsSpace update
WARNUNG: invoked from wrong thread
Sept. 12, 2026 7:44:05 PM com.jme3.bullet.PhysicsSpace update
WARNUNG: invoked from wrong thread
Sept. 12, 2026 7:44:05 PM com.jme3.bullet.PhysicsSpace update
WARNUNG: invoked from wrong thread
Sept. 12, 2026 7:44:05 PM com.jme3.bullet.PhysicsSpace update
WARNUNG: invoked from wrong thread
Sept. 12, 2026 7:44:05 PM com.jme3.bullet.PhysicsSpace update
WARNUNG: invoked from wrong thread
Sept. 12, 2026 7:44:05 PM com.jme3.bullet.PhysicsSpace update
WARNUNG: invoked from wrong thread
Sept. 12, 2026 7:44:05 PM com.jme3.bullet.PhysicsSpace update
WARNUNG: invoked from wrong thread
Sept. 12, 2026 7:44:05 PM com.jme3.bullet.PhysicsSpace update
WARNUNG: invoked from wrong thread
Sept. 12, 2026 7:44:05 PM com.jme3.bullet.PhysicsSpace update
WARNUNG: invoked from wrong thread
Sept. 12, 2026 7:44:05 PM com.jme3.bullet.PhysicsSpace update
WARNUNG: invoked from wrong thread
Sept. 12, 2026 7:44:05 PM com.jme3.bullet.PhysicsSpace update
WARNUNG: invoked from wrong thread
Sept. 12, 2026 7:44:05 PM com.jme3.bullet.PhysicsSpace update
WARNUNG: invoked from wrong thread
Sept. 12, 2026 7:44:05 PM com.jme3.bullet.PhysicsSpace update
WARNUNG: invoked from wrong thread
Sept. 12, 2026 7:44:05 PM com.jme3.bullet.PhysicsSpace update
WARNUNG: invoked from wrong thread
Sept. 12, 2026 7:44:05 PM com.jme3.bullet.PhysicsSpace update
WARNUNG: invoked from wrong thread
Sept. 12, 2026 7:44:05 PM com.jme3.bullet.PhysicsSpace update
WARNUNG: invoked from wrong thread
Sept. 12, 2026 7:44:05 PM com.jme3.bullet.PhysicsSpace update
WARNUNG: invoked from wrong thread
Sept. 12, 2026 7:44:05 PM com.jme3.bullet.PhysicsSpace update
WARNUNG: invoked from wrong thread
Sept. 12, 2026 7:44:05 PM com.jme3.bullet.PhysicsSpace update
WARNUNG: invoked from wrong thread
Sept. 12, 2026 7:44:05 PM com.jme3.bullet.PhysicsSpace update
WARNUNG: invoked from wrong thread
Sept. 12, 2026 7:44:05 PM com.jme3.bullet.PhysicsSpace update
WARNUNG: invoked from wrong thread
Sept. 12, 2026 7:44:05 PM com.jme3.bullet.PhysicsSpace update
WARNUNG: invoked from wrong thread
Sept. 12, 2026 7:44:05 PM com.jme3.bullet.PhysicsSpace update
WARNUNG: invoked from wrong thread
Sept. 12, 2026 7:44:05 PM com.jme3.bullet.PhysicsSpace update
WARNUNG: invoked from wrong thread
Sept. 12, 2026 7:44:05 PM com.jme3.bullet.PhysicsSpace update
WARNUNG: invoked from wrong thread
Sept. 12, 2026 7:44:05 PM com.jme3.bullet.PhysicsSpace update
WARNUNG: invoked from wrong thread
Sept. 12, 2026 7:44:05 PM com.jme3.bullet.PhysicsSpace update
WARNUNG: invoked from wrong thread
Sept. 12, 2026 7:44:05 PM com.jme3.bullet.PhysicsSpace update
WARNUNG: invoked from wrong thread
Sept. 12, 2026 7:44:05 PM com.jme3.bullet.PhysicsSpace update
WARNUNG: invoked from wrong thread
Sept. 12, 2026 7:44:05 PM com.jme3.bullet.PhysicsSpace update
WARNUNG: invoked from wrong thread
Sept. 12, 2026 7:44:05 PM com.jme3.bullet.PhysicsSpace update
WARNUNG: invoked from wrong thread
Sept. 12, 2026 7:44:05 PM com.jme3.bullet.PhysicsSpace update
WARNUNG: invoked from wrong thread
Sept. 12, 2026 7:44:05 PM com.jme3.bullet.PhysicsSpace update
WARNUNG: invoked from wrong thread
Sept. 12, 2026 7:44:05 PM com.jme3.bullet.PhysicsSpace update
WARNUNG: invoked from wrong thread
Sept. 12, 2026 7:44:05 PM com.jme3.bullet.PhysicsSpace update
WARNUNG: invoked from wrong thread
Sept. 12, 2026 7:44:05 PM com.jme3.bullet.PhysicsSpace update
WARNUNG: invoked from wrong thread
Sept. 12, 2026 7:44:05 PM com.jme3.bullet.PhysicsSpace update
WARNUNG: invoked from wrong thread
Sept. 12, 2026 7:44:05 PM com.jme3.bullet.PhysicsSpace update
WARNUNG: invoked from wrong thread
Sept. 12, 2026 7:44:06 PM com.jme3.bullet.PhysicsSpace update
WARNUNG: invoked from wrong thread
Sept. 12, 2026 7:44:06 PM com.jme3.bullet.PhysicsSpace update
WARNUNG: invoked from wrong thread
Sept. 12, 2026 7:44:06 PM com.jme3.bullet.PhysicsSpace update
WARNUNG: invoked from wrong thread
Sept. 12, 2026 7:44:06 PM com.jme3.bullet.PhysicsSpace update
WARNUNG: invoked from wrong thread
Sept. 12, 2026 7:44:06 PM com.jme3.bullet.PhysicsSpace update
WARNUNG: invoked from wrong thread
Sept. 12, 2026 7:44:06 PM com.jme3.bullet.PhysicsSpace update
WARNUNG: invoked from wrong thread
Sept. 12, 2026 7:44:06 PM com.jme3.bullet.PhysicsSpace update
WARNUNG: invoked from wrong thread
Sept. 12, 2026 7:44:06 PM com.jme3.bullet.PhysicsSpace update
WARNUNG: invoked from wrong thread
Sept. 12, 2026 7:44:06 PM com.jme3.bullet.PhysicsSpace update
WARNUNG: invoked from wrong thread
Sept. 12, 2026 7:44:06 PM com.jme3.bullet.PhysicsSpace update
WARNUNG: invoked from wrong thread
Sept. 12, 2026 7:44:06 PM com.jme3.bullet.PhysicsSpace update
WARNUNG: invoked from wrong thread
Sept. 12, 2026 7:44:06 PM com.jme3.bullet.PhysicsSpace update
WARNUNG: invoked from wrong thread
Sept. 12, 2026 7:44:06 PM com.jme3.bullet.PhysicsSpace update
WARNUNG: invoked from wrong thread
Sept. 12, 2026 7:44:06 PM com.jme3.bullet.PhysicsSpace update
WARNUNG: invoked from wrong thread
Sept. 12, 2026 7:44:06 PM com.jme3.bullet.PhysicsSpace update
WARNUNG: invoked from wrong thread
Sept. 12, 2026 7:44:06 PM com.jme3.bullet.PhysicsSpace update
WARNUNG: invoked from wrong thread
Sept. 12, 2026 7:44:06 PM com.jme3.bullet.PhysicsSpace update
WARNUNG: invoked from wrong thread
Sept. 12, 2026 7:44:06 PM com.jme3.bullet.PhysicsSpace update
WARNUNG: invoked from wrong thread
Sept. 12, 2026 7:44:06 PM com.jme3.bullet.PhysicsSpace update
WARNUNG: invoked from wrong thread
Sept. 12, 2026 7:44:06 PM com.jme3.bullet.PhysicsSpace update
WARNUNG: invoked from wrong thread
Sept. 12, 2026 7:44:06 PM com.jme3.bullet.PhysicsSpace update
WARNUNG: invoked from wrong thread
Sept. 12, 2026 7:44:06 PM com.jme3.bullet.PhysicsSpace update
WARNUNG: invoked from wrong thread
Sept. 12, 2026 7:44:06 PM com.jme3.bullet.PhysicsSpace update
WARNUNG: invoked from wrong thread
Sept. 12, 2026 7:44:06 PM com.jme3.bullet.PhysicsSpace update
WARNUNG: invoked from wrong thread
Sept. 12, 2026 7:44:06 PM com.jme3.bullet.PhysicsSpace update
WARNUNG: invoked from wrong thread
Sept. 12, 2026 7:44:06 PM com.jme3.bullet.PhysicsSpace update
WARNUNG: invoked from wrong thread
Sept. 12, 2026 7:44:06 PM com.jme3.bullet.PhysicsSpace update
WARNUNG: invoked from wrong thread
Sept. 12, 2026 7:44:06 PM com.jme3.bullet.PhysicsSpace update
WARNUNG: invoked from wrong thread
Sept. 12, 2026 7:44:06 PM com.jme3.bullet.PhysicsSpace update
WARNUNG: invoked from wrong thread
Sept. 12, 2026 7:44:06 PM com.jme3.bullet.PhysicsSpace update
WARNUNG: invoked from wrong thread
Sept. 12, 2026 7:44:06 PM com.jme3.bullet.PhysicsSpace update
WARNUNG: invoked from wrong thread
Sept. 12, 2026 7:44:06 PM com.jme3.bullet.PhysicsSpace update
WARNUNG: invoked from wrong thread
Sept. 12, 2026 7:44:06 PM com.jme3.bullet.PhysicsSpace update
WARNUNG: invoked from wrong thread
Sept. 12, 2026 7:44:06 PM com.jme3.bullet.PhysicsSpace update
WARNUNG: invoked from wrong thread
Sept. 12, 2026 7:44:06 PM com.jme3.bullet.PhysicsSpace update
WARNUNG: invoked from wrong thread
Sept. 12, 2026 7:44:06 PM com.jme3.bullet.PhysicsSpace update
WARNUNG: invoked from wrong thread
Sept. 12, 2026 7:44:06 PM com.jme3.bullet.PhysicsSpace update
WARNUNG: invoked from wrong thread
Sept. 12, 2026 7:44:06 PM com.jme3.bullet.PhysicsSpace update
WARNUNG: invoked from wrong thread
Sept. 12, 2026 7:44:06 PM com.jme3.bullet.PhysicsSpace update
WARNUNG: invoked from wrong thread
Sept. 12, 2026 7:44:06 PM com.jme3.bullet.PhysicsSpace update
WARNUNG: invoked from wrong thread
Sept. 12, 2026 7:44:06 PM com.jme3.bullet.PhysicsSpace update
WARNUNG: invoked from wrong thread
Sept. 12, 2026 7:44:06 PM com.jme3.bullet.PhysicsSpace update
WARNUNG: invoked from wrong thread
Sept. 12, 2026 7:44:06 PM com.jme3.bullet.PhysicsSpace update
WARNUNG: invoked from wrong thread
Sept. 12, 2026 7:44:06 PM com.jme3.bullet.PhysicsSpace update
WARNUNG: invoked from wrong thread
Sept. 12, 2026 7:44:06 PM com.jme3.bullet.PhysicsSpace update
WARNUNG: invoked from wrong thread
Sept. 12, 2026 7:44:06 PM com.jme3.bullet.PhysicsSpace update
WARNUNG: invoked from wrong thread
Sept. 12, 2026 7:44:06 PM com.jme3.bullet.PhysicsSpace update
WARNUNG: invoked from wrong thread
Sept. 12, 2026 7:44:06 PM com.jme3.bullet.PhysicsSpace update
WARNUNG: invoked from wrong thread
Sept. 12, 2026 7:44:06 PM com.jme3.bullet.PhysicsSpace update
WARNUNG: invoked from wrong thread
Sept. 12, 2026 7:44:06 PM com.jme3.bullet.PhysicsSpace update
WARNUNG: invoked from wrong thread
Sept. 12, 2026 7:44:06 PM com.jme3.bullet.PhysicsSpace update
WARNUNG: invoked from wrong thread
Sept. 12, 2026 7:44:06 PM com.jme3.bullet.PhysicsSpace update
WARNUNG: invoked from wrong thread
Sept. 12, 2026 7:44:06 PM com.jme3.bullet.PhysicsSpace update
WARNUNG: invoked from wrong thread
Sept. 12, 2026 7:44:06 PM com.jme3.bullet.PhysicsSpace update
WARNUNG: invoked from wrong thread
Sept. 12, 2026 7:44:06 PM com.jme3.bullet.PhysicsSpace update
WARNUNG: invoked from wrong thread
Sept. 12, 2026 7:44:06 PM com.jme3.bullet.PhysicsSpace update
WARNUNG: invoked from wrong thread
Sept. 12, 2026 7:44:06 PM com.jme3.bullet.PhysicsSpace update
WARNUNG: invoked from wrong thread
Sept. 12, 2026 7:44:06 PM com.jme3.bullet.PhysicsSpace update
WARNUNG: invoked from wrong thread
Sept. 12, 2026 7:44:06 PM com.jme3.bullet.PhysicsSpace update
WARNUNG: invoked from wrong thread
Sept. 12, 2026 7:44:06 PM com.jme3.bullet.PhysicsSpace update
WARNUNG: invoked from wrong thread
Sept. 12, 2026 7:44:07 PM com.jme3.bullet.PhysicsSpace update
WARNUNG: invoked from wrong thread
Sept. 12, 2026 7:44:07 PM com.jme3.bullet.PhysicsSpace update
WARNUNG: invoked from wrong thread
Sept. 12, 2026 7:44:07 PM com.jme3.bullet.PhysicsSpace update
WARNUNG: invoked from wrong thread
Sept. 12, 2026 7:44:07 PM com.jme3.bullet.PhysicsSpace update
WARNUNG: invoked from wrong thread
Sept. 12, 2026 7:44:07 PM com.jme3.bullet.PhysicsSpace update
WARNUNG: invoked from wrong thread
Sept. 12, 2026 7:44:07 PM com.jme3.bullet.PhysicsSpace update
WARNUNG: invoked from wrong thread
Sept. 12, 2026 7:44:07 PM com.jme3.bullet.PhysicsSpace update
WARNUNG: invoked from wrong thread
Sept. 12, 2026 7:44:07 PM com.jme3.bullet.PhysicsSpace update
WARNUNG: invoked from wrong thread
Sept. 12, 2026 7:44:07 PM com.jme3.bullet.PhysicsSpace update
WARNUNG: invoked from wrong thread
Sept. 12, 2026 7:44:07 PM com.jme3.bullet.PhysicsSpace update
WARNUNG: invoked from wrong thread
Sept. 12, 2026 7:44:07 PM com.jme3.bullet.PhysicsSpace update
WARNUNG: invoked from wrong thread
Sept. 12, 2026 7:44:07 PM com.jme3.bullet.PhysicsSpace update
WARNUNG: invoked from wrong thread
Sept. 12, 2026 7:44:07 PM com.jme3.bullet.PhysicsSpace update
WARNUNG: invoked from wrong thread
Sept. 12, 2026 7:44:07 PM com.jme3.bullet.PhysicsSpace update
WARNUNG: invoked from wrong thread
Sept. 12, 2026 7:44:07 PM com.jme3.bullet.PhysicsSpace update
WARNUNG: invoked from wrong thread
Sept. 12, 2026 7:44:07 PM com.jme3.bullet.PhysicsSpace update
WARNUNG: invoked from wrong thread
Sept. 12, 2026 7:44:07 PM com.jme3.bullet.PhysicsSpace update
WARNUNG: invoked from wrong thread
[SMOKE] stage 27
[CHECK] Camera retracts against walls
[GAME] Goblin besiegt  +35 EP  +8 Gold
[GAME] Ork-Brecher besiegt  +70 EP  +13 Gold
[GAME] STUFE 2  -  Fähigkeitspunkt erhalten [K]
[GAME] Ork-Brecher besiegt  +70 EP  +13 Gold
[GAME] Ork-Brecher besiegt  +70 EP  +13 Gold
[GAME] Aschenrufer besiegt  +65 EP  +23 Gold
[GAME] STUFE 3  -  Fähigkeitspunkt erhalten [K]
[GAME] Eiserner Wächter besiegt  +115 EP  +18 Gold
[GAME] Eiserner Wächter besiegt  +115 EP  +18 Gold
[GAME] Eiserner Wächter besiegt  +115 EP  +18 Gold
[GAME] STUFE 4  -  Fähigkeitspunkt erhalten [K]
[GAME] Schlüssel des Kerkermeisters erhalten.
[GAME] Auftrag erfüllt: Der letzte Kerkermeister  +160 EP
[GAME] Aschenklinge erhalten. Erens Blick folgt dir.
[GAME] Auftrag erfüllt: Der Preis der Freiheit  +180 EP
[CHECK] Prisoner bargain is mutually exclusive
[CHECK] Bargain grants the unique blade
Sept. 12, 2026 7:44:07 PM com.jme3.bullet.PhysicsSpace update
WARNUNG: invoked from wrong thread
Sept. 12, 2026 7:44:07 PM com.jme3.anim.SkinningControl controlRender
INFORMATION: Hardware skinning engaged for Armature.004 (Node)
Sept. 12, 2026 7:44:07 PM com.jme3.anim.SkinningControl controlRender
INFORMATION: Hardware skinning engaged for OrcArmature (Node)
Sept. 12, 2026 7:44:07 PM com.jme3.anim.SkinningControl controlRender
INFORMATION: Hardware skinning engaged for CharacterRoot (Node)
Sept. 12, 2026 7:44:07 PM com.jme3.anim.SkinningControl controlRender
INFORMATION: Hardware skinning engaged for CharacterRoot (Node)
Sept. 12, 2026 7:44:07 PM com.jme3.bullet.PhysicsSpace update
WARNUNG: invoked from wrong thread
Sept. 12, 2026 7:44:07 PM com.jme3.bullet.PhysicsSpace update
WARNUNG: invoked from wrong thread
Sept. 12, 2026 7:44:07 PM com.jme3.bullet.PhysicsSpace update
WARNUNG: invoked from wrong thread
Sept. 12, 2026 7:44:07 PM com.jme3.bullet.PhysicsSpace update
WARNUNG: invoked from wrong thread
Sept. 12, 2026 7:44:07 PM com.jme3.bullet.PhysicsSpace update
WARNUNG: invoked from wrong thread
Sept. 12, 2026 7:44:07 PM com.jme3.bullet.PhysicsSpace update
WARNUNG: invoked from wrong thread
Sept. 12, 2026 7:44:07 PM com.jme3.bullet.PhysicsSpace update
WARNUNG: invoked from wrong thread
Sept. 12, 2026 7:44:07 PM com.jme3.bullet.PhysicsSpace update
WARNUNG: invoked from wrong thread
Sept. 12, 2026 7:44:07 PM com.jme3.bullet.PhysicsSpace update
WARNUNG: invoked from wrong thread
Sept. 12, 2026 7:44:07 PM com.jme3.bullet.PhysicsSpace update
WARNUNG: invoked from wrong thread
Sept. 12, 2026 7:44:07 PM com.jme3.bullet.PhysicsSpace update
WARNUNG: invoked from wrong thread
Sept. 12, 2026 7:44:07 PM com.jme3.bullet.PhysicsSpace update
WARNUNG: invoked from wrong thread
Sept. 12, 2026 7:44:07 PM com.jme3.bullet.PhysicsSpace update
WARNUNG: invoked from wrong thread
Sept. 12, 2026 7:44:07 PM com.jme3.bullet.PhysicsSpace update
WARNUNG: invoked from wrong thread
Sept. 12, 2026 7:44:07 PM com.jme3.bullet.PhysicsSpace update
WARNUNG: invoked from wrong thread
Sept. 12, 2026 7:44:07 PM com.jme3.bullet.PhysicsSpace update
WARNUNG: invoked from wrong thread
Sept. 12, 2026 7:44:07 PM com.jme3.bullet.PhysicsSpace update
WARNUNG: invoked from wrong thread
Sept. 12, 2026 7:44:07 PM com.jme3.bullet.PhysicsSpace update
WARNUNG: invoked from wrong thread
Sept. 12, 2026 7:44:07 PM com.jme3.bullet.PhysicsSpace update
WARNUNG: invoked from wrong thread
Sept. 12, 2026 7:44:07 PM com.jme3.bullet.PhysicsSpace update
WARNUNG: invoked from wrong thread
Sept. 12, 2026 7:44:07 PM com.jme3.bullet.PhysicsSpace update
WARNUNG: invoked from wrong thread
Sept. 12, 2026 7:44:07 PM com.jme3.bullet.PhysicsSpace update
WARNUNG: invoked from wrong thread
Sept. 12, 2026 7:44:07 PM com.jme3.bullet.PhysicsSpace update
WARNUNG: invoked from wrong thread
Sept. 12, 2026 7:44:07 PM com.jme3.bullet.PhysicsSpace update
WARNUNG: invoked from wrong thread
Sept. 12, 2026 7:44:07 PM com.jme3.bullet.PhysicsSpace update
WARNUNG: invoked from wrong thread
Sept. 12, 2026 7:44:07 PM com.jme3.bullet.PhysicsSpace update
WARNUNG: invoked from wrong thread
Sept. 12, 2026 7:44:07 PM com.jme3.bullet.PhysicsSpace update
WARNUNG: invoked from wrong thread
Sept. 12, 2026 7:44:07 PM com.jme3.bullet.PhysicsSpace update
WARNUNG: invoked from wrong thread
Sept. 12, 2026 7:44:07 PM com.jme3.bullet.PhysicsSpace update
WARNUNG: invoked from wrong thread
Sept. 12, 2026 7:44:07 PM com.jme3.bullet.PhysicsSpace update
WARNUNG: invoked from wrong thread
Sept. 12, 2026 7:44:07 PM com.jme3.bullet.PhysicsSpace update
WARNUNG: invoked from wrong thread
Sept. 12, 2026 7:44:07 PM com.jme3.bullet.PhysicsSpace update
WARNUNG: invoked from wrong thread
Sept. 12, 2026 7:44:07 PM com.jme3.bullet.PhysicsSpace update
WARNUNG: invoked from wrong thread
Sept. 12, 2026 7:44:07 PM com.jme3.bullet.PhysicsSpace update
WARNUNG: invoked from wrong thread
Sept. 12, 2026 7:44:07 PM com.jme3.bullet.PhysicsSpace update
WARNUNG: invoked from wrong thread
Sept. 12, 2026 7:44:07 PM com.jme3.bullet.PhysicsSpace update
WARNUNG: invoked from wrong thread
Sept. 12, 2026 7:44:08 PM com.jme3.bullet.PhysicsSpace update
WARNUNG: invoked from wrong thread
Sept. 12, 2026 7:44:08 PM com.jme3.bullet.PhysicsSpace update
WARNUNG: invoked from wrong thread
Sept. 12, 2026 7:44:08 PM com.jme3.bullet.PhysicsSpace update
WARNUNG: invoked from wrong thread
Sept. 12, 2026 7:44:08 PM com.jme3.bullet.PhysicsSpace update
WARNUNG: invoked from wrong thread
Sept. 12, 2026 7:44:08 PM com.jme3.bullet.PhysicsSpace update
WARNUNG: invoked from wrong thread
Sept. 12, 2026 7:44:08 PM com.jme3.bullet.PhysicsSpace update
WARNUNG: invoked from wrong thread
Sept. 12, 2026 7:44:08 PM com.jme3.bullet.PhysicsSpace update
WARNUNG: invoked from wrong thread
Sept. 12, 2026 7:44:08 PM com.jme3.bullet.PhysicsSpace update
WARNUNG: invoked from wrong thread
Sept. 12, 2026 7:44:08 PM com.jme3.bullet.PhysicsSpace update
WARNUNG: invoked from wrong thread
Sept. 12, 2026 7:44:08 PM com.jme3.bullet.PhysicsSpace update
WARNUNG: invoked from wrong thread
Sept. 12, 2026 7:44:08 PM com.jme3.bullet.PhysicsSpace update
WARNUNG: invoked from wrong thread
Sept. 12, 2026 7:44:08 PM com.jme3.bullet.PhysicsSpace update
WARNUNG: invoked from wrong thread
Sept. 12, 2026 7:44:08 PM com.jme3.bullet.PhysicsSpace update
WARNUNG: invoked from wrong thread
Sept. 12, 2026 7:44:08 PM com.jme3.bullet.PhysicsSpace update
WARNUNG: invoked from wrong thread
Sept. 12, 2026 7:44:08 PM com.jme3.bullet.PhysicsSpace update
WARNUNG: invoked from wrong thread
Sept. 12, 2026 7:44:08 PM com.jme3.bullet.PhysicsSpace update
WARNUNG: invoked from wrong thread
Sept. 12, 2026 7:44:08 PM com.jme3.bullet.PhysicsSpace update
WARNUNG: invoked from wrong thread
Sept. 12, 2026 7:44:08 PM com.jme3.bullet.PhysicsSpace update
WARNUNG: invoked from wrong thread
Sept. 12, 2026 7:44:08 PM com.jme3.bullet.PhysicsSpace update
WARNUNG: invoked from wrong thread
Sept. 12, 2026 7:44:08 PM com.jme3.bullet.PhysicsSpace update
WARNUNG: invoked from wrong thread
Sept. 12, 2026 7:44:08 PM com.jme3.bullet.PhysicsSpace update
WARNUNG: invoked from wrong thread
Sept. 12, 2026 7:44:08 PM com.jme3.bullet.PhysicsSpace update
WARNUNG: invoked from wrong thread
Sept. 12, 2026 7:44:08 PM com.jme3.bullet.PhysicsSpace update
WARNUNG: invoked from wrong thread
Sept. 12, 2026 7:44:08 PM com.jme3.bullet.PhysicsSpace update
WARNUNG: invoked from wrong thread
Sept. 12, 2026 7:44:08 PM com.jme3.bullet.PhysicsSpace update
WARNUNG: invoked from wrong thread
Sept. 12, 2026 7:44:08 PM com.jme3.bullet.PhysicsSpace update
WARNUNG: invoked from wrong thread
Sept. 12, 2026 7:44:08 PM com.jme3.bullet.PhysicsSpace update
WARNUNG: invoked from wrong thread
Sept. 12, 2026 7:44:08 PM com.jme3.bullet.PhysicsSpace update
WARNUNG: invoked from wrong thread
Sept. 12, 2026 7:44:08 PM com.jme3.bullet.PhysicsSpace update
WARNUNG: invoked from wrong thread
Sept. 12, 2026 7:44:08 PM com.jme3.bullet.PhysicsSpace update
WARNUNG: invoked from wrong thread
Sept. 12, 2026 7:44:08 PM com.jme3.bullet.PhysicsSpace update
WARNUNG: invoked from wrong thread
Sept. 12, 2026 7:44:08 PM com.jme3.bullet.PhysicsSpace update
WARNUNG: invoked from wrong thread
Sept. 12, 2026 7:44:08 PM com.jme3.bullet.PhysicsSpace update
WARNUNG: invoked from wrong thread
Sept. 12, 2026 7:44:08 PM com.jme3.bullet.PhysicsSpace update
WARNUNG: invoked from wrong thread
Sept. 12, 2026 7:44:08 PM com.jme3.bullet.PhysicsSpace update
WARNUNG: invoked from wrong thread
Sept. 12, 2026 7:44:08 PM com.jme3.bullet.PhysicsSpace update
WARNUNG: invoked from wrong thread
Sept. 12, 2026 7:44:08 PM com.jme3.bullet.PhysicsSpace update
WARNUNG: invoked from wrong thread
Sept. 12, 2026 7:44:08 PM com.jme3.bullet.PhysicsSpace update
WARNUNG: invoked from wrong thread
Sept. 12, 2026 7:44:08 PM com.jme3.bullet.PhysicsSpace update
WARNUNG: invoked from wrong thread
Sept. 12, 2026 7:44:08 PM com.jme3.bullet.PhysicsSpace update
WARNUNG: invoked from wrong thread
Sept. 12, 2026 7:44:08 PM com.jme3.bullet.PhysicsSpace update
WARNUNG: invoked from wrong thread
Sept. 12, 2026 7:44:08 PM com.jme3.bullet.PhysicsSpace update
WARNUNG: invoked from wrong thread
Sept. 12, 2026 7:44:08 PM com.jme3.bullet.PhysicsSpace update
WARNUNG: invoked from wrong thread
Sept. 12, 2026 7:44:08 PM com.jme3.bullet.PhysicsSpace update
WARNUNG: invoked from wrong thread
Sept. 12, 2026 7:44:08 PM com.jme3.bullet.PhysicsSpace update
WARNUNG: invoked from wrong thread
Sept. 12, 2026 7:44:08 PM com.jme3.bullet.PhysicsSpace update
WARNUNG: invoked from wrong thread
Sept. 12, 2026 7:44:08 PM com.jme3.bullet.PhysicsSpace update
WARNUNG: invoked from wrong thread
Sept. 12, 2026 7:44:08 PM com.jme3.bullet.PhysicsSpace update
WARNUNG: invoked from wrong thread
Sept. 12, 2026 7:44:08 PM com.jme3.bullet.PhysicsSpace update
WARNUNG: invoked from wrong thread
Sept. 12, 2026 7:44:08 PM com.jme3.bullet.PhysicsSpace update
WARNUNG: invoked from wrong thread
Sept. 12, 2026 7:44:08 PM com.jme3.bullet.PhysicsSpace update
WARNUNG: invoked from wrong thread
Sept. 12, 2026 7:44:08 PM com.jme3.bullet.PhysicsSpace update
WARNUNG: invoked from wrong thread
Sept. 12, 2026 7:44:08 PM com.jme3.bullet.PhysicsSpace update
WARNUNG: invoked from wrong thread
Sept. 12, 2026 7:44:08 PM com.jme3.bullet.PhysicsSpace update
WARNUNG: invoked from wrong thread
Sept. 12, 2026 7:44:08 PM com.jme3.bullet.PhysicsSpace update
WARNUNG: invoked from wrong thread
Sept. 12, 2026 7:44:08 PM com.jme3.bullet.PhysicsSpace update
WARNUNG: invoked from wrong thread
Sept. 12, 2026 7:44:08 PM com.jme3.bullet.PhysicsSpace update
WARNUNG: invoked from wrong thread
Sept. 12, 2026 7:44:08 PM com.jme3.bullet.PhysicsSpace update
WARNUNG: invoked from wrong thread
Sept. 12, 2026 7:44:08 PM com.jme3.bullet.PhysicsSpace update
WARNUNG: invoked from wrong thread
Sept. 12, 2026 7:44:08 PM com.jme3.bullet.PhysicsSpace update
WARNUNG: invoked from wrong thread
Sept. 12, 2026 7:44:09 PM com.jme3.bullet.PhysicsSpace update
WARNUNG: invoked from wrong thread
Sept. 12, 2026 7:44:09 PM com.jme3.bullet.PhysicsSpace update
WARNUNG: invoked from wrong thread
Sept. 12, 2026 7:44:09 PM com.jme3.bullet.PhysicsSpace update
WARNUNG: invoked from wrong thread
Sept. 12, 2026 7:44:09 PM com.jme3.bullet.PhysicsSpace update
WARNUNG: invoked from wrong thread
Sept. 12, 2026 7:44:09 PM com.jme3.bullet.PhysicsSpace update
WARNUNG: invoked from wrong thread
Sept. 12, 2026 7:44:09 PM com.jme3.bullet.PhysicsSpace update
WARNUNG: invoked from wrong thread
Sept. 12, 2026 7:44:09 PM com.jme3.bullet.PhysicsSpace update
WARNUNG: invoked from wrong thread
Sept. 12, 2026 7:44:09 PM com.jme3.bullet.PhysicsSpace update
WARNUNG: invoked from wrong thread
Sept. 12, 2026 7:44:09 PM com.jme3.bullet.PhysicsSpace update
WARNUNG: invoked from wrong thread
Sept. 12, 2026 7:44:09 PM com.jme3.bullet.PhysicsSpace update
WARNUNG: invoked from wrong thread
Sept. 12, 2026 7:44:09 PM com.jme3.bullet.PhysicsSpace update
WARNUNG: invoked from wrong thread
Sept. 12, 2026 7:44:09 PM com.jme3.bullet.PhysicsSpace update
WARNUNG: invoked from wrong thread
Sept. 12, 2026 7:44:09 PM com.jme3.bullet.PhysicsSpace update
WARNUNG: invoked from wrong thread
Sept. 12, 2026 7:44:09 PM com.jme3.bullet.PhysicsSpace update
WARNUNG: invoked from wrong thread
Sept. 12, 2026 7:44:09 PM com.jme3.bullet.PhysicsSpace update
WARNUNG: invoked from wrong thread
Sept. 12, 2026 7:44:09 PM com.jme3.bullet.PhysicsSpace update
WARNUNG: invoked from wrong thread
Sept. 12, 2026 7:44:09 PM com.jme3.bullet.PhysicsSpace update
WARNUNG: invoked from wrong thread
Sept. 12, 2026 7:44:09 PM com.jme3.bullet.PhysicsSpace update
WARNUNG: invoked from wrong thread
Sept. 12, 2026 7:44:09 PM com.jme3.bullet.PhysicsSpace update
WARNUNG: invoked from wrong thread
Sept. 12, 2026 7:44:09 PM com.jme3.bullet.PhysicsSpace update
WARNUNG: invoked from wrong thread
Sept. 12, 2026 7:44:09 PM com.jme3.bullet.PhysicsSpace update
WARNUNG: invoked from wrong thread
Sept. 12, 2026 7:44:09 PM com.jme3.bullet.PhysicsSpace update
WARNUNG: invoked from wrong thread
Sept. 12, 2026 7:44:09 PM com.jme3.bullet.PhysicsSpace update
WARNUNG: invoked from wrong thread
Sept. 12, 2026 7:44:09 PM com.jme3.bullet.PhysicsSpace update
WARNUNG: invoked from wrong thread
Sept. 12, 2026 7:44:09 PM com.jme3.bullet.PhysicsSpace update
WARNUNG: invoked from wrong thread
Sept. 12, 2026 7:44:09 PM com.jme3.bullet.PhysicsSpace update
WARNUNG: invoked from wrong thread
Sept. 12, 2026 7:44:09 PM com.jme3.bullet.PhysicsSpace update
WARNUNG: invoked from wrong thread
Sept. 12, 2026 7:44:09 PM com.jme3.bullet.PhysicsSpace update
WARNUNG: invoked from wrong thread
Sept. 12, 2026 7:44:09 PM com.jme3.bullet.PhysicsSpace update
WARNUNG: invoked from wrong thread
Sept. 12, 2026 7:44:09 PM com.jme3.bullet.PhysicsSpace update
WARNUNG: invoked from wrong thread
Sept. 12, 2026 7:44:09 PM com.jme3.bullet.PhysicsSpace update
WARNUNG: invoked from wrong thread
Sept. 12, 2026 7:44:09 PM com.jme3.bullet.PhysicsSpace update
WARNUNG: invoked from wrong thread
Sept. 12, 2026 7:44:09 PM com.jme3.bullet.PhysicsSpace update
WARNUNG: invoked from wrong thread
Sept. 12, 2026 7:44:09 PM com.jme3.bullet.PhysicsSpace update
WARNUNG: invoked from wrong thread
Sept. 12, 2026 7:44:09 PM com.jme3.bullet.PhysicsSpace update
WARNUNG: invoked from wrong thread
Sept. 12, 2026 7:44:09 PM com.jme3.bullet.PhysicsSpace update
WARNUNG: invoked from wrong thread
Sept. 12, 2026 7:44:09 PM com.jme3.bullet.PhysicsSpace update
WARNUNG: invoked from wrong thread
Sept. 12, 2026 7:44:09 PM com.jme3.bullet.PhysicsSpace update
WARNUNG: invoked from wrong thread
Sept. 12, 2026 7:44:09 PM com.jme3.bullet.PhysicsSpace update
WARNUNG: invoked from wrong thread
Sept. 12, 2026 7:44:09 PM com.jme3.bullet.PhysicsSpace update
WARNUNG: invoked from wrong thread
Sept. 12, 2026 7:44:09 PM com.jme3.bullet.PhysicsSpace update
WARNUNG: invoked from wrong thread
Sept. 12, 2026 7:44:09 PM com.jme3.bullet.PhysicsSpace update
WARNUNG: invoked from wrong thread
Sept. 12, 2026 7:44:09 PM com.jme3.bullet.PhysicsSpace update
WARNUNG: invoked from wrong thread
Sept. 12, 2026 7:44:09 PM com.jme3.bullet.PhysicsSpace update
WARNUNG: invoked from wrong thread
Sept. 12, 2026 7:44:09 PM com.jme3.bullet.PhysicsSpace update
WARNUNG: invoked from wrong thread
Sept. 12, 2026 7:44:09 PM com.jme3.bullet.PhysicsSpace update
WARNUNG: invoked from wrong thread
Sept. 12, 2026 7:44:09 PM com.jme3.bullet.PhysicsSpace update
WARNUNG: invoked from wrong thread
[SMOKE] stage 28
[CHECK] Bargain preserves the king's full strength
Sept. 12, 2026 7:44:09 PM com.jme3.bullet.PhysicsSpace update
WARNUNG: invoked from wrong thread
Sept. 12, 2026 7:44:09 PM com.jme3.bullet.PhysicsSpace update
WARNUNG: invoked from wrong thread
Sept. 12, 2026 7:44:09 PM com.jme3.bullet.PhysicsSpace update
WARNUNG: invoked from wrong thread
Sept. 12, 2026 7:44:09 PM com.jme3.bullet.PhysicsSpace update
WARNUNG: invoked from wrong thread
Sept. 12, 2026 7:44:09 PM com.jme3.bullet.PhysicsSpace update
WARNUNG: invoked from wrong thread
Sept. 12, 2026 7:44:09 PM com.jme3.bullet.PhysicsSpace update
WARNUNG: invoked from wrong thread
Sept. 12, 2026 7:44:09 PM com.jme3.bullet.PhysicsSpace update
WARNUNG: invoked from wrong thread
Sept. 12, 2026 7:44:09 PM com.jme3.bullet.PhysicsSpace update
WARNUNG: invoked from wrong thread
Sept. 12, 2026 7:44:09 PM com.jme3.bullet.PhysicsSpace update
WARNUNG: invoked from wrong thread
Sept. 12, 2026 7:44:09 PM com.jme3.bullet.PhysicsSpace update
WARNUNG: invoked from wrong thread
Sept. 12, 2026 7:44:09 PM com.jme3.bullet.PhysicsSpace update
WARNUNG: invoked from wrong thread
Sept. 12, 2026 7:44:09 PM com.jme3.bullet.PhysicsSpace update
WARNUNG: invoked from wrong thread
Sept. 12, 2026 7:44:09 PM com.jme3.bullet.PhysicsSpace update
WARNUNG: invoked from wrong thread
Sept. 12, 2026 7:44:10 PM com.jme3.bullet.PhysicsSpace update
WARNUNG: invoked from wrong thread
Sept. 12, 2026 7:44:10 PM com.jme3.bullet.PhysicsSpace update
WARNUNG: invoked from wrong thread
Sept. 12, 2026 7:44:10 PM com.jme3.bullet.PhysicsSpace update
WARNUNG: invoked from wrong thread
Sept. 12, 2026 7:44:10 PM com.jme3.bullet.PhysicsSpace update
WARNUNG: invoked from wrong thread
Sept. 12, 2026 7:44:10 PM com.jme3.bullet.PhysicsSpace update
WARNUNG: invoked from wrong thread
Sept. 12, 2026 7:44:10 PM com.jme3.bullet.PhysicsSpace update
WARNUNG: invoked from wrong thread
Sept. 12, 2026 7:44:10 PM com.jme3.bullet.PhysicsSpace update
WARNUNG: invoked from wrong thread
Sept. 12, 2026 7:44:10 PM com.jme3.bullet.PhysicsSpace update
WARNUNG: invoked from wrong thread
Sept. 12, 2026 7:44:10 PM com.jme3.bullet.PhysicsSpace update
WARNUNG: invoked from wrong thread
Sept. 12, 2026 7:44:10 PM com.jme3.bullet.PhysicsSpace update
WARNUNG: invoked from wrong thread
Sept. 12, 2026 7:44:10 PM com.jme3.bullet.PhysicsSpace update
WARNUNG: invoked from wrong thread
Sept. 12, 2026 7:44:10 PM com.jme3.bullet.PhysicsSpace update
WARNUNG: invoked from wrong thread
Sept. 12, 2026 7:44:10 PM com.jme3.bullet.PhysicsSpace update
WARNUNG: invoked from wrong thread
Sept. 12, 2026 7:44:10 PM com.jme3.bullet.PhysicsSpace update
WARNUNG: invoked from wrong thread
Sept. 12, 2026 7:44:10 PM com.jme3.bullet.PhysicsSpace update
WARNUNG: invoked from wrong thread
Sept. 12, 2026 7:44:10 PM com.jme3.bullet.PhysicsSpace update
WARNUNG: invoked from wrong thread
Sept. 12, 2026 7:44:10 PM com.jme3.bullet.PhysicsSpace update
WARNUNG: invoked from wrong thread
Sept. 12, 2026 7:44:10 PM com.jme3.bullet.PhysicsSpace update
WARNUNG: invoked from wrong thread
Sept. 12, 2026 7:44:10 PM com.jme3.bullet.PhysicsSpace update
WARNUNG: invoked from wrong thread
Sept. 12, 2026 7:44:10 PM com.jme3.bullet.PhysicsSpace update
WARNUNG: invoked from wrong thread
Sept. 12, 2026 7:44:10 PM com.jme3.bullet.PhysicsSpace update
WARNUNG: invoked from wrong thread
Sept. 12, 2026 7:44:10 PM com.jme3.bullet.PhysicsSpace update
WARNUNG: invoked from wrong thread
Sept. 12, 2026 7:44:10 PM com.jme3.bullet.PhysicsSpace update
WARNUNG: invoked from wrong thread
Sept. 12, 2026 7:44:10 PM com.jme3.bullet.PhysicsSpace update
WARNUNG: invoked from wrong thread
Sept. 12, 2026 7:44:10 PM com.jme3.bullet.PhysicsSpace update
WARNUNG: invoked from wrong thread
Sept. 12, 2026 7:44:10 PM com.jme3.bullet.PhysicsSpace update
WARNUNG: invoked from wrong thread
Sept. 12, 2026 7:44:10 PM com.jme3.bullet.PhysicsSpace update
WARNUNG: invoked from wrong thread
Sept. 12, 2026 7:44:10 PM com.jme3.bullet.PhysicsSpace update
WARNUNG: invoked from wrong thread
Sept. 12, 2026 7:44:10 PM com.jme3.bullet.PhysicsSpace update
WARNUNG: invoked from wrong thread
Sept. 12, 2026 7:44:10 PM com.jme3.bullet.PhysicsSpace update
WARNUNG: invoked from wrong thread
Sept. 12, 2026 7:44:10 PM com.jme3.bullet.PhysicsSpace update
WARNUNG: invoked from wrong thread
Sept. 12, 2026 7:44:10 PM com.jme3.bullet.PhysicsSpace update
WARNUNG: invoked from wrong thread
Sept. 12, 2026 7:44:10 PM com.jme3.bullet.PhysicsSpace update
WARNUNG: invoked from wrong thread
Sept. 12, 2026 7:44:10 PM com.jme3.bullet.PhysicsSpace update
WARNUNG: invoked from wrong thread
Sept. 12, 2026 7:44:10 PM com.jme3.bullet.PhysicsSpace update
WARNUNG: invoked from wrong thread
Sept. 12, 2026 7:44:10 PM com.jme3.bullet.PhysicsSpace update
WARNUNG: invoked from wrong thread
Sept. 12, 2026 7:44:10 PM com.jme3.bullet.PhysicsSpace update
WARNUNG: invoked from wrong thread
Sept. 12, 2026 7:44:10 PM com.jme3.bullet.PhysicsSpace update
WARNUNG: invoked from wrong thread
Sept. 12, 2026 7:44:10 PM com.jme3.bullet.PhysicsSpace update
WARNUNG: invoked from wrong thread
Sept. 12, 2026 7:44:10 PM com.jme3.bullet.PhysicsSpace update
WARNUNG: invoked from wrong thread
Sept. 12, 2026 7:44:10 PM com.jme3.bullet.PhysicsSpace update
WARNUNG: invoked from wrong thread
Sept. 12, 2026 7:44:10 PM com.jme3.bullet.PhysicsSpace update
WARNUNG: invoked from wrong thread
Sept. 12, 2026 7:44:10 PM com.jme3.bullet.PhysicsSpace update
WARNUNG: invoked from wrong thread
Sept. 12, 2026 7:44:10 PM com.jme3.bullet.PhysicsSpace update
WARNUNG: invoked from wrong thread
Sept. 12, 2026 7:44:10 PM com.jme3.bullet.PhysicsSpace update
WARNUNG: invoked from wrong thread
Sept. 12, 2026 7:44:10 PM com.jme3.bullet.PhysicsSpace update
WARNUNG: invoked from wrong thread
Sept. 12, 2026 7:44:10 PM com.jme3.bullet.PhysicsSpace update
WARNUNG: invoked from wrong thread
Sept. 12, 2026 7:44:10 PM com.jme3.bullet.PhysicsSpace update
WARNUNG: invoked from wrong thread
Sept. 12, 2026 7:44:10 PM com.jme3.bullet.PhysicsSpace update
WARNUNG: invoked from wrong thread
Sept. 12, 2026 7:44:10 PM com.jme3.bullet.PhysicsSpace update
WARNUNG: invoked from wrong thread
Sept. 12, 2026 7:44:10 PM com.jme3.bullet.PhysicsSpace update
WARNUNG: invoked from wrong thread
Sept. 12, 2026 7:44:10 PM com.jme3.bullet.PhysicsSpace update
WARNUNG: invoked from wrong thread
Sept. 12, 2026 7:44:10 PM com.jme3.bullet.PhysicsSpace update
WARNUNG: invoked from wrong thread
Sept. 12, 2026 7:44:10 PM com.jme3.bullet.PhysicsSpace update
WARNUNG: invoked from wrong thread
[SMOKE] stage 29
[CHECK] Death animation reaches Game Over
[CHECK] Checkpoint respawn restores playable state
Sept. 12, 2026 7:44:12 PM com.jme3.anim.SkinningControl controlRender
INFORMATION: Hardware skinning engaged for Armature.008 (Node)
Sept. 12, 2026 7:44:12 PM com.jme3.anim.SkinningControl controlRender
INFORMATION: Hardware skinning engaged for Armature.004 (Node)
Sept. 12, 2026 7:44:12 PM com.jme3.anim.SkinningControl controlRender
INFORMATION: Hardware skinning engaged for GoblinArmature (Node)
Sept. 12, 2026 7:44:12 PM com.jme3.anim.SkinningControl controlRender
INFORMATION: Hardware skinning engaged for GoblinArmature (Node)
[SMOKE] stage 30
[CHECK] Fast mode removes the shadow pass
[GAME] Grafik: Atmosphärisch
[SMOKE] stage 31
[CHECK] High quality restores shadows before post-processing
[SMOKE] stage 32
