Sep 13, 2026 4:29:41 PM com.jme3.system.JmeDesktopSystem initialize
INFORMATION: Running on jMonkeyEngine 3.8.1-stable
 * Branch: HEAD
 * Git Hash: eca8165
 * Build Date: 2025-05-15
Sep 13, 2026 4:29:41 PM com.jme3.system.lwjgl.LwjglContext printContextInitInfo
INFORMATION: LWJGL 3.3.6-snapshot context running on thread jME3 Main
 * Graphics Adapter: GLFW 3.5.0 Win32 WGL Null EGL OSMesa VisualC DLL
Sep 13, 2026 4:29:41 PM com.jme3.renderer.opengl.GLRenderer loadCapabilitiesCommon
INFORMATION: OpenGL Renderer Information
 * Vendor: Intel
 * Renderer: Intel(R) Iris(R) Xe Graphics
 * OpenGL Version: 3.3.0 - Build 31.0.101.4314
 * GLSL Version: 3.30 - Build 31.0.101.4314
 * Profile: Core
Sep 13, 2026 4:29:41 PM com.jme3.renderer.opengl.GLRenderer setMainFrameBufferSrgb
WARNUNG: Driver claims that default framebuffer is not sRGB capable. Enabling anyway.
Libbulletjme version 22.0.3 initializing
Sep 13, 2026 4:29:42 PM com.jme3.bullet.objects.PhysicsRigidBody rebuildRigidBody
INFORMATION: Created 178fda9cd20.
Sep 13, 2026 4:29:42 PM com.jme3.bullet.objects.PhysicsRigidBody rebuildRigidBody
INFORMATION: Created 178fe1ee2b0.
Sep 13, 2026 4:29:42 PM com.jme3.bullet.objects.PhysicsRigidBody rebuildRigidBody
INFORMATION: Created 178fe1ecf90.
Sep 13, 2026 4:29:42 PM com.jme3.bullet.objects.PhysicsRigidBody rebuildRigidBody
INFORMATION: Created 178fe1edc50.
Sep 13, 2026 4:29:42 PM com.jme3.bullet.objects.PhysicsRigidBody rebuildRigidBody
INFORMATION: Created 178fe1ed2c0.
Sep 13, 2026 4:29:42 PM com.jme3.bullet.objects.PhysicsRigidBody rebuildRigidBody
INFORMATION: Created 178fe1ee910.
Sep 13, 2026 4:29:42 PM com.jme3.bullet.objects.PhysicsRigidBody rebuildRigidBody
INFORMATION: Created 178fe1ebc70.
Sep 13, 2026 4:29:42 PM com.jme3.bullet.objects.PhysicsRigidBody rebuildRigidBody
INFORMATION: Created 178fe1ed920.
Sep 13, 2026 4:29:42 PM com.jme3.bullet.objects.PhysicsRigidBody rebuildRigidBody
INFORMATION: Created 178fe1ec2d0.
Sep 13, 2026 4:29:42 PM com.jme3.bullet.objects.PhysicsRigidBody rebuildRigidBody
INFORMATION: Created 178fe1ed5f0.
Sep 13, 2026 4:29:42 PM com.jme3.bullet.objects.PhysicsRigidBody rebuildRigidBody
INFORMATION: Created 178fe1ebfa0.
Sep 13, 2026 4:29:42 PM com.jme3.bullet.objects.PhysicsRigidBody rebuildRigidBody
INFORMATION: Created 178fe1edf80.
Sep 13, 2026 4:29:42 PM com.jme3.bullet.objects.PhysicsRigidBody rebuildRigidBody
INFORMATION: Created 178fe1ecc60.
Sep 13, 2026 4:29:42 PM com.jme3.bullet.objects.PhysicsRigidBody rebuildRigidBody
INFORMATION: Created 178fe1ec600.
Sep 13, 2026 4:29:42 PM com.jme3.bullet.objects.PhysicsRigidBody rebuildRigidBody
INFORMATION: Created 178fe1ee5e0.
Sep 13, 2026 4:29:42 PM com.jme3.bullet.objects.PhysicsRigidBody rebuildRigidBody
INFORMATION: Created 178fe1eafb0.
Sep 13, 2026 4:29:42 PM com.jme3.bullet.objects.PhysicsRigidBody rebuildRigidBody
INFORMATION: Created 178fe1eb2e0.
Sep 13, 2026 4:29:42 PM com.jme3.bullet.objects.PhysicsRigidBody rebuildRigidBody
INFORMATION: Created 178fe1ec930.
Sep 13, 2026 4:29:42 PM com.jme3.bullet.objects.PhysicsRigidBody rebuildRigidBody
INFORMATION: Created 178fe1eb610.
Sep 13, 2026 4:29:42 PM com.jme3.bullet.objects.PhysicsRigidBody rebuildRigidBody
INFORMATION: Created 178fe1eb940.
Sep 13, 2026 4:29:42 PM com.jme3.bullet.objects.PhysicsRigidBody rebuildRigidBody
INFORMATION: Created 178fdf35b50.
Sep 13, 2026 4:29:42 PM com.jme3.bullet.objects.PhysicsRigidBody rebuildRigidBody
INFORMATION: Created 178fdf34b60.
Sep 13, 2026 4:29:42 PM com.jme3.bullet.objects.PhysicsRigidBody rebuildRigidBody
INFORMATION: Created 178fdf33ea0.
Sep 13, 2026 4:29:42 PM com.jme3.bullet.objects.PhysicsRigidBody rebuildRigidBody
INFORMATION: Created 178fdf36e70.
Sep 13, 2026 4:29:42 PM com.jme3.bullet.objects.PhysicsRigidBody rebuildRigidBody
INFORMATION: Created 178fdf34e90.
Sep 13, 2026 4:29:42 PM com.jme3.bullet.objects.PhysicsRigidBody rebuildRigidBody
INFORMATION: Created 178fdf35820.
Sep 13, 2026 4:29:42 PM com.jme3.bullet.objects.PhysicsRigidBody rebuildRigidBody
INFORMATION: Created 178fdf37800.
Sep 13, 2026 4:29:42 PM com.jme3.bullet.objects.PhysicsRigidBody rebuildRigidBody
INFORMATION: Created 178fdf35e80.
Sep 13, 2026 4:29:42 PM com.jme3.bullet.objects.PhysicsRigidBody rebuildRigidBody
INFORMATION: Created 178fdf374d0.
Sep 13, 2026 4:29:42 PM com.jme3.bullet.objects.PhysicsRigidBody rebuildRigidBody
INFORMATION: Created 178fdf351c0.
Sep 13, 2026 4:29:42 PM com.jme3.bullet.objects.PhysicsRigidBody rebuildRigidBody
INFORMATION: Created 178fdf36810.
Sep 13, 2026 4:29:42 PM com.jme3.bullet.objects.PhysicsRigidBody rebuildRigidBody
INFORMATION: Created 178fdf341d0.
Sep 13, 2026 4:29:42 PM com.jme3.bullet.objects.PhysicsRigidBody rebuildRigidBody
INFORMATION: Created 178fdf36b40.
Sep 13, 2026 4:29:42 PM com.jme3.bullet.objects.PhysicsRigidBody rebuildRigidBody
INFORMATION: Created 178fdf354f0.
Sep 13, 2026 4:29:42 PM com.jme3.bullet.objects.PhysicsRigidBody rebuildRigidBody
INFORMATION: Created 178fdf34830.
Sep 13, 2026 4:29:42 PM com.jme3.bullet.objects.PhysicsRigidBody rebuildRigidBody
INFORMATION: Created 178fdf364e0.
Sep 13, 2026 4:29:42 PM com.jme3.bullet.objects.PhysicsRigidBody rebuildRigidBody
INFORMATION: Created 178fe313cf0.
Sep 13, 2026 4:29:42 PM com.jme3.bullet.objects.PhysicsRigidBody rebuildRigidBody
INFORMATION: Created 178fe314680.
Sep 13, 2026 4:29:42 PM com.jme3.bullet.objects.PhysicsRigidBody rebuildRigidBody
INFORMATION: Created 178fe3139c0.
Sep 13, 2026 4:29:42 PM com.jme3.bullet.objects.PhysicsRigidBody rebuildRigidBody
INFORMATION: Created 178fe3149b0.
Sep 13, 2026 4:29:42 PM com.jme3.bullet.objects.PhysicsRigidBody rebuildRigidBody
INFORMATION: Created 178fe314350.
Sep 13, 2026 4:29:42 PM com.jme3.bullet.objects.PhysicsRigidBody rebuildRigidBody
INFORMATION: Created 178fe313690.
Sep 13, 2026 4:29:42 PM com.jme3.bullet.objects.PhysicsRigidBody rebuildRigidBody
INFORMATION: Created 178fe313030.
Sep 13, 2026 4:29:42 PM com.jme3.bullet.objects.PhysicsRigidBody rebuildRigidBody
INFORMATION: Created 178fe313360.
Sep 13, 2026 4:29:42 PM com.jme3.bullet.objects.PhysicsRigidBody rebuildRigidBody
INFORMATION: Created 178fe314020.
Sep 13, 2026 4:29:42 PM com.jme3.bullet.objects.PhysicsRigidBody rebuildRigidBody
INFORMATION: Created 178fdf7c590.
Sep 13, 2026 4:29:42 PM com.jme3.bullet.objects.PhysicsRigidBody rebuildRigidBody
INFORMATION: Created 178fdf7a5b0.
Sep 13, 2026 4:29:42 PM com.jme3.bullet.objects.PhysicsRigidBody rebuildRigidBody
INFORMATION: Created 178fdf7cbf0.
Sep 13, 2026 4:29:42 PM com.jme3.bullet.objects.PhysicsRigidBody rebuildRigidBody
INFORMATION: Created 178fdf7b270.
Sep 13, 2026 4:29:42 PM com.jme3.bullet.objects.PhysicsRigidBody rebuildRigidBody
INFORMATION: Created 178fdf7d580.
Sep 13, 2026 4:29:42 PM com.jme3.bullet.objects.PhysicsRigidBody rebuildRigidBody
INFORMATION: Created 178fdf79f50.
Sep 13, 2026 4:29:42 PM com.jme3.bullet.objects.PhysicsRigidBody rebuildRigidBody
INFORMATION: Created 178fdf7bc00.
Sep 13, 2026 4:29:42 PM com.jme3.bullet.objects.PhysicsRigidBody rebuildRigidBody
INFORMATION: Created 178fdf7bf30.
Sep 13, 2026 4:29:42 PM com.jme3.bullet.objects.PhysicsRigidBody rebuildRigidBody
INFORMATION: Created 178fdf7a8e0.
Sep 13, 2026 4:29:42 PM com.jme3.bullet.objects.PhysicsRigidBody rebuildRigidBody
INFORMATION: Created 178fdf7d250.
Sep 13, 2026 4:29:42 PM com.jme3.bullet.objects.PhysicsRigidBody rebuildRigidBody
INFORMATION: Created 178fdf7c8c0.
Sep 13, 2026 4:29:42 PM com.jme3.bullet.objects.PhysicsRigidBody rebuildRigidBody
INFORMATION: Created 178fdf7cf20.
Sep 13, 2026 4:29:42 PM com.jme3.bullet.objects.PhysicsRigidBody rebuildRigidBody
INFORMATION: Created 178fdf79c20.
Sep 13, 2026 4:29:42 PM com.jme3.bullet.objects.PhysicsRigidBody rebuildRigidBody
INFORMATION: Created 178fdf7a280.
Sep 13, 2026 4:29:42 PM com.jme3.bullet.objects.PhysicsRigidBody rebuildRigidBody
INFORMATION: Created 178fdf7b5a0.
Sep 13, 2026 4:29:42 PM com.jme3.bullet.objects.PhysicsRigidBody rebuildRigidBody
INFORMATION: Created 178fdf7b8d0.
Sep 13, 2026 4:29:42 PM com.jme3.bullet.objects.PhysicsRigidBody rebuildRigidBody
INFORMATION: Created 178fdf7ac10.
Sep 13, 2026 4:29:42 PM com.jme3.bullet.objects.PhysicsRigidBody rebuildRigidBody
INFORMATION: Created 178fdf7af40.
Sep 13, 2026 4:29:42 PM com.jme3.bullet.objects.PhysicsRigidBody rebuildRigidBody
INFORMATION: Created 178fdf7c260.
Sep 13, 2026 4:29:42 PM com.jme3.bullet.objects.PhysicsRigidBody rebuildRigidBody
INFORMATION: Created 1788b9bda00.
Sep 13, 2026 4:29:42 PM com.jme3.bullet.objects.PhysicsRigidBody rebuildRigidBody
INFORMATION: Created 1788b9bc080.
Sep 13, 2026 4:29:42 PM com.jme3.bullet.objects.PhysicsRigidBody rebuildRigidBody
INFORMATION: Created 1788b9bdd30.
Sep 13, 2026 4:29:42 PM com.jme3.bullet.objects.PhysicsRigidBody rebuildRigidBody
INFORMATION: Created 1788b9be060.
Sep 13, 2026 4:29:42 PM com.jme3.bullet.objects.PhysicsRigidBody rebuildRigidBody
INFORMATION: Created 1788b9bed20.
Sep 13, 2026 4:29:42 PM com.jme3.bullet.objects.PhysicsRigidBody rebuildRigidBody
INFORMATION: Created 1788b9bd3a0.
Sep 13, 2026 4:29:42 PM com.jme3.bullet.objects.PhysicsRigidBody rebuildRigidBody
INFORMATION: Created 1788b9bc3b0.
Sep 13, 2026 4:29:42 PM com.jme3.bullet.objects.PhysicsRigidBody rebuildRigidBody
INFORMATION: Created 1788b9be390.
Sep 13, 2026 4:29:42 PM com.jme3.bullet.objects.PhysicsRigidBody rebuildRigidBody
INFORMATION: Created 1788b9be9f0.
Sep 13, 2026 4:29:42 PM com.jme3.bullet.objects.PhysicsRigidBody rebuildRigidBody
INFORMATION: Created 1788b9be6c0.
Sep 13, 2026 4:29:42 PM com.jme3.bullet.objects.PhysicsRigidBody rebuildRigidBody
INFORMATION: Created 1788b9bf050.
Sep 13, 2026 4:29:42 PM com.jme3.bullet.objects.PhysicsRigidBody rebuildRigidBody
INFORMATION: Created 1788b9bf380.
Sep 13, 2026 4:29:42 PM com.jme3.bullet.objects.PhysicsRigidBody rebuildRigidBody
INFORMATION: Created 1788b9bf6b0.
Sep 13, 2026 4:29:42 PM com.jme3.bullet.objects.PhysicsRigidBody rebuildRigidBody
INFORMATION: Created 1788b9bca10.
Sep 13, 2026 4:29:42 PM com.jme3.bullet.objects.PhysicsRigidBody rebuildRigidBody
INFORMATION: Created 1788b9bd6d0.
Sep 13, 2026 4:29:42 PM com.jme3.bullet.objects.PhysicsRigidBody rebuildRigidBody
INFORMATION: Created 1788b9bbd50.
Sep 13, 2026 4:29:42 PM com.jme3.bullet.objects.PhysicsRigidBody rebuildRigidBody
INFORMATION: Created 1788b9bc6e0.
Sep 13, 2026 4:29:42 PM com.jme3.bullet.objects.PhysicsRigidBody rebuildRigidBody
INFORMATION: Created 1788b9bcd40.
Sep 13, 2026 4:29:42 PM com.jme3.bullet.objects.PhysicsRigidBody rebuildRigidBody
INFORMATION: Created 1788b9bd070.
Sep 13, 2026 4:29:42 PM com.jme3.bullet.objects.PhysicsRigidBody rebuildRigidBody
INFORMATION: Created 1788bc14f20.
Sep 13, 2026 4:29:42 PM com.jme3.bullet.objects.PhysicsRigidBody rebuildRigidBody
INFORMATION: Created 1788bc16f00.
Sep 13, 2026 4:29:42 PM com.jme3.bullet.objects.PhysicsRigidBody rebuildRigidBody
INFORMATION: Created 1788bc16570.
Sep 13, 2026 4:29:42 PM com.jme3.bullet.objects.PhysicsRigidBody rebuildRigidBody
INFORMATION: Created 1788bc15f10.
Sep 13, 2026 4:29:42 PM com.jme3.bullet.objects.PhysicsRigidBody rebuildRigidBody
INFORMATION: Created 1788bc16240.
Sep 13, 2026 4:29:42 PM com.jme3.bullet.objects.PhysicsRigidBody rebuildRigidBody
INFORMATION: Created 1788bc14260.
Sep 13, 2026 4:29:42 PM com.jme3.bullet.objects.PhysicsRigidBody rebuildRigidBody
INFORMATION: Created 1788bc158b0.
Sep 13, 2026 4:29:42 PM com.jme3.bullet.objects.PhysicsRigidBody rebuildRigidBody
INFORMATION: Created 1788bc15250.
Sep 13, 2026 4:29:42 PM com.jme3.bullet.objects.PhysicsRigidBody rebuildRigidBody
INFORMATION: Created 1788bc15580.
Sep 13, 2026 4:29:42 PM com.jme3.bullet.objects.PhysicsRigidBody rebuildRigidBody
INFORMATION: Created 1788bc168a0.
Sep 13, 2026 4:29:42 PM com.jme3.bullet.objects.PhysicsRigidBody rebuildRigidBody
INFORMATION: Created 1788bc14590.
Sep 13, 2026 4:29:42 PM com.jme3.bullet.objects.PhysicsRigidBody rebuildRigidBody
INFORMATION: Created 1788bc148c0.
Sep 13, 2026 4:29:42 PM com.jme3.bullet.objects.PhysicsRigidBody rebuildRigidBody
INFORMATION: Created 1788bc16bd0.
Sep 13, 2026 4:29:42 PM com.jme3.bullet.objects.PhysicsRigidBody rebuildRigidBody
INFORMATION: Created 1788bc13f30.
Sep 13, 2026 4:29:42 PM com.jme3.bullet.objects.PhysicsRigidBody rebuildRigidBody
INFORMATION: Created 1788bc138d0.
Sep 13, 2026 4:29:42 PM com.jme3.bullet.objects.PhysicsRigidBody rebuildRigidBody
INFORMATION: Created 1788bc14bf0.
Sep 13, 2026 4:29:42 PM com.jme3.bullet.objects.PhysicsRigidBody rebuildRigidBody
INFORMATION: Created 1788bc17230.
Sep 13, 2026 4:29:42 PM com.jme3.bullet.objects.PhysicsRigidBody rebuildRigidBody
INFORMATION: Created 1788bc13c00.
Sep 13, 2026 4:29:42 PM com.jme3.bullet.objects.PhysicsRigidBody rebuildRigidBody
INFORMATION: Created 1788bc15be0.
Sep 13, 2026 4:29:42 PM com.jme3.bullet.objects.PhysicsRigidBody rebuildRigidBody
INFORMATION: Created 178fdcfda00.
Sep 13, 2026 4:29:42 PM com.jme3.bullet.objects.PhysicsRigidBody rebuildRigidBody
INFORMATION: Created 178fdcffd10.
Sep 13, 2026 4:29:42 PM com.jme3.bullet.objects.PhysicsRigidBody rebuildRigidBody
INFORMATION: Created 178fdcfed20.
Sep 13, 2026 4:29:42 PM com.jme3.bullet.objects.PhysicsRigidBody rebuildRigidBody
INFORMATION: Created 178fdcff050.
Sep 13, 2026 4:29:42 PM com.jme3.bullet.objects.PhysicsRigidBody rebuildRigidBody
INFORMATION: Created 178fdd00370.
Sep 13, 2026 4:29:42 PM com.jme3.bullet.objects.PhysicsRigidBody rebuildRigidBody
INFORMATION: Created 178fdd00040.
Sep 13, 2026 4:29:42 PM com.jme3.bullet.objects.PhysicsRigidBody rebuildRigidBody
INFORMATION: Created 178fdcff380.
Sep 13, 2026 4:29:42 PM com.jme3.bullet.objects.PhysicsRigidBody rebuildRigidBody
INFORMATION: Created 178fdd006a0.
Sep 13, 2026 4:29:42 PM com.jme3.bullet.objects.PhysicsRigidBody rebuildRigidBody
INFORMATION: Created 178fdcfe9f0.
Sep 13, 2026 4:29:42 PM com.jme3.bullet.objects.PhysicsRigidBody rebuildRigidBody
INFORMATION: Created 178fdd009d0.
Sep 13, 2026 4:29:42 PM com.jme3.bullet.objects.PhysicsRigidBody rebuildRigidBody
INFORMATION: Created 178fdcfd070.
Sep 13, 2026 4:29:42 PM com.jme3.bullet.objects.PhysicsRigidBody rebuildRigidBody
INFORMATION: Created 178fdcff6b0.
Sep 13, 2026 4:29:42 PM com.jme3.bullet.objects.PhysicsRigidBody rebuildRigidBody
INFORMATION: Created 178fdcff9e0.
Sep 13, 2026 4:29:42 PM com.jme3.bullet.objects.PhysicsRigidBody rebuildRigidBody
INFORMATION: Created 178fdcfe060.
Sep 13, 2026 4:29:42 PM com.jme3.bullet.objects.PhysicsRigidBody rebuildRigidBody
INFORMATION: Created 178fdcfd3a0.
Sep 13, 2026 4:29:42 PM com.jme3.bullet.objects.PhysicsRigidBody rebuildRigidBody
INFORMATION: Created 178fdcfd6d0.
Sep 13, 2026 4:29:42 PM com.jme3.bullet.objects.PhysicsRigidBody rebuildRigidBody
INFORMATION: Created 178fdcfdd30.
Sep 13, 2026 4:29:42 PM com.jme3.bullet.objects.PhysicsRigidBody rebuildRigidBody
INFORMATION: Created 178fdcfe390.
Sep 13, 2026 4:29:42 PM com.jme3.bullet.objects.PhysicsRigidBody rebuildRigidBody
INFORMATION: Created 178fdcfe6c0.
Sep 13, 2026 4:29:42 PM com.jme3.bullet.objects.PhysicsRigidBody rebuildRigidBody
INFORMATION: Created 1788baa63a0.
Sep 13, 2026 4:29:42 PM com.jme3.bullet.objects.PhysicsRigidBody rebuildRigidBody
INFORMATION: Created 1788baa6a00.
Sep 13, 2026 4:29:42 PM com.jme3.bullet.objects.PhysicsRigidBody rebuildRigidBody
INFORMATION: Created 1788baa4a20.
Sep 13, 2026 4:29:42 PM com.jme3.bullet.objects.PhysicsRigidBody rebuildRigidBody
INFORMATION: Created 1788baa43c0.
Sep 13, 2026 4:29:42 PM com.jme3.bullet.objects.PhysicsRigidBody rebuildRigidBody
INFORMATION: Created 1788baa3a30.
Sep 13, 2026 4:29:42 PM com.jme3.bullet.objects.PhysicsRigidBody rebuildRigidBody
INFORMATION: Created 1788baa5a10.
Sep 13, 2026 4:29:42 PM com.jme3.bullet.objects.PhysicsRigidBody rebuildRigidBody
INFORMATION: Created 1788baa4d50.
Sep 13, 2026 4:29:42 PM com.jme3.bullet.objects.PhysicsRigidBody rebuildRigidBody
INFORMATION: Created 1788baa4090.
Sep 13, 2026 4:29:42 PM com.jme3.bullet.objects.PhysicsRigidBody rebuildRigidBody
INFORMATION: Created 1788baa6070.
Sep 13, 2026 4:29:42 PM com.jme3.bullet.objects.PhysicsRigidBody rebuildRigidBody
INFORMATION: Created 1788baa30a0.
Sep 13, 2026 4:29:42 PM com.jme3.bullet.objects.PhysicsRigidBody rebuildRigidBody
INFORMATION: Created 1788baa3700.
Sep 13, 2026 4:29:42 PM com.jme3.bullet.objects.PhysicsRigidBody rebuildRigidBody
INFORMATION: Created 1788baa5d40.
Sep 13, 2026 4:29:42 PM com.jme3.bullet.objects.PhysicsRigidBody rebuildRigidBody
INFORMATION: Created 1788baa5080.
Sep 13, 2026 4:29:42 PM com.jme3.bullet.objects.PhysicsRigidBody rebuildRigidBody
INFORMATION: Created 1788baa66d0.
Sep 13, 2026 4:29:42 PM com.jme3.bullet.objects.PhysicsRigidBody rebuildRigidBody
INFORMATION: Created 1788baa33d0.
Sep 13, 2026 4:29:42 PM com.jme3.bullet.objects.PhysicsRigidBody rebuildRigidBody
INFORMATION: Created 1788baa53b0.
Sep 13, 2026 4:29:42 PM com.jme3.bullet.objects.PhysicsRigidBody rebuildRigidBody
INFORMATION: Created 1788baa3d60.
Sep 13, 2026 4:29:42 PM com.jme3.bullet.objects.PhysicsRigidBody rebuildRigidBody
INFORMATION: Created 1788baa46f0.
Sep 13, 2026 4:29:42 PM com.jme3.bullet.objects.PhysicsRigidBody rebuildRigidBody
INFORMATION: Created 1788bef9d80.
Sep 13, 2026 4:29:42 PM com.jme3.bullet.objects.PhysicsRigidBody rebuildRigidBody
INFORMATION: Created 1788bef6420.
Sep 13, 2026 4:29:42 PM com.jme3.bullet.objects.PhysicsRigidBody rebuildRigidBody
INFORMATION: Created 1788bef6db0.
Sep 13, 2026 4:29:42 PM com.jme3.bullet.objects.PhysicsRigidBody rebuildRigidBody
INFORMATION: Created 1788bef8d90.
Sep 13, 2026 4:29:42 PM com.jme3.bullet.objects.PhysicsRigidBody rebuildRigidBody
INFORMATION: Created 1788bef93f0.
Sep 13, 2026 4:29:42 PM com.jme3.bullet.objects.PhysicsRigidBody rebuildRigidBody
INFORMATION: Created 1788bef7a70.
Sep 13, 2026 4:29:42 PM com.jme3.bullet.objects.PhysicsRigidBody rebuildRigidBody
INFORMATION: Created 1788bef6a80.
Sep 13, 2026 4:29:42 PM com.jme3.bullet.objects.PhysicsRigidBody rebuildRigidBody
INFORMATION: Created 1788bef7da0.
Sep 13, 2026 4:29:42 PM com.jme3.bullet.objects.PhysicsRigidBody rebuildRigidBody
INFORMATION: Created 1788bef70e0.
Sep 13, 2026 4:29:42 PM com.jme3.bullet.objects.PhysicsRigidBody rebuildRigidBody
INFORMATION: Created 1788bef7740.
Sep 13, 2026 4:29:42 PM com.jme3.bullet.objects.PhysicsRigidBody rebuildRigidBody
INFORMATION: Created 1788bef80d0.
Sep 13, 2026 4:29:42 PM com.jme3.bullet.objects.PhysicsRigidBody rebuildRigidBody
INFORMATION: Created 1788bef6750.
Sep 13, 2026 4:29:42 PM com.jme3.bullet.objects.PhysicsRigidBody rebuildRigidBody
INFORMATION: Created 1788bef8730.
Sep 13, 2026 4:29:42 PM com.jme3.bullet.objects.PhysicsRigidBody rebuildRigidBody
INFORMATION: Created 1788bef9720.
Sep 13, 2026 4:29:42 PM com.jme3.bullet.objects.PhysicsRigidBody rebuildRigidBody
INFORMATION: Created 1788bef9a50.
Sep 13, 2026 4:29:42 PM com.jme3.bullet.objects.PhysicsRigidBody rebuildRigidBody
INFORMATION: Created 1788bef7410.
Sep 13, 2026 4:29:42 PM com.jme3.bullet.objects.PhysicsRigidBody rebuildRigidBody
INFORMATION: Created 1788bef8400.
Sep 13, 2026 4:29:42 PM com.jme3.bullet.objects.PhysicsRigidBody rebuildRigidBody
INFORMATION: Created 1788bef8a60.
Sep 13, 2026 4:29:42 PM com.jme3.bullet.objects.PhysicsRigidBody rebuildRigidBody
INFORMATION: Created 17890080ae0.
Sep 13, 2026 4:29:42 PM com.jme3.bullet.objects.PhysicsRigidBody rebuildRigidBody
INFORMATION: Created 17890083450.
Sep 13, 2026 4:29:42 PM com.jme3.bullet.objects.PhysicsRigidBody rebuildRigidBody
INFORMATION: Created 17890083780.
Sep 13, 2026 4:29:42 PM com.jme3.bullet.objects.PhysicsRigidBody rebuildRigidBody
INFORMATION: Created 17890082790.
Sep 13, 2026 4:29:42 PM com.jme3.bullet.objects.PhysicsRigidBody rebuildRigidBody
INFORMATION: Created 17890080480.
Sep 13, 2026 4:29:42 PM com.jme3.bullet.objects.PhysicsRigidBody rebuildRigidBody
INFORMATION: Created 178900817a0.
Sep 13, 2026 4:29:42 PM com.jme3.bullet.objects.PhysicsRigidBody rebuildRigidBody
INFORMATION: Created 17890081140.
Sep 13, 2026 4:29:42 PM com.jme3.bullet.objects.PhysicsRigidBody rebuildRigidBody
INFORMATION: Created 17890080e10.
Sep 13, 2026 4:29:42 PM com.jme3.bullet.objects.PhysicsRigidBody rebuildRigidBody
INFORMATION: Created 17890082ac0.
Sep 13, 2026 4:29:42 PM com.jme3.bullet.objects.PhysicsRigidBody rebuildRigidBody
INFORMATION: Created 17890081ad0.
Sep 13, 2026 4:29:42 PM com.jme3.bullet.objects.PhysicsRigidBody rebuildRigidBody
INFORMATION: Created 17890081e00.
Sep 13, 2026 4:29:42 PM com.jme3.bullet.objects.PhysicsRigidBody rebuildRigidBody
INFORMATION: Created 17890083ab0.
Sep 13, 2026 4:29:42 PM com.jme3.bullet.objects.PhysicsRigidBody rebuildRigidBody
INFORMATION: Created 17890082460.
Sep 13, 2026 4:29:42 PM com.jme3.bullet.objects.PhysicsRigidBody rebuildRigidBody
INFORMATION: Created 17890082130.
Sep 13, 2026 4:29:42 PM com.jme3.bullet.objects.PhysicsRigidBody rebuildRigidBody
INFORMATION: Created 17890082df0.
Sep 13, 2026 4:29:42 PM com.jme3.bullet.objects.PhysicsRigidBody rebuildRigidBody
INFORMATION: Created 17890083de0.
Sep 13, 2026 4:29:42 PM com.jme3.bullet.objects.PhysicsRigidBody rebuildRigidBody
INFORMATION: Created 178900807b0.
Sep 13, 2026 4:29:42 PM com.jme3.bullet.objects.PhysicsRigidBody rebuildRigidBody
INFORMATION: Created 17890080150.
Sep 13, 2026 4:29:42 PM com.jme3.bullet.objects.PhysicsRigidBody rebuildRigidBody
INFORMATION: Created 17890084110.
Sep 13, 2026 4:29:42 PM com.jme3.bullet.objects.PhysicsRigidBody rebuildRigidBody
INFORMATION: Created 17890084440.
Sep 13, 2026 4:29:42 PM com.jme3.bullet.objects.PhysicsRigidBody rebuildRigidBody
INFORMATION: Created 17890084770.
Sep 13, 2026 4:29:42 PM com.jme3.bullet.objects.PhysicsRigidBody rebuildRigidBody
INFORMATION: Created 17890081470.
Sep 13, 2026 4:29:42 PM com.jme3.bullet.objects.PhysicsRigidBody rebuildRigidBody
INFORMATION: Created 17890086420.
Sep 13, 2026 4:29:42 PM com.jme3.bullet.objects.PhysicsRigidBody rebuildRigidBody
INFORMATION: Created 17890087410.
Sep 13, 2026 4:29:43 PM com.jme3.bullet.objects.PhysicsRigidBody rebuildRigidBody
INFORMATION: Created 17890084dd0.
Sep 13, 2026 4:29:43 PM com.jme3.bullet.objects.PhysicsRigidBody rebuildRigidBody
INFORMATION: Created 17890087da0.
Sep 13, 2026 4:29:43 PM com.jme3.bullet.objects.PhysicsRigidBody rebuildRigidBody
INFORMATION: Created 178900870e0.
Sep 13, 2026 4:29:44 PM com.jme3.anim.SkinningControl controlRender
INFORMATION: Hardware skinning engaged for Scene (Node)
Sep 13, 2026 4:29:44 PM com.jme3.anim.SkinningControl controlRender
INFORMATION: Hardware skinning engaged for Scene (Node)
Sep 13, 2026 4:29:44 PM com.jme3.anim.SkinningControl controlRender
INFORMATION: Hardware skinning engaged for Scene (Node)
Sep 13, 2026 4:29:44 PM com.jme3.anim.SkinningControl controlRender
INFORMATION: Hardware skinning engaged for Scene (Node)
[SMOKE] stage 0
[SMOKE] stage 1
Sep 13, 2026 4:29:47 PM com.jme3.bullet.objects.PhysicsRigidBody rebuildRigidBody
INFORMATION: Created 1789468a8e0.
Sep 13, 2026 4:29:47 PM com.jme3.bullet.objects.PhysicsRigidBody rebuildRigidBody
INFORMATION: Created 17894688900.
Sep 13, 2026 4:29:47 PM com.jme3.bullet.objects.PhysicsRigidBody rebuildRigidBody
INFORMATION: Created 17894686c50.
Sep 13, 2026 4:29:47 PM com.jme3.bullet.objects.PhysicsRigidBody rebuildRigidBody
INFORMATION: Created 17894688c30.
Sep 13, 2026 4:29:47 PM com.jme3.bullet.objects.PhysicsRigidBody rebuildRigidBody
INFORMATION: Created 1789468a5b0.
Sep 13, 2026 4:29:47 PM com.jme3.bullet.objects.PhysicsRigidBody rebuildRigidBody
INFORMATION: Created 17894689c20.
Sep 13, 2026 4:29:47 PM com.jme3.bullet.objects.PhysicsRigidBody rebuildRigidBody
INFORMATION: Created 1789468ac10.
Sep 13, 2026 4:29:47 PM com.jme3.bullet.objects.PhysicsRigidBody rebuildRigidBody
INFORMATION: Created 178946875e0.
Sep 13, 2026 4:29:47 PM com.jme3.bullet.objects.PhysicsRigidBody rebuildRigidBody
INFORMATION: Created 17894689290.
Sep 13, 2026 4:29:47 PM com.jme3.bullet.objects.PhysicsRigidBody rebuildRigidBody
INFORMATION: Created 17894686f80.
Sep 13, 2026 4:29:47 PM com.jme3.bullet.objects.PhysicsRigidBody rebuildRigidBody
INFORMATION: Created 178946895c0.
Sep 13, 2026 4:29:47 PM com.jme3.bullet.objects.PhysicsRigidBody rebuildRigidBody
INFORMATION: Created 17894687c40.
Sep 13, 2026 4:29:47 PM com.jme3.bullet.objects.PhysicsRigidBody rebuildRigidBody
INFORMATION: Created 1789468af40.
Sep 13, 2026 4:29:47 PM com.jme3.bullet.objects.PhysicsRigidBody rebuildRigidBody
INFORMATION: Created 178946882a0.
Sep 13, 2026 4:29:47 PM com.jme3.bullet.objects.PhysicsRigidBody rebuildRigidBody
INFORMATION: Created 178946872b0.
Sep 13, 2026 4:29:47 PM com.jme3.bullet.objects.PhysicsRigidBody rebuildRigidBody
INFORMATION: Created 178946885d0.
Sep 13, 2026 4:29:47 PM com.jme3.bullet.objects.PhysicsRigidBody rebuildRigidBody
INFORMATION: Created 1789468b270.
Sep 13, 2026 4:29:47 PM com.jme3.bullet.objects.PhysicsRigidBody rebuildRigidBody
INFORMATION: Created 17894687910.
Sep 13, 2026 4:29:47 PM com.jme3.bullet.objects.PhysicsRigidBody rebuildRigidBody
INFORMATION: Created 178946898f0.
Sep 13, 2026 4:29:47 PM com.jme3.bullet.objects.PhysicsRigidBody rebuildRigidBody
INFORMATION: Created 1789468b5a0.
Sep 13, 2026 4:29:47 PM com.jme3.bullet.objects.PhysicsRigidBody rebuildRigidBody
INFORMATION: Created 17894689f50.
Sep 13, 2026 4:29:47 PM com.jme3.bullet.objects.PhysicsRigidBody rebuildRigidBody
INFORMATION: Created 1789468b8d0.
Sep 13, 2026 4:29:47 PM com.jme3.bullet.objects.PhysicsRigidBody rebuildRigidBody
INFORMATION: Created 1789468bc00.
Sep 13, 2026 4:29:47 PM com.jme3.bullet.objects.PhysicsRigidBody rebuildRigidBody
INFORMATION: Created 17894687f70.
Sep 13, 2026 4:29:47 PM com.jme3.bullet.objects.PhysicsRigidBody rebuildRigidBody
INFORMATION: Created 1789468bf30.
Sep 13, 2026 4:29:47 PM com.jme3.bullet.objects.PhysicsRigidBody rebuildRigidBody
INFORMATION: Created 1789468e570.
Sep 13, 2026 4:29:47 PM com.jme3.bullet.objects.PhysicsRigidBody rebuildRigidBody
INFORMATION: Created 1789468cf20.
Sep 13, 2026 4:29:47 PM com.jme3.bullet.objects.PhysicsRigidBody rebuildRigidBody
INFORMATION: Created 1789468cbf0.
Sep 13, 2026 4:29:47 PM com.jme3.bullet.objects.PhysicsRigidBody rebuildRigidBody
INFORMATION: Created 1789468c260.
Sep 13, 2026 4:29:47 PM com.jme3.bullet.objects.PhysicsRigidBody rebuildRigidBody
INFORMATION: Created 1789468c590.
Sep 13, 2026 4:29:47 PM com.jme3.bullet.objects.PhysicsRigidBody rebuildRigidBody
INFORMATION: Created 1789468c8c0.
Sep 13, 2026 4:29:47 PM com.jme3.bullet.objects.PhysicsRigidBody rebuildRigidBody
INFORMATION: Created 1789468e240.
Sep 13, 2026 4:29:47 PM com.jme3.bullet.objects.PhysicsRigidBody rebuildRigidBody
INFORMATION: Created 1789468d250.
Sep 13, 2026 4:29:47 PM com.jme3.bullet.objects.PhysicsRigidBody rebuildRigidBody
INFORMATION: Created 1789468d580.
Sep 13, 2026 4:29:47 PM com.jme3.bullet.objects.PhysicsRigidBody rebuildRigidBody
INFORMATION: Created 1789468d8b0.
Sep 13, 2026 4:29:47 PM com.jme3.bullet.objects.PhysicsRigidBody rebuildRigidBody
INFORMATION: Created 1789468e8a0.
Sep 13, 2026 4:29:47 PM com.jme3.bullet.objects.PhysicsRigidBody rebuildRigidBody
INFORMATION: Created 1789468dbe0.
Sep 13, 2026 4:29:47 PM com.jme3.bullet.objects.PhysicsRigidBody rebuildRigidBody
INFORMATION: Created 1789468df10.
Sep 13, 2026 4:29:47 PM com.jme3.bullet.objects.PhysicsRigidBody rebuildRigidBody
INFORMATION: Created 1788c15f650.
Sep 13, 2026 4:29:47 PM com.jme3.bullet.objects.PhysicsRigidBody rebuildRigidBody
INFORMATION: Created 1788c1632e0.
Sep 13, 2026 4:29:47 PM com.jme3.bullet.objects.PhysicsRigidBody rebuildRigidBody
INFORMATION: Created 1788c160970.
Sep 13, 2026 4:29:47 PM com.jme3.bullet.objects.PhysicsRigidBody rebuildRigidBody
INFORMATION: Created 1788c160640.
Sep 13, 2026 4:29:47 PM com.jme3.bullet.objects.PhysicsRigidBody rebuildRigidBody
INFORMATION: Created 1788c160310.
Sep 13, 2026 4:29:47 PM com.jme3.bullet.objects.PhysicsRigidBody rebuildRigidBody
INFORMATION: Created 1788c160ca0.
Sep 13, 2026 4:29:47 PM com.jme3.bullet.objects.PhysicsRigidBody rebuildRigidBody
INFORMATION: Created 1788c163610.
Sep 13, 2026 4:29:47 PM com.jme3.bullet.objects.PhysicsRigidBody rebuildRigidBody
INFORMATION: Created 1788c15ffe0.
Sep 13, 2026 4:29:47 PM com.jme3.bullet.objects.PhysicsRigidBody rebuildRigidBody
INFORMATION: Created 1788c161630.
Sep 13, 2026 4:29:47 PM com.jme3.bullet.objects.PhysicsRigidBody rebuildRigidBody
INFORMATION: Created 1788c161960.
Sep 13, 2026 4:29:47 PM com.jme3.bullet.objects.PhysicsRigidBody rebuildRigidBody
INFORMATION: Created 1788c160fd0.
Sep 13, 2026 4:29:47 PM com.jme3.bullet.objects.PhysicsRigidBody rebuildRigidBody
INFORMATION: Created 1788c161c90.
Sep 13, 2026 4:29:47 PM com.jme3.bullet.objects.PhysicsRigidBody rebuildRigidBody
INFORMATION: Created 1788c15f980.
Sep 13, 2026 4:29:47 PM com.jme3.bullet.objects.PhysicsRigidBody rebuildRigidBody
INFORMATION: Created 1788c162c80.
Sep 13, 2026 4:29:47 PM com.jme3.bullet.objects.PhysicsRigidBody rebuildRigidBody
INFORMATION: Created 1788c161fc0.
Sep 13, 2026 4:29:47 PM com.jme3.bullet.objects.PhysicsRigidBody rebuildRigidBody
INFORMATION: Created 1788c161300.
Sep 13, 2026 4:29:47 PM com.jme3.bullet.objects.PhysicsRigidBody rebuildRigidBody
INFORMATION: Created 1788c1622f0.
Sep 13, 2026 4:29:47 PM com.jme3.bullet.objects.PhysicsRigidBody rebuildRigidBody
INFORMATION: Created 1788c162620.
Sep 13, 2026 4:29:47 PM com.jme3.bullet.objects.PhysicsRigidBody rebuildRigidBody
INFORMATION: Created 1788c163940.
Sep 13, 2026 4:29:47 PM com.jme3.bullet.objects.PhysicsRigidBody rebuildRigidBody
INFORMATION: Created 1788c162950.
Sep 13, 2026 4:29:47 PM com.jme3.bullet.objects.PhysicsRigidBody rebuildRigidBody
INFORMATION: Created 1788c15fcb0.
Sep 13, 2026 4:29:47 PM com.jme3.bullet.objects.PhysicsRigidBody rebuildRigidBody
INFORMATION: Created 1788c164600.
Sep 13, 2026 4:29:47 PM com.jme3.bullet.objects.PhysicsRigidBody rebuildRigidBody
INFORMATION: Created 1788c163c70.
Sep 13, 2026 4:29:47 PM com.jme3.bullet.objects.PhysicsRigidBody rebuildRigidBody
INFORMATION: Created 1788c164930.
Sep 13, 2026 4:29:47 PM com.jme3.bullet.objects.PhysicsRigidBody rebuildRigidBody
INFORMATION: Created 1788c165920.
Sep 13, 2026 4:29:47 PM com.jme3.bullet.objects.PhysicsRigidBody rebuildRigidBody
INFORMATION: Created 1788c162fb0.
Sep 13, 2026 4:29:47 PM com.jme3.bullet.objects.PhysicsRigidBody rebuildRigidBody
INFORMATION: Created 1788c1642d0.
Sep 13, 2026 4:29:47 PM com.jme3.bullet.objects.PhysicsRigidBody rebuildRigidBody
INFORMATION: Created 1788c1662b0.
Sep 13, 2026 4:29:47 PM com.jme3.bullet.objects.PhysicsRigidBody rebuildRigidBody
INFORMATION: Created 1788c164f90.
Sep 13, 2026 4:29:47 PM com.jme3.bullet.objects.PhysicsRigidBody rebuildRigidBody
INFORMATION: Created 1788c163fa0.
Sep 13, 2026 4:29:47 PM com.jme3.bullet.objects.PhysicsRigidBody rebuildRigidBody
INFORMATION: Created 1788c1652c0.
Sep 13, 2026 4:29:47 PM com.jme3.bullet.objects.PhysicsRigidBody rebuildRigidBody
INFORMATION: Created 1788c166910.
Sep 13, 2026 4:29:47 PM com.jme3.bullet.objects.PhysicsRigidBody rebuildRigidBody
INFORMATION: Created 1788c166f70.
Sep 13, 2026 4:29:47 PM com.jme3.bullet.objects.PhysicsRigidBody rebuildRigidBody
INFORMATION: Created 1788c1655f0.
Sep 13, 2026 4:29:47 PM com.jme3.bullet.objects.PhysicsRigidBody rebuildRigidBody
INFORMATION: Created 1788c1672a0.
Sep 13, 2026 4:29:47 PM com.jme3.bullet.objects.PhysicsRigidBody rebuildRigidBody
INFORMATION: Created 1788c164c60.
Sep 13, 2026 4:29:47 PM com.jme3.bullet.objects.PhysicsRigidBody rebuildRigidBody
INFORMATION: Created 1788c165c50.
Sep 13, 2026 4:29:47 PM com.jme3.bullet.objects.PhysicsRigidBody rebuildRigidBody
INFORMATION: Created 1788c165f80.
Sep 13, 2026 4:29:47 PM com.jme3.bullet.objects.PhysicsRigidBody rebuildRigidBody
INFORMATION: Created 1788c166c40.
Sep 13, 2026 4:29:47 PM com.jme3.bullet.objects.PhysicsRigidBody rebuildRigidBody
INFORMATION: Created 1788c1665e0.
Sep 13, 2026 4:29:47 PM com.jme3.bullet.objects.PhysicsRigidBody rebuildRigidBody
INFORMATION: Created 1788b6a9220.
Sep 13, 2026 4:29:47 PM com.jme3.bullet.objects.PhysicsRigidBody rebuildRigidBody
INFORMATION: Created 1788b6a7bd0.
Sep 13, 2026 4:29:47 PM com.jme3.bullet.objects.PhysicsRigidBody rebuildRigidBody
INFORMATION: Created 1788b6aaed0.
Sep 13, 2026 4:29:47 PM com.jme3.bullet.objects.PhysicsRigidBody rebuildRigidBody
INFORMATION: Created 1788b6a7240.
Sep 13, 2026 4:29:47 PM com.jme3.bullet.objects.PhysicsRigidBody rebuildRigidBody
INFORMATION: Created 1788b6a78a0.
Sep 13, 2026 4:29:47 PM com.jme3.bullet.objects.PhysicsRigidBody rebuildRigidBody
INFORMATION: Created 1788b6a9ee0.
Sep 13, 2026 4:29:47 PM com.jme3.bullet.objects.PhysicsRigidBody rebuildRigidBody
INFORMATION: Created 1788b6a9550.
Sep 13, 2026 4:29:47 PM com.jme3.bullet.objects.PhysicsRigidBody rebuildRigidBody
INFORMATION: Created 1788b6a9bb0.
Sep 13, 2026 4:29:47 PM com.jme3.bullet.objects.PhysicsRigidBody rebuildRigidBody
INFORMATION: Created 1788b6a7f00.
Sep 13, 2026 4:29:47 PM com.jme3.bullet.objects.PhysicsRigidBody rebuildRigidBody
INFORMATION: Created 1788b6a8230.
Sep 13, 2026 4:29:47 PM com.jme3.bullet.objects.PhysicsRigidBody rebuildRigidBody
INFORMATION: Created 1788b6a9880.
Sep 13, 2026 4:29:47 PM com.jme3.bullet.objects.PhysicsRigidBody rebuildRigidBody
INFORMATION: Created 1788b6ab200.
Sep 13, 2026 4:29:47 PM com.jme3.bullet.objects.PhysicsRigidBody rebuildRigidBody
INFORMATION: Created 1788b6aa210.
Sep 13, 2026 4:29:47 PM com.jme3.bullet.objects.PhysicsRigidBody rebuildRigidBody
INFORMATION: Created 1788b6a8560.
Sep 13, 2026 4:29:47 PM com.jme3.bullet.objects.PhysicsRigidBody rebuildRigidBody
INFORMATION: Created 1788b6aaba0.
Sep 13, 2026 4:29:47 PM com.jme3.bullet.objects.PhysicsRigidBody rebuildRigidBody
INFORMATION: Created 1788b6a8890.
Sep 13, 2026 4:29:47 PM com.jme3.bullet.objects.PhysicsRigidBody rebuildRigidBody
INFORMATION: Created 1788b6aa540.
Sep 13, 2026 4:29:47 PM com.jme3.bullet.objects.PhysicsRigidBody rebuildRigidBody
INFORMATION: Created 1788b6aa870.
Sep 13, 2026 4:29:47 PM com.jme3.bullet.objects.PhysicsRigidBody rebuildRigidBody
INFORMATION: Created 1788b6a8bc0.
Sep 13, 2026 4:29:47 PM com.jme3.bullet.objects.PhysicsRigidBody rebuildRigidBody
INFORMATION: Created 1788b6a7570.
Sep 13, 2026 4:29:47 PM com.jme3.bullet.objects.PhysicsRigidBody rebuildRigidBody
INFORMATION: Created 1788b6abb90.
Sep 13, 2026 4:29:47 PM com.jme3.bullet.objects.PhysicsRigidBody rebuildRigidBody
INFORMATION: Created 1788b6a8ef0.
Sep 13, 2026 4:29:47 PM com.jme3.bullet.objects.PhysicsRigidBody rebuildRigidBody
INFORMATION: Created 1788b6aee90.
Sep 13, 2026 4:29:47 PM com.jme3.bullet.objects.PhysicsRigidBody rebuildRigidBody
INFORMATION: Created 1788b6ac520.
Sep 13, 2026 4:29:47 PM com.jme3.bullet.objects.PhysicsRigidBody rebuildRigidBody
INFORMATION: Created 1788b6ac1f0.
Sep 13, 2026 4:29:47 PM com.jme3.bullet.objects.PhysicsRigidBody rebuildRigidBody
INFORMATION: Created 1788b6abec0.
Sep 13, 2026 4:29:47 PM com.jme3.bullet.objects.PhysicsRigidBody rebuildRigidBody
INFORMATION: Created 1788b6ac850.
Sep 13, 2026 4:29:47 PM com.jme3.bullet.objects.PhysicsRigidBody rebuildRigidBody
INFORMATION: Created 1788b6ab530.
Sep 13, 2026 4:29:47 PM com.jme3.bullet.objects.PhysicsRigidBody rebuildRigidBody
INFORMATION: Created 1788b6acb80.
Sep 13, 2026 4:29:47 PM com.jme3.bullet.objects.PhysicsRigidBody rebuildRigidBody
INFORMATION: Created 1788b6ab860.
Sep 13, 2026 4:29:47 PM com.jme3.bullet.objects.PhysicsRigidBody rebuildRigidBody
INFORMATION: Created 1788b6aceb0.
Sep 13, 2026 4:29:47 PM com.jme3.bullet.objects.PhysicsRigidBody rebuildRigidBody
INFORMATION: Created 1788b6ad1e0.
Sep 13, 2026 4:29:47 PM com.jme3.bullet.objects.PhysicsRigidBody rebuildRigidBody
INFORMATION: Created 1788b6ad840.
Sep 13, 2026 4:29:47 PM com.jme3.bullet.objects.PhysicsRigidBody rebuildRigidBody
INFORMATION: Created 1788b6ae500.
Sep 13, 2026 4:29:47 PM com.jme3.bullet.objects.PhysicsRigidBody rebuildRigidBody
INFORMATION: Created 1788b6ad510.
Sep 13, 2026 4:29:47 PM com.jme3.bullet.objects.PhysicsRigidBody rebuildRigidBody
INFORMATION: Created 1788b6adb70.
Sep 13, 2026 4:29:47 PM com.jme3.bullet.objects.PhysicsRigidBody rebuildRigidBody
INFORMATION: Created 1788b6adea0.
Sep 13, 2026 4:29:47 PM com.jme3.bullet.objects.PhysicsRigidBody rebuildRigidBody
INFORMATION: Created 1788b6ae1d0.
Sep 13, 2026 4:29:47 PM com.jme3.bullet.objects.PhysicsRigidBody rebuildRigidBody
INFORMATION: Created 1788b6ae830.
Sep 13, 2026 4:29:47 PM com.jme3.bullet.objects.PhysicsRigidBody rebuildRigidBody
INFORMATION: Created 1788b6aeb60.
Sep 13, 2026 4:29:47 PM com.jme3.bullet.objects.PhysicsRigidBody rebuildRigidBody
INFORMATION: Created 1789413a910.
Sep 13, 2026 4:29:47 PM com.jme3.bullet.objects.PhysicsRigidBody rebuildRigidBody
INFORMATION: Created 17894136fb0.
Sep 13, 2026 4:29:47 PM com.jme3.bullet.objects.PhysicsRigidBody rebuildRigidBody
INFORMATION: Created 17894137940.
Sep 13, 2026 4:29:47 PM com.jme3.bullet.objects.PhysicsRigidBody rebuildRigidBody
INFORMATION: Created 178941395f0.
Sep 13, 2026 4:29:47 PM com.jme3.bullet.objects.PhysicsRigidBody rebuildRigidBody
INFORMATION: Created 17894136c80.
Sep 13, 2026 4:29:47 PM com.jme3.bullet.objects.PhysicsRigidBody rebuildRigidBody
INFORMATION: Created 17894137610.
Sep 13, 2026 4:29:47 PM com.jme3.bullet.objects.PhysicsRigidBody rebuildRigidBody
INFORMATION: Created 17894139920.
Sep 13, 2026 4:29:47 PM com.jme3.bullet.objects.PhysicsRigidBody rebuildRigidBody
INFORMATION: Created 178941382d0.
Sep 13, 2026 4:29:47 PM com.jme3.bullet.objects.PhysicsRigidBody rebuildRigidBody
INFORMATION: Created 17894139f80.
Sep 13, 2026 4:29:47 PM com.jme3.bullet.objects.PhysicsRigidBody rebuildRigidBody
INFORMATION: Created 17894137c70.
Sep 13, 2026 4:29:47 PM com.jme3.bullet.objects.PhysicsRigidBody rebuildRigidBody
INFORMATION: Created 17894138f90.
Sep 13, 2026 4:29:47 PM com.jme3.bullet.objects.PhysicsRigidBody rebuildRigidBody
INFORMATION: Created 17894138600.
Sep 13, 2026 4:29:47 PM com.jme3.bullet.objects.PhysicsRigidBody rebuildRigidBody
INFORMATION: Created 1789413a2b0.
Sep 13, 2026 4:29:47 PM com.jme3.bullet.objects.PhysicsRigidBody rebuildRigidBody
INFORMATION: Created 17894137fa0.
Sep 13, 2026 4:29:47 PM com.jme3.bullet.objects.PhysicsRigidBody rebuildRigidBody
INFORMATION: Created 178941372e0.
Sep 13, 2026 4:29:47 PM com.jme3.bullet.objects.PhysicsRigidBody rebuildRigidBody
INFORMATION: Created 178941392c0.
Sep 13, 2026 4:29:47 PM com.jme3.bullet.objects.PhysicsRigidBody rebuildRigidBody
INFORMATION: Created 1789413a5e0.
Sep 13, 2026 4:29:47 PM com.jme3.bullet.objects.PhysicsRigidBody rebuildRigidBody
INFORMATION: Created 17894138930.
Sep 13, 2026 4:29:47 PM com.jme3.bullet.objects.PhysicsRigidBody rebuildRigidBody
INFORMATION: Created 17894138c60.
Sep 13, 2026 4:29:47 PM com.jme3.bullet.objects.PhysicsRigidBody rebuildRigidBody
INFORMATION: Created 1789413ac40.
Sep 13, 2026 4:29:47 PM com.jme3.bullet.objects.PhysicsRigidBody rebuildRigidBody
INFORMATION: Created 17894139c50.
Sep 13, 2026 4:29:47 PM com.jme3.bullet.objects.PhysicsRigidBody rebuildRigidBody
INFORMATION: Created 1789412b6d0.
Sep 13, 2026 4:29:47 PM com.jme3.bullet.objects.PhysicsRigidBody rebuildRigidBody
INFORMATION: Created 1789412cd20.
Sep 13, 2026 4:29:47 PM com.jme3.bullet.objects.PhysicsRigidBody rebuildRigidBody
INFORMATION: Created 1789412a6e0.
Sep 13, 2026 4:29:47 PM com.jme3.bullet.objects.PhysicsRigidBody rebuildRigidBody
INFORMATION: Created 1789412c060.
Sep 13, 2026 4:29:47 PM com.jme3.bullet.objects.PhysicsRigidBody rebuildRigidBody
INFORMATION: Created 1789412c6c0.
Sep 13, 2026 4:29:47 PM com.jme3.bullet.objects.PhysicsRigidBody rebuildRigidBody
INFORMATION: Created 1789412b070.
Sep 13, 2026 4:29:47 PM com.jme3.bullet.objects.PhysicsRigidBody rebuildRigidBody
INFORMATION: Created 1789412d9e0.
Sep 13, 2026 4:29:47 PM com.jme3.bullet.objects.PhysicsRigidBody rebuildRigidBody
INFORMATION: Created 1789412dd10.
Sep 13, 2026 4:29:47 PM com.jme3.bullet.objects.PhysicsRigidBody rebuildRigidBody
INFORMATION: Created 1789412d050.
Sep 13, 2026 4:29:47 PM com.jme3.bullet.objects.PhysicsRigidBody rebuildRigidBody
INFORMATION: Created 1789412bd30.
Sep 13, 2026 4:29:47 PM com.jme3.bullet.objects.PhysicsRigidBody rebuildRigidBody
INFORMATION: Created 1789412c390.
Sep 13, 2026 4:29:47 PM com.jme3.bullet.objects.PhysicsRigidBody rebuildRigidBody
INFORMATION: Created 1789412d380.
Sep 13, 2026 4:29:47 PM com.jme3.bullet.objects.PhysicsRigidBody rebuildRigidBody
INFORMATION: Created 1789412c9f0.
[GAME] Willkommen im Ödland. Folge dem Feuer zu Mira. [E]
Sep 13, 2026 4:29:47 PM com.jme3.anim.SkinningControl controlRender
INFORMATION: Hardware skinning engaged for Scene (Node)
Sep 13, 2026 4:29:47 PM com.jme3.anim.SkinningControl controlRender
INFORMATION: Hardware skinning engaged for Scene (Node)
Sep 13, 2026 4:29:47 PM com.jme3.anim.SkinningControl controlRender
INFORMATION: Hardware skinning engaged for Scene (Node)
Sep 13, 2026 4:29:47 PM com.jme3.anim.SkinningControl controlRender
INFORMATION: Hardware skinning engaged for Scene (Node)
[SMOKE] stage 2
[SMOKE] stage 3
[CHECK] WASD must move the physical character
[CHECK] Physics space belongs to the render thread
[SMOKE] stage 4
[SMOKE] stage 5
[SMOKE] stage 6
Sep 13, 2026 4:29:59 PM com.jme3.bullet.objects.PhysicsRigidBody rebuildRigidBody
INFORMATION: Created 1789412e370.
Sep 13, 2026 4:29:59 PM com.jme3.bullet.objects.PhysicsRigidBody rebuildRigidBody
INFORMATION: Created 1789412aa10.
Sep 13, 2026 4:29:59 PM com.jme3.bullet.objects.PhysicsRigidBody rebuildRigidBody
INFORMATION: Created 1789412e6a0.
Sep 13, 2026 4:29:59 PM com.jme3.bullet.objects.PhysicsRigidBody rebuildRigidBody
INFORMATION: Created 1789412e9d0.
Sep 13, 2026 4:29:59 PM com.jme3.bullet.objects.PhysicsRigidBody rebuildRigidBody
INFORMATION: Created 1789412ad40.
Sep 13, 2026 4:29:59 PM com.jme3.bullet.objects.PhysicsRigidBody rebuildRigidBody
INFORMATION: Created 1789412f9c0.
Sep 13, 2026 4:29:59 PM com.jme3.bullet.objects.PhysicsRigidBody rebuildRigidBody
INFORMATION: Created 17894130350.
Sep 13, 2026 4:29:59 PM com.jme3.bullet.objects.PhysicsRigidBody rebuildRigidBody
INFORMATION: Created 17894131cd0.
Sep 13, 2026 4:29:59 PM com.jme3.bullet.objects.PhysicsRigidBody rebuildRigidBody
INFORMATION: Created 17894132330.
Sep 13, 2026 4:29:59 PM com.jme3.bullet.objects.PhysicsRigidBody rebuildRigidBody
INFORMATION: Created 17894132660.
Sep 13, 2026 4:29:59 PM com.jme3.bullet.objects.PhysicsRigidBody rebuildRigidBody
INFORMATION: Created 17894130680.
Sep 13, 2026 4:29:59 PM com.jme3.bullet.objects.PhysicsRigidBody rebuildRigidBody
INFORMATION: Created 178941309b0.
Sep 13, 2026 4:29:59 PM com.jme3.bullet.objects.PhysicsRigidBody rebuildRigidBody
INFORMATION: Created 17894130ce0.
Sep 13, 2026 4:29:59 PM com.jme3.bullet.objects.PhysicsRigidBody rebuildRigidBody
INFORMATION: Created 1789412ed00.
Sep 13, 2026 4:29:59 PM com.jme3.bullet.objects.PhysicsRigidBody rebuildRigidBody
INFORMATION: Created 17894130020.
Sep 13, 2026 4:29:59 PM com.jme3.bullet.objects.PhysicsRigidBody rebuildRigidBody
INFORMATION: Created 17894131340.
Sep 13, 2026 4:29:59 PM com.jme3.bullet.objects.PhysicsRigidBody rebuildRigidBody
INFORMATION: Created 1789412fcf0.
Sep 13, 2026 4:29:59 PM com.jme3.bullet.objects.PhysicsRigidBody rebuildRigidBody
INFORMATION: Created 17894132000.
Sep 13, 2026 4:29:59 PM com.jme3.bullet.objects.PhysicsRigidBody rebuildRigidBody
INFORMATION: Created 1789412f690.
Sep 13, 2026 4:29:59 PM com.jme3.bullet.objects.PhysicsRigidBody rebuildRigidBody
INFORMATION: Created 17894131010.
Sep 13, 2026 4:29:59 PM com.jme3.bullet.objects.PhysicsRigidBody rebuildRigidBody
INFORMATION: Created 17894131670.
Sep 13, 2026 4:29:59 PM com.jme3.bullet.objects.PhysicsRigidBody rebuildRigidBody
INFORMATION: Created 178941319a0.
Sep 13, 2026 4:29:59 PM com.jme3.bullet.objects.PhysicsRigidBody rebuildRigidBody
INFORMATION: Created 17894132990.
Sep 13, 2026 4:29:59 PM com.jme3.bullet.objects.PhysicsRigidBody rebuildRigidBody
INFORMATION: Created 17894132cc0.
Sep 13, 2026 4:29:59 PM com.jme3.bullet.objects.PhysicsRigidBody rebuildRigidBody
INFORMATION: Created 1789412f030.
Sep 13, 2026 4:29:59 PM com.jme3.bullet.objects.PhysicsRigidBody rebuildRigidBody
INFORMATION: Created 17894132ff0.
Sep 13, 2026 4:29:59 PM com.jme3.bullet.objects.PhysicsRigidBody rebuildRigidBody
INFORMATION: Created 1789412f360.
Sep 13, 2026 4:29:59 PM com.jme3.bullet.objects.PhysicsRigidBody rebuildRigidBody
INFORMATION: Created 17894135300.
Sep 13, 2026 4:29:59 PM com.jme3.bullet.objects.PhysicsRigidBody rebuildRigidBody
INFORMATION: Created 17894135960.
Sep 13, 2026 4:29:59 PM com.jme3.bullet.objects.PhysicsRigidBody rebuildRigidBody
INFORMATION: Created 17894133320.
Sep 13, 2026 4:29:59 PM com.jme3.bullet.objects.PhysicsRigidBody rebuildRigidBody
INFORMATION: Created 17894133980.
Sep 13, 2026 4:29:59 PM com.jme3.bullet.objects.PhysicsRigidBody rebuildRigidBody
INFORMATION: Created 17894134fd0.
Sep 13, 2026 4:29:59 PM com.jme3.bullet.objects.PhysicsRigidBody rebuildRigidBody
INFORMATION: Created 17894135630.
Sep 13, 2026 4:29:59 PM com.jme3.bullet.objects.PhysicsRigidBody rebuildRigidBody
INFORMATION: Created 17894133650.
Sep 13, 2026 4:29:59 PM com.jme3.bullet.objects.PhysicsRigidBody rebuildRigidBody
INFORMATION: Created 17894135c90.
Sep 13, 2026 4:29:59 PM com.jme3.bullet.objects.PhysicsRigidBody rebuildRigidBody
INFORMATION: Created 178941362f0.
Sep 13, 2026 4:29:59 PM com.jme3.bullet.objects.PhysicsRigidBody rebuildRigidBody
INFORMATION: Created 17894134ca0.
Sep 13, 2026 4:29:59 PM com.jme3.bullet.objects.PhysicsRigidBody rebuildRigidBody
INFORMATION: Created 17894133cb0.
Sep 13, 2026 4:29:59 PM com.jme3.bullet.objects.PhysicsRigidBody rebuildRigidBody
INFORMATION: Created 17894133fe0.
Sep 13, 2026 4:29:59 PM com.jme3.bullet.objects.PhysicsRigidBody rebuildRigidBody
INFORMATION: Created 17894134310.
Sep 13, 2026 4:29:59 PM com.jme3.bullet.objects.PhysicsRigidBody rebuildRigidBody
INFORMATION: Created 17894135fc0.
Sep 13, 2026 4:29:59 PM com.jme3.bullet.objects.PhysicsRigidBody rebuildRigidBody
INFORMATION: Created 17894136950.
Sep 13, 2026 4:29:59 PM com.jme3.bullet.objects.PhysicsRigidBody rebuildRigidBody
INFORMATION: Created 17894134640.
Sep 13, 2026 4:29:59 PM com.jme3.bullet.objects.PhysicsRigidBody rebuildRigidBody
INFORMATION: Created 17894134970.
Sep 13, 2026 4:29:59 PM com.jme3.bullet.objects.PhysicsRigidBody rebuildRigidBody
INFORMATION: Created 17893f34b60.
Sep 13, 2026 4:29:59 PM com.jme3.bullet.objects.PhysicsRigidBody rebuildRigidBody
INFORMATION: Created 17893f31b90.
Sep 13, 2026 4:29:59 PM com.jme3.bullet.objects.PhysicsRigidBody rebuildRigidBody
INFORMATION: Created 17893f31ec0.
Sep 13, 2026 4:29:59 PM com.jme3.bullet.objects.PhysicsRigidBody rebuildRigidBody
INFORMATION: Created 17893f34e90.
Sep 13, 2026 4:29:59 PM com.jme3.bullet.objects.PhysicsRigidBody rebuildRigidBody
INFORMATION: Created 17893f31200.
Sep 13, 2026 4:29:59 PM com.jme3.bullet.objects.PhysicsRigidBody rebuildRigidBody
INFORMATION: Created 17893f341d0.
Sep 13, 2026 4:29:59 PM com.jme3.bullet.objects.PhysicsRigidBody rebuildRigidBody
INFORMATION: Created 17893f31530.
Sep 13, 2026 4:29:59 PM com.jme3.bullet.objects.PhysicsRigidBody rebuildRigidBody
INFORMATION: Created 17893f32eb0.
Sep 13, 2026 4:29:59 PM com.jme3.bullet.objects.PhysicsRigidBody rebuildRigidBody
INFORMATION: Created 17893f351c0.
Sep 13, 2026 4:29:59 PM com.jme3.bullet.objects.PhysicsRigidBody rebuildRigidBody
INFORMATION: Created 17893f32520.
Sep 13, 2026 4:29:59 PM com.jme3.bullet.objects.PhysicsRigidBody rebuildRigidBody
INFORMATION: Created 17893f32850.
Sep 13, 2026 4:29:59 PM com.jme3.bullet.objects.PhysicsRigidBody rebuildRigidBody
INFORMATION: Created 17893f354f0.
Sep 13, 2026 4:29:59 PM com.jme3.bullet.objects.PhysicsRigidBody rebuildRigidBody
INFORMATION: Created 17893f32b80.
Sep 13, 2026 4:29:59 PM com.jme3.bullet.objects.PhysicsRigidBody rebuildRigidBody
INFORMATION: Created 17893f331e0.
Sep 13, 2026 4:29:59 PM com.jme3.bullet.objects.PhysicsRigidBody rebuildRigidBody
INFORMATION: Created 17893f33510.
Sep 13, 2026 4:29:59 PM com.jme3.bullet.objects.PhysicsRigidBody rebuildRigidBody
INFORMATION: Created 17893f321f0.
Sep 13, 2026 4:29:59 PM com.jme3.bullet.objects.PhysicsRigidBody rebuildRigidBody
INFORMATION: Created 17893f33840.
Sep 13, 2026 4:29:59 PM com.jme3.bullet.objects.PhysicsRigidBody rebuildRigidBody
INFORMATION: Created 17893f31860.
Sep 13, 2026 4:29:59 PM com.jme3.bullet.objects.PhysicsRigidBody rebuildRigidBody
INFORMATION: Created 17893f35b50.
Sep 13, 2026 4:29:59 PM com.jme3.bullet.objects.PhysicsRigidBody rebuildRigidBody
INFORMATION: Created 17893f33ea0.
Sep 13, 2026 4:29:59 PM com.jme3.bullet.objects.PhysicsRigidBody rebuildRigidBody
INFORMATION: Created 17893f36810.
Sep 13, 2026 4:29:59 PM com.jme3.bullet.objects.PhysicsRigidBody rebuildRigidBody
INFORMATION: Created 17893f35e80.
Sep 13, 2026 4:29:59 PM com.jme3.bullet.objects.PhysicsRigidBody rebuildRigidBody
INFORMATION: Created 17893f361b0.
Sep 13, 2026 4:29:59 PM com.jme3.bullet.objects.PhysicsRigidBody rebuildRigidBody
INFORMATION: Created 17893f35820.
Sep 13, 2026 4:29:59 PM com.jme3.bullet.objects.PhysicsRigidBody rebuildRigidBody
INFORMATION: Created 17893f33b70.
Sep 13, 2026 4:29:59 PM com.jme3.bullet.objects.PhysicsRigidBody rebuildRigidBody
INFORMATION: Created 17893f374d0.
Sep 13, 2026 4:29:59 PM com.jme3.bullet.objects.PhysicsRigidBody rebuildRigidBody
INFORMATION: Created 17893f37e60.
Sep 13, 2026 4:29:59 PM com.jme3.bullet.objects.PhysicsRigidBody rebuildRigidBody
INFORMATION: Created 17893f364e0.
Sep 13, 2026 4:29:59 PM com.jme3.bullet.objects.PhysicsRigidBody rebuildRigidBody
INFORMATION: Created 17893f36b40.
Sep 13, 2026 4:29:59 PM com.jme3.bullet.objects.PhysicsRigidBody rebuildRigidBody
INFORMATION: Created 17893f37800.
Sep 13, 2026 4:29:59 PM com.jme3.bullet.objects.PhysicsRigidBody rebuildRigidBody
INFORMATION: Created 17893f36e70.
Sep 13, 2026 4:29:59 PM com.jme3.bullet.objects.PhysicsRigidBody rebuildRigidBody
INFORMATION: Created 17893f371a0.
Sep 13, 2026 4:29:59 PM com.jme3.bullet.objects.PhysicsRigidBody rebuildRigidBody
INFORMATION: Created 17893f37b30.
Sep 13, 2026 4:29:59 PM com.jme3.bullet.objects.PhysicsRigidBody rebuildRigidBody
INFORMATION: Created 17893f38190.
Sep 13, 2026 4:29:59 PM com.jme3.bullet.objects.PhysicsRigidBody rebuildRigidBody
INFORMATION: Created 17893f34500.
Sep 13, 2026 4:29:59 PM com.jme3.bullet.objects.PhysicsRigidBody rebuildRigidBody
INFORMATION: Created 17893f384c0.
Sep 13, 2026 4:29:59 PM com.jme3.bullet.objects.PhysicsRigidBody rebuildRigidBody
INFORMATION: Created 17893f34830.
Sep 13, 2026 4:29:59 PM com.jme3.bullet.objects.PhysicsRigidBody rebuildRigidBody
INFORMATION: Created 17893f387f0.
Sep 13, 2026 4:29:59 PM com.jme3.bullet.objects.PhysicsRigidBody rebuildRigidBody
INFORMATION: Created 17893f38b20.
Sep 13, 2026 4:29:59 PM com.jme3.bullet.objects.PhysicsRigidBody rebuildRigidBody
INFORMATION: Created 17893f38e50.
Sep 13, 2026 4:29:59 PM com.jme3.bullet.objects.PhysicsRigidBody rebuildRigidBody
INFORMATION: Created 17894c12280.
Sep 13, 2026 4:29:59 PM com.jme3.bullet.objects.PhysicsRigidBody rebuildRigidBody
INFORMATION: Created 17894c105d0.
Sep 13, 2026 4:29:59 PM com.jme3.bullet.objects.PhysicsRigidBody rebuildRigidBody
INFORMATION: Created 17894c138d0.
Sep 13, 2026 4:29:59 PM com.jme3.bullet.objects.PhysicsRigidBody rebuildRigidBody
INFORMATION: Created 17894c10f60.
Sep 13, 2026 4:29:59 PM com.jme3.bullet.objects.PhysicsRigidBody rebuildRigidBody
INFORMATION: Created 17894c128e0.
Sep 13, 2026 4:29:59 PM com.jme3.bullet.objects.PhysicsRigidBody rebuildRigidBody
INFORMATION: Created 17894c11c20.
Sep 13, 2026 4:29:59 PM com.jme3.bullet.objects.PhysicsRigidBody rebuildRigidBody
INFORMATION: Created 17894c115c0.
Sep 13, 2026 4:29:59 PM com.jme3.bullet.objects.PhysicsRigidBody rebuildRigidBody
INFORMATION: Created 17894c125b0.
Sep 13, 2026 4:29:59 PM com.jme3.bullet.objects.PhysicsRigidBody rebuildRigidBody
INFORMATION: Created 17894c13c00.
Sep 13, 2026 4:29:59 PM com.jme3.bullet.objects.PhysicsRigidBody rebuildRigidBody
INFORMATION: Created 17894c118f0.
Sep 13, 2026 4:29:59 PM com.jme3.bullet.objects.PhysicsRigidBody rebuildRigidBody
INFORMATION: Created 17894c11f50.
Sep 13, 2026 4:29:59 PM com.jme3.bullet.objects.PhysicsRigidBody rebuildRigidBody
INFORMATION: Created 17894c13f30.
Sep 13, 2026 4:29:59 PM com.jme3.bullet.objects.PhysicsRigidBody rebuildRigidBody
INFORMATION: Created 17894c102a0.
Sep 13, 2026 4:29:59 PM com.jme3.bullet.objects.PhysicsRigidBody rebuildRigidBody
INFORMATION: Created 17894c135a0.
Sep 13, 2026 4:29:59 PM com.jme3.bullet.objects.PhysicsRigidBody rebuildRigidBody
INFORMATION: Created 17894c10900.
Sep 13, 2026 4:29:59 PM com.jme3.bullet.objects.PhysicsRigidBody rebuildRigidBody
INFORMATION: Created 17894c14260.
Sep 13, 2026 4:29:59 PM com.jme3.bullet.objects.PhysicsRigidBody rebuildRigidBody
INFORMATION: Created 17894c12c10.
Sep 13, 2026 4:29:59 PM com.jme3.bullet.objects.PhysicsRigidBody rebuildRigidBody
INFORMATION: Created 17894c12f40.
Sep 13, 2026 4:29:59 PM com.jme3.bullet.objects.PhysicsRigidBody rebuildRigidBody
INFORMATION: Created 17894c11290.
Sep 13, 2026 4:29:59 PM com.jme3.bullet.objects.PhysicsRigidBody rebuildRigidBody
INFORMATION: Created 17894c14590.
Sep 13, 2026 4:29:59 PM com.jme3.bullet.objects.PhysicsRigidBody rebuildRigidBody
INFORMATION: Created 17894c13270.
Sep 13, 2026 4:29:59 PM com.jme3.bullet.objects.PhysicsRigidBody rebuildRigidBody
INFORMATION: Created 17894c148c0.
Sep 13, 2026 4:29:59 PM com.jme3.bullet.objects.PhysicsRigidBody rebuildRigidBody
INFORMATION: Created 17894c10c30.
Sep 13, 2026 4:29:59 PM com.jme3.bullet.objects.PhysicsRigidBody rebuildRigidBody
INFORMATION: Created 17894c15f10.
Sep 13, 2026 4:29:59 PM com.jme3.bullet.objects.PhysicsRigidBody rebuildRigidBody
INFORMATION: Created 17894c15250.
Sep 13, 2026 4:29:59 PM com.jme3.bullet.objects.PhysicsRigidBody rebuildRigidBody
INFORMATION: Created 17894c158b0.
Sep 13, 2026 4:29:59 PM com.jme3.bullet.objects.PhysicsRigidBody rebuildRigidBody
INFORMATION: Created 17894c15be0.
Sep 13, 2026 4:29:59 PM com.jme3.bullet.objects.PhysicsRigidBody rebuildRigidBody
INFORMATION: Created 17894c15580.
Sep 13, 2026 4:29:59 PM com.jme3.bullet.objects.PhysicsRigidBody rebuildRigidBody
INFORMATION: Created 17894c14f20.
Sep 13, 2026 4:29:59 PM com.jme3.bullet.objects.PhysicsRigidBody rebuildRigidBody
INFORMATION: Created 17894c17230.
Sep 13, 2026 4:29:59 PM com.jme3.bullet.objects.PhysicsRigidBody rebuildRigidBody
INFORMATION: Created 17894c168a0.
Sep 13, 2026 4:29:59 PM com.jme3.bullet.objects.PhysicsRigidBody rebuildRigidBody
INFORMATION: Created 17894c16240.
Sep 13, 2026 4:29:59 PM com.jme3.bullet.objects.PhysicsRigidBody rebuildRigidBody
INFORMATION: Created 17894c14bf0.
Sep 13, 2026 4:29:59 PM com.jme3.bullet.objects.PhysicsRigidBody rebuildRigidBody
INFORMATION: Created 17894c1a200.
Sep 13, 2026 4:29:59 PM com.jme3.bullet.objects.PhysicsRigidBody rebuildRigidBody
INFORMATION: Created 17894c18550.
Sep 13, 2026 4:29:59 PM com.jme3.bullet.objects.PhysicsRigidBody rebuildRigidBody
INFORMATION: Created 17894c16f00.
Sep 13, 2026 4:29:59 PM com.jme3.bullet.objects.PhysicsRigidBody rebuildRigidBody
INFORMATION: Created 17894c16bd0.
Sep 13, 2026 4:29:59 PM com.jme3.bullet.objects.PhysicsRigidBody rebuildRigidBody
INFORMATION: Created 17894c16570.
Sep 13, 2026 4:29:59 PM com.jme3.bullet.objects.PhysicsRigidBody rebuildRigidBody
INFORMATION: Created 17894c19ed0.
Sep 13, 2026 4:29:59 PM com.jme3.bullet.objects.PhysicsRigidBody rebuildRigidBody
INFORMATION: Created 17894c1a860.
Sep 13, 2026 4:29:59 PM com.jme3.bullet.objects.PhysicsRigidBody rebuildRigidBody
INFORMATION: Created 17894c18880.
Sep 13, 2026 4:29:59 PM com.jme3.bullet.objects.PhysicsRigidBody rebuildRigidBody
INFORMATION: Created 17894c18220.
Sep 13, 2026 4:29:59 PM com.jme3.bullet.objects.PhysicsRigidBody rebuildRigidBody
INFORMATION: Created 17894c1ab90.
Sep 13, 2026 4:29:59 PM com.jme3.bullet.objects.PhysicsRigidBody rebuildRigidBody
INFORMATION: Created 17894c18bb0.
Sep 13, 2026 4:29:59 PM com.jme3.bullet.objects.PhysicsRigidBody rebuildRigidBody
INFORMATION: Created 17894c18ee0.
Sep 13, 2026 4:29:59 PM com.jme3.bullet.objects.PhysicsRigidBody rebuildRigidBody
INFORMATION: Created 17894c19210.
Sep 13, 2026 4:29:59 PM com.jme3.bullet.objects.PhysicsRigidBody rebuildRigidBody
INFORMATION: Created 17894c17bc0.
Sep 13, 2026 4:29:59 PM com.jme3.bullet.objects.PhysicsRigidBody rebuildRigidBody
INFORMATION: Created 17894c19540.
Sep 13, 2026 4:29:59 PM com.jme3.bullet.objects.PhysicsRigidBody rebuildRigidBody
INFORMATION: Created 17894c19ba0.
Sep 13, 2026 4:29:59 PM com.jme3.bullet.objects.PhysicsRigidBody rebuildRigidBody
INFORMATION: Created 17894c1b1f0.
Sep 13, 2026 4:29:59 PM com.jme3.bullet.objects.PhysicsRigidBody rebuildRigidBody
INFORMATION: Created 17894c17ef0.
Sep 13, 2026 4:29:59 PM com.jme3.bullet.objects.PhysicsRigidBody rebuildRigidBody
INFORMATION: Created 17894c1a530.
Sep 13, 2026 4:29:59 PM com.jme3.bullet.objects.PhysicsRigidBody rebuildRigidBody
INFORMATION: Created 17894c17560.
Sep 13, 2026 4:29:59 PM com.jme3.bullet.objects.PhysicsRigidBody rebuildRigidBody
INFORMATION: Created 17894c19870.
Sep 13, 2026 4:30:00 PM com.jme3.bullet.objects.PhysicsRigidBody rebuildRigidBody
INFORMATION: Created 17894c1aec0.
Sep 13, 2026 4:30:00 PM com.jme3.bullet.objects.PhysicsRigidBody rebuildRigidBody
INFORMATION: Created 17894c1b520.
Sep 13, 2026 4:30:00 PM com.jme3.bullet.objects.PhysicsRigidBody rebuildRigidBody
INFORMATION: Created 17894c17890.
Sep 13, 2026 4:30:00 PM com.jme3.anim.SkinningControl controlRender
INFORMATION: Hardware skinning engaged for Scene (Node)
Sep 13, 2026 4:30:00 PM com.jme3.anim.SkinningControl controlRender
INFORMATION: Hardware skinning engaged for Scene (Node)
Sep 13, 2026 4:30:00 PM com.jme3.anim.SkinningControl controlRender
INFORMATION: Hardware skinning engaged for Scene (Node)
Sep 13, 2026 4:30:00 PM com.jme3.anim.SkinningControl controlRender
INFORMATION: Hardware skinning engaged for Scene (Node)
Sep 13, 2026 4:30:00 PM com.jme3.anim.SkinningControl controlRender
INFORMATION: Hardware skinning engaged for Scene (Node)
Sep 13, 2026 4:30:00 PM com.jme3.anim.SkinningControl controlRender
INFORMATION: Hardware skinning engaged for Scene (Node)
Sep 13, 2026 4:30:00 PM com.jme3.anim.SkinningControl controlRender
INFORMATION: Hardware skinning engaged for Scene (Node)
[SMOKE] stage 7
Sep 13, 2026 4:30:02 PM com.jme3.bullet.objects.PhysicsRigidBody rebuildRigidBody
INFORMATION: Created 17894c1c840.
Sep 13, 2026 4:30:02 PM com.jme3.bullet.objects.PhysicsRigidBody rebuildRigidBody
INFORMATION: Created 17894c1cb70.
Sep 13, 2026 4:30:02 PM com.jme3.bullet.objects.PhysicsRigidBody rebuildRigidBody
INFORMATION: Created 17894c1b850.
Sep 13, 2026 4:30:02 PM com.jme3.bullet.objects.PhysicsRigidBody rebuildRigidBody
INFORMATION: Created 17894c1bb80.
Sep 13, 2026 4:30:02 PM com.jme3.bullet.objects.PhysicsRigidBody rebuildRigidBody
INFORMATION: Created 17894c1beb0.
Sep 13, 2026 4:30:02 PM com.jme3.bullet.objects.PhysicsRigidBody rebuildRigidBody
INFORMATION: Created 17894c1c1e0.
Sep 13, 2026 4:30:02 PM com.jme3.bullet.objects.PhysicsRigidBody rebuildRigidBody
INFORMATION: Created 17894c1c510.
Sep 13, 2026 4:30:02 PM com.jme3.bullet.objects.PhysicsRigidBody rebuildRigidBody
INFORMATION: Created 17894c1cea0.
Sep 13, 2026 4:30:02 PM com.jme3.bullet.objects.PhysicsRigidBody rebuildRigidBody
INFORMATION: Created 17894c1fb40.
Sep 13, 2026 4:30:02 PM com.jme3.bullet.objects.PhysicsRigidBody rebuildRigidBody
INFORMATION: Created 17894c1d500.
Sep 13, 2026 4:30:02 PM com.jme3.bullet.objects.PhysicsRigidBody rebuildRigidBody
INFORMATION: Created 17894c1de90.
Sep 13, 2026 4:30:02 PM com.jme3.bullet.objects.PhysicsRigidBody rebuildRigidBody
INFORMATION: Created 17894c1e4f0.
Sep 13, 2026 4:30:02 PM com.jme3.bullet.objects.PhysicsRigidBody rebuildRigidBody
INFORMATION: Created 17894c1fe70.
Sep 13, 2026 4:30:02 PM com.jme3.bullet.objects.PhysicsRigidBody rebuildRigidBody
INFORMATION: Created 17894c1f810.
Sep 13, 2026 4:30:02 PM com.jme3.bullet.objects.PhysicsRigidBody rebuildRigidBody
INFORMATION: Created 17894c1d1d0.
Sep 13, 2026 4:30:02 PM com.jme3.bullet.objects.PhysicsRigidBody rebuildRigidBody
INFORMATION: Created 17894c1ee80.
Sep 13, 2026 4:30:02 PM com.jme3.bullet.objects.PhysicsRigidBody rebuildRigidBody
INFORMATION: Created 17894c1e820.
Sep 13, 2026 4:30:02 PM com.jme3.bullet.objects.PhysicsRigidBody rebuildRigidBody
INFORMATION: Created 17894c1f4e0.
Sep 13, 2026 4:30:02 PM com.jme3.bullet.objects.PhysicsRigidBody rebuildRigidBody
INFORMATION: Created 17894c1d830.
Sep 13, 2026 4:30:02 PM com.jme3.bullet.objects.PhysicsRigidBody rebuildRigidBody
INFORMATION: Created 17894c1e1c0.
Sep 13, 2026 4:30:02 PM com.jme3.bullet.objects.PhysicsRigidBody rebuildRigidBody
INFORMATION: Created 17894c1db60.
Sep 13, 2026 4:30:02 PM com.jme3.bullet.objects.PhysicsRigidBody rebuildRigidBody
INFORMATION: Created 17894c1eb50.
Sep 13, 2026 4:30:02 PM com.jme3.bullet.objects.PhysicsRigidBody rebuildRigidBody
INFORMATION: Created 17894c1f1b0.
Sep 13, 2026 4:30:02 PM com.jme3.bullet.objects.PhysicsRigidBody rebuildRigidBody
INFORMATION: Created 178929332b0.
Sep 13, 2026 4:30:02 PM com.jme3.bullet.objects.PhysicsRigidBody rebuildRigidBody
INFORMATION: Created 17892932920.
Sep 13, 2026 4:30:02 PM com.jme3.bullet.objects.PhysicsRigidBody rebuildRigidBody
INFORMATION: Created 178929312d0.
Sep 13, 2026 4:30:02 PM com.jme3.bullet.objects.PhysicsRigidBody rebuildRigidBody
INFORMATION: Created 178929322c0.
Sep 13, 2026 4:30:02 PM com.jme3.bullet.objects.PhysicsRigidBody rebuildRigidBody
INFORMATION: Created 17892931c60.
Sep 13, 2026 4:30:02 PM com.jme3.bullet.objects.PhysicsRigidBody rebuildRigidBody
INFORMATION: Created 178929325f0.
Sep 13, 2026 4:30:02 PM com.jme3.bullet.objects.PhysicsRigidBody rebuildRigidBody
INFORMATION: Created 17892931600.
Sep 13, 2026 4:30:02 PM com.jme3.bullet.objects.PhysicsRigidBody rebuildRigidBody
INFORMATION: Created 17892932c50.
Sep 13, 2026 4:30:02 PM com.jme3.bullet.objects.PhysicsRigidBody rebuildRigidBody
INFORMATION: Created 17892931930.
Sep 13, 2026 4:30:02 PM com.jme3.bullet.objects.PhysicsRigidBody rebuildRigidBody
INFORMATION: Created 17892931f90.
Sep 13, 2026 4:30:02 PM com.jme3.bullet.objects.PhysicsRigidBody rebuildRigidBody
INFORMATION: Created 17892932f80.
Sep 13, 2026 4:30:02 PM com.jme3.bullet.objects.PhysicsRigidBody rebuildRigidBody
INFORMATION: Created 178929335e0.
Sep 13, 2026 4:30:02 PM com.jme3.bullet.objects.PhysicsRigidBody rebuildRigidBody
INFORMATION: Created 17892933910.
Sep 13, 2026 4:30:02 PM com.jme3.bullet.objects.PhysicsRigidBody rebuildRigidBody
INFORMATION: Created 17892933c40.
Sep 13, 2026 4:30:02 PM com.jme3.bullet.objects.PhysicsRigidBody rebuildRigidBody
INFORMATION: Created 17892930c70.
Sep 13, 2026 4:30:02 PM com.jme3.bullet.objects.PhysicsRigidBody rebuildRigidBody
INFORMATION: Created 17892930fa0.
Sep 13, 2026 4:30:02 PM com.jme3.bullet.objects.PhysicsRigidBody rebuildRigidBody
INFORMATION: Created 17892924070.
Sep 13, 2026 4:30:02 PM com.jme3.bullet.objects.PhysicsRigidBody rebuildRigidBody
INFORMATION: Created 178929246d0.
Sep 13, 2026 4:30:02 PM com.jme3.bullet.objects.PhysicsRigidBody rebuildRigidBody
INFORMATION: Created 17892925390.
Sep 13, 2026 4:30:02 PM com.jme3.bullet.objects.PhysicsRigidBody rebuildRigidBody
INFORMATION: Created 17892924a00.
Sep 13, 2026 4:30:02 PM com.jme3.bullet.objects.PhysicsRigidBody rebuildRigidBody
INFORMATION: Created 178929269e0.
Sep 13, 2026 4:30:02 PM com.jme3.bullet.objects.PhysicsRigidBody rebuildRigidBody
INFORMATION: Created 17892926050.
Sep 13, 2026 4:30:02 PM com.jme3.bullet.objects.PhysicsRigidBody rebuildRigidBody
INFORMATION: Created 17892926380.
Sep 13, 2026 4:30:02 PM com.jme3.bullet.objects.PhysicsRigidBody rebuildRigidBody
INFORMATION: Created 178929259f0.
Sep 13, 2026 4:30:02 PM com.jme3.bullet.objects.PhysicsRigidBody rebuildRigidBody
INFORMATION: Created 17892925d20.
Sep 13, 2026 4:30:02 PM com.jme3.bullet.objects.PhysicsRigidBody rebuildRigidBody
INFORMATION: Created 17892925060.
Sep 13, 2026 4:30:02 PM com.jme3.bullet.objects.PhysicsRigidBody rebuildRigidBody
INFORMATION: Created 178929276a0.
Sep 13, 2026 4:30:02 PM com.jme3.bullet.objects.PhysicsRigidBody rebuildRigidBody
INFORMATION: Created 178929266b0.
Sep 13, 2026 4:30:02 PM com.jme3.bullet.objects.PhysicsRigidBody rebuildRigidBody
INFORMATION: Created 178929256c0.
Sep 13, 2026 4:30:02 PM com.jme3.bullet.objects.PhysicsRigidBody rebuildRigidBody
INFORMATION: Created 17892926d10.
Sep 13, 2026 4:30:02 PM com.jme3.bullet.objects.PhysicsRigidBody rebuildRigidBody
INFORMATION: Created 178929279d0.
Sep 13, 2026 4:30:02 PM com.jme3.bullet.objects.PhysicsRigidBody rebuildRigidBody
INFORMATION: Created 17892924d30.
Sep 13, 2026 4:30:02 PM com.jme3.bullet.objects.PhysicsRigidBody rebuildRigidBody
INFORMATION: Created 17892927040.
Sep 13, 2026 4:30:02 PM com.jme3.bullet.objects.PhysicsRigidBody rebuildRigidBody
INFORMATION: Created 17892927370.
Sep 13, 2026 4:30:02 PM com.jme3.bullet.objects.PhysicsRigidBody rebuildRigidBody
INFORMATION: Created 178929243a0.
Sep 13, 2026 4:30:02 PM com.jme3.bullet.objects.PhysicsRigidBody rebuildRigidBody
INFORMATION: Created 17892928030.
Sep 13, 2026 4:30:02 PM com.jme3.bullet.objects.PhysicsRigidBody rebuildRigidBody
INFORMATION: Created 1789292acd0.
Sep 13, 2026 4:30:02 PM com.jme3.bullet.objects.PhysicsRigidBody rebuildRigidBody
INFORMATION: Created 17892928cf0.
Sep 13, 2026 4:30:02 PM com.jme3.bullet.objects.PhysicsRigidBody rebuildRigidBody
INFORMATION: Created 17892929020.
Sep 13, 2026 4:30:02 PM com.jme3.bullet.objects.PhysicsRigidBody rebuildRigidBody
INFORMATION: Created 17892928690.
Sep 13, 2026 4:30:02 PM com.jme3.bullet.objects.PhysicsRigidBody rebuildRigidBody
INFORMATION: Created 178929289c0.
Sep 13, 2026 4:30:02 PM com.jme3.bullet.objects.PhysicsRigidBody rebuildRigidBody
INFORMATION: Created 1789292b000.
Sep 13, 2026 4:30:02 PM com.jme3.bullet.objects.PhysicsRigidBody rebuildRigidBody
INFORMATION: Created 17892928360.
Sep 13, 2026 4:30:02 PM com.jme3.bullet.objects.PhysicsRigidBody rebuildRigidBody
INFORMATION: Created 17892929350.
Sep 13, 2026 4:30:02 PM com.jme3.bullet.objects.PhysicsRigidBody rebuildRigidBody
INFORMATION: Created 17892929680.
Sep 13, 2026 4:30:02 PM com.jme3.bullet.objects.PhysicsRigidBody rebuildRigidBody
INFORMATION: Created 1789292a670.
Sep 13, 2026 4:30:02 PM com.jme3.bullet.objects.PhysicsRigidBody rebuildRigidBody
INFORMATION: Created 17892929ce0.
Sep 13, 2026 4:30:02 PM com.jme3.bullet.objects.PhysicsRigidBody rebuildRigidBody
INFORMATION: Created 178929299b0.
Sep 13, 2026 4:30:02 PM com.jme3.bullet.objects.PhysicsRigidBody rebuildRigidBody
INFORMATION: Created 1789292b330.
Sep 13, 2026 4:30:02 PM com.jme3.bullet.objects.PhysicsRigidBody rebuildRigidBody
INFORMATION: Created 1789292a010.
Sep 13, 2026 4:30:02 PM com.jme3.bullet.objects.PhysicsRigidBody rebuildRigidBody
INFORMATION: Created 1789292a340.
Sep 13, 2026 4:30:02 PM com.jme3.bullet.objects.PhysicsRigidBody rebuildRigidBody
INFORMATION: Created 1789292a9a0.
Sep 13, 2026 4:30:02 PM com.jme3.bullet.objects.PhysicsRigidBody rebuildRigidBody
INFORMATION: Created 1789292b660.
Sep 13, 2026 4:30:02 PM com.jme3.bullet.objects.PhysicsRigidBody rebuildRigidBody
INFORMATION: Created 17892927d00.
Sep 13, 2026 4:30:02 PM com.jme3.bullet.objects.PhysicsRigidBody rebuildRigidBody
INFORMATION: Created 1789292f2f0.
Sep 13, 2026 4:30:02 PM com.jme3.bullet.objects.PhysicsRigidBody rebuildRigidBody
INFORMATION: Created 1789292d970.
Sep 13, 2026 4:30:02 PM com.jme3.bullet.objects.PhysicsRigidBody rebuildRigidBody
INFORMATION: Created 1789292b990.
Sep 13, 2026 4:30:02 PM com.jme3.bullet.objects.PhysicsRigidBody rebuildRigidBody
INFORMATION: Created 1789292bff0.
Sep 13, 2026 4:30:02 PM com.jme3.bullet.objects.PhysicsRigidBody rebuildRigidBody
INFORMATION: Created 1789292ec90.
Sep 13, 2026 4:30:02 PM com.jme3.bullet.objects.PhysicsRigidBody rebuildRigidBody
INFORMATION: Created 1789292ccb0.
Sep 13, 2026 4:30:02 PM com.jme3.bullet.objects.PhysicsRigidBody rebuildRigidBody
INFORMATION: Created 1789292cfe0.
Sep 13, 2026 4:30:02 PM com.jme3.bullet.objects.PhysicsRigidBody rebuildRigidBody
INFORMATION: Created 1789292d310.
Sep 13, 2026 4:30:02 PM com.jme3.bullet.objects.PhysicsRigidBody rebuildRigidBody
INFORMATION: Created 1789292d640.
Sep 13, 2026 4:30:02 PM com.jme3.bullet.objects.PhysicsRigidBody rebuildRigidBody
INFORMATION: Created 1789292efc0.
Sep 13, 2026 4:30:02 PM com.jme3.bullet.objects.PhysicsRigidBody rebuildRigidBody
INFORMATION: Created 1789292bcc0.
Sep 13, 2026 4:30:02 PM com.jme3.bullet.objects.PhysicsRigidBody rebuildRigidBody
INFORMATION: Created 1789292c650.
Sep 13, 2026 4:30:02 PM com.jme3.bullet.objects.PhysicsRigidBody rebuildRigidBody
INFORMATION: Created 1789292f620.
Sep 13, 2026 4:30:02 PM com.jme3.bullet.objects.PhysicsRigidBody rebuildRigidBody
INFORMATION: Created 1789292dca0.
Sep 13, 2026 4:30:02 PM com.jme3.bullet.objects.PhysicsRigidBody rebuildRigidBody
INFORMATION: Created 1789292e630.
Sep 13, 2026 4:30:02 PM com.jme3.bullet.objects.PhysicsRigidBody rebuildRigidBody
INFORMATION: Created 1789292e960.
Sep 13, 2026 4:30:02 PM com.jme3.bullet.objects.PhysicsRigidBody rebuildRigidBody
INFORMATION: Created 1789292dfd0.
Sep 13, 2026 4:30:02 PM com.jme3.bullet.objects.PhysicsRigidBody rebuildRigidBody
INFORMATION: Created 1789292c980.
Sep 13, 2026 4:30:02 PM com.jme3.bullet.objects.PhysicsRigidBody rebuildRigidBody
INFORMATION: Created 1789292fc80.
Sep 13, 2026 4:30:02 PM com.jme3.bullet.objects.PhysicsRigidBody rebuildRigidBody
INFORMATION: Created 1789292e300.
Sep 13, 2026 4:30:02 PM com.jme3.bullet.objects.PhysicsRigidBody rebuildRigidBody
INFORMATION: Created 1789292ffb0.
Sep 13, 2026 4:30:02 PM com.jme3.bullet.objects.PhysicsRigidBody rebuildRigidBody
INFORMATION: Created 1789292c320.
Sep 13, 2026 4:30:02 PM com.jme3.bullet.objects.PhysicsRigidBody rebuildRigidBody
INFORMATION: Created 178929302e0.
Sep 13, 2026 4:30:02 PM com.jme3.bullet.objects.PhysicsRigidBody rebuildRigidBody
INFORMATION: Created 17892930610.
Sep 13, 2026 4:30:02 PM com.jme3.bullet.objects.PhysicsRigidBody rebuildRigidBody
INFORMATION: Created 17892930940.
Sep 13, 2026 4:30:02 PM com.jme3.bullet.objects.PhysicsRigidBody rebuildRigidBody
INFORMATION: Created 178973f1990.
Sep 13, 2026 4:30:02 PM com.jme3.bullet.objects.PhysicsRigidBody rebuildRigidBody
INFORMATION: Created 178973f1660.
Sep 13, 2026 4:30:02 PM com.jme3.bullet.objects.PhysicsRigidBody rebuildRigidBody
INFORMATION: Created 178973f1cc0.
Sep 13, 2026 4:30:02 PM com.jme3.bullet.objects.PhysicsRigidBody rebuildRigidBody
INFORMATION: Created 178973f1330.
Sep 13, 2026 4:30:02 PM com.jme3.bullet.objects.PhysicsRigidBody rebuildRigidBody
INFORMATION: Created 178973f0cd0.
Sep 13, 2026 4:30:02 PM com.jme3.bullet.objects.PhysicsRigidBody rebuildRigidBody
INFORMATION: Created 178973f3310.
Sep 13, 2026 4:30:02 PM com.jme3.bullet.objects.PhysicsRigidBody rebuildRigidBody
INFORMATION: Created 178973f1ff0.
Sep 13, 2026 4:30:02 PM com.jme3.bullet.objects.PhysicsRigidBody rebuildRigidBody
INFORMATION: Created 178973f1000.
Sep 13, 2026 4:30:02 PM com.jme3.bullet.objects.PhysicsRigidBody rebuildRigidBody
INFORMATION: Created 178973f2320.
Sep 13, 2026 4:30:02 PM com.jme3.bullet.objects.PhysicsRigidBody rebuildRigidBody
INFORMATION: Created 178973f2650.
Sep 13, 2026 4:30:02 PM com.jme3.bullet.objects.PhysicsRigidBody rebuildRigidBody
INFORMATION: Created 178973f2980.
Sep 13, 2026 4:30:02 PM com.jme3.bullet.objects.PhysicsRigidBody rebuildRigidBody
INFORMATION: Created 178973f2cb0.
Sep 13, 2026 4:30:02 PM com.jme3.bullet.objects.PhysicsRigidBody rebuildRigidBody
INFORMATION: Created 178973f2fe0.
Sep 13, 2026 4:30:02 PM com.jme3.bullet.objects.PhysicsRigidBody rebuildRigidBody
INFORMATION: Created 178973f3640.
Sep 13, 2026 4:30:02 PM com.jme3.bullet.objects.PhysicsRigidBody rebuildRigidBody
INFORMATION: Created 178973f3970.
Sep 13, 2026 4:30:02 PM com.jme3.bullet.objects.PhysicsRigidBody rebuildRigidBody
INFORMATION: Created 178973f3ca0.
Sep 13, 2026 4:30:02 PM com.jme3.bullet.objects.PhysicsRigidBody rebuildRigidBody
INFORMATION: Created 178973e7700.
Sep 13, 2026 4:30:02 PM com.jme3.bullet.objects.PhysicsRigidBody rebuildRigidBody
INFORMATION: Created 178973e63e0.
Sep 13, 2026 4:30:02 PM com.jme3.bullet.objects.PhysicsRigidBody rebuildRigidBody
INFORMATION: Created 178973e7a30.
Sep 13, 2026 4:30:02 PM com.jme3.bullet.objects.PhysicsRigidBody rebuildRigidBody
INFORMATION: Created 178973e5d80.
Sep 13, 2026 4:30:02 PM com.jme3.bullet.objects.PhysicsRigidBody rebuildRigidBody
INFORMATION: Created 178973e60b0.
Sep 13, 2026 4:30:02 PM com.jme3.bullet.objects.PhysicsRigidBody rebuildRigidBody
INFORMATION: Created 178973e6d70.
Sep 13, 2026 4:30:02 PM com.jme3.bullet.objects.PhysicsRigidBody rebuildRigidBody
INFORMATION: Created 178973e6710.
Sep 13, 2026 4:30:02 PM com.jme3.bullet.objects.PhysicsRigidBody rebuildRigidBody
INFORMATION: Created 178973e50c0.
Sep 13, 2026 4:30:02 PM com.jme3.bullet.objects.PhysicsRigidBody rebuildRigidBody
INFORMATION: Created 178973e6a40.
Sep 13, 2026 4:30:02 PM com.jme3.bullet.objects.PhysicsRigidBody rebuildRigidBody
INFORMATION: Created 178973e70a0.
Sep 13, 2026 4:30:02 PM com.jme3.bullet.objects.PhysicsRigidBody rebuildRigidBody
INFORMATION: Created 178973e4d90.
Sep 13, 2026 4:30:02 PM com.jme3.bullet.objects.PhysicsRigidBody rebuildRigidBody
INFORMATION: Created 178973e4730.
Sep 13, 2026 4:30:02 PM com.jme3.bullet.objects.PhysicsRigidBody rebuildRigidBody
INFORMATION: Created 178973e73d0.
Sep 13, 2026 4:30:02 PM com.jme3.bullet.objects.PhysicsRigidBody rebuildRigidBody
INFORMATION: Created 178973e7d60.
Sep 13, 2026 4:30:02 PM com.jme3.bullet.objects.PhysicsRigidBody rebuildRigidBody
INFORMATION: Created 178973e53f0.
Sep 13, 2026 4:30:02 PM com.jme3.bullet.objects.PhysicsRigidBody rebuildRigidBody
INFORMATION: Created 178973e4a60.
Sep 13, 2026 4:30:02 PM com.jme3.bullet.objects.PhysicsRigidBody rebuildRigidBody
INFORMATION: Created 178973e40d0.
Sep 13, 2026 4:30:02 PM com.jme3.bullet.objects.PhysicsRigidBody rebuildRigidBody
INFORMATION: Created 178973e5720.
Sep 13, 2026 4:30:02 PM com.jme3.anim.SkinningControl controlRender
INFORMATION: Hardware skinning engaged for Scene (Node)
Sep 13, 2026 4:30:02 PM com.jme3.anim.SkinningControl controlRender
INFORMATION: Hardware skinning engaged for Scene (Node)
Sep 13, 2026 4:30:02 PM com.jme3.anim.SkinningControl controlRender
INFORMATION: Hardware skinning engaged for Scene (Node)
Sep 13, 2026 4:30:02 PM com.jme3.anim.SkinningControl controlRender
INFORMATION: Hardware skinning engaged for Scene (Node)
Sep 13, 2026 4:30:02 PM com.jme3.anim.SkinningControl controlRender
INFORMATION: Hardware skinning engaged for Scene (Node)
Sep 13, 2026 4:30:02 PM com.jme3.anim.SkinningControl controlRender
INFORMATION: Hardware skinning engaged for Scene (Node)
Sep 13, 2026 4:30:02 PM com.jme3.anim.SkinningControl controlRender
INFORMATION: Hardware skinning engaged for Scene (Node)
[SMOKE] stage 8
Sep 13, 2026 4:30:04 PM com.jme3.bullet.objects.PhysicsRigidBody rebuildRigidBody
INFORMATION: Created 178973e8090.
Sep 13, 2026 4:30:04 PM com.jme3.bullet.objects.PhysicsRigidBody rebuildRigidBody
INFORMATION: Created 178973e4400.
Sep 13, 2026 4:30:04 PM com.jme3.bullet.objects.PhysicsRigidBody rebuildRigidBody
INFORMATION: Created 178973e83c0.
Sep 13, 2026 4:30:04 PM com.jme3.bullet.objects.PhysicsRigidBody rebuildRigidBody
INFORMATION: Created 178973e86f0.
Sep 13, 2026 4:30:04 PM com.jme3.bullet.objects.PhysicsRigidBody rebuildRigidBody
INFORMATION: Created 178973e8a20.
Sep 13, 2026 4:30:04 PM com.jme3.bullet.objects.PhysicsRigidBody rebuildRigidBody
INFORMATION: Created 178973e9080.
Sep 13, 2026 4:30:04 PM com.jme3.bullet.objects.PhysicsRigidBody rebuildRigidBody
INFORMATION: Created 178973e8d50.
Sep 13, 2026 4:30:04 PM com.jme3.bullet.objects.PhysicsRigidBody rebuildRigidBody
INFORMATION: Created 178973e96e0.
Sep 13, 2026 4:30:04 PM com.jme3.bullet.objects.PhysicsRigidBody rebuildRigidBody
INFORMATION: Created 178973e93b0.
Sep 13, 2026 4:30:04 PM com.jme3.bullet.objects.PhysicsRigidBody rebuildRigidBody
INFORMATION: Created 178973e5a50.
Sep 13, 2026 4:30:04 PM com.jme3.bullet.objects.PhysicsRigidBody rebuildRigidBody
INFORMATION: Created 178973ed040.
Sep 13, 2026 4:30:04 PM com.jme3.bullet.objects.PhysicsRigidBody rebuildRigidBody
INFORMATION: Created 178973ed370.
Sep 13, 2026 4:30:04 PM com.jme3.bullet.objects.PhysicsRigidBody rebuildRigidBody
INFORMATION: Created 178973e9d40.
Sep 13, 2026 4:30:04 PM com.jme3.bullet.objects.PhysicsRigidBody rebuildRigidBody
INFORMATION: Created 178973ec9e0.
Sep 13, 2026 4:30:04 PM com.jme3.bullet.objects.PhysicsRigidBody rebuildRigidBody
INFORMATION: Created 178973ea070.
Sep 13, 2026 4:30:04 PM com.jme3.bullet.objects.PhysicsRigidBody rebuildRigidBody
INFORMATION: Created 178973ebd20.
Sep 13, 2026 4:30:04 PM com.jme3.bullet.objects.PhysicsRigidBody rebuildRigidBody
INFORMATION: Created 178973ea6d0.
Sep 13, 2026 4:30:04 PM com.jme3.bullet.objects.PhysicsRigidBody rebuildRigidBody
INFORMATION: Created 178973e9a10.
Sep 13, 2026 4:30:04 PM com.jme3.bullet.objects.PhysicsRigidBody rebuildRigidBody
INFORMATION: Created 178973ec6b0.
Sep 13, 2026 4:30:04 PM com.jme3.bullet.objects.PhysicsRigidBody rebuildRigidBody
INFORMATION: Created 178973ec380.
Sep 13, 2026 4:30:04 PM com.jme3.bullet.objects.PhysicsRigidBody rebuildRigidBody
INFORMATION: Created 178973ead30.
Sep 13, 2026 4:30:04 PM com.jme3.bullet.objects.PhysicsRigidBody rebuildRigidBody
INFORMATION: Created 178973eaa00.
Sep 13, 2026 4:30:04 PM com.jme3.bullet.objects.PhysicsRigidBody rebuildRigidBody
INFORMATION: Created 178973eb060.
Sep 13, 2026 4:30:04 PM com.jme3.bullet.objects.PhysicsRigidBody rebuildRigidBody
INFORMATION: Created 178973ed9d0.
Sep 13, 2026 4:30:04 PM com.jme3.bullet.objects.PhysicsRigidBody rebuildRigidBody
INFORMATION: Created 178973eb390.
Sep 13, 2026 4:30:04 PM com.jme3.bullet.objects.PhysicsRigidBody rebuildRigidBody
INFORMATION: Created 178973ed6a0.
Sep 13, 2026 4:30:04 PM com.jme3.bullet.objects.PhysicsRigidBody rebuildRigidBody
INFORMATION: Created 178973ecd10.
Sep 13, 2026 4:30:04 PM com.jme3.bullet.objects.PhysicsRigidBody rebuildRigidBody
INFORMATION: Created 178973eb6c0.
Sep 13, 2026 4:30:04 PM com.jme3.bullet.objects.PhysicsRigidBody rebuildRigidBody
INFORMATION: Created 178973eb9f0.
Sep 13, 2026 4:30:04 PM com.jme3.bullet.objects.PhysicsRigidBody rebuildRigidBody
INFORMATION: Created 178973edd00.
Sep 13, 2026 4:30:04 PM com.jme3.bullet.objects.PhysicsRigidBody rebuildRigidBody
INFORMATION: Created 178973ea3a0.
Sep 13, 2026 4:30:04 PM com.jme3.bullet.objects.PhysicsRigidBody rebuildRigidBody
INFORMATION: Created 178973ee030.
Sep 13, 2026 4:30:04 PM com.jme3.bullet.objects.PhysicsRigidBody rebuildRigidBody
INFORMATION: Created 178973ee360.
Sep 13, 2026 4:30:04 PM com.jme3.bullet.objects.PhysicsRigidBody rebuildRigidBody
INFORMATION: Created 178973ee690.
Sep 13, 2026 4:30:04 PM com.jme3.bullet.objects.PhysicsRigidBody rebuildRigidBody
INFORMATION: Created 178973eecf0.
Sep 13, 2026 4:30:04 PM com.jme3.bullet.objects.PhysicsRigidBody rebuildRigidBody
INFORMATION: Created 178973ef350.
Sep 13, 2026 4:30:04 PM com.jme3.bullet.objects.PhysicsRigidBody rebuildRigidBody
INFORMATION: Created 178973ef680.
Sep 13, 2026 4:30:04 PM com.jme3.bullet.objects.PhysicsRigidBody rebuildRigidBody
INFORMATION: Created 178973ee9c0.
Sep 13, 2026 4:30:04 PM com.jme3.bullet.objects.PhysicsRigidBody rebuildRigidBody
INFORMATION: Created 178973efce0.
Sep 13, 2026 4:30:04 PM com.jme3.bullet.objects.PhysicsRigidBody rebuildRigidBody
INFORMATION: Created 178973ef020.
Sep 13, 2026 4:30:04 PM com.jme3.bullet.objects.PhysicsRigidBody rebuildRigidBody
INFORMATION: Created 178973ef9b0.
Sep 13, 2026 4:30:04 PM com.jme3.bullet.objects.PhysicsRigidBody rebuildRigidBody
INFORMATION: Created 178973ec050.
Sep 13, 2026 4:30:04 PM com.jme3.bullet.objects.PhysicsRigidBody rebuildRigidBody
INFORMATION: Created 178973f0010.
Sep 13, 2026 4:30:04 PM com.jme3.bullet.objects.PhysicsRigidBody rebuildRigidBody
INFORMATION: Created 178973f0340.
Sep 13, 2026 4:30:04 PM com.jme3.bullet.objects.PhysicsRigidBody rebuildRigidBody
INFORMATION: Created 178973f0670.
Sep 13, 2026 4:30:04 PM com.jme3.bullet.objects.PhysicsRigidBody rebuildRigidBody
INFORMATION: Created 178973f09a0.
Sep 13, 2026 4:30:04 PM com.jme3.bullet.objects.PhysicsRigidBody rebuildRigidBody
INFORMATION: Created 17894d53f00.
Sep 13, 2026 4:30:04 PM com.jme3.bullet.objects.PhysicsRigidBody rebuildRigidBody
INFORMATION: Created 17894d518c0.
Sep 13, 2026 4:30:04 PM com.jme3.bullet.objects.PhysicsRigidBody rebuildRigidBody
INFORMATION: Created 17894d52250.
Sep 13, 2026 4:30:04 PM com.jme3.bullet.objects.PhysicsRigidBody rebuildRigidBody
INFORMATION: Created 17894d51bf0.
Sep 13, 2026 4:30:04 PM com.jme3.bullet.objects.PhysicsRigidBody rebuildRigidBody
INFORMATION: Created 17894d54bc0.
Sep 13, 2026 4:30:04 PM com.jme3.bullet.objects.PhysicsRigidBody rebuildRigidBody
INFORMATION: Created 17894d53240.
Sep 13, 2026 4:30:04 PM com.jme3.bullet.objects.PhysicsRigidBody rebuildRigidBody
INFORMATION: Created 17894d51590.
Sep 13, 2026 4:30:04 PM com.jme3.bullet.objects.PhysicsRigidBody rebuildRigidBody
INFORMATION: Created 17894d55bb0.
Sep 13, 2026 4:30:04 PM com.jme3.bullet.objects.PhysicsRigidBody rebuildRigidBody
INFORMATION: Created 17894d55220.
Sep 13, 2026 4:30:04 PM com.jme3.bullet.objects.PhysicsRigidBody rebuildRigidBody
INFORMATION: Created 17894d54890.
Sep 13, 2026 4:30:04 PM com.jme3.bullet.objects.PhysicsRigidBody rebuildRigidBody
INFORMATION: Created 17894d53570.
Sep 13, 2026 4:30:04 PM com.jme3.bullet.objects.PhysicsRigidBody rebuildRigidBody
INFORMATION: Created 17894d54560.
Sep 13, 2026 4:30:04 PM com.jme3.bullet.objects.PhysicsRigidBody rebuildRigidBody
INFORMATION: Created 17894d53bd0.
Sep 13, 2026 4:30:04 PM com.jme3.bullet.objects.PhysicsRigidBody rebuildRigidBody
INFORMATION: Created 17894d55880.
Sep 13, 2026 4:30:04 PM com.jme3.bullet.objects.PhysicsRigidBody rebuildRigidBody
INFORMATION: Created 17894d538a0.
Sep 13, 2026 4:30:04 PM com.jme3.bullet.objects.PhysicsRigidBody rebuildRigidBody
INFORMATION: Created 17894d54ef0.
Sep 13, 2026 4:30:04 PM com.jme3.bullet.objects.PhysicsRigidBody rebuildRigidBody
INFORMATION: Created 17894d55550.
Sep 13, 2026 4:30:04 PM com.jme3.bullet.objects.PhysicsRigidBody rebuildRigidBody
INFORMATION: Created 17894d51f20.
Sep 13, 2026 4:30:04 PM com.jme3.bullet.objects.PhysicsRigidBody rebuildRigidBody
INFORMATION: Created 17894d55ee0.
Sep 13, 2026 4:30:04 PM com.jme3.bullet.objects.PhysicsRigidBody rebuildRigidBody
INFORMATION: Created 17894d54230.
Sep 13, 2026 4:30:04 PM com.jme3.bullet.objects.PhysicsRigidBody rebuildRigidBody
INFORMATION: Created 17894d56210.
Sep 13, 2026 4:30:04 PM com.jme3.bullet.objects.PhysicsRigidBody rebuildRigidBody
INFORMATION: Created 17894d52580.
Sep 13, 2026 4:30:04 PM com.jme3.bullet.objects.PhysicsRigidBody rebuildRigidBody
INFORMATION: Created 17894d56540.
Sep 13, 2026 4:30:04 PM com.jme3.bullet.objects.PhysicsRigidBody rebuildRigidBody
INFORMATION: Created 17894d528b0.
Sep 13, 2026 4:30:04 PM com.jme3.bullet.objects.PhysicsRigidBody rebuildRigidBody
INFORMATION: Created 17894d56870.
Sep 13, 2026 4:30:04 PM com.jme3.bullet.objects.PhysicsRigidBody rebuildRigidBody
INFORMATION: Created 17894d52f10.
Sep 13, 2026 4:30:04 PM com.jme3.bullet.objects.PhysicsRigidBody rebuildRigidBody
INFORMATION: Created 17894d52be0.
Sep 13, 2026 4:30:04 PM com.jme3.bullet.objects.PhysicsRigidBody rebuildRigidBody
INFORMATION: Created 17894d57860.
Sep 13, 2026 4:30:04 PM com.jme3.bullet.objects.PhysicsRigidBody rebuildRigidBody
INFORMATION: Created 17894d58eb0.
Sep 13, 2026 4:30:04 PM com.jme3.bullet.objects.PhysicsRigidBody rebuildRigidBody
INFORMATION: Created 17894d59ea0.
Sep 13, 2026 4:30:04 PM com.jme3.bullet.objects.PhysicsRigidBody rebuildRigidBody
INFORMATION: Created 17894d57b90.
Sep 13, 2026 4:30:04 PM com.jme3.bullet.objects.PhysicsRigidBody rebuildRigidBody
INFORMATION: Created 17894d57ec0.
Sep 13, 2026 4:30:04 PM com.jme3.bullet.objects.PhysicsRigidBody rebuildRigidBody
INFORMATION: Created 17894d5a1d0.
Sep 13, 2026 4:30:04 PM com.jme3.bullet.objects.PhysicsRigidBody rebuildRigidBody
INFORMATION: Created 17894d58520.
Sep 13, 2026 4:30:04 PM com.jme3.bullet.objects.PhysicsRigidBody rebuildRigidBody
INFORMATION: Created 17894d581f0.
Sep 13, 2026 4:30:04 PM com.jme3.bullet.objects.PhysicsRigidBody rebuildRigidBody
INFORMATION: Created 17894d56ed0.
Sep 13, 2026 4:30:04 PM com.jme3.bullet.objects.PhysicsRigidBody rebuildRigidBody
INFORMATION: Created 17894d59840.
Sep 13, 2026 4:30:04 PM com.jme3.bullet.objects.PhysicsRigidBody rebuildRigidBody
INFORMATION: Created 17894d58850.
Sep 13, 2026 4:30:04 PM com.jme3.bullet.objects.PhysicsRigidBody rebuildRigidBody
INFORMATION: Created 17894d58b80.
Sep 13, 2026 4:30:04 PM com.jme3.bullet.objects.PhysicsRigidBody rebuildRigidBody
INFORMATION: Created 17894d56ba0.
Sep 13, 2026 4:30:04 PM com.jme3.bullet.objects.PhysicsRigidBody rebuildRigidBody
INFORMATION: Created 17894d591e0.
Sep 13, 2026 4:30:04 PM com.jme3.bullet.objects.PhysicsRigidBody rebuildRigidBody
INFORMATION: Created 17894d59510.
Sep 13, 2026 4:30:04 PM com.jme3.bullet.objects.PhysicsRigidBody rebuildRigidBody
INFORMATION: Created 17894d59b70.
Sep 13, 2026 4:30:04 PM com.jme3.bullet.objects.PhysicsRigidBody rebuildRigidBody
INFORMATION: Created 17894d57530.
Sep 13, 2026 4:30:04 PM com.jme3.bullet.objects.PhysicsRigidBody rebuildRigidBody
INFORMATION: Created 17894d5a830.
Sep 13, 2026 4:30:04 PM com.jme3.bullet.objects.PhysicsRigidBody rebuildRigidBody
INFORMATION: Created 17894d5a500.
Sep 13, 2026 4:30:04 PM com.jme3.bullet.objects.PhysicsRigidBody rebuildRigidBody
INFORMATION: Created 17894d5ab60.
Sep 13, 2026 4:30:04 PM com.jme3.bullet.objects.PhysicsRigidBody rebuildRigidBody
INFORMATION: Created 17894d5ae90.
Sep 13, 2026 4:30:04 PM com.jme3.bullet.objects.PhysicsRigidBody rebuildRigidBody
INFORMATION: Created 17894d57200.
Sep 13, 2026 4:30:04 PM com.jme3.bullet.objects.PhysicsRigidBody rebuildRigidBody
INFORMATION: Created 17894d5b1c0.
Sep 13, 2026 4:30:04 PM com.jme3.bullet.objects.PhysicsRigidBody rebuildRigidBody
INFORMATION: Created 17894d5b4f0.
Sep 13, 2026 4:30:04 PM com.jme3.bullet.objects.PhysicsRigidBody rebuildRigidBody
INFORMATION: Created 17894d5bb50.
Sep 13, 2026 4:30:04 PM com.jme3.bullet.objects.PhysicsRigidBody rebuildRigidBody
INFORMATION: Created 17894d5b820.
Sep 13, 2026 4:30:04 PM com.jme3.bullet.objects.PhysicsRigidBody rebuildRigidBody
INFORMATION: Created 17894d5de60.
Sep 13, 2026 4:30:04 PM com.jme3.bullet.objects.PhysicsRigidBody rebuildRigidBody
INFORMATION: Created 17894d5d4d0.
Sep 13, 2026 4:30:04 PM com.jme3.bullet.objects.PhysicsRigidBody rebuildRigidBody
INFORMATION: Created 17894d5be80.
Sep 13, 2026 4:30:04 PM com.jme3.bullet.objects.PhysicsRigidBody rebuildRigidBody
INFORMATION: Created 17894d5c1b0.
Sep 13, 2026 4:30:04 PM com.jme3.bullet.objects.PhysicsRigidBody rebuildRigidBody
INFORMATION: Created 17894d5c4e0.
Sep 13, 2026 4:30:04 PM com.jme3.bullet.objects.PhysicsRigidBody rebuildRigidBody
INFORMATION: Created 17894d5c810.
Sep 13, 2026 4:30:04 PM com.jme3.bullet.objects.PhysicsRigidBody rebuildRigidBody
INFORMATION: Created 17894d5cb40.
Sep 13, 2026 4:30:04 PM com.jme3.bullet.objects.PhysicsRigidBody rebuildRigidBody
INFORMATION: Created 17894d5ce70.
Sep 13, 2026 4:30:04 PM com.jme3.bullet.objects.PhysicsRigidBody rebuildRigidBody
INFORMATION: Created 17894d5d1a0.
Sep 13, 2026 4:30:04 PM com.jme3.bullet.objects.PhysicsRigidBody rebuildRigidBody
INFORMATION: Created 17894d5d800.
Sep 13, 2026 4:30:04 PM com.jme3.bullet.objects.PhysicsRigidBody rebuildRigidBody
INFORMATION: Created 17894d5db30.
Sep 13, 2026 4:30:04 PM com.jme3.bullet.objects.PhysicsRigidBody rebuildRigidBody
INFORMATION: Created 17894d61af0.
Sep 13, 2026 4:30:04 PM com.jme3.bullet.objects.PhysicsRigidBody rebuildRigidBody
INFORMATION: Created 17894d5e4c0.
Sep 13, 2026 4:30:04 PM com.jme3.bullet.objects.PhysicsRigidBody rebuildRigidBody
INFORMATION: Created 17894d61160.
Sep 13, 2026 4:30:04 PM com.jme3.bullet.objects.PhysicsRigidBody rebuildRigidBody
INFORMATION: Created 17894d5e7f0.
Sep 13, 2026 4:30:04 PM com.jme3.bullet.objects.PhysicsRigidBody rebuildRigidBody
INFORMATION: Created 17894d604a0.
Sep 13, 2026 4:30:04 PM com.jme3.bullet.objects.PhysicsRigidBody rebuildRigidBody
INFORMATION: Created 17894d5ee50.
Sep 13, 2026 4:30:04 PM com.jme3.bullet.objects.PhysicsRigidBody rebuildRigidBody
INFORMATION: Created 17894d5e190.
Sep 13, 2026 4:30:04 PM com.jme3.bullet.objects.PhysicsRigidBody rebuildRigidBody
INFORMATION: Created 17894d60e30.
Sep 13, 2026 4:30:04 PM com.jme3.bullet.objects.PhysicsRigidBody rebuildRigidBody
INFORMATION: Created 17894d60b00.
Sep 13, 2026 4:30:04 PM com.jme3.bullet.objects.PhysicsRigidBody rebuildRigidBody
INFORMATION: Created 17894d5fe40.
Sep 13, 2026 4:30:04 PM com.jme3.bullet.objects.PhysicsRigidBody rebuildRigidBody
INFORMATION: Created 17894d617c0.
Sep 13, 2026 4:30:04 PM com.jme3.bullet.objects.PhysicsRigidBody rebuildRigidBody
INFORMATION: Created 17894d61e20.
Sep 13, 2026 4:30:04 PM com.jme3.bullet.objects.PhysicsRigidBody rebuildRigidBody
INFORMATION: Created 17894d62150.
Sep 13, 2026 4:30:04 PM com.jme3.bullet.objects.PhysicsRigidBody rebuildRigidBody
INFORMATION: Created 17894d5f180.
Sep 13, 2026 4:30:04 PM com.jme3.bullet.objects.PhysicsRigidBody rebuildRigidBody
INFORMATION: Created 17894d627b0.
Sep 13, 2026 4:30:04 PM com.jme3.bullet.objects.PhysicsRigidBody rebuildRigidBody
INFORMATION: Created 17894d61490.
Sep 13, 2026 4:30:04 PM com.jme3.bullet.objects.PhysicsRigidBody rebuildRigidBody
INFORMATION: Created 17894d60170.
Sep 13, 2026 4:30:04 PM com.jme3.bullet.objects.PhysicsRigidBody rebuildRigidBody
INFORMATION: Created 17894d5f4b0.
Sep 13, 2026 4:30:04 PM com.jme3.bullet.objects.PhysicsRigidBody rebuildRigidBody
INFORMATION: Created 17894d62480.
Sep 13, 2026 4:30:04 PM com.jme3.bullet.objects.PhysicsRigidBody rebuildRigidBody
INFORMATION: Created 17894d5eb20.
Sep 13, 2026 4:30:04 PM com.jme3.bullet.objects.PhysicsRigidBody rebuildRigidBody
INFORMATION: Created 17894d62ae0.
Sep 13, 2026 4:30:04 PM com.jme3.bullet.objects.PhysicsRigidBody rebuildRigidBody
INFORMATION: Created 17894d607d0.
Sep 13, 2026 4:30:04 PM com.jme3.bullet.objects.PhysicsRigidBody rebuildRigidBody
INFORMATION: Created 17894d62e10.
Sep 13, 2026 4:30:04 PM com.jme3.bullet.objects.PhysicsRigidBody rebuildRigidBody
INFORMATION: Created 17894d63140.
Sep 13, 2026 4:30:04 PM com.jme3.bullet.objects.PhysicsRigidBody rebuildRigidBody
INFORMATION: Created 17894d63470.
Sep 13, 2026 4:30:04 PM com.jme3.bullet.objects.PhysicsRigidBody rebuildRigidBody
INFORMATION: Created 17894d5f7e0.
Sep 13, 2026 4:30:04 PM com.jme3.bullet.objects.PhysicsRigidBody rebuildRigidBody
INFORMATION: Created 17894d637a0.
Sep 13, 2026 4:30:04 PM com.jme3.bullet.objects.PhysicsRigidBody rebuildRigidBody
INFORMATION: Created 17894d5fb10.
Sep 13, 2026 4:30:04 PM com.jme3.bullet.objects.PhysicsRigidBody rebuildRigidBody
INFORMATION: Created 17894d63ad0.
Sep 13, 2026 4:30:04 PM com.jme3.bullet.objects.PhysicsRigidBody rebuildRigidBody
INFORMATION: Created 17894d63e00.
Sep 13, 2026 4:30:04 PM com.jme3.bullet.objects.PhysicsRigidBody rebuildRigidBody
INFORMATION: Created 17894d64130.
Sep 13, 2026 4:30:04 PM com.jme3.bullet.objects.PhysicsRigidBody rebuildRigidBody
INFORMATION: Created 17894d64460.
Sep 13, 2026 4:30:04 PM com.jme3.bullet.objects.PhysicsRigidBody rebuildRigidBody
INFORMATION: Created 17894d45fe0.
Sep 13, 2026 4:30:04 PM com.jme3.bullet.objects.PhysicsRigidBody rebuildRigidBody
INFORMATION: Created 17894d46ca0.
Sep 13, 2026 4:30:05 PM com.jme3.bullet.objects.PhysicsRigidBody rebuildRigidBody
INFORMATION: Created 1789412a6e0.
Sep 13, 2026 4:30:05 PM com.jme3.bullet.objects.PhysicsRigidBody rebuildRigidBody
INFORMATION: Created 1789412dd10.
Sep 13, 2026 4:30:05 PM com.jme3.bullet.objects.PhysicsRigidBody rebuildRigidBody
INFORMATION: Created 1789412c6c0.
Sep 13, 2026 4:30:05 PM com.jme3.bullet.objects.PhysicsRigidBody rebuildRigidBody
INFORMATION: Created 1789412c060.
Sep 13, 2026 4:30:05 PM com.jme3.bullet.objects.PhysicsRigidBody rebuildRigidBody
INFORMATION: Created 1789412d9e0.
Sep 13, 2026 4:30:05 PM com.jme3.bullet.objects.PhysicsRigidBody rebuildRigidBody
INFORMATION: Created 1789412c390.
Sep 13, 2026 4:30:05 PM com.jme3.bullet.objects.PhysicsRigidBody rebuildRigidBody
INFORMATION: Created 1789412c9f0.
Sep 13, 2026 4:30:05 PM com.jme3.bullet.objects.PhysicsRigidBody rebuildRigidBody
INFORMATION: Created 1789412aa10.
Sep 13, 2026 4:30:05 PM com.jme3.bullet.objects.PhysicsRigidBody rebuildRigidBody
INFORMATION: Created 1789412cd20.
Sep 13, 2026 4:30:05 PM com.jme3.anim.SkinningControl controlRender
INFORMATION: Hardware skinning engaged for Scene (Node)
Sep 13, 2026 4:30:05 PM com.jme3.anim.SkinningControl controlRender
INFORMATION: Hardware skinning engaged for Scene (Node)
Sep 13, 2026 4:30:05 PM com.jme3.anim.SkinningControl controlRender
INFORMATION: Hardware skinning engaged for Scene (Node)
Sep 13, 2026 4:30:05 PM com.jme3.anim.SkinningControl controlRender
INFORMATION: Hardware skinning engaged for Scene (Node)
Sep 13, 2026 4:30:05 PM com.jme3.anim.SkinningControl controlRender
INFORMATION: Hardware skinning engaged for Scene (Node)
Sep 13, 2026 4:30:05 PM com.jme3.anim.SkinningControl controlRender
INFORMATION: Hardware skinning engaged for Scene (Node)
Sep 13, 2026 4:30:05 PM com.jme3.anim.SkinningControl controlRender
INFORMATION: Hardware skinning engaged for Scene (Node)
[SMOKE] stage 9
Sep 13, 2026 4:30:07 PM com.jme3.bullet.objects.PhysicsRigidBody rebuildRigidBody
INFORMATION: Created 1789412e370.
Sep 13, 2026 4:30:07 PM com.jme3.bullet.objects.PhysicsRigidBody rebuildRigidBody
INFORMATION: Created 1789412b6d0.
Sep 13, 2026 4:30:07 PM com.jme3.bullet.objects.PhysicsRigidBody rebuildRigidBody
INFORMATION: Created 1789412bd30.
Sep 13, 2026 4:30:07 PM com.jme3.bullet.objects.PhysicsRigidBody rebuildRigidBody
INFORMATION: Created 1789412d050.
Sep 13, 2026 4:30:07 PM com.jme3.bullet.objects.PhysicsRigidBody rebuildRigidBody
INFORMATION: Created 1789412ad40.
Sep 13, 2026 4:30:07 PM com.jme3.bullet.objects.PhysicsRigidBody rebuildRigidBody
INFORMATION: Created 1789412d380.
Sep 13, 2026 4:30:07 PM com.jme3.bullet.objects.PhysicsRigidBody rebuildRigidBody
INFORMATION: Created 1789412e6a0.
Sep 13, 2026 4:30:07 PM com.jme3.bullet.objects.PhysicsRigidBody rebuildRigidBody
INFORMATION: Created 1789412e9d0.
Sep 13, 2026 4:30:07 PM com.jme3.bullet.objects.PhysicsRigidBody rebuildRigidBody
INFORMATION: Created 1789412ed00.
Sep 13, 2026 4:30:07 PM com.jme3.bullet.objects.PhysicsRigidBody rebuildRigidBody
INFORMATION: Created 1789412b070.
Sep 13, 2026 4:30:07 PM com.jme3.bullet.objects.PhysicsRigidBody rebuildRigidBody
INFORMATION: Created 17894132660.
Sep 13, 2026 4:30:07 PM com.jme3.bullet.objects.PhysicsRigidBody rebuildRigidBody
INFORMATION: Created 1789412f9c0.
Sep 13, 2026 4:30:07 PM com.jme3.bullet.objects.PhysicsRigidBody rebuildRigidBody
INFORMATION: Created 17894131670.
Sep 13, 2026 4:30:07 PM com.jme3.bullet.objects.PhysicsRigidBody rebuildRigidBody
INFORMATION: Created 1789412f360.
Sep 13, 2026 4:30:07 PM com.jme3.bullet.objects.PhysicsRigidBody rebuildRigidBody
INFORMATION: Created 17894131cd0.
Sep 13, 2026 4:30:07 PM com.jme3.bullet.objects.PhysicsRigidBody rebuildRigidBody
INFORMATION: Created 17894130350.
Sep 13, 2026 4:30:07 PM com.jme3.bullet.objects.PhysicsRigidBody rebuildRigidBody
INFORMATION: Created 17894130680.
Sep 13, 2026 4:30:07 PM com.jme3.bullet.objects.PhysicsRigidBody rebuildRigidBody
INFORMATION: Created 17894132990.
Sep 13, 2026 4:30:07 PM com.jme3.bullet.objects.PhysicsRigidBody rebuildRigidBody
INFORMATION: Created 17894131010.
Sep 13, 2026 4:30:07 PM com.jme3.bullet.objects.PhysicsRigidBody rebuildRigidBody
INFORMATION: Created 178941309b0.
Sep 13, 2026 4:30:07 PM com.jme3.bullet.objects.PhysicsRigidBody rebuildRigidBody
INFORMATION: Created 17894131340.
Sep 13, 2026 4:30:07 PM com.jme3.bullet.objects.PhysicsRigidBody rebuildRigidBody
INFORMATION: Created 17894132cc0.
Sep 13, 2026 4:30:07 PM com.jme3.bullet.objects.PhysicsRigidBody rebuildRigidBody
INFORMATION: Created 1789412f030.
Sep 13, 2026 4:30:07 PM com.jme3.bullet.objects.PhysicsRigidBody rebuildRigidBody
INFORMATION: Created 17894132000.
Sep 13, 2026 4:30:07 PM com.jme3.bullet.objects.PhysicsRigidBody rebuildRigidBody
INFORMATION: Created 17894130ce0.
Sep 13, 2026 4:30:07 PM com.jme3.bullet.objects.PhysicsRigidBody rebuildRigidBody
INFORMATION: Created 17894132330.
Sep 13, 2026 4:30:07 PM com.jme3.bullet.objects.PhysicsRigidBody rebuildRigidBody
INFORMATION: Created 17894132ff0.
Sep 13, 2026 4:30:07 PM com.jme3.bullet.objects.PhysicsRigidBody rebuildRigidBody
INFORMATION: Created 17894130020.
Sep 13, 2026 4:30:07 PM com.jme3.bullet.objects.PhysicsRigidBody rebuildRigidBody
INFORMATION: Created 17894133320.
Sep 13, 2026 4:30:07 PM com.jme3.bullet.objects.PhysicsRigidBody rebuildRigidBody
INFORMATION: Created 1789412f690.
Sep 13, 2026 4:30:07 PM com.jme3.bullet.objects.PhysicsRigidBody rebuildRigidBody
INFORMATION: Created 178941319a0.
Sep 13, 2026 4:30:07 PM com.jme3.bullet.objects.PhysicsRigidBody rebuildRigidBody
INFORMATION: Created 17894133650.
Sep 13, 2026 4:30:07 PM com.jme3.bullet.objects.PhysicsRigidBody rebuildRigidBody
INFORMATION: Created 17894133980.
Sep 13, 2026 4:30:07 PM com.jme3.bullet.objects.PhysicsRigidBody rebuildRigidBody
INFORMATION: Created 1789412fcf0.
Sep 13, 2026 4:30:07 PM com.jme3.bullet.objects.PhysicsRigidBody rebuildRigidBody
INFORMATION: Created 17894135960.
Sep 13, 2026 4:30:07 PM com.jme3.bullet.objects.PhysicsRigidBody rebuildRigidBody
INFORMATION: Created 17894133cb0.
Sep 13, 2026 4:30:07 PM com.jme3.bullet.objects.PhysicsRigidBody rebuildRigidBody
INFORMATION: Created 17894136950.
Sep 13, 2026 4:30:07 PM com.jme3.bullet.objects.PhysicsRigidBody rebuildRigidBody
INFORMATION: Created 17894135300.
Sep 13, 2026 4:30:07 PM com.jme3.bullet.objects.PhysicsRigidBody rebuildRigidBody
INFORMATION: Created 17894133fe0.
Sep 13, 2026 4:30:07 PM com.jme3.bullet.objects.PhysicsRigidBody rebuildRigidBody
INFORMATION: Created 17894134310.
Sep 13, 2026 4:30:07 PM com.jme3.bullet.objects.PhysicsRigidBody rebuildRigidBody
INFORMATION: Created 17894134fd0.
Sep 13, 2026 4:30:07 PM com.jme3.bullet.objects.PhysicsRigidBody rebuildRigidBody
INFORMATION: Created 17894134640.
Sep 13, 2026 4:30:07 PM com.jme3.bullet.objects.PhysicsRigidBody rebuildRigidBody
INFORMATION: Created 178941362f0.
Sep 13, 2026 4:30:07 PM com.jme3.bullet.objects.PhysicsRigidBody rebuildRigidBody
INFORMATION: Created 17894134970.
Sep 13, 2026 4:30:07 PM com.jme3.bullet.objects.PhysicsRigidBody rebuildRigidBody
INFORMATION: Created 17894134ca0.
Sep 13, 2026 4:30:07 PM com.jme3.bullet.objects.PhysicsRigidBody rebuildRigidBody
INFORMATION: Created 17894135630.
Sep 13, 2026 4:30:07 PM com.jme3.bullet.objects.PhysicsRigidBody rebuildRigidBody
INFORMATION: Created 17894135c90.
Sep 13, 2026 4:30:07 PM com.jme3.bullet.objects.PhysicsRigidBody rebuildRigidBody
INFORMATION: Created 17894135fc0.
Sep 13, 2026 4:30:07 PM com.jme3.bullet.objects.PhysicsRigidBody rebuildRigidBody
INFORMATION: Created 17894138f90.
Sep 13, 2026 4:30:07 PM com.jme3.bullet.objects.PhysicsRigidBody rebuildRigidBody
INFORMATION: Created 17894138930.
Sep 13, 2026 4:30:07 PM com.jme3.bullet.objects.PhysicsRigidBody rebuildRigidBody
INFORMATION: Created 17894137940.
Sep 13, 2026 4:30:07 PM com.jme3.bullet.objects.PhysicsRigidBody rebuildRigidBody
INFORMATION: Created 17894139920.
Sep 13, 2026 4:30:07 PM com.jme3.bullet.objects.PhysicsRigidBody rebuildRigidBody
INFORMATION: Created 17894139c50.
Sep 13, 2026 4:30:07 PM com.jme3.bullet.objects.PhysicsRigidBody rebuildRigidBody
INFORMATION: Created 178941392c0.
Sep 13, 2026 4:30:07 PM com.jme3.bullet.objects.PhysicsRigidBody rebuildRigidBody
INFORMATION: Created 17894139f80.
Sep 13, 2026 4:30:07 PM com.jme3.bullet.objects.PhysicsRigidBody rebuildRigidBody
INFORMATION: Created 1789413a2b0.
Sep 13, 2026 4:30:07 PM com.jme3.bullet.objects.PhysicsRigidBody rebuildRigidBody
INFORMATION: Created 17894137fa0.
Sep 13, 2026 4:30:07 PM com.jme3.bullet.objects.PhysicsRigidBody rebuildRigidBody
INFORMATION: Created 178941395f0.
Sep 13, 2026 4:30:07 PM com.jme3.bullet.objects.PhysicsRigidBody rebuildRigidBody
INFORMATION: Created 1789413a5e0.
Sep 13, 2026 4:30:07 PM com.jme3.bullet.objects.PhysicsRigidBody rebuildRigidBody
INFORMATION: Created 178941382d0.
Sep 13, 2026 4:30:07 PM com.jme3.bullet.objects.PhysicsRigidBody rebuildRigidBody
INFORMATION: Created 17894138600.
Sep 13, 2026 4:30:07 PM com.jme3.bullet.objects.PhysicsRigidBody rebuildRigidBody
INFORMATION: Created 1789413a910.
Sep 13, 2026 4:30:07 PM com.jme3.bullet.objects.PhysicsRigidBody rebuildRigidBody
INFORMATION: Created 17894136c80.
Sep 13, 2026 4:30:07 PM com.jme3.bullet.objects.PhysicsRigidBody rebuildRigidBody
INFORMATION: Created 1789413ac40.
Sep 13, 2026 4:30:07 PM com.jme3.bullet.objects.PhysicsRigidBody rebuildRigidBody
INFORMATION: Created 17894136fb0.
Sep 13, 2026 4:30:07 PM com.jme3.bullet.objects.PhysicsRigidBody rebuildRigidBody
INFORMATION: Created 17894138c60.
Sep 13, 2026 4:30:07 PM com.jme3.bullet.objects.PhysicsRigidBody rebuildRigidBody
INFORMATION: Created 178941372e0.
Sep 13, 2026 4:30:07 PM com.jme3.bullet.objects.PhysicsRigidBody rebuildRigidBody
INFORMATION: Created 17894137610.
Sep 13, 2026 4:30:07 PM com.jme3.bullet.objects.PhysicsRigidBody rebuildRigidBody
INFORMATION: Created 17894137c70.
Sep 13, 2026 4:30:07 PM com.jme3.bullet.objects.PhysicsRigidBody rebuildRigidBody
INFORMATION: Created 17894d46310.
Sep 13, 2026 4:30:07 PM com.jme3.bullet.objects.PhysicsRigidBody rebuildRigidBody
INFORMATION: Created 17894d46640.
Sep 13, 2026 4:30:07 PM com.jme3.bullet.objects.PhysicsRigidBody rebuildRigidBody
INFORMATION: Created 17894d47960.
Sep 13, 2026 4:30:07 PM com.jme3.bullet.objects.PhysicsRigidBody rebuildRigidBody
INFORMATION: Created 17894d45320.
Sep 13, 2026 4:30:07 PM com.jme3.bullet.objects.PhysicsRigidBody rebuildRigidBody
INFORMATION: Created 17894d46fd0.
Sep 13, 2026 4:30:07 PM com.jme3.bullet.objects.PhysicsRigidBody rebuildRigidBody
INFORMATION: Created 17894d47c90.
Sep 13, 2026 4:30:07 PM com.jme3.bullet.objects.PhysicsRigidBody rebuildRigidBody
INFORMATION: Created 17894d482f0.
Sep 13, 2026 4:30:07 PM com.jme3.bullet.objects.PhysicsRigidBody rebuildRigidBody
INFORMATION: Created 17894d46970.
Sep 13, 2026 4:30:07 PM com.jme3.bullet.objects.PhysicsRigidBody rebuildRigidBody
INFORMATION: Created 17894d48620.
Sep 13, 2026 4:30:07 PM com.jme3.bullet.objects.PhysicsRigidBody rebuildRigidBody
INFORMATION: Created 17894d45650.
Sep 13, 2026 4:30:07 PM com.jme3.bullet.objects.PhysicsRigidBody rebuildRigidBody
INFORMATION: Created 17894d47300.
Sep 13, 2026 4:30:07 PM com.jme3.bullet.objects.PhysicsRigidBody rebuildRigidBody
INFORMATION: Created 17894d45980.
Sep 13, 2026 4:30:07 PM com.jme3.bullet.objects.PhysicsRigidBody rebuildRigidBody
INFORMATION: Created 17894d47630.
Sep 13, 2026 4:30:07 PM com.jme3.bullet.objects.PhysicsRigidBody rebuildRigidBody
INFORMATION: Created 17894d45cb0.
Sep 13, 2026 4:30:07 PM com.jme3.bullet.objects.PhysicsRigidBody rebuildRigidBody
INFORMATION: Created 17894d47fc0.
Sep 13, 2026 4:30:07 PM com.jme3.bullet.objects.PhysicsRigidBody rebuildRigidBody
INFORMATION: Created 17894d44990.
Sep 13, 2026 4:30:07 PM com.jme3.bullet.objects.PhysicsRigidBody rebuildRigidBody
INFORMATION: Created 17894d48950.
Sep 13, 2026 4:30:07 PM com.jme3.bullet.objects.PhysicsRigidBody rebuildRigidBody
INFORMATION: Created 17894d44cc0.
Sep 13, 2026 4:30:07 PM com.jme3.bullet.objects.PhysicsRigidBody rebuildRigidBody
INFORMATION: Created 17894d44ff0.
Sep 13, 2026 4:30:07 PM com.jme3.bullet.objects.PhysicsRigidBody rebuildRigidBody
INFORMATION: Created 17894d49fa0.
Sep 13, 2026 4:30:07 PM com.jme3.bullet.objects.PhysicsRigidBody rebuildRigidBody
INFORMATION: Created 17894d4ac60.
Sep 13, 2026 4:30:07 PM com.jme3.bullet.objects.PhysicsRigidBody rebuildRigidBody
INFORMATION: Created 17894d4c910.
Sep 13, 2026 4:30:07 PM com.jme3.bullet.objects.PhysicsRigidBody rebuildRigidBody
INFORMATION: Created 17894d4b2c0.
Sep 13, 2026 4:30:07 PM com.jme3.bullet.objects.PhysicsRigidBody rebuildRigidBody
INFORMATION: Created 17894d4b5f0.
Sep 13, 2026 4:30:07 PM com.jme3.bullet.objects.PhysicsRigidBody rebuildRigidBody
INFORMATION: Created 17894d4bc50.
Sep 13, 2026 4:30:07 PM com.jme3.bullet.objects.PhysicsRigidBody rebuildRigidBody
INFORMATION: Created 17894d4a600.
Sep 13, 2026 4:30:07 PM com.jme3.bullet.objects.PhysicsRigidBody rebuildRigidBody
INFORMATION: Created 17894d4bf80.
Sep 13, 2026 4:30:07 PM com.jme3.bullet.objects.PhysicsRigidBody rebuildRigidBody
INFORMATION: Created 17894d49940.
Sep 13, 2026 4:30:07 PM com.jme3.anim.SkinningControl controlRender
INFORMATION: Hardware skinning engaged for Scene (Node)
Sep 13, 2026 4:30:07 PM com.jme3.anim.SkinningControl controlRender
INFORMATION: Hardware skinning engaged for Scene (Node)
Sep 13, 2026 4:30:07 PM com.jme3.anim.SkinningControl controlRender
INFORMATION: Hardware skinning engaged for Scene (Node)
Sep 13, 2026 4:30:07 PM com.jme3.anim.SkinningControl controlRender
INFORMATION: Hardware skinning engaged for Scene (Node)
[SMOKE] stage 10
Sep 13, 2026 4:30:09 PM com.jme3.bullet.objects.PhysicsRigidBody rebuildRigidBody
INFORMATION: Created 17894d4b920.
Sep 13, 2026 4:30:09 PM com.jme3.bullet.objects.PhysicsRigidBody rebuildRigidBody
INFORMATION: Created 17894d4c2b0.
Sep 13, 2026 4:30:09 PM com.jme3.bullet.objects.PhysicsRigidBody rebuildRigidBody
INFORMATION: Created 17894d4af90.
Sep 13, 2026 4:30:09 PM com.jme3.bullet.objects.PhysicsRigidBody rebuildRigidBody
INFORMATION: Created 17894d4c5e0.
Sep 13, 2026 4:30:09 PM com.jme3.bullet.objects.PhysicsRigidBody rebuildRigidBody
INFORMATION: Created 17894d48c80.
Sep 13, 2026 4:30:09 PM com.jme3.bullet.objects.PhysicsRigidBody rebuildRigidBody
INFORMATION: Created 17894d492e0.
Sep 13, 2026 4:30:09 PM com.jme3.bullet.objects.PhysicsRigidBody rebuildRigidBody
INFORMATION: Created 17894d48fb0.
Sep 13, 2026 4:30:09 PM com.jme3.bullet.objects.PhysicsRigidBody rebuildRigidBody
INFORMATION: Created 17894d4cc40.
Sep 13, 2026 4:30:09 PM com.jme3.bullet.objects.PhysicsRigidBody rebuildRigidBody
INFORMATION: Created 17894d4cf70.
Sep 13, 2026 4:30:09 PM com.jme3.bullet.objects.PhysicsRigidBody rebuildRigidBody
INFORMATION: Created 17894d49c70.
Sep 13, 2026 4:30:09 PM com.jme3.bullet.objects.PhysicsRigidBody rebuildRigidBody
INFORMATION: Created 17894d4d2a0.
Sep 13, 2026 4:30:09 PM com.jme3.bullet.objects.PhysicsRigidBody rebuildRigidBody
INFORMATION: Created 17894d49610.
Sep 13, 2026 4:30:09 PM com.jme3.bullet.objects.PhysicsRigidBody rebuildRigidBody
INFORMATION: Created 17894d4d5d0.
Sep 13, 2026 4:30:09 PM com.jme3.bullet.objects.PhysicsRigidBody rebuildRigidBody
INFORMATION: Created 17894d4d900.
Sep 13, 2026 4:30:09 PM com.jme3.bullet.objects.PhysicsRigidBody rebuildRigidBody
INFORMATION: Created 17894d4a2d0.
Sep 13, 2026 4:30:09 PM com.jme3.bullet.objects.PhysicsRigidBody rebuildRigidBody
INFORMATION: Created 17894d50270.
Sep 13, 2026 4:30:09 PM com.jme3.bullet.objects.PhysicsRigidBody rebuildRigidBody
INFORMATION: Created 17894d4e8f0.
Sep 13, 2026 4:30:09 PM com.jme3.bullet.objects.PhysicsRigidBody rebuildRigidBody
INFORMATION: Created 17894d4fc10.
Sep 13, 2026 4:30:09 PM com.jme3.bullet.objects.PhysicsRigidBody rebuildRigidBody
INFORMATION: Created 17894d4f8e0.
Sep 13, 2026 4:30:09 PM com.jme3.bullet.objects.PhysicsRigidBody rebuildRigidBody
INFORMATION: Created 17894d4f5b0.
Sep 13, 2026 4:30:09 PM com.jme3.bullet.objects.PhysicsRigidBody rebuildRigidBody
INFORMATION: Created 17894d4ec20.
Sep 13, 2026 4:30:09 PM com.jme3.bullet.objects.PhysicsRigidBody rebuildRigidBody
INFORMATION: Created 17894d4ef50.
Sep 13, 2026 4:30:09 PM com.jme3.bullet.objects.PhysicsRigidBody rebuildRigidBody
INFORMATION: Created 17894d4e5c0.
Sep 13, 2026 4:30:09 PM com.jme3.bullet.objects.PhysicsRigidBody rebuildRigidBody
INFORMATION: Created 17894d4f280.
Sep 13, 2026 4:30:09 PM com.jme3.bullet.objects.PhysicsRigidBody rebuildRigidBody
INFORMATION: Created 17894d51260.
Sep 13, 2026 4:30:09 PM com.jme3.bullet.objects.PhysicsRigidBody rebuildRigidBody
INFORMATION: Created 17894d4ff40.
Sep 13, 2026 4:30:09 PM com.jme3.bullet.objects.PhysicsRigidBody rebuildRigidBody
INFORMATION: Created 17894d508d0.
Sep 13, 2026 4:30:09 PM com.jme3.bullet.objects.PhysicsRigidBody rebuildRigidBody
INFORMATION: Created 17894d4dc30.
Sep 13, 2026 4:30:09 PM com.jme3.bullet.objects.PhysicsRigidBody rebuildRigidBody
INFORMATION: Created 17894d505a0.
Sep 13, 2026 4:30:09 PM com.jme3.bullet.objects.PhysicsRigidBody rebuildRigidBody
INFORMATION: Created 17894d4e290.
Sep 13, 2026 4:30:09 PM com.jme3.bullet.objects.PhysicsRigidBody rebuildRigidBody
INFORMATION: Created 17894d50c00.
Sep 13, 2026 4:30:09 PM com.jme3.bullet.objects.PhysicsRigidBody rebuildRigidBody
INFORMATION: Created 17894d50f30.
Sep 13, 2026 4:30:09 PM com.jme3.bullet.objects.PhysicsRigidBody rebuildRigidBody
INFORMATION: Created 17894d4df60.
Sep 13, 2026 4:30:09 PM com.jme3.bullet.objects.PhysicsRigidBody rebuildRigidBody
INFORMATION: Created 17894c115c0.
Sep 13, 2026 4:30:09 PM com.jme3.bullet.objects.PhysicsRigidBody rebuildRigidBody
INFORMATION: Created 17894c10c30.
Sep 13, 2026 4:30:09 PM com.jme3.bullet.objects.PhysicsRigidBody rebuildRigidBody
INFORMATION: Created 17894c118f0.
Sep 13, 2026 4:30:09 PM com.jme3.bullet.objects.PhysicsRigidBody rebuildRigidBody
INFORMATION: Created 17894c12280.
Sep 13, 2026 4:30:09 PM com.jme3.bullet.objects.PhysicsRigidBody rebuildRigidBody
INFORMATION: Created 17894c11c20.
Sep 13, 2026 4:30:09 PM com.jme3.bullet.objects.PhysicsRigidBody rebuildRigidBody
INFORMATION: Created 17894c11f50.
Sep 13, 2026 4:30:09 PM com.jme3.bullet.objects.PhysicsRigidBody rebuildRigidBody
INFORMATION: Created 17894c12c10.
Sep 13, 2026 4:30:09 PM com.jme3.bullet.objects.PhysicsRigidBody rebuildRigidBody
INFORMATION: Created 17894c12f40.
Sep 13, 2026 4:30:09 PM com.jme3.bullet.objects.PhysicsRigidBody rebuildRigidBody
INFORMATION: Created 17894c128e0.
Sep 13, 2026 4:30:09 PM com.jme3.bullet.objects.PhysicsRigidBody rebuildRigidBody
INFORMATION: Created 17894c11290.
Sep 13, 2026 4:30:09 PM com.jme3.bullet.objects.PhysicsRigidBody rebuildRigidBody
INFORMATION: Created 17894c125b0.
Sep 13, 2026 4:30:09 PM com.jme3.bullet.objects.PhysicsRigidBody rebuildRigidBody
INFORMATION: Created 17894c13270.
Sep 13, 2026 4:30:09 PM com.jme3.bullet.objects.PhysicsRigidBody rebuildRigidBody
INFORMATION: Created 17894c135a0.
Sep 13, 2026 4:30:09 PM com.jme3.bullet.objects.PhysicsRigidBody rebuildRigidBody
INFORMATION: Created 17894c138d0.
Sep 13, 2026 4:30:09 PM com.jme3.bullet.objects.PhysicsRigidBody rebuildRigidBody
INFORMATION: Created 17894c13c00.
Sep 13, 2026 4:30:09 PM com.jme3.bullet.objects.PhysicsRigidBody rebuildRigidBody
INFORMATION: Created 17894c13f30.
Sep 13, 2026 4:30:09 PM com.jme3.bullet.objects.PhysicsRigidBody rebuildRigidBody
INFORMATION: Created 17894c102a0.
Sep 13, 2026 4:30:09 PM com.jme3.bullet.objects.PhysicsRigidBody rebuildRigidBody
INFORMATION: Created 17894c14260.
Sep 13, 2026 4:30:09 PM com.jme3.bullet.objects.PhysicsRigidBody rebuildRigidBody
INFORMATION: Created 17894c10900.
Sep 13, 2026 4:30:09 PM com.jme3.bullet.objects.PhysicsRigidBody rebuildRigidBody
INFORMATION: Created 17894c105d0.
Sep 13, 2026 4:30:09 PM com.jme3.bullet.objects.PhysicsRigidBody rebuildRigidBody
INFORMATION: Created 17894c148c0.
Sep 13, 2026 4:30:09 PM com.jme3.bullet.objects.PhysicsRigidBody rebuildRigidBody
INFORMATION: Created 17894c14590.
Sep 13, 2026 4:30:09 PM com.jme3.bullet.objects.PhysicsRigidBody rebuildRigidBody
INFORMATION: Created 17894c14bf0.
Sep 13, 2026 4:30:09 PM com.jme3.bullet.objects.PhysicsRigidBody rebuildRigidBody
INFORMATION: Created 17894c10f60.
Sep 13, 2026 4:30:09 PM com.jme3.bullet.objects.PhysicsRigidBody rebuildRigidBody
INFORMATION: Created 17894c16240.
Sep 13, 2026 4:30:09 PM com.jme3.bullet.objects.PhysicsRigidBody rebuildRigidBody
INFORMATION: Created 17894c17560.
Sep 13, 2026 4:30:09 PM com.jme3.bullet.objects.PhysicsRigidBody rebuildRigidBody
INFORMATION: Created 17894c158b0.
Sep 13, 2026 4:30:09 PM com.jme3.bullet.objects.PhysicsRigidBody rebuildRigidBody
INFORMATION: Created 17894c17bc0.
Sep 13, 2026 4:30:09 PM com.jme3.bullet.objects.PhysicsRigidBody rebuildRigidBody
INFORMATION: Created 17894c18880.
Sep 13, 2026 4:30:09 PM com.jme3.bullet.objects.PhysicsRigidBody rebuildRigidBody
INFORMATION: Created 17894c17890.
Sep 13, 2026 4:30:09 PM com.jme3.bullet.objects.PhysicsRigidBody rebuildRigidBody
INFORMATION: Created 17894c18220.
Sep 13, 2026 4:30:09 PM com.jme3.bullet.objects.PhysicsRigidBody rebuildRigidBody
INFORMATION: Created 17894c18bb0.
Sep 13, 2026 4:30:09 PM com.jme3.bullet.objects.PhysicsRigidBody rebuildRigidBody
INFORMATION: Created 17894c16570.
Sep 13, 2026 4:30:09 PM com.jme3.bullet.objects.PhysicsRigidBody rebuildRigidBody
INFORMATION: Created 17894c168a0.
Sep 13, 2026 4:30:09 PM com.jme3.bullet.objects.PhysicsRigidBody rebuildRigidBody
INFORMATION: Created 17894c16bd0.
Sep 13, 2026 4:30:09 PM com.jme3.bullet.objects.PhysicsRigidBody rebuildRigidBody
INFORMATION: Created 17894c16f00.
Sep 13, 2026 4:30:09 PM com.jme3.bullet.objects.PhysicsRigidBody rebuildRigidBody
INFORMATION: Created 17894c17230.
Sep 13, 2026 4:30:09 PM com.jme3.bullet.objects.PhysicsRigidBody rebuildRigidBody
INFORMATION: Created 17894c17ef0.
Sep 13, 2026 4:30:09 PM com.jme3.bullet.objects.PhysicsRigidBody rebuildRigidBody
INFORMATION: Created 17894c18550.
Sep 13, 2026 4:30:09 PM com.jme3.bullet.objects.PhysicsRigidBody rebuildRigidBody
INFORMATION: Created 17894c14f20.
Sep 13, 2026 4:30:09 PM com.jme3.bullet.objects.PhysicsRigidBody rebuildRigidBody
INFORMATION: Created 17894c15250.
Sep 13, 2026 4:30:09 PM com.jme3.bullet.objects.PhysicsRigidBody rebuildRigidBody
INFORMATION: Created 17894c19210.
Sep 13, 2026 4:30:09 PM com.jme3.bullet.objects.PhysicsRigidBody rebuildRigidBody
INFORMATION: Created 17894c18ee0.
Sep 13, 2026 4:30:09 PM com.jme3.bullet.objects.PhysicsRigidBody rebuildRigidBody
INFORMATION: Created 17894c15580.
Sep 13, 2026 4:30:09 PM com.jme3.bullet.objects.PhysicsRigidBody rebuildRigidBody
INFORMATION: Created 17894c19540.
Sep 13, 2026 4:30:09 PM com.jme3.bullet.objects.PhysicsRigidBody rebuildRigidBody
INFORMATION: Created 17894c19870.
Sep 13, 2026 4:30:09 PM com.jme3.bullet.objects.PhysicsRigidBody rebuildRigidBody
INFORMATION: Created 17894c15be0.
Sep 13, 2026 4:30:09 PM com.jme3.bullet.objects.PhysicsRigidBody rebuildRigidBody
INFORMATION: Created 17894c19ba0.
Sep 13, 2026 4:30:09 PM com.jme3.bullet.objects.PhysicsRigidBody rebuildRigidBody
INFORMATION: Created 17894c15f10.
Sep 13, 2026 4:30:09 PM com.jme3.bullet.objects.PhysicsRigidBody rebuildRigidBody
INFORMATION: Created 17894c19ed0.
Sep 13, 2026 4:30:09 PM com.jme3.bullet.objects.PhysicsRigidBody rebuildRigidBody
INFORMATION: Created 17894c1a200.
Sep 13, 2026 4:30:09 PM com.jme3.bullet.objects.PhysicsRigidBody rebuildRigidBody
INFORMATION: Created 17894c1a530.
Sep 13, 2026 4:30:09 PM com.jme3.bullet.objects.PhysicsRigidBody rebuildRigidBody
INFORMATION: Created 17894c1ab90.
Sep 13, 2026 4:30:09 PM com.jme3.bullet.objects.PhysicsRigidBody rebuildRigidBody
INFORMATION: Created 17894c1c840.
Sep 13, 2026 4:30:09 PM com.jme3.bullet.objects.PhysicsRigidBody rebuildRigidBody
INFORMATION: Created 17894c1a860.
Sep 13, 2026 4:30:09 PM com.jme3.bullet.objects.PhysicsRigidBody rebuildRigidBody
INFORMATION: Created 17894c1aec0.
Sep 13, 2026 4:30:09 PM com.jme3.bullet.objects.PhysicsRigidBody rebuildRigidBody
INFORMATION: Created 17894c1b1f0.
Sep 13, 2026 4:30:09 PM com.jme3.bullet.objects.PhysicsRigidBody rebuildRigidBody
INFORMATION: Created 17894c1b520.
Sep 13, 2026 4:30:09 PM com.jme3.bullet.objects.PhysicsRigidBody rebuildRigidBody
INFORMATION: Created 178946882a0.
Sep 13, 2026 4:30:09 PM com.jme3.bullet.objects.PhysicsRigidBody rebuildRigidBody
INFORMATION: Created 1789468a5b0.
Sep 13, 2026 4:30:09 PM com.jme3.bullet.objects.PhysicsRigidBody rebuildRigidBody
INFORMATION: Created 178946872b0.
Sep 13, 2026 4:30:09 PM com.jme3.bullet.objects.PhysicsRigidBody rebuildRigidBody
INFORMATION: Created 17894689f50.
Sep 13, 2026 4:30:09 PM com.jme3.bullet.objects.PhysicsRigidBody rebuildRigidBody
INFORMATION: Created 17894689290.
Sep 13, 2026 4:30:09 PM com.jme3.bullet.objects.PhysicsRigidBody rebuildRigidBody
INFORMATION: Created 178946885d0.
Sep 13, 2026 4:30:09 PM com.jme3.bullet.objects.PhysicsRigidBody rebuildRigidBody
INFORMATION: Created 17894688900.
Sep 13, 2026 4:30:09 PM com.jme3.bullet.objects.PhysicsRigidBody rebuildRigidBody
INFORMATION: Created 178946895c0.
Sep 13, 2026 4:30:09 PM com.jme3.bullet.objects.PhysicsRigidBody rebuildRigidBody
INFORMATION: Created 17894686f80.
Sep 13, 2026 4:30:09 PM com.jme3.bullet.objects.PhysicsRigidBody rebuildRigidBody
INFORMATION: Created 178946875e0.
Sep 13, 2026 4:30:09 PM com.jme3.bullet.objects.PhysicsRigidBody rebuildRigidBody
INFORMATION: Created 17894689c20.
Sep 13, 2026 4:30:09 PM com.jme3.bullet.objects.PhysicsRigidBody rebuildRigidBody
INFORMATION: Created 17894687910.
Sep 13, 2026 4:30:09 PM com.jme3.bullet.objects.PhysicsRigidBody rebuildRigidBody
INFORMATION: Created 17894686c50.
Sep 13, 2026 4:30:09 PM com.jme3.bullet.objects.PhysicsRigidBody rebuildRigidBody
INFORMATION: Created 178946898f0.
Sep 13, 2026 4:30:09 PM com.jme3.bullet.objects.PhysicsRigidBody rebuildRigidBody
INFORMATION: Created 1789468b5a0.
Sep 13, 2026 4:30:09 PM com.jme3.bullet.objects.PhysicsRigidBody rebuildRigidBody
INFORMATION: Created 17894688c30.
Sep 13, 2026 4:30:09 PM com.jme3.bullet.objects.PhysicsRigidBody rebuildRigidBody
INFORMATION: Created 1789468a8e0.
Sep 13, 2026 4:30:09 PM com.jme3.bullet.objects.PhysicsRigidBody rebuildRigidBody
INFORMATION: Created 1789468ac10.
Sep 13, 2026 4:30:09 PM com.jme3.bullet.objects.PhysicsRigidBody rebuildRigidBody
INFORMATION: Created 1789468af40.
Sep 13, 2026 4:30:09 PM com.jme3.bullet.objects.PhysicsRigidBody rebuildRigidBody
INFORMATION: Created 1789468b270.
Sep 13, 2026 4:30:09 PM com.jme3.bullet.objects.PhysicsRigidBody rebuildRigidBody
INFORMATION: Created 1789468b8d0.
Sep 13, 2026 4:30:09 PM com.jme3.bullet.objects.PhysicsRigidBody rebuildRigidBody
INFORMATION: Created 17894687c40.
Sep 13, 2026 4:30:09 PM com.jme3.bullet.objects.PhysicsRigidBody rebuildRigidBody
INFORMATION: Created 1789468bc00.
Sep 13, 2026 4:30:09 PM com.jme3.bullet.objects.PhysicsRigidBody rebuildRigidBody
INFORMATION: Created 17894687f70.
Sep 13, 2026 4:30:09 PM com.jme3.bullet.objects.PhysicsRigidBody rebuildRigidBody
INFORMATION: Created 1789468df10.
Sep 13, 2026 4:30:09 PM com.jme3.bullet.objects.PhysicsRigidBody rebuildRigidBody
INFORMATION: Created 1789468e240.
Sep 13, 2026 4:30:09 PM com.jme3.bullet.objects.PhysicsRigidBody rebuildRigidBody
INFORMATION: Created 1789468cf20.
Sep 13, 2026 4:30:09 PM com.jme3.bullet.objects.PhysicsRigidBody rebuildRigidBody
INFORMATION: Created 1789468cbf0.
Sep 13, 2026 4:30:09 PM com.jme3.bullet.objects.PhysicsRigidBody rebuildRigidBody
INFORMATION: Created 1789468e570.
Sep 13, 2026 4:30:09 PM com.jme3.bullet.objects.PhysicsRigidBody rebuildRigidBody
INFORMATION: Created 1789468dbe0.
Sep 13, 2026 4:30:09 PM com.jme3.bullet.objects.PhysicsRigidBody rebuildRigidBody
INFORMATION: Created 1789468e8a0.
Sep 13, 2026 4:30:09 PM com.jme3.bullet.objects.PhysicsRigidBody rebuildRigidBody
INFORMATION: Created 1789468bf30.
Sep 13, 2026 4:30:09 PM com.jme3.bullet.objects.PhysicsRigidBody rebuildRigidBody
INFORMATION: Created 1789468c260.
Sep 13, 2026 4:30:09 PM com.jme3.bullet.objects.PhysicsRigidBody rebuildRigidBody
INFORMATION: Created 1789468c590.
Sep 13, 2026 4:30:09 PM com.jme3.bullet.objects.PhysicsRigidBody rebuildRigidBody
INFORMATION: Created 1789468d250.
Sep 13, 2026 4:30:09 PM com.jme3.bullet.objects.PhysicsRigidBody rebuildRigidBody
INFORMATION: Created 1789468c8c0.
Sep 13, 2026 4:30:09 PM com.jme3.bullet.objects.PhysicsRigidBody rebuildRigidBody
INFORMATION: Created 1789468d580.
Sep 13, 2026 4:30:09 PM com.jme3.bullet.objects.PhysicsRigidBody rebuildRigidBody
INFORMATION: Created 1789468d8b0.
Sep 13, 2026 4:30:09 PM com.jme3.bullet.objects.PhysicsRigidBody rebuildRigidBody
INFORMATION: Created 17890083450.
Sep 13, 2026 4:30:09 PM com.jme3.bullet.objects.PhysicsRigidBody rebuildRigidBody
INFORMATION: Created 178900807b0.
Sep 13, 2026 4:30:09 PM com.jme3.bullet.objects.PhysicsRigidBody rebuildRigidBody
INFORMATION: Created 17890083780.
Sep 13, 2026 4:30:09 PM com.jme3.bullet.objects.PhysicsRigidBody rebuildRigidBody
INFORMATION: Created 17890080150.
Sep 13, 2026 4:30:09 PM com.jme3.bullet.objects.PhysicsRigidBody rebuildRigidBody
INFORMATION: Created 17890080ae0.
Sep 13, 2026 4:30:09 PM com.jme3.bullet.objects.PhysicsRigidBody rebuildRigidBody
INFORMATION: Created 17890083ab0.
Sep 13, 2026 4:30:09 PM com.jme3.bullet.objects.PhysicsRigidBody rebuildRigidBody
INFORMATION: Created 17890083de0.
Sep 13, 2026 4:30:09 PM com.jme3.bullet.objects.PhysicsRigidBody rebuildRigidBody
INFORMATION: Created 17890082df0.
Sep 13, 2026 4:30:09 PM com.jme3.bullet.objects.PhysicsRigidBody rebuildRigidBody
INFORMATION: Created 17890084110.
Sep 13, 2026 4:30:09 PM com.jme3.bullet.objects.PhysicsRigidBody rebuildRigidBody
INFORMATION: Created 17890082790.
Sep 13, 2026 4:30:09 PM com.jme3.bullet.objects.PhysicsRigidBody rebuildRigidBody
INFORMATION: Created 17890080e10.
Sep 13, 2026 4:30:09 PM com.jme3.bullet.objects.PhysicsRigidBody rebuildRigidBody
INFORMATION: Created 17890081470.
Sep 13, 2026 4:30:09 PM com.jme3.bullet.objects.PhysicsRigidBody rebuildRigidBody
INFORMATION: Created 17890080480.
Sep 13, 2026 4:30:09 PM com.jme3.bullet.objects.PhysicsRigidBody rebuildRigidBody
INFORMATION: Created 17890084440.
Sep 13, 2026 4:30:09 PM com.jme3.bullet.objects.PhysicsRigidBody rebuildRigidBody
INFORMATION: Created 17890082460.
Sep 13, 2026 4:30:09 PM com.jme3.bullet.objects.PhysicsRigidBody rebuildRigidBody
INFORMATION: Created 178900817a0.
Sep 13, 2026 4:30:09 PM com.jme3.bullet.objects.PhysicsRigidBody rebuildRigidBody
INFORMATION: Created 17890082ac0.
Sep 13, 2026 4:30:09 PM com.jme3.bullet.objects.PhysicsRigidBody rebuildRigidBody
INFORMATION: Created 17890084770.
Sep 13, 2026 4:30:09 PM com.jme3.bullet.objects.PhysicsRigidBody rebuildRigidBody
INFORMATION: Created 17890084dd0.
Sep 13, 2026 4:30:09 PM com.jme3.bullet.objects.PhysicsRigidBody rebuildRigidBody
INFORMATION: Created 17890081140.
Sep 13, 2026 4:30:10 PM com.jme3.bullet.objects.PhysicsRigidBody rebuildRigidBody
INFORMATION: Created 17890081ad0.
Sep 13, 2026 4:30:10 PM com.jme3.bullet.objects.PhysicsRigidBody rebuildRigidBody
INFORMATION: Created 17890081e00.
Sep 13, 2026 4:30:10 PM com.jme3.bullet.objects.PhysicsRigidBody rebuildRigidBody
INFORMATION: Created 17890082130.
Sep 13, 2026 4:30:10 PM com.jme3.anim.SkinningControl controlRender
INFORMATION: Hardware skinning engaged for Scene (Node)
Sep 13, 2026 4:30:10 PM com.jme3.anim.SkinningControl controlRender
INFORMATION: Hardware skinning engaged for Scene (Node)
Sep 13, 2026 4:30:10 PM com.jme3.anim.SkinningControl controlRender
INFORMATION: Hardware skinning engaged for Scene (Node)
Sep 13, 2026 4:30:10 PM com.jme3.anim.SkinningControl controlRender
INFORMATION: Hardware skinning engaged for Scene (Node)
[SMOKE] stage 11
[GAME] Spiel gespeichert.
[SMOKE] stage 12
Sep 13, 2026 4:30:14 PM com.jme3.bullet.objects.PhysicsRigidBody rebuildRigidBody
INFORMATION: Created 17890086420.
Sep 13, 2026 4:30:14 PM com.jme3.bullet.objects.PhysicsRigidBody rebuildRigidBody
INFORMATION: Created 178900870e0.
Sep 13, 2026 4:30:14 PM com.jme3.bullet.objects.PhysicsRigidBody rebuildRigidBody
INFORMATION: Created 17890087da0.
Sep 13, 2026 4:30:14 PM com.jme3.bullet.objects.PhysicsRigidBody rebuildRigidBody
INFORMATION: Created 17890087410.
Sep 13, 2026 4:30:14 PM com.jme3.bullet.objects.PhysicsRigidBody rebuildRigidBody
INFORMATION: Created 1788bef7410.
Sep 13, 2026 4:30:14 PM com.jme3.bullet.objects.PhysicsRigidBody rebuildRigidBody
INFORMATION: Created 1788bef7740.
Sep 13, 2026 4:30:14 PM com.jme3.bullet.objects.PhysicsRigidBody rebuildRigidBody
INFORMATION: Created 1788bef9a50.
Sep 13, 2026 4:30:14 PM com.jme3.bullet.objects.PhysicsRigidBody rebuildRigidBody
INFORMATION: Created 1788bef6420.
Sep 13, 2026 4:30:14 PM com.jme3.bullet.objects.PhysicsRigidBody rebuildRigidBody
INFORMATION: Created 1788bef8d90.
Sep 13, 2026 4:30:14 PM com.jme3.bullet.objects.PhysicsRigidBody rebuildRigidBody
INFORMATION: Created 1788bef8400.
Sep 13, 2026 4:30:14 PM com.jme3.bullet.objects.PhysicsRigidBody rebuildRigidBody
INFORMATION: Created 1788bef9d80.
Sep 13, 2026 4:30:14 PM com.jme3.bullet.objects.PhysicsRigidBody rebuildRigidBody
INFORMATION: Created 1788bef7da0.
Sep 13, 2026 4:30:14 PM com.jme3.bullet.objects.PhysicsRigidBody rebuildRigidBody
INFORMATION: Created 1788bef7a70.
Sep 13, 2026 4:30:14 PM com.jme3.bullet.objects.PhysicsRigidBody rebuildRigidBody
INFORMATION: Created 1788bef93f0.
Sep 13, 2026 4:30:14 PM com.jme3.bullet.objects.PhysicsRigidBody rebuildRigidBody
INFORMATION: Created 1788bef8730.
Sep 13, 2026 4:30:14 PM com.jme3.bullet.objects.PhysicsRigidBody rebuildRigidBody
INFORMATION: Created 1788bef6750.
Sep 13, 2026 4:30:14 PM com.jme3.bullet.objects.PhysicsRigidBody rebuildRigidBody
INFORMATION: Created 1788bef80d0.
Sep 13, 2026 4:30:14 PM com.jme3.bullet.objects.PhysicsRigidBody rebuildRigidBody
INFORMATION: Created 1788bef6a80.
Sep 13, 2026 4:30:14 PM com.jme3.bullet.objects.PhysicsRigidBody rebuildRigidBody
INFORMATION: Created 1788bef8a60.
Sep 13, 2026 4:30:14 PM com.jme3.bullet.objects.PhysicsRigidBody rebuildRigidBody
INFORMATION: Created 1788bef6db0.
Sep 13, 2026 4:30:14 PM com.jme3.bullet.objects.PhysicsRigidBody rebuildRigidBody
INFORMATION: Created 1788bef70e0.
Sep 13, 2026 4:30:14 PM com.jme3.bullet.objects.PhysicsRigidBody rebuildRigidBody
INFORMATION: Created 1788bef9720.
Sep 13, 2026 4:30:14 PM com.jme3.bullet.objects.PhysicsRigidBody rebuildRigidBody
INFORMATION: Created 1788baa5080.
Sep 13, 2026 4:30:14 PM com.jme3.bullet.objects.PhysicsRigidBody rebuildRigidBody
INFORMATION: Created 1788baa4d50.
Sep 13, 2026 4:30:14 PM com.jme3.bullet.objects.PhysicsRigidBody rebuildRigidBody
INFORMATION: Created 1788baa53b0.
Sep 13, 2026 4:30:14 PM com.jme3.bullet.objects.PhysicsRigidBody rebuildRigidBody
INFORMATION: Created 1788baa5a10.
Sep 13, 2026 4:30:14 PM com.jme3.bullet.objects.PhysicsRigidBody rebuildRigidBody
INFORMATION: Created 1788baa5d40.
Sep 13, 2026 4:30:14 PM com.jme3.bullet.objects.PhysicsRigidBody rebuildRigidBody
INFORMATION: Created 1788baa6070.
Sep 13, 2026 4:30:14 PM com.jme3.bullet.objects.PhysicsRigidBody rebuildRigidBody
INFORMATION: Created 1788baa63a0.
Sep 13, 2026 4:30:14 PM com.jme3.bullet.objects.PhysicsRigidBody rebuildRigidBody
INFORMATION: Created 1788baa30a0.
Sep 13, 2026 4:30:14 PM com.jme3.bullet.objects.PhysicsRigidBody rebuildRigidBody
INFORMATION: Created 1788baa66d0.
Sep 13, 2026 4:30:14 PM com.jme3.bullet.objects.PhysicsRigidBody rebuildRigidBody
INFORMATION: Created 1788baa6a00.
Sep 13, 2026 4:30:14 PM com.jme3.bullet.objects.PhysicsRigidBody rebuildRigidBody
INFORMATION: Created 1788baa33d0.
Sep 13, 2026 4:30:14 PM com.jme3.bullet.objects.PhysicsRigidBody rebuildRigidBody
INFORMATION: Created 1788baa4090.
Sep 13, 2026 4:30:14 PM com.jme3.bullet.objects.PhysicsRigidBody rebuildRigidBody
INFORMATION: Created 1788baa3700.
Sep 13, 2026 4:30:14 PM com.jme3.bullet.objects.PhysicsRigidBody rebuildRigidBody
INFORMATION: Created 1788baa4a20.
Sep 13, 2026 4:30:14 PM com.jme3.bullet.objects.PhysicsRigidBody rebuildRigidBody
INFORMATION: Created 1788baa3a30.
Sep 13, 2026 4:30:14 PM com.jme3.bullet.objects.PhysicsRigidBody rebuildRigidBody
INFORMATION: Created 1788baa3d60.
Sep 13, 2026 4:30:14 PM com.jme3.bullet.objects.PhysicsRigidBody rebuildRigidBody
INFORMATION: Created 1788baa43c0.
Sep 13, 2026 4:30:14 PM com.jme3.bullet.objects.PhysicsRigidBody rebuildRigidBody
INFORMATION: Created 1788baa46f0.
Sep 13, 2026 4:30:14 PM com.jme3.bullet.objects.PhysicsRigidBody rebuildRigidBody
INFORMATION: Created 178fdf354f0.
Sep 13, 2026 4:30:14 PM com.jme3.bullet.objects.PhysicsRigidBody rebuildRigidBody
INFORMATION: Created 178fdf34830.
Sep 13, 2026 4:30:14 PM com.jme3.bullet.objects.PhysicsRigidBody rebuildRigidBody
INFORMATION: Created 178fdf364e0.
Sep 13, 2026 4:30:14 PM com.jme3.bullet.objects.PhysicsRigidBody rebuildRigidBody
INFORMATION: Created 178fdf36b40.
Sep 13, 2026 4:30:14 PM com.jme3.bullet.objects.PhysicsRigidBody rebuildRigidBody
INFORMATION: Created 178fda9c9f0.
Sep 13, 2026 4:30:14 PM com.jme3.bullet.objects.PhysicsRigidBody rebuildRigidBody
INFORMATION: Created 178fda9c060.
Sep 13, 2026 4:30:14 PM com.jme3.bullet.objects.PhysicsRigidBody rebuildRigidBody
INFORMATION: Created 17896920a00.
Sep 13, 2026 4:30:14 PM com.jme3.bullet.objects.PhysicsRigidBody rebuildRigidBody
INFORMATION: Created 1789691e6f0.
Sep 13, 2026 4:30:14 PM com.jme3.bullet.objects.PhysicsRigidBody rebuildRigidBody
INFORMATION: Created 17896920d30.
Sep 13, 2026 4:30:14 PM com.jme3.bullet.objects.PhysicsRigidBody rebuildRigidBody
INFORMATION: Created 1789691f080.
Sep 13, 2026 4:30:14 PM com.jme3.bullet.objects.PhysicsRigidBody rebuildRigidBody
INFORMATION: Created 17896920070.
Sep 13, 2026 4:30:14 PM com.jme3.bullet.objects.PhysicsRigidBody rebuildRigidBody
INFORMATION: Created 1789691ed50.
Sep 13, 2026 4:30:14 PM com.jme3.bullet.objects.PhysicsRigidBody rebuildRigidBody
INFORMATION: Created 1789691e3c0.
Sep 13, 2026 4:30:14 PM com.jme3.bullet.objects.PhysicsRigidBody rebuildRigidBody
INFORMATION: Created 1789691f3b0.
Sep 13, 2026 4:30:14 PM com.jme3.bullet.objects.PhysicsRigidBody rebuildRigidBody
INFORMATION: Created 1789691e090.
Sep 13, 2026 4:30:14 PM com.jme3.bullet.objects.PhysicsRigidBody rebuildRigidBody
INFORMATION: Created 178969203a0.
Sep 13, 2026 4:30:14 PM com.jme3.bullet.objects.PhysicsRigidBody rebuildRigidBody
INFORMATION: Created 1789691f6e0.
Sep 13, 2026 4:30:14 PM com.jme3.bullet.objects.PhysicsRigidBody rebuildRigidBody
INFORMATION: Created 178969226b0.
Sep 13, 2026 4:30:14 PM com.jme3.bullet.objects.PhysicsRigidBody rebuildRigidBody
INFORMATION: Created 1789691fa10.
Sep 13, 2026 4:30:14 PM com.jme3.bullet.objects.PhysicsRigidBody rebuildRigidBody
INFORMATION: Created 1789691fd40.
Sep 13, 2026 4:30:14 PM com.jme3.bullet.objects.PhysicsRigidBody rebuildRigidBody
INFORMATION: Created 178969206d0.
Sep 13, 2026 4:30:14 PM com.jme3.bullet.objects.PhysicsRigidBody rebuildRigidBody
INFORMATION: Created 17896921060.
Sep 13, 2026 4:30:14 PM com.jme3.bullet.objects.PhysicsRigidBody rebuildRigidBody
INFORMATION: Created 17896921390.
Sep 13, 2026 4:30:14 PM com.jme3.bullet.objects.PhysicsRigidBody rebuildRigidBody
INFORMATION: Created 178969216c0.
Sep 13, 2026 4:30:14 PM com.jme3.bullet.objects.PhysicsRigidBody rebuildRigidBody
INFORMATION: Created 17896922380.
Sep 13, 2026 4:30:14 PM com.jme3.bullet.objects.PhysicsRigidBody rebuildRigidBody
INFORMATION: Created 178969219f0.
Sep 13, 2026 4:30:14 PM com.jme3.bullet.objects.PhysicsRigidBody rebuildRigidBody
INFORMATION: Created 17896921d20.
Sep 13, 2026 4:30:14 PM com.jme3.bullet.objects.PhysicsRigidBody rebuildRigidBody
INFORMATION: Created 1789691ea20.
Sep 13, 2026 4:30:14 PM com.jme3.bullet.objects.PhysicsRigidBody rebuildRigidBody
INFORMATION: Created 17896924cf0.
Sep 13, 2026 4:30:14 PM com.jme3.bullet.objects.PhysicsRigidBody rebuildRigidBody
INFORMATION: Created 17896923370.
Sep 13, 2026 4:30:14 PM com.jme3.bullet.objects.PhysicsRigidBody rebuildRigidBody
INFORMATION: Created 178969229e0.
Sep 13, 2026 4:30:14 PM com.jme3.bullet.objects.PhysicsRigidBody rebuildRigidBody
INFORMATION: Created 178969259b0.
Sep 13, 2026 4:30:14 PM com.jme3.bullet.objects.PhysicsRigidBody rebuildRigidBody
INFORMATION: Created 178969269a0.
Sep 13, 2026 4:30:14 PM com.jme3.bullet.objects.PhysicsRigidBody rebuildRigidBody
INFORMATION: Created 17896924030.
Sep 13, 2026 4:30:14 PM com.jme3.bullet.objects.PhysicsRigidBody rebuildRigidBody
INFORMATION: Created 17896925350.
Sep 13, 2026 4:30:14 PM com.jme3.bullet.objects.PhysicsRigidBody rebuildRigidBody
INFORMATION: Created 17896925680.
Sep 13, 2026 4:30:14 PM com.jme3.bullet.objects.PhysicsRigidBody rebuildRigidBody
INFORMATION: Created 178969249c0.
Sep 13, 2026 4:30:14 PM com.jme3.bullet.objects.PhysicsRigidBody rebuildRigidBody
INFORMATION: Created 17896925020.
Sep 13, 2026 4:30:14 PM com.jme3.bullet.objects.PhysicsRigidBody rebuildRigidBody
INFORMATION: Created 17896924690.
Sep 13, 2026 4:30:14 PM com.jme3.bullet.objects.PhysicsRigidBody rebuildRigidBody
INFORMATION: Created 17896925ce0.
Sep 13, 2026 4:30:14 PM com.jme3.bullet.objects.PhysicsRigidBody rebuildRigidBody
INFORMATION: Created 178969236a0.
Sep 13, 2026 4:30:14 PM com.jme3.bullet.objects.PhysicsRigidBody rebuildRigidBody
INFORMATION: Created 17896926340.
Sep 13, 2026 4:30:14 PM com.jme3.bullet.objects.PhysicsRigidBody rebuildRigidBody
INFORMATION: Created 17896926010.
Sep 13, 2026 4:30:14 PM com.jme3.bullet.objects.PhysicsRigidBody rebuildRigidBody
INFORMATION: Created 178969239d0.
Sep 13, 2026 4:30:14 PM com.jme3.bullet.objects.PhysicsRigidBody rebuildRigidBody
INFORMATION: Created 17896926670.
Sep 13, 2026 4:30:14 PM com.jme3.bullet.objects.PhysicsRigidBody rebuildRigidBody
INFORMATION: Created 17896923d00.
Sep 13, 2026 4:30:14 PM com.jme3.bullet.objects.PhysicsRigidBody rebuildRigidBody
INFORMATION: Created 17896924360.
Sep 13, 2026 4:30:14 PM com.jme3.bullet.objects.PhysicsRigidBody rebuildRigidBody
INFORMATION: Created 17896922d10.
Sep 13, 2026 4:30:14 PM com.jme3.bullet.objects.PhysicsRigidBody rebuildRigidBody
INFORMATION: Created 17896926cd0.
Sep 13, 2026 4:30:14 PM com.jme3.bullet.objects.PhysicsRigidBody rebuildRigidBody
INFORMATION: Created 17896923040.
Sep 13, 2026 4:30:14 PM com.jme3.bullet.objects.PhysicsRigidBody rebuildRigidBody
INFORMATION: Created 1789692a300.
Sep 13, 2026 4:30:14 PM com.jme3.bullet.objects.PhysicsRigidBody rebuildRigidBody
INFORMATION: Created 17896927000.
Sep 13, 2026 4:30:14 PM com.jme3.bullet.objects.PhysicsRigidBody rebuildRigidBody
INFORMATION: Created 1789692a630.
Sep 13, 2026 4:30:14 PM com.jme3.bullet.objects.PhysicsRigidBody rebuildRigidBody
INFORMATION: Created 17896927330.
Sep 13, 2026 4:30:14 PM com.jme3.bullet.objects.PhysicsRigidBody rebuildRigidBody
INFORMATION: Created 17896927cc0.
Sep 13, 2026 4:30:14 PM com.jme3.bullet.objects.PhysicsRigidBody rebuildRigidBody
INFORMATION: Created 17896928980.
Sep 13, 2026 4:30:14 PM com.jme3.bullet.objects.PhysicsRigidBody rebuildRigidBody
INFORMATION: Created 1789692a960.
Sep 13, 2026 4:30:14 PM com.jme3.bullet.objects.PhysicsRigidBody rebuildRigidBody
INFORMATION: Created 17896927660.
Sep 13, 2026 4:30:14 PM com.jme3.bullet.objects.PhysicsRigidBody rebuildRigidBody
INFORMATION: Created 17896928650.
Sep 13, 2026 4:30:14 PM com.jme3.bullet.objects.PhysicsRigidBody rebuildRigidBody
INFORMATION: Created 17896927ff0.
Sep 13, 2026 4:30:14 PM com.jme3.bullet.objects.PhysicsRigidBody rebuildRigidBody
INFORMATION: Created 17896929ca0.
Sep 13, 2026 4:30:14 PM com.jme3.bullet.objects.PhysicsRigidBody rebuildRigidBody
INFORMATION: Created 17896927990.
Sep 13, 2026 4:30:14 PM com.jme3.bullet.objects.PhysicsRigidBody rebuildRigidBody
INFORMATION: Created 17896929fd0.
Sep 13, 2026 4:30:14 PM com.jme3.bullet.objects.PhysicsRigidBody rebuildRigidBody
INFORMATION: Created 17896929970.
Sep 13, 2026 4:30:14 PM com.jme3.bullet.objects.PhysicsRigidBody rebuildRigidBody
INFORMATION: Created 17896928fe0.
Sep 13, 2026 4:30:14 PM com.jme3.bullet.objects.PhysicsRigidBody rebuildRigidBody
INFORMATION: Created 17896928320.
Sep 13, 2026 4:30:14 PM com.jme3.bullet.objects.PhysicsRigidBody rebuildRigidBody
INFORMATION: Created 17896928cb0.
Sep 13, 2026 4:30:14 PM com.jme3.bullet.objects.PhysicsRigidBody rebuildRigidBody
INFORMATION: Created 17896929310.
Sep 13, 2026 4:30:14 PM com.jme3.bullet.objects.PhysicsRigidBody rebuildRigidBody
INFORMATION: Created 17896929640.
Sep 13, 2026 4:30:14 PM com.jme3.bullet.objects.PhysicsRigidBody rebuildRigidBody
INFORMATION: Created 1789692b950.
Sep 13, 2026 4:30:14 PM com.jme3.bullet.objects.PhysicsRigidBody rebuildRigidBody
INFORMATION: Created 1789692df90.
Sep 13, 2026 4:30:14 PM com.jme3.bullet.objects.PhysicsRigidBody rebuildRigidBody
INFORMATION: Created 1789692c940.
Sep 13, 2026 4:30:14 PM com.jme3.bullet.objects.PhysicsRigidBody rebuildRigidBody
INFORMATION: Created 1789692d930.
Sep 13, 2026 4:30:14 PM com.jme3.bullet.objects.PhysicsRigidBody rebuildRigidBody
INFORMATION: Created 1789692d2d0.
Sep 13, 2026 4:30:14 PM com.jme3.bullet.objects.PhysicsRigidBody rebuildRigidBody
INFORMATION: Created 1789692bc80.
Sep 13, 2026 4:30:14 PM com.jme3.bullet.objects.PhysicsRigidBody rebuildRigidBody
INFORMATION: Created 1789692ac90.
Sep 13, 2026 4:30:14 PM com.jme3.bullet.objects.PhysicsRigidBody rebuildRigidBody
INFORMATION: Created 1789692d600.
Sep 13, 2026 4:30:14 PM com.jme3.bullet.objects.PhysicsRigidBody rebuildRigidBody
INFORMATION: Created 1789692b620.
Sep 13, 2026 4:30:14 PM com.jme3.bullet.objects.PhysicsRigidBody rebuildRigidBody
INFORMATION: Created 1789692dc60.
Sep 13, 2026 4:30:14 PM com.jme3.bullet.objects.PhysicsRigidBody rebuildRigidBody
INFORMATION: Created 1789692cc70.
Sep 13, 2026 4:30:14 PM com.jme3.bullet.objects.PhysicsRigidBody rebuildRigidBody
INFORMATION: Created 1789692e2c0.
Sep 13, 2026 4:30:14 PM com.jme3.bullet.objects.PhysicsRigidBody rebuildRigidBody
INFORMATION: Created 1789692e920.
Sep 13, 2026 4:30:14 PM com.jme3.bullet.objects.PhysicsRigidBody rebuildRigidBody
INFORMATION: Created 1789692b2f0.
Sep 13, 2026 4:30:14 PM com.jme3.bullet.objects.PhysicsRigidBody rebuildRigidBody
INFORMATION: Created 1789692e5f0.
Sep 13, 2026 4:30:14 PM com.jme3.bullet.objects.PhysicsRigidBody rebuildRigidBody
INFORMATION: Created 1789692ec50.
Sep 13, 2026 4:30:14 PM com.jme3.bullet.objects.PhysicsRigidBody rebuildRigidBody
INFORMATION: Created 1789692afc0.
Sep 13, 2026 4:30:14 PM com.jme3.bullet.objects.PhysicsRigidBody rebuildRigidBody
INFORMATION: Created 1789692f5e0.
Sep 13, 2026 4:30:14 PM com.jme3.bullet.objects.PhysicsRigidBody rebuildRigidBody
INFORMATION: Created 1789692ef80.
Sep 13, 2026 4:30:14 PM com.jme3.bullet.objects.PhysicsRigidBody rebuildRigidBody
INFORMATION: Created 1789692c610.
Sep 13, 2026 4:30:14 PM com.jme3.bullet.objects.PhysicsRigidBody rebuildRigidBody
INFORMATION: Created 1789692f2b0.
Sep 13, 2026 4:30:14 PM com.jme3.bullet.objects.PhysicsRigidBody rebuildRigidBody
INFORMATION: Created 1789692cfa0.
Sep 13, 2026 4:30:14 PM com.jme3.bullet.objects.PhysicsRigidBody rebuildRigidBody
INFORMATION: Created 1789692f910.
Sep 13, 2026 4:30:14 PM com.jme3.bullet.objects.PhysicsRigidBody rebuildRigidBody
INFORMATION: Created 1789692fc40.
Sep 13, 2026 4:30:14 PM com.jme3.bullet.objects.PhysicsRigidBody rebuildRigidBody
INFORMATION: Created 1789692bfb0.
Sep 13, 2026 4:30:14 PM com.jme3.bullet.objects.PhysicsRigidBody rebuildRigidBody
INFORMATION: Created 1789692ff70.
Sep 13, 2026 4:30:14 PM com.jme3.bullet.objects.PhysicsRigidBody rebuildRigidBody
INFORMATION: Created 1789692c2e0.
Sep 13, 2026 4:30:14 PM com.jme3.bullet.objects.PhysicsRigidBody rebuildRigidBody
INFORMATION: Created 17896932c10.
Sep 13, 2026 4:30:14 PM com.jme3.bullet.objects.PhysicsRigidBody rebuildRigidBody
INFORMATION: Created 17896931f50.
Sep 13, 2026 4:30:14 PM com.jme3.bullet.objects.PhysicsRigidBody rebuildRigidBody
INFORMATION: Created 17896932280.
Sep 13, 2026 4:30:14 PM com.jme3.bullet.objects.PhysicsRigidBody rebuildRigidBody
INFORMATION: Created 178969335a0.
Sep 13, 2026 4:30:14 PM com.jme3.bullet.objects.PhysicsRigidBody rebuildRigidBody
INFORMATION: Created 17896933f30.
Sep 13, 2026 4:30:14 PM com.jme3.bullet.objects.PhysicsRigidBody rebuildRigidBody
INFORMATION: Created 178969302a0.
Sep 13, 2026 4:30:14 PM com.jme3.bullet.objects.PhysicsRigidBody rebuildRigidBody
INFORMATION: Created 178969325b0.
Sep 13, 2026 4:30:14 PM com.jme3.bullet.objects.PhysicsRigidBody rebuildRigidBody
INFORMATION: Created 178969318f0.
Sep 13, 2026 4:30:14 PM com.jme3.bullet.objects.PhysicsRigidBody rebuildRigidBody
INFORMATION: Created 17896934260.
Sep 13, 2026 4:30:14 PM com.jme3.bullet.objects.PhysicsRigidBody rebuildRigidBody
INFORMATION: Created 17896932f40.
Sep 13, 2026 4:30:14 PM com.jme3.bullet.objects.PhysicsRigidBody rebuildRigidBody
INFORMATION: Created 178969338d0.
Sep 13, 2026 4:30:14 PM com.jme3.bullet.objects.PhysicsRigidBody rebuildRigidBody
INFORMATION: Created 178969305d0.
Sep 13, 2026 4:30:14 PM com.jme3.bullet.objects.PhysicsRigidBody rebuildRigidBody
INFORMATION: Created 17896931c20.
Sep 13, 2026 4:30:14 PM com.jme3.bullet.objects.PhysicsRigidBody rebuildRigidBody
INFORMATION: Created 178969328e0.
Sep 13, 2026 4:30:14 PM com.jme3.bullet.objects.PhysicsRigidBody rebuildRigidBody
INFORMATION: Created 17896930f60.
Sep 13, 2026 4:30:14 PM com.jme3.bullet.objects.PhysicsRigidBody rebuildRigidBody
INFORMATION: Created 17896933270.
[GAME] Spielstand geladen.
Sep 13, 2026 4:30:15 PM com.jme3.anim.SkinningControl controlRender
INFORMATION: Hardware skinning engaged for Scene (Node)
Sep 13, 2026 4:30:15 PM com.jme3.anim.SkinningControl controlRender
INFORMATION: Hardware skinning engaged for Scene (Node)
Sep 13, 2026 4:30:15 PM com.jme3.anim.SkinningControl controlRender
INFORMATION: Hardware skinning engaged for Scene (Node)
Sep 13, 2026 4:30:15 PM com.jme3.anim.SkinningControl controlRender
INFORMATION: Hardware skinning engaged for Scene (Node)
[SMOKE] stage 13
Sep 13, 2026 4:30:17 PM com.jme3.bullet.objects.PhysicsRigidBody rebuildRigidBody
INFORMATION: Created 178969315c0.
Sep 13, 2026 4:30:17 PM com.jme3.bullet.objects.PhysicsRigidBody rebuildRigidBody
INFORMATION: Created 17896930900.
Sep 13, 2026 4:30:17 PM com.jme3.bullet.objects.PhysicsRigidBody rebuildRigidBody
INFORMATION: Created 17896934590.
Sep 13, 2026 4:30:17 PM com.jme3.bullet.objects.PhysicsRigidBody rebuildRigidBody
INFORMATION: Created 178969348c0.
Sep 13, 2026 4:30:17 PM com.jme3.bullet.objects.PhysicsRigidBody rebuildRigidBody
INFORMATION: Created 17896930c30.
Sep 13, 2026 4:30:17 PM com.jme3.bullet.objects.PhysicsRigidBody rebuildRigidBody
INFORMATION: Created 17896934bf0.
Sep 13, 2026 4:30:17 PM com.jme3.bullet.objects.PhysicsRigidBody rebuildRigidBody
INFORMATION: Created 17896934f20.
Sep 13, 2026 4:30:17 PM com.jme3.bullet.objects.PhysicsRigidBody rebuildRigidBody
INFORMATION: Created 17896931290.
Sep 13, 2026 4:30:17 PM com.jme3.bullet.objects.PhysicsRigidBody rebuildRigidBody
INFORMATION: Created 17896935250.
Sep 13, 2026 4:30:17 PM com.jme3.bullet.objects.PhysicsRigidBody rebuildRigidBody
INFORMATION: Created 178969368a0.
Sep 13, 2026 4:30:17 PM com.jme3.bullet.objects.PhysicsRigidBody rebuildRigidBody
INFORMATION: Created 17896936bd0.
Sep 13, 2026 4:30:17 PM com.jme3.bullet.objects.PhysicsRigidBody rebuildRigidBody
INFORMATION: Created 17896936f00.
Sep 13, 2026 4:30:17 PM com.jme3.bullet.objects.PhysicsRigidBody rebuildRigidBody
INFORMATION: Created 17896937230.
Sep 13, 2026 4:30:17 PM com.jme3.bullet.objects.PhysicsRigidBody rebuildRigidBody
INFORMATION: Created 17896935580.
Sep 13, 2026 4:30:17 PM com.jme3.bullet.objects.PhysicsRigidBody rebuildRigidBody
INFORMATION: Created 17896936570.
Sep 13, 2026 4:30:17 PM com.jme3.bullet.objects.PhysicsRigidBody rebuildRigidBody
INFORMATION: Created 178969358b0.
Sep 13, 2026 4:30:17 PM com.jme3.bullet.objects.PhysicsRigidBody rebuildRigidBody
INFORMATION: Created 17896935be0.
Sep 13, 2026 4:30:17 PM com.jme3.bullet.objects.PhysicsRigidBody rebuildRigidBody
INFORMATION: Created 17896935f10.
Sep 13, 2026 4:30:17 PM com.jme3.bullet.objects.PhysicsRigidBody rebuildRigidBody
INFORMATION: Created 17896937560.
Sep 13, 2026 4:30:17 PM com.jme3.bullet.objects.PhysicsRigidBody rebuildRigidBody
INFORMATION: Created 17896936240.
Sep 13, 2026 4:30:17 PM com.jme3.bullet.objects.PhysicsRigidBody rebuildRigidBody
INFORMATION: Created 17896938bb0.
Sep 13, 2026 4:30:17 PM com.jme3.bullet.objects.PhysicsRigidBody rebuildRigidBody
INFORMATION: Created 17896938ee0.
Sep 13, 2026 4:30:17 PM com.jme3.bullet.objects.PhysicsRigidBody rebuildRigidBody
INFORMATION: Created 17896938220.
Sep 13, 2026 4:30:17 PM com.jme3.bullet.objects.PhysicsRigidBody rebuildRigidBody
INFORMATION: Created 1789693b520.
Sep 13, 2026 4:30:17 PM com.jme3.bullet.objects.PhysicsRigidBody rebuildRigidBody
INFORMATION: Created 17896938550.
Sep 13, 2026 4:30:17 PM com.jme3.bullet.objects.PhysicsRigidBody rebuildRigidBody
INFORMATION: Created 17896939ba0.
Sep 13, 2026 4:30:17 PM com.jme3.bullet.objects.PhysicsRigidBody rebuildRigidBody
INFORMATION: Created 1789693ab90.
Sep 13, 2026 4:30:17 PM com.jme3.bullet.objects.PhysicsRigidBody rebuildRigidBody
INFORMATION: Created 17896939210.
Sep 13, 2026 4:30:17 PM com.jme3.bullet.objects.PhysicsRigidBody rebuildRigidBody
INFORMATION: Created 1789693aec0.
Sep 13, 2026 4:30:17 PM com.jme3.bullet.objects.PhysicsRigidBody rebuildRigidBody
INFORMATION: Created 1789693a530.
Sep 13, 2026 4:30:17 PM com.jme3.bullet.objects.PhysicsRigidBody rebuildRigidBody
INFORMATION: Created 1789693b1f0.
Sep 13, 2026 4:30:17 PM com.jme3.bullet.objects.PhysicsRigidBody rebuildRigidBody
INFORMATION: Created 1789693a860.
Sep 13, 2026 4:30:17 PM com.jme3.bullet.objects.PhysicsRigidBody rebuildRigidBody
INFORMATION: Created 17896939ed0.
Sep 13, 2026 4:30:17 PM com.jme3.bullet.objects.PhysicsRigidBody rebuildRigidBody
INFORMATION: Created 17896939540.
Sep 13, 2026 4:30:17 PM com.jme3.bullet.objects.PhysicsRigidBody rebuildRigidBody
INFORMATION: Created 17896938880.
Sep 13, 2026 4:30:17 PM com.jme3.bullet.objects.PhysicsRigidBody rebuildRigidBody
INFORMATION: Created 17896937890.
Sep 13, 2026 4:30:17 PM com.jme3.bullet.objects.PhysicsRigidBody rebuildRigidBody
INFORMATION: Created 1789693a200.
Sep 13, 2026 4:30:17 PM com.jme3.bullet.objects.PhysicsRigidBody rebuildRigidBody
INFORMATION: Created 17896937bc0.
Sep 13, 2026 4:30:17 PM com.jme3.bullet.objects.PhysicsRigidBody rebuildRigidBody
INFORMATION: Created 1789693b850.
Sep 13, 2026 4:30:17 PM com.jme3.bullet.objects.PhysicsRigidBody rebuildRigidBody
INFORMATION: Created 17896939870.
Sep 13, 2026 4:30:17 PM com.jme3.bullet.objects.PhysicsRigidBody rebuildRigidBody
INFORMATION: Created 1789693bb80.
Sep 13, 2026 4:30:17 PM com.jme3.bullet.objects.PhysicsRigidBody rebuildRigidBody
INFORMATION: Created 17896937ef0.
Sep 13, 2026 4:30:17 PM com.jme3.bullet.objects.PhysicsRigidBody rebuildRigidBody
INFORMATION: Created 1789693beb0.
Sep 13, 2026 4:30:17 PM com.jme3.bullet.objects.PhysicsRigidBody rebuildRigidBody
INFORMATION: Created 1789693c1e0.
Sep 13, 2026 4:30:17 PM com.jme3.bullet.objects.PhysicsRigidBody rebuildRigidBody
INFORMATION: Created 1789693c510.
Sep 13, 2026 4:30:17 PM com.jme3.bullet.objects.PhysicsRigidBody rebuildRigidBody
INFORMATION: Created 1789693c840.
Sep 13, 2026 4:30:17 PM com.jme3.bullet.objects.PhysicsRigidBody rebuildRigidBody
INFORMATION: Created 1789693cb70.
Sep 13, 2026 4:30:17 PM com.jme3.bullet.objects.PhysicsRigidBody rebuildRigidBody
INFORMATION: Created 1789693d830.
Sep 13, 2026 4:30:17 PM com.jme3.bullet.objects.PhysicsRigidBody rebuildRigidBody
INFORMATION: Created 1789693d500.
Sep 13, 2026 4:30:17 PM com.jme3.bullet.objects.PhysicsRigidBody rebuildRigidBody
INFORMATION: Created 1789693cea0.
Sep 13, 2026 4:30:17 PM com.jme3.bullet.objects.PhysicsRigidBody rebuildRigidBody
INFORMATION: Created 1789693d1d0.
Sep 13, 2026 4:30:17 PM com.jme3.bullet.objects.PhysicsRigidBody rebuildRigidBody
INFORMATION: Created 1789693db60.
Sep 13, 2026 4:30:17 PM com.jme3.bullet.objects.PhysicsRigidBody rebuildRigidBody
INFORMATION: Created 178adef33a0.
Sep 13, 2026 4:30:17 PM com.jme3.bullet.objects.PhysicsRigidBody rebuildRigidBody
INFORMATION: Created 178adef4390.
Sep 13, 2026 4:30:17 PM com.jme3.bullet.objects.PhysicsRigidBody rebuildRigidBody
INFORMATION: Created 178adef5380.
Sep 13, 2026 4:30:17 PM com.jme3.bullet.objects.PhysicsRigidBody rebuildRigidBody
INFORMATION: Created 178adef36d0.
Sep 13, 2026 4:30:17 PM com.jme3.bullet.objects.PhysicsRigidBody rebuildRigidBody
INFORMATION: Created 178adef56b0.
Sep 13, 2026 4:30:17 PM com.jme3.bullet.objects.PhysicsRigidBody rebuildRigidBody
INFORMATION: Created 178adef4d20.
Sep 13, 2026 4:30:17 PM com.jme3.bullet.objects.PhysicsRigidBody rebuildRigidBody
INFORMATION: Created 178adef59e0.
Sep 13, 2026 4:30:17 PM com.jme3.bullet.objects.PhysicsRigidBody rebuildRigidBody
INFORMATION: Created 178adef5050.
Sep 13, 2026 4:30:17 PM com.jme3.bullet.objects.PhysicsRigidBody rebuildRigidBody
INFORMATION: Created 178adef46c0.
Sep 13, 2026 4:30:17 PM com.jme3.bullet.objects.PhysicsRigidBody rebuildRigidBody
INFORMATION: Created 178adef3a00.
Sep 13, 2026 4:30:17 PM com.jme3.bullet.objects.PhysicsRigidBody rebuildRigidBody
INFORMATION: Created 178adef2d40.
Sep 13, 2026 4:30:17 PM com.jme3.bullet.objects.PhysicsRigidBody rebuildRigidBody
INFORMATION: Created 178adef5d10.
Sep 13, 2026 4:30:17 PM com.jme3.bullet.objects.PhysicsRigidBody rebuildRigidBody
INFORMATION: Created 178adef3d30.
Sep 13, 2026 4:30:17 PM com.jme3.bullet.objects.PhysicsRigidBody rebuildRigidBody
INFORMATION: Created 178adef4060.
Sep 13, 2026 4:30:17 PM com.jme3.bullet.objects.PhysicsRigidBody rebuildRigidBody
INFORMATION: Created 178adef49f0.
Sep 13, 2026 4:30:17 PM com.jme3.bullet.objects.PhysicsRigidBody rebuildRigidBody
INFORMATION: Created 178adef23b0.
Sep 13, 2026 4:30:17 PM com.jme3.bullet.objects.PhysicsRigidBody rebuildRigidBody
INFORMATION: Created 178adef2080.
Sep 13, 2026 4:30:17 PM com.jme3.bullet.objects.PhysicsRigidBody rebuildRigidBody
INFORMATION: Created 178adef6040.
Sep 13, 2026 4:30:17 PM com.jme3.bullet.objects.PhysicsRigidBody rebuildRigidBody
INFORMATION: Created 178adef6370.
Sep 13, 2026 4:30:17 PM com.jme3.bullet.objects.PhysicsRigidBody rebuildRigidBody
INFORMATION: Created 178adef26e0.
Sep 13, 2026 4:30:17 PM com.jme3.bullet.objects.PhysicsRigidBody rebuildRigidBody
INFORMATION: Created 178adef66a0.
Sep 13, 2026 4:30:17 PM com.jme3.bullet.objects.PhysicsRigidBody rebuildRigidBody
INFORMATION: Created 178adef2a10.
Sep 13, 2026 4:30:17 PM com.jme3.bullet.objects.PhysicsRigidBody rebuildRigidBody
INFORMATION: Created 178adef69d0.
Sep 13, 2026 4:30:17 PM com.jme3.bullet.objects.PhysicsRigidBody rebuildRigidBody
INFORMATION: Created 178adef6d00.
Sep 13, 2026 4:30:17 PM com.jme3.bullet.objects.PhysicsRigidBody rebuildRigidBody
INFORMATION: Created 178adef3070.
Sep 13, 2026 4:30:17 PM com.jme3.bullet.objects.PhysicsRigidBody rebuildRigidBody
INFORMATION: Created 178adef9340.
Sep 13, 2026 4:30:17 PM com.jme3.bullet.objects.PhysicsRigidBody rebuildRigidBody
INFORMATION: Created 178adefacc0.
Sep 13, 2026 4:30:17 PM com.jme3.bullet.objects.PhysicsRigidBody rebuildRigidBody
INFORMATION: Created 178adef7690.
Sep 13, 2026 4:30:17 PM com.jme3.bullet.objects.PhysicsRigidBody rebuildRigidBody
INFORMATION: Created 178adef8680.
Sep 13, 2026 4:30:17 PM com.jme3.bullet.objects.PhysicsRigidBody rebuildRigidBody
INFORMATION: Created 178adef7cf0.
Sep 13, 2026 4:30:17 PM com.jme3.bullet.objects.PhysicsRigidBody rebuildRigidBody
INFORMATION: Created 178adef7360.
Sep 13, 2026 4:30:17 PM com.jme3.bullet.objects.PhysicsRigidBody rebuildRigidBody
INFORMATION: Created 178adef7030.
Sep 13, 2026 4:30:17 PM com.jme3.bullet.objects.PhysicsRigidBody rebuildRigidBody
INFORMATION: Created 178adef8020.
Sep 13, 2026 4:30:17 PM com.jme3.bullet.objects.PhysicsRigidBody rebuildRigidBody
INFORMATION: Created 178adef9670.
Sep 13, 2026 4:30:17 PM com.jme3.bullet.objects.PhysicsRigidBody rebuildRigidBody
INFORMATION: Created 178adefaff0.
Sep 13, 2026 4:30:17 PM com.jme3.bullet.objects.PhysicsRigidBody rebuildRigidBody
INFORMATION: Created 178adefa660.
Sep 13, 2026 4:30:17 PM com.jme3.bullet.objects.PhysicsRigidBody rebuildRigidBody
INFORMATION: Created 178adef99a0.
Sep 13, 2026 4:30:17 PM com.jme3.bullet.objects.PhysicsRigidBody rebuildRigidBody
INFORMATION: Created 178adefb320.
Sep 13, 2026 4:30:17 PM com.jme3.bullet.objects.PhysicsRigidBody rebuildRigidBody
INFORMATION: Created 178adef9010.
Sep 13, 2026 4:30:17 PM com.jme3.bullet.objects.PhysicsRigidBody rebuildRigidBody
INFORMATION: Created 178adefb650.
Sep 13, 2026 4:30:17 PM com.jme3.bullet.objects.PhysicsRigidBody rebuildRigidBody
INFORMATION: Created 178adef9cd0.
Sep 13, 2026 4:30:17 PM com.jme3.bullet.objects.PhysicsRigidBody rebuildRigidBody
INFORMATION: Created 178adef8350.
Sep 13, 2026 4:30:17 PM com.jme3.bullet.objects.PhysicsRigidBody rebuildRigidBody
INFORMATION: Created 178adef89b0.
Sep 13, 2026 4:30:17 PM com.jme3.bullet.objects.PhysicsRigidBody rebuildRigidBody
INFORMATION: Created 178adefa000.
Sep 13, 2026 4:30:17 PM com.jme3.bullet.objects.PhysicsRigidBody rebuildRigidBody
INFORMATION: Created 178adefa990.
Sep 13, 2026 4:30:17 PM com.jme3.bullet.objects.PhysicsRigidBody rebuildRigidBody
INFORMATION: Created 178adefa330.
Sep 13, 2026 4:30:17 PM com.jme3.bullet.objects.PhysicsRigidBody rebuildRigidBody
INFORMATION: Created 178adef79c0.
Sep 13, 2026 4:30:17 PM com.jme3.bullet.objects.PhysicsRigidBody rebuildRigidBody
INFORMATION: Created 178adefb980.
Sep 13, 2026 4:30:17 PM com.jme3.bullet.objects.PhysicsRigidBody rebuildRigidBody
INFORMATION: Created 178adefbcb0.
Sep 13, 2026 4:30:17 PM com.jme3.bullet.objects.PhysicsRigidBody rebuildRigidBody
INFORMATION: Created 178adefbfe0.
Sep 13, 2026 4:30:17 PM com.jme3.bullet.objects.PhysicsRigidBody rebuildRigidBody
INFORMATION: Created 178adefc310.
Sep 13, 2026 4:30:17 PM com.jme3.bullet.objects.PhysicsRigidBody rebuildRigidBody
INFORMATION: Created 178adefc640.
Sep 13, 2026 4:30:17 PM com.jme3.bullet.objects.PhysicsRigidBody rebuildRigidBody
INFORMATION: Created 178adefc970.
Sep 13, 2026 4:30:17 PM com.jme3.bullet.objects.PhysicsRigidBody rebuildRigidBody
INFORMATION: Created 178adef8ce0.
Sep 13, 2026 4:30:17 PM com.jme3.bullet.objects.PhysicsRigidBody rebuildRigidBody
INFORMATION: Created 178adefcca0.
Sep 13, 2026 4:30:17 PM com.jme3.bullet.objects.PhysicsRigidBody rebuildRigidBody
INFORMATION: Created 178adefd300.
Sep 13, 2026 4:30:17 PM com.jme3.bullet.objects.PhysicsRigidBody rebuildRigidBody
INFORMATION: Created 178adefd630.
Sep 13, 2026 4:30:17 PM com.jme3.bullet.objects.PhysicsRigidBody rebuildRigidBody
INFORMATION: Created 178adefcfd0.
Sep 13, 2026 4:30:17 PM com.jme3.bullet.objects.PhysicsRigidBody rebuildRigidBody
INFORMATION: Created 178adefd960.
Sep 13, 2026 4:30:17 PM com.jme3.bullet.objects.PhysicsRigidBody rebuildRigidBody
INFORMATION: Created 178adefe620.
Sep 13, 2026 4:30:17 PM com.jme3.bullet.objects.PhysicsRigidBody rebuildRigidBody
INFORMATION: Created 178adefe2f0.
Sep 13, 2026 4:30:17 PM com.jme3.bullet.objects.PhysicsRigidBody rebuildRigidBody
INFORMATION: Created 178adefdc90.
Sep 13, 2026 4:30:17 PM com.jme3.bullet.objects.PhysicsRigidBody rebuildRigidBody
INFORMATION: Created 178adefdfc0.
Sep 13, 2026 4:30:17 PM com.jme3.bullet.objects.PhysicsRigidBody rebuildRigidBody
INFORMATION: Created 178adefe950.
Sep 13, 2026 4:30:17 PM com.jme3.bullet.objects.PhysicsRigidBody rebuildRigidBody
INFORMATION: Created 178adf02910.
Sep 13, 2026 4:30:17 PM com.jme3.bullet.objects.PhysicsRigidBody rebuildRigidBody
INFORMATION: Created 178adefffa0.
Sep 13, 2026 4:30:17 PM com.jme3.bullet.objects.PhysicsRigidBody rebuildRigidBody
INFORMATION: Created 178adf00f90.
Sep 13, 2026 4:30:17 PM com.jme3.bullet.objects.PhysicsRigidBody rebuildRigidBody
INFORMATION: Created 178adf01f80.
Sep 13, 2026 4:30:17 PM com.jme3.bullet.objects.PhysicsRigidBody rebuildRigidBody
INFORMATION: Created 178adf002d0.
Sep 13, 2026 4:30:17 PM com.jme3.bullet.objects.PhysicsRigidBody rebuildRigidBody
INFORMATION: Created 178adf022b0.
Sep 13, 2026 4:30:17 PM com.jme3.bullet.objects.PhysicsRigidBody rebuildRigidBody
INFORMATION: Created 178adf01920.
Sep 13, 2026 4:30:17 PM com.jme3.bullet.objects.PhysicsRigidBody rebuildRigidBody
INFORMATION: Created 178adf00600.
Sep 13, 2026 4:30:17 PM com.jme3.bullet.objects.PhysicsRigidBody rebuildRigidBody
INFORMATION: Created 178adf01c50.
Sep 13, 2026 4:30:17 PM com.jme3.bullet.objects.PhysicsRigidBody rebuildRigidBody
INFORMATION: Created 178adf012c0.
Sep 13, 2026 4:30:17 PM com.jme3.bullet.objects.PhysicsRigidBody rebuildRigidBody
INFORMATION: Created 178adf00930.
Sep 13, 2026 4:30:17 PM com.jme3.bullet.objects.PhysicsRigidBody rebuildRigidBody
INFORMATION: Created 178adeff940.
Sep 13, 2026 4:30:17 PM com.jme3.bullet.objects.PhysicsRigidBody rebuildRigidBody
INFORMATION: Created 178adf025e0.
Sep 13, 2026 4:30:17 PM com.jme3.bullet.objects.PhysicsRigidBody rebuildRigidBody
INFORMATION: Created 178adf00c60.
Sep 13, 2026 4:30:17 PM com.jme3.bullet.objects.PhysicsRigidBody rebuildRigidBody
INFORMATION: Created 178adefec80.
Sep 13, 2026 4:30:17 PM com.jme3.bullet.objects.PhysicsRigidBody rebuildRigidBody
INFORMATION: Created 178adf02c40.
Sep 13, 2026 4:30:17 PM com.jme3.bullet.objects.PhysicsRigidBody rebuildRigidBody
INFORMATION: Created 178adeff2e0.
Sep 13, 2026 4:30:17 PM com.jme3.bullet.objects.PhysicsRigidBody rebuildRigidBody
INFORMATION: Created 178adf015f0.
Sep 13, 2026 4:30:17 PM com.jme3.bullet.objects.PhysicsRigidBody rebuildRigidBody
INFORMATION: Created 178adefefb0.
Sep 13, 2026 4:30:17 PM com.jme3.bullet.objects.PhysicsRigidBody rebuildRigidBody
INFORMATION: Created 178adf02f70.
Sep 13, 2026 4:30:17 PM com.jme3.bullet.objects.PhysicsRigidBody rebuildRigidBody
INFORMATION: Created 178adf032a0.
Sep 13, 2026 4:30:17 PM com.jme3.bullet.objects.PhysicsRigidBody rebuildRigidBody
INFORMATION: Created 178adeff610.
Sep 13, 2026 4:30:17 PM com.jme3.bullet.objects.PhysicsRigidBody rebuildRigidBody
INFORMATION: Created 178adf035d0.
Sep 13, 2026 4:30:17 PM com.jme3.bullet.objects.PhysicsRigidBody rebuildRigidBody
INFORMATION: Created 178adf03900.
Sep 13, 2026 4:30:17 PM com.jme3.bullet.objects.PhysicsRigidBody rebuildRigidBody
INFORMATION: Created 178adeffc70.
Sep 13, 2026 4:30:17 PM com.jme3.bullet.objects.PhysicsRigidBody rebuildRigidBody
INFORMATION: Created 178adf04c20.
Sep 13, 2026 4:30:17 PM com.jme3.bullet.objects.PhysicsRigidBody rebuildRigidBody
INFORMATION: Created 178adf06f30.
Sep 13, 2026 4:30:17 PM com.jme3.bullet.objects.PhysicsRigidBody rebuildRigidBody
INFORMATION: Created 178adf055b0.
Sep 13, 2026 4:30:17 PM com.jme3.bullet.objects.PhysicsRigidBody rebuildRigidBody
INFORMATION: Created 178adf04f50.
Sep 13, 2026 4:30:17 PM com.jme3.bullet.objects.PhysicsRigidBody rebuildRigidBody
INFORMATION: Created 178adf068d0.
Sep 13, 2026 4:30:17 PM com.jme3.bullet.objects.PhysicsRigidBody rebuildRigidBody
INFORMATION: Created 178adf045c0.
Sep 13, 2026 4:30:17 PM com.jme3.bullet.objects.PhysicsRigidBody rebuildRigidBody
INFORMATION: Created 178adf048f0.
Sep 13, 2026 4:30:17 PM com.jme3.bullet.objects.PhysicsRigidBody rebuildRigidBody
INFORMATION: Created 178adf078c0.
Sep 13, 2026 4:30:17 PM com.jme3.bullet.objects.PhysicsRigidBody rebuildRigidBody
INFORMATION: Created 178adf058e0.
Sep 13, 2026 4:30:17 PM com.jme3.bullet.objects.PhysicsRigidBody rebuildRigidBody
INFORMATION: Created 178adf065a0.
Sep 13, 2026 4:30:17 PM com.jme3.bullet.objects.PhysicsRigidBody rebuildRigidBody
INFORMATION: Created 178adf03c30.
[GAME] Willkommen im Ödland. Folge dem Feuer zu Mira. [E]
Sep 13, 2026 4:30:17 PM com.jme3.bullet.objects.PhysicsRigidBody rebuildRigidBody
INFORMATION: Created 17894d46ca0.
Sep 13, 2026 4:30:17 PM com.jme3.bullet.objects.PhysicsRigidBody rebuildRigidBody
INFORMATION: Created 17894d45cb0.
Sep 13, 2026 4:30:17 PM com.jme3.bullet.objects.PhysicsRigidBody rebuildRigidBody
INFORMATION: Created 17894d46640.
Sep 13, 2026 4:30:17 PM com.jme3.bullet.objects.PhysicsRigidBody rebuildRigidBody
INFORMATION: Created 17894d44990.
Sep 13, 2026 4:30:17 PM com.jme3.bullet.objects.PhysicsRigidBody rebuildRigidBody
INFORMATION: Created 17894d45fe0.
Sep 13, 2026 4:30:17 PM com.jme3.bullet.objects.PhysicsRigidBody rebuildRigidBody
INFORMATION: Created 17894d46310.
Sep 13, 2026 4:30:17 PM com.jme3.bullet.objects.PhysicsRigidBody rebuildRigidBody
INFORMATION: Created 17894d44cc0.
Sep 13, 2026 4:30:17 PM com.jme3.bullet.objects.PhysicsRigidBody rebuildRigidBody
INFORMATION: Created 17894d48c80.
Sep 13, 2026 4:30:17 PM com.jme3.bullet.objects.PhysicsRigidBody rebuildRigidBody
INFORMATION: Created 17894d48950.
Sep 13, 2026 4:30:17 PM com.jme3.bullet.objects.PhysicsRigidBody rebuildRigidBody
INFORMATION: Created 17894d45320.
Sep 13, 2026 4:30:17 PM com.jme3.bullet.objects.PhysicsRigidBody rebuildRigidBody
INFORMATION: Created 17894d47300.
Sep 13, 2026 4:30:17 PM com.jme3.bullet.objects.PhysicsRigidBody rebuildRigidBody
INFORMATION: Created 17894d46fd0.
Sep 13, 2026 4:30:17 PM com.jme3.bullet.objects.PhysicsRigidBody rebuildRigidBody
INFORMATION: Created 17894d47960.
Sep 13, 2026 4:30:17 PM com.jme3.bullet.objects.PhysicsRigidBody rebuildRigidBody
INFORMATION: Created 17894d46970.
Sep 13, 2026 4:30:17 PM com.jme3.bullet.objects.PhysicsRigidBody rebuildRigidBody
INFORMATION: Created 17894d47630.
Sep 13, 2026 4:30:17 PM com.jme3.bullet.objects.PhysicsRigidBody rebuildRigidBody
INFORMATION: Created 17894d44ff0.
Sep 13, 2026 4:30:17 PM com.jme3.bullet.objects.PhysicsRigidBody rebuildRigidBody
INFORMATION: Created 17894d47c90.
Sep 13, 2026 4:30:17 PM com.jme3.bullet.objects.PhysicsRigidBody rebuildRigidBody
INFORMATION: Created 17894d482f0.
Sep 13, 2026 4:30:17 PM com.jme3.bullet.objects.PhysicsRigidBody rebuildRigidBody
INFORMATION: Created 17894d47fc0.
Sep 13, 2026 4:30:17 PM com.jme3.bullet.objects.PhysicsRigidBody rebuildRigidBody
INFORMATION: Created 17894d45980.
Sep 13, 2026 4:30:17 PM com.jme3.bullet.objects.PhysicsRigidBody rebuildRigidBody
INFORMATION: Created 17894d48620.
Sep 13, 2026 4:30:17 PM com.jme3.bullet.objects.PhysicsRigidBody rebuildRigidBody
INFORMATION: Created 17894d48fb0.
Sep 13, 2026 4:30:17 PM com.jme3.bullet.objects.PhysicsRigidBody rebuildRigidBody
INFORMATION: Created 17894d492e0.
Sep 13, 2026 4:30:17 PM com.jme3.bullet.objects.PhysicsRigidBody rebuildRigidBody
INFORMATION: Created 17894d45650.
Sep 13, 2026 4:30:17 PM com.jme3.bullet.objects.PhysicsRigidBody rebuildRigidBody
INFORMATION: Created 17894d4c910.
Sep 13, 2026 4:30:17 PM com.jme3.bullet.objects.PhysicsRigidBody rebuildRigidBody
INFORMATION: Created 17894d4c5e0.
Sep 13, 2026 4:30:17 PM com.jme3.bullet.objects.PhysicsRigidBody rebuildRigidBody
INFORMATION: Created 17894d4bf80.
Sep 13, 2026 4:30:17 PM com.jme3.bullet.objects.PhysicsRigidBody rebuildRigidBody
INFORMATION: Created 17894d4ac60.
Sep 13, 2026 4:30:17 PM com.jme3.bullet.objects.PhysicsRigidBody rebuildRigidBody
INFORMATION: Created 17894d4d2a0.
Sep 13, 2026 4:30:17 PM com.jme3.bullet.objects.PhysicsRigidBody rebuildRigidBody
INFORMATION: Created 17894d49940.
Sep 13, 2026 4:30:17 PM com.jme3.bullet.objects.PhysicsRigidBody rebuildRigidBody
INFORMATION: Created 17894d49c70.
Sep 13, 2026 4:30:17 PM com.jme3.bullet.objects.PhysicsRigidBody rebuildRigidBody
INFORMATION: Created 17894d4b920.
Sep 13, 2026 4:30:17 PM com.jme3.bullet.objects.PhysicsRigidBody rebuildRigidBody
INFORMATION: Created 17894d4c2b0.
Sep 13, 2026 4:30:17 PM com.jme3.bullet.objects.PhysicsRigidBody rebuildRigidBody
INFORMATION: Created 17894d4a600.
Sep 13, 2026 4:30:17 PM com.jme3.bullet.objects.PhysicsRigidBody rebuildRigidBody
INFORMATION: Created 17894d49fa0.
Sep 13, 2026 4:30:17 PM com.jme3.bullet.objects.PhysicsRigidBody rebuildRigidBody
INFORMATION: Created 17894d4af90.
Sep 13, 2026 4:30:17 PM com.jme3.bullet.objects.PhysicsRigidBody rebuildRigidBody
INFORMATION: Created 17894d4bc50.
Sep 13, 2026 4:30:17 PM com.jme3.bullet.objects.PhysicsRigidBody rebuildRigidBody
INFORMATION: Created 17894d4cc40.
Sep 13, 2026 4:30:17 PM com.jme3.bullet.objects.PhysicsRigidBody rebuildRigidBody
INFORMATION: Created 17894d49610.
Sep 13, 2026 4:30:17 PM com.jme3.bullet.objects.PhysicsRigidBody rebuildRigidBody
INFORMATION: Created 17894d4b2c0.
Sep 13, 2026 4:30:17 PM com.jme3.bullet.objects.PhysicsRigidBody rebuildRigidBody
INFORMATION: Created 17894d4cf70.
Sep 13, 2026 4:30:17 PM com.jme3.bullet.objects.PhysicsRigidBody rebuildRigidBody
INFORMATION: Created 17894d4d5d0.
Sep 13, 2026 4:30:17 PM com.jme3.bullet.objects.PhysicsRigidBody rebuildRigidBody
INFORMATION: Created 17894d4b5f0.
Sep 13, 2026 4:30:17 PM com.jme3.bullet.objects.PhysicsRigidBody rebuildRigidBody
INFORMATION: Created 17894d4d900.
Sep 13, 2026 4:30:17 PM com.jme3.bullet.objects.PhysicsRigidBody rebuildRigidBody
INFORMATION: Created 17894d4dc30.
Sep 13, 2026 4:30:17 PM com.jme3.bullet.objects.PhysicsRigidBody rebuildRigidBody
INFORMATION: Created 17894d4a2d0.
Sep 13, 2026 4:30:17 PM com.jme3.bullet.objects.PhysicsRigidBody rebuildRigidBody
INFORMATION: Created 17894d51260.
Sep 13, 2026 4:30:17 PM com.jme3.bullet.objects.PhysicsRigidBody rebuildRigidBody
INFORMATION: Created 17894d4fc10.
Sep 13, 2026 4:30:17 PM com.jme3.bullet.objects.PhysicsRigidBody rebuildRigidBody
INFORMATION: Created 17894d4e5c0.
Sep 13, 2026 4:30:17 PM com.jme3.bullet.objects.PhysicsRigidBody rebuildRigidBody
INFORMATION: Created 17894d4ff40.
Sep 13, 2026 4:30:17 PM com.jme3.bullet.objects.PhysicsRigidBody rebuildRigidBody
INFORMATION: Created 17894d50270.
Sep 13, 2026 4:30:17 PM com.jme3.bullet.objects.PhysicsRigidBody rebuildRigidBody
INFORMATION: Created 17894d508d0.
Sep 13, 2026 4:30:17 PM com.jme3.bullet.objects.PhysicsRigidBody rebuildRigidBody
INFORMATION: Created 17894d4e290.
Sep 13, 2026 4:30:17 PM com.jme3.bullet.objects.PhysicsRigidBody rebuildRigidBody
INFORMATION: Created 17894d505a0.
Sep 13, 2026 4:30:17 PM com.jme3.bullet.objects.PhysicsRigidBody rebuildRigidBody
INFORMATION: Created 17894d4ef50.
Sep 13, 2026 4:30:17 PM com.jme3.bullet.objects.PhysicsRigidBody rebuildRigidBody
INFORMATION: Created 17894d50f30.
Sep 13, 2026 4:30:17 PM com.jme3.bullet.objects.PhysicsRigidBody rebuildRigidBody
INFORMATION: Created 17894d4df60.
Sep 13, 2026 4:30:17 PM com.jme3.bullet.objects.PhysicsRigidBody rebuildRigidBody
INFORMATION: Created 17894d50c00.
Sep 13, 2026 4:30:17 PM com.jme3.bullet.objects.PhysicsRigidBody rebuildRigidBody
INFORMATION: Created 17894d4e8f0.
Sep 13, 2026 4:30:17 PM com.jme3.bullet.objects.PhysicsRigidBody rebuildRigidBody
INFORMATION: Created 17894d4ec20.
Sep 13, 2026 4:30:17 PM com.jme3.bullet.objects.PhysicsRigidBody rebuildRigidBody
INFORMATION: Created 17894d4f280.
Sep 13, 2026 4:30:17 PM com.jme3.bullet.objects.PhysicsRigidBody rebuildRigidBody
INFORMATION: Created 17894d4f5b0.
Sep 13, 2026 4:30:17 PM com.jme3.bullet.objects.PhysicsRigidBody rebuildRigidBody
INFORMATION: Created 17894d4f8e0.
Sep 13, 2026 4:30:17 PM com.jme3.bullet.objects.PhysicsRigidBody rebuildRigidBody
INFORMATION: Created 17894d54bc0.
Sep 13, 2026 4:30:17 PM com.jme3.bullet.objects.PhysicsRigidBody rebuildRigidBody
INFORMATION: Created 17894d54230.
Sep 13, 2026 4:30:17 PM com.jme3.bullet.objects.PhysicsRigidBody rebuildRigidBody
INFORMATION: Created 17894d52f10.
Sep 13, 2026 4:30:17 PM com.jme3.bullet.objects.PhysicsRigidBody rebuildRigidBody
INFORMATION: Created 17894d53240.
Sep 13, 2026 4:30:17 PM com.jme3.bullet.objects.PhysicsRigidBody rebuildRigidBody
INFORMATION: Created 17894d53f00.
Sep 13, 2026 4:30:17 PM com.jme3.bullet.objects.PhysicsRigidBody rebuildRigidBody
INFORMATION: Created 17894d528b0.
Sep 13, 2026 4:30:17 PM com.jme3.bullet.objects.PhysicsRigidBody rebuildRigidBody
INFORMATION: Created 17894d53570.
Sep 13, 2026 4:30:17 PM com.jme3.bullet.objects.PhysicsRigidBody rebuildRigidBody
INFORMATION: Created 17894d54560.
Sep 13, 2026 4:30:17 PM com.jme3.bullet.objects.PhysicsRigidBody rebuildRigidBody
INFORMATION: Created 17894d538a0.
Sep 13, 2026 4:30:17 PM com.jme3.bullet.objects.PhysicsRigidBody rebuildRigidBody
INFORMATION: Created 17894d52be0.
Sep 13, 2026 4:30:17 PM com.jme3.bullet.objects.PhysicsRigidBody rebuildRigidBody
INFORMATION: Created 17894d53bd0.
Sep 13, 2026 4:30:17 PM com.jme3.bullet.objects.PhysicsRigidBody rebuildRigidBody
INFORMATION: Created 17894d54890.
Sep 13, 2026 4:30:17 PM com.jme3.bullet.objects.PhysicsRigidBody rebuildRigidBody
INFORMATION: Created 17894d52250.
Sep 13, 2026 4:30:17 PM com.jme3.bullet.objects.PhysicsRigidBody rebuildRigidBody
INFORMATION: Created 17894d54ef0.
Sep 13, 2026 4:30:17 PM com.jme3.bullet.objects.PhysicsRigidBody rebuildRigidBody
INFORMATION: Created 17894d51f20.
Sep 13, 2026 4:30:17 PM com.jme3.bullet.objects.PhysicsRigidBody rebuildRigidBody
INFORMATION: Created 17894d52580.
Sep 13, 2026 4:30:17 PM com.jme3.bullet.objects.PhysicsRigidBody rebuildRigidBody
INFORMATION: Created 17894d55220.
Sep 13, 2026 4:30:17 PM com.jme3.bullet.objects.PhysicsRigidBody rebuildRigidBody
INFORMATION: Created 17894d51590.
Sep 13, 2026 4:30:17 PM com.jme3.bullet.objects.PhysicsRigidBody rebuildRigidBody
INFORMATION: Created 17894d55550.
Sep 13, 2026 4:30:17 PM com.jme3.bullet.objects.PhysicsRigidBody rebuildRigidBody
INFORMATION: Created 17894d518c0.
Sep 13, 2026 4:30:17 PM com.jme3.bullet.objects.PhysicsRigidBody rebuildRigidBody
INFORMATION: Created 17894d55880.
Sep 13, 2026 4:30:17 PM com.jme3.bullet.objects.PhysicsRigidBody rebuildRigidBody
INFORMATION: Created 17894d51bf0.
Sep 13, 2026 4:30:17 PM com.jme3.bullet.objects.PhysicsRigidBody rebuildRigidBody
INFORMATION: Created 17894d57200.
Sep 13, 2026 4:30:17 PM com.jme3.bullet.objects.PhysicsRigidBody rebuildRigidBody
INFORMATION: Created 17894d55bb0.
Sep 13, 2026 4:30:17 PM com.jme3.bullet.objects.PhysicsRigidBody rebuildRigidBody
INFORMATION: Created 17894d57860.
Sep 13, 2026 4:30:17 PM com.jme3.bullet.objects.PhysicsRigidBody rebuildRigidBody
INFORMATION: Created 17894d55ee0.
Sep 13, 2026 4:30:17 PM com.jme3.bullet.objects.PhysicsRigidBody rebuildRigidBody
INFORMATION: Created 17894d56ed0.
Sep 13, 2026 4:30:17 PM com.jme3.bullet.objects.PhysicsRigidBody rebuildRigidBody
INFORMATION: Created 17894d57530.
Sep 13, 2026 4:30:17 PM com.jme3.bullet.objects.PhysicsRigidBody rebuildRigidBody
INFORMATION: Created 17894d56870.
Sep 13, 2026 4:30:17 PM com.jme3.bullet.objects.PhysicsRigidBody rebuildRigidBody
INFORMATION: Created 17894d59510.
Sep 13, 2026 4:30:17 PM com.jme3.bullet.objects.PhysicsRigidBody rebuildRigidBody
INFORMATION: Created 17894d58520.
Sep 13, 2026 4:30:17 PM com.jme3.bullet.objects.PhysicsRigidBody rebuildRigidBody
INFORMATION: Created 17894d56210.
Sep 13, 2026 4:30:17 PM com.jme3.bullet.objects.PhysicsRigidBody rebuildRigidBody
INFORMATION: Created 17894d5a1d0.
Sep 13, 2026 4:30:17 PM com.jme3.bullet.objects.PhysicsRigidBody rebuildRigidBody
INFORMATION: Created 17894d591e0.
Sep 13, 2026 4:30:17 PM com.jme3.bullet.objects.PhysicsRigidBody rebuildRigidBody
INFORMATION: Created 17894d57b90.
Sep 13, 2026 4:30:17 PM com.jme3.bullet.objects.PhysicsRigidBody rebuildRigidBody
INFORMATION: Created 17894d56ba0.
Sep 13, 2026 4:30:17 PM com.jme3.bullet.objects.PhysicsRigidBody rebuildRigidBody
INFORMATION: Created 17894d59b70.
Sep 13, 2026 4:30:17 PM com.jme3.bullet.objects.PhysicsRigidBody rebuildRigidBody
INFORMATION: Created 17894d57ec0.
Sep 13, 2026 4:30:17 PM com.jme3.bullet.objects.PhysicsRigidBody rebuildRigidBody
INFORMATION: Created 17894d581f0.
Sep 13, 2026 4:30:17 PM com.jme3.bullet.objects.PhysicsRigidBody rebuildRigidBody
INFORMATION: Created 17894d59840.
Sep 13, 2026 4:30:17 PM com.jme3.bullet.objects.PhysicsRigidBody rebuildRigidBody
INFORMATION: Created 17894d58850.
Sep 13, 2026 4:30:17 PM com.jme3.bullet.objects.PhysicsRigidBody rebuildRigidBody
INFORMATION: Created 17894d58b80.
Sep 13, 2026 4:30:17 PM com.jme3.bullet.objects.PhysicsRigidBody rebuildRigidBody
INFORMATION: Created 17894d58eb0.
Sep 13, 2026 4:30:17 PM com.jme3.bullet.objects.PhysicsRigidBody rebuildRigidBody
INFORMATION: Created 17894d59ea0.
Sep 13, 2026 4:30:17 PM com.jme3.bullet.objects.PhysicsRigidBody rebuildRigidBody
INFORMATION: Created 17894d56540.
Sep 13, 2026 4:30:17 PM com.jme3.bullet.objects.PhysicsRigidBody rebuildRigidBody
INFORMATION: Created 17894d5b4f0.
Sep 13, 2026 4:30:17 PM com.jme3.bullet.objects.PhysicsRigidBody rebuildRigidBody
INFORMATION: Created 17894d5b820.
Sep 13, 2026 4:30:17 PM com.jme3.bullet.objects.PhysicsRigidBody rebuildRigidBody
INFORMATION: Created 17894d5bb50.
Sep 13, 2026 4:30:17 PM com.jme3.bullet.objects.PhysicsRigidBody rebuildRigidBody
INFORMATION: Created 17894d5d800.
Sep 13, 2026 4:30:17 PM com.jme3.bullet.objects.PhysicsRigidBody rebuildRigidBody
INFORMATION: Created 17894d5b1c0.
Sep 13, 2026 4:30:17 PM com.jme3.bullet.objects.PhysicsRigidBody rebuildRigidBody
INFORMATION: Created 17894d5be80.
Sep 13, 2026 4:30:17 PM com.jme3.bullet.objects.PhysicsRigidBody rebuildRigidBody
INFORMATION: Created 17894d5c1b0.
Sep 13, 2026 4:30:17 PM com.jme3.bullet.objects.PhysicsRigidBody rebuildRigidBody
INFORMATION: Created 17894d5a830.
Sep 13, 2026 4:30:17 PM com.jme3.bullet.objects.PhysicsRigidBody rebuildRigidBody
INFORMATION: Created 17894d5c4e0.
Sep 13, 2026 4:30:17 PM com.jme3.bullet.objects.PhysicsRigidBody rebuildRigidBody
INFORMATION: Created 17894d5c810.
Sep 13, 2026 4:30:17 PM com.jme3.bullet.objects.PhysicsRigidBody rebuildRigidBody
INFORMATION: Created 17894d5cb40.
Sep 13, 2026 4:30:17 PM com.jme3.bullet.objects.PhysicsRigidBody rebuildRigidBody
INFORMATION: Created 17894d5ce70.
Sep 13, 2026 4:30:17 PM com.jme3.bullet.objects.PhysicsRigidBody rebuildRigidBody
INFORMATION: Created 17894d5d1a0.
Sep 13, 2026 4:30:17 PM com.jme3.bullet.objects.PhysicsRigidBody rebuildRigidBody
INFORMATION: Created 17894d5d4d0.
Sep 13, 2026 4:30:17 PM com.jme3.bullet.objects.PhysicsRigidBody rebuildRigidBody
INFORMATION: Created 17894d5db30.
Sep 13, 2026 4:30:17 PM com.jme3.bullet.objects.PhysicsRigidBody rebuildRigidBody
INFORMATION: Created 17894d5de60.
Sep 13, 2026 4:30:17 PM com.jme3.bullet.objects.PhysicsRigidBody rebuildRigidBody
INFORMATION: Created 17894d5a500.
Sep 13, 2026 4:30:17 PM com.jme3.bullet.objects.PhysicsRigidBody rebuildRigidBody
INFORMATION: Created 17894d5ab60.
Sep 13, 2026 4:30:17 PM com.jme3.bullet.objects.PhysicsRigidBody rebuildRigidBody
INFORMATION: Created 17894d5ae90.
Sep 13, 2026 4:30:17 PM com.jme3.bullet.objects.PhysicsRigidBody rebuildRigidBody
INFORMATION: Created 17894d60170.
Sep 13, 2026 4:30:17 PM com.jme3.bullet.objects.PhysicsRigidBody rebuildRigidBody
INFORMATION: Created 17894d5fb10.
Sep 13, 2026 4:30:17 PM com.jme3.bullet.objects.PhysicsRigidBody rebuildRigidBody
INFORMATION: Created 17894d5f4b0.
Sep 13, 2026 4:30:17 PM com.jme3.bullet.objects.PhysicsRigidBody rebuildRigidBody
INFORMATION: Created 17894d5e190.
Sep 13, 2026 4:30:17 PM com.jme3.bullet.objects.PhysicsRigidBody rebuildRigidBody
INFORMATION: Created 17894d5ee50.
Sep 13, 2026 4:30:17 PM com.jme3.bullet.objects.PhysicsRigidBody rebuildRigidBody
INFORMATION: Created 17894d5eb20.
Sep 13, 2026 4:30:17 PM com.jme3.bullet.objects.PhysicsRigidBody rebuildRigidBody
INFORMATION: Created 17894d61490.
Sep 13, 2026 4:30:17 PM com.jme3.bullet.objects.PhysicsRigidBody rebuildRigidBody
INFORMATION: Created 17894d61af0.
Sep 13, 2026 4:30:17 PM com.jme3.bullet.objects.PhysicsRigidBody rebuildRigidBody
INFORMATION: Created 17894d60b00.
Sep 13, 2026 4:30:17 PM com.jme3.bullet.objects.PhysicsRigidBody rebuildRigidBody
INFORMATION: Created 17894d5f7e0.
Sep 13, 2026 4:30:17 PM com.jme3.bullet.objects.PhysicsRigidBody rebuildRigidBody
INFORMATION: Created 17894d5e4c0.
Sep 13, 2026 4:30:17 PM com.jme3.bullet.objects.PhysicsRigidBody rebuildRigidBody
INFORMATION: Created 17894d61160.
Sep 13, 2026 4:30:17 PM com.jme3.bullet.objects.PhysicsRigidBody rebuildRigidBody
INFORMATION: Created 17894d61e20.
Sep 13, 2026 4:30:17 PM com.jme3.bullet.objects.PhysicsRigidBody rebuildRigidBody
INFORMATION: Created 17894d60e30.
Sep 13, 2026 4:30:17 PM com.jme3.bullet.objects.PhysicsRigidBody rebuildRigidBody
INFORMATION: Created 17894d62150.
Sep 13, 2026 4:30:17 PM com.jme3.bullet.objects.PhysicsRigidBody rebuildRigidBody
INFORMATION: Created 17894d5e7f0.
Sep 13, 2026 4:30:17 PM com.jme3.bullet.objects.PhysicsRigidBody rebuildRigidBody
INFORMATION: Created 17894d5fe40.
Sep 13, 2026 4:30:17 PM com.jme3.bullet.objects.PhysicsRigidBody rebuildRigidBody
INFORMATION: Created 17894d617c0.
Sep 13, 2026 4:30:17 PM com.jme3.bullet.objects.PhysicsRigidBody rebuildRigidBody
INFORMATION: Created 17894d62480.
Sep 13, 2026 4:30:17 PM com.jme3.bullet.objects.PhysicsRigidBody rebuildRigidBody
INFORMATION: Created 17894d627b0.
Sep 13, 2026 4:30:17 PM com.jme3.bullet.objects.PhysicsRigidBody rebuildRigidBody
INFORMATION: Created 17894d62ae0.
Sep 13, 2026 4:30:17 PM com.jme3.bullet.objects.PhysicsRigidBody rebuildRigidBody
INFORMATION: Created 17894d604a0.
Sep 13, 2026 4:30:17 PM com.jme3.bullet.objects.PhysicsRigidBody rebuildRigidBody
INFORMATION: Created 17894d607d0.
Sep 13, 2026 4:30:17 PM com.jme3.bullet.objects.PhysicsRigidBody rebuildRigidBody
INFORMATION: Created 17894d62e10.
Sep 13, 2026 4:30:17 PM com.jme3.bullet.objects.PhysicsRigidBody rebuildRigidBody
INFORMATION: Created 17894d5f180.
[CHECK] A new campaign must not respawn into the previous save
Sep 13, 2026 4:30:17 PM com.jme3.anim.SkinningControl controlRender
INFORMATION: Hardware skinning engaged for Scene (Node)
Sep 13, 2026 4:30:17 PM com.jme3.anim.SkinningControl controlRender
INFORMATION: Hardware skinning engaged for Scene (Node)
Sep 13, 2026 4:30:17 PM com.jme3.anim.SkinningControl controlRender
INFORMATION: Hardware skinning engaged for Scene (Node)
Sep 13, 2026 4:30:17 PM com.jme3.anim.SkinningControl controlRender
INFORMATION: Hardware skinning engaged for Scene (Node)
[SMOKE] stage 14
[GAME] Treffer  +22
[SMOKE] stage 15
[CHECK] Physical melee must hit the enemy
[GAME] Goblin besiegt  +35 EP  +8 Gold
[GAME] Goblin besiegt  +35 EP  +8 Gold
[GAME] Auftrag erfüllt: Ein Licht im Ödland  +40 EP
[GAME] Stufe 2 erreicht! K: Fähigkeiten verbessern.
[CHECK] Mira opens a dialogue
[CHECK] Mira starts the campaign
Sep 13, 2026 4:30:22 PM com.jme3.bullet.objects.PhysicsRigidBody rebuildRigidBody
INFORMATION: Created 17894d63470.
Sep 13, 2026 4:30:22 PM com.jme3.bullet.objects.PhysicsRigidBody rebuildRigidBody
INFORMATION: Created 17894d637a0.
Sep 13, 2026 4:30:22 PM com.jme3.bullet.objects.PhysicsRigidBody rebuildRigidBody
INFORMATION: Created 17894d63e00.
Sep 13, 2026 4:30:22 PM com.jme3.bullet.objects.PhysicsRigidBody rebuildRigidBody
INFORMATION: Created 17894d63ad0.
Sep 13, 2026 4:30:22 PM com.jme3.bullet.objects.PhysicsRigidBody rebuildRigidBody
INFORMATION: Created 17894d64130.
Sep 13, 2026 4:30:22 PM com.jme3.bullet.objects.PhysicsRigidBody rebuildRigidBody
INFORMATION: Created 17894d64460.
Sep 13, 2026 4:30:22 PM com.jme3.bullet.objects.PhysicsRigidBody rebuildRigidBody
INFORMATION: Created 1789691f080.
Sep 13, 2026 4:30:22 PM com.jme3.bullet.objects.PhysicsRigidBody rebuildRigidBody
INFORMATION: Created 1789691fd40.
Sep 13, 2026 4:30:22 PM com.jme3.bullet.objects.PhysicsRigidBody rebuildRigidBody
INFORMATION: Created 1789691e090.
Sep 13, 2026 4:30:22 PM com.jme3.bullet.objects.PhysicsRigidBody rebuildRigidBody
INFORMATION: Created 17896921060.
Sep 13, 2026 4:30:22 PM com.jme3.bullet.objects.PhysicsRigidBody rebuildRigidBody
INFORMATION: Created 178969219f0.
Sep 13, 2026 4:30:22 PM com.jme3.bullet.objects.PhysicsRigidBody rebuildRigidBody
INFORMATION: Created 178969206d0.
Sep 13, 2026 4:30:22 PM com.jme3.bullet.objects.PhysicsRigidBody rebuildRigidBody
INFORMATION: Created 17896920070.
Sep 13, 2026 4:30:22 PM com.jme3.bullet.objects.PhysicsRigidBody rebuildRigidBody
INFORMATION: Created 17896920d30.
Sep 13, 2026 4:30:22 PM com.jme3.bullet.objects.PhysicsRigidBody rebuildRigidBody
INFORMATION: Created 178969203a0.
Sep 13, 2026 4:30:22 PM com.jme3.bullet.objects.PhysicsRigidBody rebuildRigidBody
INFORMATION: Created 1789691e3c0.
Sep 13, 2026 4:30:22 PM com.jme3.bullet.objects.PhysicsRigidBody rebuildRigidBody
INFORMATION: Created 17896921390.
Sep 13, 2026 4:30:22 PM com.jme3.bullet.objects.PhysicsRigidBody rebuildRigidBody
INFORMATION: Created 17896921d20.
Sep 13, 2026 4:30:22 PM com.jme3.bullet.objects.PhysicsRigidBody rebuildRigidBody
INFORMATION: Created 178969216c0.
Sep 13, 2026 4:30:22 PM com.jme3.bullet.objects.PhysicsRigidBody rebuildRigidBody
INFORMATION: Created 17896920a00.
Sep 13, 2026 4:30:22 PM com.jme3.bullet.objects.PhysicsRigidBody rebuildRigidBody
INFORMATION: Created 17896922380.
Sep 13, 2026 4:30:22 PM com.jme3.bullet.objects.PhysicsRigidBody rebuildRigidBody
INFORMATION: Created 1789691e6f0.
Sep 13, 2026 4:30:22 PM com.jme3.bullet.objects.PhysicsRigidBody rebuildRigidBody
INFORMATION: Created 178969226b0.
Sep 13, 2026 4:30:22 PM com.jme3.bullet.objects.PhysicsRigidBody rebuildRigidBody
INFORMATION: Created 1789691ea20.
Sep 13, 2026 4:30:22 PM com.jme3.bullet.objects.PhysicsRigidBody rebuildRigidBody
INFORMATION: Created 178969229e0.
Sep 13, 2026 4:30:22 PM com.jme3.bullet.objects.PhysicsRigidBody rebuildRigidBody
INFORMATION: Created 1789691ed50.
Sep 13, 2026 4:30:22 PM com.jme3.bullet.objects.PhysicsRigidBody rebuildRigidBody
INFORMATION: Created 1789691f3b0.
Sep 13, 2026 4:30:22 PM com.jme3.bullet.objects.PhysicsRigidBody rebuildRigidBody
INFORMATION: Created 17896922d10.
Sep 13, 2026 4:30:22 PM com.jme3.bullet.objects.PhysicsRigidBody rebuildRigidBody
INFORMATION: Created 17896923040.
Sep 13, 2026 4:30:22 PM com.jme3.bullet.objects.PhysicsRigidBody rebuildRigidBody
INFORMATION: Created 17896923370.
Sep 13, 2026 4:30:22 PM com.jme3.bullet.objects.PhysicsRigidBody rebuildRigidBody
INFORMATION: Created 1789691f6e0.
Sep 13, 2026 4:30:22 PM com.jme3.bullet.objects.PhysicsRigidBody rebuildRigidBody
INFORMATION: Created 178969236a0.
Sep 13, 2026 4:30:22 PM com.jme3.bullet.objects.PhysicsRigidBody rebuildRigidBody
INFORMATION: Created 1789691fa10.
Sep 13, 2026 4:30:22 PM com.jme3.bullet.objects.PhysicsRigidBody rebuildRigidBody
INFORMATION: Created 17896924360.
Sep 13, 2026 4:30:22 PM com.jme3.bullet.objects.PhysicsRigidBody rebuildRigidBody
INFORMATION: Created 17896924690.
Sep 13, 2026 4:30:22 PM com.jme3.bullet.objects.PhysicsRigidBody rebuildRigidBody
INFORMATION: Created 17896925ce0.
Sep 13, 2026 4:30:22 PM com.jme3.bullet.objects.PhysicsRigidBody rebuildRigidBody
INFORMATION: Created 178969249c0.
Sep 13, 2026 4:30:22 PM com.jme3.bullet.objects.PhysicsRigidBody rebuildRigidBody
INFORMATION: Created 17896925680.
Sep 13, 2026 4:30:22 PM com.jme3.bullet.objects.PhysicsRigidBody rebuildRigidBody
INFORMATION: Created 178969239d0.
Sep 13, 2026 4:30:22 PM com.jme3.bullet.objects.PhysicsRigidBody rebuildRigidBody
INFORMATION: Created 178969269a0.
Sep 13, 2026 4:30:22 PM com.jme3.bullet.objects.PhysicsRigidBody rebuildRigidBody
INFORMATION: Created 17896927330.
Sep 13, 2026 4:30:22 PM com.jme3.bullet.objects.PhysicsRigidBody rebuildRigidBody
INFORMATION: Created 17896926010.
Sep 13, 2026 4:30:22 PM com.jme3.bullet.objects.PhysicsRigidBody rebuildRigidBody
INFORMATION: Created 17896924030.
Sep 13, 2026 4:30:22 PM com.jme3.bullet.objects.PhysicsRigidBody rebuildRigidBody
INFORMATION: Created 17896927660.
Sep 13, 2026 4:30:22 PM com.jme3.bullet.objects.PhysicsRigidBody rebuildRigidBody
INFORMATION: Created 17896927990.
Sep 13, 2026 4:30:22 PM com.jme3.bullet.objects.PhysicsRigidBody rebuildRigidBody
INFORMATION: Created 17896924cf0.
Sep 13, 2026 4:30:22 PM com.jme3.bullet.objects.PhysicsRigidBody rebuildRigidBody
INFORMATION: Created 17896925350.
Sep 13, 2026 4:30:22 PM com.jme3.bullet.objects.PhysicsRigidBody rebuildRigidBody
INFORMATION: Created 17896925020.
Sep 13, 2026 4:30:22 PM com.jme3.bullet.objects.PhysicsRigidBody rebuildRigidBody
INFORMATION: Created 178969259b0.
Sep 13, 2026 4:30:22 PM com.jme3.bullet.objects.PhysicsRigidBody rebuildRigidBody
INFORMATION: Created 17896923d00.
Sep 13, 2026 4:30:22 PM com.jme3.bullet.objects.PhysicsRigidBody rebuildRigidBody
INFORMATION: Created 17896927ff0.
Sep 13, 2026 4:30:22 PM com.jme3.bullet.objects.PhysicsRigidBody rebuildRigidBody
INFORMATION: Created 17896928980.
Sep 13, 2026 4:30:22 PM com.jme3.bullet.objects.PhysicsRigidBody rebuildRigidBody
INFORMATION: Created 17896927000.
Sep 13, 2026 4:30:22 PM com.jme3.bullet.objects.PhysicsRigidBody rebuildRigidBody
INFORMATION: Created 17896927cc0.
Sep 13, 2026 4:30:22 PM com.jme3.bullet.objects.PhysicsRigidBody rebuildRigidBody
INFORMATION: Created 17896928650.
Sep 13, 2026 4:30:22 PM com.jme3.bullet.objects.PhysicsRigidBody rebuildRigidBody
INFORMATION: Created 17896928320.
Sep 13, 2026 4:30:22 PM com.jme3.bullet.objects.PhysicsRigidBody rebuildRigidBody
INFORMATION: Created 17896926670.
Sep 13, 2026 4:30:22 PM com.jme3.bullet.objects.PhysicsRigidBody rebuildRigidBody
INFORMATION: Created 17896926cd0.
Sep 13, 2026 4:30:22 PM com.jme3.bullet.objects.PhysicsRigidBody rebuildRigidBody
INFORMATION: Created 17896928cb0.
Sep 13, 2026 4:30:22 PM com.jme3.bullet.objects.PhysicsRigidBody rebuildRigidBody
INFORMATION: Created 17896928fe0.
Sep 13, 2026 4:30:22 PM com.jme3.bullet.objects.PhysicsRigidBody rebuildRigidBody
INFORMATION: Created 17896929310.
Sep 13, 2026 4:30:22 PM com.jme3.bullet.objects.PhysicsRigidBody rebuildRigidBody
INFORMATION: Created 17896929640.
Sep 13, 2026 4:30:22 PM com.jme3.bullet.objects.PhysicsRigidBody rebuildRigidBody
INFORMATION: Created 17896929ca0.
Sep 13, 2026 4:30:22 PM com.jme3.bullet.objects.PhysicsRigidBody rebuildRigidBody
INFORMATION: Created 17896929970.
Sep 13, 2026 4:30:22 PM com.jme3.bullet.objects.PhysicsRigidBody rebuildRigidBody
INFORMATION: Created 17896929fd0.
Sep 13, 2026 4:30:22 PM com.jme3.bullet.objects.PhysicsRigidBody rebuildRigidBody
INFORMATION: Created 17896926340.
Sep 13, 2026 4:30:22 PM com.jme3.bullet.objects.PhysicsRigidBody rebuildRigidBody
INFORMATION: Created 1789692a300.
Sep 13, 2026 4:30:22 PM com.jme3.bullet.objects.PhysicsRigidBody rebuildRigidBody
INFORMATION: Created 1789692a630.
Sep 13, 2026 4:30:22 PM com.jme3.bullet.objects.PhysicsRigidBody rebuildRigidBody
INFORMATION: Created 1789692a960.
Sep 13, 2026 4:30:22 PM com.jme3.bullet.objects.PhysicsRigidBody rebuildRigidBody
INFORMATION: Created 1789692b620.
Sep 13, 2026 4:30:22 PM com.jme3.bullet.objects.PhysicsRigidBody rebuildRigidBody
INFORMATION: Created 1789692df90.
Sep 13, 2026 4:30:22 PM com.jme3.bullet.objects.PhysicsRigidBody rebuildRigidBody
INFORMATION: Created 1789692bc80.
Sep 13, 2026 4:30:22 PM com.jme3.bullet.objects.PhysicsRigidBody rebuildRigidBody
INFORMATION: Created 1789692d600.
Sep 13, 2026 4:30:22 PM com.jme3.bullet.objects.PhysicsRigidBody rebuildRigidBody
INFORMATION: Created 1789692ac90.
Sep 13, 2026 4:30:22 PM com.jme3.bullet.objects.PhysicsRigidBody rebuildRigidBody
INFORMATION: Created 1789692e920.
Sep 13, 2026 4:30:22 PM com.jme3.bullet.objects.PhysicsRigidBody rebuildRigidBody
INFORMATION: Created 1789692b950.
Sep 13, 2026 4:30:22 PM com.jme3.bullet.objects.PhysicsRigidBody rebuildRigidBody
INFORMATION: Created 1789692ec50.
Sep 13, 2026 4:30:22 PM com.jme3.bullet.objects.PhysicsRigidBody rebuildRigidBody
INFORMATION: Created 1789692afc0.
Sep 13, 2026 4:30:22 PM com.jme3.bullet.objects.PhysicsRigidBody rebuildRigidBody
INFORMATION: Created 1789692bfb0.
Sep 13, 2026 4:30:22 PM com.jme3.bullet.objects.PhysicsRigidBody rebuildRigidBody
INFORMATION: Created 1789692ef80.
Sep 13, 2026 4:30:22 PM com.jme3.bullet.objects.PhysicsRigidBody rebuildRigidBody
INFORMATION: Created 1789692dc60.
Sep 13, 2026 4:30:22 PM com.jme3.bullet.objects.PhysicsRigidBody rebuildRigidBody
INFORMATION: Created 1789692b2f0.
Sep 13, 2026 4:30:22 PM com.jme3.bullet.objects.PhysicsRigidBody rebuildRigidBody
INFORMATION: Created 1789692ff70.
Sep 13, 2026 4:30:22 PM com.jme3.bullet.objects.PhysicsRigidBody rebuildRigidBody
INFORMATION: Created 1789692fc40.
Sep 13, 2026 4:30:22 PM com.jme3.bullet.objects.PhysicsRigidBody rebuildRigidBody
INFORMATION: Created 1789692f2b0.
Sep 13, 2026 4:30:22 PM com.jme3.bullet.objects.PhysicsRigidBody rebuildRigidBody
INFORMATION: Created 1789692e2c0.
Sep 13, 2026 4:30:22 PM com.jme3.bullet.objects.PhysicsRigidBody rebuildRigidBody
INFORMATION: Created 1789692f5e0.
Sep 13, 2026 4:30:22 PM com.jme3.bullet.objects.PhysicsRigidBody rebuildRigidBody
INFORMATION: Created 1789692d2d0.
Sep 13, 2026 4:30:22 PM com.jme3.bullet.objects.PhysicsRigidBody rebuildRigidBody
INFORMATION: Created 1789692d930.
Sep 13, 2026 4:30:22 PM com.jme3.bullet.objects.PhysicsRigidBody rebuildRigidBody
INFORMATION: Created 1789692c2e0.
Sep 13, 2026 4:30:22 PM com.jme3.bullet.objects.PhysicsRigidBody rebuildRigidBody
INFORMATION: Created 1789692f910.
Sep 13, 2026 4:30:22 PM com.jme3.bullet.objects.PhysicsRigidBody rebuildRigidBody
INFORMATION: Created 1789692e5f0.
Sep 13, 2026 4:30:22 PM com.jme3.bullet.objects.PhysicsRigidBody rebuildRigidBody
INFORMATION: Created 178969302a0.
Sep 13, 2026 4:30:22 PM com.jme3.bullet.objects.PhysicsRigidBody rebuildRigidBody
INFORMATION: Created 1789692c610.
Sep 13, 2026 4:30:22 PM com.jme3.bullet.objects.PhysicsRigidBody rebuildRigidBody
INFORMATION: Created 1789692c940.
Sep 13, 2026 4:30:22 PM com.jme3.bullet.objects.PhysicsRigidBody rebuildRigidBody
INFORMATION: Created 1789692cfa0.
Sep 13, 2026 4:30:22 PM com.jme3.bullet.objects.PhysicsRigidBody rebuildRigidBody
INFORMATION: Created 178969305d0.
Sep 13, 2026 4:30:22 PM com.jme3.bullet.objects.PhysicsRigidBody rebuildRigidBody
INFORMATION: Created 1789692cc70.
Sep 13, 2026 4:30:22 PM com.jme3.bullet.objects.PhysicsRigidBody rebuildRigidBody
INFORMATION: Created 17896932c10.
Sep 13, 2026 4:30:22 PM com.jme3.bullet.objects.PhysicsRigidBody rebuildRigidBody
INFORMATION: Created 178969338d0.
Sep 13, 2026 4:30:22 PM com.jme3.bullet.objects.PhysicsRigidBody rebuildRigidBody
INFORMATION: Created 17896932f40.
Sep 13, 2026 4:30:22 PM com.jme3.bullet.objects.PhysicsRigidBody rebuildRigidBody
INFORMATION: Created 17896931c20.
Sep 13, 2026 4:30:22 PM com.jme3.bullet.objects.PhysicsRigidBody rebuildRigidBody
INFORMATION: Created 178969318f0.
Sep 13, 2026 4:30:22 PM com.jme3.bullet.objects.PhysicsRigidBody rebuildRigidBody
INFORMATION: Created 17896931f50.
Sep 13, 2026 4:30:22 PM com.jme3.bullet.objects.PhysicsRigidBody rebuildRigidBody
INFORMATION: Created 17896932280.
Sep 13, 2026 4:30:22 PM com.jme3.bullet.objects.PhysicsRigidBody rebuildRigidBody
INFORMATION: Created 178969325b0.
Sep 13, 2026 4:30:22 PM com.jme3.bullet.objects.PhysicsRigidBody rebuildRigidBody
INFORMATION: Created 178969335a0.
Sep 13, 2026 4:30:22 PM com.jme3.bullet.objects.PhysicsRigidBody rebuildRigidBody
INFORMATION: Created 17896933f30.
Sep 13, 2026 4:30:22 PM com.jme3.bullet.objects.PhysicsRigidBody rebuildRigidBody
INFORMATION: Created 17896934260.
Sep 13, 2026 4:30:22 PM com.jme3.bullet.objects.PhysicsRigidBody rebuildRigidBody
INFORMATION: Created 17894139c50.
Sep 13, 2026 4:30:22 PM com.jme3.bullet.objects.PhysicsRigidBody rebuildRigidBody
INFORMATION: Created 17894137c70.
Sep 13, 2026 4:30:22 PM com.jme3.bullet.objects.PhysicsRigidBody rebuildRigidBody
INFORMATION: Created 17894137fa0.
Sep 13, 2026 4:30:22 PM com.jme3.bullet.objects.PhysicsRigidBody rebuildRigidBody
INFORMATION: Created 17894136fb0.
Sep 13, 2026 4:30:22 PM com.jme3.bullet.objects.PhysicsRigidBody rebuildRigidBody
INFORMATION: Created 17894137940.
Sep 13, 2026 4:30:22 PM com.jme3.bullet.objects.PhysicsRigidBody rebuildRigidBody
INFORMATION: Created 178941382d0.
Sep 13, 2026 4:30:22 PM com.jme3.bullet.objects.PhysicsRigidBody rebuildRigidBody
INFORMATION: Created 17894139f80.
Sep 13, 2026 4:30:22 PM com.jme3.bullet.objects.PhysicsRigidBody rebuildRigidBody
INFORMATION: Created 17894137610.
Sep 13, 2026 4:30:22 PM com.jme3.bullet.objects.PhysicsRigidBody rebuildRigidBody
INFORMATION: Created 17894138600.
Sep 13, 2026 4:30:22 PM com.jme3.bullet.objects.PhysicsRigidBody rebuildRigidBody
INFORMATION: Created 1789413a910.
Sep 13, 2026 4:30:22 PM com.jme3.bullet.objects.PhysicsRigidBody rebuildRigidBody
INFORMATION: Created 1789413a5e0.
Sep 13, 2026 4:30:22 PM com.jme3.bullet.objects.PhysicsRigidBody rebuildRigidBody
INFORMATION: Created 17894138930.
Sep 13, 2026 4:30:22 PM com.jme3.bullet.objects.PhysicsRigidBody rebuildRigidBody
INFORMATION: Created 17894136c80.
Sep 13, 2026 4:30:22 PM com.jme3.bullet.objects.PhysicsRigidBody rebuildRigidBody
INFORMATION: Created 1789413a2b0.
Sep 13, 2026 4:30:22 PM com.jme3.bullet.objects.PhysicsRigidBody rebuildRigidBody
INFORMATION: Created 1789413ac40.
Sep 13, 2026 4:30:22 PM com.jme3.bullet.objects.PhysicsRigidBody rebuildRigidBody
INFORMATION: Created 178941395f0.
Sep 13, 2026 4:30:22 PM com.jme3.bullet.objects.PhysicsRigidBody rebuildRigidBody
INFORMATION: Created 178941372e0.
Sep 13, 2026 4:30:22 PM com.jme3.bullet.objects.PhysicsRigidBody rebuildRigidBody
INFORMATION: Created 17894138c60.
Sep 13, 2026 4:30:22 PM com.jme3.bullet.objects.PhysicsRigidBody rebuildRigidBody
INFORMATION: Created 17894138f90.
Sep 13, 2026 4:30:22 PM com.jme3.bullet.objects.PhysicsRigidBody rebuildRigidBody
INFORMATION: Created 178941392c0.
Sep 13, 2026 4:30:22 PM com.jme3.bullet.objects.PhysicsRigidBody rebuildRigidBody
INFORMATION: Created 17894139920.
Sep 13, 2026 4:30:22 PM com.jme3.bullet.objects.PhysicsRigidBody rebuildRigidBody
INFORMATION: Created 1789412c6c0.
Sep 13, 2026 4:30:22 PM com.jme3.bullet.objects.PhysicsRigidBody rebuildRigidBody
INFORMATION: Created 1789412bd30.
Sep 13, 2026 4:30:23 PM com.jme3.bullet.objects.PhysicsRigidBody rebuildRigidBody
INFORMATION: Created 1789412d6b0.
Sep 13, 2026 4:30:23 PM com.jme3.bullet.objects.PhysicsRigidBody rebuildRigidBody
INFORMATION: Created 1789412c9f0.
Sep 13, 2026 4:30:23 PM com.jme3.bullet.objects.PhysicsRigidBody rebuildRigidBody
INFORMATION: Created 1789412cd20.
Sep 13, 2026 4:30:23 PM com.jme3.bullet.objects.PhysicsRigidBody rebuildRigidBody
INFORMATION: Created 1789412d050.
Sep 13, 2026 4:30:23 PM com.jme3.bullet.objects.PhysicsRigidBody rebuildRigidBody
INFORMATION: Created 1789412c060.
Sep 13, 2026 4:30:23 PM com.jme3.bullet.objects.PhysicsRigidBody rebuildRigidBody
INFORMATION: Created 1789412c390.
Sep 13, 2026 4:30:23 PM com.jme3.bullet.objects.PhysicsRigidBody rebuildRigidBody
INFORMATION: Created 1789412e370.
Sep 13, 2026 4:30:23 PM com.jme3.bullet.objects.PhysicsRigidBody rebuildRigidBody
INFORMATION: Created 1789412d380.
Sep 13, 2026 4:30:23 PM com.jme3.bullet.objects.PhysicsRigidBody rebuildRigidBody
INFORMATION: Created 1789412dd10.
[GAME] Krypta der Eide
Sep 13, 2026 4:30:23 PM com.jme3.anim.SkinningControl controlRender
INFORMATION: Hardware skinning engaged for Scene (Node)
Sep 13, 2026 4:30:23 PM com.jme3.anim.SkinningControl controlRender
INFORMATION: Hardware skinning engaged for Scene (Node)
Sep 13, 2026 4:30:23 PM com.jme3.anim.SkinningControl controlRender
INFORMATION: Hardware skinning engaged for Scene (Node)
Sep 13, 2026 4:30:23 PM com.jme3.anim.SkinningControl controlRender
INFORMATION: Hardware skinning engaged for Scene (Node)
Sep 13, 2026 4:30:23 PM com.jme3.anim.SkinningControl controlRender
INFORMATION: Hardware skinning engaged for Scene (Node)
Sep 13, 2026 4:30:23 PM com.jme3.anim.SkinningControl controlRender
INFORMATION: Hardware skinning engaged for Scene (Node)
Sep 13, 2026 4:30:23 PM com.jme3.anim.SkinningControl controlRender
INFORMATION: Hardware skinning engaged for Scene (Node)
[SMOKE] stage 16
[CHECK] Crypt portal transition
[GAME] Goblin besiegt  +35 EP  +8 Gold
[GAME] Goblin besiegt  +35 EP  +8 Gold
[GAME] Goblin besiegt  +35 EP  +8 Gold
[GAME] Goblin besiegt  +35 EP  +8 Gold
[GAME] Goblin besiegt  +35 EP  +8 Gold
[GAME] Ork-Brecher besiegt  +70 EP  +13 Gold
[GAME] STUFE 3  -  Fähigkeitspunkt erhalten [K]
[GAME] Aschenrufer besiegt  +65 EP  +23 Gold
[GAME] Eiserner Wächter besiegt  +115 EP  +18 Gold
[GAME] Der Eid verstummt. Beginne mit der Sonne.
[CHECK] Wrong rune resets the puzzle
[GAME] Rune der Sonne antwortet. 1 / 3
[GAME] Rune des Mondes antwortet. 2 / 3
[GAME] Rune des Sterns antwortet. 3 / 3
[GAME] Der Altar im Norden ist erwacht.
[GAME] Auftrag erfüllt: Die Stimmen der Toten  +130 EP
[GAME] Stufe 4 erreicht! K: Fähigkeiten verbessern.
[GAME] Siegel der Toten erhalten!
[CHECK] Crypt seal reward
Sep 13, 2026 4:30:25 PM com.jme3.bullet.objects.PhysicsRigidBody rebuildRigidBody
INFORMATION: Created 1789412b070.
Sep 13, 2026 4:30:25 PM com.jme3.bullet.objects.PhysicsRigidBody rebuildRigidBody
INFORMATION: Created 1789412a6e0.
Sep 13, 2026 4:30:25 PM com.jme3.bullet.objects.PhysicsRigidBody rebuildRigidBody
INFORMATION: Created 1789412e6a0.
Sep 13, 2026 4:30:25 PM com.jme3.bullet.objects.PhysicsRigidBody rebuildRigidBody
INFORMATION: Created 1789412aa10.
Sep 13, 2026 4:30:25 PM com.jme3.bullet.objects.PhysicsRigidBody rebuildRigidBody
INFORMATION: Created 1789412e9d0.
Sep 13, 2026 4:30:25 PM com.jme3.bullet.objects.PhysicsRigidBody rebuildRigidBody
INFORMATION: Created 1789412ad40.
Sep 13, 2026 4:30:25 PM com.jme3.bullet.objects.PhysicsRigidBody rebuildRigidBody
INFORMATION: Created 1789412ed00.
Sep 13, 2026 4:30:25 PM com.jme3.bullet.objects.PhysicsRigidBody rebuildRigidBody
INFORMATION: Created 1789412f030.
Sep 13, 2026 4:30:25 PM com.jme3.bullet.objects.PhysicsRigidBody rebuildRigidBody
INFORMATION: Created 1789412b3a0.
Sep 13, 2026 4:30:25 PM com.jme3.bullet.objects.PhysicsRigidBody rebuildRigidBody
INFORMATION: Created 1789412b6d0.
Sep 13, 2026 4:30:25 PM com.jme3.bullet.objects.PhysicsRigidBody rebuildRigidBody
INFORMATION: Created 17894130350.
Sep 13, 2026 4:30:25 PM com.jme3.bullet.objects.PhysicsRigidBody rebuildRigidBody
INFORMATION: Created 17894132000.
Sep 13, 2026 4:30:25 PM com.jme3.bullet.objects.PhysicsRigidBody rebuildRigidBody
INFORMATION: Created 1789412fcf0.
Sep 13, 2026 4:30:25 PM com.jme3.bullet.objects.PhysicsRigidBody rebuildRigidBody
INFORMATION: Created 17894132660.
Sep 13, 2026 4:30:25 PM com.jme3.bullet.objects.PhysicsRigidBody rebuildRigidBody
INFORMATION: Created 17894130680.
Sep 13, 2026 4:30:25 PM com.jme3.bullet.objects.PhysicsRigidBody rebuildRigidBody
INFORMATION: Created 17894131340.
Sep 13, 2026 4:30:25 PM com.jme3.bullet.objects.PhysicsRigidBody rebuildRigidBody
INFORMATION: Created 1789412f690.
Sep 13, 2026 4:30:25 PM com.jme3.bullet.objects.PhysicsRigidBody rebuildRigidBody
INFORMATION: Created 17894132990.
Sep 13, 2026 4:30:25 PM com.jme3.bullet.objects.PhysicsRigidBody rebuildRigidBody
INFORMATION: Created 17894131010.
Sep 13, 2026 4:30:25 PM com.jme3.bullet.objects.PhysicsRigidBody rebuildRigidBody
INFORMATION: Created 17894131cd0.
Sep 13, 2026 4:30:25 PM com.jme3.bullet.objects.PhysicsRigidBody rebuildRigidBody
INFORMATION: Created 17894132cc0.
Sep 13, 2026 4:30:25 PM com.jme3.bullet.objects.PhysicsRigidBody rebuildRigidBody
INFORMATION: Created 1789412f360.
Sep 13, 2026 4:30:25 PM com.jme3.bullet.objects.PhysicsRigidBody rebuildRigidBody
INFORMATION: Created 178941309b0.
Sep 13, 2026 4:30:25 PM com.jme3.bullet.objects.PhysicsRigidBody rebuildRigidBody
INFORMATION: Created 17894132330.
Sep 13, 2026 4:30:25 PM com.jme3.bullet.objects.PhysicsRigidBody rebuildRigidBody
INFORMATION: Created 17894130ce0.
Sep 13, 2026 4:30:25 PM com.jme3.bullet.objects.PhysicsRigidBody rebuildRigidBody
INFORMATION: Created 17894131670.
Sep 13, 2026 4:30:25 PM com.jme3.bullet.objects.PhysicsRigidBody rebuildRigidBody
INFORMATION: Created 178941319a0.
Sep 13, 2026 4:30:25 PM com.jme3.bullet.objects.PhysicsRigidBody rebuildRigidBody
INFORMATION: Created 17894132ff0.
Sep 13, 2026 4:30:25 PM com.jme3.bullet.objects.PhysicsRigidBody rebuildRigidBody
INFORMATION: Created 17894133320.
Sep 13, 2026 4:30:25 PM com.jme3.bullet.objects.PhysicsRigidBody rebuildRigidBody
INFORMATION: Created 17894133650.
Sep 13, 2026 4:30:25 PM com.jme3.bullet.objects.PhysicsRigidBody rebuildRigidBody
INFORMATION: Created 1789412f9c0.
Sep 13, 2026 4:30:25 PM com.jme3.bullet.objects.PhysicsRigidBody rebuildRigidBody
INFORMATION: Created 17894133980.
Sep 13, 2026 4:30:25 PM com.jme3.bullet.objects.PhysicsRigidBody rebuildRigidBody
INFORMATION: Created 17894133cb0.
Sep 13, 2026 4:30:25 PM com.jme3.bullet.objects.PhysicsRigidBody rebuildRigidBody
INFORMATION: Created 17894130020.
Sep 13, 2026 4:30:25 PM com.jme3.bullet.objects.PhysicsRigidBody rebuildRigidBody
INFORMATION: Created 17894133fe0.
Sep 13, 2026 4:30:25 PM com.jme3.bullet.objects.PhysicsRigidBody rebuildRigidBody
INFORMATION: Created 17894135fc0.
Sep 13, 2026 4:30:25 PM com.jme3.bullet.objects.PhysicsRigidBody rebuildRigidBody
INFORMATION: Created 17894134640.
Sep 13, 2026 4:30:25 PM com.jme3.bullet.objects.PhysicsRigidBody rebuildRigidBody
INFORMATION: Created 17894135300.
Sep 13, 2026 4:30:25 PM com.jme3.bullet.objects.PhysicsRigidBody rebuildRigidBody
INFORMATION: Created 17894134ca0.
Sep 13, 2026 4:30:25 PM com.jme3.bullet.objects.PhysicsRigidBody rebuildRigidBody
INFORMATION: Created 17894134970.
Sep 13, 2026 4:30:25 PM com.jme3.bullet.objects.PhysicsRigidBody rebuildRigidBody
INFORMATION: Created 17894134310.
Sep 13, 2026 4:30:25 PM com.jme3.bullet.objects.PhysicsRigidBody rebuildRigidBody
INFORMATION: Created 178941362f0.
Sep 13, 2026 4:30:25 PM com.jme3.bullet.objects.PhysicsRigidBody rebuildRigidBody
INFORMATION: Created 17894134fd0.
Sep 13, 2026 4:30:25 PM com.jme3.bullet.objects.PhysicsRigidBody rebuildRigidBody
INFORMATION: Created 17894135c90.
Sep 13, 2026 4:30:25 PM com.jme3.bullet.objects.PhysicsRigidBody rebuildRigidBody
INFORMATION: Created 17894135630.
Sep 13, 2026 4:30:25 PM com.jme3.bullet.objects.PhysicsRigidBody rebuildRigidBody
INFORMATION: Created 17894136950.
Sep 13, 2026 4:30:25 PM com.jme3.bullet.objects.PhysicsRigidBody rebuildRigidBody
INFORMATION: Created 17894135960.
Sep 13, 2026 4:30:25 PM com.jme3.bullet.objects.PhysicsRigidBody rebuildRigidBody
INFORMATION: Created 17892926050.
Sep 13, 2026 4:30:25 PM com.jme3.bullet.objects.PhysicsRigidBody rebuildRigidBody
INFORMATION: Created 178929279d0.
Sep 13, 2026 4:30:25 PM com.jme3.bullet.objects.PhysicsRigidBody rebuildRigidBody
INFORMATION: Created 178929269e0.
Sep 13, 2026 4:30:25 PM com.jme3.bullet.objects.PhysicsRigidBody rebuildRigidBody
INFORMATION: Created 178929246d0.
Sep 13, 2026 4:30:25 PM com.jme3.bullet.objects.PhysicsRigidBody rebuildRigidBody
INFORMATION: Created 178929276a0.
Sep 13, 2026 4:30:25 PM com.jme3.bullet.objects.PhysicsRigidBody rebuildRigidBody
INFORMATION: Created 178929256c0.
Sep 13, 2026 4:30:25 PM com.jme3.bullet.objects.PhysicsRigidBody rebuildRigidBody
INFORMATION: Created 17892927d00.
Sep 13, 2026 4:30:25 PM com.jme3.bullet.objects.PhysicsRigidBody rebuildRigidBody
INFORMATION: Created 17892925060.
Sep 13, 2026 4:30:25 PM com.jme3.bullet.objects.PhysicsRigidBody rebuildRigidBody
INFORMATION: Created 17892926380.
Sep 13, 2026 4:30:25 PM com.jme3.bullet.objects.PhysicsRigidBody rebuildRigidBody
INFORMATION: Created 17892925390.
Sep 13, 2026 4:30:25 PM com.jme3.bullet.objects.PhysicsRigidBody rebuildRigidBody
INFORMATION: Created 178929266b0.
Sep 13, 2026 4:30:25 PM com.jme3.bullet.objects.PhysicsRigidBody rebuildRigidBody
INFORMATION: Created 178929259f0.
Sep 13, 2026 4:30:25 PM com.jme3.bullet.objects.PhysicsRigidBody rebuildRigidBody
INFORMATION: Created 17892924070.
Sep 13, 2026 4:30:25 PM com.jme3.bullet.objects.PhysicsRigidBody rebuildRigidBody
INFORMATION: Created 17892925d20.
Sep 13, 2026 4:30:25 PM com.jme3.bullet.objects.PhysicsRigidBody rebuildRigidBody
INFORMATION: Created 17892928030.
Sep 13, 2026 4:30:25 PM com.jme3.bullet.objects.PhysicsRigidBody rebuildRigidBody
INFORMATION: Created 17892926d10.
Sep 13, 2026 4:30:25 PM com.jme3.bullet.objects.PhysicsRigidBody rebuildRigidBody
INFORMATION: Created 17892924a00.
Sep 13, 2026 4:30:25 PM com.jme3.bullet.objects.PhysicsRigidBody rebuildRigidBody
INFORMATION: Created 17892927370.
Sep 13, 2026 4:30:25 PM com.jme3.bullet.objects.PhysicsRigidBody rebuildRigidBody
INFORMATION: Created 178929243a0.
Sep 13, 2026 4:30:25 PM com.jme3.bullet.objects.PhysicsRigidBody rebuildRigidBody
INFORMATION: Created 17892928360.
Sep 13, 2026 4:30:25 PM com.jme3.bullet.objects.PhysicsRigidBody rebuildRigidBody
INFORMATION: Created 17892927040.
Sep 13, 2026 4:30:25 PM com.jme3.bullet.objects.PhysicsRigidBody rebuildRigidBody
INFORMATION: Created 17892928690.
Sep 13, 2026 4:30:25 PM com.jme3.bullet.objects.PhysicsRigidBody rebuildRigidBody
INFORMATION: Created 178929289c0.
Sep 13, 2026 4:30:25 PM com.jme3.bullet.objects.PhysicsRigidBody rebuildRigidBody
INFORMATION: Created 17892924d30.
Sep 13, 2026 4:30:25 PM com.jme3.bullet.objects.PhysicsRigidBody rebuildRigidBody
INFORMATION: Created 1789292a010.
Sep 13, 2026 4:30:25 PM com.jme3.bullet.objects.PhysicsRigidBody rebuildRigidBody
INFORMATION: Created 1789292a340.
Sep 13, 2026 4:30:25 PM com.jme3.bullet.objects.PhysicsRigidBody rebuildRigidBody
INFORMATION: Created 1789292a670.
Sep 13, 2026 4:30:25 PM com.jme3.bullet.objects.PhysicsRigidBody rebuildRigidBody
INFORMATION: Created 1789292a9a0.
Sep 13, 2026 4:30:25 PM com.jme3.bullet.objects.PhysicsRigidBody rebuildRigidBody
INFORMATION: Created 1789292c650.
Sep 13, 2026 4:30:25 PM com.jme3.bullet.objects.PhysicsRigidBody rebuildRigidBody
INFORMATION: Created 178929299b0.
Sep 13, 2026 4:30:25 PM com.jme3.bullet.objects.PhysicsRigidBody rebuildRigidBody
INFORMATION: Created 1789292b330.
Sep 13, 2026 4:30:25 PM com.jme3.bullet.objects.PhysicsRigidBody rebuildRigidBody
INFORMATION: Created 17892929680.
Sep 13, 2026 4:30:25 PM com.jme3.bullet.objects.PhysicsRigidBody rebuildRigidBody
INFORMATION: Created 1789292c980.
Sep 13, 2026 4:30:25 PM com.jme3.bullet.objects.PhysicsRigidBody rebuildRigidBody
INFORMATION: Created 17892929ce0.
Sep 13, 2026 4:30:25 PM com.jme3.bullet.objects.PhysicsRigidBody rebuildRigidBody
INFORMATION: Created 1789292acd0.
Sep 13, 2026 4:30:25 PM com.jme3.bullet.objects.PhysicsRigidBody rebuildRigidBody
INFORMATION: Created 17892929350.
Sep 13, 2026 4:30:25 PM com.jme3.bullet.objects.PhysicsRigidBody rebuildRigidBody
INFORMATION: Created 17892928cf0.
Sep 13, 2026 4:30:25 PM com.jme3.bullet.objects.PhysicsRigidBody rebuildRigidBody
INFORMATION: Created 17892929020.
Sep 13, 2026 4:30:25 PM com.jme3.bullet.objects.PhysicsRigidBody rebuildRigidBody
INFORMATION: Created 1789292bff0.
Sep 13, 2026 4:30:25 PM com.jme3.bullet.objects.PhysicsRigidBody rebuildRigidBody
INFORMATION: Created 1789292b660.
Sep 13, 2026 4:30:25 PM com.jme3.bullet.objects.PhysicsRigidBody rebuildRigidBody
INFORMATION: Created 1789292e960.
Sep 13, 2026 4:30:25 PM com.jme3.bullet.objects.PhysicsRigidBody rebuildRigidBody
INFORMATION: Created 1789292c320.
Sep 13, 2026 4:30:25 PM com.jme3.bullet.objects.PhysicsRigidBody rebuildRigidBody
INFORMATION: Created 1789292dca0.
Sep 13, 2026 4:30:25 PM com.jme3.bullet.objects.PhysicsRigidBody rebuildRigidBody
INFORMATION: Created 1789292cfe0.
Sep 13, 2026 4:30:25 PM com.jme3.bullet.objects.PhysicsRigidBody rebuildRigidBody
INFORMATION: Created 1789292dfd0.
Sep 13, 2026 4:30:25 PM com.jme3.bullet.objects.PhysicsRigidBody rebuildRigidBody
INFORMATION: Created 1789292ec90.
Sep 13, 2026 4:30:25 PM com.jme3.bullet.objects.PhysicsRigidBody rebuildRigidBody
INFORMATION: Created 1789292e300.
Sep 13, 2026 4:30:25 PM com.jme3.bullet.objects.PhysicsRigidBody rebuildRigidBody
INFORMATION: Created 1789292b000.
Sep 13, 2026 4:30:25 PM com.jme3.bullet.objects.PhysicsRigidBody rebuildRigidBody
INFORMATION: Created 1789292e630.
Sep 13, 2026 4:30:25 PM com.jme3.bullet.objects.PhysicsRigidBody rebuildRigidBody
INFORMATION: Created 1789292ccb0.
Sep 13, 2026 4:30:25 PM com.jme3.bullet.objects.PhysicsRigidBody rebuildRigidBody
INFORMATION: Created 1789292b990.
Sep 13, 2026 4:30:25 PM com.jme3.bullet.objects.PhysicsRigidBody rebuildRigidBody
INFORMATION: Created 1789292f620.
Sep 13, 2026 4:30:25 PM com.jme3.bullet.objects.PhysicsRigidBody rebuildRigidBody
INFORMATION: Created 1789292bcc0.
Sep 13, 2026 4:30:25 PM com.jme3.bullet.objects.PhysicsRigidBody rebuildRigidBody
INFORMATION: Created 1789292efc0.
Sep 13, 2026 4:30:25 PM com.jme3.bullet.objects.PhysicsRigidBody rebuildRigidBody
INFORMATION: Created 1789292fc80.
Sep 13, 2026 4:30:25 PM com.jme3.bullet.objects.PhysicsRigidBody rebuildRigidBody
INFORMATION: Created 1789292f2f0.
Sep 13, 2026 4:30:25 PM com.jme3.bullet.objects.PhysicsRigidBody rebuildRigidBody
INFORMATION: Created 1789292ffb0.
Sep 13, 2026 4:30:25 PM com.jme3.bullet.objects.PhysicsRigidBody rebuildRigidBody
INFORMATION: Created 1789292d310.
Sep 13, 2026 4:30:25 PM com.jme3.bullet.objects.PhysicsRigidBody rebuildRigidBody
INFORMATION: Created 178929302e0.
Sep 13, 2026 4:30:25 PM com.jme3.bullet.objects.PhysicsRigidBody rebuildRigidBody
INFORMATION: Created 17892930610.
Sep 13, 2026 4:30:25 PM com.jme3.bullet.objects.PhysicsRigidBody rebuildRigidBody
INFORMATION: Created 17892930940.
Sep 13, 2026 4:30:25 PM com.jme3.bullet.objects.PhysicsRigidBody rebuildRigidBody
INFORMATION: Created 1789292d640.
Sep 13, 2026 4:30:25 PM com.jme3.bullet.objects.PhysicsRigidBody rebuildRigidBody
INFORMATION: Created 1789292d970.
Sep 13, 2026 4:30:25 PM com.jme3.bullet.objects.PhysicsRigidBody rebuildRigidBody
INFORMATION: Created 17892931f90.
Sep 13, 2026 4:30:25 PM com.jme3.bullet.objects.PhysicsRigidBody rebuildRigidBody
INFORMATION: Created 178929332b0.
Sep 13, 2026 4:30:25 PM com.jme3.bullet.objects.PhysicsRigidBody rebuildRigidBody
INFORMATION: Created 17892931c60.
Sep 13, 2026 4:30:25 PM com.jme3.bullet.objects.PhysicsRigidBody rebuildRigidBody
INFORMATION: Created 178929322c0.
Sep 13, 2026 4:30:25 PM com.jme3.bullet.objects.PhysicsRigidBody rebuildRigidBody
INFORMATION: Created 17892932920.
Sep 13, 2026 4:30:25 PM com.jme3.bullet.objects.PhysicsRigidBody rebuildRigidBody
INFORMATION: Created 17892933c40.
Sep 13, 2026 4:30:25 PM com.jme3.bullet.objects.PhysicsRigidBody rebuildRigidBody
INFORMATION: Created 17892931600.
Sep 13, 2026 4:30:25 PM com.jme3.bullet.objects.PhysicsRigidBody rebuildRigidBody
INFORMATION: Created 17892932c50.
Sep 13, 2026 4:30:25 PM com.jme3.bullet.objects.PhysicsRigidBody rebuildRigidBody
INFORMATION: Created 178929312d0.
Sep 13, 2026 4:30:25 PM com.jme3.bullet.objects.PhysicsRigidBody rebuildRigidBody
INFORMATION: Created 17892931930.
Sep 13, 2026 4:30:25 PM com.jme3.bullet.objects.PhysicsRigidBody rebuildRigidBody
INFORMATION: Created 178929325f0.
Sep 13, 2026 4:30:25 PM com.jme3.bullet.objects.PhysicsRigidBody rebuildRigidBody
INFORMATION: Created 17892930fa0.
Sep 13, 2026 4:30:25 PM com.jme3.bullet.objects.PhysicsRigidBody rebuildRigidBody
INFORMATION: Created 17892932f80.
Sep 13, 2026 4:30:25 PM com.jme3.bullet.objects.PhysicsRigidBody rebuildRigidBody
INFORMATION: Created 178929335e0.
Sep 13, 2026 4:30:25 PM com.jme3.bullet.objects.PhysicsRigidBody rebuildRigidBody
INFORMATION: Created 17892933910.
Sep 13, 2026 4:30:25 PM com.jme3.bullet.objects.PhysicsRigidBody rebuildRigidBody
INFORMATION: Created 17892930c70.
Sep 13, 2026 4:30:25 PM com.jme3.bullet.objects.PhysicsRigidBody rebuildRigidBody
INFORMATION: Created 178adf05c10.
Sep 13, 2026 4:30:25 PM com.jme3.bullet.objects.PhysicsRigidBody rebuildRigidBody
INFORMATION: Created 178adf07260.
Sep 13, 2026 4:30:25 PM com.jme3.bullet.objects.PhysicsRigidBody rebuildRigidBody
INFORMATION: Created 178adf03f60.
Sep 13, 2026 4:30:25 PM com.jme3.bullet.objects.PhysicsRigidBody rebuildRigidBody
INFORMATION: Created 178adf05f40.
Sep 13, 2026 4:30:25 PM com.jme3.bullet.objects.PhysicsRigidBody rebuildRigidBody
INFORMATION: Created 178adf04290.
Sep 13, 2026 4:30:25 PM com.jme3.bullet.objects.PhysicsRigidBody rebuildRigidBody
INFORMATION: Created 178adf07f20.
Sep 13, 2026 4:30:25 PM com.jme3.bullet.objects.PhysicsRigidBody rebuildRigidBody
INFORMATION: Created 178adf08580.
Sep 13, 2026 4:30:25 PM com.jme3.bullet.objects.PhysicsRigidBody rebuildRigidBody
INFORMATION: Created 178adf08be0.
Sep 13, 2026 4:30:25 PM com.jme3.bullet.objects.PhysicsRigidBody rebuildRigidBody
INFORMATION: Created 178adf08250.
Sep 13, 2026 4:30:25 PM com.jme3.bullet.objects.PhysicsRigidBody rebuildRigidBody
INFORMATION: Created 178adf088b0.
Sep 13, 2026 4:30:25 PM com.jme3.bullet.objects.PhysicsRigidBody rebuildRigidBody
INFORMATION: Created 178adf08f10.
Sep 13, 2026 4:30:25 PM com.jme3.bullet.objects.PhysicsRigidBody rebuildRigidBody
INFORMATION: Created 178adf05280.
Sep 13, 2026 4:30:25 PM com.jme3.bullet.objects.PhysicsRigidBody rebuildRigidBody
INFORMATION: Created 178adf07590.
Sep 13, 2026 4:30:25 PM com.jme3.bullet.objects.PhysicsRigidBody rebuildRigidBody
INFORMATION: Created 178adf09240.
Sep 13, 2026 4:30:25 PM com.jme3.bullet.objects.PhysicsRigidBody rebuildRigidBody
INFORMATION: Created 178adf06c00.
Sep 13, 2026 4:30:25 PM com.jme3.bullet.objects.PhysicsRigidBody rebuildRigidBody
INFORMATION: Created 178adf07bf0.
Sep 13, 2026 4:30:25 PM com.jme3.bullet.objects.PhysicsRigidBody rebuildRigidBody
INFORMATION: Created 178adf06270.
Sep 13, 2026 4:30:25 PM com.jme3.bullet.objects.PhysicsRigidBody rebuildRigidBody
INFORMATION: Created 178adf09570.
Sep 13, 2026 4:30:25 PM com.jme3.bullet.objects.PhysicsRigidBody rebuildRigidBody
INFORMATION: Created 178adf098a0.
Sep 13, 2026 4:30:25 PM com.jme3.bullet.objects.PhysicsRigidBody rebuildRigidBody
INFORMATION: Created 178adf0a560.
Sep 13, 2026 4:30:25 PM com.jme3.bullet.objects.PhysicsRigidBody rebuildRigidBody
INFORMATION: Created 178adf09f00.
Sep 13, 2026 4:30:25 PM com.jme3.bullet.objects.PhysicsRigidBody rebuildRigidBody
INFORMATION: Created 178adf09bd0.
Sep 13, 2026 4:30:25 PM com.jme3.bullet.objects.PhysicsRigidBody rebuildRigidBody
INFORMATION: Created 178adf0b550.
Sep 13, 2026 4:30:25 PM com.jme3.bullet.objects.PhysicsRigidBody rebuildRigidBody
INFORMATION: Created 178adf0b220.
Sep 13, 2026 4:30:25 PM com.jme3.bullet.objects.PhysicsRigidBody rebuildRigidBody
INFORMATION: Created 178adf0a230.
Sep 13, 2026 4:30:25 PM com.jme3.bullet.objects.PhysicsRigidBody rebuildRigidBody
INFORMATION: Created 178adf0a890.
[GAME] Die letzte Zuflucht
Sep 13, 2026 4:30:25 PM com.jme3.anim.SkinningControl controlRender
INFORMATION: Hardware skinning engaged for Scene (Node)
Sep 13, 2026 4:30:25 PM com.jme3.anim.SkinningControl controlRender
INFORMATION: Hardware skinning engaged for Scene (Node)
Sep 13, 2026 4:30:25 PM com.jme3.anim.SkinningControl controlRender
INFORMATION: Hardware skinning engaged for Scene (Node)
Sep 13, 2026 4:30:25 PM com.jme3.anim.SkinningControl controlRender
INFORMATION: Hardware skinning engaged for Scene (Node)
[SMOKE] stage 17
[CHECK] Return from crypt
Sep 13, 2026 4:30:27 PM com.jme3.bullet.objects.PhysicsRigidBody rebuildRigidBody
INFORMATION: Created 178adf0aef0.
Sep 13, 2026 4:30:28 PM com.jme3.bullet.objects.PhysicsRigidBody rebuildRigidBody
INFORMATION: Created 178adf012c0.
Sep 13, 2026 4:30:28 PM com.jme3.bullet.objects.PhysicsRigidBody rebuildRigidBody
INFORMATION: Created 178adf01c50.
Sep 13, 2026 4:30:28 PM com.jme3.bullet.objects.PhysicsRigidBody rebuildRigidBody
INFORMATION: Created 178adefefb0.
Sep 13, 2026 4:30:28 PM com.jme3.bullet.objects.PhysicsRigidBody rebuildRigidBody
INFORMATION: Created 178adf025e0.
Sep 13, 2026 4:30:28 PM com.jme3.bullet.objects.PhysicsRigidBody rebuildRigidBody
INFORMATION: Created 178adeffc70.
Sep 13, 2026 4:30:28 PM com.jme3.bullet.objects.PhysicsRigidBody rebuildRigidBody
INFORMATION: Created 178adf00c60.
Sep 13, 2026 4:30:28 PM com.jme3.bullet.objects.PhysicsRigidBody rebuildRigidBody
INFORMATION: Created 178adf00f90.
Sep 13, 2026 4:30:28 PM com.jme3.bullet.objects.PhysicsRigidBody rebuildRigidBody
INFORMATION: Created 178adeff2e0.
Sep 13, 2026 4:30:28 PM com.jme3.bullet.objects.PhysicsRigidBody rebuildRigidBody
INFORMATION: Created 178adf015f0.
Sep 13, 2026 4:30:28 PM com.jme3.bullet.objects.PhysicsRigidBody rebuildRigidBody
INFORMATION: Created 178adeff610.
Sep 13, 2026 4:30:28 PM com.jme3.bullet.objects.PhysicsRigidBody rebuildRigidBody
INFORMATION: Created 178adf022b0.
Sep 13, 2026 4:30:28 PM com.jme3.bullet.objects.PhysicsRigidBody rebuildRigidBody
INFORMATION: Created 178adefffa0.
Sep 13, 2026 4:30:28 PM com.jme3.bullet.objects.PhysicsRigidBody rebuildRigidBody
INFORMATION: Created 178adf002d0.
Sep 13, 2026 4:30:28 PM com.jme3.bullet.objects.PhysicsRigidBody rebuildRigidBody
INFORMATION: Created 178adf00600.
Sep 13, 2026 4:30:28 PM com.jme3.bullet.objects.PhysicsRigidBody rebuildRigidBody
INFORMATION: Created 178adf02910.
Sep 13, 2026 4:30:28 PM com.jme3.bullet.objects.PhysicsRigidBody rebuildRigidBody
INFORMATION: Created 178adefec80.
Sep 13, 2026 4:30:28 PM com.jme3.bullet.objects.PhysicsRigidBody rebuildRigidBody
INFORMATION: Created 178adf032a0.
Sep 13, 2026 4:30:28 PM com.jme3.bullet.objects.PhysicsRigidBody rebuildRigidBody
INFORMATION: Created 178adf02c40.
Sep 13, 2026 4:30:28 PM com.jme3.bullet.objects.PhysicsRigidBody rebuildRigidBody
INFORMATION: Created 178adf02f70.
Sep 13, 2026 4:30:28 PM com.jme3.bullet.objects.PhysicsRigidBody rebuildRigidBody
INFORMATION: Created 178adf035d0.
Sep 13, 2026 4:30:28 PM com.jme3.bullet.objects.PhysicsRigidBody rebuildRigidBody
INFORMATION: Created 178adf01f80.
Sep 13, 2026 4:30:28 PM com.jme3.bullet.objects.PhysicsRigidBody rebuildRigidBody
INFORMATION: Created 178adf00930.
Sep 13, 2026 4:30:28 PM com.jme3.bullet.objects.PhysicsRigidBody rebuildRigidBody
INFORMATION: Created 178adeff940.
Sep 13, 2026 4:30:28 PM com.jme3.bullet.objects.PhysicsRigidBody rebuildRigidBody
INFORMATION: Created 178adf03900.
Sep 13, 2026 4:30:28 PM com.jme3.bullet.objects.PhysicsRigidBody rebuildRigidBody
INFORMATION: Created 178adf05280.
Sep 13, 2026 4:30:28 PM com.jme3.bullet.objects.PhysicsRigidBody rebuildRigidBody
INFORMATION: Created 178adf03c30.
Sep 13, 2026 4:30:28 PM com.jme3.bullet.objects.PhysicsRigidBody rebuildRigidBody
INFORMATION: Created 178adf03f60.
Sep 13, 2026 4:30:28 PM com.jme3.bullet.objects.PhysicsRigidBody rebuildRigidBody
INFORMATION: Created 178adf04290.
Sep 13, 2026 4:30:28 PM com.jme3.bullet.objects.PhysicsRigidBody rebuildRigidBody
INFORMATION: Created 178adf045c0.
Sep 13, 2026 4:30:28 PM com.jme3.bullet.objects.PhysicsRigidBody rebuildRigidBody
INFORMATION: Created 178adf048f0.
Sep 13, 2026 4:30:28 PM com.jme3.bullet.objects.PhysicsRigidBody rebuildRigidBody
INFORMATION: Created 178adf04c20.
Sep 13, 2026 4:30:28 PM com.jme3.bullet.objects.PhysicsRigidBody rebuildRigidBody
INFORMATION: Created 178adf04f50.
Sep 13, 2026 4:30:28 PM com.jme3.bullet.objects.PhysicsRigidBody rebuildRigidBody
INFORMATION: Created 178adf055b0.
Sep 13, 2026 4:30:28 PM com.jme3.bullet.objects.PhysicsRigidBody rebuildRigidBody
INFORMATION: Created 178adf01920.
Sep 13, 2026 4:30:28 PM com.jme3.bullet.objects.PhysicsRigidBody rebuildRigidBody
INFORMATION: Created 178adf06270.
Sep 13, 2026 4:30:28 PM com.jme3.bullet.objects.PhysicsRigidBody rebuildRigidBody
INFORMATION: Created 178adf07bf0.
Sep 13, 2026 4:30:28 PM com.jme3.bullet.objects.PhysicsRigidBody rebuildRigidBody
INFORMATION: Created 178adf05c10.
Sep 13, 2026 4:30:28 PM com.jme3.bullet.objects.PhysicsRigidBody rebuildRigidBody
INFORMATION: Created 178adf065a0.
Sep 13, 2026 4:30:28 PM com.jme3.bullet.objects.PhysicsRigidBody rebuildRigidBody
INFORMATION: Created 178adf068d0.
Sep 13, 2026 4:30:28 PM com.jme3.bullet.objects.PhysicsRigidBody rebuildRigidBody
INFORMATION: Created 178adf08580.
Sep 13, 2026 4:30:28 PM com.jme3.bullet.objects.PhysicsRigidBody rebuildRigidBody
INFORMATION: Created 178adf07590.
Sep 13, 2026 4:30:28 PM com.jme3.bullet.objects.PhysicsRigidBody rebuildRigidBody
INFORMATION: Created 178adf07f20.
Sep 13, 2026 4:30:28 PM com.jme3.bullet.objects.PhysicsRigidBody rebuildRigidBody
INFORMATION: Created 178adf088b0.
Sep 13, 2026 4:30:28 PM com.jme3.bullet.objects.PhysicsRigidBody rebuildRigidBody
INFORMATION: Created 178adf05f40.
Sep 13, 2026 4:30:28 PM com.jme3.bullet.objects.PhysicsRigidBody rebuildRigidBody
INFORMATION: Created 178adf08250.
Sep 13, 2026 4:30:28 PM com.jme3.bullet.objects.PhysicsRigidBody rebuildRigidBody
INFORMATION: Created 178adf09570.
Sep 13, 2026 4:30:28 PM com.jme3.bullet.objects.PhysicsRigidBody rebuildRigidBody
INFORMATION: Created 178adf06f30.
Sep 13, 2026 4:30:28 PM com.jme3.bullet.objects.PhysicsRigidBody rebuildRigidBody
INFORMATION: Created 178adf09240.
Sep 13, 2026 4:30:28 PM com.jme3.bullet.objects.PhysicsRigidBody rebuildRigidBody
INFORMATION: Created 178adf06c00.
Sep 13, 2026 4:30:28 PM com.jme3.bullet.objects.PhysicsRigidBody rebuildRigidBody
INFORMATION: Created 178adf07260.
Sep 13, 2026 4:30:28 PM com.jme3.bullet.objects.PhysicsRigidBody rebuildRigidBody
INFORMATION: Created 178adf08be0.
Sep 13, 2026 4:30:28 PM com.jme3.bullet.objects.PhysicsRigidBody rebuildRigidBody
INFORMATION: Created 178adf08f10.
Sep 13, 2026 4:30:28 PM com.jme3.bullet.objects.PhysicsRigidBody rebuildRigidBody
INFORMATION: Created 178adf058e0.
Sep 13, 2026 4:30:28 PM com.jme3.bullet.objects.PhysicsRigidBody rebuildRigidBody
INFORMATION: Created 178adf098a0.
Sep 13, 2026 4:30:28 PM com.jme3.bullet.objects.PhysicsRigidBody rebuildRigidBody
INFORMATION: Created 178adf09bd0.
Sep 13, 2026 4:30:28 PM com.jme3.bullet.objects.PhysicsRigidBody rebuildRigidBody
INFORMATION: Created 178adf09f00.
Sep 13, 2026 4:30:28 PM com.jme3.bullet.objects.PhysicsRigidBody rebuildRigidBody
INFORMATION: Created 178adf0b550.
Sep 13, 2026 4:30:28 PM com.jme3.bullet.objects.PhysicsRigidBody rebuildRigidBody
INFORMATION: Created 178adf0a560.
Sep 13, 2026 4:30:28 PM com.jme3.bullet.objects.PhysicsRigidBody rebuildRigidBody
INFORMATION: Created 178adf078c0.
Sep 13, 2026 4:30:28 PM com.jme3.bullet.objects.PhysicsRigidBody rebuildRigidBody
INFORMATION: Created 178adf0f510.
Sep 13, 2026 4:30:28 PM com.jme3.bullet.objects.PhysicsRigidBody rebuildRigidBody
INFORMATION: Created 178adf0b880.
Sep 13, 2026 4:30:28 PM com.jme3.bullet.objects.PhysicsRigidBody rebuildRigidBody
INFORMATION: Created 178adf0e520.
Sep 13, 2026 4:30:28 PM com.jme3.bullet.objects.PhysicsRigidBody rebuildRigidBody
INFORMATION: Created 178adf0f840.
Sep 13, 2026 4:30:28 PM com.jme3.bullet.objects.PhysicsRigidBody rebuildRigidBody
INFORMATION: Created 178adf0e1f0.
Sep 13, 2026 4:30:28 PM com.jme3.bullet.objects.PhysicsRigidBody rebuildRigidBody
INFORMATION: Created 178adf0bee0.
Sep 13, 2026 4:30:28 PM com.jme3.bullet.objects.PhysicsRigidBody rebuildRigidBody
INFORMATION: Created 178adf0dec0.
Sep 13, 2026 4:30:28 PM com.jme3.bullet.objects.PhysicsRigidBody rebuildRigidBody
INFORMATION: Created 178adf0d860.
Sep 13, 2026 4:30:28 PM com.jme3.bullet.objects.PhysicsRigidBody rebuildRigidBody
INFORMATION: Created 178adf0c210.
Sep 13, 2026 4:30:28 PM com.jme3.bullet.objects.PhysicsRigidBody rebuildRigidBody
INFORMATION: Created 178adf0d200.
Sep 13, 2026 4:30:28 PM com.jme3.bullet.objects.PhysicsRigidBody rebuildRigidBody
INFORMATION: Created 178adf0c540.
Sep 13, 2026 4:30:28 PM com.jme3.bullet.objects.PhysicsRigidBody rebuildRigidBody
INFORMATION: Created 178adf0e850.
Sep 13, 2026 4:30:28 PM com.jme3.bullet.objects.PhysicsRigidBody rebuildRigidBody
INFORMATION: Created 178adf0bbb0.
Sep 13, 2026 4:30:28 PM com.jme3.bullet.objects.PhysicsRigidBody rebuildRigidBody
INFORMATION: Created 178adf0db90.
Sep 13, 2026 4:30:28 PM com.jme3.bullet.objects.PhysicsRigidBody rebuildRigidBody
INFORMATION: Created 178adf0fb70.
Sep 13, 2026 4:30:28 PM com.jme3.bullet.objects.PhysicsRigidBody rebuildRigidBody
INFORMATION: Created 178adf0eb80.
Sep 13, 2026 4:30:28 PM com.jme3.bullet.objects.PhysicsRigidBody rebuildRigidBody
INFORMATION: Created 178adf0fea0.
Sep 13, 2026 4:30:28 PM com.jme3.bullet.objects.PhysicsRigidBody rebuildRigidBody
INFORMATION: Created 178adf10500.
Sep 13, 2026 4:30:28 PM com.jme3.bullet.objects.PhysicsRigidBody rebuildRigidBody
INFORMATION: Created 178adf0c870.
Sep 13, 2026 4:30:28 PM com.jme3.bullet.objects.PhysicsRigidBody rebuildRigidBody
INFORMATION: Created 178adf0d530.
Sep 13, 2026 4:30:28 PM com.jme3.bullet.objects.PhysicsRigidBody rebuildRigidBody
INFORMATION: Created 178adf101d0.
Sep 13, 2026 4:30:28 PM com.jme3.bullet.objects.PhysicsRigidBody rebuildRigidBody
INFORMATION: Created 178adf0cba0.
Sep 13, 2026 4:30:28 PM com.jme3.bullet.objects.PhysicsRigidBody rebuildRigidBody
INFORMATION: Created 178adf0f1e0.
Sep 13, 2026 4:30:28 PM com.jme3.bullet.objects.PhysicsRigidBody rebuildRigidBody
INFORMATION: Created 178adf0eeb0.
Sep 13, 2026 4:30:28 PM com.jme3.bullet.objects.PhysicsRigidBody rebuildRigidBody
INFORMATION: Created 178adf10830.
Sep 13, 2026 4:30:28 PM com.jme3.bullet.objects.PhysicsRigidBody rebuildRigidBody
INFORMATION: Created 178adf10b60.
Sep 13, 2026 4:30:28 PM com.jme3.bullet.objects.PhysicsRigidBody rebuildRigidBody
INFORMATION: Created 178adf0ced0.
Sep 13, 2026 4:30:28 PM com.jme3.bullet.objects.PhysicsRigidBody rebuildRigidBody
INFORMATION: Created 178adf11820.
Sep 13, 2026 4:30:28 PM com.jme3.bullet.objects.PhysicsRigidBody rebuildRigidBody
INFORMATION: Created 178adf114f0.
Sep 13, 2026 4:30:28 PM com.jme3.bullet.objects.PhysicsRigidBody rebuildRigidBody
INFORMATION: Created 178adf11b50.
Sep 13, 2026 4:30:28 PM com.jme3.bullet.objects.PhysicsRigidBody rebuildRigidBody
INFORMATION: Created 178adf10e90.
Sep 13, 2026 4:30:28 PM com.jme3.bullet.objects.PhysicsRigidBody rebuildRigidBody
INFORMATION: Created 178adf111c0.
Sep 13, 2026 4:30:28 PM com.jme3.bullet.objects.PhysicsRigidBody rebuildRigidBody
INFORMATION: Created 178adef36d0.
Sep 13, 2026 4:30:28 PM com.jme3.bullet.objects.PhysicsRigidBody rebuildRigidBody
INFORMATION: Created 178adef59e0.
Sep 13, 2026 4:30:28 PM com.jme3.bullet.objects.PhysicsRigidBody rebuildRigidBody
INFORMATION: Created 178adef2d40.
Sep 13, 2026 4:30:28 PM com.jme3.bullet.objects.PhysicsRigidBody rebuildRigidBody
INFORMATION: Created 178adef56b0.
Sep 13, 2026 4:30:28 PM com.jme3.bullet.objects.PhysicsRigidBody rebuildRigidBody
INFORMATION: Created 178adef4390.
Sep 13, 2026 4:30:28 PM com.jme3.bullet.objects.PhysicsRigidBody rebuildRigidBody
INFORMATION: Created 178adef4d20.
Sep 13, 2026 4:30:28 PM com.jme3.bullet.objects.PhysicsRigidBody rebuildRigidBody
INFORMATION: Created 178adef26e0.
Sep 13, 2026 4:30:28 PM com.jme3.bullet.objects.PhysicsRigidBody rebuildRigidBody
INFORMATION: Created 178adef2080.
Sep 13, 2026 4:30:28 PM com.jme3.bullet.objects.PhysicsRigidBody rebuildRigidBody
INFORMATION: Created 178adef46c0.
Sep 13, 2026 4:30:28 PM com.jme3.bullet.objects.PhysicsRigidBody rebuildRigidBody
INFORMATION: Created 178adef2a10.
Sep 13, 2026 4:30:28 PM com.jme3.bullet.objects.PhysicsRigidBody rebuildRigidBody
INFORMATION: Created 178adef3070.
Sep 13, 2026 4:30:28 PM com.jme3.bullet.objects.PhysicsRigidBody rebuildRigidBody
INFORMATION: Created 178adef33a0.
Sep 13, 2026 4:30:28 PM com.jme3.bullet.objects.PhysicsRigidBody rebuildRigidBody
INFORMATION: Created 178adef5050.
Sep 13, 2026 4:30:28 PM com.jme3.bullet.objects.PhysicsRigidBody rebuildRigidBody
INFORMATION: Created 178adef4060.
Sep 13, 2026 4:30:28 PM com.jme3.bullet.objects.PhysicsRigidBody rebuildRigidBody
INFORMATION: Created 178adef5d10.
Sep 13, 2026 4:30:28 PM com.jme3.bullet.objects.PhysicsRigidBody rebuildRigidBody
INFORMATION: Created 178adef23b0.
Sep 13, 2026 4:30:28 PM com.jme3.bullet.objects.PhysicsRigidBody rebuildRigidBody
INFORMATION: Created 178adef5380.
Sep 13, 2026 4:30:28 PM com.jme3.bullet.objects.PhysicsRigidBody rebuildRigidBody
INFORMATION: Created 178adef7030.
Sep 13, 2026 4:30:28 PM com.jme3.bullet.objects.PhysicsRigidBody rebuildRigidBody
INFORMATION: Created 178adef66a0.
Sep 13, 2026 4:30:28 PM com.jme3.bullet.objects.PhysicsRigidBody rebuildRigidBody
INFORMATION: Created 178adef7360.
Sep 13, 2026 4:30:28 PM com.jme3.bullet.objects.PhysicsRigidBody rebuildRigidBody
INFORMATION: Created 178adef3d30.
Sep 13, 2026 4:30:28 PM com.jme3.bullet.objects.PhysicsRigidBody rebuildRigidBody
INFORMATION: Created 178adef6370.
Sep 13, 2026 4:30:28 PM com.jme3.bullet.objects.PhysicsRigidBody rebuildRigidBody
INFORMATION: Created 178adef7690.
Sep 13, 2026 4:30:28 PM com.jme3.bullet.objects.PhysicsRigidBody rebuildRigidBody
INFORMATION: Created 178adef6040.
Sep 13, 2026 4:30:28 PM com.jme3.bullet.objects.PhysicsRigidBody rebuildRigidBody
INFORMATION: Created 178adef49f0.
Sep 13, 2026 4:30:28 PM com.jme3.bullet.objects.PhysicsRigidBody rebuildRigidBody
INFORMATION: Created 178adef69d0.
Sep 13, 2026 4:30:28 PM com.jme3.bullet.objects.PhysicsRigidBody rebuildRigidBody
INFORMATION: Created 178adef6d00.
Sep 13, 2026 4:30:28 PM com.jme3.bullet.objects.PhysicsRigidBody rebuildRigidBody
INFORMATION: Created 178adef3a00.
Sep 13, 2026 4:30:28 PM com.jme3.bullet.objects.PhysicsRigidBody rebuildRigidBody
INFORMATION: Created 178adef9cd0.
Sep 13, 2026 4:30:28 PM com.jme3.bullet.objects.PhysicsRigidBody rebuildRigidBody
INFORMATION: Created 178adefb320.
Sep 13, 2026 4:30:28 PM com.jme3.bullet.objects.PhysicsRigidBody rebuildRigidBody
INFORMATION: Created 178adefa660.
Sep 13, 2026 4:30:28 PM com.jme3.bullet.objects.PhysicsRigidBody rebuildRigidBody
INFORMATION: Created 178adefaff0.
Sep 13, 2026 4:30:28 PM com.jme3.bullet.objects.PhysicsRigidBody rebuildRigidBody
INFORMATION: Created 178adefacc0.
Sep 13, 2026 4:30:28 PM com.jme3.bullet.objects.PhysicsRigidBody rebuildRigidBody
INFORMATION: Created 178adefa000.
Sep 13, 2026 4:30:28 PM com.jme3.bullet.objects.PhysicsRigidBody rebuildRigidBody
INFORMATION: Created 178adef8020.
Sep 13, 2026 4:30:28 PM com.jme3.bullet.objects.PhysicsRigidBody rebuildRigidBody
INFORMATION: Created 178adefb650.
Sep 13, 2026 4:30:28 PM com.jme3.bullet.objects.PhysicsRigidBody rebuildRigidBody
INFORMATION: Created 178adef79c0.
Sep 13, 2026 4:30:28 PM com.jme3.bullet.objects.PhysicsRigidBody rebuildRigidBody
INFORMATION: Created 178adef9340.
Sep 13, 2026 4:30:28 PM com.jme3.bullet.objects.PhysicsRigidBody rebuildRigidBody
INFORMATION: Created 178adefb980.
Sep 13, 2026 4:30:28 PM com.jme3.bullet.objects.PhysicsRigidBody rebuildRigidBody
INFORMATION: Created 178adef99a0.
Sep 13, 2026 4:30:28 PM com.jme3.bullet.objects.PhysicsRigidBody rebuildRigidBody
INFORMATION: Created 178adefa330.
Sep 13, 2026 4:30:28 PM com.jme3.bullet.objects.PhysicsRigidBody rebuildRigidBody
INFORMATION: Created 178adef7cf0.
Sep 13, 2026 4:30:28 PM com.jme3.bullet.objects.PhysicsRigidBody rebuildRigidBody
INFORMATION: Created 178adef8680.
Sep 13, 2026 4:30:28 PM com.jme3.bullet.objects.PhysicsRigidBody rebuildRigidBody
INFORMATION: Created 178adef9670.
[GAME] Die gläserne Tiefe
Sep 13, 2026 4:30:28 PM com.jme3.anim.SkinningControl controlRender
INFORMATION: Hardware skinning engaged for Scene (Node)
Sep 13, 2026 4:30:28 PM com.jme3.anim.SkinningControl controlRender
INFORMATION: Hardware skinning engaged for Scene (Node)
Sep 13, 2026 4:30:28 PM com.jme3.anim.SkinningControl controlRender
INFORMATION: Hardware skinning engaged for Scene (Node)
Sep 13, 2026 4:30:28 PM com.jme3.anim.SkinningControl controlRender
INFORMATION: Hardware skinning engaged for Scene (Node)
Sep 13, 2026 4:30:28 PM com.jme3.anim.SkinningControl controlRender
INFORMATION: Hardware skinning engaged for Scene (Node)
Sep 13, 2026 4:30:28 PM com.jme3.anim.SkinningControl controlRender
INFORMATION: Hardware skinning engaged for Scene (Node)
Sep 13, 2026 4:30:28 PM com.jme3.anim.SkinningControl controlRender
INFORMATION: Hardware skinning engaged for Scene (Node)
[SMOKE] stage 18
[CHECK] Cavern portal transition
[GAME] Goblin besiegt  +35 EP  +8 Gold
[GAME] Goblin besiegt  +35 EP  +8 Gold
[GAME] Goblin besiegt  +35 EP  +8 Gold
[GAME] Goblin besiegt  +35 EP  +8 Gold
[GAME] Goblin besiegt  +35 EP  +8 Gold
[GAME] Goblin besiegt  +35 EP  +8 Gold
[GAME] Aschenrufer besiegt  +65 EP  +23 Gold
[GAME] Aschenrufer besiegt  +65 EP  +23 Gold
[GAME] STUFE 5  -  Fähigkeitspunkt erhalten [K]
[GAME] Ork-Brecher besiegt  +70 EP  +13 Gold
[GAME] Ork-Brecher besiegt  +70 EP  +13 Gold
[GAME] Auftrag erfüllt: Die Straßen werden still  +150 EP
[GAME] Kristallader gereinigt. 1 / 3
[GAME] Kristallader gereinigt. 2 / 3
[GAME] Kristallader gereinigt. 3 / 3
[GAME] Kristallherz erhalten!
[GAME] Auftrag erfüllt: Die zwei Eide  +150 EP
[GAME] Stufe 6 erreicht! K: Fähigkeiten verbessern.
[GAME] Auftrag erfüllt: Das Herz des Berges  +120 EP
[CHECK] Both parallel paths award their keys
Sep 13, 2026 4:30:30 PM com.jme3.bullet.objects.PhysicsRigidBody rebuildRigidBody
INFORMATION: Created 178adefbcb0.
Sep 13, 2026 4:30:30 PM com.jme3.bullet.objects.PhysicsRigidBody rebuildRigidBody
INFORMATION: Created 178adefbfe0.
Sep 13, 2026 4:30:30 PM com.jme3.bullet.objects.PhysicsRigidBody rebuildRigidBody
INFORMATION: Created 178adef8350.
Sep 13, 2026 4:30:30 PM com.jme3.bullet.objects.PhysicsRigidBody rebuildRigidBody
INFORMATION: Created 178adefc310.
Sep 13, 2026 4:30:30 PM com.jme3.bullet.objects.PhysicsRigidBody rebuildRigidBody
INFORMATION: Created 178adefc640.
Sep 13, 2026 4:30:30 PM com.jme3.bullet.objects.PhysicsRigidBody rebuildRigidBody
INFORMATION: Created 178adef9010.
Sep 13, 2026 4:30:30 PM com.jme3.bullet.objects.PhysicsRigidBody rebuildRigidBody
INFORMATION: Created 178adefa990.
Sep 13, 2026 4:30:30 PM com.jme3.bullet.objects.PhysicsRigidBody rebuildRigidBody
INFORMATION: Created 178adef89b0.
Sep 13, 2026 4:30:30 PM com.jme3.bullet.objects.PhysicsRigidBody rebuildRigidBody
INFORMATION: Created 178adefc970.
Sep 13, 2026 4:30:30 PM com.jme3.bullet.objects.PhysicsRigidBody rebuildRigidBody
INFORMATION: Created 178adef8ce0.
Sep 13, 2026 4:30:30 PM com.jme3.bullet.objects.PhysicsRigidBody rebuildRigidBody
INFORMATION: Created 178adefcca0.
Sep 13, 2026 4:30:30 PM com.jme3.bullet.objects.PhysicsRigidBody rebuildRigidBody
INFORMATION: Created 178adefcfd0.
Sep 13, 2026 4:30:30 PM com.jme3.bullet.objects.PhysicsRigidBody rebuildRigidBody
INFORMATION: Created 178adefd300.
Sep 13, 2026 4:30:30 PM com.jme3.bullet.objects.PhysicsRigidBody rebuildRigidBody
INFORMATION: Created 178adefd630.
Sep 13, 2026 4:30:30 PM com.jme3.bullet.objects.PhysicsRigidBody rebuildRigidBody
INFORMATION: Created 178adefd960.
Sep 13, 2026 4:30:30 PM com.jme3.bullet.objects.PhysicsRigidBody rebuildRigidBody
INFORMATION: Created 178adefdc90.
Sep 13, 2026 4:30:30 PM com.jme3.bullet.objects.PhysicsRigidBody rebuildRigidBody
INFORMATION: Created 178adefdfc0.
Sep 13, 2026 4:30:30 PM com.jme3.bullet.objects.PhysicsRigidBody rebuildRigidBody
INFORMATION: Created 178adefe950.
Sep 13, 2026 4:30:30 PM com.jme3.bullet.objects.PhysicsRigidBody rebuildRigidBody
INFORMATION: Created 178adefe2f0.
Sep 13, 2026 4:30:30 PM com.jme3.bullet.objects.PhysicsRigidBody rebuildRigidBody
INFORMATION: Created 178adefe620.
Sep 13, 2026 4:30:30 PM com.jme3.bullet.objects.PhysicsRigidBody rebuildRigidBody
INFORMATION: Created 17894d60b00.
Sep 13, 2026 4:30:30 PM com.jme3.bullet.objects.PhysicsRigidBody rebuildRigidBody
INFORMATION: Created 17894d60170.
Sep 13, 2026 4:30:30 PM com.jme3.bullet.objects.PhysicsRigidBody rebuildRigidBody
INFORMATION: Created 17894d61af0.
Sep 13, 2026 4:30:30 PM com.jme3.bullet.objects.PhysicsRigidBody rebuildRigidBody
INFORMATION: Created 17894d5eb20.
Sep 13, 2026 4:30:30 PM com.jme3.bullet.objects.PhysicsRigidBody rebuildRigidBody
INFORMATION: Created 17894d61e20.
Sep 13, 2026 4:30:30 PM com.jme3.bullet.objects.PhysicsRigidBody rebuildRigidBody
INFORMATION: Created 17894d5f4b0.
Sep 13, 2026 4:30:30 PM com.jme3.bullet.objects.PhysicsRigidBody rebuildRigidBody
INFORMATION: Created 17894d5ee50.
Sep 13, 2026 4:30:30 PM com.jme3.bullet.objects.PhysicsRigidBody rebuildRigidBody
INFORMATION: Created 17894d5e4c0.
Sep 13, 2026 4:30:30 PM com.jme3.bullet.objects.PhysicsRigidBody rebuildRigidBody
INFORMATION: Created 17894d5f180.
Sep 13, 2026 4:30:30 PM com.jme3.bullet.objects.PhysicsRigidBody rebuildRigidBody
INFORMATION: Created 17894d5f7e0.
Sep 13, 2026 4:30:30 PM com.jme3.bullet.objects.PhysicsRigidBody rebuildRigidBody
INFORMATION: Created 17894d5e7f0.
Sep 13, 2026 4:30:30 PM com.jme3.bullet.objects.PhysicsRigidBody rebuildRigidBody
INFORMATION: Created 17894d5fb10.
Sep 13, 2026 4:30:30 PM com.jme3.bullet.objects.PhysicsRigidBody rebuildRigidBody
INFORMATION: Created 17894d61160.
Sep 13, 2026 4:30:30 PM com.jme3.bullet.objects.PhysicsRigidBody rebuildRigidBody
INFORMATION: Created 17894d617c0.
Sep 13, 2026 4:30:30 PM com.jme3.bullet.objects.PhysicsRigidBody rebuildRigidBody
INFORMATION: Created 17894d5fe40.
Sep 13, 2026 4:30:30 PM com.jme3.bullet.objects.PhysicsRigidBody rebuildRigidBody
INFORMATION: Created 17894d604a0.
Sep 13, 2026 4:30:30 PM com.jme3.bullet.objects.PhysicsRigidBody rebuildRigidBody
INFORMATION: Created 17894d607d0.
Sep 13, 2026 4:30:30 PM com.jme3.bullet.objects.PhysicsRigidBody rebuildRigidBody
INFORMATION: Created 17894d60e30.
Sep 13, 2026 4:30:30 PM com.jme3.bullet.objects.PhysicsRigidBody rebuildRigidBody
INFORMATION: Created 17894d61490.
Sep 13, 2026 4:30:30 PM com.jme3.bullet.objects.PhysicsRigidBody rebuildRigidBody
INFORMATION: Created 17894d5e190.
Sep 13, 2026 4:30:30 PM com.jme3.bullet.objects.PhysicsRigidBody rebuildRigidBody
INFORMATION: Created 17894d62150.
Sep 13, 2026 4:30:30 PM com.jme3.bullet.objects.PhysicsRigidBody rebuildRigidBody
INFORMATION: Created 17894d62ae0.
Sep 13, 2026 4:30:30 PM com.jme3.bullet.objects.PhysicsRigidBody rebuildRigidBody
INFORMATION: Created 17894d64130.
Sep 13, 2026 4:30:30 PM com.jme3.bullet.objects.PhysicsRigidBody rebuildRigidBody
INFORMATION: Created 17894d62480.
Sep 13, 2026 4:30:30 PM com.jme3.bullet.objects.PhysicsRigidBody rebuildRigidBody
INFORMATION: Created 17894d627b0.
Sep 13, 2026 4:30:30 PM com.jme3.bullet.objects.PhysicsRigidBody rebuildRigidBody
INFORMATION: Created 17894d63470.
Sep 13, 2026 4:30:30 PM com.jme3.bullet.objects.PhysicsRigidBody rebuildRigidBody
INFORMATION: Created 17894d637a0.
Sep 13, 2026 4:30:30 PM com.jme3.bullet.objects.PhysicsRigidBody rebuildRigidBody
INFORMATION: Created 17894d63ad0.
Sep 13, 2026 4:30:30 PM com.jme3.bullet.objects.PhysicsRigidBody rebuildRigidBody
INFORMATION: Created 17894d63e00.
Sep 13, 2026 4:30:30 PM com.jme3.bullet.objects.PhysicsRigidBody rebuildRigidBody
INFORMATION: Created 17894d64460.
Sep 13, 2026 4:30:30 PM com.jme3.bullet.objects.PhysicsRigidBody rebuildRigidBody
INFORMATION: Created 17894d482f0.
Sep 13, 2026 4:30:30 PM com.jme3.bullet.objects.PhysicsRigidBody rebuildRigidBody
INFORMATION: Created 17894d45fe0.
Sep 13, 2026 4:30:30 PM com.jme3.bullet.objects.PhysicsRigidBody rebuildRigidBody
INFORMATION: Created 17894d46640.
Sep 13, 2026 4:30:30 PM com.jme3.bullet.objects.PhysicsRigidBody rebuildRigidBody
INFORMATION: Created 17894d47c90.
Sep 13, 2026 4:30:30 PM com.jme3.bullet.objects.PhysicsRigidBody rebuildRigidBody
INFORMATION: Created 17894d46970.
Sep 13, 2026 4:30:30 PM com.jme3.bullet.objects.PhysicsRigidBody rebuildRigidBody
INFORMATION: Created 17894d44cc0.
Sep 13, 2026 4:30:30 PM com.jme3.bullet.objects.PhysicsRigidBody rebuildRigidBody
INFORMATION: Created 17894d46310.
Sep 13, 2026 4:30:30 PM com.jme3.bullet.objects.PhysicsRigidBody rebuildRigidBody
INFORMATION: Created 17894d48620.
Sep 13, 2026 4:30:30 PM com.jme3.bullet.objects.PhysicsRigidBody rebuildRigidBody
INFORMATION: Created 17894d44990.
Sep 13, 2026 4:30:30 PM com.jme3.bullet.objects.PhysicsRigidBody rebuildRigidBody
INFORMATION: Created 17894d47960.
Sep 13, 2026 4:30:30 PM com.jme3.bullet.objects.PhysicsRigidBody rebuildRigidBody
INFORMATION: Created 17894d46ca0.
Sep 13, 2026 4:30:30 PM com.jme3.bullet.objects.PhysicsRigidBody rebuildRigidBody
INFORMATION: Created 17894d48c80.
Sep 13, 2026 4:30:30 PM com.jme3.bullet.objects.PhysicsRigidBody rebuildRigidBody
INFORMATION: Created 17894d45320.
Sep 13, 2026 4:30:30 PM com.jme3.bullet.objects.PhysicsRigidBody rebuildRigidBody
INFORMATION: Created 17894d47fc0.
Sep 13, 2026 4:30:30 PM com.jme3.bullet.objects.PhysicsRigidBody rebuildRigidBody
INFORMATION: Created 17894d48950.
Sep 13, 2026 4:30:30 PM com.jme3.bullet.objects.PhysicsRigidBody rebuildRigidBody
INFORMATION: Created 17894d46fd0.
Sep 13, 2026 4:30:30 PM com.jme3.bullet.objects.PhysicsRigidBody rebuildRigidBody
INFORMATION: Created 17894d47630.
Sep 13, 2026 4:30:30 PM com.jme3.bullet.objects.PhysicsRigidBody rebuildRigidBody
INFORMATION: Created 17894d44ff0.
Sep 13, 2026 4:30:30 PM com.jme3.bullet.objects.PhysicsRigidBody rebuildRigidBody
INFORMATION: Created 17894d48fb0.
Sep 13, 2026 4:30:30 PM com.jme3.bullet.objects.PhysicsRigidBody rebuildRigidBody
INFORMATION: Created 17894d492e0.
Sep 13, 2026 4:30:30 PM com.jme3.bullet.objects.PhysicsRigidBody rebuildRigidBody
INFORMATION: Created 17894d47300.
Sep 13, 2026 4:30:30 PM com.jme3.bullet.objects.PhysicsRigidBody rebuildRigidBody
INFORMATION: Created 17894d45650.
Sep 13, 2026 4:30:30 PM com.jme3.bullet.objects.PhysicsRigidBody rebuildRigidBody
INFORMATION: Created 17894d49610.
Sep 13, 2026 4:30:30 PM com.jme3.bullet.objects.PhysicsRigidBody rebuildRigidBody
INFORMATION: Created 17894d45980.
Sep 13, 2026 4:30:30 PM com.jme3.bullet.objects.PhysicsRigidBody rebuildRigidBody
INFORMATION: Created 17894d49940.
Sep 13, 2026 4:30:30 PM com.jme3.bullet.objects.PhysicsRigidBody rebuildRigidBody
INFORMATION: Created 17894d45cb0.
Sep 13, 2026 4:30:30 PM com.jme3.bullet.objects.PhysicsRigidBody rebuildRigidBody
INFORMATION: Created 17894d4d2a0.
Sep 13, 2026 4:30:30 PM com.jme3.bullet.objects.PhysicsRigidBody rebuildRigidBody
INFORMATION: Created 17894d4d900.
Sep 13, 2026 4:30:30 PM com.jme3.bullet.objects.PhysicsRigidBody rebuildRigidBody
INFORMATION: Created 17894d49c70.
Sep 13, 2026 4:30:30 PM com.jme3.bullet.objects.PhysicsRigidBody rebuildRigidBody
INFORMATION: Created 17894d4bc50.
Sep 13, 2026 4:30:30 PM com.jme3.bullet.objects.PhysicsRigidBody rebuildRigidBody
INFORMATION: Created 17894d4a930.
Sep 13, 2026 4:30:30 PM com.jme3.bullet.objects.PhysicsRigidBody rebuildRigidBody
INFORMATION: Created 17894d4a600.
Sep 13, 2026 4:30:30 PM com.jme3.bullet.objects.PhysicsRigidBody rebuildRigidBody
INFORMATION: Created 17894d4d5d0.
Sep 13, 2026 4:30:30 PM com.jme3.bullet.objects.PhysicsRigidBody rebuildRigidBody
INFORMATION: Created 17894d4bf80.
Sep 13, 2026 4:30:30 PM com.jme3.bullet.objects.PhysicsRigidBody rebuildRigidBody
INFORMATION: Created 17894d4af90.
Sep 13, 2026 4:30:30 PM com.jme3.bullet.objects.PhysicsRigidBody rebuildRigidBody
INFORMATION: Created 17894d4ac60.
Sep 13, 2026 4:30:30 PM com.jme3.bullet.objects.PhysicsRigidBody rebuildRigidBody
INFORMATION: Created 17894d4b920.
Sep 13, 2026 4:30:30 PM com.jme3.bullet.objects.PhysicsRigidBody rebuildRigidBody
INFORMATION: Created 17894d4cc40.
Sep 13, 2026 4:30:30 PM com.jme3.bullet.objects.PhysicsRigidBody rebuildRigidBody
INFORMATION: Created 17894d4c2b0.
Sep 13, 2026 4:30:30 PM com.jme3.bullet.objects.PhysicsRigidBody rebuildRigidBody
INFORMATION: Created 17894d4c910.
Sep 13, 2026 4:30:30 PM com.jme3.bullet.objects.PhysicsRigidBody rebuildRigidBody
INFORMATION: Created 17894d49fa0.
Sep 13, 2026 4:30:30 PM com.jme3.bullet.objects.PhysicsRigidBody rebuildRigidBody
INFORMATION: Created 17894d4dc30.
Sep 13, 2026 4:30:30 PM com.jme3.bullet.objects.PhysicsRigidBody rebuildRigidBody
INFORMATION: Created 17894d4df60.
Sep 13, 2026 4:30:30 PM com.jme3.bullet.objects.PhysicsRigidBody rebuildRigidBody
INFORMATION: Created 17894d4c5e0.
Sep 13, 2026 4:30:30 PM com.jme3.bullet.objects.PhysicsRigidBody rebuildRigidBody
INFORMATION: Created 17894d4b2c0.
Sep 13, 2026 4:30:30 PM com.jme3.bullet.objects.PhysicsRigidBody rebuildRigidBody
INFORMATION: Created 17894d4a2d0.
Sep 13, 2026 4:30:30 PM com.jme3.bullet.objects.PhysicsRigidBody rebuildRigidBody
INFORMATION: Created 17894d4b5f0.
Sep 13, 2026 4:30:30 PM com.jme3.bullet.objects.PhysicsRigidBody rebuildRigidBody
INFORMATION: Created 17894d4e290.
Sep 13, 2026 4:30:30 PM com.jme3.bullet.objects.PhysicsRigidBody rebuildRigidBody
INFORMATION: Created 17894d4f8e0.
Sep 13, 2026 4:30:30 PM com.jme3.bullet.objects.PhysicsRigidBody rebuildRigidBody
INFORMATION: Created 17894d4ff40.
Sep 13, 2026 4:30:30 PM com.jme3.bullet.objects.PhysicsRigidBody rebuildRigidBody
INFORMATION: Created 17894d4e5c0.
Sep 13, 2026 4:30:30 PM com.jme3.bullet.objects.PhysicsRigidBody rebuildRigidBody
INFORMATION: Created 17894d4e8f0.
Sep 13, 2026 4:30:30 PM com.jme3.bullet.objects.PhysicsRigidBody rebuildRigidBody
INFORMATION: Created 17894d4ec20.
Sep 13, 2026 4:30:30 PM com.jme3.bullet.objects.PhysicsRigidBody rebuildRigidBody
INFORMATION: Created 17894d50270.
Sep 13, 2026 4:30:30 PM com.jme3.bullet.objects.PhysicsRigidBody rebuildRigidBody
INFORMATION: Created 17894d505a0.
Sep 13, 2026 4:30:30 PM com.jme3.bullet.objects.PhysicsRigidBody rebuildRigidBody
INFORMATION: Created 17894d4fc10.
Sep 13, 2026 4:30:30 PM com.jme3.bullet.objects.PhysicsRigidBody rebuildRigidBody
INFORMATION: Created 17894d508d0.
Sep 13, 2026 4:30:30 PM com.jme3.bullet.objects.PhysicsRigidBody rebuildRigidBody
INFORMATION: Created 17894d50c00.
Sep 13, 2026 4:30:30 PM com.jme3.bullet.objects.PhysicsRigidBody rebuildRigidBody
INFORMATION: Created 17894d4cf70.
Sep 13, 2026 4:30:30 PM com.jme3.bullet.objects.PhysicsRigidBody rebuildRigidBody
INFORMATION: Created 17894d4ef50.
Sep 13, 2026 4:30:30 PM com.jme3.bullet.objects.PhysicsRigidBody rebuildRigidBody
INFORMATION: Created 17894d4f5b0.
Sep 13, 2026 4:30:30 PM com.jme3.bullet.objects.PhysicsRigidBody rebuildRigidBody
INFORMATION: Created 17894d4f280.
Sep 13, 2026 4:30:30 PM com.jme3.bullet.objects.PhysicsRigidBody rebuildRigidBody
INFORMATION: Created 17894d50f30.
Sep 13, 2026 4:30:30 PM com.jme3.bullet.objects.PhysicsRigidBody rebuildRigidBody
INFORMATION: Created 17894d51260.
Sep 13, 2026 4:30:30 PM com.jme3.bullet.objects.PhysicsRigidBody rebuildRigidBody
INFORMATION: Created 17894d51bf0.
Sep 13, 2026 4:30:30 PM com.jme3.bullet.objects.PhysicsRigidBody rebuildRigidBody
INFORMATION: Created 17894d55220.
Sep 13, 2026 4:30:30 PM com.jme3.bullet.objects.PhysicsRigidBody rebuildRigidBody
INFORMATION: Created 17894d54890.
Sep 13, 2026 4:30:30 PM com.jme3.bullet.objects.PhysicsRigidBody rebuildRigidBody
INFORMATION: Created 17894d52580.
Sep 13, 2026 4:30:30 PM com.jme3.bullet.objects.PhysicsRigidBody rebuildRigidBody
INFORMATION: Created 17894d52be0.
Sep 13, 2026 4:30:30 PM com.jme3.bullet.objects.PhysicsRigidBody rebuildRigidBody
INFORMATION: Created 17894d52f10.
Sep 13, 2026 4:30:30 PM com.jme3.bullet.objects.PhysicsRigidBody rebuildRigidBody
INFORMATION: Created 17894d54bc0.
Sep 13, 2026 4:30:30 PM com.jme3.bullet.objects.PhysicsRigidBody rebuildRigidBody
INFORMATION: Created 17894d538a0.
Sep 13, 2026 4:30:30 PM com.jme3.bullet.objects.PhysicsRigidBody rebuildRigidBody
INFORMATION: Created 17894d53240.
Sep 13, 2026 4:30:30 PM com.jme3.bullet.objects.PhysicsRigidBody rebuildRigidBody
INFORMATION: Created 17894d53bd0.
Sep 13, 2026 4:30:30 PM com.jme3.bullet.objects.PhysicsRigidBody rebuildRigidBody
INFORMATION: Created 17894d54ef0.
Sep 13, 2026 4:30:30 PM com.jme3.bullet.objects.PhysicsRigidBody rebuildRigidBody
INFORMATION: Created 17894d51f20.
Sep 13, 2026 4:30:30 PM com.jme3.bullet.objects.PhysicsRigidBody rebuildRigidBody
INFORMATION: Created 17894d528b0.
Sep 13, 2026 4:30:30 PM com.jme3.bullet.objects.PhysicsRigidBody rebuildRigidBody
INFORMATION: Created 17894d51590.
Sep 13, 2026 4:30:30 PM com.jme3.bullet.objects.PhysicsRigidBody rebuildRigidBody
INFORMATION: Created 17894d518c0.
Sep 13, 2026 4:30:30 PM com.jme3.bullet.objects.PhysicsRigidBody rebuildRigidBody
INFORMATION: Created 17894d54230.
Sep 13, 2026 4:30:30 PM com.jme3.bullet.objects.PhysicsRigidBody rebuildRigidBody
INFORMATION: Created 17894d54560.
Sep 13, 2026 4:30:30 PM com.jme3.bullet.objects.PhysicsRigidBody rebuildRigidBody
INFORMATION: Created 17894d53570.
Sep 13, 2026 4:30:30 PM com.jme3.bullet.objects.PhysicsRigidBody rebuildRigidBody
INFORMATION: Created 17894d53f00.
Sep 13, 2026 4:30:30 PM com.jme3.bullet.objects.PhysicsRigidBody rebuildRigidBody
INFORMATION: Created 17894d55550.
Sep 13, 2026 4:30:30 PM com.jme3.bullet.objects.PhysicsRigidBody rebuildRigidBody
INFORMATION: Created 17894d55880.
Sep 13, 2026 4:30:30 PM com.jme3.bullet.objects.PhysicsRigidBody rebuildRigidBody
INFORMATION: Created 17894d55bb0.
Sep 13, 2026 4:30:30 PM com.jme3.bullet.objects.PhysicsRigidBody rebuildRigidBody
INFORMATION: Created 17894d55ee0.
Sep 13, 2026 4:30:30 PM com.jme3.bullet.objects.PhysicsRigidBody rebuildRigidBody
INFORMATION: Created 17894d52250.
Sep 13, 2026 4:30:30 PM com.jme3.bullet.objects.PhysicsRigidBody rebuildRigidBody
INFORMATION: Created 17894d59ea0.
Sep 13, 2026 4:30:30 PM com.jme3.bullet.objects.PhysicsRigidBody rebuildRigidBody
INFORMATION: Created 17894d56210.
Sep 13, 2026 4:30:30 PM com.jme3.bullet.objects.PhysicsRigidBody rebuildRigidBody
INFORMATION: Created 17894d581f0.
Sep 13, 2026 4:30:30 PM com.jme3.bullet.objects.PhysicsRigidBody rebuildRigidBody
INFORMATION: Created 17894d56ed0.
Sep 13, 2026 4:30:30 PM com.jme3.bullet.objects.PhysicsRigidBody rebuildRigidBody
INFORMATION: Created 17894d56ba0.
Sep 13, 2026 4:30:30 PM com.jme3.bullet.objects.PhysicsRigidBody rebuildRigidBody
INFORMATION: Created 17894d59b70.
Sep 13, 2026 4:30:30 PM com.jme3.bullet.objects.PhysicsRigidBody rebuildRigidBody
INFORMATION: Created 17894d58520.
Sep 13, 2026 4:30:30 PM com.jme3.bullet.objects.PhysicsRigidBody rebuildRigidBody
INFORMATION: Created 17894d57530.
Sep 13, 2026 4:30:30 PM com.jme3.bullet.objects.PhysicsRigidBody rebuildRigidBody
INFORMATION: Created 17894d57200.
Sep 13, 2026 4:30:30 PM com.jme3.bullet.objects.PhysicsRigidBody rebuildRigidBody
INFORMATION: Created 17894d57ec0.
Sep 13, 2026 4:30:30 PM com.jme3.bullet.objects.PhysicsRigidBody rebuildRigidBody
INFORMATION: Created 17894d591e0.
Sep 13, 2026 4:30:30 PM com.jme3.bullet.objects.PhysicsRigidBody rebuildRigidBody
INFORMATION: Created 17894d57860.
Sep 13, 2026 4:30:30 PM com.jme3.bullet.objects.PhysicsRigidBody rebuildRigidBody
INFORMATION: Created 17894d57b90.
Sep 13, 2026 4:30:30 PM com.jme3.bullet.objects.PhysicsRigidBody rebuildRigidBody
INFORMATION: Created 17894d5a1d0.
[GAME] Die letzte Zuflucht
Sep 13, 2026 4:30:30 PM com.jme3.anim.SkinningControl controlRender
INFORMATION: Hardware skinning engaged for Scene (Node)
Sep 13, 2026 4:30:30 PM com.jme3.anim.SkinningControl controlRender
INFORMATION: Hardware skinning engaged for Scene (Node)
Sep 13, 2026 4:30:30 PM com.jme3.anim.SkinningControl controlRender
INFORMATION: Hardware skinning engaged for Scene (Node)
Sep 13, 2026 4:30:30 PM com.jme3.anim.SkinningControl controlRender
INFORMATION: Hardware skinning engaged for Scene (Node)
[SMOKE] stage 19
Sep 13, 2026 4:30:33 PM com.jme3.bullet.objects.PhysicsRigidBody rebuildRigidBody
INFORMATION: Created 17894d56540.
Sep 13, 2026 4:30:33 PM com.jme3.bullet.objects.PhysicsRigidBody rebuildRigidBody
INFORMATION: Created 17894d56870.
Sep 13, 2026 4:30:33 PM com.jme3.bullet.objects.PhysicsRigidBody rebuildRigidBody
INFORMATION: Created 17894d5a500.
Sep 13, 2026 4:30:33 PM com.jme3.bullet.objects.PhysicsRigidBody rebuildRigidBody
INFORMATION: Created 17894d59510.
Sep 13, 2026 4:30:33 PM com.jme3.bullet.objects.PhysicsRigidBody rebuildRigidBody
INFORMATION: Created 17894d5a830.
Sep 13, 2026 4:30:33 PM com.jme3.bullet.objects.PhysicsRigidBody rebuildRigidBody
INFORMATION: Created 17894d59840.
Sep 13, 2026 4:30:33 PM com.jme3.bullet.objects.PhysicsRigidBody rebuildRigidBody
INFORMATION: Created 17894d5ab60.
Sep 13, 2026 4:30:33 PM com.jme3.bullet.objects.PhysicsRigidBody rebuildRigidBody
INFORMATION: Created 17894d5ae90.
Sep 13, 2026 4:30:33 PM com.jme3.bullet.objects.PhysicsRigidBody rebuildRigidBody
INFORMATION: Created 17894d58eb0.
Sep 13, 2026 4:30:33 PM com.jme3.bullet.objects.PhysicsRigidBody rebuildRigidBody
INFORMATION: Created 17894d5c1b0.
Sep 13, 2026 4:30:33 PM com.jme3.bullet.objects.PhysicsRigidBody rebuildRigidBody
INFORMATION: Created 17894d5b1c0.
Sep 13, 2026 4:30:33 PM com.jme3.bullet.objects.PhysicsRigidBody rebuildRigidBody
INFORMATION: Created 17894d5be80.
Sep 13, 2026 4:30:33 PM com.jme3.bullet.objects.PhysicsRigidBody rebuildRigidBody
INFORMATION: Created 17894d5c4e0.
Sep 13, 2026 4:30:33 PM com.jme3.bullet.objects.PhysicsRigidBody rebuildRigidBody
INFORMATION: Created 17894d5b4f0.
Sep 13, 2026 4:30:33 PM com.jme3.bullet.objects.PhysicsRigidBody rebuildRigidBody
INFORMATION: Created 17894d5b820.
Sep 13, 2026 4:30:33 PM com.jme3.bullet.objects.PhysicsRigidBody rebuildRigidBody
INFORMATION: Created 17894d5bb50.
Sep 13, 2026 4:30:33 PM com.jme3.bullet.objects.PhysicsRigidBody rebuildRigidBody
INFORMATION: Created 17894d58850.
Sep 13, 2026 4:30:33 PM com.jme3.bullet.objects.PhysicsRigidBody rebuildRigidBody
INFORMATION: Created 17894d5c810.
Sep 13, 2026 4:30:33 PM com.jme3.bullet.objects.PhysicsRigidBody rebuildRigidBody
INFORMATION: Created 17894d58b80.
Sep 13, 2026 4:30:33 PM com.jme3.bullet.objects.PhysicsRigidBody rebuildRigidBody
INFORMATION: Created 17894d5cb40.
Sep 13, 2026 4:30:33 PM com.jme3.bullet.objects.PhysicsRigidBody rebuildRigidBody
INFORMATION: Created 17894d5d800.
Sep 13, 2026 4:30:33 PM com.jme3.bullet.objects.PhysicsRigidBody rebuildRigidBody
INFORMATION: Created 17894d5ce70.
Sep 13, 2026 4:30:33 PM com.jme3.bullet.objects.PhysicsRigidBody rebuildRigidBody
INFORMATION: Created 17894d5d1a0.
Sep 13, 2026 4:30:33 PM com.jme3.bullet.objects.PhysicsRigidBody rebuildRigidBody
INFORMATION: Created 17894d5d4d0.
Sep 13, 2026 4:30:33 PM com.jme3.bullet.objects.PhysicsRigidBody rebuildRigidBody
INFORMATION: Created 17894d5db30.
Sep 13, 2026 4:30:33 PM com.jme3.bullet.objects.PhysicsRigidBody rebuildRigidBody
INFORMATION: Created 17894d5de60.
Sep 13, 2026 4:30:33 PM com.jme3.bullet.objects.PhysicsRigidBody rebuildRigidBody
INFORMATION: Created 1789692ac90.
Sep 13, 2026 4:30:33 PM com.jme3.bullet.objects.PhysicsRigidBody rebuildRigidBody
INFORMATION: Created 1789692bfb0.
Sep 13, 2026 4:30:33 PM com.jme3.bullet.objects.PhysicsRigidBody rebuildRigidBody
INFORMATION: Created 1789692e920.
Sep 13, 2026 4:30:33 PM com.jme3.bullet.objects.PhysicsRigidBody rebuildRigidBody
INFORMATION: Created 1789692d930.
Sep 13, 2026 4:30:33 PM com.jme3.bullet.objects.PhysicsRigidBody rebuildRigidBody
INFORMATION: Created 1789692c940.
Sep 13, 2026 4:30:33 PM com.jme3.bullet.objects.PhysicsRigidBody rebuildRigidBody
INFORMATION: Created 1789692b620.
Sep 13, 2026 4:30:33 PM com.jme3.bullet.objects.PhysicsRigidBody rebuildRigidBody
INFORMATION: Created 1789692df90.
Sep 13, 2026 4:30:33 PM com.jme3.bullet.objects.PhysicsRigidBody rebuildRigidBody
INFORMATION: Created 1789692e2c0.
Sep 13, 2026 4:30:33 PM com.jme3.bullet.objects.PhysicsRigidBody rebuildRigidBody
INFORMATION: Created 1789692afc0.
Sep 13, 2026 4:30:33 PM com.jme3.bullet.objects.PhysicsRigidBody rebuildRigidBody
INFORMATION: Created 1789692e5f0.
Sep 13, 2026 4:30:33 PM com.jme3.bullet.objects.PhysicsRigidBody rebuildRigidBody
INFORMATION: Created 1789692d600.
Sep 13, 2026 4:30:33 PM com.jme3.bullet.objects.PhysicsRigidBody rebuildRigidBody
INFORMATION: Created 1789692dc60.
Sep 13, 2026 4:30:33 PM com.jme3.bullet.objects.PhysicsRigidBody rebuildRigidBody
INFORMATION: Created 1789692ec50.
Sep 13, 2026 4:30:33 PM com.jme3.bullet.objects.PhysicsRigidBody rebuildRigidBody
INFORMATION: Created 1789692b950.
Sep 13, 2026 4:30:33 PM com.jme3.bullet.objects.PhysicsRigidBody rebuildRigidBody
INFORMATION: Created 1789692bc80.
Sep 13, 2026 4:30:33 PM com.jme3.bullet.objects.PhysicsRigidBody rebuildRigidBody
INFORMATION: Created 1789692ef80.
Sep 13, 2026 4:30:33 PM com.jme3.bullet.objects.PhysicsRigidBody rebuildRigidBody
INFORMATION: Created 1789692b2f0.
Sep 13, 2026 4:30:33 PM com.jme3.bullet.objects.PhysicsRigidBody rebuildRigidBody
INFORMATION: Created 1789692f2b0.
Sep 13, 2026 4:30:33 PM com.jme3.bullet.objects.PhysicsRigidBody rebuildRigidBody
INFORMATION: Created 1789692d2d0.
Sep 13, 2026 4:30:33 PM com.jme3.bullet.objects.PhysicsRigidBody rebuildRigidBody
INFORMATION: Created 1789692f5e0.
Sep 13, 2026 4:30:33 PM com.jme3.bullet.objects.PhysicsRigidBody rebuildRigidBody
INFORMATION: Created 1789692f910.
Sep 13, 2026 4:30:33 PM com.jme3.bullet.objects.PhysicsRigidBody rebuildRigidBody
INFORMATION: Created 1789692c610.
Sep 13, 2026 4:30:33 PM com.jme3.bullet.objects.PhysicsRigidBody rebuildRigidBody
INFORMATION: Created 1789692cc70.
Sep 13, 2026 4:30:33 PM com.jme3.bullet.objects.PhysicsRigidBody rebuildRigidBody
INFORMATION: Created 1789692fc40.
Sep 13, 2026 4:30:33 PM com.jme3.bullet.objects.PhysicsRigidBody rebuildRigidBody
INFORMATION: Created 1789692ff70.
Sep 13, 2026 4:30:33 PM com.jme3.bullet.objects.PhysicsRigidBody rebuildRigidBody
INFORMATION: Created 1789692cfa0.
Sep 13, 2026 4:30:33 PM com.jme3.bullet.objects.PhysicsRigidBody rebuildRigidBody
INFORMATION: Created 1789692c2e0.
Sep 13, 2026 4:30:33 PM com.jme3.bullet.objects.PhysicsRigidBody rebuildRigidBody
INFORMATION: Created 178969315c0.
Sep 13, 2026 4:30:33 PM com.jme3.bullet.objects.PhysicsRigidBody rebuildRigidBody
INFORMATION: Created 17896933f30.
Sep 13, 2026 4:30:33 PM com.jme3.bullet.objects.PhysicsRigidBody rebuildRigidBody
INFORMATION: Created 17896932f40.
Sep 13, 2026 4:30:33 PM com.jme3.bullet.objects.PhysicsRigidBody rebuildRigidBody
INFORMATION: Created 178969302a0.
Sep 13, 2026 4:30:33 PM com.jme3.bullet.objects.PhysicsRigidBody rebuildRigidBody
INFORMATION: Created 17896934260.
Sep 13, 2026 4:30:33 PM com.jme3.bullet.objects.PhysicsRigidBody rebuildRigidBody
INFORMATION: Created 178969305d0.
Sep 13, 2026 4:30:33 PM com.jme3.bullet.objects.PhysicsRigidBody rebuildRigidBody
INFORMATION: Created 17896930900.
Sep 13, 2026 4:30:33 PM com.jme3.bullet.objects.PhysicsRigidBody rebuildRigidBody
INFORMATION: Created 17896932280.
Sep 13, 2026 4:30:33 PM com.jme3.bullet.objects.PhysicsRigidBody rebuildRigidBody
INFORMATION: Created 178969325b0.
Sep 13, 2026 4:30:33 PM com.jme3.bullet.objects.PhysicsRigidBody rebuildRigidBody
INFORMATION: Created 17896934590.
Sep 13, 2026 4:30:33 PM com.jme3.bullet.objects.PhysicsRigidBody rebuildRigidBody
INFORMATION: Created 178969338d0.
Sep 13, 2026 4:30:33 PM com.jme3.bullet.objects.PhysicsRigidBody rebuildRigidBody
INFORMATION: Created 178969348c0.
Sep 13, 2026 4:30:33 PM com.jme3.bullet.objects.PhysicsRigidBody rebuildRigidBody
INFORMATION: Created 17896933270.
Sep 13, 2026 4:30:33 PM com.jme3.bullet.objects.PhysicsRigidBody rebuildRigidBody
INFORMATION: Created 178969318f0.
Sep 13, 2026 4:30:33 PM com.jme3.bullet.objects.PhysicsRigidBody rebuildRigidBody
INFORMATION: Created 17896930c30.
Sep 13, 2026 4:30:33 PM com.jme3.bullet.objects.PhysicsRigidBody rebuildRigidBody
INFORMATION: Created 17896934bf0.
Sep 13, 2026 4:30:33 PM com.jme3.bullet.objects.PhysicsRigidBody rebuildRigidBody
INFORMATION: Created 17896931c20.
Sep 13, 2026 4:30:33 PM com.jme3.bullet.objects.PhysicsRigidBody rebuildRigidBody
INFORMATION: Created 178969335a0.
Sep 13, 2026 4:30:33 PM com.jme3.bullet.objects.PhysicsRigidBody rebuildRigidBody
INFORMATION: Created 17896930f60.
Sep 13, 2026 4:30:33 PM com.jme3.bullet.objects.PhysicsRigidBody rebuildRigidBody
INFORMATION: Created 17896931f50.
Sep 13, 2026 4:30:33 PM com.jme3.bullet.objects.PhysicsRigidBody rebuildRigidBody
INFORMATION: Created 17896934f20.
Sep 13, 2026 4:30:33 PM com.jme3.bullet.objects.PhysicsRigidBody rebuildRigidBody
INFORMATION: Created 17896931290.
Sep 13, 2026 4:30:33 PM com.jme3.bullet.objects.PhysicsRigidBody rebuildRigidBody
INFORMATION: Created 17896935250.
Sep 13, 2026 4:30:33 PM com.jme3.bullet.objects.PhysicsRigidBody rebuildRigidBody
INFORMATION: Created 17896935580.
Sep 13, 2026 4:30:33 PM com.jme3.bullet.objects.PhysicsRigidBody rebuildRigidBody
INFORMATION: Created 178969358b0.
Sep 13, 2026 4:30:33 PM com.jme3.bullet.objects.PhysicsRigidBody rebuildRigidBody
INFORMATION: Created 17896936240.
Sep 13, 2026 4:30:33 PM com.jme3.bullet.objects.PhysicsRigidBody rebuildRigidBody
INFORMATION: Created 17896935be0.
Sep 13, 2026 4:30:33 PM com.jme3.bullet.objects.PhysicsRigidBody rebuildRigidBody
INFORMATION: Created 17896935f10.
Sep 13, 2026 4:30:33 PM com.jme3.bullet.objects.PhysicsRigidBody rebuildRigidBody
INFORMATION: Created 178969328e0.
Sep 13, 2026 4:30:33 PM com.jme3.bullet.objects.PhysicsRigidBody rebuildRigidBody
INFORMATION: Created 17896936570.
Sep 13, 2026 4:30:33 PM com.jme3.bullet.objects.PhysicsRigidBody rebuildRigidBody
INFORMATION: Created 178969368a0.
Sep 13, 2026 4:30:33 PM com.jme3.bullet.objects.PhysicsRigidBody rebuildRigidBody
INFORMATION: Created 17896932c10.
Sep 13, 2026 4:30:33 PM com.jme3.bullet.objects.PhysicsRigidBody rebuildRigidBody
INFORMATION: Created 17896936bd0.
Sep 13, 2026 4:30:33 PM com.jme3.bullet.objects.PhysicsRigidBody rebuildRigidBody
INFORMATION: Created 17896936f00.
Sep 13, 2026 4:30:33 PM com.jme3.bullet.objects.PhysicsRigidBody rebuildRigidBody
INFORMATION: Created 17896937230.
Sep 13, 2026 4:30:33 PM com.jme3.bullet.objects.PhysicsRigidBody rebuildRigidBody
INFORMATION: Created 17896937560.
Sep 13, 2026 4:30:33 PM com.jme3.bullet.objects.PhysicsRigidBody rebuildRigidBody
INFORMATION: Created 1789693b1f0.
Sep 13, 2026 4:30:33 PM com.jme3.bullet.objects.PhysicsRigidBody rebuildRigidBody
INFORMATION: Created 17896938550.
Sep 13, 2026 4:30:33 PM com.jme3.bullet.objects.PhysicsRigidBody rebuildRigidBody
INFORMATION: Created 1789693aec0.
Sep 13, 2026 4:30:33 PM com.jme3.bullet.objects.PhysicsRigidBody rebuildRigidBody
INFORMATION: Created 1789693b520.
Sep 13, 2026 4:30:33 PM com.jme3.bullet.objects.PhysicsRigidBody rebuildRigidBody
INFORMATION: Created 17896938880.
Sep 13, 2026 4:30:33 PM com.jme3.bullet.objects.PhysicsRigidBody rebuildRigidBody
INFORMATION: Created 17896939870.
Sep 13, 2026 4:30:33 PM com.jme3.bullet.objects.PhysicsRigidBody rebuildRigidBody
INFORMATION: Created 17896939ba0.
Sep 13, 2026 4:30:33 PM com.jme3.bullet.objects.PhysicsRigidBody rebuildRigidBody
INFORMATION: Created 17896939210.
Sep 13, 2026 4:30:33 PM com.jme3.bullet.objects.PhysicsRigidBody rebuildRigidBody
INFORMATION: Created 1789693a200.
Sep 13, 2026 4:30:33 PM com.jme3.bullet.objects.PhysicsRigidBody rebuildRigidBody
INFORMATION: Created 17896938220.
Sep 13, 2026 4:30:33 PM com.jme3.bullet.objects.PhysicsRigidBody rebuildRigidBody
INFORMATION: Created 17896939ed0.
Sep 13, 2026 4:30:33 PM com.jme3.bullet.objects.PhysicsRigidBody rebuildRigidBody
INFORMATION: Created 17896937bc0.
Sep 13, 2026 4:30:33 PM com.jme3.bullet.objects.PhysicsRigidBody rebuildRigidBody
INFORMATION: Created 17896939540.
Sep 13, 2026 4:30:33 PM com.jme3.bullet.objects.PhysicsRigidBody rebuildRigidBody
INFORMATION: Created 1789693ab90.
Sep 13, 2026 4:30:33 PM com.jme3.bullet.objects.PhysicsRigidBody rebuildRigidBody
INFORMATION: Created 17896937ef0.
Sep 13, 2026 4:30:33 PM com.jme3.bullet.objects.PhysicsRigidBody rebuildRigidBody
INFORMATION: Created 1789693a530.
Sep 13, 2026 4:30:33 PM com.jme3.bullet.objects.PhysicsRigidBody rebuildRigidBody
INFORMATION: Created 17896937890.
Sep 13, 2026 4:30:33 PM com.jme3.bullet.objects.PhysicsRigidBody rebuildRigidBody
INFORMATION: Created 1789693c1e0.
Sep 13, 2026 4:30:33 PM com.jme3.bullet.objects.PhysicsRigidBody rebuildRigidBody
INFORMATION: Created 1789693c840.
Sep 13, 2026 4:30:33 PM com.jme3.bullet.objects.PhysicsRigidBody rebuildRigidBody
INFORMATION: Created 1789693b850.
Sep 13, 2026 4:30:33 PM com.jme3.bullet.objects.PhysicsRigidBody rebuildRigidBody
INFORMATION: Created 1789693bb80.
Sep 13, 2026 4:30:33 PM com.jme3.bullet.objects.PhysicsRigidBody rebuildRigidBody
INFORMATION: Created 1789693c510.
Sep 13, 2026 4:30:33 PM com.jme3.bullet.objects.PhysicsRigidBody rebuildRigidBody
INFORMATION: Created 1789693a860.
Sep 13, 2026 4:30:33 PM com.jme3.bullet.objects.PhysicsRigidBody rebuildRigidBody
INFORMATION: Created 1789693beb0.
Sep 13, 2026 4:30:33 PM com.jme3.bullet.objects.PhysicsRigidBody rebuildRigidBody
INFORMATION: Created 17896938bb0.
Sep 13, 2026 4:30:33 PM com.jme3.bullet.objects.PhysicsRigidBody rebuildRigidBody
INFORMATION: Created 1789693cb70.
Sep 13, 2026 4:30:33 PM com.jme3.bullet.objects.PhysicsRigidBody rebuildRigidBody
INFORMATION: Created 17896938ee0.
Sep 13, 2026 4:30:33 PM com.jme3.bullet.objects.PhysicsRigidBody rebuildRigidBody
INFORMATION: Created 1789693cea0.
Sep 13, 2026 4:30:33 PM com.jme3.bullet.objects.PhysicsRigidBody rebuildRigidBody
INFORMATION: Created 1789693d1d0.
Sep 13, 2026 4:30:33 PM com.jme3.bullet.objects.PhysicsRigidBody rebuildRigidBody
INFORMATION: Created 1789693d500.
Sep 13, 2026 4:30:33 PM com.jme3.bullet.objects.PhysicsRigidBody rebuildRigidBody
INFORMATION: Created 1789693d830.
Sep 13, 2026 4:30:33 PM com.jme3.bullet.objects.PhysicsRigidBody rebuildRigidBody
INFORMATION: Created 1789693db60.
Sep 13, 2026 4:30:33 PM com.jme3.bullet.objects.PhysicsRigidBody rebuildRigidBody
INFORMATION: Created 17896920070.
Sep 13, 2026 4:30:33 PM com.jme3.bullet.objects.PhysicsRigidBody rebuildRigidBody
INFORMATION: Created 1789691f3b0.
Sep 13, 2026 4:30:33 PM com.jme3.bullet.objects.PhysicsRigidBody rebuildRigidBody
INFORMATION: Created 1789691e6f0.
Sep 13, 2026 4:30:33 PM com.jme3.bullet.objects.PhysicsRigidBody rebuildRigidBody
INFORMATION: Created 1789691ea20.
Sep 13, 2026 4:30:33 PM com.jme3.bullet.objects.PhysicsRigidBody rebuildRigidBody
INFORMATION: Created 178969206d0.
Sep 13, 2026 4:30:33 PM com.jme3.bullet.objects.PhysicsRigidBody rebuildRigidBody
INFORMATION: Created 17896920d30.
Sep 13, 2026 4:30:33 PM com.jme3.bullet.objects.PhysicsRigidBody rebuildRigidBody
INFORMATION: Created 1789691ed50.
Sep 13, 2026 4:30:33 PM com.jme3.bullet.objects.PhysicsRigidBody rebuildRigidBody
INFORMATION: Created 17896921060.
Sep 13, 2026 4:30:33 PM com.jme3.bullet.objects.PhysicsRigidBody rebuildRigidBody
INFORMATION: Created 17896921390.
Sep 13, 2026 4:30:33 PM com.jme3.bullet.objects.PhysicsRigidBody rebuildRigidBody
INFORMATION: Created 178969216c0.
Sep 13, 2026 4:30:33 PM com.jme3.bullet.objects.PhysicsRigidBody rebuildRigidBody
INFORMATION: Created 178969219f0.
Sep 13, 2026 4:30:33 PM com.jme3.bullet.objects.PhysicsRigidBody rebuildRigidBody
INFORMATION: Created 17896921d20.
Sep 13, 2026 4:30:33 PM com.jme3.bullet.objects.PhysicsRigidBody rebuildRigidBody
INFORMATION: Created 1789691e090.
Sep 13, 2026 4:30:33 PM com.jme3.bullet.objects.PhysicsRigidBody rebuildRigidBody
INFORMATION: Created 178969203a0.
Sep 13, 2026 4:30:33 PM com.jme3.bullet.objects.PhysicsRigidBody rebuildRigidBody
INFORMATION: Created 1789691e3c0.
Sep 13, 2026 4:30:33 PM com.jme3.bullet.objects.PhysicsRigidBody rebuildRigidBody
INFORMATION: Created 17896922d10.
Sep 13, 2026 4:30:33 PM com.jme3.bullet.objects.PhysicsRigidBody rebuildRigidBody
INFORMATION: Created 17896922380.
Sep 13, 2026 4:30:33 PM com.jme3.bullet.objects.PhysicsRigidBody rebuildRigidBody
INFORMATION: Created 178969226b0.
Sep 13, 2026 4:30:33 PM com.jme3.bullet.objects.PhysicsRigidBody rebuildRigidBody
INFORMATION: Created 17896920a00.
Sep 13, 2026 4:30:33 PM com.jme3.bullet.objects.PhysicsRigidBody rebuildRigidBody
INFORMATION: Created 1789691f080.
Sep 13, 2026 4:30:33 PM com.jme3.bullet.objects.PhysicsRigidBody rebuildRigidBody
INFORMATION: Created 178969229e0.
Sep 13, 2026 4:30:33 PM com.jme3.bullet.objects.PhysicsRigidBody rebuildRigidBody
INFORMATION: Created 17896923040.
Sep 13, 2026 4:30:33 PM com.jme3.bullet.objects.PhysicsRigidBody rebuildRigidBody
INFORMATION: Created 17896923370.
Sep 13, 2026 4:30:33 PM com.jme3.bullet.objects.PhysicsRigidBody rebuildRigidBody
INFORMATION: Created 1789691f6e0.
Sep 13, 2026 4:30:33 PM com.jme3.bullet.objects.PhysicsRigidBody rebuildRigidBody
INFORMATION: Created 178969236a0.
Sep 13, 2026 4:30:33 PM com.jme3.bullet.objects.PhysicsRigidBody rebuildRigidBody
INFORMATION: Created 1789691fa10.
Sep 13, 2026 4:30:33 PM com.jme3.bullet.objects.PhysicsRigidBody rebuildRigidBody
INFORMATION: Created 178969239d0.
Sep 13, 2026 4:30:33 PM com.jme3.bullet.objects.PhysicsRigidBody rebuildRigidBody
INFORMATION: Created 1789691fd40.
Sep 13, 2026 4:30:33 PM com.jme3.bullet.objects.PhysicsRigidBody rebuildRigidBody
INFORMATION: Created 17896925020.
Sep 13, 2026 4:30:33 PM com.jme3.bullet.objects.PhysicsRigidBody rebuildRigidBody
INFORMATION: Created 17896926010.
Sep 13, 2026 4:30:33 PM com.jme3.bullet.objects.PhysicsRigidBody rebuildRigidBody
INFORMATION: Created 17896924360.
Sep 13, 2026 4:30:33 PM com.jme3.bullet.objects.PhysicsRigidBody rebuildRigidBody
INFORMATION: Created 178969259b0.
[GAME] Das Kettenverlies
Sep 13, 2026 4:30:33 PM com.jme3.anim.SkinningControl controlRender
INFORMATION: Hardware skinning engaged for Scene (Node)
Sep 13, 2026 4:30:33 PM com.jme3.anim.SkinningControl controlRender
INFORMATION: Hardware skinning engaged for Scene (Node)
Sep 13, 2026 4:30:33 PM com.jme3.anim.SkinningControl controlRender
INFORMATION: Hardware skinning engaged for Scene (Node)
Sep 13, 2026 4:30:33 PM com.jme3.anim.SkinningControl controlRender
INFORMATION: Hardware skinning engaged for Scene (Node)
Sep 13, 2026 4:30:33 PM com.jme3.anim.SkinningControl controlRender
INFORMATION: Hardware skinning engaged for Scene (Node)
Sep 13, 2026 4:30:33 PM com.jme3.anim.SkinningControl controlRender
INFORMATION: Hardware skinning engaged for Scene (Node)
Sep 13, 2026 4:30:33 PM com.jme3.anim.SkinningControl controlRender
INFORMATION: Hardware skinning engaged for Scene (Node)
[SMOKE] stage 20
[CHECK] Both seals unlock prison
[GAME] Goblin besiegt  +35 EP  +8 Gold
[GAME] Ork-Brecher besiegt  +70 EP  +13 Gold
[GAME] Ork-Brecher besiegt  +70 EP  +13 Gold
[GAME] Ork-Brecher besiegt  +70 EP  +13 Gold
[GAME] Aschenrufer besiegt  +65 EP  +23 Gold
[GAME] Eiserner Wächter besiegt  +115 EP  +18 Gold
[GAME] Eiserner Wächter besiegt  +115 EP  +18 Gold
[GAME] STUFE 7  -  Fähigkeitspunkt erhalten [K]
[GAME] Eiserner Wächter besiegt  +115 EP  +18 Gold
[GAME] Schlüssel des Kerkermeisters erhalten.
[GAME] Auftrag erfüllt: Der letzte Kerkermeister  +160 EP
[GAME] Die Gefangenen sind frei. Der König verliert 20% seiner Lebenskraft.
[GAME] Auftrag erfüllt: Der Preis der Freiheit  +180 EP
[CHECK] Prisoner branch
[CHECK] Keeper drops key
Sep 13, 2026 4:30:35 PM com.jme3.bullet.objects.PhysicsRigidBody rebuildRigidBody
INFORMATION: Created 17896924690.
Sep 13, 2026 4:30:35 PM com.jme3.bullet.objects.PhysicsRigidBody rebuildRigidBody
INFORMATION: Created 17896926cd0.
Sep 13, 2026 4:30:35 PM com.jme3.bullet.objects.PhysicsRigidBody rebuildRigidBody
INFORMATION: Created 17896927000.
Sep 13, 2026 4:30:35 PM com.jme3.bullet.objects.PhysicsRigidBody rebuildRigidBody
INFORMATION: Created 178969269a0.
Sep 13, 2026 4:30:35 PM com.jme3.bullet.objects.PhysicsRigidBody rebuildRigidBody
INFORMATION: Created 17896925350.
Sep 13, 2026 4:30:35 PM com.jme3.bullet.objects.PhysicsRigidBody rebuildRigidBody
INFORMATION: Created 17896925680.
Sep 13, 2026 4:30:35 PM com.jme3.bullet.objects.PhysicsRigidBody rebuildRigidBody
INFORMATION: Created 17896927660.
Sep 13, 2026 4:30:35 PM com.jme3.bullet.objects.PhysicsRigidBody rebuildRigidBody
INFORMATION: Created 17896927990.
Sep 13, 2026 4:30:35 PM com.jme3.bullet.objects.PhysicsRigidBody rebuildRigidBody
INFORMATION: Created 17896925ce0.
Sep 13, 2026 4:30:35 PM com.jme3.bullet.objects.PhysicsRigidBody rebuildRigidBody
INFORMATION: Created 17896927330.
Sep 13, 2026 4:30:35 PM com.jme3.bullet.objects.PhysicsRigidBody rebuildRigidBody
INFORMATION: Created 17896923d00.
Sep 13, 2026 4:30:35 PM com.jme3.bullet.objects.PhysicsRigidBody rebuildRigidBody
INFORMATION: Created 17896924cf0.
Sep 13, 2026 4:30:35 PM com.jme3.bullet.objects.PhysicsRigidBody rebuildRigidBody
INFORMATION: Created 17896926340.
Sep 13, 2026 4:30:35 PM com.jme3.bullet.objects.PhysicsRigidBody rebuildRigidBody
INFORMATION: Created 17896927cc0.
Sep 13, 2026 4:30:35 PM com.jme3.bullet.objects.PhysicsRigidBody rebuildRigidBody
INFORMATION: Created 17896926670.
Sep 13, 2026 4:30:35 PM com.jme3.bullet.objects.PhysicsRigidBody rebuildRigidBody
INFORMATION: Created 17896924030.
Sep 13, 2026 4:30:35 PM com.jme3.bullet.objects.PhysicsRigidBody rebuildRigidBody
INFORMATION: Created 17896927ff0.
Sep 13, 2026 4:30:35 PM com.jme3.bullet.objects.PhysicsRigidBody rebuildRigidBody
INFORMATION: Created 17896928320.
Sep 13, 2026 4:30:35 PM com.jme3.bullet.objects.PhysicsRigidBody rebuildRigidBody
INFORMATION: Created 17896928650.
Sep 13, 2026 4:30:35 PM com.jme3.bullet.objects.PhysicsRigidBody rebuildRigidBody
INFORMATION: Created 178969249c0.
Sep 13, 2026 4:30:35 PM com.jme3.bullet.objects.PhysicsRigidBody rebuildRigidBody
INFORMATION: Created 17896928fe0.
Sep 13, 2026 4:30:35 PM com.jme3.bullet.objects.PhysicsRigidBody rebuildRigidBody
INFORMATION: Created 17896928980.
Sep 13, 2026 4:30:35 PM com.jme3.bullet.objects.PhysicsRigidBody rebuildRigidBody
INFORMATION: Created 1789692a960.
Sep 13, 2026 4:30:35 PM com.jme3.bullet.objects.PhysicsRigidBody rebuildRigidBody
INFORMATION: Created 1789692a300.
Sep 13, 2026 4:30:35 PM com.jme3.bullet.objects.PhysicsRigidBody rebuildRigidBody
INFORMATION: Created 17896928cb0.
Sep 13, 2026 4:30:35 PM com.jme3.bullet.objects.PhysicsRigidBody rebuildRigidBody
INFORMATION: Created 17896929310.
Sep 13, 2026 4:30:35 PM com.jme3.bullet.objects.PhysicsRigidBody rebuildRigidBody
INFORMATION: Created 17896929640.
Sep 13, 2026 4:30:35 PM com.jme3.bullet.objects.PhysicsRigidBody rebuildRigidBody
INFORMATION: Created 17896929970.
Sep 13, 2026 4:30:35 PM com.jme3.bullet.objects.PhysicsRigidBody rebuildRigidBody
INFORMATION: Created 17896929ca0.
Sep 13, 2026 4:30:35 PM com.jme3.bullet.objects.PhysicsRigidBody rebuildRigidBody
INFORMATION: Created 17896929fd0.
Sep 13, 2026 4:30:35 PM com.jme3.bullet.objects.PhysicsRigidBody rebuildRigidBody
INFORMATION: Created 1789692a630.
Sep 13, 2026 4:30:35 PM com.jme3.bullet.objects.PhysicsRigidBody rebuildRigidBody
INFORMATION: Created 178adf00600.
Sep 13, 2026 4:30:35 PM com.jme3.bullet.objects.PhysicsRigidBody rebuildRigidBody
INFORMATION: Created 178adf01920.
Sep 13, 2026 4:30:35 PM com.jme3.bullet.objects.PhysicsRigidBody rebuildRigidBody
INFORMATION: Created 178adf002d0.
Sep 13, 2026 4:30:35 PM com.jme3.bullet.objects.PhysicsRigidBody rebuildRigidBody
INFORMATION: Created 178adf012c0.
Sep 13, 2026 4:30:35 PM com.jme3.bullet.objects.PhysicsRigidBody rebuildRigidBody
INFORMATION: Created 178adf00930.
Sep 13, 2026 4:30:35 PM com.jme3.bullet.objects.PhysicsRigidBody rebuildRigidBody
INFORMATION: Created 178adefffa0.
Sep 13, 2026 4:30:35 PM com.jme3.bullet.objects.PhysicsRigidBody rebuildRigidBody
INFORMATION: Created 178adeffc70.
Sep 13, 2026 4:30:35 PM com.jme3.bullet.objects.PhysicsRigidBody rebuildRigidBody
INFORMATION: Created 178adeff610.
Sep 13, 2026 4:30:35 PM com.jme3.bullet.objects.PhysicsRigidBody rebuildRigidBody
INFORMATION: Created 178adeff2e0.
Sep 13, 2026 4:30:35 PM com.jme3.bullet.objects.PhysicsRigidBody rebuildRigidBody
INFORMATION: Created 178adf00f90.
Sep 13, 2026 4:30:35 PM com.jme3.bullet.objects.PhysicsRigidBody rebuildRigidBody
INFORMATION: Created 178adf00c60.
Sep 13, 2026 4:30:35 PM com.jme3.bullet.objects.PhysicsRigidBody rebuildRigidBody
INFORMATION: Created 178adf015f0.
Sep 13, 2026 4:30:35 PM com.jme3.bullet.objects.PhysicsRigidBody rebuildRigidBody
INFORMATION: Created 178adf01f80.
Sep 13, 2026 4:30:35 PM com.jme3.bullet.objects.PhysicsRigidBody rebuildRigidBody
INFORMATION: Created 178adf01c50.
Sep 13, 2026 4:30:35 PM com.jme3.bullet.objects.PhysicsRigidBody rebuildRigidBody
INFORMATION: Created 178adf022b0.
Sep 13, 2026 4:30:35 PM com.jme3.bullet.objects.PhysicsRigidBody rebuildRigidBody
INFORMATION: Created 178adeff940.
Sep 13, 2026 4:30:35 PM com.jme3.bullet.objects.PhysicsRigidBody rebuildRigidBody
INFORMATION: Created 178adf025e0.
Sep 13, 2026 4:30:35 PM com.jme3.bullet.objects.PhysicsRigidBody rebuildRigidBody
INFORMATION: Created 178adf02910.
Sep 13, 2026 4:30:35 PM com.jme3.bullet.objects.PhysicsRigidBody rebuildRigidBody
INFORMATION: Created 178adefec80.
Sep 13, 2026 4:30:35 PM com.jme3.bullet.objects.PhysicsRigidBody rebuildRigidBody
INFORMATION: Created 178adf02c40.
Sep 13, 2026 4:30:35 PM com.jme3.bullet.objects.PhysicsRigidBody rebuildRigidBody
INFORMATION: Created 178adefefb0.
Sep 13, 2026 4:30:35 PM com.jme3.bullet.objects.PhysicsRigidBody rebuildRigidBody
INFORMATION: Created 178adf05f40.
Sep 13, 2026 4:30:35 PM com.jme3.bullet.objects.PhysicsRigidBody rebuildRigidBody
INFORMATION: Created 178adf06270.
Sep 13, 2026 4:30:35 PM com.jme3.bullet.objects.PhysicsRigidBody rebuildRigidBody
INFORMATION: Created 178adf05c10.
Sep 13, 2026 4:30:35 PM com.jme3.bullet.objects.PhysicsRigidBody rebuildRigidBody
INFORMATION: Created 178adf04290.
Sep 13, 2026 4:30:35 PM com.jme3.bullet.objects.PhysicsRigidBody rebuildRigidBody
INFORMATION: Created 178adf048f0.
Sep 13, 2026 4:30:35 PM com.jme3.bullet.objects.PhysicsRigidBody rebuildRigidBody
INFORMATION: Created 178adf068d0.
Sep 13, 2026 4:30:35 PM com.jme3.bullet.objects.PhysicsRigidBody rebuildRigidBody
INFORMATION: Created 178adf055b0.
Sep 13, 2026 4:30:35 PM com.jme3.bullet.objects.PhysicsRigidBody rebuildRigidBody
INFORMATION: Created 178adf06c00.
Sep 13, 2026 4:30:35 PM com.jme3.bullet.objects.PhysicsRigidBody rebuildRigidBody
INFORMATION: Created 178adf032a0.
Sep 13, 2026 4:30:35 PM com.jme3.bullet.objects.PhysicsRigidBody rebuildRigidBody
INFORMATION: Created 178adf02f70.
Sep 13, 2026 4:30:35 PM com.jme3.bullet.objects.PhysicsRigidBody rebuildRigidBody
INFORMATION: Created 178adf03c30.
Sep 13, 2026 4:30:35 PM com.jme3.bullet.objects.PhysicsRigidBody rebuildRigidBody
INFORMATION: Created 178adf065a0.
Sep 13, 2026 4:30:35 PM com.jme3.bullet.objects.PhysicsRigidBody rebuildRigidBody
INFORMATION: Created 178adf03f60.
Sep 13, 2026 4:30:35 PM com.jme3.bullet.objects.PhysicsRigidBody rebuildRigidBody
INFORMATION: Created 178adf045c0.
Sep 13, 2026 4:30:35 PM com.jme3.bullet.objects.PhysicsRigidBody rebuildRigidBody
INFORMATION: Created 178adf06f30.
Sep 13, 2026 4:30:35 PM com.jme3.bullet.objects.PhysicsRigidBody rebuildRigidBody
INFORMATION: Created 178adf07260.
Sep 13, 2026 4:30:35 PM com.jme3.bullet.objects.PhysicsRigidBody rebuildRigidBody
INFORMATION: Created 178adf03900.
Sep 13, 2026 4:30:35 PM com.jme3.bullet.objects.PhysicsRigidBody rebuildRigidBody
INFORMATION: Created 178adf058e0.
Sep 13, 2026 4:30:35 PM com.jme3.bullet.objects.PhysicsRigidBody rebuildRigidBody
INFORMATION: Created 178adf035d0.
Sep 13, 2026 4:30:35 PM com.jme3.bullet.objects.PhysicsRigidBody rebuildRigidBody
INFORMATION: Created 178adf078c0.
Sep 13, 2026 4:30:35 PM com.jme3.bullet.objects.PhysicsRigidBody rebuildRigidBody
INFORMATION: Created 178adf04f50.
Sep 13, 2026 4:30:35 PM com.jme3.bullet.objects.PhysicsRigidBody rebuildRigidBody
INFORMATION: Created 178adf07590.
Sep 13, 2026 4:30:35 PM com.jme3.bullet.objects.PhysicsRigidBody rebuildRigidBody
INFORMATION: Created 178adf07bf0.
Sep 13, 2026 4:30:35 PM com.jme3.bullet.objects.PhysicsRigidBody rebuildRigidBody
INFORMATION: Created 178adf07f20.
Sep 13, 2026 4:30:35 PM com.jme3.bullet.objects.PhysicsRigidBody rebuildRigidBody
INFORMATION: Created 178adf08250.
Sep 13, 2026 4:30:35 PM com.jme3.bullet.objects.PhysicsRigidBody rebuildRigidBody
INFORMATION: Created 178adf08580.
Sep 13, 2026 4:30:35 PM com.jme3.bullet.objects.PhysicsRigidBody rebuildRigidBody
INFORMATION: Created 178adf088b0.
Sep 13, 2026 4:30:35 PM com.jme3.bullet.objects.PhysicsRigidBody rebuildRigidBody
INFORMATION: Created 178adf04c20.
Sep 13, 2026 4:30:35 PM com.jme3.bullet.objects.PhysicsRigidBody rebuildRigidBody
INFORMATION: Created 178adf08be0.
Sep 13, 2026 4:30:35 PM com.jme3.bullet.objects.PhysicsRigidBody rebuildRigidBody
INFORMATION: Created 178adf08f10.
Sep 13, 2026 4:30:35 PM com.jme3.bullet.objects.PhysicsRigidBody rebuildRigidBody
INFORMATION: Created 178adf05280.
Sep 13, 2026 4:30:35 PM com.jme3.bullet.objects.PhysicsRigidBody rebuildRigidBody
INFORMATION: Created 178adf09240.
Sep 13, 2026 4:30:35 PM com.jme3.bullet.objects.PhysicsRigidBody rebuildRigidBody
INFORMATION: Created 178adf09570.
Sep 13, 2026 4:30:35 PM com.jme3.bullet.objects.PhysicsRigidBody rebuildRigidBody
INFORMATION: Created 178adf09f00.
Sep 13, 2026 4:30:35 PM com.jme3.bullet.objects.PhysicsRigidBody rebuildRigidBody
INFORMATION: Created 178adf0aef0.
Sep 13, 2026 4:30:35 PM com.jme3.bullet.objects.PhysicsRigidBody rebuildRigidBody
INFORMATION: Created 178adf098a0.
Sep 13, 2026 4:30:35 PM com.jme3.bullet.objects.PhysicsRigidBody rebuildRigidBody
INFORMATION: Created 178adf09bd0.
Sep 13, 2026 4:30:35 PM com.jme3.bullet.objects.PhysicsRigidBody rebuildRigidBody
INFORMATION: Created 178adf0a230.
Sep 13, 2026 4:30:35 PM com.jme3.bullet.objects.PhysicsRigidBody rebuildRigidBody
INFORMATION: Created 178adf0a560.
Sep 13, 2026 4:30:35 PM com.jme3.bullet.objects.PhysicsRigidBody rebuildRigidBody
INFORMATION: Created 178adf0a890.
Sep 13, 2026 4:30:35 PM com.jme3.bullet.objects.PhysicsRigidBody rebuildRigidBody
INFORMATION: Created 178adf0b220.
Sep 13, 2026 4:30:35 PM com.jme3.bullet.objects.PhysicsRigidBody rebuildRigidBody
INFORMATION: Created 178adf0b550.
Sep 13, 2026 4:30:35 PM com.jme3.bullet.objects.PhysicsRigidBody rebuildRigidBody
INFORMATION: Created 178adf0e850.
Sep 13, 2026 4:30:35 PM com.jme3.bullet.objects.PhysicsRigidBody rebuildRigidBody
INFORMATION: Created 178adf0eb80.
Sep 13, 2026 4:30:35 PM com.jme3.bullet.objects.PhysicsRigidBody rebuildRigidBody
INFORMATION: Created 178adf0ced0.
[GAME] Der Aschenthron
Sep 13, 2026 4:30:35 PM com.jme3.anim.SkinningControl controlRender
INFORMATION: Hardware skinning engaged for Scene (Node)
Sep 13, 2026 4:30:35 PM com.jme3.anim.SkinningControl controlRender
INFORMATION: Hardware skinning engaged for Scene (Node)
Sep 13, 2026 4:30:35 PM com.jme3.anim.SkinningControl controlRender
INFORMATION: Hardware skinning engaged for Scene (Node)
Sep 13, 2026 4:30:35 PM com.jme3.anim.SkinningControl controlRender
INFORMATION: Hardware skinning engaged for Scene (Node)
[SMOKE] stage 21
[CHECK] Keeper key opens throne
[CHECK] Prisoner rescue weakens boss
[GAME] Ork-Brecher besiegt  +70 EP  +13 Gold
[GAME] Aschenrufer besiegt  +65 EP  +23 Gold
[GAME] STUFE 8  -  Fähigkeitspunkt erhalten [K]
[GAME] Auftrag erfüllt: Erinnerung an die Fünf  +220 EP
[GAME] ORK-KÖNIG  -  PHASE 2  |  Die Erde bebt
[SMOKE] stage 22
[CHECK] Boss enters second phase (mode PLAYING, hero 245.0, king 792.0 / 1200.0 state CHASE)
[CHECK] Death clip runs once and holds
[CHECK] Dead enemy lies on the floor
[CHECK] Death clip runs once and holds
[CHECK] Dead enemy lies on the floor
[GAME] ORK-KÖNIG  -  PHASE 3  |  Die Krone brennt
[SMOKE] stage 23
[CHECK] Boss enters third phase
[GAME] Ork-König besiegt  +500 EP  +100 Gold
[GAME] Die Krone faellt. Dein Urteil steht noch aus.
[GAME] Auftrag erfüllt: Unter einer Aschenkrone  +500 EP
[GAME] Stufe 9 erreicht! K: Fähigkeiten verbessern.
[SMOKE] stage 24
[CHECK] Boss death unlocks epilogue
[GAME] Auftrag erfüllt: Was vom Feuer bleibt  +0 EP
[CHECK] Seal ending plays its closing sequence
[CHECK] All ten quests can be completed
[SMOKE] stage 25
[CHECK] Closing sequence shows its subtitles
[CHECK] Closing sequence circles the throne
[CHECK] Closing sequence ends on the Ending page
[CHECK] Alternative crown ending has its own sequence
[SMOKE] stage 26
Sep 13, 2026 4:30:50 PM com.jme3.bullet.objects.PhysicsRigidBody rebuildRigidBody
INFORMATION: Created 178adef33a0.
Sep 13, 2026 4:30:50 PM com.jme3.bullet.objects.PhysicsRigidBody rebuildRigidBody
INFORMATION: Created 178adef5050.
Sep 13, 2026 4:30:50 PM com.jme3.bullet.objects.PhysicsRigidBody rebuildRigidBody
INFORMATION: Created 178adef5380.
Sep 13, 2026 4:30:50 PM com.jme3.bullet.objects.PhysicsRigidBody rebuildRigidBody
INFORMATION: Created 178adef2a10.
Sep 13, 2026 4:30:50 PM com.jme3.bullet.objects.PhysicsRigidBody rebuildRigidBody
INFORMATION: Created 178adef23b0.
Sep 13, 2026 4:30:50 PM com.jme3.bullet.objects.PhysicsRigidBody rebuildRigidBody
INFORMATION: Created 178adef49f0.
Sep 13, 2026 4:30:50 PM com.jme3.bullet.objects.PhysicsRigidBody rebuildRigidBody
INFORMATION: Created 178adef2d40.
Sep 13, 2026 4:30:50 PM com.jme3.bullet.objects.PhysicsRigidBody rebuildRigidBody
INFORMATION: Created 178adef26e0.
Sep 13, 2026 4:30:50 PM com.jme3.bullet.objects.PhysicsRigidBody rebuildRigidBody
INFORMATION: Created 178adef4d20.
Sep 13, 2026 4:30:50 PM com.jme3.bullet.objects.PhysicsRigidBody rebuildRigidBody
INFORMATION: Created 178adef3070.
Sep 13, 2026 4:30:50 PM com.jme3.bullet.objects.PhysicsRigidBody rebuildRigidBody
INFORMATION: Created 178adef56b0.
Sep 13, 2026 4:30:50 PM com.jme3.bullet.objects.PhysicsRigidBody rebuildRigidBody
INFORMATION: Created 178adef36d0.
Sep 13, 2026 4:30:50 PM com.jme3.bullet.objects.PhysicsRigidBody rebuildRigidBody
INFORMATION: Created 178adef3a00.
Sep 13, 2026 4:30:50 PM com.jme3.bullet.objects.PhysicsRigidBody rebuildRigidBody
INFORMATION: Created 178adef59e0.
Sep 13, 2026 4:30:50 PM com.jme3.bullet.objects.PhysicsRigidBody rebuildRigidBody
INFORMATION: Created 178adef3d30.
Sep 13, 2026 4:30:50 PM com.jme3.bullet.objects.PhysicsRigidBody rebuildRigidBody
INFORMATION: Created 178adef4060.
Sep 13, 2026 4:30:50 PM com.jme3.bullet.objects.PhysicsRigidBody rebuildRigidBody
INFORMATION: Created 178adef4390.
Sep 13, 2026 4:30:50 PM com.jme3.bullet.objects.PhysicsRigidBody rebuildRigidBody
INFORMATION: Created 178adef5d10.
Sep 13, 2026 4:30:50 PM com.jme3.bullet.objects.PhysicsRigidBody rebuildRigidBody
INFORMATION: Created 178adef2080.
Sep 13, 2026 4:30:50 PM com.jme3.bullet.objects.PhysicsRigidBody rebuildRigidBody
INFORMATION: Created 178adef66a0.
Sep 13, 2026 4:30:50 PM com.jme3.bullet.objects.PhysicsRigidBody rebuildRigidBody
INFORMATION: Created 178adef6040.
Sep 13, 2026 4:30:50 PM com.jme3.bullet.objects.PhysicsRigidBody rebuildRigidBody
INFORMATION: Created 178adef79c0.
Sep 13, 2026 4:30:50 PM com.jme3.bullet.objects.PhysicsRigidBody rebuildRigidBody
INFORMATION: Created 178adef7cf0.
Sep 13, 2026 4:30:50 PM com.jme3.bullet.objects.PhysicsRigidBody rebuildRigidBody
INFORMATION: Created 178adef46c0.
Sep 13, 2026 4:30:50 PM com.jme3.bullet.objects.PhysicsRigidBody rebuildRigidBody
INFORMATION: Created 178adef9670.
Sep 13, 2026 4:30:50 PM com.jme3.bullet.objects.PhysicsRigidBody rebuildRigidBody
INFORMATION: Created 178adef8ce0.
Sep 13, 2026 4:30:50 PM com.jme3.bullet.objects.PhysicsRigidBody rebuildRigidBody
INFORMATION: Created 178adef9010.
Sep 13, 2026 4:30:50 PM com.jme3.bullet.objects.PhysicsRigidBody rebuildRigidBody
INFORMATION: Created 178adef8020.
Sep 13, 2026 4:30:50 PM com.jme3.bullet.objects.PhysicsRigidBody rebuildRigidBody
INFORMATION: Created 178adef8350.
Sep 13, 2026 4:30:50 PM com.jme3.bullet.objects.PhysicsRigidBody rebuildRigidBody
INFORMATION: Created 178adef7360.
Sep 13, 2026 4:30:50 PM com.jme3.bullet.objects.PhysicsRigidBody rebuildRigidBody
INFORMATION: Created 178adef69d0.
Sep 13, 2026 4:30:50 PM com.jme3.bullet.objects.PhysicsRigidBody rebuildRigidBody
INFORMATION: Created 178adef8680.
Sep 13, 2026 4:30:50 PM com.jme3.bullet.objects.PhysicsRigidBody rebuildRigidBody
INFORMATION: Created 178adef6d00.
Sep 13, 2026 4:30:50 PM com.jme3.bullet.objects.PhysicsRigidBody rebuildRigidBody
INFORMATION: Created 178adefa000.
Sep 13, 2026 4:30:50 PM com.jme3.bullet.objects.PhysicsRigidBody rebuildRigidBody
INFORMATION: Created 178adef7030.
Sep 13, 2026 4:30:50 PM com.jme3.bullet.objects.PhysicsRigidBody rebuildRigidBody
INFORMATION: Created 178adef9340.
Sep 13, 2026 4:30:50 PM com.jme3.bullet.objects.PhysicsRigidBody rebuildRigidBody
INFORMATION: Created 178adef99a0.
Sep 13, 2026 4:30:50 PM com.jme3.bullet.objects.PhysicsRigidBody rebuildRigidBody
INFORMATION: Created 178adef9cd0.
Sep 13, 2026 4:30:50 PM com.jme3.bullet.objects.PhysicsRigidBody rebuildRigidBody
INFORMATION: Created 178adef89b0.
Sep 13, 2026 4:30:50 PM com.jme3.bullet.objects.PhysicsRigidBody rebuildRigidBody
INFORMATION: Created 178adef6370.
Sep 13, 2026 4:30:50 PM com.jme3.bullet.objects.PhysicsRigidBody rebuildRigidBody
INFORMATION: Created 178adef7690.
Sep 13, 2026 4:30:50 PM com.jme3.bullet.objects.PhysicsRigidBody rebuildRigidBody
INFORMATION: Created 178adefa660.
Sep 13, 2026 4:30:50 PM com.jme3.bullet.objects.PhysicsRigidBody rebuildRigidBody
INFORMATION: Created 178adefc640.
Sep 13, 2026 4:30:50 PM com.jme3.bullet.objects.PhysicsRigidBody rebuildRigidBody
INFORMATION: Created 178adefcca0.
Sep 13, 2026 4:30:50 PM com.jme3.bullet.objects.PhysicsRigidBody rebuildRigidBody
INFORMATION: Created 178adefcfd0.
Sep 13, 2026 4:30:50 PM com.jme3.bullet.objects.PhysicsRigidBody rebuildRigidBody
INFORMATION: Created 178adefc970.
Sep 13, 2026 4:30:50 PM com.jme3.bullet.objects.PhysicsRigidBody rebuildRigidBody
INFORMATION: Created 178adefb980.
Sep 13, 2026 4:30:50 PM com.jme3.bullet.objects.PhysicsRigidBody rebuildRigidBody
INFORMATION: Created 178adefbcb0.
Sep 13, 2026 4:30:50 PM com.jme3.bullet.objects.PhysicsRigidBody rebuildRigidBody
INFORMATION: Created 178adefc310.
Sep 13, 2026 4:30:50 PM com.jme3.bullet.objects.PhysicsRigidBody rebuildRigidBody
INFORMATION: Created 178adefdc90.
Sep 13, 2026 4:30:50 PM com.jme3.bullet.objects.PhysicsRigidBody rebuildRigidBody
INFORMATION: Created 178adefaff0.
Sep 13, 2026 4:30:50 PM com.jme3.bullet.objects.PhysicsRigidBody rebuildRigidBody
INFORMATION: Created 178adefbfe0.
Sep 13, 2026 4:30:50 PM com.jme3.bullet.objects.PhysicsRigidBody rebuildRigidBody
INFORMATION: Created 178adefd300.
Sep 13, 2026 4:30:50 PM com.jme3.bullet.objects.PhysicsRigidBody rebuildRigidBody
INFORMATION: Created 178adefb320.
Sep 13, 2026 4:30:50 PM com.jme3.bullet.objects.PhysicsRigidBody rebuildRigidBody
INFORMATION: Created 178adefdfc0.
Sep 13, 2026 4:30:50 PM com.jme3.bullet.objects.PhysicsRigidBody rebuildRigidBody
INFORMATION: Created 178adefd630.
Sep 13, 2026 4:30:50 PM com.jme3.bullet.objects.PhysicsRigidBody rebuildRigidBody
INFORMATION: Created 178adefb650.
Sep 13, 2026 4:30:50 PM com.jme3.bullet.objects.PhysicsRigidBody rebuildRigidBody
INFORMATION: Created 178adefd960.
Sep 13, 2026 4:30:50 PM com.jme3.bullet.objects.PhysicsRigidBody rebuildRigidBody
INFORMATION: Created 178adefa330.
Sep 13, 2026 4:30:50 PM com.jme3.bullet.objects.PhysicsRigidBody rebuildRigidBody
INFORMATION: Created 178adefe620.
Sep 13, 2026 4:30:50 PM com.jme3.bullet.objects.PhysicsRigidBody rebuildRigidBody
INFORMATION: Created 178adefe2f0.
Sep 13, 2026 4:30:50 PM com.jme3.bullet.objects.PhysicsRigidBody rebuildRigidBody
INFORMATION: Created 178adefa990.
Sep 13, 2026 4:30:50 PM com.jme3.bullet.objects.PhysicsRigidBody rebuildRigidBody
INFORMATION: Created 178adefe950.
Sep 13, 2026 4:30:50 PM com.jme3.bullet.objects.PhysicsRigidBody rebuildRigidBody
INFORMATION: Created 178adefacc0.
Sep 13, 2026 4:30:50 PM com.jme3.bullet.objects.PhysicsRigidBody rebuildRigidBody
INFORMATION: Created 178adf0d200.
Sep 13, 2026 4:30:50 PM com.jme3.bullet.objects.PhysicsRigidBody rebuildRigidBody
INFORMATION: Created 178adf0d530.
Sep 13, 2026 4:30:50 PM com.jme3.bullet.objects.PhysicsRigidBody rebuildRigidBody
INFORMATION: Created 178adf0d860.
Sep 13, 2026 4:30:50 PM com.jme3.bullet.objects.PhysicsRigidBody rebuildRigidBody
INFORMATION: Created 178adf0c870.
Sep 13, 2026 4:30:50 PM com.jme3.bullet.objects.PhysicsRigidBody rebuildRigidBody
INFORMATION: Created 178adf0bee0.
Sep 13, 2026 4:30:50 PM com.jme3.bullet.objects.PhysicsRigidBody rebuildRigidBody
INFORMATION: Created 178adf0db90.
Sep 13, 2026 4:30:50 PM com.jme3.bullet.objects.PhysicsRigidBody rebuildRigidBody
INFORMATION: Created 178adf0bbb0.
Sep 13, 2026 4:30:50 PM com.jme3.bullet.objects.PhysicsRigidBody rebuildRigidBody
INFORMATION: Created 178adf0f510.
Sep 13, 2026 4:30:50 PM com.jme3.bullet.objects.PhysicsRigidBody rebuildRigidBody
INFORMATION: Created 178adf0c210.
Sep 13, 2026 4:30:50 PM com.jme3.bullet.objects.PhysicsRigidBody rebuildRigidBody
INFORMATION: Created 178adf0eeb0.
Sep 13, 2026 4:30:50 PM com.jme3.bullet.objects.PhysicsRigidBody rebuildRigidBody
INFORMATION: Created 178adf0e1f0.
Sep 13, 2026 4:30:50 PM com.jme3.bullet.objects.PhysicsRigidBody rebuildRigidBody
INFORMATION: Created 178adf0f1e0.
Sep 13, 2026 4:30:50 PM com.jme3.bullet.objects.PhysicsRigidBody rebuildRigidBody
INFORMATION: Created 178adf0dec0.
Sep 13, 2026 4:30:50 PM com.jme3.bullet.objects.PhysicsRigidBody rebuildRigidBody
INFORMATION: Created 178adf0e520.
Sep 13, 2026 4:30:50 PM com.jme3.bullet.objects.PhysicsRigidBody rebuildRigidBody
INFORMATION: Created 178adf0b880.
Sep 13, 2026 4:30:50 PM com.jme3.bullet.objects.PhysicsRigidBody rebuildRigidBody
INFORMATION: Created 178adf0f840.
Sep 13, 2026 4:30:50 PM com.jme3.bullet.objects.PhysicsRigidBody rebuildRigidBody
INFORMATION: Created 178adf0cba0.
Sep 13, 2026 4:30:50 PM com.jme3.bullet.objects.PhysicsRigidBody rebuildRigidBody
INFORMATION: Created 178adf0fb70.
Sep 13, 2026 4:30:50 PM com.jme3.bullet.objects.PhysicsRigidBody rebuildRigidBody
INFORMATION: Created 178adf0fea0.
Sep 13, 2026 4:30:50 PM com.jme3.bullet.objects.PhysicsRigidBody rebuildRigidBody
INFORMATION: Created 178adf101d0.
Sep 13, 2026 4:30:50 PM com.jme3.bullet.objects.PhysicsRigidBody rebuildRigidBody
INFORMATION: Created 178adf0c540.
Sep 13, 2026 4:30:50 PM com.jme3.bullet.objects.PhysicsRigidBody rebuildRigidBody
INFORMATION: Created 178adf10500.
Sep 13, 2026 4:30:50 PM com.jme3.bullet.objects.PhysicsRigidBody rebuildRigidBody
INFORMATION: Created 178adf10830.
Sep 13, 2026 4:30:50 PM com.jme3.bullet.objects.PhysicsRigidBody rebuildRigidBody
INFORMATION: Created 178adf10b60.
Sep 13, 2026 4:30:50 PM com.jme3.bullet.objects.PhysicsRigidBody rebuildRigidBody
INFORMATION: Created 178adf10e90.
Sep 13, 2026 4:30:50 PM com.jme3.bullet.objects.PhysicsRigidBody rebuildRigidBody
INFORMATION: Created 178adf111c0.
Sep 13, 2026 4:30:50 PM com.jme3.bullet.objects.PhysicsRigidBody rebuildRigidBody
INFORMATION: Created 178adf114f0.
Sep 13, 2026 4:30:50 PM com.jme3.bullet.objects.PhysicsRigidBody rebuildRigidBody
INFORMATION: Created 178adf11820.
Sep 13, 2026 4:30:50 PM com.jme3.bullet.objects.PhysicsRigidBody rebuildRigidBody
INFORMATION: Created 178adf11b50.
Sep 13, 2026 4:30:50 PM com.jme3.bullet.objects.PhysicsRigidBody rebuildRigidBody
INFORMATION: Created 17894d61e20.
Sep 13, 2026 4:30:50 PM com.jme3.bullet.objects.PhysicsRigidBody rebuildRigidBody
INFORMATION: Created 17894d60b00.
Sep 13, 2026 4:30:50 PM com.jme3.bullet.objects.PhysicsRigidBody rebuildRigidBody
INFORMATION: Created 17894d5ee50.
Sep 13, 2026 4:30:50 PM com.jme3.bullet.objects.PhysicsRigidBody rebuildRigidBody
INFORMATION: Created 17894d60e30.
Sep 13, 2026 4:30:50 PM com.jme3.bullet.objects.PhysicsRigidBody rebuildRigidBody
INFORMATION: Created 17894d5e7f0.
Sep 13, 2026 4:30:50 PM com.jme3.bullet.objects.PhysicsRigidBody rebuildRigidBody
INFORMATION: Created 17894d5fb10.
Sep 13, 2026 4:30:50 PM com.jme3.bullet.objects.PhysicsRigidBody rebuildRigidBody
INFORMATION: Created 17894d5f4b0.
Sep 13, 2026 4:30:50 PM com.jme3.bullet.objects.PhysicsRigidBody rebuildRigidBody
INFORMATION: Created 17894d5f180.
Sep 13, 2026 4:30:50 PM com.jme3.bullet.objects.PhysicsRigidBody rebuildRigidBody
INFORMATION: Created 17894d617c0.
Sep 13, 2026 4:30:50 PM com.jme3.bullet.objects.PhysicsRigidBody rebuildRigidBody
INFORMATION: Created 17894d61af0.
Sep 13, 2026 4:30:50 PM com.jme3.bullet.objects.PhysicsRigidBody rebuildRigidBody
INFORMATION: Created 17894d5f7e0.
Sep 13, 2026 4:30:50 PM com.jme3.bullet.objects.PhysicsRigidBody rebuildRigidBody
INFORMATION: Created 17894d607d0.
Sep 13, 2026 4:30:50 PM com.jme3.bullet.objects.PhysicsRigidBody rebuildRigidBody
INFORMATION: Created 17894d5eb20.
Sep 13, 2026 4:30:50 PM com.jme3.bullet.objects.PhysicsRigidBody rebuildRigidBody
INFORMATION: Created 17894d5e190.
Sep 13, 2026 4:30:50 PM com.jme3.bullet.objects.PhysicsRigidBody rebuildRigidBody
INFORMATION: Created 17894d5fe40.
Sep 13, 2026 4:30:50 PM com.jme3.bullet.objects.PhysicsRigidBody rebuildRigidBody
INFORMATION: Created 17894d60170.
Sep 13, 2026 4:30:50 PM com.jme3.bullet.objects.PhysicsRigidBody rebuildRigidBody
INFORMATION: Created 17894d604a0.
Sep 13, 2026 4:30:50 PM com.jme3.bullet.objects.PhysicsRigidBody rebuildRigidBody
INFORMATION: Created 17894d5e4c0.
Sep 13, 2026 4:30:50 PM com.jme3.bullet.objects.PhysicsRigidBody rebuildRigidBody
INFORMATION: Created 17894d61160.
Sep 13, 2026 4:30:50 PM com.jme3.bullet.objects.PhysicsRigidBody rebuildRigidBody
INFORMATION: Created 17894d61490.
Sep 13, 2026 4:30:50 PM com.jme3.bullet.objects.PhysicsRigidBody rebuildRigidBody
INFORMATION: Created 17894d62e10.
Sep 13, 2026 4:30:50 PM com.jme3.bullet.objects.PhysicsRigidBody rebuildRigidBody
INFORMATION: Created 17894d637a0.
Sep 13, 2026 4:30:50 PM com.jme3.bullet.objects.PhysicsRigidBody rebuildRigidBody
INFORMATION: Created 17894d62150.
Sep 13, 2026 4:30:50 PM com.jme3.bullet.objects.PhysicsRigidBody rebuildRigidBody
INFORMATION: Created 17894d62ae0.
Sep 13, 2026 4:30:50 PM com.jme3.bullet.objects.PhysicsRigidBody rebuildRigidBody
INFORMATION: Created 17894d62480.
Sep 13, 2026 4:30:50 PM com.jme3.bullet.objects.PhysicsRigidBody rebuildRigidBody
INFORMATION: Created 17894d627b0.
Sep 13, 2026 4:30:50 PM com.jme3.bullet.objects.PhysicsRigidBody rebuildRigidBody
INFORMATION: Created 17894d63470.
Sep 13, 2026 4:30:50 PM com.jme3.bullet.objects.PhysicsRigidBody rebuildRigidBody
INFORMATION: Created 17894d63ad0.
Sep 13, 2026 4:30:50 PM com.jme3.bullet.objects.PhysicsRigidBody rebuildRigidBody
INFORMATION: Created 17894d63e00.
Sep 13, 2026 4:30:50 PM com.jme3.bullet.objects.PhysicsRigidBody rebuildRigidBody
INFORMATION: Created 17894d64130.
Sep 13, 2026 4:30:50 PM com.jme3.bullet.objects.PhysicsRigidBody rebuildRigidBody
INFORMATION: Created 17894d64460.
Sep 13, 2026 4:30:50 PM com.jme3.bullet.objects.PhysicsRigidBody rebuildRigidBody
INFORMATION: Created 17894d48620.
Sep 13, 2026 4:30:50 PM com.jme3.bullet.objects.PhysicsRigidBody rebuildRigidBody
INFORMATION: Created 17894d44ff0.
Sep 13, 2026 4:30:50 PM com.jme3.bullet.objects.PhysicsRigidBody rebuildRigidBody
INFORMATION: Created 17894d46970.
Sep 13, 2026 4:30:50 PM com.jme3.bullet.objects.PhysicsRigidBody rebuildRigidBody
INFORMATION: Created 17894d44cc0.
Sep 13, 2026 4:30:50 PM com.jme3.bullet.objects.PhysicsRigidBody rebuildRigidBody
INFORMATION: Created 17894d44990.
Sep 13, 2026 4:30:50 PM com.jme3.bullet.objects.PhysicsRigidBody rebuildRigidBody
INFORMATION: Created 17894d45cb0.
Sep 13, 2026 4:30:50 PM com.jme3.bullet.objects.PhysicsRigidBody rebuildRigidBody
INFORMATION: Created 17894d482f0.
Sep 13, 2026 4:30:50 PM com.jme3.bullet.objects.PhysicsRigidBody rebuildRigidBody
INFORMATION: Created 17894d47c90.
Sep 13, 2026 4:30:50 PM com.jme3.bullet.objects.PhysicsRigidBody rebuildRigidBody
INFORMATION: Created 17894d48c80.
Sep 13, 2026 4:30:50 PM com.jme3.bullet.objects.PhysicsRigidBody rebuildRigidBody
INFORMATION: Created 17894d47960.
Sep 13, 2026 4:30:50 PM com.jme3.bullet.objects.PhysicsRigidBody rebuildRigidBody
INFORMATION: Created 17894d47fc0.
Sep 13, 2026 4:30:50 PM com.jme3.bullet.objects.PhysicsRigidBody rebuildRigidBody
INFORMATION: Created 17894d48950.
Sep 13, 2026 4:30:50 PM com.jme3.bullet.objects.PhysicsRigidBody rebuildRigidBody
INFORMATION: Created 17894d47630.
Sep 13, 2026 4:30:50 PM com.jme3.bullet.objects.PhysicsRigidBody rebuildRigidBody
INFORMATION: Created 17894d45650.
Sep 13, 2026 4:30:50 PM com.jme3.bullet.objects.PhysicsRigidBody rebuildRigidBody
INFORMATION: Created 17894d45980.
Sep 13, 2026 4:30:50 PM com.jme3.bullet.objects.PhysicsRigidBody rebuildRigidBody
INFORMATION: Created 17894d48fb0.
Sep 13, 2026 4:30:50 PM com.jme3.bullet.objects.PhysicsRigidBody rebuildRigidBody
INFORMATION: Created 17894d46ca0.
Sep 13, 2026 4:30:50 PM com.jme3.bullet.objects.PhysicsRigidBody rebuildRigidBody
INFORMATION: Created 17894d45320.
Sep 13, 2026 4:30:50 PM com.jme3.bullet.objects.PhysicsRigidBody rebuildRigidBody
INFORMATION: Created 17894d492e0.
Sep 13, 2026 4:30:50 PM com.jme3.bullet.objects.PhysicsRigidBody rebuildRigidBody
INFORMATION: Created 17894d49610.
Sep 13, 2026 4:30:50 PM com.jme3.bullet.objects.PhysicsRigidBody rebuildRigidBody
INFORMATION: Created 17894d49c70.
Sep 13, 2026 4:30:50 PM com.jme3.bullet.objects.PhysicsRigidBody rebuildRigidBody
INFORMATION: Created 17894d49940.
Sep 13, 2026 4:30:50 PM com.jme3.bullet.objects.PhysicsRigidBody rebuildRigidBody
INFORMATION: Created 17894d46310.
Sep 13, 2026 4:30:50 PM com.jme3.bullet.objects.PhysicsRigidBody rebuildRigidBody
INFORMATION: Created 17894d45fe0.
Sep 13, 2026 4:30:50 PM com.jme3.bullet.objects.PhysicsRigidBody rebuildRigidBody
INFORMATION: Created 17894d49fa0.
Sep 13, 2026 4:30:50 PM com.jme3.bullet.objects.PhysicsRigidBody rebuildRigidBody
INFORMATION: Created 17894d46640.
Sep 13, 2026 4:30:50 PM com.jme3.bullet.objects.PhysicsRigidBody rebuildRigidBody
INFORMATION: Created 17894d4a2d0.
Sep 13, 2026 4:30:50 PM com.jme3.bullet.objects.PhysicsRigidBody rebuildRigidBody
INFORMATION: Created 17894d4a600.
[GAME] Willkommen im Ödland. Folge dem Feuer zu Mira. [E]
Sep 13, 2026 4:30:50 PM com.jme3.anim.SkinningControl controlRender
INFORMATION: Hardware skinning engaged for Scene (Node)
Sep 13, 2026 4:30:50 PM com.jme3.anim.SkinningControl controlRender
INFORMATION: Hardware skinning engaged for Scene (Node)
Sep 13, 2026 4:30:50 PM com.jme3.anim.SkinningControl controlRender
INFORMATION: Hardware skinning engaged for Scene (Node)
Sep 13, 2026 4:30:50 PM com.jme3.anim.SkinningControl controlRender
INFORMATION: Hardware skinning engaged for Scene (Node)
[SMOKE] stage 27
[CHECK] Camera retracts against walls
[GAME] Sicht: Erste Person
Sep 13, 2026 4:30:52 PM com.jme3.bullet.objects.PhysicsRigidBody rebuildRigidBody
INFORMATION: Created 17894d4a930.
Sep 13, 2026 4:30:52 PM com.jme3.bullet.objects.PhysicsRigidBody rebuildRigidBody
INFORMATION: Created 17894d4ac60.
Sep 13, 2026 4:30:52 PM com.jme3.bullet.objects.PhysicsRigidBody rebuildRigidBody
INFORMATION: Created 17894d46fd0.
Sep 13, 2026 4:30:52 PM com.jme3.bullet.objects.PhysicsRigidBody rebuildRigidBody
INFORMATION: Created 17894d4af90.
Sep 13, 2026 4:30:52 PM com.jme3.bullet.objects.PhysicsRigidBody rebuildRigidBody
INFORMATION: Created 17894d47300.
Sep 13, 2026 4:30:52 PM com.jme3.bullet.objects.PhysicsRigidBody rebuildRigidBody
INFORMATION: Created 17894d4e8f0.
Sep 13, 2026 4:30:52 PM com.jme3.bullet.objects.PhysicsRigidBody rebuildRigidBody
INFORMATION: Created 17894d4df60.
Sep 13, 2026 4:30:52 PM com.jme3.bullet.objects.PhysicsRigidBody rebuildRigidBody
INFORMATION: Created 17894d4ef50.
Sep 13, 2026 4:30:52 PM com.jme3.bullet.objects.PhysicsRigidBody rebuildRigidBody
INFORMATION: Created 17894d4dc30.
Sep 13, 2026 4:30:52 PM com.jme3.bullet.objects.PhysicsRigidBody rebuildRigidBody
INFORMATION: Created 17894d4b5f0.
Sep 13, 2026 4:30:52 PM com.jme3.bullet.objects.PhysicsRigidBody rebuildRigidBody
INFORMATION: Created 17894d4bc50.
Sep 13, 2026 4:30:52 PM com.jme3.bullet.objects.PhysicsRigidBody rebuildRigidBody
INFORMATION: Created 17894d4d900.
Sep 13, 2026 4:30:52 PM com.jme3.bullet.objects.PhysicsRigidBody rebuildRigidBody
INFORMATION: Created 17894d4e5c0.
Sep 13, 2026 4:30:52 PM com.jme3.bullet.objects.PhysicsRigidBody rebuildRigidBody
INFORMATION: Created 17894d4e290.
Sep 13, 2026 4:30:52 PM com.jme3.bullet.objects.PhysicsRigidBody rebuildRigidBody
INFORMATION: Created 17894d4ec20.
Sep 13, 2026 4:30:52 PM com.jme3.bullet.objects.PhysicsRigidBody rebuildRigidBody
INFORMATION: Created 17894d4b2c0.
Sep 13, 2026 4:30:52 PM com.jme3.bullet.objects.PhysicsRigidBody rebuildRigidBody
INFORMATION: Created 17894d4f5b0.
Sep 13, 2026 4:30:52 PM com.jme3.bullet.objects.PhysicsRigidBody rebuildRigidBody
INFORMATION: Created 17894d4f280.
Sep 13, 2026 4:30:52 PM com.jme3.bullet.objects.PhysicsRigidBody rebuildRigidBody
INFORMATION: Created 17894d4bf80.
Sep 13, 2026 4:30:52 PM com.jme3.bullet.objects.PhysicsRigidBody rebuildRigidBody
INFORMATION: Created 17894d4b920.
Sep 13, 2026 4:30:52 PM com.jme3.bullet.objects.PhysicsRigidBody rebuildRigidBody
INFORMATION: Created 17894d4f8e0.
Sep 13, 2026 4:30:52 PM com.jme3.bullet.objects.PhysicsRigidBody rebuildRigidBody
INFORMATION: Created 17894d4fc10.
Sep 13, 2026 4:30:52 PM com.jme3.bullet.objects.PhysicsRigidBody rebuildRigidBody
INFORMATION: Created 17894d4d2a0.
Sep 13, 2026 4:30:52 PM com.jme3.bullet.objects.PhysicsRigidBody rebuildRigidBody
INFORMATION: Created 17894d4d5d0.
Sep 13, 2026 4:30:52 PM com.jme3.bullet.objects.PhysicsRigidBody rebuildRigidBody
INFORMATION: Created 17894d4ff40.
Sep 13, 2026 4:30:52 PM com.jme3.bullet.objects.PhysicsRigidBody rebuildRigidBody
INFORMATION: Created 17894d4c2b0.
Sep 13, 2026 4:30:52 PM com.jme3.bullet.objects.PhysicsRigidBody rebuildRigidBody
INFORMATION: Created 17894d50270.
Sep 13, 2026 4:30:52 PM com.jme3.bullet.objects.PhysicsRigidBody rebuildRigidBody
INFORMATION: Created 17894d4c5e0.
Sep 13, 2026 4:30:52 PM com.jme3.bullet.objects.PhysicsRigidBody rebuildRigidBody
INFORMATION: Created 17894d505a0.
Sep 13, 2026 4:30:52 PM com.jme3.bullet.objects.PhysicsRigidBody rebuildRigidBody
INFORMATION: Created 17894d4c910.
Sep 13, 2026 4:30:52 PM com.jme3.bullet.objects.PhysicsRigidBody rebuildRigidBody
INFORMATION: Created 17894d508d0.
Sep 13, 2026 4:30:52 PM com.jme3.bullet.objects.PhysicsRigidBody rebuildRigidBody
INFORMATION: Created 17894d4cc40.
Sep 13, 2026 4:30:52 PM com.jme3.bullet.objects.PhysicsRigidBody rebuildRigidBody
INFORMATION: Created 17894d50c00.
Sep 13, 2026 4:30:52 PM com.jme3.bullet.objects.PhysicsRigidBody rebuildRigidBody
INFORMATION: Created 17894d4cf70.
Sep 13, 2026 4:30:52 PM com.jme3.bullet.objects.PhysicsRigidBody rebuildRigidBody
INFORMATION: Created 17894d50f30.
Sep 13, 2026 4:30:52 PM com.jme3.bullet.objects.PhysicsRigidBody rebuildRigidBody
INFORMATION: Created 17894d51260.
Sep 13, 2026 4:30:52 PM com.jme3.bullet.objects.PhysicsRigidBody rebuildRigidBody
INFORMATION: Created 17894d53240.
Sep 13, 2026 4:30:52 PM com.jme3.bullet.objects.PhysicsRigidBody rebuildRigidBody
INFORMATION: Created 17894d52580.
Sep 13, 2026 4:30:52 PM com.jme3.bullet.objects.PhysicsRigidBody rebuildRigidBody
INFORMATION: Created 17894d53570.
Sep 13, 2026 4:30:52 PM com.jme3.bullet.objects.PhysicsRigidBody rebuildRigidBody
INFORMATION: Created 17894d52f10.
Sep 13, 2026 4:30:52 PM com.jme3.bullet.objects.PhysicsRigidBody rebuildRigidBody
INFORMATION: Created 17894d528b0.
Sep 13, 2026 4:30:52 PM com.jme3.bullet.objects.PhysicsRigidBody rebuildRigidBody
INFORMATION: Created 17894d538a0.
Sep 13, 2026 4:30:52 PM com.jme3.bullet.objects.PhysicsRigidBody rebuildRigidBody
INFORMATION: Created 17894d54890.
Sep 13, 2026 4:30:52 PM com.jme3.bullet.objects.PhysicsRigidBody rebuildRigidBody
INFORMATION: Created 17894d51f20.
Sep 13, 2026 4:30:52 PM com.jme3.bullet.objects.PhysicsRigidBody rebuildRigidBody
INFORMATION: Created 17894d53bd0.
Sep 13, 2026 4:30:52 PM com.jme3.bullet.objects.PhysicsRigidBody rebuildRigidBody
INFORMATION: Created 17894d51bf0.
Sep 13, 2026 4:30:52 PM com.jme3.bullet.objects.PhysicsRigidBody rebuildRigidBody
INFORMATION: Created 17894d53f00.
Sep 13, 2026 4:30:52 PM com.jme3.bullet.objects.PhysicsRigidBody rebuildRigidBody
INFORMATION: Created 17894d518c0.
Sep 13, 2026 4:30:52 PM com.jme3.bullet.objects.PhysicsRigidBody rebuildRigidBody
INFORMATION: Created 17894d51590.
Sep 13, 2026 4:30:52 PM com.jme3.bullet.objects.PhysicsRigidBody rebuildRigidBody
INFORMATION: Created 17894d54bc0.
Sep 13, 2026 4:30:52 PM com.jme3.bullet.objects.PhysicsRigidBody rebuildRigidBody
INFORMATION: Created 17894d54230.
Sep 13, 2026 4:30:52 PM com.jme3.bullet.objects.PhysicsRigidBody rebuildRigidBody
INFORMATION: Created 17894d54560.
Sep 13, 2026 4:30:52 PM com.jme3.bullet.objects.PhysicsRigidBody rebuildRigidBody
INFORMATION: Created 17894d52be0.
Sep 13, 2026 4:30:52 PM com.jme3.bullet.objects.PhysicsRigidBody rebuildRigidBody
INFORMATION: Created 17894d54ef0.
Sep 13, 2026 4:30:52 PM com.jme3.bullet.objects.PhysicsRigidBody rebuildRigidBody
INFORMATION: Created 17894d55220.
Sep 13, 2026 4:30:52 PM com.jme3.bullet.objects.PhysicsRigidBody rebuildRigidBody
INFORMATION: Created 17894d52250.
Sep 13, 2026 4:30:52 PM com.jme3.bullet.objects.PhysicsRigidBody rebuildRigidBody
INFORMATION: Created 17894d56ba0.
Sep 13, 2026 4:30:52 PM com.jme3.bullet.objects.PhysicsRigidBody rebuildRigidBody
INFORMATION: Created 17894d57200.
Sep 13, 2026 4:30:52 PM com.jme3.bullet.objects.PhysicsRigidBody rebuildRigidBody
INFORMATION: Created 17894d58520.
Sep 13, 2026 4:30:52 PM com.jme3.bullet.objects.PhysicsRigidBody rebuildRigidBody
INFORMATION: Created 17894d57860.
Sep 13, 2026 4:30:52 PM com.jme3.bullet.objects.PhysicsRigidBody rebuildRigidBody
INFORMATION: Created 17894d56540.
Sep 13, 2026 4:30:52 PM com.jme3.bullet.objects.PhysicsRigidBody rebuildRigidBody
INFORMATION: Created 17894d58850.
Sep 13, 2026 4:30:52 PM com.jme3.bullet.objects.PhysicsRigidBody rebuildRigidBody
INFORMATION: Created 17894d58b80.
Sep 13, 2026 4:30:52 PM com.jme3.bullet.objects.PhysicsRigidBody rebuildRigidBody
INFORMATION: Created 17894d591e0.
Sep 13, 2026 4:30:52 PM com.jme3.bullet.objects.PhysicsRigidBody rebuildRigidBody
INFORMATION: Created 17894d58eb0.
Sep 13, 2026 4:30:52 PM com.jme3.bullet.objects.PhysicsRigidBody rebuildRigidBody
INFORMATION: Created 17894d56870.
Sep 13, 2026 4:30:52 PM com.jme3.bullet.objects.PhysicsRigidBody rebuildRigidBody
INFORMATION: Created 17894d56ed0.
Sep 13, 2026 4:30:52 PM com.jme3.bullet.objects.PhysicsRigidBody rebuildRigidBody
INFORMATION: Created 17894d581f0.
Sep 13, 2026 4:30:52 PM com.jme3.bullet.objects.PhysicsRigidBody rebuildRigidBody
INFORMATION: Created 17894d57b90.
Sep 13, 2026 4:30:52 PM com.jme3.bullet.objects.PhysicsRigidBody rebuildRigidBody
INFORMATION: Created 17894d55550.
Sep 13, 2026 4:30:52 PM com.jme3.bullet.objects.PhysicsRigidBody rebuildRigidBody
INFORMATION: Created 17894d57530.
Sep 13, 2026 4:30:52 PM com.jme3.bullet.objects.PhysicsRigidBody rebuildRigidBody
INFORMATION: Created 17894d59510.
Sep 13, 2026 4:30:52 PM com.jme3.bullet.objects.PhysicsRigidBody rebuildRigidBody
INFORMATION: Created 17894d57ec0.
Sep 13, 2026 4:30:52 PM com.jme3.bullet.objects.PhysicsRigidBody rebuildRigidBody
INFORMATION: Created 17894d55880.
Sep 13, 2026 4:30:52 PM com.jme3.bullet.objects.PhysicsRigidBody rebuildRigidBody
INFORMATION: Created 17894d59840.
Sep 13, 2026 4:30:52 PM com.jme3.bullet.objects.PhysicsRigidBody rebuildRigidBody
INFORMATION: Created 17894d55bb0.
Sep 13, 2026 4:30:52 PM com.jme3.bullet.objects.PhysicsRigidBody rebuildRigidBody
INFORMATION: Created 17894d59b70.
Sep 13, 2026 4:30:52 PM com.jme3.bullet.objects.PhysicsRigidBody rebuildRigidBody
INFORMATION: Created 17894d55ee0.
Sep 13, 2026 4:30:52 PM com.jme3.bullet.objects.PhysicsRigidBody rebuildRigidBody
INFORMATION: Created 17894d59ea0.
Sep 13, 2026 4:30:52 PM com.jme3.bullet.objects.PhysicsRigidBody rebuildRigidBody
INFORMATION: Created 17894d56210.
Sep 13, 2026 4:30:52 PM com.jme3.bullet.objects.PhysicsRigidBody rebuildRigidBody
INFORMATION: Created 17894d5a500.
Sep 13, 2026 4:30:52 PM com.jme3.bullet.objects.PhysicsRigidBody rebuildRigidBody
INFORMATION: Created 17894d5cb40.
Sep 13, 2026 4:30:52 PM com.jme3.bullet.objects.PhysicsRigidBody rebuildRigidBody
INFORMATION: Created 17894d5ce70.
Sep 13, 2026 4:30:52 PM com.jme3.bullet.objects.PhysicsRigidBody rebuildRigidBody
INFORMATION: Created 17894d5b4f0.
Sep 13, 2026 4:30:52 PM com.jme3.bullet.objects.PhysicsRigidBody rebuildRigidBody
INFORMATION: Created 17894d5b1c0.
Sep 13, 2026 4:30:52 PM com.jme3.bullet.objects.PhysicsRigidBody rebuildRigidBody
INFORMATION: Created 17894d5de60.
Sep 13, 2026 4:30:52 PM com.jme3.bullet.objects.PhysicsRigidBody rebuildRigidBody
INFORMATION: Created 17894d5b820.
Sep 13, 2026 4:30:52 PM com.jme3.bullet.objects.PhysicsRigidBody rebuildRigidBody
INFORMATION: Created 17894d5d1a0.
Sep 13, 2026 4:30:52 PM com.jme3.bullet.objects.PhysicsRigidBody rebuildRigidBody
INFORMATION: Created 17894d5a1d0.
Sep 13, 2026 4:30:52 PM com.jme3.bullet.objects.PhysicsRigidBody rebuildRigidBody
INFORMATION: Created 17894d5bb50.
Sep 13, 2026 4:30:52 PM com.jme3.bullet.objects.PhysicsRigidBody rebuildRigidBody
INFORMATION: Created 17894d5be80.
Sep 13, 2026 4:30:52 PM com.jme3.bullet.objects.PhysicsRigidBody rebuildRigidBody
INFORMATION: Created 17894d5ae90.
Sep 13, 2026 4:30:52 PM com.jme3.bullet.objects.PhysicsRigidBody rebuildRigidBody
INFORMATION: Created 17894d5c1b0.
Sep 13, 2026 4:30:52 PM com.jme3.bullet.objects.PhysicsRigidBody rebuildRigidBody
INFORMATION: Created 17894d5d800.
Sep 13, 2026 4:30:52 PM com.jme3.bullet.objects.PhysicsRigidBody rebuildRigidBody
INFORMATION: Created 17894d5c4e0.
Sep 13, 2026 4:30:52 PM com.jme3.bullet.objects.PhysicsRigidBody rebuildRigidBody
INFORMATION: Created 17894d5c810.
Sep 13, 2026 4:30:52 PM com.jme3.bullet.objects.PhysicsRigidBody rebuildRigidBody
INFORMATION: Created 17894d5d4d0.
Sep 13, 2026 4:30:52 PM com.jme3.bullet.objects.PhysicsRigidBody rebuildRigidBody
INFORMATION: Created 17894d5db30.
Sep 13, 2026 4:30:52 PM com.jme3.bullet.objects.PhysicsRigidBody rebuildRigidBody
INFORMATION: Created 17894d5a830.
Sep 13, 2026 4:30:52 PM com.jme3.bullet.objects.PhysicsRigidBody rebuildRigidBody
INFORMATION: Created 17894d5ab60.
Sep 13, 2026 4:30:52 PM com.jme3.bullet.objects.PhysicsRigidBody rebuildRigidBody
INFORMATION: Created 1789691ed50.
Sep 13, 2026 4:30:52 PM com.jme3.bullet.objects.PhysicsRigidBody rebuildRigidBody
INFORMATION: Created 1789691e090.
Sep 13, 2026 4:30:52 PM com.jme3.bullet.objects.PhysicsRigidBody rebuildRigidBody
INFORMATION: Created 1789691e3c0.
Sep 13, 2026 4:30:52 PM com.jme3.bullet.objects.PhysicsRigidBody rebuildRigidBody
INFORMATION: Created 1789691ea20.
Sep 13, 2026 4:30:52 PM com.jme3.bullet.objects.PhysicsRigidBody rebuildRigidBody
INFORMATION: Created 1789691e6f0.
Sep 13, 2026 4:30:52 PM com.jme3.bullet.objects.PhysicsRigidBody rebuildRigidBody
INFORMATION: Created 1789691f080.
Sep 13, 2026 4:30:52 PM com.jme3.bullet.objects.PhysicsRigidBody rebuildRigidBody
INFORMATION: Created 1789691f3b0.
Sep 13, 2026 4:30:52 PM com.jme3.bullet.objects.PhysicsRigidBody rebuildRigidBody
INFORMATION: Created 1789692c2e0.
Sep 13, 2026 4:30:52 PM com.jme3.bullet.objects.PhysicsRigidBody rebuildRigidBody
INFORMATION: Created 1789692c610.
Sep 13, 2026 4:30:52 PM com.jme3.bullet.objects.PhysicsRigidBody rebuildRigidBody
INFORMATION: Created 1789692dc60.
Sep 13, 2026 4:30:52 PM com.jme3.bullet.objects.PhysicsRigidBody rebuildRigidBody
INFORMATION: Created 1789692cfa0.
Sep 13, 2026 4:30:52 PM com.jme3.bullet.objects.PhysicsRigidBody rebuildRigidBody
INFORMATION: Created 1789692d930.
Sep 13, 2026 4:30:52 PM com.jme3.bullet.objects.PhysicsRigidBody rebuildRigidBody
INFORMATION: Created 1789692bc80.
Sep 13, 2026 4:30:52 PM com.jme3.bullet.objects.PhysicsRigidBody rebuildRigidBody
INFORMATION: Created 1789692d600.
Sep 13, 2026 4:30:52 PM com.jme3.bullet.objects.PhysicsRigidBody rebuildRigidBody
INFORMATION: Created 1789692df90.
Sep 13, 2026 4:30:52 PM com.jme3.bullet.objects.PhysicsRigidBody rebuildRigidBody
INFORMATION: Created 1789692bfb0.
Sep 13, 2026 4:30:52 PM com.jme3.bullet.objects.PhysicsRigidBody rebuildRigidBody
INFORMATION: Created 1789692c940.
Sep 13, 2026 4:30:52 PM com.jme3.bullet.objects.PhysicsRigidBody rebuildRigidBody
INFORMATION: Created 1789692b620.
Sep 13, 2026 4:30:52 PM com.jme3.bullet.objects.PhysicsRigidBody rebuildRigidBody
INFORMATION: Created 1789692afc0.
Sep 13, 2026 4:30:52 PM com.jme3.bullet.objects.PhysicsRigidBody rebuildRigidBody
INFORMATION: Created 1789692e2c0.
Sep 13, 2026 4:30:52 PM com.jme3.bullet.objects.PhysicsRigidBody rebuildRigidBody
INFORMATION: Created 1789692b2f0.
Sep 13, 2026 4:30:52 PM com.jme3.bullet.objects.PhysicsRigidBody rebuildRigidBody
INFORMATION: Created 1789692cc70.
Sep 13, 2026 4:30:52 PM com.jme3.bullet.objects.PhysicsRigidBody rebuildRigidBody
INFORMATION: Created 1789692b950.
Sep 13, 2026 4:30:52 PM com.jme3.bullet.objects.PhysicsRigidBody rebuildRigidBody
INFORMATION: Created 1789692d2d0.
Sep 13, 2026 4:30:52 PM com.jme3.bullet.objects.PhysicsRigidBody rebuildRigidBody
INFORMATION: Created 1789692e920.
Sep 13, 2026 4:30:52 PM com.jme3.bullet.objects.PhysicsRigidBody rebuildRigidBody
INFORMATION: Created 1789692e5f0.
Sep 13, 2026 4:30:52 PM com.jme3.bullet.objects.PhysicsRigidBody rebuildRigidBody
INFORMATION: Created 1789692ac90.
Sep 13, 2026 4:30:52 PM com.jme3.bullet.objects.PhysicsRigidBody rebuildRigidBody
INFORMATION: Created 1789692f5e0.
Sep 13, 2026 4:30:52 PM com.jme3.bullet.objects.PhysicsRigidBody rebuildRigidBody
INFORMATION: Created 17896931290.
Sep 13, 2026 4:30:52 PM com.jme3.bullet.objects.PhysicsRigidBody rebuildRigidBody
INFORMATION: Created 1789692ef80.
Sep 13, 2026 4:30:52 PM com.jme3.bullet.objects.PhysicsRigidBody rebuildRigidBody
INFORMATION: Created 17896930f60.
Sep 13, 2026 4:30:52 PM com.jme3.bullet.objects.PhysicsRigidBody rebuildRigidBody
INFORMATION: Created 17896931f50.
Sep 13, 2026 4:30:52 PM com.jme3.bullet.objects.PhysicsRigidBody rebuildRigidBody
INFORMATION: Created 1789692f910.
Sep 13, 2026 4:30:52 PM com.jme3.bullet.objects.PhysicsRigidBody rebuildRigidBody
INFORMATION: Created 178969315c0.
Sep 13, 2026 4:30:52 PM com.jme3.bullet.objects.PhysicsRigidBody rebuildRigidBody
INFORMATION: Created 1789692fc40.
Sep 13, 2026 4:30:52 PM com.jme3.bullet.objects.PhysicsRigidBody rebuildRigidBody
INFORMATION: Created 17896932280.
Sep 13, 2026 4:30:52 PM com.jme3.bullet.objects.PhysicsRigidBody rebuildRigidBody
INFORMATION: Created 17896930c30.
Sep 13, 2026 4:30:52 PM com.jme3.bullet.objects.PhysicsRigidBody rebuildRigidBody
INFORMATION: Created 17896931c20.
Sep 13, 2026 4:30:52 PM com.jme3.bullet.objects.PhysicsRigidBody rebuildRigidBody
INFORMATION: Created 178969325b0.
Sep 13, 2026 4:30:52 PM com.jme3.bullet.objects.PhysicsRigidBody rebuildRigidBody
INFORMATION: Created 178969318f0.
Sep 13, 2026 4:30:52 PM com.jme3.bullet.objects.PhysicsRigidBody rebuildRigidBody
INFORMATION: Created 1789692f2b0.
Sep 13, 2026 4:30:52 PM com.jme3.bullet.objects.PhysicsRigidBody rebuildRigidBody
INFORMATION: Created 1789692ff70.
Sep 13, 2026 4:30:52 PM com.jme3.bullet.objects.PhysicsRigidBody rebuildRigidBody
INFORMATION: Created 178969328e0.
Sep 13, 2026 4:30:52 PM com.jme3.bullet.objects.PhysicsRigidBody rebuildRigidBody
INFORMATION: Created 1789692ec50.
Sep 13, 2026 4:30:52 PM com.jme3.bullet.objects.PhysicsRigidBody rebuildRigidBody
INFORMATION: Created 17896932c10.
Sep 13, 2026 4:30:52 PM com.jme3.bullet.objects.PhysicsRigidBody rebuildRigidBody
INFORMATION: Created 17896933270.
Sep 13, 2026 4:30:52 PM com.jme3.bullet.objects.PhysicsRigidBody rebuildRigidBody
INFORMATION: Created 17896932f40.
Sep 13, 2026 4:30:52 PM com.jme3.bullet.objects.PhysicsRigidBody rebuildRigidBody
INFORMATION: Created 17896933f30.
Sep 13, 2026 4:30:52 PM com.jme3.bullet.objects.PhysicsRigidBody rebuildRigidBody
INFORMATION: Created 178969335a0.
Sep 13, 2026 4:30:52 PM com.jme3.bullet.objects.PhysicsRigidBody rebuildRigidBody
INFORMATION: Created 178969338d0.
Sep 13, 2026 4:30:52 PM com.jme3.bullet.objects.PhysicsRigidBody rebuildRigidBody
INFORMATION: Created 178969302a0.
Sep 13, 2026 4:30:52 PM com.jme3.bullet.objects.PhysicsRigidBody rebuildRigidBody
INFORMATION: Created 17896934260.
Sep 13, 2026 4:30:52 PM com.jme3.bullet.objects.PhysicsRigidBody rebuildRigidBody
INFORMATION: Created 17896930900.
[GAME] Goblin besiegt  +35 EP  +8 Gold
[GAME] Ork-Brecher besiegt  +70 EP  +13 Gold
[GAME] STUFE 2  -  Fähigkeitspunkt erhalten [K]
[GAME] Ork-Brecher besiegt  +70 EP  +13 Gold
[GAME] Ork-Brecher besiegt  +70 EP  +13 Gold
[GAME] Aschenrufer besiegt  +65 EP  +23 Gold
[GAME] STUFE 3  -  Fähigkeitspunkt erhalten [K]
[GAME] Eiserner Wächter besiegt  +115 EP  +18 Gold
[GAME] Eiserner Wächter besiegt  +115 EP  +18 Gold
[GAME] Eiserner Wächter besiegt  +115 EP  +18 Gold
[GAME] STUFE 4  -  Fähigkeitspunkt erhalten [K]
[GAME] Schlüssel des Kerkermeisters erhalten.
[GAME] Auftrag erfüllt: Der letzte Kerkermeister  +160 EP
[GAME] Aschenklinge erhalten. Erens Blick folgt dir.
[GAME] Auftrag erfüllt: Der Preis der Freiheit  +180 EP
[CHECK] Prisoner bargain is mutually exclusive
[CHECK] Bargain grants the unique blade
Sep 13, 2026 4:30:52 PM com.jme3.bullet.objects.PhysicsRigidBody rebuildRigidBody
INFORMATION: Created 178969305d0.
Sep 13, 2026 4:30:52 PM com.jme3.bullet.objects.PhysicsRigidBody rebuildRigidBody
INFORMATION: Created 17896934590.
Sep 13, 2026 4:30:52 PM com.jme3.bullet.objects.PhysicsRigidBody rebuildRigidBody
INFORMATION: Created 17896936bd0.
Sep 13, 2026 4:30:52 PM com.jme3.bullet.objects.PhysicsRigidBody rebuildRigidBody
INFORMATION: Created 17896935250.
Sep 13, 2026 4:30:52 PM com.jme3.bullet.objects.PhysicsRigidBody rebuildRigidBody
INFORMATION: Created 178969358b0.
Sep 13, 2026 4:30:52 PM com.jme3.bullet.objects.PhysicsRigidBody rebuildRigidBody
INFORMATION: Created 178969348c0.
Sep 13, 2026 4:30:52 PM com.jme3.bullet.objects.PhysicsRigidBody rebuildRigidBody
INFORMATION: Created 17896935be0.
Sep 13, 2026 4:30:52 PM com.jme3.bullet.objects.PhysicsRigidBody rebuildRigidBody
INFORMATION: Created 17896935f10.
Sep 13, 2026 4:30:52 PM com.jme3.bullet.objects.PhysicsRigidBody rebuildRigidBody
INFORMATION: Created 17896934bf0.
Sep 13, 2026 4:30:52 PM com.jme3.bullet.objects.PhysicsRigidBody rebuildRigidBody
INFORMATION: Created 17896937230.
Sep 13, 2026 4:30:52 PM com.jme3.bullet.objects.PhysicsRigidBody rebuildRigidBody
INFORMATION: Created 17896936240.
Sep 13, 2026 4:30:52 PM com.jme3.bullet.objects.PhysicsRigidBody rebuildRigidBody
INFORMATION: Created 17896936570.
Sep 13, 2026 4:30:52 PM com.jme3.bullet.objects.PhysicsRigidBody rebuildRigidBody
INFORMATION: Created 17896934f20.
Sep 13, 2026 4:30:52 PM com.jme3.bullet.objects.PhysicsRigidBody rebuildRigidBody
INFORMATION: Created 178969368a0.
Sep 13, 2026 4:30:52 PM com.jme3.bullet.objects.PhysicsRigidBody rebuildRigidBody
INFORMATION: Created 17896936f00.
Sep 13, 2026 4:30:52 PM com.jme3.bullet.objects.PhysicsRigidBody rebuildRigidBody
INFORMATION: Created 17896935580.
Sep 13, 2026 4:30:52 PM com.jme3.bullet.objects.PhysicsRigidBody rebuildRigidBody
INFORMATION: Created 17896937560.
Sep 13, 2026 4:30:52 PM com.jme3.bullet.objects.PhysicsRigidBody rebuildRigidBody
INFORMATION: Created 1789693b520.
Sep 13, 2026 4:30:52 PM com.jme3.bullet.objects.PhysicsRigidBody rebuildRigidBody
INFORMATION: Created 17896939210.
Sep 13, 2026 4:30:52 PM com.jme3.bullet.objects.PhysicsRigidBody rebuildRigidBody
INFORMATION: Created 17896938220.
Sep 13, 2026 4:30:52 PM com.jme3.bullet.objects.PhysicsRigidBody rebuildRigidBody
INFORMATION: Created 17896938550.
Sep 13, 2026 4:30:52 PM com.jme3.bullet.objects.PhysicsRigidBody rebuildRigidBody
INFORMATION: Created 17896939ed0.
Sep 13, 2026 4:30:52 PM com.jme3.bullet.objects.PhysicsRigidBody rebuildRigidBody
INFORMATION: Created 17896939540.
Sep 13, 2026 4:30:52 PM com.jme3.bullet.objects.PhysicsRigidBody rebuildRigidBody
INFORMATION: Created 17896939870.
Sep 13, 2026 4:30:52 PM com.jme3.bullet.objects.PhysicsRigidBody rebuildRigidBody
INFORMATION: Created 17896938880.
Sep 13, 2026 4:30:52 PM com.jme3.bullet.objects.PhysicsRigidBody rebuildRigidBody
INFORMATION: Created 17896939ba0.
Sep 13, 2026 4:30:52 PM com.jme3.bullet.objects.PhysicsRigidBody rebuildRigidBody
INFORMATION: Created 1789693aec0.
Sep 13, 2026 4:30:52 PM com.jme3.bullet.objects.PhysicsRigidBody rebuildRigidBody
INFORMATION: Created 1789693a200.
Sep 13, 2026 4:30:52 PM com.jme3.bullet.objects.PhysicsRigidBody rebuildRigidBody
INFORMATION: Created 1789693b1f0.
Sep 13, 2026 4:30:52 PM com.jme3.bullet.objects.PhysicsRigidBody rebuildRigidBody
INFORMATION: Created 17896937bc0.
Sep 13, 2026 4:30:52 PM com.jme3.bullet.objects.PhysicsRigidBody rebuildRigidBody
INFORMATION: Created 17892931600.
Sep 13, 2026 4:30:52 PM com.jme3.bullet.objects.PhysicsRigidBody rebuildRigidBody
INFORMATION: Created 178929335e0.
Sep 13, 2026 4:30:52 PM com.jme3.bullet.objects.PhysicsRigidBody rebuildRigidBody
INFORMATION: Created 17892932f80.
Sep 13, 2026 4:30:52 PM com.jme3.bullet.objects.PhysicsRigidBody rebuildRigidBody
INFORMATION: Created 17892931930.
Sep 13, 2026 4:30:52 PM com.jme3.bullet.objects.PhysicsRigidBody rebuildRigidBody
INFORMATION: Created 17892931c60.
Sep 13, 2026 4:30:52 PM com.jme3.bullet.objects.PhysicsRigidBody rebuildRigidBody
INFORMATION: Created 17892930fa0.
Sep 13, 2026 4:30:52 PM com.jme3.bullet.objects.PhysicsRigidBody rebuildRigidBody
INFORMATION: Created 17892933c40.
Sep 13, 2026 4:30:52 PM com.jme3.bullet.objects.PhysicsRigidBody rebuildRigidBody
INFORMATION: Created 178929312d0.
Sep 13, 2026 4:30:52 PM com.jme3.bullet.objects.PhysicsRigidBody rebuildRigidBody
INFORMATION: Created 17892930c70.
Sep 13, 2026 4:30:52 PM com.jme3.bullet.objects.PhysicsRigidBody rebuildRigidBody
INFORMATION: Created 17892931f90.
Sep 13, 2026 4:30:52 PM com.jme3.bullet.objects.PhysicsRigidBody rebuildRigidBody
INFORMATION: Created 178929325f0.
Sep 13, 2026 4:30:52 PM com.jme3.bullet.objects.PhysicsRigidBody rebuildRigidBody
INFORMATION: Created 178929322c0.
Sep 13, 2026 4:30:52 PM com.jme3.bullet.objects.PhysicsRigidBody rebuildRigidBody
INFORMATION: Created 17892932920.
Sep 13, 2026 4:30:52 PM com.jme3.bullet.objects.PhysicsRigidBody rebuildRigidBody
INFORMATION: Created 17892933910.
Sep 13, 2026 4:30:52 PM com.jme3.bullet.objects.PhysicsRigidBody rebuildRigidBody
INFORMATION: Created 17892932c50.
Sep 13, 2026 4:30:52 PM com.jme3.bullet.objects.PhysicsRigidBody rebuildRigidBody
INFORMATION: Created 178929332b0.
Sep 13, 2026 4:30:52 PM com.jme3.bullet.objects.PhysicsRigidBody rebuildRigidBody
INFORMATION: Created 178929266b0.
Sep 13, 2026 4:30:52 PM com.jme3.bullet.objects.PhysicsRigidBody rebuildRigidBody
INFORMATION: Created 17892924070.
Sep 13, 2026 4:30:52 PM com.jme3.bullet.objects.PhysicsRigidBody rebuildRigidBody
INFORMATION: Created 178929256c0.
Sep 13, 2026 4:30:52 PM com.jme3.bullet.objects.PhysicsRigidBody rebuildRigidBody
INFORMATION: Created 178929276a0.
Sep 13, 2026 4:30:52 PM com.jme3.bullet.objects.PhysicsRigidBody rebuildRigidBody
INFORMATION: Created 17892926050.
Sep 13, 2026 4:30:52 PM com.jme3.bullet.objects.PhysicsRigidBody rebuildRigidBody
INFORMATION: Created 17892928030.
Sep 13, 2026 4:30:52 PM com.jme3.bullet.objects.PhysicsRigidBody rebuildRigidBody
INFORMATION: Created 178929279d0.
Sep 13, 2026 4:30:52 PM com.jme3.bullet.objects.PhysicsRigidBody rebuildRigidBody
INFORMATION: Created 17892924a00.
Sep 13, 2026 4:30:52 PM com.jme3.bullet.objects.PhysicsRigidBody rebuildRigidBody
INFORMATION: Created 178929259f0.
Sep 13, 2026 4:30:52 PM com.jme3.bullet.objects.PhysicsRigidBody rebuildRigidBody
INFORMATION: Created 17892926380.
Sep 13, 2026 4:30:52 PM com.jme3.bullet.objects.PhysicsRigidBody rebuildRigidBody
INFORMATION: Created 17892925d20.
Sep 13, 2026 4:30:52 PM com.jme3.bullet.objects.PhysicsRigidBody rebuildRigidBody
INFORMATION: Created 178929269e0.
Sep 13, 2026 4:30:52 PM com.jme3.bullet.objects.PhysicsRigidBody rebuildRigidBody
INFORMATION: Created 17892926d10.
Sep 13, 2026 4:30:52 PM com.jme3.bullet.objects.PhysicsRigidBody rebuildRigidBody
INFORMATION: Created 17892927d00.
Sep 13, 2026 4:30:52 PM com.jme3.bullet.objects.PhysicsRigidBody rebuildRigidBody
INFORMATION: Created 17892927370.
Sep 13, 2026 4:30:52 PM com.jme3.bullet.objects.PhysicsRigidBody rebuildRigidBody
INFORMATION: Created 17892927040.
Sep 13, 2026 4:30:52 PM com.jme3.bullet.objects.PhysicsRigidBody rebuildRigidBody
INFORMATION: Created 178929243a0.
Sep 13, 2026 4:30:52 PM com.jme3.bullet.objects.PhysicsRigidBody rebuildRigidBody
INFORMATION: Created 17892924d30.
Sep 13, 2026 4:30:52 PM com.jme3.bullet.objects.PhysicsRigidBody rebuildRigidBody
INFORMATION: Created 17892928360.
Sep 13, 2026 4:30:52 PM com.jme3.bullet.objects.PhysicsRigidBody rebuildRigidBody
INFORMATION: Created 17892925060.
Sep 13, 2026 4:30:52 PM com.jme3.bullet.objects.PhysicsRigidBody rebuildRigidBody
INFORMATION: Created 17892925390.
Sep 13, 2026 4:30:52 PM com.jme3.bullet.objects.PhysicsRigidBody rebuildRigidBody
INFORMATION: Created 178929246d0.
Sep 13, 2026 4:30:52 PM com.jme3.bullet.objects.PhysicsRigidBody rebuildRigidBody
INFORMATION: Created 1789292a340.
Sep 13, 2026 4:30:52 PM com.jme3.bullet.objects.PhysicsRigidBody rebuildRigidBody
INFORMATION: Created 178929299b0.
Sep 13, 2026 4:30:52 PM com.jme3.bullet.objects.PhysicsRigidBody rebuildRigidBody
INFORMATION: Created 1789292a9a0.
Sep 13, 2026 4:30:52 PM com.jme3.bullet.objects.PhysicsRigidBody rebuildRigidBody
INFORMATION: Created 1789292a670.
Sep 13, 2026 4:30:52 PM com.jme3.bullet.objects.PhysicsRigidBody rebuildRigidBody
INFORMATION: Created 178929289c0.
Sep 13, 2026 4:30:52 PM com.jme3.bullet.objects.PhysicsRigidBody rebuildRigidBody
INFORMATION: Created 1789292acd0.
Sep 13, 2026 4:30:52 PM com.jme3.bullet.objects.PhysicsRigidBody rebuildRigidBody
INFORMATION: Created 17892929020.
Sep 13, 2026 4:30:52 PM com.jme3.bullet.objects.PhysicsRigidBody rebuildRigidBody
INFORMATION: Created 1789292b000.
Sep 13, 2026 4:30:52 PM com.jme3.bullet.objects.PhysicsRigidBody rebuildRigidBody
INFORMATION: Created 17892928cf0.
Sep 13, 2026 4:30:52 PM com.jme3.bullet.objects.PhysicsRigidBody rebuildRigidBody
INFORMATION: Created 1789292c320.
Sep 13, 2026 4:30:52 PM com.jme3.bullet.objects.PhysicsRigidBody rebuildRigidBody
INFORMATION: Created 1789292b990.
Sep 13, 2026 4:30:52 PM com.jme3.bullet.objects.PhysicsRigidBody rebuildRigidBody
INFORMATION: Created 17892929350.
Sep 13, 2026 4:30:52 PM com.jme3.bullet.objects.PhysicsRigidBody rebuildRigidBody
INFORMATION: Created 1789292b330.
Sep 13, 2026 4:30:52 PM com.jme3.bullet.objects.PhysicsRigidBody rebuildRigidBody
INFORMATION: Created 17892929ce0.
Sep 13, 2026 4:30:52 PM com.jme3.bullet.objects.PhysicsRigidBody rebuildRigidBody
INFORMATION: Created 1789292b660.
Sep 13, 2026 4:30:52 PM com.jme3.bullet.objects.PhysicsRigidBody rebuildRigidBody
INFORMATION: Created 17892929680.
Sep 13, 2026 4:30:52 PM com.jme3.bullet.objects.PhysicsRigidBody rebuildRigidBody
INFORMATION: Created 1789292bcc0.
Sep 13, 2026 4:30:52 PM com.jme3.bullet.objects.PhysicsRigidBody rebuildRigidBody
INFORMATION: Created 1789292bff0.
Sep 13, 2026 4:30:52 PM com.jme3.bullet.objects.PhysicsRigidBody rebuildRigidBody
INFORMATION: Created 17892928690.
Sep 13, 2026 4:30:52 PM com.jme3.bullet.objects.PhysicsRigidBody rebuildRigidBody
INFORMATION: Created 1789292c650.
Sep 13, 2026 4:30:52 PM com.jme3.bullet.objects.PhysicsRigidBody rebuildRigidBody
INFORMATION: Created 1789292d640.
Sep 13, 2026 4:30:52 PM com.jme3.bullet.objects.PhysicsRigidBody rebuildRigidBody
INFORMATION: Created 1789292c980.
Sep 13, 2026 4:30:52 PM com.jme3.bullet.objects.PhysicsRigidBody rebuildRigidBody
INFORMATION: Created 1789292d310.
Sep 13, 2026 4:30:52 PM com.jme3.bullet.objects.PhysicsRigidBody rebuildRigidBody
INFORMATION: Created 1789292ccb0.
Sep 13, 2026 4:30:52 PM com.jme3.bullet.objects.PhysicsRigidBody rebuildRigidBody
INFORMATION: Created 1789292cfe0.
Sep 13, 2026 4:30:52 PM com.jme3.bullet.objects.PhysicsRigidBody rebuildRigidBody
INFORMATION: Created 1789292d970.
Sep 13, 2026 4:30:52 PM com.jme3.bullet.objects.PhysicsRigidBody rebuildRigidBody
INFORMATION: Created 1789292dca0.
Sep 13, 2026 4:30:52 PM com.jme3.bullet.objects.PhysicsRigidBody rebuildRigidBody
INFORMATION: Created 1789292a010.
Sep 13, 2026 4:30:52 PM com.jme3.bullet.objects.PhysicsRigidBody rebuildRigidBody
INFORMATION: Created 1789292f2f0.
Sep 13, 2026 4:30:52 PM com.jme3.anim.SkinningControl controlRender
INFORMATION: Hardware skinning engaged for Scene (Node)
Sep 13, 2026 4:30:52 PM com.jme3.anim.SkinningControl controlRender
INFORMATION: Hardware skinning engaged for Scene (Node)
Sep 13, 2026 4:30:52 PM com.jme3.anim.SkinningControl controlRender
INFORMATION: Hardware skinning engaged for Scene (Node)
Sep 13, 2026 4:30:52 PM com.jme3.anim.SkinningControl controlRender
INFORMATION: Hardware skinning engaged for Scene (Node)
[SMOKE] stage 28
[CHECK] Bargain preserves the king's full strength
[CHECK] First person puts the camera behind the hero's collapsed head and keeps his arms
[GAME] Sicht: Verfolgerkamera
[GAME] Schwierigkeit: Mittel
[GAME] Schwierigkeit: Sehr schwer
[CHECK] Difficulty setting cycles to very hard
[CHECK] Very hard: a king's blow takes 60-70 % of the bar, never all of it (127.5)
[GAME] Schwierigkeit: Einfach
[CHECK] Back to easy
[SMOKE] stage 29
[CHECK] Death animation reaches Game Over
[CHECK] Hero is on the floor at Game Over
Sep 13, 2026 4:30:57 PM com.jme3.bullet.objects.PhysicsRigidBody rebuildRigidBody
INFORMATION: Created 1789292fc80.
Sep 13, 2026 4:30:57 PM com.jme3.bullet.objects.PhysicsRigidBody rebuildRigidBody
INFORMATION: Created 1789292dfd0.
Sep 13, 2026 4:30:57 PM com.jme3.bullet.objects.PhysicsRigidBody rebuildRigidBody
INFORMATION: Created 1789292f620.
Sep 13, 2026 4:30:57 PM com.jme3.bullet.objects.PhysicsRigidBody rebuildRigidBody
INFORMATION: Created 1789292e300.
Sep 13, 2026 4:30:57 PM com.jme3.bullet.objects.PhysicsRigidBody rebuildRigidBody
INFORMATION: Created 1789292e630.
Sep 13, 2026 4:30:57 PM com.jme3.bullet.objects.PhysicsRigidBody rebuildRigidBody
INFORMATION: Created 1789292efc0.
Sep 13, 2026 4:30:57 PM com.jme3.bullet.objects.PhysicsRigidBody rebuildRigidBody
INFORMATION: Created 1789292e960.
Sep 13, 2026 4:30:57 PM com.jme3.bullet.objects.PhysicsRigidBody rebuildRigidBody
INFORMATION: Created 1789292ffb0.
Sep 13, 2026 4:30:57 PM com.jme3.bullet.objects.PhysicsRigidBody rebuildRigidBody
INFORMATION: Created 178929302e0.
Sep 13, 2026 4:30:57 PM com.jme3.bullet.objects.PhysicsRigidBody rebuildRigidBody
INFORMATION: Created 1789292ec90.
Sep 13, 2026 4:30:57 PM com.jme3.bullet.objects.PhysicsRigidBody rebuildRigidBody
INFORMATION: Created 17892930610.
Sep 13, 2026 4:30:57 PM com.jme3.bullet.objects.PhysicsRigidBody rebuildRigidBody
INFORMATION: Created 17892930940.
Sep 13, 2026 4:30:57 PM com.jme3.bullet.objects.PhysicsRigidBody rebuildRigidBody
INFORMATION: Created 1789412bd30.
Sep 13, 2026 4:30:57 PM com.jme3.bullet.objects.PhysicsRigidBody rebuildRigidBody
INFORMATION: Created 1789412c9f0.
Sep 13, 2026 4:30:57 PM com.jme3.bullet.objects.PhysicsRigidBody rebuildRigidBody
INFORMATION: Created 1789412a6e0.
Sep 13, 2026 4:30:57 PM com.jme3.bullet.objects.PhysicsRigidBody rebuildRigidBody
INFORMATION: Created 1789412b3a0.
Sep 13, 2026 4:30:57 PM com.jme3.bullet.objects.PhysicsRigidBody rebuildRigidBody
INFORMATION: Created 1789412dd10.
Sep 13, 2026 4:30:57 PM com.jme3.bullet.objects.PhysicsRigidBody rebuildRigidBody
INFORMATION: Created 1789412e370.
Sep 13, 2026 4:30:57 PM com.jme3.bullet.objects.PhysicsRigidBody rebuildRigidBody
INFORMATION: Created 1789412b6d0.
Sep 13, 2026 4:30:57 PM com.jme3.bullet.objects.PhysicsRigidBody rebuildRigidBody
INFORMATION: Created 1789412cd20.
Sep 13, 2026 4:30:57 PM com.jme3.bullet.objects.PhysicsRigidBody rebuildRigidBody
INFORMATION: Created 1789412c060.
Sep 13, 2026 4:30:57 PM com.jme3.bullet.objects.PhysicsRigidBody rebuildRigidBody
INFORMATION: Created 1789412c6c0.
Sep 13, 2026 4:30:57 PM com.jme3.bullet.objects.PhysicsRigidBody rebuildRigidBody
INFORMATION: Created 1789412e6a0.
Sep 13, 2026 4:30:57 PM com.jme3.bullet.objects.PhysicsRigidBody rebuildRigidBody
INFORMATION: Created 1789412aa10.
Sep 13, 2026 4:30:57 PM com.jme3.bullet.objects.PhysicsRigidBody rebuildRigidBody
INFORMATION: Created 1789412c390.
Sep 13, 2026 4:30:57 PM com.jme3.bullet.objects.PhysicsRigidBody rebuildRigidBody
INFORMATION: Created 1789412d050.
Sep 13, 2026 4:30:57 PM com.jme3.bullet.objects.PhysicsRigidBody rebuildRigidBody
INFORMATION: Created 1789412e9d0.
Sep 13, 2026 4:30:57 PM com.jme3.bullet.objects.PhysicsRigidBody rebuildRigidBody
INFORMATION: Created 1789412ad40.
Sep 13, 2026 4:30:57 PM com.jme3.bullet.objects.PhysicsRigidBody rebuildRigidBody
INFORMATION: Created 1789412d6b0.
Sep 13, 2026 4:30:57 PM com.jme3.bullet.objects.PhysicsRigidBody rebuildRigidBody
INFORMATION: Created 1789412ed00.
Sep 13, 2026 4:30:57 PM com.jme3.bullet.objects.PhysicsRigidBody rebuildRigidBody
INFORMATION: Created 1789412b070.
Sep 13, 2026 4:30:57 PM com.jme3.bullet.objects.PhysicsRigidBody rebuildRigidBody
INFORMATION: Created 1789412d380.
Sep 13, 2026 4:30:57 PM com.jme3.bullet.objects.PhysicsRigidBody rebuildRigidBody
INFORMATION: Created 17894132000.
Sep 13, 2026 4:30:57 PM com.jme3.bullet.objects.PhysicsRigidBody rebuildRigidBody
INFORMATION: Created 1789412f360.
Sep 13, 2026 4:30:57 PM com.jme3.bullet.objects.PhysicsRigidBody rebuildRigidBody
INFORMATION: Created 1789412f030.
Sep 13, 2026 4:30:57 PM com.jme3.bullet.objects.PhysicsRigidBody rebuildRigidBody
INFORMATION: Created 17894130020.
Sep 13, 2026 4:30:57 PM com.jme3.bullet.objects.PhysicsRigidBody rebuildRigidBody
INFORMATION: Created 178941319a0.
Sep 13, 2026 4:30:57 PM com.jme3.bullet.objects.PhysicsRigidBody rebuildRigidBody
INFORMATION: Created 17894131cd0.
Sep 13, 2026 4:30:57 PM com.jme3.bullet.objects.PhysicsRigidBody rebuildRigidBody
INFORMATION: Created 17894130680.
Sep 13, 2026 4:30:57 PM com.jme3.bullet.objects.PhysicsRigidBody rebuildRigidBody
INFORMATION: Created 1789412fcf0.
Sep 13, 2026 4:30:57 PM com.jme3.bullet.objects.PhysicsRigidBody rebuildRigidBody
INFORMATION: Created 17894132330.
Sep 13, 2026 4:30:57 PM com.jme3.bullet.objects.PhysicsRigidBody rebuildRigidBody
INFORMATION: Created 17894132660.
Sep 13, 2026 4:30:57 PM com.jme3.bullet.objects.PhysicsRigidBody rebuildRigidBody
INFORMATION: Created 17894133320.
Sep 13, 2026 4:30:57 PM com.jme3.bullet.objects.PhysicsRigidBody rebuildRigidBody
INFORMATION: Created 17894132cc0.
Sep 13, 2026 4:30:57 PM com.jme3.bullet.objects.PhysicsRigidBody rebuildRigidBody
INFORMATION: Created 17894132990.
Sep 13, 2026 4:30:57 PM com.jme3.bullet.objects.PhysicsRigidBody rebuildRigidBody
INFORMATION: Created 1789412f9c0.
Sep 13, 2026 4:30:57 PM com.jme3.bullet.objects.PhysicsRigidBody rebuildRigidBody
INFORMATION: Created 17894132ff0.
Sep 13, 2026 4:30:57 PM com.jme3.bullet.objects.PhysicsRigidBody rebuildRigidBody
INFORMATION: Created 1789412f690.
Sep 13, 2026 4:30:57 PM com.jme3.bullet.objects.PhysicsRigidBody rebuildRigidBody
INFORMATION: Created 17894131010.
Sep 13, 2026 4:30:57 PM com.jme3.bullet.objects.PhysicsRigidBody rebuildRigidBody
INFORMATION: Created 17894133650.
Sep 13, 2026 4:30:57 PM com.jme3.bullet.objects.PhysicsRigidBody rebuildRigidBody
INFORMATION: Created 17894133fe0.
Sep 13, 2026 4:30:57 PM com.jme3.bullet.objects.PhysicsRigidBody rebuildRigidBody
INFORMATION: Created 17894131340.
Sep 13, 2026 4:30:57 PM com.jme3.bullet.objects.PhysicsRigidBody rebuildRigidBody
INFORMATION: Created 17894133cb0.
Sep 13, 2026 4:30:57 PM com.jme3.bullet.objects.PhysicsRigidBody rebuildRigidBody
INFORMATION: Created 17894133980.
Sep 13, 2026 4:30:57 PM com.jme3.bullet.objects.PhysicsRigidBody rebuildRigidBody
INFORMATION: Created 17894130350.
Sep 13, 2026 4:30:57 PM com.jme3.bullet.objects.PhysicsRigidBody rebuildRigidBody
INFORMATION: Created 17894131670.
Sep 13, 2026 4:30:57 PM com.jme3.bullet.objects.PhysicsRigidBody rebuildRigidBody
INFORMATION: Created 17894134310.
Sep 13, 2026 4:30:57 PM com.jme3.bullet.objects.PhysicsRigidBody rebuildRigidBody
INFORMATION: Created 17894134640.
Sep 13, 2026 4:30:57 PM com.jme3.bullet.objects.PhysicsRigidBody rebuildRigidBody
INFORMATION: Created 178941309b0.
Sep 13, 2026 4:30:57 PM com.jme3.bullet.objects.PhysicsRigidBody rebuildRigidBody
INFORMATION: Created 17894134970.
Sep 13, 2026 4:30:57 PM com.jme3.bullet.objects.PhysicsRigidBody rebuildRigidBody
INFORMATION: Created 17894130ce0.
Sep 13, 2026 4:30:57 PM com.jme3.bullet.objects.PhysicsRigidBody rebuildRigidBody
INFORMATION: Created 17894134ca0.
Sep 13, 2026 4:30:57 PM com.jme3.bullet.objects.PhysicsRigidBody rebuildRigidBody
INFORMATION: Created 17894134fd0.
Sep 13, 2026 4:30:57 PM com.jme3.bullet.objects.PhysicsRigidBody rebuildRigidBody
INFORMATION: Created 17894135300.
Sep 13, 2026 4:30:57 PM com.jme3.bullet.objects.PhysicsRigidBody rebuildRigidBody
INFORMATION: Created 17894135630.
Sep 13, 2026 4:30:57 PM com.jme3.bullet.objects.PhysicsRigidBody rebuildRigidBody
INFORMATION: Created 17894135c90.
Sep 13, 2026 4:30:57 PM com.jme3.bullet.objects.PhysicsRigidBody rebuildRigidBody
INFORMATION: Created 17894135960.
Sep 13, 2026 4:30:57 PM com.jme3.bullet.objects.PhysicsRigidBody rebuildRigidBody
INFORMATION: Created 17894136950.
Sep 13, 2026 4:30:57 PM com.jme3.bullet.objects.PhysicsRigidBody rebuildRigidBody
INFORMATION: Created 17894135fc0.
Sep 13, 2026 4:30:57 PM com.jme3.bullet.objects.PhysicsRigidBody rebuildRigidBody
INFORMATION: Created 178941362f0.
Sep 13, 2026 4:30:57 PM com.jme3.bullet.objects.PhysicsRigidBody rebuildRigidBody
INFORMATION: Created 17894137610.
Sep 13, 2026 4:30:57 PM com.jme3.bullet.objects.PhysicsRigidBody rebuildRigidBody
INFORMATION: Created 178941392c0.
Sep 13, 2026 4:30:57 PM com.jme3.bullet.objects.PhysicsRigidBody rebuildRigidBody
INFORMATION: Created 17894139f80.
Sep 13, 2026 4:30:57 PM com.jme3.bullet.objects.PhysicsRigidBody rebuildRigidBody
INFORMATION: Created 178941382d0.
Sep 13, 2026 4:30:57 PM com.jme3.bullet.objects.PhysicsRigidBody rebuildRigidBody
INFORMATION: Created 17894137940.
Sep 13, 2026 4:30:57 PM com.jme3.bullet.objects.PhysicsRigidBody rebuildRigidBody
INFORMATION: Created 17894138f90.
Sep 13, 2026 4:30:57 PM com.jme3.bullet.objects.PhysicsRigidBody rebuildRigidBody
INFORMATION: Created 178941372e0.
Sep 13, 2026 4:30:57 PM com.jme3.bullet.objects.PhysicsRigidBody rebuildRigidBody
INFORMATION: Created 1789413a910.
Sep 13, 2026 4:30:57 PM com.jme3.bullet.objects.PhysicsRigidBody rebuildRigidBody
INFORMATION: Created 17894137c70.
Sep 13, 2026 4:30:57 PM com.jme3.bullet.objects.PhysicsRigidBody rebuildRigidBody
INFORMATION: Created 178941395f0.
Sep 13, 2026 4:30:57 PM com.jme3.bullet.objects.PhysicsRigidBody rebuildRigidBody
INFORMATION: Created 17894136c80.
Sep 13, 2026 4:30:57 PM com.jme3.bullet.objects.PhysicsRigidBody rebuildRigidBody
INFORMATION: Created 17894137fa0.
Sep 13, 2026 4:30:57 PM com.jme3.bullet.objects.PhysicsRigidBody rebuildRigidBody
INFORMATION: Created 1789413ac40.
Sep 13, 2026 4:30:57 PM com.jme3.bullet.objects.PhysicsRigidBody rebuildRigidBody
INFORMATION: Created 17894138600.
Sep 13, 2026 4:30:57 PM com.jme3.bullet.objects.PhysicsRigidBody rebuildRigidBody
INFORMATION: Created 17894139920.
Sep 13, 2026 4:30:57 PM com.jme3.bullet.objects.PhysicsRigidBody rebuildRigidBody
INFORMATION: Created 17894138930.
Sep 13, 2026 4:30:57 PM com.jme3.bullet.objects.PhysicsRigidBody rebuildRigidBody
INFORMATION: Created 17894139c50.
Sep 13, 2026 4:30:57 PM com.jme3.bullet.objects.PhysicsRigidBody rebuildRigidBody
INFORMATION: Created 17894138c60.
Sep 13, 2026 4:30:57 PM com.jme3.bullet.objects.PhysicsRigidBody rebuildRigidBody
INFORMATION: Created 1789413a2b0.
Sep 13, 2026 4:30:57 PM com.jme3.bullet.objects.PhysicsRigidBody rebuildRigidBody
INFORMATION: Created 1789413a5e0.
Sep 13, 2026 4:30:57 PM com.jme3.bullet.objects.PhysicsRigidBody rebuildRigidBody
INFORMATION: Created 17894136fb0.
Sep 13, 2026 4:30:57 PM com.jme3.bullet.objects.PhysicsRigidBody rebuildRigidBody
INFORMATION: Created 17894689290.
Sep 13, 2026 4:30:57 PM com.jme3.bullet.objects.PhysicsRigidBody rebuildRigidBody
INFORMATION: Created 178946895c0.
Sep 13, 2026 4:30:57 PM com.jme3.bullet.objects.PhysicsRigidBody rebuildRigidBody
INFORMATION: Created 17894689c20.
Sep 13, 2026 4:30:57 PM com.jme3.bullet.objects.PhysicsRigidBody rebuildRigidBody
INFORMATION: Created 17894686c50.
Sep 13, 2026 4:30:57 PM com.jme3.bullet.objects.PhysicsRigidBody rebuildRigidBody
INFORMATION: Created 178946872b0.
Sep 13, 2026 4:30:57 PM com.jme3.bullet.objects.PhysicsRigidBody rebuildRigidBody
INFORMATION: Created 1789468a5b0.
Sep 13, 2026 4:30:57 PM com.jme3.bullet.objects.PhysicsRigidBody rebuildRigidBody
INFORMATION: Created 178946875e0.
Sep 13, 2026 4:30:57 PM com.jme3.bullet.objects.PhysicsRigidBody rebuildRigidBody
INFORMATION: Created 17894688900.
Sep 13, 2026 4:30:57 PM com.jme3.bullet.objects.PhysicsRigidBody rebuildRigidBody
INFORMATION: Created 1789468a8e0.
Sep 13, 2026 4:30:57 PM com.jme3.bullet.objects.PhysicsRigidBody rebuildRigidBody
INFORMATION: Created 17894687910.
Sep 13, 2026 4:30:57 PM com.jme3.bullet.objects.PhysicsRigidBody rebuildRigidBody
INFORMATION: Created 178946898f0.
Sep 13, 2026 4:30:57 PM com.jme3.bullet.objects.PhysicsRigidBody rebuildRigidBody
INFORMATION: Created 1789468ac10.
Sep 13, 2026 4:30:57 PM com.jme3.bullet.objects.PhysicsRigidBody rebuildRigidBody
INFORMATION: Created 178946885d0.
Sep 13, 2026 4:30:57 PM com.jme3.bullet.objects.PhysicsRigidBody rebuildRigidBody
INFORMATION: Created 17894687c40.
Sep 13, 2026 4:30:57 PM com.jme3.bullet.objects.PhysicsRigidBody rebuildRigidBody
INFORMATION: Created 17894689f50.
Sep 13, 2026 4:30:57 PM com.jme3.bullet.objects.PhysicsRigidBody rebuildRigidBody
INFORMATION: Created 17894687f70.
Sep 13, 2026 4:30:57 PM com.jme3.bullet.objects.PhysicsRigidBody rebuildRigidBody
INFORMATION: Created 178946882a0.
Sep 13, 2026 4:30:57 PM com.jme3.bullet.objects.PhysicsRigidBody rebuildRigidBody
INFORMATION: Created 17894686f80.
Sep 13, 2026 4:30:57 PM com.jme3.bullet.objects.PhysicsRigidBody rebuildRigidBody
INFORMATION: Created 1789468af40.
Sep 13, 2026 4:30:57 PM com.jme3.bullet.objects.PhysicsRigidBody rebuildRigidBody
INFORMATION: Created 1789468b270.
Sep 13, 2026 4:30:57 PM com.jme3.bullet.objects.PhysicsRigidBody rebuildRigidBody
INFORMATION: Created 1789468b5a0.
Sep 13, 2026 4:30:57 PM com.jme3.bullet.objects.PhysicsRigidBody rebuildRigidBody
INFORMATION: Created 1789468b8d0.
Sep 13, 2026 4:30:57 PM com.jme3.bullet.objects.PhysicsRigidBody rebuildRigidBody
INFORMATION: Created 1789468bc00.
Sep 13, 2026 4:30:57 PM com.jme3.bullet.objects.PhysicsRigidBody rebuildRigidBody
INFORMATION: Created 1789468bf30.
Sep 13, 2026 4:30:57 PM com.jme3.bullet.objects.PhysicsRigidBody rebuildRigidBody
INFORMATION: Created 1789468c260.
Sep 13, 2026 4:30:57 PM com.jme3.bullet.objects.PhysicsRigidBody rebuildRigidBody
INFORMATION: Created 1789468c590.
Sep 13, 2026 4:30:57 PM com.jme3.bullet.objects.PhysicsRigidBody rebuildRigidBody
INFORMATION: Created 1789468c8c0.
Sep 13, 2026 4:30:57 PM com.jme3.bullet.objects.PhysicsRigidBody rebuildRigidBody
INFORMATION: Created 17894688c30.
Sep 13, 2026 4:30:57 PM com.jme3.bullet.objects.PhysicsRigidBody rebuildRigidBody
INFORMATION: Created 1789468cbf0.
Sep 13, 2026 4:30:57 PM com.jme3.bullet.objects.PhysicsRigidBody rebuildRigidBody
INFORMATION: Created 1789468cf20.
Sep 13, 2026 4:30:57 PM com.jme3.bullet.objects.PhysicsRigidBody rebuildRigidBody
INFORMATION: Created 1789468e8a0.
Sep 13, 2026 4:30:57 PM com.jme3.bullet.objects.PhysicsRigidBody rebuildRigidBody
INFORMATION: Created 1789468d250.
Sep 13, 2026 4:30:57 PM com.jme3.bullet.objects.PhysicsRigidBody rebuildRigidBody
INFORMATION: Created 1789468df10.
Sep 13, 2026 4:30:57 PM com.jme3.bullet.objects.PhysicsRigidBody rebuildRigidBody
INFORMATION: Created 1789468d580.
Sep 13, 2026 4:30:57 PM com.jme3.bullet.objects.PhysicsRigidBody rebuildRigidBody
INFORMATION: Created 1789468d8b0.
Sep 13, 2026 4:30:57 PM com.jme3.bullet.objects.PhysicsRigidBody rebuildRigidBody
INFORMATION: Created 1789468dbe0.
Sep 13, 2026 4:30:57 PM com.jme3.bullet.objects.PhysicsRigidBody rebuildRigidBody
INFORMATION: Created 1789468e240.
Sep 13, 2026 4:30:57 PM com.jme3.bullet.objects.PhysicsRigidBody rebuildRigidBody
INFORMATION: Created 1789468e570.
Sep 13, 2026 4:30:57 PM com.jme3.bullet.objects.PhysicsRigidBody rebuildRigidBody
INFORMATION: Created 17890080e10.
Sep 13, 2026 4:30:57 PM com.jme3.bullet.objects.PhysicsRigidBody rebuildRigidBody
INFORMATION: Created 17890083450.
Sep 13, 2026 4:30:57 PM com.jme3.bullet.objects.PhysicsRigidBody rebuildRigidBody
INFORMATION: Created 17890081140.
Sep 13, 2026 4:30:57 PM com.jme3.bullet.objects.PhysicsRigidBody rebuildRigidBody
INFORMATION: Created 17890081470.
Sep 13, 2026 4:30:57 PM com.jme3.bullet.objects.PhysicsRigidBody rebuildRigidBody
INFORMATION: Created 17890081e00.
Sep 13, 2026 4:30:57 PM com.jme3.bullet.objects.PhysicsRigidBody rebuildRigidBody
INFORMATION: Created 17890082130.
Sep 13, 2026 4:30:57 PM com.jme3.bullet.objects.PhysicsRigidBody rebuildRigidBody
INFORMATION: Created 178900817a0.
Sep 13, 2026 4:30:57 PM com.jme3.bullet.objects.PhysicsRigidBody rebuildRigidBody
INFORMATION: Created 17890083780.
Sep 13, 2026 4:30:57 PM com.jme3.bullet.objects.PhysicsRigidBody rebuildRigidBody
INFORMATION: Created 17890082790.
Sep 13, 2026 4:30:57 PM com.jme3.bullet.objects.PhysicsRigidBody rebuildRigidBody
INFORMATION: Created 17890081ad0.
Sep 13, 2026 4:30:57 PM com.jme3.bullet.objects.PhysicsRigidBody rebuildRigidBody
INFORMATION: Created 17890082460.
Sep 13, 2026 4:30:57 PM com.jme3.bullet.objects.PhysicsRigidBody rebuildRigidBody
INFORMATION: Created 17890083ab0.
Sep 13, 2026 4:30:57 PM com.jme3.bullet.objects.PhysicsRigidBody rebuildRigidBody
INFORMATION: Created 17890080ae0.
Sep 13, 2026 4:30:57 PM com.jme3.bullet.objects.PhysicsRigidBody rebuildRigidBody
INFORMATION: Created 17890082ac0.
Sep 13, 2026 4:30:57 PM com.jme3.bullet.objects.PhysicsRigidBody rebuildRigidBody
INFORMATION: Created 178900807b0.
Sep 13, 2026 4:30:57 PM com.jme3.bullet.objects.PhysicsRigidBody rebuildRigidBody
INFORMATION: Created 17890082df0.
Sep 13, 2026 4:30:57 PM com.jme3.bullet.objects.PhysicsRigidBody rebuildRigidBody
INFORMATION: Created 17890083de0.
Sep 13, 2026 4:30:57 PM com.jme3.bullet.objects.PhysicsRigidBody rebuildRigidBody
INFORMATION: Created 17890080150.
Sep 13, 2026 4:30:57 PM com.jme3.bullet.objects.PhysicsRigidBody rebuildRigidBody
INFORMATION: Created 17890084110.
Sep 13, 2026 4:30:57 PM com.jme3.bullet.objects.PhysicsRigidBody rebuildRigidBody
INFORMATION: Created 17890080480.
Sep 13, 2026 4:30:57 PM com.jme3.bullet.objects.PhysicsRigidBody rebuildRigidBody
INFORMATION: Created 17890086420.
Sep 13, 2026 4:30:57 PM com.jme3.bullet.objects.PhysicsRigidBody rebuildRigidBody
INFORMATION: Created 17890084440.
Sep 13, 2026 4:30:57 PM com.jme3.bullet.objects.PhysicsRigidBody rebuildRigidBody
INFORMATION: Created 17890084770.
[CHECK] Checkpoint respawn restores playable state
Sep 13, 2026 4:30:57 PM com.jme3.anim.SkinningControl controlRender
INFORMATION: Hardware skinning engaged for Scene (Node)
Sep 13, 2026 4:30:57 PM com.jme3.anim.SkinningControl controlRender
INFORMATION: Hardware skinning engaged for Scene (Node)
Sep 13, 2026 4:30:57 PM com.jme3.anim.SkinningControl controlRender
INFORMATION: Hardware skinning engaged for Scene (Node)
Sep 13, 2026 4:30:57 PM com.jme3.anim.SkinningControl controlRender
INFORMATION: Hardware skinning engaged for Scene (Node)
[SMOKE] stage 30
[CHECK] Fast mode removes the shadow pass
[GAME] Grafik: Atmosphärisch
[SMOKE] stage 31
[CHECK] High quality restores shadows before post-processing
Sep 13, 2026 4:31:02 PM com.jme3.bullet.objects.PhysicsRigidBody rebuildRigidBody
INFORMATION: Created 17890086750.
Sep 13, 2026 4:31:02 PM com.jme3.bullet.objects.PhysicsRigidBody rebuildRigidBody
INFORMATION: Created 17890086db0.
Sep 13, 2026 4:31:02 PM com.jme3.bullet.objects.PhysicsRigidBody rebuildRigidBody
INFORMATION: Created 178900870e0.
Sep 13, 2026 4:31:02 PM com.jme3.bullet.objects.PhysicsRigidBody rebuildRigidBody
INFORMATION: Created 17890087410.
Sep 13, 2026 4:31:02 PM com.jme3.bullet.objects.PhysicsRigidBody rebuildRigidBody
INFORMATION: Created 17890084aa0.
Sep 13, 2026 4:31:02 PM com.jme3.bullet.objects.PhysicsRigidBody rebuildRigidBody
INFORMATION: Created 17890087740.
Sep 13, 2026 4:31:02 PM com.jme3.bullet.objects.PhysicsRigidBody rebuildRigidBody
INFORMATION: Created 17890087a70.
Sep 13, 2026 4:31:02 PM com.jme3.bullet.objects.PhysicsRigidBody rebuildRigidBody
INFORMATION: Created 17890087da0.
Sep 13, 2026 4:31:02 PM com.jme3.bullet.objects.PhysicsRigidBody rebuildRigidBody
INFORMATION: Created 17890084dd0.
Sep 13, 2026 4:31:02 PM com.jme3.bullet.objects.PhysicsRigidBody rebuildRigidBody
INFORMATION: Created 17890085100.
Sep 13, 2026 4:31:02 PM com.jme3.bullet.objects.PhysicsRigidBody rebuildRigidBody
INFORMATION: Created 17890085760.
Sep 13, 2026 4:31:02 PM com.jme3.bullet.objects.PhysicsRigidBody rebuildRigidBody
INFORMATION: Created 17890085dc0.
Sep 13, 2026 4:31:02 PM com.jme3.bullet.objects.PhysicsRigidBody rebuildRigidBody
INFORMATION: Created 17890085a90.
Sep 13, 2026 4:31:02 PM com.jme3.bullet.objects.PhysicsRigidBody rebuildRigidBody
INFORMATION: Created 17894d5fb10.
Sep 13, 2026 4:31:02 PM com.jme3.bullet.objects.PhysicsRigidBody rebuildRigidBody
INFORMATION: Created 17894d61490.
Sep 13, 2026 4:31:02 PM com.jme3.bullet.objects.PhysicsRigidBody rebuildRigidBody
INFORMATION: Created 17894d5f7e0.
Sep 13, 2026 4:31:02 PM com.jme3.bullet.objects.PhysicsRigidBody rebuildRigidBody
INFORMATION: Created 17894d61af0.
Sep 13, 2026 4:31:02 PM com.jme3.bullet.objects.PhysicsRigidBody rebuildRigidBody
INFORMATION: Created 17894d60170.
Sep 13, 2026 4:31:02 PM com.jme3.bullet.objects.PhysicsRigidBody rebuildRigidBody
INFORMATION: Created 17894d604a0.
Sep 13, 2026 4:31:02 PM com.jme3.bullet.objects.PhysicsRigidBody rebuildRigidBody
INFORMATION: Created 17894d5ee50.
Sep 13, 2026 4:31:02 PM com.jme3.bullet.objects.PhysicsRigidBody rebuildRigidBody
INFORMATION: Created 17894d5fe40.
Sep 13, 2026 4:31:02 PM com.jme3.bullet.objects.PhysicsRigidBody rebuildRigidBody
INFORMATION: Created 17894d607d0.
Sep 13, 2026 4:31:02 PM com.jme3.bullet.objects.PhysicsRigidBody rebuildRigidBody
INFORMATION: Created 17894d5f4b0.
Sep 13, 2026 4:31:02 PM com.jme3.bullet.objects.PhysicsRigidBody rebuildRigidBody
INFORMATION: Created 17894d60b00.
Sep 13, 2026 4:31:02 PM com.jme3.bullet.objects.PhysicsRigidBody rebuildRigidBody
INFORMATION: Created 17894d5e190.
Sep 13, 2026 4:31:02 PM com.jme3.bullet.objects.PhysicsRigidBody rebuildRigidBody
INFORMATION: Created 17894d60e30.
Sep 13, 2026 4:31:02 PM com.jme3.bullet.objects.PhysicsRigidBody rebuildRigidBody
INFORMATION: Created 17894d61160.
Sep 13, 2026 4:31:02 PM com.jme3.bullet.objects.PhysicsRigidBody rebuildRigidBody
INFORMATION: Created 17894d617c0.
Sep 13, 2026 4:31:02 PM com.jme3.bullet.objects.PhysicsRigidBody rebuildRigidBody
INFORMATION: Created 17894d5eb20.
Sep 13, 2026 4:31:02 PM com.jme3.bullet.objects.PhysicsRigidBody rebuildRigidBody
INFORMATION: Created 17894d61e20.
Sep 13, 2026 4:31:02 PM com.jme3.bullet.objects.PhysicsRigidBody rebuildRigidBody
INFORMATION: Created 17894d62150.
Sep 13, 2026 4:31:02 PM com.jme3.bullet.objects.PhysicsRigidBody rebuildRigidBody
INFORMATION: Created 17894d5e4c0.
Sep 13, 2026 4:31:02 PM com.jme3.bullet.objects.PhysicsRigidBody rebuildRigidBody
INFORMATION: Created 17894d5f180.
Sep 13, 2026 4:31:02 PM com.jme3.bullet.objects.PhysicsRigidBody rebuildRigidBody
INFORMATION: Created 17894d62480.
Sep 13, 2026 4:31:02 PM com.jme3.bullet.objects.PhysicsRigidBody rebuildRigidBody
INFORMATION: Created 17894d5e7f0.
Sep 13, 2026 4:31:02 PM com.jme3.bullet.objects.PhysicsRigidBody rebuildRigidBody
INFORMATION: Created 17894d64130.
Sep 13, 2026 4:31:02 PM com.jme3.bullet.objects.PhysicsRigidBody rebuildRigidBody
INFORMATION: Created 17894d64460.
Sep 13, 2026 4:31:02 PM com.jme3.bullet.objects.PhysicsRigidBody rebuildRigidBody
INFORMATION: Created 17894d627b0.
Sep 13, 2026 4:31:02 PM com.jme3.bullet.objects.PhysicsRigidBody rebuildRigidBody
INFORMATION: Created 17894d62ae0.
Sep 13, 2026 4:31:02 PM com.jme3.bullet.objects.PhysicsRigidBody rebuildRigidBody
INFORMATION: Created 17894d63470.
Sep 13, 2026 4:31:02 PM com.jme3.bullet.objects.PhysicsRigidBody rebuildRigidBody
INFORMATION: Created 17894d62e10.
Sep 13, 2026 4:31:02 PM com.jme3.bullet.objects.PhysicsRigidBody rebuildRigidBody
INFORMATION: Created 17894d637a0.
Sep 13, 2026 4:31:02 PM com.jme3.bullet.objects.PhysicsRigidBody rebuildRigidBody
INFORMATION: Created 17894d63ad0.
Sep 13, 2026 4:31:02 PM com.jme3.bullet.objects.PhysicsRigidBody rebuildRigidBody
INFORMATION: Created 17894d63e00.
Sep 13, 2026 4:31:02 PM com.jme3.bullet.objects.PhysicsRigidBody rebuildRigidBody
INFORMATION: Created 17894d46310.
Sep 13, 2026 4:31:02 PM com.jme3.bullet.objects.PhysicsRigidBody rebuildRigidBody
INFORMATION: Created 17894d47960.
Sep 13, 2026 4:31:02 PM com.jme3.bullet.objects.PhysicsRigidBody rebuildRigidBody
INFORMATION: Created 17894d47c90.
Sep 13, 2026 4:31:02 PM com.jme3.bullet.objects.PhysicsRigidBody rebuildRigidBody
INFORMATION: Created 17894d47fc0.
Sep 13, 2026 4:31:02 PM com.jme3.bullet.objects.PhysicsRigidBody rebuildRigidBody
INFORMATION: Created 17894d45980.
Sep 13, 2026 4:31:02 PM com.jme3.bullet.objects.PhysicsRigidBody rebuildRigidBody
INFORMATION: Created 17894d45320.
Sep 13, 2026 4:31:02 PM com.jme3.bullet.objects.PhysicsRigidBody rebuildRigidBody
INFORMATION: Created 17894d45cb0.
Sep 13, 2026 4:31:02 PM com.jme3.bullet.objects.PhysicsRigidBody rebuildRigidBody
INFORMATION: Created 17894d45fe0.
Sep 13, 2026 4:31:02 PM com.jme3.bullet.objects.PhysicsRigidBody rebuildRigidBody
INFORMATION: Created 17894d46fd0.
Sep 13, 2026 4:31:02 PM com.jme3.bullet.objects.PhysicsRigidBody rebuildRigidBody
INFORMATION: Created 17894d46640.
Sep 13, 2026 4:31:02 PM com.jme3.bullet.objects.PhysicsRigidBody rebuildRigidBody
INFORMATION: Created 17894d482f0.
Sep 13, 2026 4:31:02 PM com.jme3.bullet.objects.PhysicsRigidBody rebuildRigidBody
INFORMATION: Created 17894d46970.
Sep 13, 2026 4:31:02 PM com.jme3.bullet.objects.PhysicsRigidBody rebuildRigidBody
INFORMATION: Created 17894d46ca0.
Sep 13, 2026 4:31:02 PM com.jme3.bullet.objects.PhysicsRigidBody rebuildRigidBody
INFORMATION: Created 17894d45650.
Sep 13, 2026 4:31:02 PM com.jme3.bullet.objects.PhysicsRigidBody rebuildRigidBody
INFORMATION: Created 17894d48620.
Sep 13, 2026 4:31:02 PM com.jme3.bullet.objects.PhysicsRigidBody rebuildRigidBody
INFORMATION: Created 17894d47300.
Sep 13, 2026 4:31:02 PM com.jme3.bullet.objects.PhysicsRigidBody rebuildRigidBody
INFORMATION: Created 17894d47630.
Sep 13, 2026 4:31:02 PM com.jme3.bullet.objects.PhysicsRigidBody rebuildRigidBody
INFORMATION: Created 17894d44990.
Sep 13, 2026 4:31:02 PM com.jme3.bullet.objects.PhysicsRigidBody rebuildRigidBody
INFORMATION: Created 17894d48950.
Sep 13, 2026 4:31:02 PM com.jme3.bullet.objects.PhysicsRigidBody rebuildRigidBody
INFORMATION: Created 17894d44cc0.
Sep 13, 2026 4:31:02 PM com.jme3.bullet.objects.PhysicsRigidBody rebuildRigidBody
INFORMATION: Created 17894d48c80.
Sep 13, 2026 4:31:02 PM com.jme3.bullet.objects.PhysicsRigidBody rebuildRigidBody
INFORMATION: Created 17894d44ff0.
Sep 13, 2026 4:31:02 PM com.jme3.bullet.objects.PhysicsRigidBody rebuildRigidBody
INFORMATION: Created 17894d4a2d0.
Sep 13, 2026 4:31:02 PM com.jme3.bullet.objects.PhysicsRigidBody rebuildRigidBody
INFORMATION: Created 17894d4af90.
Sep 13, 2026 4:31:02 PM com.jme3.bullet.objects.PhysicsRigidBody rebuildRigidBody
INFORMATION: Created 17894d49c70.
Sep 13, 2026 4:31:02 PM com.jme3.bullet.objects.PhysicsRigidBody rebuildRigidBody
INFORMATION: Created 17894d49fa0.
Sep 13, 2026 4:31:02 PM com.jme3.bullet.objects.PhysicsRigidBody rebuildRigidBody
INFORMATION: Created 17894d4a930.
Sep 13, 2026 4:31:02 PM com.jme3.bullet.objects.PhysicsRigidBody rebuildRigidBody
INFORMATION: Created 17894d4b920.
Sep 13, 2026 4:31:02 PM com.jme3.bullet.objects.PhysicsRigidBody rebuildRigidBody
INFORMATION: Created 17894d492e0.
Sep 13, 2026 4:31:02 PM com.jme3.bullet.objects.PhysicsRigidBody rebuildRigidBody
INFORMATION: Created 17894d4cc40.
Sep 13, 2026 4:31:02 PM com.jme3.bullet.objects.PhysicsRigidBody rebuildRigidBody
INFORMATION: Created 17894d4b5f0.
Sep 13, 2026 4:31:02 PM com.jme3.bullet.objects.PhysicsRigidBody rebuildRigidBody
INFORMATION: Created 17894d4ac60.
Sep 13, 2026 4:31:02 PM com.jme3.bullet.objects.PhysicsRigidBody rebuildRigidBody
INFORMATION: Created 17894d4bf80.
Sep 13, 2026 4:31:02 PM com.jme3.bullet.objects.PhysicsRigidBody rebuildRigidBody
INFORMATION: Created 17894d49940.
Sep 13, 2026 4:31:02 PM com.jme3.bullet.objects.PhysicsRigidBody rebuildRigidBody
INFORMATION: Created 17894d4bc50.
Sep 13, 2026 4:31:02 PM com.jme3.bullet.objects.PhysicsRigidBody rebuildRigidBody
INFORMATION: Created 17894d4b2c0.
Sep 13, 2026 4:31:02 PM com.jme3.bullet.objects.PhysicsRigidBody rebuildRigidBody
INFORMATION: Created 17894d4a600.
Sep 13, 2026 4:31:02 PM com.jme3.bullet.objects.PhysicsRigidBody rebuildRigidBody
INFORMATION: Created 17894d49610.
Sep 13, 2026 4:31:02 PM com.jme3.bullet.objects.PhysicsRigidBody rebuildRigidBody
INFORMATION: Created 17894d4c2b0.
Sep 13, 2026 4:31:02 PM com.jme3.bullet.objects.PhysicsRigidBody rebuildRigidBody
INFORMATION: Created 17894d4c5e0.
Sep 13, 2026 4:31:02 PM com.jme3.bullet.objects.PhysicsRigidBody rebuildRigidBody
INFORMATION: Created 17894d4c910.
Sep 13, 2026 4:31:02 PM com.jme3.bullet.objects.PhysicsRigidBody rebuildRigidBody
INFORMATION: Created 17894d48fb0.
Sep 13, 2026 4:31:02 PM com.jme3.bullet.objects.PhysicsRigidBody rebuildRigidBody
INFORMATION: Created 17894d4f280.
Sep 13, 2026 4:31:02 PM com.jme3.bullet.objects.PhysicsRigidBody rebuildRigidBody
INFORMATION: Created 17894d4fc10.
Sep 13, 2026 4:31:02 PM com.jme3.bullet.objects.PhysicsRigidBody rebuildRigidBody
INFORMATION: Created 17894d4e5c0.
Sep 13, 2026 4:31:02 PM com.jme3.bullet.objects.PhysicsRigidBody rebuildRigidBody
INFORMATION: Created 17894d50270.
Sep 13, 2026 4:31:02 PM com.jme3.bullet.objects.PhysicsRigidBody rebuildRigidBody
INFORMATION: Created 17894d4e8f0.
Sep 13, 2026 4:31:02 PM com.jme3.bullet.objects.PhysicsRigidBody rebuildRigidBody
INFORMATION: Created 17894d4ff40.
Sep 13, 2026 4:31:02 PM com.jme3.bullet.objects.PhysicsRigidBody rebuildRigidBody
INFORMATION: Created 17894d4ec20.
Sep 13, 2026 4:31:02 PM com.jme3.bullet.objects.PhysicsRigidBody rebuildRigidBody
INFORMATION: Created 17894d4ef50.
Sep 13, 2026 4:31:02 PM com.jme3.bullet.objects.PhysicsRigidBody rebuildRigidBody
INFORMATION: Created 17894d4f5b0.
Sep 13, 2026 4:31:02 PM com.jme3.bullet.objects.PhysicsRigidBody rebuildRigidBody
INFORMATION: Created 17894d4f8e0.
Sep 13, 2026 4:31:02 PM com.jme3.bullet.objects.PhysicsRigidBody rebuildRigidBody
INFORMATION: Created 17894d505a0.
Sep 13, 2026 4:31:02 PM com.jme3.bullet.objects.PhysicsRigidBody rebuildRigidBody
INFORMATION: Created 17894d4df60.
Sep 13, 2026 4:31:02 PM com.jme3.bullet.objects.PhysicsRigidBody rebuildRigidBody
INFORMATION: Created 17894d508d0.
Sep 13, 2026 4:31:02 PM com.jme3.bullet.objects.PhysicsRigidBody rebuildRigidBody
INFORMATION: Created 17894d50c00.
Sep 13, 2026 4:31:02 PM com.jme3.bullet.objects.PhysicsRigidBody rebuildRigidBody
INFORMATION: Created 17894d4e290.
Sep 13, 2026 4:31:02 PM com.jme3.bullet.objects.PhysicsRigidBody rebuildRigidBody
INFORMATION: Created 17894d4cf70.
Sep 13, 2026 4:31:02 PM com.jme3.bullet.objects.PhysicsRigidBody rebuildRigidBody
INFORMATION: Created 17894d4dc30.
Sep 13, 2026 4:31:02 PM com.jme3.bullet.objects.PhysicsRigidBody rebuildRigidBody
INFORMATION: Created 17894d50f30.
Sep 13, 2026 4:31:02 PM com.jme3.bullet.objects.PhysicsRigidBody rebuildRigidBody
INFORMATION: Created 17894d4d2a0.
Sep 13, 2026 4:31:02 PM com.jme3.bullet.objects.PhysicsRigidBody rebuildRigidBody
INFORMATION: Created 17894d51260.
Sep 13, 2026 4:31:02 PM com.jme3.bullet.objects.PhysicsRigidBody rebuildRigidBody
INFORMATION: Created 17894d4d5d0.
Sep 13, 2026 4:31:02 PM com.jme3.bullet.objects.PhysicsRigidBody rebuildRigidBody
INFORMATION: Created 17894d4d900.
Sep 13, 2026 4:31:02 PM com.jme3.bullet.objects.PhysicsRigidBody rebuildRigidBody
INFORMATION: Created 17894d52250.
Sep 13, 2026 4:31:02 PM com.jme3.bullet.objects.PhysicsRigidBody rebuildRigidBody
INFORMATION: Created 17894d51590.
Sep 13, 2026 4:31:02 PM com.jme3.bullet.objects.PhysicsRigidBody rebuildRigidBody
INFORMATION: Created 17894d518c0.
Sep 13, 2026 4:31:02 PM com.jme3.bullet.objects.PhysicsRigidBody rebuildRigidBody
INFORMATION: Created 17894d528b0.
Sep 13, 2026 4:31:02 PM com.jme3.bullet.objects.PhysicsRigidBody rebuildRigidBody
INFORMATION: Created 17894d51bf0.
Sep 13, 2026 4:31:02 PM com.jme3.bullet.objects.PhysicsRigidBody rebuildRigidBody
INFORMATION: Created 17894d52580.
Sep 13, 2026 4:31:02 PM com.jme3.bullet.objects.PhysicsRigidBody rebuildRigidBody
INFORMATION: Created 17894d53570.
Sep 13, 2026 4:31:02 PM com.jme3.bullet.objects.PhysicsRigidBody rebuildRigidBody
INFORMATION: Created 17894d52be0.
Sep 13, 2026 4:31:02 PM com.jme3.bullet.objects.PhysicsRigidBody rebuildRigidBody
INFORMATION: Created 17894d52f10.
Sep 13, 2026 4:31:02 PM com.jme3.bullet.objects.PhysicsRigidBody rebuildRigidBody
INFORMATION: Created 17894d53240.
Sep 13, 2026 4:31:02 PM com.jme3.bullet.objects.PhysicsRigidBody rebuildRigidBody
INFORMATION: Created 17894d53bd0.
Sep 13, 2026 4:31:02 PM com.jme3.bullet.objects.PhysicsRigidBody rebuildRigidBody
INFORMATION: Created 17894d54bc0.
Sep 13, 2026 4:31:02 PM com.jme3.bullet.objects.PhysicsRigidBody rebuildRigidBody
INFORMATION: Created 17894d538a0.
Sep 13, 2026 4:31:02 PM com.jme3.bullet.objects.PhysicsRigidBody rebuildRigidBody
INFORMATION: Created 17894d55880.
Sep 13, 2026 4:31:02 PM com.jme3.bullet.objects.PhysicsRigidBody rebuildRigidBody
INFORMATION: Created 17894d54230.
Sep 13, 2026 4:31:02 PM com.jme3.bullet.objects.PhysicsRigidBody rebuildRigidBody
INFORMATION: Created 17894d54ef0.
Sep 13, 2026 4:31:02 PM com.jme3.bullet.objects.PhysicsRigidBody rebuildRigidBody
INFORMATION: Created 17894d53f00.
Sep 13, 2026 4:31:02 PM com.jme3.bullet.objects.PhysicsRigidBody rebuildRigidBody
INFORMATION: Created 17894d54890.
Sep 13, 2026 4:31:02 PM com.jme3.bullet.objects.PhysicsRigidBody rebuildRigidBody
INFORMATION: Created 17894d55bb0.
Sep 13, 2026 4:31:02 PM com.jme3.bullet.objects.PhysicsRigidBody rebuildRigidBody
INFORMATION: Created 17894d55220.
Sep 13, 2026 4:31:02 PM com.jme3.bullet.objects.PhysicsRigidBody rebuildRigidBody
INFORMATION: Created 17894d54560.
Sep 13, 2026 4:31:02 PM com.jme3.bullet.objects.PhysicsRigidBody rebuildRigidBody
INFORMATION: Created 17894d55550.
Sep 13, 2026 4:31:02 PM com.jme3.bullet.objects.PhysicsRigidBody rebuildRigidBody
INFORMATION: Created 17894d51f20.
Sep 13, 2026 4:31:02 PM com.jme3.bullet.objects.PhysicsRigidBody rebuildRigidBody
INFORMATION: Created 17894d56ed0.
Sep 13, 2026 4:31:02 PM com.jme3.bullet.objects.PhysicsRigidBody rebuildRigidBody
INFORMATION: Created 17894d58850.
Sep 13, 2026 4:31:02 PM com.jme3.bullet.objects.PhysicsRigidBody rebuildRigidBody
INFORMATION: Created 17894d58b80.
Sep 13, 2026 4:31:02 PM com.jme3.bullet.objects.PhysicsRigidBody rebuildRigidBody
INFORMATION: Created 17894d58eb0.
Sep 13, 2026 4:31:02 PM com.jme3.bullet.objects.PhysicsRigidBody rebuildRigidBody
INFORMATION: Created 17894d59b70.
Sep 13, 2026 4:31:02 PM com.jme3.bullet.objects.PhysicsRigidBody rebuildRigidBody
INFORMATION: Created 17894d57200.
Sep 13, 2026 4:31:02 PM com.jme3.bullet.objects.PhysicsRigidBody rebuildRigidBody
INFORMATION: Created 17894d591e0.
Sep 13, 2026 4:31:02 PM com.jme3.bullet.objects.PhysicsRigidBody rebuildRigidBody
INFORMATION: Created 17894d58520.
Sep 13, 2026 4:31:02 PM com.jme3.bullet.objects.PhysicsRigidBody rebuildRigidBody
INFORMATION: Created 17894d57860.
Sep 13, 2026 4:31:02 PM com.jme3.bullet.objects.PhysicsRigidBody rebuildRigidBody
INFORMATION: Created 17894d57530.
Sep 13, 2026 4:31:02 PM com.jme3.bullet.objects.PhysicsRigidBody rebuildRigidBody
INFORMATION: Created 17894d57b90.
Sep 13, 2026 4:31:02 PM com.jme3.bullet.objects.PhysicsRigidBody rebuildRigidBody
INFORMATION: Created 17894d56870.
Sep 13, 2026 4:31:02 PM com.jme3.bullet.objects.PhysicsRigidBody rebuildRigidBody
INFORMATION: Created 17894d57ec0.
Sep 13, 2026 4:31:02 PM com.jme3.bullet.objects.PhysicsRigidBody rebuildRigidBody
INFORMATION: Created 17894d581f0.
Sep 13, 2026 4:31:02 PM com.jme3.bullet.objects.PhysicsRigidBody rebuildRigidBody
INFORMATION: Created 17894d59510.
Sep 13, 2026 4:31:02 PM com.jme3.bullet.objects.PhysicsRigidBody rebuildRigidBody
INFORMATION: Created 17894d59840.
Sep 13, 2026 4:31:02 PM com.jme3.bullet.objects.PhysicsRigidBody rebuildRigidBody
INFORMATION: Created 17894d55ee0.
Sep 13, 2026 4:31:02 PM com.jme3.bullet.objects.PhysicsRigidBody rebuildRigidBody
INFORMATION: Created 17894d59ea0.
Sep 13, 2026 4:31:02 PM com.jme3.bullet.objects.PhysicsRigidBody rebuildRigidBody
INFORMATION: Created 17894d56210.
Sep 13, 2026 4:31:02 PM com.jme3.bullet.objects.PhysicsRigidBody rebuildRigidBody
INFORMATION: Created 17894d56ba0.
Sep 13, 2026 4:31:02 PM com.jme3.bullet.objects.PhysicsRigidBody rebuildRigidBody
INFORMATION: Created 17894d5a1d0.
[GAME] Willkommen im Ödland. Folge dem Feuer zu Mira. [E]
[GAME] Goblin besiegt  +35 EP  +8 Gold
[GAME] Goblin besiegt  +35 EP  +8 Gold
Sep 13, 2026 4:31:02 PM com.jme3.anim.SkinningControl controlRender
INFORMATION: Hardware skinning engaged for Scene (Node)
Sep 13, 2026 4:31:02 PM com.jme3.anim.SkinningControl controlRender
INFORMATION: Hardware skinning engaged for Scene (Node)
Sep 13, 2026 4:31:02 PM com.jme3.anim.SkinningControl controlRender
INFORMATION: Hardware skinning engaged for Scene (Node)
Sep 13, 2026 4:31:02 PM com.jme3.anim.SkinningControl controlRender
INFORMATION: Hardware skinning engaged for Scene (Node)
[SMOKE] stage 32
[CHECK] Trap fires when the player comes near
[CHECK] Trap does not reach a player who stopped short of it
[GAME] Dornengang  -  die Klingen fahren aus!
[SMOKE] stage 33
[CHECK] Re-armed trap catches a player standing on it
[SMOKE] stage 34
