Sept. 13, 2026 4:15:46 AM com.jme3.system.JmeDesktopSystem initialize
INFORMATION: Running on jMonkeyEngine 3.8.1-stable
 * Branch: HEAD
 * Git Hash: eca8165
 * Build Date: 2025-05-15
Sept. 13, 2026 4:15:47 AM com.jme3.system.lwjgl.LwjglContext printContextInitInfo
INFORMATION: LWJGL 3.3.6-snapshot context running on thread jME3 Main
 * Graphics Adapter: GLFW 3.5.0 Win32 WGL Null EGL OSMesa VisualC DLL
Sept. 13, 2026 4:15:47 AM com.jme3.renderer.opengl.GLRenderer loadCapabilitiesCommon
INFORMATION: OpenGL Renderer Information
 * Vendor: Intel
 * Renderer: Intel(R) Iris(R) Xe Graphics
 * OpenGL Version: 3.3.0 - Build 31.0.101.4314
 * GLSL Version: 3.30 - Build 31.0.101.4314
 * Profile: Core
Sept. 13, 2026 4:15:47 AM com.jme3.renderer.opengl.GLRenderer setMainFrameBufferSrgb
WARNUNG: Driver claims that default framebuffer is not sRGB capable. Enabling anyway.
Libbulletjme version 22.0.3 initializing
Sept. 13, 2026 4:15:47 AM com.jme3.bullet.objects.PhysicsRigidBody rebuildRigidBody
INFORMATION: Created 13e11932050.
Sept. 13, 2026 4:15:47 AM com.jme3.bullet.objects.PhysicsRigidBody rebuildRigidBody
INFORMATION: Created 13e119319f0.
Sept. 13, 2026 4:15:47 AM com.jme3.bullet.objects.PhysicsRigidBody rebuildRigidBody
INFORMATION: Created 13e11930d30.
Sept. 13, 2026 4:15:47 AM com.jme3.bullet.objects.PhysicsRigidBody rebuildRigidBody
INFORMATION: Created 13e119326b0.
Sept. 13, 2026 4:15:47 AM com.jme3.bullet.objects.PhysicsRigidBody rebuildRigidBody
INFORMATION: Created 13e11931d20.
Sept. 13, 2026 4:15:47 AM com.jme3.bullet.objects.PhysicsRigidBody rebuildRigidBody
INFORMATION: Created 13e11931060.
Sept. 13, 2026 4:15:47 AM com.jme3.bullet.objects.PhysicsRigidBody rebuildRigidBody
INFORMATION: Created 13e11931390.
Sept. 13, 2026 4:15:47 AM com.jme3.bullet.objects.PhysicsRigidBody rebuildRigidBody
INFORMATION: Created 13e119329e0.
Sept. 13, 2026 4:15:47 AM com.jme3.bullet.objects.PhysicsRigidBody rebuildRigidBody
INFORMATION: Created 13e11932d10.
Sept. 13, 2026 4:15:47 AM com.jme3.bullet.objects.PhysicsRigidBody rebuildRigidBody
INFORMATION: Created 13e6360eb70.
Sept. 13, 2026 4:15:47 AM com.jme3.bullet.objects.PhysicsRigidBody rebuildRigidBody
INFORMATION: Created 13e6360e840.
Sept. 13, 2026 4:15:47 AM com.jme3.bullet.objects.PhysicsRigidBody rebuildRigidBody
INFORMATION: Created 13e6360deb0.
Sept. 13, 2026 4:15:47 AM com.jme3.bullet.objects.PhysicsRigidBody rebuildRigidBody
INFORMATION: Created 13e6360f1d0.
Sept. 13, 2026 4:15:47 AM com.jme3.bullet.objects.PhysicsRigidBody rebuildRigidBody
INFORMATION: Created 13e6360fe90.
Sept. 13, 2026 4:15:47 AM com.jme3.bullet.objects.PhysicsRigidBody rebuildRigidBody
INFORMATION: Created 13e6360eea0.
Sept. 13, 2026 4:15:47 AM com.jme3.bullet.objects.PhysicsRigidBody rebuildRigidBody
INFORMATION: Created 13e636104f0.
Sept. 13, 2026 4:15:47 AM com.jme3.bullet.objects.PhysicsRigidBody rebuildRigidBody
INFORMATION: Created 13e6360cb90.
Sept. 13, 2026 4:15:47 AM com.jme3.bullet.objects.PhysicsRigidBody rebuildRigidBody
INFORMATION: Created 13e6360cec0.
Sept. 13, 2026 4:15:47 AM com.jme3.bullet.objects.PhysicsRigidBody rebuildRigidBody
INFORMATION: Created 13e6360f500.
Sept. 13, 2026 4:15:47 AM com.jme3.bullet.objects.PhysicsRigidBody rebuildRigidBody
INFORMATION: Created 13e6360f830.
Sept. 13, 2026 4:15:47 AM com.jme3.bullet.objects.PhysicsRigidBody rebuildRigidBody
INFORMATION: Created 13e6360fb60.
Sept. 13, 2026 4:15:47 AM com.jme3.bullet.objects.PhysicsRigidBody rebuildRigidBody
INFORMATION: Created 13e6360d520.
Sept. 13, 2026 4:15:47 AM com.jme3.bullet.objects.PhysicsRigidBody rebuildRigidBody
INFORMATION: Created 13e636101c0.
Sept. 13, 2026 4:15:47 AM com.jme3.bullet.objects.PhysicsRigidBody rebuildRigidBody
INFORMATION: Created 13e6360d1f0.
Sept. 13, 2026 4:15:47 AM com.jme3.bullet.objects.PhysicsRigidBody rebuildRigidBody
INFORMATION: Created 13e6360d850.
Sept. 13, 2026 4:15:47 AM com.jme3.bullet.objects.PhysicsRigidBody rebuildRigidBody
INFORMATION: Created 13e6360db80.
Sept. 13, 2026 4:15:47 AM com.jme3.bullet.objects.PhysicsRigidBody rebuildRigidBody
INFORMATION: Created 13e6360e1e0.
Sept. 13, 2026 4:15:47 AM com.jme3.bullet.objects.PhysicsRigidBody rebuildRigidBody
INFORMATION: Created 13e6360e510.
Sept. 13, 2026 4:15:47 AM com.jme3.bullet.objects.PhysicsRigidBody rebuildRigidBody
INFORMATION: Created 13e6306ba90.
Sept. 13, 2026 4:15:47 AM com.jme3.bullet.objects.PhysicsRigidBody rebuildRigidBody
INFORMATION: Created 13e6306cdb0.
Sept. 13, 2026 4:15:47 AM com.jme3.bullet.objects.PhysicsRigidBody rebuildRigidBody
INFORMATION: Created 13e6306ca80.
Sept. 13, 2026 4:15:47 AM com.jme3.bullet.objects.PhysicsRigidBody rebuildRigidBody
INFORMATION: Created 13e6306c0f0.
Sept. 13, 2026 4:15:47 AM com.jme3.bullet.objects.PhysicsRigidBody rebuildRigidBody
INFORMATION: Created 13e6306d0e0.
Sept. 13, 2026 4:15:48 AM com.jme3.bullet.objects.PhysicsRigidBody rebuildRigidBody
INFORMATION: Created 13e6306d740.
Sept. 13, 2026 4:15:48 AM com.jme3.bullet.objects.PhysicsRigidBody rebuildRigidBody
INFORMATION: Created 13e6306c420.
Sept. 13, 2026 4:15:48 AM com.jme3.bullet.objects.PhysicsRigidBody rebuildRigidBody
INFORMATION: Created 13e6306da70.
Sept. 13, 2026 4:15:48 AM com.jme3.bullet.objects.PhysicsRigidBody rebuildRigidBody
INFORMATION: Created 13e6306bdc0.
Sept. 13, 2026 4:15:48 AM com.jme3.bullet.objects.PhysicsRigidBody rebuildRigidBody
INFORMATION: Created 13e6306a440.
Sept. 13, 2026 4:15:48 AM com.jme3.bullet.objects.PhysicsRigidBody rebuildRigidBody
INFORMATION: Created 13e6306a770.
Sept. 13, 2026 4:15:48 AM com.jme3.bullet.objects.PhysicsRigidBody rebuildRigidBody
INFORMATION: Created 13e6306aaa0.
Sept. 13, 2026 4:15:48 AM com.jme3.bullet.objects.PhysicsRigidBody rebuildRigidBody
INFORMATION: Created 13e6306c750.
Sept. 13, 2026 4:15:48 AM com.jme3.bullet.objects.PhysicsRigidBody rebuildRigidBody
INFORMATION: Created 13e6306add0.
Sept. 13, 2026 4:15:48 AM com.jme3.bullet.objects.PhysicsRigidBody rebuildRigidBody
INFORMATION: Created 13e6306b100.
Sept. 13, 2026 4:15:48 AM com.jme3.bullet.objects.PhysicsRigidBody rebuildRigidBody
INFORMATION: Created 13e6306b430.
Sept. 13, 2026 4:15:48 AM com.jme3.bullet.objects.PhysicsRigidBody rebuildRigidBody
INFORMATION: Created 13e633ae890.
Sept. 13, 2026 4:15:48 AM com.jme3.bullet.objects.PhysicsRigidBody rebuildRigidBody
INFORMATION: Created 13e633aeef0.
Sept. 13, 2026 4:15:48 AM com.jme3.bullet.objects.PhysicsRigidBody rebuildRigidBody
INFORMATION: Created 13e633b0210.
Sept. 13, 2026 4:15:48 AM com.jme3.bullet.objects.PhysicsRigidBody rebuildRigidBody
INFORMATION: Created 13e633ae560.
Sept. 13, 2026 4:15:48 AM com.jme3.bullet.objects.PhysicsRigidBody rebuildRigidBody
INFORMATION: Created 13e633af550.
Sept. 13, 2026 4:15:48 AM com.jme3.bullet.objects.PhysicsRigidBody rebuildRigidBody
INFORMATION: Created 13e633b1200.
Sept. 13, 2026 4:15:48 AM com.jme3.bullet.objects.PhysicsRigidBody rebuildRigidBody
INFORMATION: Created 13e633b0540.
Sept. 13, 2026 4:15:48 AM com.jme3.bullet.objects.PhysicsRigidBody rebuildRigidBody
INFORMATION: Created 13e633b1530.
Sept. 13, 2026 4:15:48 AM com.jme3.bullet.objects.PhysicsRigidBody rebuildRigidBody
INFORMATION: Created 13e633afbb0.
Sept. 13, 2026 4:15:48 AM com.jme3.bullet.objects.PhysicsRigidBody rebuildRigidBody
INFORMATION: Created 13e633aebc0.
Sept. 13, 2026 4:15:48 AM com.jme3.bullet.objects.PhysicsRigidBody rebuildRigidBody
INFORMATION: Created 13e633af880.
Sept. 13, 2026 4:15:48 AM com.jme3.bullet.objects.PhysicsRigidBody rebuildRigidBody
INFORMATION: Created 13e633b0870.
Sept. 13, 2026 4:15:48 AM com.jme3.bullet.objects.PhysicsRigidBody rebuildRigidBody
INFORMATION: Created 13e633af220.
Sept. 13, 2026 4:15:48 AM com.jme3.bullet.objects.PhysicsRigidBody rebuildRigidBody
INFORMATION: Created 13e633afee0.
Sept. 13, 2026 4:15:48 AM com.jme3.bullet.objects.PhysicsRigidBody rebuildRigidBody
INFORMATION: Created 13e633b0ba0.
Sept. 13, 2026 4:15:48 AM com.jme3.bullet.objects.PhysicsRigidBody rebuildRigidBody
INFORMATION: Created 13e633b0ed0.
Sept. 13, 2026 4:15:48 AM com.jme3.bullet.objects.PhysicsRigidBody rebuildRigidBody
INFORMATION: Created 13e633adbd0.
Sept. 13, 2026 4:15:48 AM com.jme3.bullet.objects.PhysicsRigidBody rebuildRigidBody
INFORMATION: Created 13e633adf00.
Sept. 13, 2026 4:15:48 AM com.jme3.bullet.objects.PhysicsRigidBody rebuildRigidBody
INFORMATION: Created 13e633ae230.
Sept. 13, 2026 4:15:48 AM com.jme3.bullet.objects.PhysicsRigidBody rebuildRigidBody
INFORMATION: Created 13e633b3230.
Sept. 13, 2026 4:15:48 AM com.jme3.bullet.objects.PhysicsRigidBody rebuildRigidBody
INFORMATION: Created 13e633b28a0.
Sept. 13, 2026 4:15:48 AM com.jme3.bullet.objects.PhysicsRigidBody rebuildRigidBody
INFORMATION: Created 13e633b2bd0.
Sept. 13, 2026 4:15:48 AM com.jme3.bullet.objects.PhysicsRigidBody rebuildRigidBody
INFORMATION: Created 13e633b2f00.
Sept. 13, 2026 4:15:48 AM com.jme3.bullet.objects.PhysicsRigidBody rebuildRigidBody
INFORMATION: Created 13e633b2240.
Sept. 13, 2026 4:15:48 AM com.jme3.bullet.objects.PhysicsRigidBody rebuildRigidBody
INFORMATION: Created 13e633b5540.
Sept. 13, 2026 4:15:48 AM com.jme3.bullet.objects.PhysicsRigidBody rebuildRigidBody
INFORMATION: Created 13e633b3560.
Sept. 13, 2026 4:15:48 AM com.jme3.bullet.objects.PhysicsRigidBody rebuildRigidBody
INFORMATION: Created 13e633b3890.
Sept. 13, 2026 4:15:48 AM com.jme3.bullet.objects.PhysicsRigidBody rebuildRigidBody
INFORMATION: Created 13e633b3bc0.
Sept. 13, 2026 4:15:48 AM com.jme3.bullet.objects.PhysicsRigidBody rebuildRigidBody
INFORMATION: Created 13e633b3ef0.
Sept. 13, 2026 4:15:48 AM com.jme3.bullet.objects.PhysicsRigidBody rebuildRigidBody
INFORMATION: Created 13e633b4220.
Sept. 13, 2026 4:15:48 AM com.jme3.bullet.objects.PhysicsRigidBody rebuildRigidBody
INFORMATION: Created 13e633b4550.
Sept. 13, 2026 4:15:48 AM com.jme3.bullet.objects.PhysicsRigidBody rebuildRigidBody
INFORMATION: Created 13e633b4880.
Sept. 13, 2026 4:15:48 AM com.jme3.bullet.objects.PhysicsRigidBody rebuildRigidBody
INFORMATION: Created 13e633b5210.
Sept. 13, 2026 4:15:48 AM com.jme3.bullet.objects.PhysicsRigidBody rebuildRigidBody
INFORMATION: Created 13e633b4ee0.
Sept. 13, 2026 4:15:48 AM com.jme3.bullet.objects.PhysicsRigidBody rebuildRigidBody
INFORMATION: Created 13e633b1be0.
Sept. 13, 2026 4:15:48 AM com.jme3.bullet.objects.PhysicsRigidBody rebuildRigidBody
INFORMATION: Created 13e633b4bb0.
Sept. 13, 2026 4:15:48 AM com.jme3.bullet.objects.PhysicsRigidBody rebuildRigidBody
INFORMATION: Created 13e633b1f10.
Sept. 13, 2026 4:15:48 AM com.jme3.bullet.objects.PhysicsRigidBody rebuildRigidBody
INFORMATION: Created 13e633b2570.
Sept. 13, 2026 4:15:48 AM com.jme3.bullet.objects.PhysicsRigidBody rebuildRigidBody
INFORMATION: Created 13e634082d0.
Sept. 13, 2026 4:15:48 AM com.jme3.bullet.objects.PhysicsRigidBody rebuildRigidBody
INFORMATION: Created 13e63408930.
Sept. 13, 2026 4:15:48 AM com.jme3.bullet.objects.PhysicsRigidBody rebuildRigidBody
INFORMATION: Created 13e6340a2b0.
Sept. 13, 2026 4:15:48 AM com.jme3.bullet.objects.PhysicsRigidBody rebuildRigidBody
INFORMATION: Created 13e634092c0.
Sept. 13, 2026 4:15:48 AM com.jme3.bullet.objects.PhysicsRigidBody rebuildRigidBody
INFORMATION: Created 13e63407940.
Sept. 13, 2026 4:15:48 AM com.jme3.bullet.objects.PhysicsRigidBody rebuildRigidBody
INFORMATION: Created 13e6340a5e0.
Sept. 13, 2026 4:15:48 AM com.jme3.bullet.objects.PhysicsRigidBody rebuildRigidBody
INFORMATION: Created 13e63407c70.
Sept. 13, 2026 4:15:48 AM com.jme3.bullet.objects.PhysicsRigidBody rebuildRigidBody
INFORMATION: Created 13e6340a910.
Sept. 13, 2026 4:15:48 AM com.jme3.bullet.objects.PhysicsRigidBody rebuildRigidBody
INFORMATION: Created 13e63407fa0.
Sept. 13, 2026 4:15:48 AM com.jme3.bullet.objects.PhysicsRigidBody rebuildRigidBody
INFORMATION: Created 13e6340ac40.
Sept. 13, 2026 4:15:48 AM com.jme3.bullet.objects.PhysicsRigidBody rebuildRigidBody
INFORMATION: Created 13e63408f90.
Sept. 13, 2026 4:15:48 AM com.jme3.bullet.objects.PhysicsRigidBody rebuildRigidBody
INFORMATION: Created 13e63409c50.
Sept. 13, 2026 4:15:48 AM com.jme3.bullet.objects.PhysicsRigidBody rebuildRigidBody
INFORMATION: Created 13e63408600.
Sept. 13, 2026 4:15:48 AM com.jme3.bullet.objects.PhysicsRigidBody rebuildRigidBody
INFORMATION: Created 13e63408c60.
Sept. 13, 2026 4:15:48 AM com.jme3.bullet.objects.PhysicsRigidBody rebuildRigidBody
INFORMATION: Created 13e63409920.
Sept. 13, 2026 4:15:48 AM com.jme3.bullet.objects.PhysicsRigidBody rebuildRigidBody
INFORMATION: Created 13e63409f80.
Sept. 13, 2026 4:15:48 AM com.jme3.bullet.objects.PhysicsRigidBody rebuildRigidBody
INFORMATION: Created 13e6340af70.
Sept. 13, 2026 4:15:48 AM com.jme3.bullet.objects.PhysicsRigidBody rebuildRigidBody
INFORMATION: Created 13e634095f0.
Sept. 13, 2026 4:15:48 AM com.jme3.bullet.objects.PhysicsRigidBody rebuildRigidBody
INFORMATION: Created 13e6340b2a0.
Sept. 13, 2026 4:15:48 AM com.jme3.bullet.objects.PhysicsRigidBody rebuildRigidBody
INFORMATION: Created 13e63ce2130.
Sept. 13, 2026 4:15:48 AM com.jme3.bullet.objects.PhysicsRigidBody rebuildRigidBody
INFORMATION: Created 13e63ce07b0.
Sept. 13, 2026 4:15:48 AM com.jme3.bullet.objects.PhysicsRigidBody rebuildRigidBody
INFORMATION: Created 13e63ce17a0.
Sept. 13, 2026 4:15:48 AM com.jme3.bullet.objects.PhysicsRigidBody rebuildRigidBody
INFORMATION: Created 13e63cdfe20.
Sept. 13, 2026 4:15:48 AM com.jme3.bullet.objects.PhysicsRigidBody rebuildRigidBody
INFORMATION: Created 13e63ce2790.
Sept. 13, 2026 4:15:48 AM com.jme3.bullet.objects.PhysicsRigidBody rebuildRigidBody
INFORMATION: Created 13e63ce1e00.
Sept. 13, 2026 4:15:48 AM com.jme3.bullet.objects.PhysicsRigidBody rebuildRigidBody
INFORMATION: Created 13e63ce3de0.
Sept. 13, 2026 4:15:48 AM com.jme3.bullet.objects.PhysicsRigidBody rebuildRigidBody
INFORMATION: Created 13e63ce3780.
Sept. 13, 2026 4:15:48 AM com.jme3.bullet.objects.PhysicsRigidBody rebuildRigidBody
INFORMATION: Created 13e63ce2df0.
Sept. 13, 2026 4:15:48 AM com.jme3.bullet.objects.PhysicsRigidBody rebuildRigidBody
INFORMATION: Created 13e63ce2460.
Sept. 13, 2026 4:15:48 AM com.jme3.bullet.objects.PhysicsRigidBody rebuildRigidBody
INFORMATION: Created 13e63ce3ab0.
Sept. 13, 2026 4:15:48 AM com.jme3.bullet.objects.PhysicsRigidBody rebuildRigidBody
INFORMATION: Created 13e63ce2ac0.
Sept. 13, 2026 4:15:48 AM com.jme3.bullet.objects.PhysicsRigidBody rebuildRigidBody
INFORMATION: Created 13e63ce0e10.
Sept. 13, 2026 4:15:48 AM com.jme3.bullet.objects.PhysicsRigidBody rebuildRigidBody
INFORMATION: Created 13e63ce1ad0.
Sept. 13, 2026 4:15:48 AM com.jme3.bullet.objects.PhysicsRigidBody rebuildRigidBody
INFORMATION: Created 13e63ce0150.
Sept. 13, 2026 4:15:48 AM com.jme3.bullet.objects.PhysicsRigidBody rebuildRigidBody
INFORMATION: Created 13e63ce3120.
Sept. 13, 2026 4:15:48 AM com.jme3.bullet.objects.PhysicsRigidBody rebuildRigidBody
INFORMATION: Created 13e63ce3450.
Sept. 13, 2026 4:15:48 AM com.jme3.bullet.objects.PhysicsRigidBody rebuildRigidBody
INFORMATION: Created 13e63ce4110.
Sept. 13, 2026 4:15:48 AM com.jme3.bullet.objects.PhysicsRigidBody rebuildRigidBody
INFORMATION: Created 13e63ce0ae0.
Sept. 13, 2026 4:15:48 AM com.jme3.bullet.objects.PhysicsRigidBody rebuildRigidBody
INFORMATION: Created 13e63ce0480.
Sept. 13, 2026 4:15:48 AM com.jme3.bullet.objects.PhysicsRigidBody rebuildRigidBody
INFORMATION: Created 13e63ce4440.
Sept. 13, 2026 4:15:48 AM com.jme3.bullet.objects.PhysicsRigidBody rebuildRigidBody
INFORMATION: Created 13e63ce4770.
Sept. 13, 2026 4:15:48 AM com.jme3.bullet.objects.PhysicsRigidBody rebuildRigidBody
INFORMATION: Created 13e63ce4aa0.
Sept. 13, 2026 4:15:48 AM com.jme3.bullet.objects.PhysicsRigidBody rebuildRigidBody
INFORMATION: Created 13e63ce4dd0.
Sept. 13, 2026 4:15:48 AM com.jme3.bullet.objects.PhysicsRigidBody rebuildRigidBody
INFORMATION: Created 13e63ce1140.
Sept. 13, 2026 4:15:48 AM com.jme3.bullet.objects.PhysicsRigidBody rebuildRigidBody
INFORMATION: Created 13e63ce5100.
Sept. 13, 2026 4:15:48 AM com.jme3.bullet.objects.PhysicsRigidBody rebuildRigidBody
INFORMATION: Created 13e63ce1470.
Sept. 13, 2026 4:15:48 AM com.jme3.bullet.objects.PhysicsRigidBody rebuildRigidBody
INFORMATION: Created 13e63ce70e0.
Sept. 13, 2026 4:15:48 AM com.jme3.bullet.objects.PhysicsRigidBody rebuildRigidBody
INFORMATION: Created 13e63ce7410.
Sept. 13, 2026 4:15:48 AM com.jme3.bullet.objects.PhysicsRigidBody rebuildRigidBody
INFORMATION: Created 13e63ce6db0.
Sept. 13, 2026 4:15:48 AM com.jme3.bullet.objects.PhysicsRigidBody rebuildRigidBody
INFORMATION: Created 13e63ce60f0.
Sept. 13, 2026 4:15:48 AM com.jme3.bullet.objects.PhysicsRigidBody rebuildRigidBody
INFORMATION: Created 13e63ce7740.
Sept. 13, 2026 4:15:48 AM com.jme3.bullet.objects.PhysicsRigidBody rebuildRigidBody
INFORMATION: Created 13e63ce7a70.
Sept. 13, 2026 4:15:48 AM com.jme3.bullet.objects.PhysicsRigidBody rebuildRigidBody
INFORMATION: Created 13e63ce5760.
Sept. 13, 2026 4:15:48 AM com.jme3.bullet.objects.PhysicsRigidBody rebuildRigidBody
INFORMATION: Created 13e63ce5430.
Sept. 13, 2026 4:15:48 AM com.jme3.bullet.objects.PhysicsRigidBody rebuildRigidBody
INFORMATION: Created 13e63ce5a90.
Sept. 13, 2026 4:15:48 AM com.jme3.bullet.objects.PhysicsRigidBody rebuildRigidBody
INFORMATION: Created 13e63ce6750.
Sept. 13, 2026 4:15:48 AM com.jme3.bullet.objects.PhysicsRigidBody rebuildRigidBody
INFORMATION: Created 13e63ce5dc0.
Sept. 13, 2026 4:15:48 AM com.jme3.bullet.objects.PhysicsRigidBody rebuildRigidBody
INFORMATION: Created 13e63972350.
Sept. 13, 2026 4:15:48 AM com.jme3.bullet.objects.PhysicsRigidBody rebuildRigidBody
INFORMATION: Created 13e63971cf0.
Sept. 13, 2026 4:15:48 AM com.jme3.bullet.objects.PhysicsRigidBody rebuildRigidBody
INFORMATION: Created 13e63974660.
Sept. 13, 2026 4:15:48 AM com.jme3.bullet.objects.PhysicsRigidBody rebuildRigidBody
INFORMATION: Created 13e63971360.
Sept. 13, 2026 4:15:48 AM com.jme3.bullet.objects.PhysicsRigidBody rebuildRigidBody
INFORMATION: Created 13e63973670.
Sept. 13, 2026 4:15:48 AM com.jme3.bullet.objects.PhysicsRigidBody rebuildRigidBody
INFORMATION: Created 13e63971690.
Sept. 13, 2026 4:15:48 AM com.jme3.bullet.objects.PhysicsRigidBody rebuildRigidBody
INFORMATION: Created 13e63972680.
Sept. 13, 2026 4:15:48 AM com.jme3.bullet.objects.PhysicsRigidBody rebuildRigidBody
INFORMATION: Created 13e63971030.
Sept. 13, 2026 4:15:48 AM com.jme3.bullet.objects.PhysicsRigidBody rebuildRigidBody
INFORMATION: Created 13e639739a0.
Sept. 13, 2026 4:15:48 AM com.jme3.bullet.objects.PhysicsRigidBody rebuildRigidBody
INFORMATION: Created 13e63974330.
Sept. 13, 2026 4:15:48 AM com.jme3.bullet.objects.PhysicsRigidBody rebuildRigidBody
INFORMATION: Created 13e63975650.
Sept. 13, 2026 4:15:48 AM com.jme3.bullet.objects.PhysicsRigidBody rebuildRigidBody
INFORMATION: Created 13e63973340.
Sept. 13, 2026 4:15:48 AM com.jme3.bullet.objects.PhysicsRigidBody rebuildRigidBody
INFORMATION: Created 13e639729b0.
Sept. 13, 2026 4:15:48 AM com.jme3.bullet.objects.PhysicsRigidBody rebuildRigidBody
INFORMATION: Created 13e63972ce0.
Sept. 13, 2026 4:15:48 AM com.jme3.bullet.objects.PhysicsRigidBody rebuildRigidBody
INFORMATION: Created 13e639719c0.
Sept. 13, 2026 4:15:48 AM com.jme3.bullet.objects.PhysicsRigidBody rebuildRigidBody
INFORMATION: Created 13e63973cd0.
Sept. 13, 2026 4:15:48 AM com.jme3.bullet.objects.PhysicsRigidBody rebuildRigidBody
INFORMATION: Created 13e63974000.
Sept. 13, 2026 4:15:48 AM com.jme3.bullet.objects.PhysicsRigidBody rebuildRigidBody
INFORMATION: Created 13e63974990.
Sept. 13, 2026 4:15:48 AM com.jme3.bullet.objects.PhysicsRigidBody rebuildRigidBody
INFORMATION: Created 13e63972020.
Sept. 13, 2026 4:15:48 AM com.jme3.bullet.objects.PhysicsRigidBody rebuildRigidBody
INFORMATION: Created 13e63974cc0.
Sept. 13, 2026 4:15:48 AM com.jme3.bullet.objects.PhysicsRigidBody rebuildRigidBody
INFORMATION: Created 13e63975320.
Sept. 13, 2026 4:15:48 AM com.jme3.bullet.objects.PhysicsRigidBody rebuildRigidBody
INFORMATION: Created 13e63977630.
Sept. 13, 2026 4:15:48 AM com.jme3.bullet.objects.PhysicsRigidBody rebuildRigidBody
INFORMATION: Created 13e63976ca0.
Sept. 13, 2026 4:15:48 AM com.jme3.bullet.objects.PhysicsRigidBody rebuildRigidBody
INFORMATION: Created 13e63976640.
Sept. 13, 2026 4:15:48 AM com.jme3.bullet.objects.PhysicsRigidBody rebuildRigidBody
INFORMATION: Created 13e63976970.
Sept. 13, 2026 4:15:48 AM com.jme3.bullet.objects.PhysicsRigidBody rebuildRigidBody
INFORMATION: Created 13e63975980.
Sept. 13, 2026 4:15:48 AM com.jme3.bullet.objects.PhysicsRigidBody rebuildRigidBody
INFORMATION: Created 13e63977300.
Sept. 13, 2026 4:15:48 AM com.jme3.bullet.objects.PhysicsRigidBody rebuildRigidBody
INFORMATION: Created 13e63975fe0.
Sept. 13, 2026 4:15:48 AM com.jme3.bullet.objects.PhysicsRigidBody rebuildRigidBody
INFORMATION: Created 13e63976fd0.
Sept. 13, 2026 4:15:48 AM com.jme3.bullet.objects.PhysicsRigidBody rebuildRigidBody
INFORMATION: Created 13e63977fc0.
Sept. 13, 2026 4:15:48 AM com.jme3.bullet.objects.PhysicsRigidBody rebuildRigidBody
INFORMATION: Created 13e63976310.
Sept. 13, 2026 4:15:48 AM com.jme3.bullet.objects.PhysicsRigidBody rebuildRigidBody
INFORMATION: Created 13e63977960.
Sept. 13, 2026 4:15:48 AM com.jme3.bullet.objects.PhysicsRigidBody rebuildRigidBody
INFORMATION: Created 13e63974ff0.
Sept. 13, 2026 4:15:48 AM com.jme3.bullet.objects.PhysicsRigidBody rebuildRigidBody
INFORMATION: Created 13e63977c90.
Sept. 13, 2026 4:15:48 AM com.jme3.bullet.objects.PhysicsRigidBody rebuildRigidBody
INFORMATION: Created 13e639782f0.
Sept. 13, 2026 4:15:48 AM com.jme3.bullet.objects.PhysicsRigidBody rebuildRigidBody
INFORMATION: Created 13e63978620.
Sept. 13, 2026 4:15:48 AM com.jme3.bullet.objects.PhysicsRigidBody rebuildRigidBody
INFORMATION: Created 13e63978950.
Sept. 13, 2026 4:15:48 AM com.jme3.bullet.objects.PhysicsRigidBody rebuildRigidBody
INFORMATION: Created 13e63978c80.
Sept. 13, 2026 4:15:48 AM com.jme3.bullet.objects.PhysicsRigidBody rebuildRigidBody
INFORMATION: Created 13e63806540.
Sept. 13, 2026 4:15:48 AM com.jme3.bullet.objects.PhysicsRigidBody rebuildRigidBody
INFORMATION: Created 13e63805bb0.
Sept. 13, 2026 4:15:48 AM com.jme3.bullet.objects.PhysicsRigidBody rebuildRigidBody
INFORMATION: Created 13e63805550.
Sept. 13, 2026 4:15:48 AM com.jme3.bullet.objects.PhysicsRigidBody rebuildRigidBody
INFORMATION: Created 13e63808850.
Sept. 13, 2026 4:15:49 AM com.jme3.bullet.objects.PhysicsRigidBody rebuildRigidBody
INFORMATION: Created 13e63807b90.
Sept. 13, 2026 4:15:49 AM com.jme3.bullet.objects.PhysicsRigidBody rebuildRigidBody
INFORMATION: Created 13e638091e0.
Sept. 13, 2026 4:15:49 AM com.jme3.bullet.objects.PhysicsRigidBody rebuildRigidBody
INFORMATION: Created 13e63807530.
Sept. 13, 2026 4:15:49 AM com.jme3.anim.SkinningControl controlRender
INFORMATION: Hardware skinning engaged for Scene (Node)
Sept. 13, 2026 4:15:49 AM com.jme3.anim.SkinningControl controlRender
INFORMATION: Hardware skinning engaged for Scene (Node)
Sept. 13, 2026 4:15:49 AM com.jme3.anim.SkinningControl controlRender
INFORMATION: Hardware skinning engaged for Scene (Node)
Sept. 13, 2026 4:15:49 AM com.jme3.anim.SkinningControl controlRender
INFORMATION: Hardware skinning engaged for Scene (Node)
[SMOKE] stage 0
[SMOKE] stage 1
Sept. 13, 2026 4:15:52 AM com.jme3.bullet.objects.PhysicsRigidBody rebuildRigidBody
INFORMATION: Created 13e63809840.
Sept. 13, 2026 4:15:52 AM com.jme3.bullet.objects.PhysicsRigidBody rebuildRigidBody
INFORMATION: Created 13e63805ee0.
Sept. 13, 2026 4:15:52 AM com.jme3.bullet.objects.PhysicsRigidBody rebuildRigidBody
INFORMATION: Created 13e6380be80.
Sept. 13, 2026 4:15:52 AM com.jme3.bullet.objects.PhysicsRigidBody rebuildRigidBody
INFORMATION: Created 13e6380cb40.
Sept. 13, 2026 4:15:52 AM com.jme3.bullet.objects.PhysicsRigidBody rebuildRigidBody
INFORMATION: Created 13e6380ab60.
Sept. 13, 2026 4:15:52 AM com.jme3.bullet.objects.PhysicsRigidBody rebuildRigidBody
INFORMATION: Created 13e63809ea0.
Sept. 13, 2026 4:15:52 AM com.jme3.bullet.objects.PhysicsRigidBody rebuildRigidBody
INFORMATION: Created 13e6380b820.
Sept. 13, 2026 4:15:52 AM com.jme3.bullet.objects.PhysicsRigidBody rebuildRigidBody
INFORMATION: Created 13e6380b4f0.
Sept. 13, 2026 4:15:52 AM com.jme3.bullet.objects.PhysicsRigidBody rebuildRigidBody
INFORMATION: Created 13e6380a1d0.
Sept. 13, 2026 4:15:52 AM com.jme3.bullet.objects.PhysicsRigidBody rebuildRigidBody
INFORMATION: Created 13e6380c1b0.
Sept. 13, 2026 4:15:52 AM com.jme3.bullet.objects.PhysicsRigidBody rebuildRigidBody
INFORMATION: Created 13e6380a500.
Sept. 13, 2026 4:15:52 AM com.jme3.bullet.objects.PhysicsRigidBody rebuildRigidBody
INFORMATION: Created 13e6380a830.
Sept. 13, 2026 4:15:52 AM com.jme3.bullet.objects.PhysicsRigidBody rebuildRigidBody
INFORMATION: Created 13e6380bb50.
Sept. 13, 2026 4:15:52 AM com.jme3.bullet.objects.PhysicsRigidBody rebuildRigidBody
INFORMATION: Created 13e6380ae90.
Sept. 13, 2026 4:15:52 AM com.jme3.bullet.objects.PhysicsRigidBody rebuildRigidBody
INFORMATION: Created 13e6380b1c0.
Sept. 13, 2026 4:15:52 AM com.jme3.bullet.objects.PhysicsRigidBody rebuildRigidBody
INFORMATION: Created 13e6380ce70.
Sept. 13, 2026 4:15:52 AM com.jme3.bullet.objects.PhysicsRigidBody rebuildRigidBody
INFORMATION: Created 13e6380c4e0.
Sept. 13, 2026 4:15:52 AM com.jme3.bullet.objects.PhysicsRigidBody rebuildRigidBody
INFORMATION: Created 13e6380c810.
Sept. 13, 2026 4:15:52 AM com.jme3.bullet.objects.PhysicsRigidBody rebuildRigidBody
INFORMATION: Created 13e6380d1a0.
Sept. 13, 2026 4:15:52 AM com.jme3.bullet.objects.PhysicsRigidBody rebuildRigidBody
INFORMATION: Created 13e66a94ea0.
Sept. 13, 2026 4:15:52 AM com.jme3.bullet.objects.PhysicsRigidBody rebuildRigidBody
INFORMATION: Created 13e66a93520.
Sept. 13, 2026 4:15:52 AM com.jme3.bullet.objects.PhysicsRigidBody rebuildRigidBody
INFORMATION: Created 13e66a94840.
Sept. 13, 2026 4:15:52 AM com.jme3.bullet.objects.PhysicsRigidBody rebuildRigidBody
INFORMATION: Created 13e66a91ba0.
Sept. 13, 2026 4:15:52 AM com.jme3.bullet.objects.PhysicsRigidBody rebuildRigidBody
INFORMATION: Created 13e66a94510.
Sept. 13, 2026 4:15:52 AM com.jme3.bullet.objects.PhysicsRigidBody rebuildRigidBody
INFORMATION: Created 13e66a931f0.
Sept. 13, 2026 4:15:52 AM com.jme3.bullet.objects.PhysicsRigidBody rebuildRigidBody
INFORMATION: Created 13e66a92530.
Sept. 13, 2026 4:15:52 AM com.jme3.bullet.objects.PhysicsRigidBody rebuildRigidBody
INFORMATION: Created 13e66a91210.
Sept. 13, 2026 4:15:52 AM com.jme3.bullet.objects.PhysicsRigidBody rebuildRigidBody
INFORMATION: Created 13e66a91870.
Sept. 13, 2026 4:15:52 AM com.jme3.bullet.objects.PhysicsRigidBody rebuildRigidBody
INFORMATION: Created 13e66a951d0.
Sept. 13, 2026 4:15:52 AM com.jme3.bullet.objects.PhysicsRigidBody rebuildRigidBody
INFORMATION: Created 13e66a92b90.
Sept. 13, 2026 4:15:52 AM com.jme3.bullet.objects.PhysicsRigidBody rebuildRigidBody
INFORMATION: Created 13e66a91540.
Sept. 13, 2026 4:15:52 AM com.jme3.bullet.objects.PhysicsRigidBody rebuildRigidBody
INFORMATION: Created 13e66a95500.
Sept. 13, 2026 4:15:52 AM com.jme3.bullet.objects.PhysicsRigidBody rebuildRigidBody
INFORMATION: Created 13e66a92860.
Sept. 13, 2026 4:15:52 AM com.jme3.bullet.objects.PhysicsRigidBody rebuildRigidBody
INFORMATION: Created 13e66a941e0.
Sept. 13, 2026 4:15:52 AM com.jme3.bullet.objects.PhysicsRigidBody rebuildRigidBody
INFORMATION: Created 13e66a93850.
Sept. 13, 2026 4:15:52 AM com.jme3.bullet.objects.PhysicsRigidBody rebuildRigidBody
INFORMATION: Created 13e66a92200.
Sept. 13, 2026 4:15:52 AM com.jme3.bullet.objects.PhysicsRigidBody rebuildRigidBody
INFORMATION: Created 13e66a92ec0.
Sept. 13, 2026 4:15:52 AM com.jme3.bullet.objects.PhysicsRigidBody rebuildRigidBody
INFORMATION: Created 13e66a94b70.
Sept. 13, 2026 4:15:52 AM com.jme3.bullet.objects.PhysicsRigidBody rebuildRigidBody
INFORMATION: Created 13e66a93b80.
Sept. 13, 2026 4:15:52 AM com.jme3.bullet.objects.PhysicsRigidBody rebuildRigidBody
INFORMATION: Created 13e66a93eb0.
Sept. 13, 2026 4:15:52 AM com.jme3.bullet.objects.PhysicsRigidBody rebuildRigidBody
INFORMATION: Created 13e66a95830.
Sept. 13, 2026 4:15:52 AM com.jme3.bullet.objects.PhysicsRigidBody rebuildRigidBody
INFORMATION: Created 13e66a95b60.
Sept. 13, 2026 4:15:52 AM com.jme3.bullet.objects.PhysicsRigidBody rebuildRigidBody
INFORMATION: Created 13e66a91ed0.
Sept. 13, 2026 4:15:52 AM com.jme3.bullet.objects.PhysicsRigidBody rebuildRigidBody
INFORMATION: Created 13e66a984d0.
Sept. 13, 2026 4:15:52 AM com.jme3.bullet.objects.PhysicsRigidBody rebuildRigidBody
INFORMATION: Created 13e66a96820.
Sept. 13, 2026 4:15:52 AM com.jme3.bullet.objects.PhysicsRigidBody rebuildRigidBody
INFORMATION: Created 13e66a97810.
Sept. 13, 2026 4:15:52 AM com.jme3.bullet.objects.PhysicsRigidBody rebuildRigidBody
INFORMATION: Created 13e66a974e0.
Sept. 13, 2026 4:15:52 AM com.jme3.bullet.objects.PhysicsRigidBody rebuildRigidBody
INFORMATION: Created 13e66a98800.
Sept. 13, 2026 4:15:52 AM com.jme3.bullet.objects.PhysicsRigidBody rebuildRigidBody
INFORMATION: Created 13e66a97b40.
Sept. 13, 2026 4:15:52 AM com.jme3.bullet.objects.PhysicsRigidBody rebuildRigidBody
INFORMATION: Created 13e66a96b50.
Sept. 13, 2026 4:15:52 AM com.jme3.bullet.objects.PhysicsRigidBody rebuildRigidBody
INFORMATION: Created 13e66a97e70.
Sept. 13, 2026 4:15:52 AM com.jme3.bullet.objects.PhysicsRigidBody rebuildRigidBody
INFORMATION: Created 13e66a95e90.
Sept. 13, 2026 4:15:52 AM com.jme3.bullet.objects.PhysicsRigidBody rebuildRigidBody
INFORMATION: Created 13e66a98b30.
Sept. 13, 2026 4:15:52 AM com.jme3.bullet.objects.PhysicsRigidBody rebuildRigidBody
INFORMATION: Created 13e66a96e80.
Sept. 13, 2026 4:15:52 AM com.jme3.bullet.objects.PhysicsRigidBody rebuildRigidBody
INFORMATION: Created 13e66a981a0.
Sept. 13, 2026 4:15:52 AM com.jme3.bullet.objects.PhysicsRigidBody rebuildRigidBody
INFORMATION: Created 13e66a961c0.
Sept. 13, 2026 4:15:52 AM com.jme3.bullet.objects.PhysicsRigidBody rebuildRigidBody
INFORMATION: Created 13e66a98e60.
Sept. 13, 2026 4:15:52 AM com.jme3.bullet.objects.PhysicsRigidBody rebuildRigidBody
INFORMATION: Created 13e66a964f0.
Sept. 13, 2026 4:15:52 AM com.jme3.bullet.objects.PhysicsRigidBody rebuildRigidBody
INFORMATION: Created 13e66a971b0.
Sept. 13, 2026 4:15:52 AM com.jme3.bullet.objects.PhysicsRigidBody rebuildRigidBody
INFORMATION: Created 13e63a96260.
Sept. 13, 2026 4:15:52 AM com.jme3.bullet.objects.PhysicsRigidBody rebuildRigidBody
INFORMATION: Created 13e63a96f20.
Sept. 13, 2026 4:15:52 AM com.jme3.bullet.objects.PhysicsRigidBody rebuildRigidBody
INFORMATION: Created 13e63a96590.
Sept. 13, 2026 4:15:52 AM com.jme3.bullet.objects.PhysicsRigidBody rebuildRigidBody
INFORMATION: Created 13e63a958d0.
Sept. 13, 2026 4:15:52 AM com.jme3.bullet.objects.PhysicsRigidBody rebuildRigidBody
INFORMATION: Created 13e63a968c0.
Sept. 13, 2026 4:15:52 AM com.jme3.bullet.objects.PhysicsRigidBody rebuildRigidBody
INFORMATION: Created 13e63a96bf0.
Sept. 13, 2026 4:15:52 AM com.jme3.bullet.objects.PhysicsRigidBody rebuildRigidBody
INFORMATION: Created 13e63a97250.
Sept. 13, 2026 4:15:52 AM com.jme3.bullet.objects.PhysicsRigidBody rebuildRigidBody
INFORMATION: Created 13e63a978b0.
Sept. 13, 2026 4:15:52 AM com.jme3.bullet.objects.PhysicsRigidBody rebuildRigidBody
INFORMATION: Created 13e63a955a0.
Sept. 13, 2026 4:15:52 AM com.jme3.bullet.objects.PhysicsRigidBody rebuildRigidBody
INFORMATION: Created 13e63a97580.
Sept. 13, 2026 4:15:52 AM com.jme3.bullet.objects.PhysicsRigidBody rebuildRigidBody
INFORMATION: Created 13e63a95c00.
Sept. 13, 2026 4:15:52 AM com.jme3.bullet.objects.PhysicsRigidBody rebuildRigidBody
INFORMATION: Created 13e63a95f30.
Sept. 13, 2026 4:15:52 AM com.jme3.bullet.objects.PhysicsRigidBody rebuildRigidBody
INFORMATION: Created 13e63a97f10.
Sept. 13, 2026 4:15:52 AM com.jme3.bullet.objects.PhysicsRigidBody rebuildRigidBody
INFORMATION: Created 13e63a98240.
Sept. 13, 2026 4:15:52 AM com.jme3.bullet.objects.PhysicsRigidBody rebuildRigidBody
INFORMATION: Created 13e63a98570.
Sept. 13, 2026 4:15:52 AM com.jme3.bullet.objects.PhysicsRigidBody rebuildRigidBody
INFORMATION: Created 13e63a948e0.
Sept. 13, 2026 4:15:52 AM com.jme3.bullet.objects.PhysicsRigidBody rebuildRigidBody
INFORMATION: Created 13e63a988a0.
Sept. 13, 2026 4:15:52 AM com.jme3.bullet.objects.PhysicsRigidBody rebuildRigidBody
INFORMATION: Created 13e63a94c10.
Sept. 13, 2026 4:15:52 AM com.jme3.bullet.objects.PhysicsRigidBody rebuildRigidBody
INFORMATION: Created 13e63a95270.
Sept. 13, 2026 4:15:52 AM com.jme3.bullet.objects.PhysicsRigidBody rebuildRigidBody
INFORMATION: Created 13e63a98bd0.
Sept. 13, 2026 4:15:52 AM com.jme3.bullet.objects.PhysicsRigidBody rebuildRigidBody
INFORMATION: Created 13e63a94f40.
Sept. 13, 2026 4:15:52 AM com.jme3.bullet.objects.PhysicsRigidBody rebuildRigidBody
INFORMATION: Created 13e63a99560.
Sept. 13, 2026 4:15:52 AM com.jme3.bullet.objects.PhysicsRigidBody rebuildRigidBody
INFORMATION: Created 13e63a99ef0.
Sept. 13, 2026 4:15:52 AM com.jme3.bullet.objects.PhysicsRigidBody rebuildRigidBody
INFORMATION: Created 13e63a9a220.
Sept. 13, 2026 4:15:52 AM com.jme3.bullet.objects.PhysicsRigidBody rebuildRigidBody
INFORMATION: Created 13e63a9c200.
Sept. 13, 2026 4:15:52 AM com.jme3.bullet.objects.PhysicsRigidBody rebuildRigidBody
INFORMATION: Created 13e63a99bc0.
Sept. 13, 2026 4:15:52 AM com.jme3.bullet.objects.PhysicsRigidBody rebuildRigidBody
INFORMATION: Created 13e63a99230.
Sept. 13, 2026 4:15:52 AM com.jme3.bullet.objects.PhysicsRigidBody rebuildRigidBody
INFORMATION: Created 13e63a9a550.
Sept. 13, 2026 4:15:52 AM com.jme3.bullet.objects.PhysicsRigidBody rebuildRigidBody
INFORMATION: Created 13e63a9bba0.
Sept. 13, 2026 4:15:52 AM com.jme3.bullet.objects.PhysicsRigidBody rebuildRigidBody
INFORMATION: Created 13e63a9b870.
Sept. 13, 2026 4:15:52 AM com.jme3.bullet.objects.PhysicsRigidBody rebuildRigidBody
INFORMATION: Created 13e63a9bed0.
Sept. 13, 2026 4:15:52 AM com.jme3.bullet.objects.PhysicsRigidBody rebuildRigidBody
INFORMATION: Created 13e63a9a880.
Sept. 13, 2026 4:15:52 AM com.jme3.bullet.objects.PhysicsRigidBody rebuildRigidBody
INFORMATION: Created 13e63a98f00.
Sept. 13, 2026 4:15:52 AM com.jme3.bullet.objects.PhysicsRigidBody rebuildRigidBody
INFORMATION: Created 13e63a9c530.
Sept. 13, 2026 4:15:52 AM com.jme3.bullet.objects.PhysicsRigidBody rebuildRigidBody
INFORMATION: Created 13e63a99890.
Sept. 13, 2026 4:15:52 AM com.jme3.bullet.objects.PhysicsRigidBody rebuildRigidBody
INFORMATION: Created 13e63a9abb0.
Sept. 13, 2026 4:15:52 AM com.jme3.bullet.objects.PhysicsRigidBody rebuildRigidBody
INFORMATION: Created 13e63a9aee0.
Sept. 13, 2026 4:15:52 AM com.jme3.bullet.objects.PhysicsRigidBody rebuildRigidBody
INFORMATION: Created 13e63a9b210.
Sept. 13, 2026 4:15:52 AM com.jme3.bullet.objects.PhysicsRigidBody rebuildRigidBody
INFORMATION: Created 13e63a9b540.
Sept. 13, 2026 4:15:52 AM com.jme3.bullet.objects.PhysicsRigidBody rebuildRigidBody
INFORMATION: Created 13e6a44bb50.
Sept. 13, 2026 4:15:52 AM com.jme3.bullet.objects.PhysicsRigidBody rebuildRigidBody
INFORMATION: Created 13e6a449ea0.
Sept. 13, 2026 4:15:52 AM com.jme3.bullet.objects.PhysicsRigidBody rebuildRigidBody
INFORMATION: Created 13e6a44ae90.
Sept. 13, 2026 4:15:52 AM com.jme3.bullet.objects.PhysicsRigidBody rebuildRigidBody
INFORMATION: Created 13e6a449840.
Sept. 13, 2026 4:15:52 AM com.jme3.bullet.objects.PhysicsRigidBody rebuildRigidBody
INFORMATION: Created 13e6a448b80.
Sept. 13, 2026 4:15:52 AM com.jme3.bullet.objects.PhysicsRigidBody rebuildRigidBody
INFORMATION: Created 13e6a44be80.
Sept. 13, 2026 4:15:52 AM com.jme3.bullet.objects.PhysicsRigidBody rebuildRigidBody
INFORMATION: Created 13e6a449510.
Sept. 13, 2026 4:15:52 AM com.jme3.bullet.objects.PhysicsRigidBody rebuildRigidBody
INFORMATION: Created 13e6a44a830.
Sept. 13, 2026 4:15:52 AM com.jme3.bullet.objects.PhysicsRigidBody rebuildRigidBody
INFORMATION: Created 13e6a448eb0.
Sept. 13, 2026 4:15:52 AM com.jme3.bullet.objects.PhysicsRigidBody rebuildRigidBody
INFORMATION: Created 13e6a4491e0.
Sept. 13, 2026 4:15:52 AM com.jme3.bullet.objects.PhysicsRigidBody rebuildRigidBody
INFORMATION: Created 13e6a4481f0.
Sept. 13, 2026 4:15:52 AM com.jme3.bullet.objects.PhysicsRigidBody rebuildRigidBody
INFORMATION: Created 13e6a44b1c0.
Sept. 13, 2026 4:15:52 AM com.jme3.bullet.objects.PhysicsRigidBody rebuildRigidBody
INFORMATION: Created 13e6a44a1d0.
Sept. 13, 2026 4:15:52 AM com.jme3.bullet.objects.PhysicsRigidBody rebuildRigidBody
INFORMATION: Created 13e6a44a500.
Sept. 13, 2026 4:15:52 AM com.jme3.bullet.objects.PhysicsRigidBody rebuildRigidBody
INFORMATION: Created 13e6a449b70.
Sept. 13, 2026 4:15:52 AM com.jme3.bullet.objects.PhysicsRigidBody rebuildRigidBody
INFORMATION: Created 13e6a44ab60.
Sept. 13, 2026 4:15:52 AM com.jme3.bullet.objects.PhysicsRigidBody rebuildRigidBody
INFORMATION: Created 13e6a44b4f0.
Sept. 13, 2026 4:15:52 AM com.jme3.bullet.objects.PhysicsRigidBody rebuildRigidBody
INFORMATION: Created 13e6a44b820.
Sept. 13, 2026 4:15:52 AM com.jme3.bullet.objects.PhysicsRigidBody rebuildRigidBody
INFORMATION: Created 13e6a44c1b0.
Sept. 13, 2026 4:15:52 AM com.jme3.bullet.objects.PhysicsRigidBody rebuildRigidBody
INFORMATION: Created 13e6a448520.
Sept. 13, 2026 4:15:52 AM com.jme3.bullet.objects.PhysicsRigidBody rebuildRigidBody
INFORMATION: Created 13e6a44c4e0.
Sept. 13, 2026 4:15:52 AM com.jme3.bullet.objects.PhysicsRigidBody rebuildRigidBody
INFORMATION: Created 13e6a448850.
Sept. 13, 2026 4:15:52 AM com.jme3.bullet.objects.PhysicsRigidBody rebuildRigidBody
INFORMATION: Created 13e6a44f4b0.
Sept. 13, 2026 4:15:52 AM com.jme3.bullet.objects.PhysicsRigidBody rebuildRigidBody
INFORMATION: Created 13e6a450170.
Sept. 13, 2026 4:15:52 AM com.jme3.bullet.objects.PhysicsRigidBody rebuildRigidBody
INFORMATION: Created 13e6a44e190.
Sept. 13, 2026 4:15:52 AM com.jme3.bullet.objects.PhysicsRigidBody rebuildRigidBody
INFORMATION: Created 13e6a44ce70.
Sept. 13, 2026 4:15:52 AM com.jme3.bullet.objects.PhysicsRigidBody rebuildRigidBody
INFORMATION: Created 13e6a44eb20.
Sept. 13, 2026 4:15:52 AM com.jme3.bullet.objects.PhysicsRigidBody rebuildRigidBody
INFORMATION: Created 13e6a44f180.
Sept. 13, 2026 4:15:52 AM com.jme3.bullet.objects.PhysicsRigidBody rebuildRigidBody
INFORMATION: Created 13e6a44f7e0.
Sept. 13, 2026 4:15:52 AM com.jme3.bullet.objects.PhysicsRigidBody rebuildRigidBody
INFORMATION: Created 13e6a44e4c0.
Sept. 13, 2026 4:15:52 AM com.jme3.bullet.objects.PhysicsRigidBody rebuildRigidBody
INFORMATION: Created 13e6a44cb40.
Sept. 13, 2026 4:15:52 AM com.jme3.bullet.objects.PhysicsRigidBody rebuildRigidBody
INFORMATION: Created 13e6a44ee50.
Sept. 13, 2026 4:15:52 AM com.jme3.bullet.objects.PhysicsRigidBody rebuildRigidBody
INFORMATION: Created 13e6a4504a0.
Sept. 13, 2026 4:15:52 AM com.jme3.bullet.objects.PhysicsRigidBody rebuildRigidBody
INFORMATION: Created 13e6a44e7f0.
Sept. 13, 2026 4:15:52 AM com.jme3.bullet.objects.PhysicsRigidBody rebuildRigidBody
INFORMATION: Created 13e6a44d800.
Sept. 13, 2026 4:15:52 AM com.jme3.bullet.objects.PhysicsRigidBody rebuildRigidBody
INFORMATION: Created 13e6a44fb10.
Sept. 13, 2026 4:15:52 AM com.jme3.bullet.objects.PhysicsRigidBody rebuildRigidBody
INFORMATION: Created 13e6a44fe40.
Sept. 13, 2026 4:15:52 AM com.jme3.bullet.objects.PhysicsRigidBody rebuildRigidBody
INFORMATION: Created 13e6a44c810.
Sept. 13, 2026 4:15:52 AM com.jme3.bullet.objects.PhysicsRigidBody rebuildRigidBody
INFORMATION: Created 13e6a4507d0.
Sept. 13, 2026 4:15:52 AM com.jme3.bullet.objects.PhysicsRigidBody rebuildRigidBody
INFORMATION: Created 13e6a450b00.
Sept. 13, 2026 4:15:52 AM com.jme3.bullet.objects.PhysicsRigidBody rebuildRigidBody
INFORMATION: Created 13e6a450e30.
Sept. 13, 2026 4:15:52 AM com.jme3.bullet.objects.PhysicsRigidBody rebuildRigidBody
INFORMATION: Created 13e6a44d1a0.
Sept. 13, 2026 4:15:52 AM com.jme3.bullet.objects.PhysicsRigidBody rebuildRigidBody
INFORMATION: Created 13e6a451160.
Sept. 13, 2026 4:15:52 AM com.jme3.bullet.objects.PhysicsRigidBody rebuildRigidBody
INFORMATION: Created 13e6a44d4d0.
Sept. 13, 2026 4:15:52 AM com.jme3.bullet.objects.PhysicsRigidBody rebuildRigidBody
INFORMATION: Created 13e6a451490.
Sept. 13, 2026 4:15:52 AM com.jme3.bullet.objects.PhysicsRigidBody rebuildRigidBody
INFORMATION: Created 13e6a4517c0.
Sept. 13, 2026 4:15:52 AM com.jme3.bullet.objects.PhysicsRigidBody rebuildRigidBody
INFORMATION: Created 13e6a44db30.
Sept. 13, 2026 4:15:52 AM com.jme3.bullet.objects.PhysicsRigidBody rebuildRigidBody
INFORMATION: Created 13e6a451af0.
Sept. 13, 2026 4:15:52 AM com.jme3.bullet.objects.PhysicsRigidBody rebuildRigidBody
INFORMATION: Created 13e6a44de60.
Sept. 13, 2026 4:15:52 AM com.jme3.bullet.objects.PhysicsRigidBody rebuildRigidBody
INFORMATION: Created 13e6a453470.
Sept. 13, 2026 4:15:52 AM com.jme3.bullet.objects.PhysicsRigidBody rebuildRigidBody
INFORMATION: Created 13e6a451e20.
Sept. 13, 2026 4:15:52 AM com.jme3.bullet.objects.PhysicsRigidBody rebuildRigidBody
INFORMATION: Created 13e6a453ad0.
Sept. 13, 2026 4:15:52 AM com.jme3.bullet.objects.PhysicsRigidBody rebuildRigidBody
INFORMATION: Created 13e6a453e00.
Sept. 13, 2026 4:15:52 AM com.jme3.bullet.objects.PhysicsRigidBody rebuildRigidBody
INFORMATION: Created 13e6a454130.
[GAME] Willkommen im Ödland. Folge dem Feuer zu Mira. [E]
Sept. 13, 2026 4:15:52 AM com.jme3.anim.SkinningControl controlRender
INFORMATION: Hardware skinning engaged for Scene (Node)
Sept. 13, 2026 4:15:52 AM com.jme3.anim.SkinningControl controlRender
INFORMATION: Hardware skinning engaged for Scene (Node)
Sept. 13, 2026 4:15:52 AM com.jme3.anim.SkinningControl controlRender
INFORMATION: Hardware skinning engaged for Scene (Node)
Sept. 13, 2026 4:15:52 AM com.jme3.anim.SkinningControl controlRender
INFORMATION: Hardware skinning engaged for Scene (Node)
[SMOKE] stage 2
[SMOKE] stage 3
[CHECK] WASD must move the physical character
[CHECK] Physics space belongs to the render thread
[SMOKE] stage 4
[SMOKE] stage 5
[SMOKE] stage 6
Sept. 13, 2026 4:16:05 AM com.jme3.bullet.objects.PhysicsRigidBody rebuildRigidBody
INFORMATION: Created 13e6a4527b0.
Sept. 13, 2026 4:16:05 AM com.jme3.bullet.objects.PhysicsRigidBody rebuildRigidBody
INFORMATION: Created 13e6a452e10.
Sept. 13, 2026 4:16:05 AM com.jme3.bullet.objects.PhysicsRigidBody rebuildRigidBody
INFORMATION: Created 13e6a453140.
Sept. 13, 2026 4:16:05 AM com.jme3.bullet.objects.PhysicsRigidBody rebuildRigidBody
INFORMATION: Created 13e6a455de0.
Sept. 13, 2026 4:16:05 AM com.jme3.bullet.objects.PhysicsRigidBody rebuildRigidBody
INFORMATION: Created 13e6a456770.
Sept. 13, 2026 4:16:05 AM com.jme3.bullet.objects.PhysicsRigidBody rebuildRigidBody
INFORMATION: Created 13e6a456440.
Sept. 13, 2026 4:16:05 AM com.jme3.bullet.objects.PhysicsRigidBody rebuildRigidBody
INFORMATION: Created 13e6a457100.
Sept. 13, 2026 4:16:05 AM com.jme3.bullet.objects.PhysicsRigidBody rebuildRigidBody
INFORMATION: Created 13e6a455450.
Sept. 13, 2026 4:16:05 AM com.jme3.bullet.objects.PhysicsRigidBody rebuildRigidBody
INFORMATION: Created 13e6a456aa0.
Sept. 13, 2026 4:16:05 AM com.jme3.bullet.objects.PhysicsRigidBody rebuildRigidBody
INFORMATION: Created 13e6a457430.
Sept. 13, 2026 4:16:05 AM com.jme3.bullet.objects.PhysicsRigidBody rebuildRigidBody
INFORMATION: Created 13e6a455780.
Sept. 13, 2026 4:16:05 AM com.jme3.bullet.objects.PhysicsRigidBody rebuildRigidBody
INFORMATION: Created 13e6a455ab0.
Sept. 13, 2026 4:16:05 AM com.jme3.bullet.objects.PhysicsRigidBody rebuildRigidBody
INFORMATION: Created 13e6a456dd0.
Sept. 13, 2026 4:16:05 AM com.jme3.bullet.objects.PhysicsRigidBody rebuildRigidBody
INFORMATION: Created 13e6a457dc0.
Sept. 13, 2026 4:16:05 AM com.jme3.bullet.objects.PhysicsRigidBody rebuildRigidBody
INFORMATION: Created 13e6a454df0.
Sept. 13, 2026 4:16:05 AM com.jme3.bullet.objects.PhysicsRigidBody rebuildRigidBody
INFORMATION: Created 13e6a457760.
Sept. 13, 2026 4:16:05 AM com.jme3.bullet.objects.PhysicsRigidBody rebuildRigidBody
INFORMATION: Created 13e6a456110.
Sept. 13, 2026 4:16:05 AM com.jme3.bullet.objects.PhysicsRigidBody rebuildRigidBody
INFORMATION: Created 13e6a457a90.
Sept. 13, 2026 4:16:05 AM com.jme3.bullet.objects.PhysicsRigidBody rebuildRigidBody
INFORMATION: Created 13e6a455120.
Sept. 13, 2026 4:16:05 AM com.jme3.bullet.objects.PhysicsRigidBody rebuildRigidBody
INFORMATION: Created 13e69e29b10.
Sept. 13, 2026 4:16:05 AM com.jme3.bullet.objects.PhysicsRigidBody rebuildRigidBody
INFORMATION: Created 13e69e29180.
Sept. 13, 2026 4:16:05 AM com.jme3.bullet.objects.PhysicsRigidBody rebuildRigidBody
INFORMATION: Created 13e69e2b7c0.
Sept. 13, 2026 4:16:05 AM com.jme3.bullet.objects.PhysicsRigidBody rebuildRigidBody
INFORMATION: Created 13e69e2b490.
Sept. 13, 2026 4:16:05 AM com.jme3.bullet.objects.PhysicsRigidBody rebuildRigidBody
INFORMATION: Created 13e69e29e40.
Sept. 13, 2026 4:16:05 AM com.jme3.bullet.objects.PhysicsRigidBody rebuildRigidBody
INFORMATION: Created 13e69e2a7d0.
Sept. 13, 2026 4:16:05 AM com.jme3.bullet.objects.PhysicsRigidBody rebuildRigidBody
INFORMATION: Created 13e69e2baf0.
Sept. 13, 2026 4:16:05 AM com.jme3.bullet.objects.PhysicsRigidBody rebuildRigidBody
INFORMATION: Created 13e69e2a170.
Sept. 13, 2026 4:16:05 AM com.jme3.bullet.objects.PhysicsRigidBody rebuildRigidBody
INFORMATION: Created 13e69e2ab00.
Sept. 13, 2026 4:16:05 AM com.jme3.bullet.objects.PhysicsRigidBody rebuildRigidBody
INFORMATION: Created 13e69e27e60.
Sept. 13, 2026 4:16:05 AM com.jme3.bullet.objects.PhysicsRigidBody rebuildRigidBody
INFORMATION: Created 13e69e2ae30.
Sept. 13, 2026 4:16:05 AM com.jme3.bullet.objects.PhysicsRigidBody rebuildRigidBody
INFORMATION: Created 13e69e294b0.
Sept. 13, 2026 4:16:05 AM com.jme3.bullet.objects.PhysicsRigidBody rebuildRigidBody
INFORMATION: Created 13e69e28b20.
Sept. 13, 2026 4:16:05 AM com.jme3.bullet.objects.PhysicsRigidBody rebuildRigidBody
INFORMATION: Created 13e69e2b160.
Sept. 13, 2026 4:16:05 AM com.jme3.bullet.objects.PhysicsRigidBody rebuildRigidBody
INFORMATION: Created 13e69e2be20.
Sept. 13, 2026 4:16:05 AM com.jme3.bullet.objects.PhysicsRigidBody rebuildRigidBody
INFORMATION: Created 13e69e2a4a0.
Sept. 13, 2026 4:16:05 AM com.jme3.bullet.objects.PhysicsRigidBody rebuildRigidBody
INFORMATION: Created 13e69e28190.
Sept. 13, 2026 4:16:05 AM com.jme3.bullet.objects.PhysicsRigidBody rebuildRigidBody
INFORMATION: Created 13e69e2c150.
Sept. 13, 2026 4:16:05 AM com.jme3.bullet.objects.PhysicsRigidBody rebuildRigidBody
INFORMATION: Created 13e69e28e50.
Sept. 13, 2026 4:16:05 AM com.jme3.bullet.objects.PhysicsRigidBody rebuildRigidBody
INFORMATION: Created 13e69e284c0.
Sept. 13, 2026 4:16:05 AM com.jme3.bullet.objects.PhysicsRigidBody rebuildRigidBody
INFORMATION: Created 13e69e2c480.
Sept. 13, 2026 4:16:05 AM com.jme3.bullet.objects.PhysicsRigidBody rebuildRigidBody
INFORMATION: Created 13e69e287f0.
Sept. 13, 2026 4:16:05 AM com.jme3.bullet.objects.PhysicsRigidBody rebuildRigidBody
INFORMATION: Created 13e69e2cae0.
Sept. 13, 2026 4:16:05 AM com.jme3.bullet.objects.PhysicsRigidBody rebuildRigidBody
INFORMATION: Created 13e69e2c7b0.
Sept. 13, 2026 4:16:05 AM com.jme3.bullet.objects.PhysicsRigidBody rebuildRigidBody
INFORMATION: Created 13e69e2ce10.
Sept. 13, 2026 4:16:05 AM com.jme3.bullet.objects.PhysicsRigidBody rebuildRigidBody
INFORMATION: Created 13e69e2d140.
Sept. 13, 2026 4:16:05 AM com.jme3.bullet.objects.PhysicsRigidBody rebuildRigidBody
INFORMATION: Created 13e69e2d470.
Sept. 13, 2026 4:16:05 AM com.jme3.bullet.objects.PhysicsRigidBody rebuildRigidBody
INFORMATION: Created 13e69e297e0.
Sept. 13, 2026 4:16:05 AM com.jme3.bullet.objects.PhysicsRigidBody rebuildRigidBody
INFORMATION: Created 13e69e2dad0.
Sept. 13, 2026 4:16:05 AM com.jme3.bullet.objects.PhysicsRigidBody rebuildRigidBody
INFORMATION: Created 13e69e31100.
Sept. 13, 2026 4:16:05 AM com.jme3.bullet.objects.PhysicsRigidBody rebuildRigidBody
INFORMATION: Created 13e69e30aa0.
Sept. 13, 2026 4:16:05 AM com.jme3.bullet.objects.PhysicsRigidBody rebuildRigidBody
INFORMATION: Created 13e69e2edf0.
Sept. 13, 2026 4:16:05 AM com.jme3.bullet.objects.PhysicsRigidBody rebuildRigidBody
INFORMATION: Created 13e69e2f120.
Sept. 13, 2026 4:16:05 AM com.jme3.bullet.objects.PhysicsRigidBody rebuildRigidBody
INFORMATION: Created 13e69e30440.
Sept. 13, 2026 4:16:05 AM com.jme3.bullet.objects.PhysicsRigidBody rebuildRigidBody
INFORMATION: Created 13e69e2f450.
Sept. 13, 2026 4:16:05 AM com.jme3.bullet.objects.PhysicsRigidBody rebuildRigidBody
INFORMATION: Created 13e69e2d7a0.
Sept. 13, 2026 4:16:05 AM com.jme3.bullet.objects.PhysicsRigidBody rebuildRigidBody
INFORMATION: Created 13e69e2de00.
Sept. 13, 2026 4:16:05 AM com.jme3.bullet.objects.PhysicsRigidBody rebuildRigidBody
INFORMATION: Created 13e69e2e130.
Sept. 13, 2026 4:16:05 AM com.jme3.bullet.objects.PhysicsRigidBody rebuildRigidBody
INFORMATION: Created 13e69e2fde0.
Sept. 13, 2026 4:16:05 AM com.jme3.bullet.objects.PhysicsRigidBody rebuildRigidBody
INFORMATION: Created 13e69e30770.
Sept. 13, 2026 4:16:05 AM com.jme3.bullet.objects.PhysicsRigidBody rebuildRigidBody
INFORMATION: Created 13e69e320f0.
Sept. 13, 2026 4:16:05 AM com.jme3.bullet.objects.PhysicsRigidBody rebuildRigidBody
INFORMATION: Created 13e69e2e460.
Sept. 13, 2026 4:16:05 AM com.jme3.bullet.objects.PhysicsRigidBody rebuildRigidBody
INFORMATION: Created 13e69e2f780.
Sept. 13, 2026 4:16:05 AM com.jme3.bullet.objects.PhysicsRigidBody rebuildRigidBody
INFORMATION: Created 13e69e32420.
Sept. 13, 2026 4:16:05 AM com.jme3.bullet.objects.PhysicsRigidBody rebuildRigidBody
INFORMATION: Created 13e69e30110.
Sept. 13, 2026 4:16:05 AM com.jme3.bullet.objects.PhysicsRigidBody rebuildRigidBody
INFORMATION: Created 13e69e2fab0.
Sept. 13, 2026 4:16:05 AM com.jme3.bullet.objects.PhysicsRigidBody rebuildRigidBody
INFORMATION: Created 13e69e30dd0.
Sept. 13, 2026 4:16:05 AM com.jme3.bullet.objects.PhysicsRigidBody rebuildRigidBody
INFORMATION: Created 13e69e31430.
Sept. 13, 2026 4:16:05 AM com.jme3.bullet.objects.PhysicsRigidBody rebuildRigidBody
INFORMATION: Created 13e69e31760.
Sept. 13, 2026 4:16:05 AM com.jme3.bullet.objects.PhysicsRigidBody rebuildRigidBody
INFORMATION: Created 13e69e31a90.
Sept. 13, 2026 4:16:05 AM com.jme3.bullet.objects.PhysicsRigidBody rebuildRigidBody
INFORMATION: Created 13e69e31dc0.
Sept. 13, 2026 4:16:05 AM com.jme3.bullet.objects.PhysicsRigidBody rebuildRigidBody
INFORMATION: Created 13e69e2e790.
Sept. 13, 2026 4:16:05 AM com.jme3.bullet.objects.PhysicsRigidBody rebuildRigidBody
INFORMATION: Created 13e69e32750.
Sept. 13, 2026 4:16:05 AM com.jme3.bullet.objects.PhysicsRigidBody rebuildRigidBody
INFORMATION: Created 13e69e2eac0.
Sept. 13, 2026 4:16:05 AM com.jme3.bullet.objects.PhysicsRigidBody rebuildRigidBody
INFORMATION: Created 13e69e32a80.
Sept. 13, 2026 4:16:05 AM com.jme3.bullet.objects.PhysicsRigidBody rebuildRigidBody
INFORMATION: Created 13e69e32db0.
Sept. 13, 2026 4:16:05 AM com.jme3.bullet.objects.PhysicsRigidBody rebuildRigidBody
INFORMATION: Created 13e69e330e0.
Sept. 13, 2026 4:16:05 AM com.jme3.bullet.objects.PhysicsRigidBody rebuildRigidBody
INFORMATION: Created 13e69e33410.
Sept. 13, 2026 4:16:05 AM com.jme3.bullet.objects.PhysicsRigidBody rebuildRigidBody
INFORMATION: Created 13e69e33740.
Sept. 13, 2026 4:16:05 AM com.jme3.bullet.objects.PhysicsRigidBody rebuildRigidBody
INFORMATION: Created 13e69e33a70.
Sept. 13, 2026 4:16:05 AM com.jme3.bullet.objects.PhysicsRigidBody rebuildRigidBody
INFORMATION: Created 13e69e33da0.
Sept. 13, 2026 4:16:05 AM com.jme3.bullet.objects.PhysicsRigidBody rebuildRigidBody
INFORMATION: Created 13e69e340d0.
Sept. 13, 2026 4:16:05 AM com.jme3.bullet.objects.PhysicsRigidBody rebuildRigidBody
INFORMATION: Created 13e69e34400.
Sept. 13, 2026 4:16:05 AM com.jme3.bullet.objects.PhysicsRigidBody rebuildRigidBody
INFORMATION: Created 13e69e34730.
Sept. 13, 2026 4:16:05 AM com.jme3.bullet.objects.PhysicsRigidBody rebuildRigidBody
INFORMATION: Created 13e69e34a60.
Sept. 13, 2026 4:16:05 AM com.jme3.bullet.objects.PhysicsRigidBody rebuildRigidBody
INFORMATION: Created 13e69e363e0.
Sept. 13, 2026 4:16:05 AM com.jme3.bullet.objects.PhysicsRigidBody rebuildRigidBody
INFORMATION: Created 13e69e36710.
Sept. 13, 2026 4:16:05 AM com.jme3.bullet.objects.PhysicsRigidBody rebuildRigidBody
INFORMATION: Created 13e69e34d90.
Sept. 13, 2026 4:16:05 AM com.jme3.bullet.objects.PhysicsRigidBody rebuildRigidBody
INFORMATION: Created 13e69e350c0.
Sept. 13, 2026 4:16:05 AM com.jme3.bullet.objects.PhysicsRigidBody rebuildRigidBody
INFORMATION: Created 13e69e360b0.
Sept. 13, 2026 4:16:05 AM com.jme3.bullet.objects.PhysicsRigidBody rebuildRigidBody
INFORMATION: Created 13e69e353f0.
Sept. 13, 2026 4:16:05 AM com.jme3.bullet.objects.PhysicsRigidBody rebuildRigidBody
INFORMATION: Created 13e69e35720.
Sept. 13, 2026 4:16:05 AM com.jme3.bullet.objects.PhysicsRigidBody rebuildRigidBody
INFORMATION: Created 13e69e370a0.
Sept. 13, 2026 4:16:05 AM com.jme3.bullet.objects.PhysicsRigidBody rebuildRigidBody
INFORMATION: Created 13e69e35a50.
Sept. 13, 2026 4:16:05 AM com.jme3.bullet.objects.PhysicsRigidBody rebuildRigidBody
INFORMATION: Created 13e69e35d80.
Sept. 13, 2026 4:16:05 AM com.jme3.bullet.objects.PhysicsRigidBody rebuildRigidBody
INFORMATION: Created 13e69e36a40.
Sept. 13, 2026 4:16:05 AM com.jme3.bullet.objects.PhysicsRigidBody rebuildRigidBody
INFORMATION: Created 13e69e36d70.
Sept. 13, 2026 4:16:05 AM com.jme3.bullet.objects.PhysicsRigidBody rebuildRigidBody
INFORMATION: Created 13e69e373d0.
Sept. 13, 2026 4:16:05 AM com.jme3.bullet.objects.PhysicsRigidBody rebuildRigidBody
INFORMATION: Created 13e69e37700.
Sept. 13, 2026 4:16:05 AM com.jme3.bullet.objects.PhysicsRigidBody rebuildRigidBody
INFORMATION: Created 13e69e37a30.
Sept. 13, 2026 4:16:05 AM com.jme3.bullet.objects.PhysicsRigidBody rebuildRigidBody
INFORMATION: Created 13e63cb1b90.
Sept. 13, 2026 4:16:05 AM com.jme3.bullet.objects.PhysicsRigidBody rebuildRigidBody
INFORMATION: Created 13e63cb2520.
Sept. 13, 2026 4:16:05 AM com.jme3.bullet.objects.PhysicsRigidBody rebuildRigidBody
INFORMATION: Created 13e63cb41d0.
Sept. 13, 2026 4:16:05 AM com.jme3.bullet.objects.PhysicsRigidBody rebuildRigidBody
INFORMATION: Created 13e63cb4830.
Sept. 13, 2026 4:16:05 AM com.jme3.bullet.objects.PhysicsRigidBody rebuildRigidBody
INFORMATION: Created 13e63cb3510.
Sept. 13, 2026 4:16:05 AM com.jme3.bullet.objects.PhysicsRigidBody rebuildRigidBody
INFORMATION: Created 13e63cb31e0.
Sept. 13, 2026 4:16:05 AM com.jme3.bullet.objects.PhysicsRigidBody rebuildRigidBody
INFORMATION: Created 13e63cb21f0.
Sept. 13, 2026 4:16:05 AM com.jme3.bullet.objects.PhysicsRigidBody rebuildRigidBody
INFORMATION: Created 13e63cb3ea0.
Sept. 13, 2026 4:16:05 AM com.jme3.bullet.objects.PhysicsRigidBody rebuildRigidBody
INFORMATION: Created 13e63cb3840.
Sept. 13, 2026 4:16:05 AM com.jme3.bullet.objects.PhysicsRigidBody rebuildRigidBody
INFORMATION: Created 13e63cb4b60.
Sept. 13, 2026 4:16:05 AM com.jme3.bullet.objects.PhysicsRigidBody rebuildRigidBody
INFORMATION: Created 13e63cb3b70.
Sept. 13, 2026 4:16:05 AM com.jme3.bullet.objects.PhysicsRigidBody rebuildRigidBody
INFORMATION: Created 13e63cb0ed0.
Sept. 13, 2026 4:16:05 AM com.jme3.bullet.objects.PhysicsRigidBody rebuildRigidBody
INFORMATION: Created 13e63cb4e90.
Sept. 13, 2026 4:16:05 AM com.jme3.bullet.objects.PhysicsRigidBody rebuildRigidBody
INFORMATION: Created 13e63cb1200.
Sept. 13, 2026 4:16:05 AM com.jme3.bullet.objects.PhysicsRigidBody rebuildRigidBody
INFORMATION: Created 13e63cb1ec0.
Sept. 13, 2026 4:16:05 AM com.jme3.bullet.objects.PhysicsRigidBody rebuildRigidBody
INFORMATION: Created 13e63cb2eb0.
Sept. 13, 2026 4:16:05 AM com.jme3.bullet.objects.PhysicsRigidBody rebuildRigidBody
INFORMATION: Created 13e63cb4500.
Sept. 13, 2026 4:16:05 AM com.jme3.bullet.objects.PhysicsRigidBody rebuildRigidBody
INFORMATION: Created 13e63cb51c0.
Sept. 13, 2026 4:16:05 AM com.jme3.bullet.objects.PhysicsRigidBody rebuildRigidBody
INFORMATION: Created 13e63cb1530.
Sept. 13, 2026 4:16:05 AM com.jme3.bullet.objects.PhysicsRigidBody rebuildRigidBody
INFORMATION: Created 13e63cb54f0.
Sept. 13, 2026 4:16:05 AM com.jme3.bullet.objects.PhysicsRigidBody rebuildRigidBody
INFORMATION: Created 13e63cb2b80.
Sept. 13, 2026 4:16:05 AM com.jme3.bullet.objects.PhysicsRigidBody rebuildRigidBody
INFORMATION: Created 13e63cb1860.
Sept. 13, 2026 4:16:05 AM com.jme3.bullet.objects.PhysicsRigidBody rebuildRigidBody
INFORMATION: Created 13e63cb5820.
Sept. 13, 2026 4:16:05 AM com.jme3.bullet.objects.PhysicsRigidBody rebuildRigidBody
INFORMATION: Created 13e63cb5b50.
Sept. 13, 2026 4:16:05 AM com.jme3.bullet.objects.PhysicsRigidBody rebuildRigidBody
INFORMATION: Created 13e63cb64e0.
Sept. 13, 2026 4:16:05 AM com.jme3.bullet.objects.PhysicsRigidBody rebuildRigidBody
INFORMATION: Created 13e63cb5e80.
Sept. 13, 2026 4:16:05 AM com.jme3.bullet.objects.PhysicsRigidBody rebuildRigidBody
INFORMATION: Created 13e63cb61b0.
Sept. 13, 2026 4:16:05 AM com.jme3.bullet.objects.PhysicsRigidBody rebuildRigidBody
INFORMATION: Created 13e63cb2850.
Sept. 13, 2026 4:16:05 AM com.jme3.bullet.objects.PhysicsRigidBody rebuildRigidBody
INFORMATION: Created 13e63cb9b10.
Sept. 13, 2026 4:16:05 AM com.jme3.bullet.objects.PhysicsRigidBody rebuildRigidBody
INFORMATION: Created 13e63cb7e60.
Sept. 13, 2026 4:16:05 AM com.jme3.bullet.objects.PhysicsRigidBody rebuildRigidBody
INFORMATION: Created 13e63cb8190.
Sept. 13, 2026 4:16:05 AM com.jme3.bullet.objects.PhysicsRigidBody rebuildRigidBody
INFORMATION: Created 13e63cb6810.
Sept. 13, 2026 4:16:05 AM com.jme3.bullet.objects.PhysicsRigidBody rebuildRigidBody
INFORMATION: Created 13e63cb9e40.
Sept. 13, 2026 4:16:05 AM com.jme3.bullet.objects.PhysicsRigidBody rebuildRigidBody
INFORMATION: Created 13e63cb6e70.
Sept. 13, 2026 4:16:05 AM com.jme3.bullet.objects.PhysicsRigidBody rebuildRigidBody
INFORMATION: Created 13e63cb7800.
Sept. 13, 2026 4:16:05 AM com.jme3.bullet.objects.PhysicsRigidBody rebuildRigidBody
INFORMATION: Created 13e63cb8e50.
Sept. 13, 2026 4:16:05 AM com.jme3.bullet.objects.PhysicsRigidBody rebuildRigidBody
INFORMATION: Created 13e63cba7d0.
Sept. 13, 2026 4:16:05 AM com.jme3.bullet.objects.PhysicsRigidBody rebuildRigidBody
INFORMATION: Created 13e63cb84c0.
Sept. 13, 2026 4:16:05 AM com.jme3.bullet.objects.PhysicsRigidBody rebuildRigidBody
INFORMATION: Created 13e63cb71a0.
Sept. 13, 2026 4:16:05 AM com.jme3.bullet.objects.PhysicsRigidBody rebuildRigidBody
INFORMATION: Created 13e63cb7b30.
Sept. 13, 2026 4:16:05 AM com.jme3.bullet.objects.PhysicsRigidBody rebuildRigidBody
INFORMATION: Created 13e63cba170.
Sept. 13, 2026 4:16:05 AM com.jme3.bullet.objects.PhysicsRigidBody rebuildRigidBody
INFORMATION: Created 13e63cb74d0.
Sept. 13, 2026 4:16:05 AM com.jme3.anim.SkinningControl controlRender
INFORMATION: Hardware skinning engaged for Scene (Node)
Sept. 13, 2026 4:16:05 AM com.jme3.anim.SkinningControl controlRender
INFORMATION: Hardware skinning engaged for Scene (Node)
Sept. 13, 2026 4:16:05 AM com.jme3.anim.SkinningControl controlRender
INFORMATION: Hardware skinning engaged for Scene (Node)
Sept. 13, 2026 4:16:05 AM com.jme3.anim.SkinningControl controlRender
INFORMATION: Hardware skinning engaged for Scene (Node)
Sept. 13, 2026 4:16:05 AM com.jme3.anim.SkinningControl controlRender
INFORMATION: Hardware skinning engaged for Scene (Node)
Sept. 13, 2026 4:16:05 AM com.jme3.anim.SkinningControl controlRender
INFORMATION: Hardware skinning engaged for Scene (Node)
Sept. 13, 2026 4:16:05 AM com.jme3.anim.SkinningControl controlRender
INFORMATION: Hardware skinning engaged for Scene (Node)
[SMOKE] stage 7
Sept. 13, 2026 4:16:07 AM com.jme3.bullet.objects.PhysicsRigidBody rebuildRigidBody
INFORMATION: Created 13e63cb87f0.
Sept. 13, 2026 4:16:07 AM com.jme3.bullet.objects.PhysicsRigidBody rebuildRigidBody
INFORMATION: Created 13e63cb8b20.
Sept. 13, 2026 4:16:07 AM com.jme3.bullet.objects.PhysicsRigidBody rebuildRigidBody
INFORMATION: Created 13e63cba4a0.
Sept. 13, 2026 4:16:07 AM com.jme3.bullet.objects.PhysicsRigidBody rebuildRigidBody
INFORMATION: Created 13e63cb9180.
Sept. 13, 2026 4:16:07 AM com.jme3.bullet.objects.PhysicsRigidBody rebuildRigidBody
INFORMATION: Created 13e63cb94b0.
Sept. 13, 2026 4:16:07 AM com.jme3.bullet.objects.PhysicsRigidBody rebuildRigidBody
INFORMATION: Created 13e63cb97e0.
Sept. 13, 2026 4:16:07 AM com.jme3.bullet.objects.PhysicsRigidBody rebuildRigidBody
INFORMATION: Created 13e63cb6b40.
Sept. 13, 2026 4:16:07 AM com.jme3.bullet.objects.PhysicsRigidBody rebuildRigidBody
INFORMATION: Created 13e63cbab00.
Sept. 13, 2026 4:16:07 AM com.jme3.bullet.objects.PhysicsRigidBody rebuildRigidBody
INFORMATION: Created 13e63cbae30.
Sept. 13, 2026 4:16:07 AM com.jme3.bullet.objects.PhysicsRigidBody rebuildRigidBody
INFORMATION: Created 13e63cbd7a0.
Sept. 13, 2026 4:16:07 AM com.jme3.bullet.objects.PhysicsRigidBody rebuildRigidBody
INFORMATION: Created 13e63cbb160.
Sept. 13, 2026 4:16:07 AM com.jme3.bullet.objects.PhysicsRigidBody rebuildRigidBody
INFORMATION: Created 13e63cbcae0.
Sept. 13, 2026 4:16:07 AM com.jme3.bullet.objects.PhysicsRigidBody rebuildRigidBody
INFORMATION: Created 13e63cbb490.
Sept. 13, 2026 4:16:07 AM com.jme3.bullet.objects.PhysicsRigidBody rebuildRigidBody
INFORMATION: Created 13e63cbbaf0.
Sept. 13, 2026 4:16:07 AM com.jme3.bullet.objects.PhysicsRigidBody rebuildRigidBody
INFORMATION: Created 13e63cbd470.
Sept. 13, 2026 4:16:07 AM com.jme3.bullet.objects.PhysicsRigidBody rebuildRigidBody
INFORMATION: Created 13e63cbbe20.
Sept. 13, 2026 4:16:07 AM com.jme3.bullet.objects.PhysicsRigidBody rebuildRigidBody
INFORMATION: Created 13e63cbb7c0.
Sept. 13, 2026 4:16:07 AM com.jme3.bullet.objects.PhysicsRigidBody rebuildRigidBody
INFORMATION: Created 13e63cbc150.
Sept. 13, 2026 4:16:07 AM com.jme3.bullet.objects.PhysicsRigidBody rebuildRigidBody
INFORMATION: Created 13e63cbc480.
Sept. 13, 2026 4:16:07 AM com.jme3.bullet.objects.PhysicsRigidBody rebuildRigidBody
INFORMATION: Created 13e63cbc7b0.
Sept. 13, 2026 4:16:07 AM com.jme3.bullet.objects.PhysicsRigidBody rebuildRigidBody
INFORMATION: Created 13e63cbce10.
Sept. 13, 2026 4:16:07 AM com.jme3.bullet.objects.PhysicsRigidBody rebuildRigidBody
INFORMATION: Created 13e63cbd140.
Sept. 13, 2026 4:16:07 AM com.jme3.bullet.objects.PhysicsRigidBody rebuildRigidBody
INFORMATION: Created 13e63cbe790.
Sept. 13, 2026 4:16:07 AM com.jme3.bullet.objects.PhysicsRigidBody rebuildRigidBody
INFORMATION: Created 13e63cbeac0.
Sept. 13, 2026 4:16:07 AM com.jme3.bullet.objects.PhysicsRigidBody rebuildRigidBody
INFORMATION: Created 13e63cbe130.
Sept. 13, 2026 4:16:07 AM com.jme3.bullet.objects.PhysicsRigidBody rebuildRigidBody
INFORMATION: Created 13e63cbfde0.
Sept. 13, 2026 4:16:07 AM com.jme3.bullet.objects.PhysicsRigidBody rebuildRigidBody
INFORMATION: Created 13e63cbedf0.
Sept. 13, 2026 4:16:07 AM com.jme3.bullet.objects.PhysicsRigidBody rebuildRigidBody
INFORMATION: Created 13e63cbf120.
Sept. 13, 2026 4:16:07 AM com.jme3.bullet.objects.PhysicsRigidBody rebuildRigidBody
INFORMATION: Created 13e63cbe460.
Sept. 13, 2026 4:16:07 AM com.jme3.bullet.objects.PhysicsRigidBody rebuildRigidBody
INFORMATION: Created 13e63cc0440.
Sept. 13, 2026 4:16:07 AM com.jme3.bullet.objects.PhysicsRigidBody rebuildRigidBody
INFORMATION: Created 13e63cbf450.
Sept. 13, 2026 4:16:07 AM com.jme3.bullet.objects.PhysicsRigidBody rebuildRigidBody
INFORMATION: Created 13e63cbdad0.
Sept. 13, 2026 4:16:07 AM com.jme3.bullet.objects.PhysicsRigidBody rebuildRigidBody
INFORMATION: Created 13e63cbf780.
Sept. 13, 2026 4:16:07 AM com.jme3.bullet.objects.PhysicsRigidBody rebuildRigidBody
INFORMATION: Created 13e63cbfab0.
Sept. 13, 2026 4:16:07 AM com.jme3.bullet.objects.PhysicsRigidBody rebuildRigidBody
INFORMATION: Created 13e63cc0110.
Sept. 13, 2026 4:16:07 AM com.jme3.bullet.objects.PhysicsRigidBody rebuildRigidBody
INFORMATION: Created 13e63cc0aa0.
Sept. 13, 2026 4:16:07 AM com.jme3.bullet.objects.PhysicsRigidBody rebuildRigidBody
INFORMATION: Created 13e63cc0770.
Sept. 13, 2026 4:16:07 AM com.jme3.bullet.objects.PhysicsRigidBody rebuildRigidBody
INFORMATION: Created 13e63cbde00.
Sept. 13, 2026 4:16:07 AM com.jme3.bullet.objects.PhysicsRigidBody rebuildRigidBody
INFORMATION: Created 13e820a18c0.
Sept. 13, 2026 4:16:07 AM com.jme3.bullet.objects.PhysicsRigidBody rebuildRigidBody
INFORMATION: Created 13e820a2250.
Sept. 13, 2026 4:16:07 AM com.jme3.bullet.objects.PhysicsRigidBody rebuildRigidBody
INFORMATION: Created 13e820a0270.
Sept. 13, 2026 4:16:07 AM com.jme3.bullet.objects.PhysicsRigidBody rebuildRigidBody
INFORMATION: Created 13e820a2580.
Sept. 13, 2026 4:16:07 AM com.jme3.bullet.objects.PhysicsRigidBody rebuildRigidBody
INFORMATION: Created 13e820a08d0.
Sept. 13, 2026 4:16:07 AM com.jme3.bullet.objects.PhysicsRigidBody rebuildRigidBody
INFORMATION: Created 13e820a1bf0.
Sept. 13, 2026 4:16:07 AM com.jme3.bullet.objects.PhysicsRigidBody rebuildRigidBody
INFORMATION: Created 13e8209ef50.
Sept. 13, 2026 4:16:07 AM com.jme3.bullet.objects.PhysicsRigidBody rebuildRigidBody
INFORMATION: Created 13e820a1f20.
Sept. 13, 2026 4:16:07 AM com.jme3.bullet.objects.PhysicsRigidBody rebuildRigidBody
INFORMATION: Created 13e820a28b0.
Sept. 13, 2026 4:16:07 AM com.jme3.bullet.objects.PhysicsRigidBody rebuildRigidBody
INFORMATION: Created 13e8209f280.
Sept. 13, 2026 4:16:07 AM com.jme3.bullet.objects.PhysicsRigidBody rebuildRigidBody
INFORMATION: Created 13e8209ec20.
Sept. 13, 2026 4:16:07 AM com.jme3.bullet.objects.PhysicsRigidBody rebuildRigidBody
INFORMATION: Created 13e820a2be0.
Sept. 13, 2026 4:16:07 AM com.jme3.bullet.objects.PhysicsRigidBody rebuildRigidBody
INFORMATION: Created 13e820a1260.
Sept. 13, 2026 4:16:07 AM com.jme3.bullet.objects.PhysicsRigidBody rebuildRigidBody
INFORMATION: Created 13e820a0c00.
Sept. 13, 2026 4:16:07 AM com.jme3.bullet.objects.PhysicsRigidBody rebuildRigidBody
INFORMATION: Created 13e820a2f10.
Sept. 13, 2026 4:16:07 AM com.jme3.bullet.objects.PhysicsRigidBody rebuildRigidBody
INFORMATION: Created 13e8209f5b0.
Sept. 13, 2026 4:16:07 AM com.jme3.bullet.objects.PhysicsRigidBody rebuildRigidBody
INFORMATION: Created 13e820a3240.
Sept. 13, 2026 4:16:07 AM com.jme3.bullet.objects.PhysicsRigidBody rebuildRigidBody
INFORMATION: Created 13e820a05a0.
Sept. 13, 2026 4:16:07 AM com.jme3.bullet.objects.PhysicsRigidBody rebuildRigidBody
INFORMATION: Created 13e820a0f30.
Sept. 13, 2026 4:16:07 AM com.jme3.bullet.objects.PhysicsRigidBody rebuildRigidBody
INFORMATION: Created 13e820a1590.
Sept. 13, 2026 4:16:07 AM com.jme3.bullet.objects.PhysicsRigidBody rebuildRigidBody
INFORMATION: Created 13e820a3570.
Sept. 13, 2026 4:16:07 AM com.jme3.bullet.objects.PhysicsRigidBody rebuildRigidBody
INFORMATION: Created 13e8209f8e0.
Sept. 13, 2026 4:16:07 AM com.jme3.bullet.objects.PhysicsRigidBody rebuildRigidBody
INFORMATION: Created 13e820a38a0.
Sept. 13, 2026 4:16:07 AM com.jme3.bullet.objects.PhysicsRigidBody rebuildRigidBody
INFORMATION: Created 13e8209fc10.
Sept. 13, 2026 4:16:07 AM com.jme3.bullet.objects.PhysicsRigidBody rebuildRigidBody
INFORMATION: Created 13e820a3bd0.
Sept. 13, 2026 4:16:07 AM com.jme3.bullet.objects.PhysicsRigidBody rebuildRigidBody
INFORMATION: Created 13e8209ff40.
Sept. 13, 2026 4:16:07 AM com.jme3.bullet.objects.PhysicsRigidBody rebuildRigidBody
INFORMATION: Created 13e820a3f00.
Sept. 13, 2026 4:16:07 AM com.jme3.bullet.objects.PhysicsRigidBody rebuildRigidBody
INFORMATION: Created 13e820a4890.
Sept. 13, 2026 4:16:07 AM com.jme3.bullet.objects.PhysicsRigidBody rebuildRigidBody
INFORMATION: Created 13e820a5ee0.
Sept. 13, 2026 4:16:07 AM com.jme3.bullet.objects.PhysicsRigidBody rebuildRigidBody
INFORMATION: Created 13e820a4560.
Sept. 13, 2026 4:16:07 AM com.jme3.bullet.objects.PhysicsRigidBody rebuildRigidBody
INFORMATION: Created 13e820a5bb0.
Sept. 13, 2026 4:16:07 AM com.jme3.bullet.objects.PhysicsRigidBody rebuildRigidBody
INFORMATION: Created 13e820a4ef0.
Sept. 13, 2026 4:16:07 AM com.jme3.bullet.objects.PhysicsRigidBody rebuildRigidBody
INFORMATION: Created 13e820a6870.
Sept. 13, 2026 4:16:07 AM com.jme3.bullet.objects.PhysicsRigidBody rebuildRigidBody
INFORMATION: Created 13e820a4bc0.
Sept. 13, 2026 4:16:07 AM com.jme3.bullet.objects.PhysicsRigidBody rebuildRigidBody
INFORMATION: Created 13e820a5550.
Sept. 13, 2026 4:16:07 AM com.jme3.bullet.objects.PhysicsRigidBody rebuildRigidBody
INFORMATION: Created 13e820a5220.
Sept. 13, 2026 4:16:07 AM com.jme3.bullet.objects.PhysicsRigidBody rebuildRigidBody
INFORMATION: Created 13e820a4230.
Sept. 13, 2026 4:16:07 AM com.jme3.bullet.objects.PhysicsRigidBody rebuildRigidBody
INFORMATION: Created 13e820a6210.
Sept. 13, 2026 4:16:07 AM com.jme3.bullet.objects.PhysicsRigidBody rebuildRigidBody
INFORMATION: Created 13e820a5880.
Sept. 13, 2026 4:16:07 AM com.jme3.bullet.objects.PhysicsRigidBody rebuildRigidBody
INFORMATION: Created 13e820a6540.
Sept. 13, 2026 4:16:07 AM com.jme3.bullet.objects.PhysicsRigidBody rebuildRigidBody
INFORMATION: Created 13e964f2dc0.
Sept. 13, 2026 4:16:07 AM com.jme3.bullet.objects.PhysicsRigidBody rebuildRigidBody
INFORMATION: Created 13e964f3a80.
Sept. 13, 2026 4:16:07 AM com.jme3.bullet.objects.PhysicsRigidBody rebuildRigidBody
INFORMATION: Created 13e964f3db0.
Sept. 13, 2026 4:16:07 AM com.jme3.bullet.objects.PhysicsRigidBody rebuildRigidBody
INFORMATION: Created 13e964f0450.
Sept. 13, 2026 4:16:07 AM com.jme3.bullet.objects.PhysicsRigidBody rebuildRigidBody
INFORMATION: Created 13e964f1aa0.
Sept. 13, 2026 4:16:07 AM com.jme3.bullet.objects.PhysicsRigidBody rebuildRigidBody
INFORMATION: Created 13e964f0780.
Sept. 13, 2026 4:16:07 AM com.jme3.bullet.objects.PhysicsRigidBody rebuildRigidBody
INFORMATION: Created 13e964f2100.
Sept. 13, 2026 4:16:07 AM com.jme3.bullet.objects.PhysicsRigidBody rebuildRigidBody
INFORMATION: Created 13e964f3420.
Sept. 13, 2026 4:16:07 AM com.jme3.bullet.objects.PhysicsRigidBody rebuildRigidBody
INFORMATION: Created 13e964f3750.
Sept. 13, 2026 4:16:07 AM com.jme3.bullet.objects.PhysicsRigidBody rebuildRigidBody
INFORMATION: Created 13e964f0120.
Sept. 13, 2026 4:16:07 AM com.jme3.bullet.objects.PhysicsRigidBody rebuildRigidBody
INFORMATION: Created 13e964f40e0.
Sept. 13, 2026 4:16:07 AM com.jme3.bullet.objects.PhysicsRigidBody rebuildRigidBody
INFORMATION: Created 13e964f4740.
Sept. 13, 2026 4:16:07 AM com.jme3.bullet.objects.PhysicsRigidBody rebuildRigidBody
INFORMATION: Created 13e964f1dd0.
Sept. 13, 2026 4:16:07 AM com.jme3.bullet.objects.PhysicsRigidBody rebuildRigidBody
INFORMATION: Created 13e964f1110.
Sept. 13, 2026 4:16:07 AM com.jme3.bullet.objects.PhysicsRigidBody rebuildRigidBody
INFORMATION: Created 13e964f2760.
Sept. 13, 2026 4:16:07 AM com.jme3.bullet.objects.PhysicsRigidBody rebuildRigidBody
INFORMATION: Created 13e964f2430.
Sept. 13, 2026 4:16:07 AM com.jme3.bullet.objects.PhysicsRigidBody rebuildRigidBody
INFORMATION: Created 13e964f1440.
Sept. 13, 2026 4:16:07 AM com.jme3.bullet.objects.PhysicsRigidBody rebuildRigidBody
INFORMATION: Created 13e964f0de0.
Sept. 13, 2026 4:16:07 AM com.jme3.bullet.objects.PhysicsRigidBody rebuildRigidBody
INFORMATION: Created 13e964f4410.
Sept. 13, 2026 4:16:07 AM com.jme3.bullet.objects.PhysicsRigidBody rebuildRigidBody
INFORMATION: Created 13e63cb1b90.
Sept. 13, 2026 4:16:07 AM com.jme3.bullet.objects.PhysicsRigidBody rebuildRigidBody
INFORMATION: Created 13e63cb0ed0.
Sept. 13, 2026 4:16:07 AM com.jme3.bullet.objects.PhysicsRigidBody rebuildRigidBody
INFORMATION: Created 13e63cb31e0.
Sept. 13, 2026 4:16:07 AM com.jme3.bullet.objects.PhysicsRigidBody rebuildRigidBody
INFORMATION: Created 13e63cb1200.
Sept. 13, 2026 4:16:07 AM com.jme3.bullet.objects.PhysicsRigidBody rebuildRigidBody
INFORMATION: Created 13e63cb3510.
Sept. 13, 2026 4:16:07 AM com.jme3.bullet.objects.PhysicsRigidBody rebuildRigidBody
INFORMATION: Created 13e63cb4e90.
Sept. 13, 2026 4:16:07 AM com.jme3.bullet.objects.PhysicsRigidBody rebuildRigidBody
INFORMATION: Created 13e63cb2520.
Sept. 13, 2026 4:16:07 AM com.jme3.bullet.objects.PhysicsRigidBody rebuildRigidBody
INFORMATION: Created 13e63cb1530.
Sept. 13, 2026 4:16:07 AM com.jme3.bullet.objects.PhysicsRigidBody rebuildRigidBody
INFORMATION: Created 13e63cb4830.
Sept. 13, 2026 4:16:07 AM com.jme3.bullet.objects.PhysicsRigidBody rebuildRigidBody
INFORMATION: Created 13e63cb2850.
Sept. 13, 2026 4:16:07 AM com.jme3.bullet.objects.PhysicsRigidBody rebuildRigidBody
INFORMATION: Created 13e63cb51c0.
Sept. 13, 2026 4:16:07 AM com.jme3.bullet.objects.PhysicsRigidBody rebuildRigidBody
INFORMATION: Created 13e63cb21f0.
Sept. 13, 2026 4:16:07 AM com.jme3.bullet.objects.PhysicsRigidBody rebuildRigidBody
INFORMATION: Created 13e63cb2b80.
Sept. 13, 2026 4:16:07 AM com.jme3.bullet.objects.PhysicsRigidBody rebuildRigidBody
INFORMATION: Created 13e63cb2eb0.
Sept. 13, 2026 4:16:07 AM com.jme3.bullet.objects.PhysicsRigidBody rebuildRigidBody
INFORMATION: Created 13e63cb41d0.
Sept. 13, 2026 4:16:07 AM com.jme3.bullet.objects.PhysicsRigidBody rebuildRigidBody
INFORMATION: Created 13e63cb4500.
Sept. 13, 2026 4:16:07 AM com.jme3.bullet.objects.PhysicsRigidBody rebuildRigidBody
INFORMATION: Created 13e63cb3b70.
Sept. 13, 2026 4:16:07 AM com.jme3.bullet.objects.PhysicsRigidBody rebuildRigidBody
INFORMATION: Created 13e63cb3840.
Sept. 13, 2026 4:16:07 AM com.jme3.bullet.objects.PhysicsRigidBody rebuildRigidBody
INFORMATION: Created 13e63cb1860.
Sept. 13, 2026 4:16:07 AM com.jme3.bullet.objects.PhysicsRigidBody rebuildRigidBody
INFORMATION: Created 13e63cb4b60.
Sept. 13, 2026 4:16:07 AM com.jme3.bullet.objects.PhysicsRigidBody rebuildRigidBody
INFORMATION: Created 13e63cb3ea0.
Sept. 13, 2026 4:16:07 AM com.jme3.bullet.objects.PhysicsRigidBody rebuildRigidBody
INFORMATION: Created 13e63cb54f0.
Sept. 13, 2026 4:16:07 AM com.jme3.bullet.objects.PhysicsRigidBody rebuildRigidBody
INFORMATION: Created 13e63cb5820.
Sept. 13, 2026 4:16:07 AM com.jme3.bullet.objects.PhysicsRigidBody rebuildRigidBody
INFORMATION: Created 13e63cb5b50.
Sept. 13, 2026 4:16:07 AM com.jme3.bullet.objects.PhysicsRigidBody rebuildRigidBody
INFORMATION: Created 13e63cb1ec0.
Sept. 13, 2026 4:16:07 AM com.jme3.bullet.objects.PhysicsRigidBody rebuildRigidBody
INFORMATION: Created 13e63cb9b10.
Sept. 13, 2026 4:16:07 AM com.jme3.bullet.objects.PhysicsRigidBody rebuildRigidBody
INFORMATION: Created 13e63cb6810.
Sept. 13, 2026 4:16:07 AM com.jme3.bullet.objects.PhysicsRigidBody rebuildRigidBody
INFORMATION: Created 13e63cb5e80.
Sept. 13, 2026 4:16:07 AM com.jme3.bullet.objects.PhysicsRigidBody rebuildRigidBody
INFORMATION: Created 13e63cb64e0.
Sept. 13, 2026 4:16:07 AM com.jme3.bullet.objects.PhysicsRigidBody rebuildRigidBody
INFORMATION: Created 13e63cb61b0.
Sept. 13, 2026 4:16:07 AM com.jme3.bullet.objects.PhysicsRigidBody rebuildRigidBody
INFORMATION: Created 13e63cb9e40.
Sept. 13, 2026 4:16:07 AM com.jme3.bullet.objects.PhysicsRigidBody rebuildRigidBody
INFORMATION: Created 13e63cb7e60.
Sept. 13, 2026 4:16:07 AM com.jme3.bullet.objects.PhysicsRigidBody rebuildRigidBody
INFORMATION: Created 13e63cb8190.
Sept. 13, 2026 4:16:07 AM com.jme3.bullet.objects.PhysicsRigidBody rebuildRigidBody
INFORMATION: Created 13e964f30f0.
Sept. 13, 2026 4:16:07 AM com.jme3.bullet.objects.PhysicsRigidBody rebuildRigidBody
INFORMATION: Created 13e964f1770.
Sept. 13, 2026 4:16:07 AM com.jme3.bullet.objects.PhysicsRigidBody rebuildRigidBody
INFORMATION: Created 13e964f0ab0.
Sept. 13, 2026 4:16:07 AM com.jme3.bullet.objects.PhysicsRigidBody rebuildRigidBody
INFORMATION: Created 13e964f4a70.
Sept. 13, 2026 4:16:07 AM com.jme3.bullet.objects.PhysicsRigidBody rebuildRigidBody
INFORMATION: Created 13e964f4da0.
Sept. 13, 2026 4:16:07 AM com.jme3.bullet.objects.PhysicsRigidBody rebuildRigidBody
INFORMATION: Created 13e964f2a90.
Sept. 13, 2026 4:16:07 AM com.jme3.anim.SkinningControl controlRender
INFORMATION: Hardware skinning engaged for Scene (Node)
Sept. 13, 2026 4:16:07 AM com.jme3.anim.SkinningControl controlRender
INFORMATION: Hardware skinning engaged for Scene (Node)
Sept. 13, 2026 4:16:07 AM com.jme3.anim.SkinningControl controlRender
INFORMATION: Hardware skinning engaged for Scene (Node)
Sept. 13, 2026 4:16:07 AM com.jme3.anim.SkinningControl controlRender
INFORMATION: Hardware skinning engaged for Scene (Node)
Sept. 13, 2026 4:16:07 AM com.jme3.anim.SkinningControl controlRender
INFORMATION: Hardware skinning engaged for Scene (Node)
Sept. 13, 2026 4:16:07 AM com.jme3.anim.SkinningControl controlRender
INFORMATION: Hardware skinning engaged for Scene (Node)
Sept. 13, 2026 4:16:07 AM com.jme3.anim.SkinningControl controlRender
INFORMATION: Hardware skinning engaged for Scene (Node)
[SMOKE] stage 8
Sept. 13, 2026 4:16:10 AM com.jme3.bullet.objects.PhysicsRigidBody rebuildRigidBody
INFORMATION: Created 13e964f7710.
Sept. 13, 2026 4:16:10 AM com.jme3.bullet.objects.PhysicsRigidBody rebuildRigidBody
INFORMATION: Created 13e964f6a50.
Sept. 13, 2026 4:16:10 AM com.jme3.bullet.objects.PhysicsRigidBody rebuildRigidBody
INFORMATION: Created 13e964f50d0.
Sept. 13, 2026 4:16:10 AM com.jme3.bullet.objects.PhysicsRigidBody rebuildRigidBody
INFORMATION: Created 13e964f7a40.
Sept. 13, 2026 4:16:10 AM com.jme3.bullet.objects.PhysicsRigidBody rebuildRigidBody
INFORMATION: Created 13e964f7d70.
Sept. 13, 2026 4:16:10 AM com.jme3.bullet.objects.PhysicsRigidBody rebuildRigidBody
INFORMATION: Created 13e964f63f0.
Sept. 13, 2026 4:16:10 AM com.jme3.bullet.objects.PhysicsRigidBody rebuildRigidBody
INFORMATION: Created 13e964f5a60.
Sept. 13, 2026 4:16:10 AM com.jme3.bullet.objects.PhysicsRigidBody rebuildRigidBody
INFORMATION: Created 13e964f6d80.
Sept. 13, 2026 4:16:10 AM com.jme3.bullet.objects.PhysicsRigidBody rebuildRigidBody
INFORMATION: Created 13e964f70b0.
Sept. 13, 2026 4:16:10 AM com.jme3.bullet.objects.PhysicsRigidBody rebuildRigidBody
INFORMATION: Created 13e964f73e0.
Sept. 13, 2026 4:16:10 AM com.jme3.bullet.objects.PhysicsRigidBody rebuildRigidBody
INFORMATION: Created 13e964f5400.
Sept. 13, 2026 4:16:10 AM com.jme3.bullet.objects.PhysicsRigidBody rebuildRigidBody
INFORMATION: Created 13e964f5730.
Sept. 13, 2026 4:16:10 AM com.jme3.bullet.objects.PhysicsRigidBody rebuildRigidBody
INFORMATION: Created 13e964f5d90.
Sept. 13, 2026 4:16:10 AM com.jme3.bullet.objects.PhysicsRigidBody rebuildRigidBody
INFORMATION: Created 13e964f60c0.
Sept. 13, 2026 4:16:10 AM com.jme3.bullet.objects.PhysicsRigidBody rebuildRigidBody
INFORMATION: Created 13e964f6720.
Sept. 13, 2026 4:16:10 AM com.jme3.bullet.objects.PhysicsRigidBody rebuildRigidBody
INFORMATION: Created 13e6a457a90.
Sept. 13, 2026 4:16:10 AM com.jme3.bullet.objects.PhysicsRigidBody rebuildRigidBody
INFORMATION: Created 13e6a455780.
Sept. 13, 2026 4:16:10 AM com.jme3.bullet.objects.PhysicsRigidBody rebuildRigidBody
INFORMATION: Created 13e6a456440.
Sept. 13, 2026 4:16:10 AM com.jme3.bullet.objects.PhysicsRigidBody rebuildRigidBody
INFORMATION: Created 13e6a457dc0.
Sept. 13, 2026 4:16:10 AM com.jme3.bullet.objects.PhysicsRigidBody rebuildRigidBody
INFORMATION: Created 13e6a454df0.
Sept. 13, 2026 4:16:10 AM com.jme3.bullet.objects.PhysicsRigidBody rebuildRigidBody
INFORMATION: Created 13e6a455120.
Sept. 13, 2026 4:16:10 AM com.jme3.bullet.objects.PhysicsRigidBody rebuildRigidBody
INFORMATION: Created 13e6a455ab0.
Sept. 13, 2026 4:16:10 AM com.jme3.bullet.objects.PhysicsRigidBody rebuildRigidBody
INFORMATION: Created 13e6a456770.
Sept. 13, 2026 4:16:10 AM com.jme3.bullet.objects.PhysicsRigidBody rebuildRigidBody
INFORMATION: Created 13e6a457760.
Sept. 13, 2026 4:16:10 AM com.jme3.bullet.objects.PhysicsRigidBody rebuildRigidBody
INFORMATION: Created 13e6a457100.
Sept. 13, 2026 4:16:10 AM com.jme3.bullet.objects.PhysicsRigidBody rebuildRigidBody
INFORMATION: Created 13e6a455de0.
Sept. 13, 2026 4:16:10 AM com.jme3.bullet.objects.PhysicsRigidBody rebuildRigidBody
INFORMATION: Created 13e6a456110.
Sept. 13, 2026 4:16:10 AM com.jme3.bullet.objects.PhysicsRigidBody rebuildRigidBody
INFORMATION: Created 13e6a456aa0.
Sept. 13, 2026 4:16:10 AM com.jme3.bullet.objects.PhysicsRigidBody rebuildRigidBody
INFORMATION: Created 13e6a456dd0.
Sept. 13, 2026 4:16:10 AM com.jme3.bullet.objects.PhysicsRigidBody rebuildRigidBody
INFORMATION: Created 13e6a457430.
Sept. 13, 2026 4:16:10 AM com.jme3.bullet.objects.PhysicsRigidBody rebuildRigidBody
INFORMATION: Created 13e6a455450.
Sept. 13, 2026 4:16:10 AM com.jme3.bullet.objects.PhysicsRigidBody rebuildRigidBody
INFORMATION: Created 13e6a4527b0.
Sept. 13, 2026 4:16:10 AM com.jme3.bullet.objects.PhysicsRigidBody rebuildRigidBody
INFORMATION: Created 13e6a452e10.
Sept. 13, 2026 4:16:10 AM com.jme3.bullet.objects.PhysicsRigidBody rebuildRigidBody
INFORMATION: Created 13e6a453140.
Sept. 13, 2026 4:16:10 AM com.jme3.bullet.objects.PhysicsRigidBody rebuildRigidBody
INFORMATION: Created 13e6c69b260.
Sept. 13, 2026 4:16:10 AM com.jme3.bullet.objects.PhysicsRigidBody rebuildRigidBody
INFORMATION: Created 13e6c69c250.
Sept. 13, 2026 4:16:10 AM com.jme3.bullet.objects.PhysicsRigidBody rebuildRigidBody
INFORMATION: Created 13e6c69d8a0.
Sept. 13, 2026 4:16:10 AM com.jme3.bullet.objects.PhysicsRigidBody rebuildRigidBody
INFORMATION: Created 13e6c69d240.
Sept. 13, 2026 4:16:10 AM com.jme3.bullet.objects.PhysicsRigidBody rebuildRigidBody
INFORMATION: Created 13e6c69a8d0.
Sept. 13, 2026 4:16:10 AM com.jme3.bullet.objects.PhysicsRigidBody rebuildRigidBody
INFORMATION: Created 13e6c69c580.
Sept. 13, 2026 4:16:10 AM com.jme3.bullet.objects.PhysicsRigidBody rebuildRigidBody
INFORMATION: Created 13e6c69b8c0.
Sept. 13, 2026 4:16:10 AM com.jme3.bullet.objects.PhysicsRigidBody rebuildRigidBody
INFORMATION: Created 13e6c69af30.
Sept. 13, 2026 4:16:10 AM com.jme3.bullet.objects.PhysicsRigidBody rebuildRigidBody
INFORMATION: Created 13e6c69a5a0.
Sept. 13, 2026 4:16:10 AM com.jme3.bullet.objects.PhysicsRigidBody rebuildRigidBody
INFORMATION: Created 13e6c69cf10.
Sept. 13, 2026 4:16:10 AM com.jme3.bullet.objects.PhysicsRigidBody rebuildRigidBody
INFORMATION: Created 13e6c69b590.
Sept. 13, 2026 4:16:10 AM com.jme3.bullet.objects.PhysicsRigidBody rebuildRigidBody
INFORMATION: Created 13e6c69ac00.
Sept. 13, 2026 4:16:10 AM com.jme3.bullet.objects.PhysicsRigidBody rebuildRigidBody
INFORMATION: Created 13e6c69bbf0.
Sept. 13, 2026 4:16:10 AM com.jme3.bullet.objects.PhysicsRigidBody rebuildRigidBody
INFORMATION: Created 13e6c69a270.
Sept. 13, 2026 4:16:10 AM com.jme3.bullet.objects.PhysicsRigidBody rebuildRigidBody
INFORMATION: Created 13e6c69dbd0.
Sept. 13, 2026 4:16:10 AM com.jme3.bullet.objects.PhysicsRigidBody rebuildRigidBody
INFORMATION: Created 13e6c69c8b0.
Sept. 13, 2026 4:16:10 AM com.jme3.bullet.objects.PhysicsRigidBody rebuildRigidBody
INFORMATION: Created 13e6c69d570.
Sept. 13, 2026 4:16:10 AM com.jme3.bullet.objects.PhysicsRigidBody rebuildRigidBody
INFORMATION: Created 13e6c69f550.
Sept. 13, 2026 4:16:10 AM com.jme3.bullet.objects.PhysicsRigidBody rebuildRigidBody
INFORMATION: Created 13e6c69cbe0.
Sept. 13, 2026 4:16:10 AM com.jme3.bullet.objects.PhysicsRigidBody rebuildRigidBody
INFORMATION: Created 13e6c69df00.
Sept. 13, 2026 4:16:10 AM com.jme3.bullet.objects.PhysicsRigidBody rebuildRigidBody
INFORMATION: Created 13e6c69e230.
Sept. 13, 2026 4:16:10 AM com.jme3.bullet.objects.PhysicsRigidBody rebuildRigidBody
INFORMATION: Created 13e6c69e560.
Sept. 13, 2026 4:16:10 AM com.jme3.bullet.objects.PhysicsRigidBody rebuildRigidBody
INFORMATION: Created 13e6c69f880.
Sept. 13, 2026 4:16:10 AM com.jme3.bullet.objects.PhysicsRigidBody rebuildRigidBody
INFORMATION: Created 13e6c69fbb0.
Sept. 13, 2026 4:16:10 AM com.jme3.bullet.objects.PhysicsRigidBody rebuildRigidBody
INFORMATION: Created 13e6c69f220.
Sept. 13, 2026 4:16:10 AM com.jme3.bullet.objects.PhysicsRigidBody rebuildRigidBody
INFORMATION: Created 13e6c69e890.
Sept. 13, 2026 4:16:10 AM com.jme3.bullet.objects.PhysicsRigidBody rebuildRigidBody
INFORMATION: Created 13e6c69ebc0.
Sept. 13, 2026 4:16:10 AM com.jme3.bullet.objects.PhysicsRigidBody rebuildRigidBody
INFORMATION: Created 13e6c69eef0.
Sept. 13, 2026 4:16:10 AM com.jme3.bullet.objects.PhysicsRigidBody rebuildRigidBody
INFORMATION: Created 13e6c69bf20.
Sept. 13, 2026 4:16:10 AM com.jme3.bullet.objects.PhysicsRigidBody rebuildRigidBody
INFORMATION: Created 13e6c6a21f0.
Sept. 13, 2026 4:16:10 AM com.jme3.bullet.objects.PhysicsRigidBody rebuildRigidBody
INFORMATION: Created 13e6c69fee0.
Sept. 13, 2026 4:16:10 AM com.jme3.bullet.objects.PhysicsRigidBody rebuildRigidBody
INFORMATION: Created 13e6c6a1b90.
Sept. 13, 2026 4:16:10 AM com.jme3.bullet.objects.PhysicsRigidBody rebuildRigidBody
INFORMATION: Created 13e6c6a2eb0.
Sept. 13, 2026 4:16:10 AM com.jme3.bullet.objects.PhysicsRigidBody rebuildRigidBody
INFORMATION: Created 13e6c6a3b70.
Sept. 13, 2026 4:16:10 AM com.jme3.bullet.objects.PhysicsRigidBody rebuildRigidBody
INFORMATION: Created 13e6c6a1ec0.
Sept. 13, 2026 4:16:10 AM com.jme3.bullet.objects.PhysicsRigidBody rebuildRigidBody
INFORMATION: Created 13e6c6a2520.
Sept. 13, 2026 4:16:10 AM com.jme3.bullet.objects.PhysicsRigidBody rebuildRigidBody
INFORMATION: Created 13e6c6a2850.
Sept. 13, 2026 4:16:10 AM com.jme3.bullet.objects.PhysicsRigidBody rebuildRigidBody
INFORMATION: Created 13e6c6a2b80.
Sept. 13, 2026 4:16:10 AM com.jme3.bullet.objects.PhysicsRigidBody rebuildRigidBody
INFORMATION: Created 13e6c6a31e0.
Sept. 13, 2026 4:16:10 AM com.jme3.bullet.objects.PhysicsRigidBody rebuildRigidBody
INFORMATION: Created 13e6c6a3510.
Sept. 13, 2026 4:16:10 AM com.jme3.bullet.objects.PhysicsRigidBody rebuildRigidBody
INFORMATION: Created 13e6c6a0540.
Sept. 13, 2026 4:16:10 AM com.jme3.bullet.objects.PhysicsRigidBody rebuildRigidBody
INFORMATION: Created 13e6c6a3840.
Sept. 13, 2026 4:16:10 AM com.jme3.bullet.objects.PhysicsRigidBody rebuildRigidBody
INFORMATION: Created 13e6c6a3ea0.
Sept. 13, 2026 4:16:10 AM com.jme3.bullet.objects.PhysicsRigidBody rebuildRigidBody
INFORMATION: Created 13e6c6a0210.
Sept. 13, 2026 4:16:10 AM com.jme3.bullet.objects.PhysicsRigidBody rebuildRigidBody
INFORMATION: Created 13e6c6a4500.
Sept. 13, 2026 4:16:10 AM com.jme3.bullet.objects.PhysicsRigidBody rebuildRigidBody
INFORMATION: Created 13e6c6a41d0.
Sept. 13, 2026 4:16:10 AM com.jme3.bullet.objects.PhysicsRigidBody rebuildRigidBody
INFORMATION: Created 13e6c6a0870.
Sept. 13, 2026 4:16:10 AM com.jme3.bullet.objects.PhysicsRigidBody rebuildRigidBody
INFORMATION: Created 13e6c6a4830.
Sept. 13, 2026 4:16:10 AM com.jme3.bullet.objects.PhysicsRigidBody rebuildRigidBody
INFORMATION: Created 13e6c6a0ba0.
Sept. 13, 2026 4:16:10 AM com.jme3.bullet.objects.PhysicsRigidBody rebuildRigidBody
INFORMATION: Created 13e6c6a4b60.
Sept. 13, 2026 4:16:10 AM com.jme3.bullet.objects.PhysicsRigidBody rebuildRigidBody
INFORMATION: Created 13e6c6a0ed0.
Sept. 13, 2026 4:16:10 AM com.jme3.bullet.objects.PhysicsRigidBody rebuildRigidBody
INFORMATION: Created 13e6c6a4e90.
Sept. 13, 2026 4:16:10 AM com.jme3.bullet.objects.PhysicsRigidBody rebuildRigidBody
INFORMATION: Created 13e6c6a1200.
Sept. 13, 2026 4:16:10 AM com.jme3.bullet.objects.PhysicsRigidBody rebuildRigidBody
INFORMATION: Created 13e6c6a51c0.
Sept. 13, 2026 4:16:10 AM com.jme3.bullet.objects.PhysicsRigidBody rebuildRigidBody
INFORMATION: Created 13e6c6a1860.
Sept. 13, 2026 4:16:10 AM com.jme3.bullet.objects.PhysicsRigidBody rebuildRigidBody
INFORMATION: Created 13e6c6a1530.
Sept. 13, 2026 4:16:10 AM com.jme3.bullet.objects.PhysicsRigidBody rebuildRigidBody
INFORMATION: Created 13e6c6a54f0.
Sept. 13, 2026 4:16:10 AM com.jme3.bullet.objects.PhysicsRigidBody rebuildRigidBody
INFORMATION: Created 13e6c6a5820.
Sept. 13, 2026 4:16:10 AM com.jme3.bullet.objects.PhysicsRigidBody rebuildRigidBody
INFORMATION: Created 13e6c6a6b40.
Sept. 13, 2026 4:16:10 AM com.jme3.bullet.objects.PhysicsRigidBody rebuildRigidBody
INFORMATION: Created 13e6c6a5b50.
Sept. 13, 2026 4:16:10 AM com.jme3.bullet.objects.PhysicsRigidBody rebuildRigidBody
INFORMATION: Created 13e6c6a5e80.
Sept. 13, 2026 4:16:10 AM com.jme3.bullet.objects.PhysicsRigidBody rebuildRigidBody
INFORMATION: Created 13e6c6a61b0.
Sept. 13, 2026 4:16:10 AM com.jme3.bullet.objects.PhysicsRigidBody rebuildRigidBody
INFORMATION: Created 13e6c6a64e0.
Sept. 13, 2026 4:16:10 AM com.jme3.bullet.objects.PhysicsRigidBody rebuildRigidBody
INFORMATION: Created 13e6c6a6810.
Sept. 13, 2026 4:16:10 AM com.jme3.bullet.objects.PhysicsRigidBody rebuildRigidBody
INFORMATION: Created 13e6c6a7b30.
Sept. 13, 2026 4:16:10 AM com.jme3.bullet.objects.PhysicsRigidBody rebuildRigidBody
INFORMATION: Created 13e6c6a87f0.
Sept. 13, 2026 4:16:10 AM com.jme3.bullet.objects.PhysicsRigidBody rebuildRigidBody
INFORMATION: Created 13e6c6a7800.
Sept. 13, 2026 4:16:10 AM com.jme3.bullet.objects.PhysicsRigidBody rebuildRigidBody
INFORMATION: Created 13e6c6a9e40.
Sept. 13, 2026 4:16:10 AM com.jme3.bullet.objects.PhysicsRigidBody rebuildRigidBody
INFORMATION: Created 13e6c6a6e70.
Sept. 13, 2026 4:16:10 AM com.jme3.bullet.objects.PhysicsRigidBody rebuildRigidBody
INFORMATION: Created 13e6c6a8e50.
Sept. 13, 2026 4:16:10 AM com.jme3.bullet.objects.PhysicsRigidBody rebuildRigidBody
INFORMATION: Created 13e6c6a8190.
Sept. 13, 2026 4:16:10 AM com.jme3.bullet.objects.PhysicsRigidBody rebuildRigidBody
INFORMATION: Created 13e6c6a7e60.
Sept. 13, 2026 4:16:10 AM com.jme3.bullet.objects.PhysicsRigidBody rebuildRigidBody
INFORMATION: Created 13e6c6a74d0.
Sept. 13, 2026 4:16:10 AM com.jme3.bullet.objects.PhysicsRigidBody rebuildRigidBody
INFORMATION: Created 13e6c6a94b0.
Sept. 13, 2026 4:16:10 AM com.jme3.bullet.objects.PhysicsRigidBody rebuildRigidBody
INFORMATION: Created 13e6c6a84c0.
Sept. 13, 2026 4:16:10 AM com.jme3.bullet.objects.PhysicsRigidBody rebuildRigidBody
INFORMATION: Created 13e6c6a8b20.
Sept. 13, 2026 4:16:10 AM com.jme3.bullet.objects.PhysicsRigidBody rebuildRigidBody
INFORMATION: Created 13e6c6a9180.
Sept. 13, 2026 4:16:10 AM com.jme3.bullet.objects.PhysicsRigidBody rebuildRigidBody
INFORMATION: Created 13e6c6a71a0.
Sept. 13, 2026 4:16:10 AM com.jme3.bullet.objects.PhysicsRigidBody rebuildRigidBody
INFORMATION: Created 13e6c6a97e0.
Sept. 13, 2026 4:16:10 AM com.jme3.bullet.objects.PhysicsRigidBody rebuildRigidBody
INFORMATION: Created 13e6c6a9b10.
Sept. 13, 2026 4:16:10 AM com.jme3.bullet.objects.PhysicsRigidBody rebuildRigidBody
INFORMATION: Created 13e66f7e320.
Sept. 13, 2026 4:16:10 AM com.jme3.bullet.objects.PhysicsRigidBody rebuildRigidBody
INFORMATION: Created 13e66f81950.
Sept. 13, 2026 4:16:10 AM com.jme3.bullet.objects.PhysicsRigidBody rebuildRigidBody
INFORMATION: Created 13e66f7efe0.
Sept. 13, 2026 4:16:10 AM com.jme3.bullet.objects.PhysicsRigidBody rebuildRigidBody
INFORMATION: Created 13e66f7ffd0.
Sept. 13, 2026 4:16:10 AM com.jme3.bullet.objects.PhysicsRigidBody rebuildRigidBody
INFORMATION: Created 13e66f7ecb0.
Sept. 13, 2026 4:16:10 AM com.jme3.bullet.objects.PhysicsRigidBody rebuildRigidBody
INFORMATION: Created 13e66f81c80.
Sept. 13, 2026 4:16:10 AM com.jme3.bullet.objects.PhysicsRigidBody rebuildRigidBody
INFORMATION: Created 13e66f7dff0.
Sept. 13, 2026 4:16:10 AM com.jme3.bullet.objects.PhysicsRigidBody rebuildRigidBody
INFORMATION: Created 13e66f80630.
Sept. 13, 2026 4:16:10 AM com.jme3.bullet.objects.PhysicsRigidBody rebuildRigidBody
INFORMATION: Created 13e66f80300.
Sept. 13, 2026 4:16:10 AM com.jme3.bullet.objects.PhysicsRigidBody rebuildRigidBody
INFORMATION: Created 13e66f7e650.
Sept. 13, 2026 4:16:10 AM com.jme3.bullet.objects.PhysicsRigidBody rebuildRigidBody
INFORMATION: Created 13e66f80960.
Sept. 13, 2026 4:16:10 AM com.jme3.bullet.objects.PhysicsRigidBody rebuildRigidBody
INFORMATION: Created 13e66f81fb0.
Sept. 13, 2026 4:16:10 AM com.jme3.bullet.objects.PhysicsRigidBody rebuildRigidBody
INFORMATION: Created 13e66f822e0.
Sept. 13, 2026 4:16:10 AM com.jme3.bullet.objects.PhysicsRigidBody rebuildRigidBody
INFORMATION: Created 13e66f80c90.
Sept. 13, 2026 4:16:10 AM com.jme3.bullet.objects.PhysicsRigidBody rebuildRigidBody
INFORMATION: Created 13e66f7e980.
Sept. 13, 2026 4:16:10 AM com.jme3.bullet.objects.PhysicsRigidBody rebuildRigidBody
INFORMATION: Created 13e66f80fc0.
Sept. 13, 2026 4:16:10 AM com.jme3.bullet.objects.PhysicsRigidBody rebuildRigidBody
INFORMATION: Created 13e66f82610.
Sept. 13, 2026 4:16:10 AM com.jme3.bullet.objects.PhysicsRigidBody rebuildRigidBody
INFORMATION: Created 13e66f812f0.
Sept. 13, 2026 4:16:10 AM com.jme3.bullet.objects.PhysicsRigidBody rebuildRigidBody
INFORMATION: Created 13e66f81620.
Sept. 13, 2026 4:16:10 AM com.jme3.bullet.objects.PhysicsRigidBody rebuildRigidBody
INFORMATION: Created 13e66f7f970.
Sept. 13, 2026 4:16:10 AM com.jme3.bullet.objects.PhysicsRigidBody rebuildRigidBody
INFORMATION: Created 13e66f82940.
Sept. 13, 2026 4:16:10 AM com.jme3.bullet.objects.PhysicsRigidBody rebuildRigidBody
INFORMATION: Created 13e66f82c70.
Sept. 13, 2026 4:16:10 AM com.jme3.bullet.objects.PhysicsRigidBody rebuildRigidBody
INFORMATION: Created 13e66f7fca0.
Sept. 13, 2026 4:16:10 AM com.jme3.bullet.objects.PhysicsRigidBody rebuildRigidBody
INFORMATION: Created 13e66f82fa0.
Sept. 13, 2026 4:16:10 AM com.jme3.bullet.objects.PhysicsRigidBody rebuildRigidBody
INFORMATION: Created 13e66f7f310.
Sept. 13, 2026 4:16:10 AM com.jme3.bullet.objects.PhysicsRigidBody rebuildRigidBody
INFORMATION: Created 13e66f832d0.
Sept. 13, 2026 4:16:10 AM com.jme3.bullet.objects.PhysicsRigidBody rebuildRigidBody
INFORMATION: Created 13e66f7f640.
Sept. 13, 2026 4:16:10 AM com.jme3.bullet.objects.PhysicsRigidBody rebuildRigidBody
INFORMATION: Created 13e66f852b0.
Sept. 13, 2026 4:16:10 AM com.jme3.bullet.objects.PhysicsRigidBody rebuildRigidBody
INFORMATION: Created 13e66f865d0.
Sept. 13, 2026 4:16:10 AM com.jme3.bullet.objects.PhysicsRigidBody rebuildRigidBody
INFORMATION: Created 13e66f86900.
Sept. 13, 2026 4:16:10 AM com.jme3.bullet.objects.PhysicsRigidBody rebuildRigidBody
INFORMATION: Created 13e66f87290.
Sept. 13, 2026 4:16:10 AM com.jme3.bullet.objects.PhysicsRigidBody rebuildRigidBody
INFORMATION: Created 13e66f83930.
Sept. 13, 2026 4:16:10 AM com.jme3.bullet.objects.PhysicsRigidBody rebuildRigidBody
INFORMATION: Created 13e66f855e0.
Sept. 13, 2026 4:16:10 AM com.jme3.bullet.objects.PhysicsRigidBody rebuildRigidBody
INFORMATION: Created 13e66f85f70.
Sept. 13, 2026 4:16:10 AM com.jme3.bullet.objects.PhysicsRigidBody rebuildRigidBody
INFORMATION: Created 13e66f83c60.
Sept. 13, 2026 4:16:10 AM com.jme3.bullet.objects.PhysicsRigidBody rebuildRigidBody
INFORMATION: Created 13e66f83f90.
Sept. 13, 2026 4:16:10 AM com.jme3.bullet.objects.PhysicsRigidBody rebuildRigidBody
INFORMATION: Created 13e66f842c0.
Sept. 13, 2026 4:16:10 AM com.jme3.bullet.objects.PhysicsRigidBody rebuildRigidBody
INFORMATION: Created 13e66f85c40.
Sept. 13, 2026 4:16:10 AM com.jme3.bullet.objects.PhysicsRigidBody rebuildRigidBody
INFORMATION: Created 13e66f83600.
Sept. 13, 2026 4:16:10 AM com.jme3.anim.SkinningControl controlRender
INFORMATION: Hardware skinning engaged for Scene (Node)
Sept. 13, 2026 4:16:10 AM com.jme3.anim.SkinningControl controlRender
INFORMATION: Hardware skinning engaged for Scene (Node)
Sept. 13, 2026 4:16:10 AM com.jme3.anim.SkinningControl controlRender
INFORMATION: Hardware skinning engaged for Scene (Node)
Sept. 13, 2026 4:16:10 AM com.jme3.anim.SkinningControl controlRender
INFORMATION: Hardware skinning engaged for Scene (Node)
Sept. 13, 2026 4:16:10 AM com.jme3.anim.SkinningControl controlRender
INFORMATION: Hardware skinning engaged for Scene (Node)
Sept. 13, 2026 4:16:10 AM com.jme3.anim.SkinningControl controlRender
INFORMATION: Hardware skinning engaged for Scene (Node)
Sept. 13, 2026 4:16:10 AM com.jme3.anim.SkinningControl controlRender
INFORMATION: Hardware skinning engaged for Scene (Node)
[SMOKE] stage 9
Sept. 13, 2026 4:16:12 AM com.jme3.bullet.objects.PhysicsRigidBody rebuildRigidBody
INFORMATION: Created 13e66f87c20.
Sept. 13, 2026 4:16:12 AM com.jme3.bullet.objects.PhysicsRigidBody rebuildRigidBody
INFORMATION: Created 13e66f85910.
Sept. 13, 2026 4:16:12 AM com.jme3.bullet.objects.PhysicsRigidBody rebuildRigidBody
INFORMATION: Created 13e66f88280.
Sept. 13, 2026 4:16:12 AM com.jme3.bullet.objects.PhysicsRigidBody rebuildRigidBody
INFORMATION: Created 13e66f86c30.
Sept. 13, 2026 4:16:12 AM com.jme3.bullet.objects.PhysicsRigidBody rebuildRigidBody
INFORMATION: Created 13e66f86f60.
Sept. 13, 2026 4:16:12 AM com.jme3.bullet.objects.PhysicsRigidBody rebuildRigidBody
INFORMATION: Created 13e66f845f0.
Sept. 13, 2026 4:16:12 AM com.jme3.bullet.objects.PhysicsRigidBody rebuildRigidBody
INFORMATION: Created 13e66f875c0.
Sept. 13, 2026 4:16:12 AM com.jme3.bullet.objects.PhysicsRigidBody rebuildRigidBody
INFORMATION: Created 13e66f878f0.
Sept. 13, 2026 4:16:12 AM com.jme3.bullet.objects.PhysicsRigidBody rebuildRigidBody
INFORMATION: Created 13e66f885b0.
Sept. 13, 2026 4:16:12 AM com.jme3.bullet.objects.PhysicsRigidBody rebuildRigidBody
INFORMATION: Created 13e66f84f80.
Sept. 13, 2026 4:16:12 AM com.jme3.bullet.objects.PhysicsRigidBody rebuildRigidBody
INFORMATION: Created 13e66f87f50.
Sept. 13, 2026 4:16:12 AM com.jme3.bullet.objects.PhysicsRigidBody rebuildRigidBody
INFORMATION: Created 13e66f84920.
Sept. 13, 2026 4:16:12 AM com.jme3.bullet.objects.PhysicsRigidBody rebuildRigidBody
INFORMATION: Created 13e66f888e0.
Sept. 13, 2026 4:16:12 AM com.jme3.bullet.objects.PhysicsRigidBody rebuildRigidBody
INFORMATION: Created 13e66f84c50.
Sept. 13, 2026 4:16:12 AM com.jme3.bullet.objects.PhysicsRigidBody rebuildRigidBody
INFORMATION: Created 13e66f88c10.
Sept. 13, 2026 4:16:12 AM com.jme3.bullet.objects.PhysicsRigidBody rebuildRigidBody
INFORMATION: Created 13e66f88f40.
Sept. 13, 2026 4:16:12 AM com.jme3.bullet.objects.PhysicsRigidBody rebuildRigidBody
INFORMATION: Created 13e66f89270.
Sept. 13, 2026 4:16:12 AM com.jme3.bullet.objects.PhysicsRigidBody rebuildRigidBody
INFORMATION: Created 13e66f895a0.
Sept. 13, 2026 4:16:12 AM com.jme3.bullet.objects.PhysicsRigidBody rebuildRigidBody
INFORMATION: Created 13e66f898d0.
Sept. 13, 2026 4:16:12 AM com.jme3.bullet.objects.PhysicsRigidBody rebuildRigidBody
INFORMATION: Created 13e66f8a8c0.
Sept. 13, 2026 4:16:12 AM com.jme3.bullet.objects.PhysicsRigidBody rebuildRigidBody
INFORMATION: Created 13e66f89c00.
Sept. 13, 2026 4:16:12 AM com.jme3.bullet.objects.PhysicsRigidBody rebuildRigidBody
INFORMATION: Created 13e66f89f30.
Sept. 13, 2026 4:16:12 AM com.jme3.bullet.objects.PhysicsRigidBody rebuildRigidBody
INFORMATION: Created 13e66f8a260.
Sept. 13, 2026 4:16:12 AM com.jme3.bullet.objects.PhysicsRigidBody rebuildRigidBody
INFORMATION: Created 13e66f8a590.
Sept. 13, 2026 4:16:12 AM com.jme3.bullet.objects.PhysicsRigidBody rebuildRigidBody
INFORMATION: Created 13e66f8bbe0.
Sept. 13, 2026 4:16:12 AM com.jme3.bullet.objects.PhysicsRigidBody rebuildRigidBody
INFORMATION: Created 13e66f8c570.
Sept. 13, 2026 4:16:12 AM com.jme3.bullet.objects.PhysicsRigidBody rebuildRigidBody
INFORMATION: Created 13e66f8b8b0.
Sept. 13, 2026 4:16:12 AM com.jme3.bullet.objects.PhysicsRigidBody rebuildRigidBody
INFORMATION: Created 13e66f8cbd0.
Sept. 13, 2026 4:16:12 AM com.jme3.bullet.objects.PhysicsRigidBody rebuildRigidBody
INFORMATION: Created 13e66f8b580.
Sept. 13, 2026 4:16:12 AM com.jme3.bullet.objects.PhysicsRigidBody rebuildRigidBody
INFORMATION: Created 13e66f8bf10.
Sept. 13, 2026 4:16:12 AM com.jme3.bullet.objects.PhysicsRigidBody rebuildRigidBody
INFORMATION: Created 13e66f8c8a0.
Sept. 13, 2026 4:16:12 AM com.jme3.bullet.objects.PhysicsRigidBody rebuildRigidBody
INFORMATION: Created 13e66f8def0.
Sept. 13, 2026 4:16:12 AM com.jme3.bullet.objects.PhysicsRigidBody rebuildRigidBody
INFORMATION: Created 13e66f8abf0.
Sept. 13, 2026 4:16:12 AM com.jme3.bullet.objects.PhysicsRigidBody rebuildRigidBody
INFORMATION: Created 13e66f8c240.
Sept. 13, 2026 4:16:12 AM com.jme3.bullet.objects.PhysicsRigidBody rebuildRigidBody
INFORMATION: Created 13e66f8e220.
Sept. 13, 2026 4:16:12 AM com.jme3.bullet.objects.PhysicsRigidBody rebuildRigidBody
INFORMATION: Created 13e66f8cf00.
Sept. 13, 2026 4:16:12 AM com.jme3.bullet.objects.PhysicsRigidBody rebuildRigidBody
INFORMATION: Created 13e66f8d230.
Sept. 13, 2026 4:16:12 AM com.jme3.bullet.objects.PhysicsRigidBody rebuildRigidBody
INFORMATION: Created 13e66f8d560.
Sept. 13, 2026 4:16:12 AM com.jme3.bullet.objects.PhysicsRigidBody rebuildRigidBody
INFORMATION: Created 13e66f8d890.
Sept. 13, 2026 4:16:12 AM com.jme3.bullet.objects.PhysicsRigidBody rebuildRigidBody
INFORMATION: Created 13e66f8dbc0.
Sept. 13, 2026 4:16:12 AM com.jme3.bullet.objects.PhysicsRigidBody rebuildRigidBody
INFORMATION: Created 13e66f8e550.
Sept. 13, 2026 4:16:12 AM com.jme3.bullet.objects.PhysicsRigidBody rebuildRigidBody
INFORMATION: Created 13e66f8e880.
Sept. 13, 2026 4:16:12 AM com.jme3.bullet.objects.PhysicsRigidBody rebuildRigidBody
INFORMATION: Created 13e66f8ebb0.
Sept. 13, 2026 4:16:12 AM com.jme3.bullet.objects.PhysicsRigidBody rebuildRigidBody
INFORMATION: Created 13e66f8af20.
Sept. 13, 2026 4:16:12 AM com.jme3.bullet.objects.PhysicsRigidBody rebuildRigidBody
INFORMATION: Created 13e66f8eee0.
Sept. 13, 2026 4:16:12 AM com.jme3.bullet.objects.PhysicsRigidBody rebuildRigidBody
INFORMATION: Created 13e66f8b250.
Sept. 13, 2026 4:16:12 AM com.jme3.bullet.objects.PhysicsRigidBody rebuildRigidBody
INFORMATION: Created 13e66f8f210.
Sept. 13, 2026 4:16:12 AM com.jme3.bullet.objects.PhysicsRigidBody rebuildRigidBody
INFORMATION: Created 13e66f8f540.
Sept. 13, 2026 4:16:12 AM com.jme3.bullet.objects.PhysicsRigidBody rebuildRigidBody
INFORMATION: Created 13e66f8f870.
Sept. 13, 2026 4:16:12 AM com.jme3.bullet.objects.PhysicsRigidBody rebuildRigidBody
INFORMATION: Created 13e66f8fba0.
Sept. 13, 2026 4:16:12 AM com.jme3.bullet.objects.PhysicsRigidBody rebuildRigidBody
INFORMATION: Created 13e66f8fed0.
Sept. 13, 2026 4:16:12 AM com.jme3.bullet.objects.PhysicsRigidBody rebuildRigidBody
INFORMATION: Created 13e66f90200.
Sept. 13, 2026 4:16:12 AM com.jme3.bullet.objects.PhysicsRigidBody rebuildRigidBody
INFORMATION: Created 13e66f90530.
Sept. 13, 2026 4:16:12 AM com.jme3.bullet.objects.PhysicsRigidBody rebuildRigidBody
INFORMATION: Created 13e66f90860.
Sept. 13, 2026 4:16:12 AM com.jme3.bullet.objects.PhysicsRigidBody rebuildRigidBody
INFORMATION: Created 13e66f90b90.
Sept. 13, 2026 4:16:12 AM com.jme3.bullet.objects.PhysicsRigidBody rebuildRigidBody
INFORMATION: Created 13e66f90ec0.
Sept. 13, 2026 4:16:12 AM com.jme3.bullet.objects.PhysicsRigidBody rebuildRigidBody
INFORMATION: Created 13e66f730a0.
Sept. 13, 2026 4:16:12 AM com.jme3.bullet.objects.PhysicsRigidBody rebuildRigidBody
INFORMATION: Created 13e66f73700.
Sept. 13, 2026 4:16:12 AM com.jme3.bullet.objects.PhysicsRigidBody rebuildRigidBody
INFORMATION: Created 13e66f72710.
Sept. 13, 2026 4:16:12 AM com.jme3.bullet.objects.PhysicsRigidBody rebuildRigidBody
INFORMATION: Created 13e66f71720.
Sept. 13, 2026 4:16:12 AM com.jme3.bullet.objects.PhysicsRigidBody rebuildRigidBody
INFORMATION: Created 13e66f713f0.
Sept. 13, 2026 4:16:12 AM com.jme3.bullet.objects.PhysicsRigidBody rebuildRigidBody
INFORMATION: Created 13e66f74090.
Sept. 13, 2026 4:16:12 AM com.jme3.bullet.objects.PhysicsRigidBody rebuildRigidBody
INFORMATION: Created 13e66f756e0.
Sept. 13, 2026 4:16:12 AM com.jme3.bullet.objects.PhysicsRigidBody rebuildRigidBody
INFORMATION: Created 13e66f71d80.
Sept. 13, 2026 4:16:12 AM com.jme3.bullet.objects.PhysicsRigidBody rebuildRigidBody
INFORMATION: Created 13e66f753b0.
Sept. 13, 2026 4:16:12 AM com.jme3.bullet.objects.PhysicsRigidBody rebuildRigidBody
INFORMATION: Created 13e66f720b0.
Sept. 13, 2026 4:16:12 AM com.jme3.bullet.objects.PhysicsRigidBody rebuildRigidBody
INFORMATION: Created 13e66f743c0.
Sept. 13, 2026 4:16:12 AM com.jme3.bullet.objects.PhysicsRigidBody rebuildRigidBody
INFORMATION: Created 13e66f733d0.
Sept. 13, 2026 4:16:12 AM com.jme3.bullet.objects.PhysicsRigidBody rebuildRigidBody
INFORMATION: Created 13e66f746f0.
Sept. 13, 2026 4:16:12 AM com.jme3.bullet.objects.PhysicsRigidBody rebuildRigidBody
INFORMATION: Created 13e66f72d70.
Sept. 13, 2026 4:16:12 AM com.jme3.bullet.objects.PhysicsRigidBody rebuildRigidBody
INFORMATION: Created 13e66f71a50.
Sept. 13, 2026 4:16:12 AM com.jme3.bullet.objects.PhysicsRigidBody rebuildRigidBody
INFORMATION: Created 13e66f75a10.
Sept. 13, 2026 4:16:12 AM com.jme3.bullet.objects.PhysicsRigidBody rebuildRigidBody
INFORMATION: Created 13e66f75d40.
Sept. 13, 2026 4:16:12 AM com.jme3.bullet.objects.PhysicsRigidBody rebuildRigidBody
INFORMATION: Created 13e66f73d60.
Sept. 13, 2026 4:16:12 AM com.jme3.bullet.objects.PhysicsRigidBody rebuildRigidBody
INFORMATION: Created 13e66f73a30.
Sept. 13, 2026 4:16:12 AM com.jme3.bullet.objects.PhysicsRigidBody rebuildRigidBody
INFORMATION: Created 13e66f74a20.
Sept. 13, 2026 4:16:12 AM com.jme3.bullet.objects.PhysicsRigidBody rebuildRigidBody
INFORMATION: Created 13e66f74d50.
Sept. 13, 2026 4:16:12 AM com.jme3.bullet.objects.PhysicsRigidBody rebuildRigidBody
INFORMATION: Created 13e66f75080.
Sept. 13, 2026 4:16:12 AM com.jme3.bullet.objects.PhysicsRigidBody rebuildRigidBody
INFORMATION: Created 13e66f76070.
Sept. 13, 2026 4:16:12 AM com.jme3.bullet.objects.PhysicsRigidBody rebuildRigidBody
INFORMATION: Created 13e66f723e0.
Sept. 13, 2026 4:16:12 AM com.jme3.bullet.objects.PhysicsRigidBody rebuildRigidBody
INFORMATION: Created 13e66f76d30.
Sept. 13, 2026 4:16:12 AM com.jme3.bullet.objects.PhysicsRigidBody rebuildRigidBody
INFORMATION: Created 13e66f78380.
Sept. 13, 2026 4:16:12 AM com.jme3.bullet.objects.PhysicsRigidBody rebuildRigidBody
INFORMATION: Created 13e66f799d0.
Sept. 13, 2026 4:16:12 AM com.jme3.bullet.objects.PhysicsRigidBody rebuildRigidBody
INFORMATION: Created 13e66f779f0.
Sept. 13, 2026 4:16:12 AM com.jme3.bullet.objects.PhysicsRigidBody rebuildRigidBody
INFORMATION: Created 13e66f776c0.
Sept. 13, 2026 4:16:12 AM com.jme3.bullet.objects.PhysicsRigidBody rebuildRigidBody
INFORMATION: Created 13e66f76a00.
Sept. 13, 2026 4:16:12 AM com.jme3.bullet.objects.PhysicsRigidBody rebuildRigidBody
INFORMATION: Created 13e66f77060.
Sept. 13, 2026 4:16:12 AM com.jme3.bullet.objects.PhysicsRigidBody rebuildRigidBody
INFORMATION: Created 13e66f78050.
Sept. 13, 2026 4:16:12 AM com.jme3.bullet.objects.PhysicsRigidBody rebuildRigidBody
INFORMATION: Created 13e66f78d10.
Sept. 13, 2026 4:16:12 AM com.jme3.bullet.objects.PhysicsRigidBody rebuildRigidBody
INFORMATION: Created 13e66f796a0.
Sept. 13, 2026 4:16:12 AM com.jme3.bullet.objects.PhysicsRigidBody rebuildRigidBody
INFORMATION: Created 13e66f786b0.
Sept. 13, 2026 4:16:12 AM com.jme3.bullet.objects.PhysicsRigidBody rebuildRigidBody
INFORMATION: Created 13e66f77390.
Sept. 13, 2026 4:16:12 AM com.jme3.bullet.objects.PhysicsRigidBody rebuildRigidBody
INFORMATION: Created 13e66f79d00.
Sept. 13, 2026 4:16:12 AM com.jme3.bullet.objects.PhysicsRigidBody rebuildRigidBody
INFORMATION: Created 13e66f79040.
Sept. 13, 2026 4:16:12 AM com.jme3.bullet.objects.PhysicsRigidBody rebuildRigidBody
INFORMATION: Created 13e66f789e0.
Sept. 13, 2026 4:16:12 AM com.jme3.bullet.objects.PhysicsRigidBody rebuildRigidBody
INFORMATION: Created 13e66f79370.
Sept. 13, 2026 4:16:12 AM com.jme3.bullet.objects.PhysicsRigidBody rebuildRigidBody
INFORMATION: Created 13e66f7a030.
Sept. 13, 2026 4:16:12 AM com.jme3.anim.SkinningControl controlRender
INFORMATION: Hardware skinning engaged for Scene (Node)
Sept. 13, 2026 4:16:12 AM com.jme3.anim.SkinningControl controlRender
INFORMATION: Hardware skinning engaged for Scene (Node)
Sept. 13, 2026 4:16:12 AM com.jme3.anim.SkinningControl controlRender
INFORMATION: Hardware skinning engaged for Scene (Node)
Sept. 13, 2026 4:16:12 AM com.jme3.anim.SkinningControl controlRender
INFORMATION: Hardware skinning engaged for Scene (Node)
[SMOKE] stage 10
Sept. 13, 2026 4:16:15 AM com.jme3.bullet.objects.PhysicsRigidBody rebuildRigidBody
INFORMATION: Created 13e66f77d20.
Sept. 13, 2026 4:16:15 AM com.jme3.bullet.objects.PhysicsRigidBody rebuildRigidBody
INFORMATION: Created 13e66f7a360.
Sept. 13, 2026 4:16:15 AM com.jme3.bullet.objects.PhysicsRigidBody rebuildRigidBody
INFORMATION: Created 13e66f766d0.
Sept. 13, 2026 4:16:15 AM com.jme3.bullet.objects.PhysicsRigidBody rebuildRigidBody
INFORMATION: Created 13e66f7b020.
Sept. 13, 2026 4:16:15 AM com.jme3.bullet.objects.PhysicsRigidBody rebuildRigidBody
INFORMATION: Created 13e66f7d660.
Sept. 13, 2026 4:16:15 AM com.jme3.bullet.objects.PhysicsRigidBody rebuildRigidBody
INFORMATION: Created 13e66f7c670.
Sept. 13, 2026 4:16:15 AM com.jme3.bullet.objects.PhysicsRigidBody rebuildRigidBody
INFORMATION: Created 13e66f7d330.
Sept. 13, 2026 4:16:15 AM com.jme3.bullet.objects.PhysicsRigidBody rebuildRigidBody
INFORMATION: Created 13e66f7c340.
Sept. 13, 2026 4:16:15 AM com.jme3.bullet.objects.PhysicsRigidBody rebuildRigidBody
INFORMATION: Created 13e66f7a690.
Sept. 13, 2026 4:16:15 AM com.jme3.bullet.objects.PhysicsRigidBody rebuildRigidBody
INFORMATION: Created 13e66f7dcc0.
Sept. 13, 2026 4:16:15 AM com.jme3.bullet.objects.PhysicsRigidBody rebuildRigidBody
INFORMATION: Created 13e66f7b350.
Sept. 13, 2026 4:16:15 AM com.jme3.bullet.objects.PhysicsRigidBody rebuildRigidBody
INFORMATION: Created 13e66f7ccd0.
Sept. 13, 2026 4:16:15 AM com.jme3.bullet.objects.PhysicsRigidBody rebuildRigidBody
INFORMATION: Created 13e66f7b680.
Sept. 13, 2026 4:16:15 AM com.jme3.bullet.objects.PhysicsRigidBody rebuildRigidBody
INFORMATION: Created 13e66f7a9c0.
Sept. 13, 2026 4:16:15 AM com.jme3.bullet.objects.PhysicsRigidBody rebuildRigidBody
INFORMATION: Created 13e66f7d990.
Sept. 13, 2026 4:16:15 AM com.jme3.bullet.objects.PhysicsRigidBody rebuildRigidBody
INFORMATION: Created 13e66f7acf0.
Sept. 13, 2026 4:16:15 AM com.jme3.bullet.objects.PhysicsRigidBody rebuildRigidBody
INFORMATION: Created 13e66f7b9b0.
Sept. 13, 2026 4:16:15 AM com.jme3.bullet.objects.PhysicsRigidBody rebuildRigidBody
INFORMATION: Created 13e66f7bce0.
Sept. 13, 2026 4:16:15 AM com.jme3.bullet.objects.PhysicsRigidBody rebuildRigidBody
INFORMATION: Created 13e66f7c010.
Sept. 13, 2026 4:16:15 AM com.jme3.bullet.objects.PhysicsRigidBody rebuildRigidBody
INFORMATION: Created 13e66f7c9a0.
Sept. 13, 2026 4:16:15 AM com.jme3.bullet.objects.PhysicsRigidBody rebuildRigidBody
INFORMATION: Created 13e66f7d000.
Sept. 13, 2026 4:16:15 AM com.jme3.bullet.objects.PhysicsRigidBody rebuildRigidBody
INFORMATION: Created 13e63cb2eb0.
Sept. 13, 2026 4:16:15 AM com.jme3.bullet.objects.PhysicsRigidBody rebuildRigidBody
INFORMATION: Created 13e63cb2850.
Sept. 13, 2026 4:16:15 AM com.jme3.bullet.objects.PhysicsRigidBody rebuildRigidBody
INFORMATION: Created 13e63cb2b80.
Sept. 13, 2026 4:16:15 AM com.jme3.bullet.objects.PhysicsRigidBody rebuildRigidBody
INFORMATION: Created 13e63cb31e0.
Sept. 13, 2026 4:16:15 AM com.jme3.bullet.objects.PhysicsRigidBody rebuildRigidBody
INFORMATION: Created 13e63cb1530.
Sept. 13, 2026 4:16:15 AM com.jme3.bullet.objects.PhysicsRigidBody rebuildRigidBody
INFORMATION: Created 13e63cb0ed0.
Sept. 13, 2026 4:16:15 AM com.jme3.bullet.objects.PhysicsRigidBody rebuildRigidBody
INFORMATION: Created 13e63cb3510.
Sept. 13, 2026 4:16:15 AM com.jme3.bullet.objects.PhysicsRigidBody rebuildRigidBody
INFORMATION: Created 13e63cb1860.
Sept. 13, 2026 4:16:15 AM com.jme3.bullet.objects.PhysicsRigidBody rebuildRigidBody
INFORMATION: Created 13e63cb3840.
Sept. 13, 2026 4:16:15 AM com.jme3.bullet.objects.PhysicsRigidBody rebuildRigidBody
INFORMATION: Created 13e63cb3b70.
Sept. 13, 2026 4:16:15 AM com.jme3.bullet.objects.PhysicsRigidBody rebuildRigidBody
INFORMATION: Created 13e63cb4e90.
Sept. 13, 2026 4:16:15 AM com.jme3.bullet.objects.PhysicsRigidBody rebuildRigidBody
INFORMATION: Created 13e63cb1200.
Sept. 13, 2026 4:16:15 AM com.jme3.bullet.objects.PhysicsRigidBody rebuildRigidBody
INFORMATION: Created 13e63cb3ea0.
Sept. 13, 2026 4:16:15 AM com.jme3.bullet.objects.PhysicsRigidBody rebuildRigidBody
INFORMATION: Created 13e63cb21f0.
Sept. 13, 2026 4:16:15 AM com.jme3.bullet.objects.PhysicsRigidBody rebuildRigidBody
INFORMATION: Created 13e63cb41d0.
Sept. 13, 2026 4:16:15 AM com.jme3.bullet.objects.PhysicsRigidBody rebuildRigidBody
INFORMATION: Created 13e63cb4500.
Sept. 13, 2026 4:16:15 AM com.jme3.bullet.objects.PhysicsRigidBody rebuildRigidBody
INFORMATION: Created 13e63cb4830.
Sept. 13, 2026 4:16:15 AM com.jme3.bullet.objects.PhysicsRigidBody rebuildRigidBody
INFORMATION: Created 13e63cb4b60.
Sept. 13, 2026 4:16:15 AM com.jme3.bullet.objects.PhysicsRigidBody rebuildRigidBody
INFORMATION: Created 13e63cb51c0.
Sept. 13, 2026 4:16:15 AM com.jme3.bullet.objects.PhysicsRigidBody rebuildRigidBody
INFORMATION: Created 13e63cb54f0.
Sept. 13, 2026 4:16:15 AM com.jme3.bullet.objects.PhysicsRigidBody rebuildRigidBody
INFORMATION: Created 13e63cb5820.
Sept. 13, 2026 4:16:15 AM com.jme3.bullet.objects.PhysicsRigidBody rebuildRigidBody
INFORMATION: Created 13e63cb1b90.
Sept. 13, 2026 4:16:15 AM com.jme3.bullet.objects.PhysicsRigidBody rebuildRigidBody
INFORMATION: Created 13e63cb5b50.
Sept. 13, 2026 4:16:15 AM com.jme3.bullet.objects.PhysicsRigidBody rebuildRigidBody
INFORMATION: Created 13e63cb1ec0.
Sept. 13, 2026 4:16:15 AM com.jme3.bullet.objects.PhysicsRigidBody rebuildRigidBody
INFORMATION: Created 13e63cb5e80.
Sept. 13, 2026 4:16:15 AM com.jme3.bullet.objects.PhysicsRigidBody rebuildRigidBody
INFORMATION: Created 13e63cb2520.
Sept. 13, 2026 4:16:15 AM com.jme3.bullet.objects.PhysicsRigidBody rebuildRigidBody
INFORMATION: Created 13e63cb9b10.
Sept. 13, 2026 4:16:15 AM com.jme3.bullet.objects.PhysicsRigidBody rebuildRigidBody
INFORMATION: Created 13e63cb6810.
Sept. 13, 2026 4:16:15 AM com.jme3.bullet.objects.PhysicsRigidBody rebuildRigidBody
INFORMATION: Created 13e635423f0.
Sept. 13, 2026 4:16:15 AM com.jme3.bullet.objects.PhysicsRigidBody rebuildRigidBody
INFORMATION: Created 13e63542720.
Sept. 13, 2026 4:16:15 AM com.jme3.bullet.objects.PhysicsRigidBody rebuildRigidBody
INFORMATION: Created 13e63543a40.
Sept. 13, 2026 4:16:15 AM com.jme3.bullet.objects.PhysicsRigidBody rebuildRigidBody
INFORMATION: Created 13e635443d0.
Sept. 13, 2026 4:16:15 AM com.jme3.bullet.objects.PhysicsRigidBody rebuildRigidBody
INFORMATION: Created 13e63545d50.
Sept. 13, 2026 4:16:15 AM com.jme3.bullet.objects.PhysicsRigidBody rebuildRigidBody
INFORMATION: Created 13e635420c0.
Sept. 13, 2026 4:16:15 AM com.jme3.bullet.objects.PhysicsRigidBody rebuildRigidBody
INFORMATION: Created 13e63544700.
Sept. 13, 2026 4:16:15 AM com.jme3.bullet.objects.PhysicsRigidBody rebuildRigidBody
INFORMATION: Created 13e635430b0.
Sept. 13, 2026 4:16:15 AM com.jme3.bullet.objects.PhysicsRigidBody rebuildRigidBody
INFORMATION: Created 13e63545090.
Sept. 13, 2026 4:16:15 AM com.jme3.bullet.objects.PhysicsRigidBody rebuildRigidBody
INFORMATION: Created 13e635453c0.
Sept. 13, 2026 4:16:15 AM com.jme3.bullet.objects.PhysicsRigidBody rebuildRigidBody
INFORMATION: Created 13e63544a30.
Sept. 13, 2026 4:16:15 AM com.jme3.bullet.objects.PhysicsRigidBody rebuildRigidBody
INFORMATION: Created 13e635456f0.
Sept. 13, 2026 4:16:15 AM com.jme3.bullet.objects.PhysicsRigidBody rebuildRigidBody
INFORMATION: Created 13e63544d60.
Sept. 13, 2026 4:16:15 AM com.jme3.bullet.objects.PhysicsRigidBody rebuildRigidBody
INFORMATION: Created 13e635433e0.
Sept. 13, 2026 4:16:15 AM com.jme3.bullet.objects.PhysicsRigidBody rebuildRigidBody
INFORMATION: Created 13e63546080.
Sept. 13, 2026 4:16:15 AM com.jme3.bullet.objects.PhysicsRigidBody rebuildRigidBody
INFORMATION: Created 13e63545a20.
Sept. 13, 2026 4:16:15 AM com.jme3.bullet.objects.PhysicsRigidBody rebuildRigidBody
INFORMATION: Created 13e635463b0.
Sept. 13, 2026 4:16:15 AM com.jme3.bullet.objects.PhysicsRigidBody rebuildRigidBody
INFORMATION: Created 13e63543d70.
Sept. 13, 2026 4:16:15 AM com.jme3.bullet.objects.PhysicsRigidBody rebuildRigidBody
INFORMATION: Created 13e635440a0.
Sept. 13, 2026 4:16:15 AM com.jme3.bullet.objects.PhysicsRigidBody rebuildRigidBody
INFORMATION: Created 13e635466e0.
Sept. 13, 2026 4:16:15 AM com.jme3.bullet.objects.PhysicsRigidBody rebuildRigidBody
INFORMATION: Created 13e63542d80.
Sept. 13, 2026 4:16:15 AM com.jme3.bullet.objects.PhysicsRigidBody rebuildRigidBody
INFORMATION: Created 13e63542a50.
Sept. 13, 2026 4:16:15 AM com.jme3.bullet.objects.PhysicsRigidBody rebuildRigidBody
INFORMATION: Created 13e63546a10.
Sept. 13, 2026 4:16:15 AM com.jme3.bullet.objects.PhysicsRigidBody rebuildRigidBody
INFORMATION: Created 13e63546d40.
Sept. 13, 2026 4:16:15 AM com.jme3.bullet.objects.PhysicsRigidBody rebuildRigidBody
INFORMATION: Created 13e63547070.
Sept. 13, 2026 4:16:15 AM com.jme3.bullet.objects.PhysicsRigidBody rebuildRigidBody
INFORMATION: Created 13e635473a0.
Sept. 13, 2026 4:16:15 AM com.jme3.bullet.objects.PhysicsRigidBody rebuildRigidBody
INFORMATION: Created 13e63543710.
Sept. 13, 2026 4:16:15 AM com.jme3.bullet.objects.PhysicsRigidBody rebuildRigidBody
INFORMATION: Created 13e6354ad00.
Sept. 13, 2026 4:16:15 AM com.jme3.bullet.objects.PhysicsRigidBody rebuildRigidBody
INFORMATION: Created 13e63549d10.
Sept. 13, 2026 4:16:15 AM com.jme3.bullet.objects.PhysicsRigidBody rebuildRigidBody
INFORMATION: Created 13e63548d20.
Sept. 13, 2026 4:16:15 AM com.jme3.bullet.objects.PhysicsRigidBody rebuildRigidBody
INFORMATION: Created 13e635486c0.
Sept. 13, 2026 4:16:15 AM com.jme3.bullet.objects.PhysicsRigidBody rebuildRigidBody
INFORMATION: Created 13e635489f0.
Sept. 13, 2026 4:16:15 AM com.jme3.bullet.objects.PhysicsRigidBody rebuildRigidBody
INFORMATION: Created 13e63549050.
Sept. 13, 2026 4:16:15 AM com.jme3.bullet.objects.PhysicsRigidBody rebuildRigidBody
INFORMATION: Created 13e6354a040.
Sept. 13, 2026 4:16:15 AM com.jme3.bullet.objects.PhysicsRigidBody rebuildRigidBody
INFORMATION: Created 13e63548060.
Sept. 13, 2026 4:16:15 AM com.jme3.bullet.objects.PhysicsRigidBody rebuildRigidBody
INFORMATION: Created 13e6354a370.
Sept. 13, 2026 4:16:15 AM com.jme3.bullet.objects.PhysicsRigidBody rebuildRigidBody
INFORMATION: Created 13e63547d30.
Sept. 13, 2026 4:16:15 AM com.jme3.bullet.objects.PhysicsRigidBody rebuildRigidBody
INFORMATION: Created 13e63548390.
Sept. 13, 2026 4:16:15 AM com.jme3.bullet.objects.PhysicsRigidBody rebuildRigidBody
INFORMATION: Created 13e635499e0.
Sept. 13, 2026 4:16:15 AM com.jme3.bullet.objects.PhysicsRigidBody rebuildRigidBody
INFORMATION: Created 13e63549380.
Sept. 13, 2026 4:16:15 AM com.jme3.bullet.objects.PhysicsRigidBody rebuildRigidBody
INFORMATION: Created 13e635496b0.
Sept. 13, 2026 4:16:15 AM com.jme3.bullet.objects.PhysicsRigidBody rebuildRigidBody
INFORMATION: Created 13e6354a6a0.
Sept. 13, 2026 4:16:15 AM com.jme3.bullet.objects.PhysicsRigidBody rebuildRigidBody
INFORMATION: Created 13e6354a9d0.
Sept. 13, 2026 4:16:15 AM com.jme3.bullet.objects.PhysicsRigidBody rebuildRigidBody
INFORMATION: Created 13e6354b030.
Sept. 13, 2026 4:16:15 AM com.jme3.bullet.objects.PhysicsRigidBody rebuildRigidBody
INFORMATION: Created 13e6354b360.
Sept. 13, 2026 4:16:15 AM com.jme3.bullet.objects.PhysicsRigidBody rebuildRigidBody
INFORMATION: Created 13e635476d0.
Sept. 13, 2026 4:16:15 AM com.jme3.bullet.objects.PhysicsRigidBody rebuildRigidBody
INFORMATION: Created 13e6354b690.
Sept. 13, 2026 4:16:15 AM com.jme3.bullet.objects.PhysicsRigidBody rebuildRigidBody
INFORMATION: Created 13e63547a00.
Sept. 13, 2026 4:16:15 AM com.jme3.bullet.objects.PhysicsRigidBody rebuildRigidBody
INFORMATION: Created 13e6354e990.
Sept. 13, 2026 4:16:15 AM com.jme3.bullet.objects.PhysicsRigidBody rebuildRigidBody
INFORMATION: Created 13e6354bcf0.
Sept. 13, 2026 4:16:15 AM com.jme3.bullet.objects.PhysicsRigidBody rebuildRigidBody
INFORMATION: Created 13e6354d010.
Sept. 13, 2026 4:16:15 AM com.jme3.bullet.objects.PhysicsRigidBody rebuildRigidBody
INFORMATION: Created 13e6354b9c0.
Sept. 13, 2026 4:16:15 AM com.jme3.bullet.objects.PhysicsRigidBody rebuildRigidBody
INFORMATION: Created 13e6354c020.
Sept. 13, 2026 4:16:15 AM com.jme3.bullet.objects.PhysicsRigidBody rebuildRigidBody
INFORMATION: Created 13e6354e660.
Sept. 13, 2026 4:16:15 AM com.jme3.bullet.objects.PhysicsRigidBody rebuildRigidBody
INFORMATION: Created 13e6354d670.
Sept. 13, 2026 4:16:15 AM com.jme3.bullet.objects.PhysicsRigidBody rebuildRigidBody
INFORMATION: Created 13e6354d9a0.
Sept. 13, 2026 4:16:15 AM com.jme3.bullet.objects.PhysicsRigidBody rebuildRigidBody
INFORMATION: Created 13e6354c350.
Sept. 13, 2026 4:16:15 AM com.jme3.bullet.objects.PhysicsRigidBody rebuildRigidBody
INFORMATION: Created 13e6354cce0.
Sept. 13, 2026 4:16:15 AM com.jme3.bullet.objects.PhysicsRigidBody rebuildRigidBody
INFORMATION: Created 13e6354dcd0.
Sept. 13, 2026 4:16:15 AM com.jme3.bullet.objects.PhysicsRigidBody rebuildRigidBody
INFORMATION: Created 13e6354c680.
Sept. 13, 2026 4:16:15 AM com.jme3.bullet.objects.PhysicsRigidBody rebuildRigidBody
INFORMATION: Created 13e6354c9b0.
Sept. 13, 2026 4:16:15 AM com.jme3.bullet.objects.PhysicsRigidBody rebuildRigidBody
INFORMATION: Created 13e6354d340.
Sept. 13, 2026 4:16:15 AM com.jme3.bullet.objects.PhysicsRigidBody rebuildRigidBody
INFORMATION: Created 13e6354e000.
Sept. 13, 2026 4:16:15 AM com.jme3.bullet.objects.PhysicsRigidBody rebuildRigidBody
INFORMATION: Created 13e6354e330.
Sept. 13, 2026 4:16:15 AM com.jme3.bullet.objects.PhysicsRigidBody rebuildRigidBody
INFORMATION: Created 13e63550fd0.
Sept. 13, 2026 4:16:15 AM com.jme3.bullet.objects.PhysicsRigidBody rebuildRigidBody
INFORMATION: Created 13e63550970.
Sept. 13, 2026 4:16:15 AM com.jme3.bullet.objects.PhysicsRigidBody rebuildRigidBody
INFORMATION: Created 13e6354eff0.
Sept. 13, 2026 4:16:15 AM com.jme3.bullet.objects.PhysicsRigidBody rebuildRigidBody
INFORMATION: Created 13e6354ffe0.
Sept. 13, 2026 4:16:15 AM com.jme3.bullet.objects.PhysicsRigidBody rebuildRigidBody
INFORMATION: Created 13e63550310.
Sept. 13, 2026 4:16:15 AM com.jme3.bullet.objects.PhysicsRigidBody rebuildRigidBody
INFORMATION: Created 13e63550640.
Sept. 13, 2026 4:16:15 AM com.jme3.bullet.objects.PhysicsRigidBody rebuildRigidBody
INFORMATION: Created 13e6354f980.
Sept. 13, 2026 4:16:15 AM com.jme3.bullet.objects.PhysicsRigidBody rebuildRigidBody
INFORMATION: Created 13e63551630.
Sept. 13, 2026 4:16:15 AM com.jme3.bullet.objects.PhysicsRigidBody rebuildRigidBody
INFORMATION: Created 13e63551fc0.
Sept. 13, 2026 4:16:15 AM com.jme3.bullet.objects.PhysicsRigidBody rebuildRigidBody
INFORMATION: Created 13e6354fcb0.
Sept. 13, 2026 4:16:15 AM com.jme3.bullet.objects.PhysicsRigidBody rebuildRigidBody
INFORMATION: Created 13e63551c90.
Sept. 13, 2026 4:16:15 AM com.jme3.bullet.objects.PhysicsRigidBody rebuildRigidBody
INFORMATION: Created 13e63551300.
Sept. 13, 2026 4:16:15 AM com.jme3.bullet.objects.PhysicsRigidBody rebuildRigidBody
INFORMATION: Created 13e63550ca0.
Sept. 13, 2026 4:16:15 AM com.jme3.bullet.objects.PhysicsRigidBody rebuildRigidBody
INFORMATION: Created 13e63551960.
Sept. 13, 2026 4:16:15 AM com.jme3.bullet.objects.PhysicsRigidBody rebuildRigidBody
INFORMATION: Created 13e635522f0.
Sept. 13, 2026 4:16:15 AM com.jme3.bullet.objects.PhysicsRigidBody rebuildRigidBody
INFORMATION: Created 13e63552620.
Sept. 13, 2026 4:16:15 AM com.jme3.bullet.objects.PhysicsRigidBody rebuildRigidBody
INFORMATION: Created 13e63552950.
Sept. 13, 2026 4:16:15 AM com.jme3.bullet.objects.PhysicsRigidBody rebuildRigidBody
INFORMATION: Created 13e6354ecc0.
Sept. 13, 2026 4:16:15 AM com.jme3.bullet.objects.PhysicsRigidBody rebuildRigidBody
INFORMATION: Created 13e63552c80.
Sept. 13, 2026 4:16:15 AM com.jme3.bullet.objects.PhysicsRigidBody rebuildRigidBody
INFORMATION: Created 13e63552fb0.
Sept. 13, 2026 4:16:15 AM com.jme3.bullet.objects.PhysicsRigidBody rebuildRigidBody
INFORMATION: Created 13e6354f320.
Sept. 13, 2026 4:16:15 AM com.jme3.bullet.objects.PhysicsRigidBody rebuildRigidBody
INFORMATION: Created 13e6354f650.
Sept. 13, 2026 4:16:15 AM com.jme3.bullet.objects.PhysicsRigidBody rebuildRigidBody
INFORMATION: Created 13e635552c0.
Sept. 13, 2026 4:16:15 AM com.jme3.bullet.objects.PhysicsRigidBody rebuildRigidBody
INFORMATION: Created 13e635555f0.
Sept. 13, 2026 4:16:15 AM com.jme3.bullet.objects.PhysicsRigidBody rebuildRigidBody
INFORMATION: Created 13e63554f90.
Sept. 13, 2026 4:16:15 AM com.jme3.bullet.objects.PhysicsRigidBody rebuildRigidBody
INFORMATION: Created 13e63555920.
Sept. 13, 2026 4:16:15 AM com.jme3.bullet.objects.PhysicsRigidBody rebuildRigidBody
INFORMATION: Created 13e63553940.
Sept. 13, 2026 4:16:15 AM com.jme3.bullet.objects.PhysicsRigidBody rebuildRigidBody
INFORMATION: Created 13e63555c50.
Sept. 13, 2026 4:16:15 AM com.jme3.bullet.objects.PhysicsRigidBody rebuildRigidBody
INFORMATION: Created 13e63553610.
Sept. 13, 2026 4:16:15 AM com.jme3.bullet.objects.PhysicsRigidBody rebuildRigidBody
INFORMATION: Created 13e63553c70.
Sept. 13, 2026 4:16:15 AM com.jme3.bullet.objects.PhysicsRigidBody rebuildRigidBody
INFORMATION: Created 13e63554c60.
Sept. 13, 2026 4:16:15 AM com.jme3.bullet.objects.PhysicsRigidBody rebuildRigidBody
INFORMATION: Created 13e63555f80.
Sept. 13, 2026 4:16:15 AM com.jme3.bullet.objects.PhysicsRigidBody rebuildRigidBody
INFORMATION: Created 13e63556910.
Sept. 13, 2026 4:16:15 AM com.jme3.bullet.objects.PhysicsRigidBody rebuildRigidBody
INFORMATION: Created 13e63554600.
Sept. 13, 2026 4:16:15 AM com.jme3.bullet.objects.PhysicsRigidBody rebuildRigidBody
INFORMATION: Created 13e635562b0.
Sept. 13, 2026 4:16:15 AM com.jme3.bullet.objects.PhysicsRigidBody rebuildRigidBody
INFORMATION: Created 13e635565e0.
Sept. 13, 2026 4:16:15 AM com.jme3.bullet.objects.PhysicsRigidBody rebuildRigidBody
INFORMATION: Created 13e63556c40.
Sept. 13, 2026 4:16:15 AM com.jme3.bullet.objects.PhysicsRigidBody rebuildRigidBody
INFORMATION: Created 13e635542d0.
Sept. 13, 2026 4:16:15 AM com.jme3.bullet.objects.PhysicsRigidBody rebuildRigidBody
INFORMATION: Created 13e63556f70.
Sept. 13, 2026 4:16:15 AM com.jme3.anim.SkinningControl controlRender
INFORMATION: Hardware skinning engaged for Scene (Node)
Sept. 13, 2026 4:16:15 AM com.jme3.anim.SkinningControl controlRender
INFORMATION: Hardware skinning engaged for Scene (Node)
Sept. 13, 2026 4:16:15 AM com.jme3.anim.SkinningControl controlRender
INFORMATION: Hardware skinning engaged for Scene (Node)
Sept. 13, 2026 4:16:15 AM com.jme3.anim.SkinningControl controlRender
INFORMATION: Hardware skinning engaged for Scene (Node)
[SMOKE] stage 11
[GAME] Spiel gespeichert.
[SMOKE] stage 12
Sept. 13, 2026 4:16:20 AM com.jme3.bullet.objects.PhysicsRigidBody rebuildRigidBody
INFORMATION: Created 13e635532e0.
Sept. 13, 2026 4:16:20 AM com.jme3.bullet.objects.PhysicsRigidBody rebuildRigidBody
INFORMATION: Created 13e635572a0.
Sept. 13, 2026 4:16:20 AM com.jme3.bullet.objects.PhysicsRigidBody rebuildRigidBody
INFORMATION: Created 13e635575d0.
Sept. 13, 2026 4:16:20 AM com.jme3.bullet.objects.PhysicsRigidBody rebuildRigidBody
INFORMATION: Created 13e63554930.
Sept. 13, 2026 4:16:20 AM com.jme3.bullet.objects.PhysicsRigidBody rebuildRigidBody
INFORMATION: Created 13e63557900.
Sept. 13, 2026 4:16:20 AM com.jme3.bullet.objects.PhysicsRigidBody rebuildRigidBody
INFORMATION: Created 13e63557c30.
Sept. 13, 2026 4:16:20 AM com.jme3.bullet.objects.PhysicsRigidBody rebuildRigidBody
INFORMATION: Created 13e63553fa0.
Sept. 13, 2026 4:16:20 AM com.jme3.bullet.objects.PhysicsRigidBody rebuildRigidBody
INFORMATION: Created 13e63558f50.
Sept. 13, 2026 4:16:20 AM com.jme3.bullet.objects.PhysicsRigidBody rebuildRigidBody
INFORMATION: Created 13e6355a270.
Sept. 13, 2026 4:16:20 AM com.jme3.bullet.objects.PhysicsRigidBody rebuildRigidBody
INFORMATION: Created 13e6355b590.
Sept. 13, 2026 4:16:20 AM com.jme3.bullet.objects.PhysicsRigidBody rebuildRigidBody
INFORMATION: Created 13e635598e0.
Sept. 13, 2026 4:16:20 AM com.jme3.bullet.objects.PhysicsRigidBody rebuildRigidBody
INFORMATION: Created 13e63559280.
Sept. 13, 2026 4:16:20 AM com.jme3.bullet.objects.PhysicsRigidBody rebuildRigidBody
INFORMATION: Created 13e63557f60.
Sept. 13, 2026 4:16:20 AM com.jme3.bullet.objects.PhysicsRigidBody rebuildRigidBody
INFORMATION: Created 13e635595b0.
Sept. 13, 2026 4:16:20 AM com.jme3.bullet.objects.PhysicsRigidBody rebuildRigidBody
INFORMATION: Created 13e63558290.
Sept. 13, 2026 4:16:20 AM com.jme3.bullet.objects.PhysicsRigidBody rebuildRigidBody
INFORMATION: Created 13e635585c0.
Sept. 13, 2026 4:16:20 AM com.jme3.bullet.objects.PhysicsRigidBody rebuildRigidBody
INFORMATION: Created 13e63559c10.
Sept. 13, 2026 4:16:20 AM com.jme3.bullet.objects.PhysicsRigidBody rebuildRigidBody
INFORMATION: Created 13e635588f0.
Sept. 13, 2026 4:16:20 AM com.jme3.bullet.objects.PhysicsRigidBody rebuildRigidBody
INFORMATION: Created 13e63558c20.
Sept. 13, 2026 4:16:20 AM com.jme3.bullet.objects.PhysicsRigidBody rebuildRigidBody
INFORMATION: Created 13e63559f40.
Sept. 13, 2026 4:16:20 AM com.jme3.bullet.objects.PhysicsRigidBody rebuildRigidBody
INFORMATION: Created 13e6355a5a0.
Sept. 13, 2026 4:16:20 AM com.jme3.bullet.objects.PhysicsRigidBody rebuildRigidBody
INFORMATION: Created 13e6355a8d0.
Sept. 13, 2026 4:16:20 AM com.jme3.bullet.objects.PhysicsRigidBody rebuildRigidBody
INFORMATION: Created 13e6355ac00.
Sept. 13, 2026 4:16:20 AM com.jme3.bullet.objects.PhysicsRigidBody rebuildRigidBody
INFORMATION: Created 13e6355af30.
Sept. 13, 2026 4:16:20 AM com.jme3.bullet.objects.PhysicsRigidBody rebuildRigidBody
INFORMATION: Created 13e6355b260.
Sept. 13, 2026 4:16:20 AM com.jme3.bullet.objects.PhysicsRigidBody rebuildRigidBody
INFORMATION: Created 13e6355d240.
Sept. 13, 2026 4:16:20 AM com.jme3.bullet.objects.PhysicsRigidBody rebuildRigidBody
INFORMATION: Created 13e6355bbf0.
Sept. 13, 2026 4:16:20 AM com.jme3.bullet.objects.PhysicsRigidBody rebuildRigidBody
INFORMATION: Created 13e6355bf20.
Sept. 13, 2026 4:16:20 AM com.jme3.bullet.objects.PhysicsRigidBody rebuildRigidBody
INFORMATION: Created 13e6355c580.
Sept. 13, 2026 4:16:20 AM com.jme3.bullet.objects.PhysicsRigidBody rebuildRigidBody
INFORMATION: Created 13e6355cf10.
Sept. 13, 2026 4:16:20 AM com.jme3.bullet.objects.PhysicsRigidBody rebuildRigidBody
INFORMATION: Created 13e6355dbd0.
Sept. 13, 2026 4:16:20 AM com.jme3.bullet.objects.PhysicsRigidBody rebuildRigidBody
INFORMATION: Created 13e6355c250.
Sept. 13, 2026 4:16:20 AM com.jme3.bullet.objects.PhysicsRigidBody rebuildRigidBody
INFORMATION: Created 13e6355f550.
Sept. 13, 2026 4:16:20 AM com.jme3.bullet.objects.PhysicsRigidBody rebuildRigidBody
INFORMATION: Created 13e6355b8c0.
Sept. 13, 2026 4:16:20 AM com.jme3.bullet.objects.PhysicsRigidBody rebuildRigidBody
INFORMATION: Created 13e6355fee0.
Sept. 13, 2026 4:16:20 AM com.jme3.bullet.objects.PhysicsRigidBody rebuildRigidBody
INFORMATION: Created 13e63560540.
Sept. 13, 2026 4:16:20 AM com.jme3.bullet.objects.PhysicsRigidBody rebuildRigidBody
INFORMATION: Created 13e6355fbb0.
Sept. 13, 2026 4:16:20 AM com.jme3.bullet.objects.PhysicsRigidBody rebuildRigidBody
INFORMATION: Created 13e6355f880.
Sept. 13, 2026 4:16:20 AM com.jme3.bullet.objects.PhysicsRigidBody rebuildRigidBody
INFORMATION: Created 13e6355df00.
Sept. 13, 2026 4:16:20 AM com.jme3.bullet.objects.PhysicsRigidBody rebuildRigidBody
INFORMATION: Created 13e6355e230.
Sept. 13, 2026 4:16:20 AM com.jme3.bullet.objects.PhysicsRigidBody rebuildRigidBody
INFORMATION: Created 13e6355d8a0.
Sept. 13, 2026 4:16:20 AM com.jme3.bullet.objects.PhysicsRigidBody rebuildRigidBody
INFORMATION: Created 13e6355e560.
Sept. 13, 2026 4:16:20 AM com.jme3.bullet.objects.PhysicsRigidBody rebuildRigidBody
INFORMATION: Created 13e6355e890.
Sept. 13, 2026 4:16:20 AM com.jme3.bullet.objects.PhysicsRigidBody rebuildRigidBody
INFORMATION: Created 13e6355ebc0.
Sept. 13, 2026 4:16:20 AM com.jme3.bullet.objects.PhysicsRigidBody rebuildRigidBody
INFORMATION: Created 13e6355d570.
Sept. 13, 2026 4:16:20 AM com.jme3.bullet.objects.PhysicsRigidBody rebuildRigidBody
INFORMATION: Created 13e63560210.
Sept. 13, 2026 4:16:20 AM com.jme3.bullet.objects.PhysicsRigidBody rebuildRigidBody
INFORMATION: Created 13e6355eef0.
Sept. 13, 2026 4:16:20 AM com.jme3.bullet.objects.PhysicsRigidBody rebuildRigidBody
INFORMATION: Created 13e6355f220.
Sept. 13, 2026 4:16:20 AM com.jme3.bullet.objects.PhysicsRigidBody rebuildRigidBody
INFORMATION: Created 13e6355c8b0.
Sept. 13, 2026 4:16:20 AM com.jme3.bullet.objects.PhysicsRigidBody rebuildRigidBody
INFORMATION: Created 13e63560870.
Sept. 13, 2026 4:16:20 AM com.jme3.bullet.objects.PhysicsRigidBody rebuildRigidBody
INFORMATION: Created 13e6355cbe0.
Sept. 13, 2026 4:16:20 AM com.jme3.bullet.objects.PhysicsRigidBody rebuildRigidBody
INFORMATION: Created 13e63560ba0.
Sept. 13, 2026 4:16:20 AM com.jme3.bullet.objects.PhysicsRigidBody rebuildRigidBody
INFORMATION: Created 13e63560ed0.
Sept. 13, 2026 4:16:20 AM com.jme3.bullet.objects.PhysicsRigidBody rebuildRigidBody
INFORMATION: Created 13e63561b90.
Sept. 13, 2026 4:16:20 AM com.jme3.bullet.objects.PhysicsRigidBody rebuildRigidBody
INFORMATION: Created 13e63561200.
Sept. 13, 2026 4:16:20 AM com.jme3.bullet.objects.PhysicsRigidBody rebuildRigidBody
INFORMATION: Created 13e63561530.
Sept. 13, 2026 4:16:20 AM com.jme3.bullet.objects.PhysicsRigidBody rebuildRigidBody
INFORMATION: Created 13e63561860.
Sept. 13, 2026 4:16:20 AM com.jme3.bullet.objects.PhysicsRigidBody rebuildRigidBody
INFORMATION: Created 13e828055b0.
Sept. 13, 2026 4:16:20 AM com.jme3.bullet.objects.PhysicsRigidBody rebuildRigidBody
INFORMATION: Created 13e828048f0.
Sept. 13, 2026 4:16:20 AM com.jme3.bullet.objects.PhysicsRigidBody rebuildRigidBody
INFORMATION: Created 13e82806c00.
Sept. 13, 2026 4:16:20 AM com.jme3.bullet.objects.PhysicsRigidBody rebuildRigidBody
INFORMATION: Created 13e828058e0.
Sept. 13, 2026 4:16:20 AM com.jme3.bullet.objects.PhysicsRigidBody rebuildRigidBody
INFORMATION: Created 13e82806f30.
Sept. 13, 2026 4:16:20 AM com.jme3.bullet.objects.PhysicsRigidBody rebuildRigidBody
INFORMATION: Created 13e828045c0.
Sept. 13, 2026 4:16:20 AM com.jme3.bullet.objects.PhysicsRigidBody rebuildRigidBody
INFORMATION: Created 13e82803f60.
Sept. 13, 2026 4:16:20 AM com.jme3.bullet.objects.PhysicsRigidBody rebuildRigidBody
INFORMATION: Created 13e82804290.
Sept. 13, 2026 4:16:20 AM com.jme3.bullet.objects.PhysicsRigidBody rebuildRigidBody
INFORMATION: Created 13e82804f50.
Sept. 13, 2026 4:16:20 AM com.jme3.bullet.objects.PhysicsRigidBody rebuildRigidBody
INFORMATION: Created 13e82805c10.
Sept. 13, 2026 4:16:20 AM com.jme3.bullet.objects.PhysicsRigidBody rebuildRigidBody
INFORMATION: Created 13e828032a0.
Sept. 13, 2026 4:16:20 AM com.jme3.bullet.objects.PhysicsRigidBody rebuildRigidBody
INFORMATION: Created 13e82804c20.
Sept. 13, 2026 4:16:20 AM com.jme3.bullet.objects.PhysicsRigidBody rebuildRigidBody
INFORMATION: Created 13e82805280.
Sept. 13, 2026 4:16:20 AM com.jme3.bullet.objects.PhysicsRigidBody rebuildRigidBody
INFORMATION: Created 13e828068d0.
Sept. 13, 2026 4:16:20 AM com.jme3.bullet.objects.PhysicsRigidBody rebuildRigidBody
INFORMATION: Created 13e82803c30.
Sept. 13, 2026 4:16:20 AM com.jme3.bullet.objects.PhysicsRigidBody rebuildRigidBody
INFORMATION: Created 13e82805f40.
Sept. 13, 2026 4:16:20 AM com.jme3.bullet.objects.PhysicsRigidBody rebuildRigidBody
INFORMATION: Created 13e82807260.
Sept. 13, 2026 4:16:20 AM com.jme3.bullet.objects.PhysicsRigidBody rebuildRigidBody
INFORMATION: Created 13e82806270.
Sept. 13, 2026 4:16:20 AM com.jme3.bullet.objects.PhysicsRigidBody rebuildRigidBody
INFORMATION: Created 13e828035d0.
Sept. 13, 2026 4:16:20 AM com.jme3.bullet.objects.PhysicsRigidBody rebuildRigidBody
INFORMATION: Created 13e828065a0.
Sept. 13, 2026 4:16:20 AM com.jme3.bullet.objects.PhysicsRigidBody rebuildRigidBody
INFORMATION: Created 13e82807590.
Sept. 13, 2026 4:16:20 AM com.jme3.bullet.objects.PhysicsRigidBody rebuildRigidBody
INFORMATION: Created 13e82803900.
Sept. 13, 2026 4:16:20 AM com.jme3.bullet.objects.PhysicsRigidBody rebuildRigidBody
INFORMATION: Created 13e828078c0.
Sept. 13, 2026 4:16:20 AM com.jme3.bullet.objects.PhysicsRigidBody rebuildRigidBody
INFORMATION: Created 13e82807bf0.
Sept. 13, 2026 4:16:20 AM com.jme3.bullet.objects.PhysicsRigidBody rebuildRigidBody
INFORMATION: Created 13e828088b0.
Sept. 13, 2026 4:16:20 AM com.jme3.bullet.objects.PhysicsRigidBody rebuildRigidBody
INFORMATION: Created 13e82807f20.
Sept. 13, 2026 4:16:20 AM com.jme3.bullet.objects.PhysicsRigidBody rebuildRigidBody
INFORMATION: Created 13e82808250.
Sept. 13, 2026 4:16:20 AM com.jme3.bullet.objects.PhysicsRigidBody rebuildRigidBody
INFORMATION: Created 13e82808580.
Sept. 13, 2026 4:16:20 AM com.jme3.bullet.objects.PhysicsRigidBody rebuildRigidBody
INFORMATION: Created 13e82808be0.
Sept. 13, 2026 4:16:20 AM com.jme3.bullet.objects.PhysicsRigidBody rebuildRigidBody
INFORMATION: Created 13e82808f10.
Sept. 13, 2026 4:16:20 AM com.jme3.bullet.objects.PhysicsRigidBody rebuildRigidBody
INFORMATION: Created 13e82809240.
Sept. 13, 2026 4:16:20 AM com.jme3.bullet.objects.PhysicsRigidBody rebuildRigidBody
INFORMATION: Created 13e82809570.
Sept. 13, 2026 4:16:20 AM com.jme3.bullet.objects.PhysicsRigidBody rebuildRigidBody
INFORMATION: Created 13e827eb420.
Sept. 13, 2026 4:16:20 AM com.jme3.bullet.objects.PhysicsRigidBody rebuildRigidBody
INFORMATION: Created 13e827ed0d0.
Sept. 13, 2026 4:16:20 AM com.jme3.bullet.objects.PhysicsRigidBody rebuildRigidBody
INFORMATION: Created 13e827eaa90.
Sept. 13, 2026 4:16:20 AM com.jme3.bullet.objects.PhysicsRigidBody rebuildRigidBody
INFORMATION: Created 13e827eadc0.
Sept. 13, 2026 4:16:20 AM com.jme3.bullet.objects.PhysicsRigidBody rebuildRigidBody
INFORMATION: Created 13e827ea760.
Sept. 13, 2026 4:16:20 AM com.jme3.bullet.objects.PhysicsRigidBody rebuildRigidBody
INFORMATION: Created 13e827eba80.
Sept. 13, 2026 4:16:20 AM com.jme3.bullet.objects.PhysicsRigidBody rebuildRigidBody
INFORMATION: Created 13e827eb0f0.
Sept. 13, 2026 4:16:20 AM com.jme3.bullet.objects.PhysicsRigidBody rebuildRigidBody
INFORMATION: Created 13e827ebdb0.
Sept. 13, 2026 4:16:20 AM com.jme3.bullet.objects.PhysicsRigidBody rebuildRigidBody
INFORMATION: Created 13e827eb750.
Sept. 13, 2026 4:16:20 AM com.jme3.bullet.objects.PhysicsRigidBody rebuildRigidBody
INFORMATION: Created 13e827e9dd0.
Sept. 13, 2026 4:16:20 AM com.jme3.bullet.objects.PhysicsRigidBody rebuildRigidBody
INFORMATION: Created 13e827ea100.
Sept. 13, 2026 4:16:20 AM com.jme3.bullet.objects.PhysicsRigidBody rebuildRigidBody
INFORMATION: Created 13e827ec0e0.
Sept. 13, 2026 4:16:20 AM com.jme3.bullet.objects.PhysicsRigidBody rebuildRigidBody
INFORMATION: Created 13e827ed730.
Sept. 13, 2026 4:16:20 AM com.jme3.bullet.objects.PhysicsRigidBody rebuildRigidBody
INFORMATION: Created 13e827ec410.
Sept. 13, 2026 4:16:20 AM com.jme3.bullet.objects.PhysicsRigidBody rebuildRigidBody
INFORMATION: Created 13e827ea430.
Sept. 13, 2026 4:16:20 AM com.jme3.bullet.objects.PhysicsRigidBody rebuildRigidBody
INFORMATION: Created 13e827ec740.
Sept. 13, 2026 4:16:20 AM com.jme3.bullet.objects.PhysicsRigidBody rebuildRigidBody
INFORMATION: Created 13e827eca70.
Sept. 13, 2026 4:16:20 AM com.jme3.bullet.objects.PhysicsRigidBody rebuildRigidBody
INFORMATION: Created 13e827e9aa0.
Sept. 13, 2026 4:16:20 AM com.jme3.bullet.objects.PhysicsRigidBody rebuildRigidBody
INFORMATION: Created 13e827efa40.
Sept. 13, 2026 4:16:20 AM com.jme3.bullet.objects.PhysicsRigidBody rebuildRigidBody
INFORMATION: Created 13e827eda60.
Sept. 13, 2026 4:16:20 AM com.jme3.bullet.objects.PhysicsRigidBody rebuildRigidBody
INFORMATION: Created 13e827f0a30.
Sept. 13, 2026 4:16:20 AM com.jme3.bullet.objects.PhysicsRigidBody rebuildRigidBody
INFORMATION: Created 13e827ed400.
Sept. 13, 2026 4:16:20 AM com.jme3.bullet.objects.PhysicsRigidBody rebuildRigidBody
INFORMATION: Created 13e827f0700.
Sept. 13, 2026 4:16:20 AM com.jme3.bullet.objects.PhysicsRigidBody rebuildRigidBody
INFORMATION: Created 13e827edd90.
Sept. 13, 2026 4:16:20 AM com.jme3.bullet.objects.PhysicsRigidBody rebuildRigidBody
INFORMATION: Created 13e827ecda0.
Sept. 13, 2026 4:16:20 AM com.jme3.bullet.objects.PhysicsRigidBody rebuildRigidBody
INFORMATION: Created 13e827f1d50.
Sept. 13, 2026 4:16:20 AM com.jme3.bullet.objects.PhysicsRigidBody rebuildRigidBody
INFORMATION: Created 13e827f03d0.
Sept. 13, 2026 4:16:20 AM com.jme3.bullet.objects.PhysicsRigidBody rebuildRigidBody
INFORMATION: Created 13e827f1090.
Sept. 13, 2026 4:16:20 AM com.jme3.bullet.objects.PhysicsRigidBody rebuildRigidBody
INFORMATION: Created 13e827f13c0.
Sept. 13, 2026 4:16:20 AM com.jme3.bullet.objects.PhysicsRigidBody rebuildRigidBody
INFORMATION: Created 13e827ef0b0.
Sept. 13, 2026 4:16:20 AM com.jme3.bullet.objects.PhysicsRigidBody rebuildRigidBody
INFORMATION: Created 13e827f0d60.
Sept. 13, 2026 4:16:20 AM com.jme3.bullet.objects.PhysicsRigidBody rebuildRigidBody
INFORMATION: Created 13e827ef3e0.
Sept. 13, 2026 4:16:20 AM com.jme3.bullet.objects.PhysicsRigidBody rebuildRigidBody
INFORMATION: Created 13e827ee3f0.
Sept. 13, 2026 4:16:20 AM com.jme3.bullet.objects.PhysicsRigidBody rebuildRigidBody
INFORMATION: Created 13e827efd70.
Sept. 13, 2026 4:16:20 AM com.jme3.bullet.objects.PhysicsRigidBody rebuildRigidBody
INFORMATION: Created 13e827ee0c0.
Sept. 13, 2026 4:16:20 AM com.jme3.bullet.objects.PhysicsRigidBody rebuildRigidBody
INFORMATION: Created 13e827eed80.
Sept. 13, 2026 4:16:20 AM com.jme3.bullet.objects.PhysicsRigidBody rebuildRigidBody
INFORMATION: Created 13e827ef710.
Sept. 13, 2026 4:16:20 AM com.jme3.bullet.objects.PhysicsRigidBody rebuildRigidBody
INFORMATION: Created 13e827f16f0.
Sept. 13, 2026 4:16:20 AM com.jme3.bullet.objects.PhysicsRigidBody rebuildRigidBody
INFORMATION: Created 13e827f1a20.
Sept. 13, 2026 4:16:20 AM com.jme3.bullet.objects.PhysicsRigidBody rebuildRigidBody
INFORMATION: Created 13e827f2080.
Sept. 13, 2026 4:16:20 AM com.jme3.bullet.objects.PhysicsRigidBody rebuildRigidBody
INFORMATION: Created 13e827f23b0.
Sept. 13, 2026 4:16:20 AM com.jme3.bullet.objects.PhysicsRigidBody rebuildRigidBody
INFORMATION: Created 13e827ee720.
Sept. 13, 2026 4:16:20 AM com.jme3.bullet.objects.PhysicsRigidBody rebuildRigidBody
INFORMATION: Created 13e827f26e0.
Sept. 13, 2026 4:16:20 AM com.jme3.bullet.objects.PhysicsRigidBody rebuildRigidBody
INFORMATION: Created 13e827eea50.
Sept. 13, 2026 4:16:20 AM com.jme3.bullet.objects.PhysicsRigidBody rebuildRigidBody
INFORMATION: Created 13e827f2a10.
Sept. 13, 2026 4:16:20 AM com.jme3.bullet.objects.PhysicsRigidBody rebuildRigidBody
INFORMATION: Created 13e827f2d40.
Sept. 13, 2026 4:16:20 AM com.jme3.bullet.objects.PhysicsRigidBody rebuildRigidBody
INFORMATION: Created 13e827f33a0.
Sept. 13, 2026 4:16:20 AM com.jme3.bullet.objects.PhysicsRigidBody rebuildRigidBody
INFORMATION: Created 13e827f3070.
Sept. 13, 2026 4:16:20 AM com.jme3.bullet.objects.PhysicsRigidBody rebuildRigidBody
INFORMATION: Created 13e827f36d0.
Sept. 13, 2026 4:16:20 AM com.jme3.bullet.objects.PhysicsRigidBody rebuildRigidBody
INFORMATION: Created 13e827f3a00.
Sept. 13, 2026 4:16:20 AM com.jme3.bullet.objects.PhysicsRigidBody rebuildRigidBody
INFORMATION: Created 13e827f3d30.
Sept. 13, 2026 4:16:20 AM com.jme3.bullet.objects.PhysicsRigidBody rebuildRigidBody
INFORMATION: Created 13e827f00a0.
Sept. 13, 2026 4:16:20 AM com.jme3.bullet.objects.PhysicsRigidBody rebuildRigidBody
INFORMATION: Created 13e827f5050.
Sept. 13, 2026 4:16:20 AM com.jme3.bullet.objects.PhysicsRigidBody rebuildRigidBody
INFORMATION: Created 13e827f4060.
Sept. 13, 2026 4:16:20 AM com.jme3.bullet.objects.PhysicsRigidBody rebuildRigidBody
INFORMATION: Created 13e827f4390.
Sept. 13, 2026 4:16:20 AM com.jme3.bullet.objects.PhysicsRigidBody rebuildRigidBody
INFORMATION: Created 13e827f5380.
Sept. 13, 2026 4:16:20 AM com.jme3.bullet.objects.PhysicsRigidBody rebuildRigidBody
INFORMATION: Created 13e827f49f0.
Sept. 13, 2026 4:16:20 AM com.jme3.bullet.objects.PhysicsRigidBody rebuildRigidBody
INFORMATION: Created 13e827f46c0.
Sept. 13, 2026 4:16:20 AM com.jme3.bullet.objects.PhysicsRigidBody rebuildRigidBody
INFORMATION: Created 13e827f4d20.
Sept. 13, 2026 4:16:20 AM com.jme3.bullet.objects.PhysicsRigidBody rebuildRigidBody
INFORMATION: Created 13e827f56b0.
Sept. 13, 2026 4:16:20 AM com.jme3.bullet.objects.PhysicsRigidBody rebuildRigidBody
INFORMATION: Created 13e827f59e0.
Sept. 13, 2026 4:16:20 AM com.jme3.bullet.objects.PhysicsRigidBody rebuildRigidBody
INFORMATION: Created 13e827f5d10.
Sept. 13, 2026 4:16:20 AM com.jme3.bullet.objects.PhysicsRigidBody rebuildRigidBody
INFORMATION: Created 13e827f6040.
[GAME] Spielstand geladen.
Sept. 13, 2026 4:16:20 AM com.jme3.anim.SkinningControl controlRender
INFORMATION: Hardware skinning engaged for Scene (Node)
Sept. 13, 2026 4:16:20 AM com.jme3.anim.SkinningControl controlRender
INFORMATION: Hardware skinning engaged for Scene (Node)
Sept. 13, 2026 4:16:20 AM com.jme3.anim.SkinningControl controlRender
INFORMATION: Hardware skinning engaged for Scene (Node)
Sept. 13, 2026 4:16:20 AM com.jme3.anim.SkinningControl controlRender
INFORMATION: Hardware skinning engaged for Scene (Node)
[SMOKE] stage 13
Sept. 13, 2026 4:16:22 AM com.jme3.bullet.objects.PhysicsRigidBody rebuildRigidBody
INFORMATION: Created 13e827f6370.
Sept. 13, 2026 4:16:22 AM com.jme3.bullet.objects.PhysicsRigidBody rebuildRigidBody
INFORMATION: Created 13e82805c10.
Sept. 13, 2026 4:16:22 AM com.jme3.bullet.objects.PhysicsRigidBody rebuildRigidBody
INFORMATION: Created 13e828045c0.
Sept. 13, 2026 4:16:22 AM com.jme3.bullet.objects.PhysicsRigidBody rebuildRigidBody
INFORMATION: Created 13e828055b0.
Sept. 13, 2026 4:16:22 AM com.jme3.bullet.objects.PhysicsRigidBody rebuildRigidBody
INFORMATION: Created 13e828048f0.
Sept. 13, 2026 4:16:22 AM com.jme3.bullet.objects.PhysicsRigidBody rebuildRigidBody
INFORMATION: Created 13e82803900.
Sept. 13, 2026 4:16:22 AM com.jme3.bullet.objects.PhysicsRigidBody rebuildRigidBody
INFORMATION: Created 13e82804290.
Sept. 13, 2026 4:16:22 AM com.jme3.bullet.objects.PhysicsRigidBody rebuildRigidBody
INFORMATION: Created 13e828065a0.
Sept. 13, 2026 4:16:22 AM com.jme3.bullet.objects.PhysicsRigidBody rebuildRigidBody
INFORMATION: Created 13e828032a0.
Sept. 13, 2026 4:16:22 AM com.jme3.bullet.objects.PhysicsRigidBody rebuildRigidBody
INFORMATION: Created 13e82803c30.
Sept. 13, 2026 4:16:22 AM com.jme3.bullet.objects.PhysicsRigidBody rebuildRigidBody
INFORMATION: Created 13e82804c20.
Sept. 13, 2026 4:16:22 AM com.jme3.bullet.objects.PhysicsRigidBody rebuildRigidBody
INFORMATION: Created 13e828068d0.
Sept. 13, 2026 4:16:22 AM com.jme3.bullet.objects.PhysicsRigidBody rebuildRigidBody
INFORMATION: Created 13e82804f50.
Sept. 13, 2026 4:16:22 AM com.jme3.bullet.objects.PhysicsRigidBody rebuildRigidBody
INFORMATION: Created 13e828058e0.
Sept. 13, 2026 4:16:22 AM com.jme3.bullet.objects.PhysicsRigidBody rebuildRigidBody
INFORMATION: Created 13e82805f40.
Sept. 13, 2026 4:16:22 AM com.jme3.bullet.objects.PhysicsRigidBody rebuildRigidBody
INFORMATION: Created 13e82806c00.
Sept. 13, 2026 4:16:22 AM com.jme3.bullet.objects.PhysicsRigidBody rebuildRigidBody
INFORMATION: Created 13e82805280.
Sept. 13, 2026 4:16:22 AM com.jme3.bullet.objects.PhysicsRigidBody rebuildRigidBody
INFORMATION: Created 13e828035d0.
Sept. 13, 2026 4:16:22 AM com.jme3.bullet.objects.PhysicsRigidBody rebuildRigidBody
INFORMATION: Created 13e82806270.
Sept. 13, 2026 4:16:22 AM com.jme3.bullet.objects.PhysicsRigidBody rebuildRigidBody
INFORMATION: Created 13e82806f30.
Sept. 13, 2026 4:16:22 AM com.jme3.bullet.objects.PhysicsRigidBody rebuildRigidBody
INFORMATION: Created 13e82807260.
Sept. 13, 2026 4:16:22 AM com.jme3.bullet.objects.PhysicsRigidBody rebuildRigidBody
INFORMATION: Created 13e82807590.
Sept. 13, 2026 4:16:22 AM com.jme3.bullet.objects.PhysicsRigidBody rebuildRigidBody
INFORMATION: Created 13e828078c0.
Sept. 13, 2026 4:16:22 AM com.jme3.bullet.objects.PhysicsRigidBody rebuildRigidBody
INFORMATION: Created 13e82807bf0.
Sept. 13, 2026 4:16:22 AM com.jme3.bullet.objects.PhysicsRigidBody rebuildRigidBody
INFORMATION: Created 13e82803f60.
Sept. 13, 2026 4:16:22 AM com.jme3.bullet.objects.PhysicsRigidBody rebuildRigidBody
INFORMATION: Created 13e82807f20.
Sept. 13, 2026 4:16:22 AM com.jme3.bullet.objects.PhysicsRigidBody rebuildRigidBody
INFORMATION: Created 13e82808250.
Sept. 13, 2026 4:16:22 AM com.jme3.bullet.objects.PhysicsRigidBody rebuildRigidBody
INFORMATION: Created 13e828088b0.
Sept. 13, 2026 4:16:22 AM com.jme3.bullet.objects.PhysicsRigidBody rebuildRigidBody
INFORMATION: Created 13e82808be0.
Sept. 13, 2026 4:16:22 AM com.jme3.bullet.objects.PhysicsRigidBody rebuildRigidBody
INFORMATION: Created 13e82808580.
Sept. 13, 2026 4:16:22 AM com.jme3.bullet.objects.PhysicsRigidBody rebuildRigidBody
INFORMATION: Created 13e82808f10.
Sept. 13, 2026 4:16:22 AM com.jme3.bullet.objects.PhysicsRigidBody rebuildRigidBody
INFORMATION: Created 13e82809240.
Sept. 13, 2026 4:16:22 AM com.jme3.bullet.objects.PhysicsRigidBody rebuildRigidBody
INFORMATION: Created 13e82809570.
Sept. 13, 2026 4:16:22 AM com.jme3.bullet.objects.PhysicsRigidBody rebuildRigidBody
INFORMATION: Created 13e827ea430.
Sept. 13, 2026 4:16:22 AM com.jme3.bullet.objects.PhysicsRigidBody rebuildRigidBody
INFORMATION: Created 13e827ea100.
Sept. 13, 2026 4:16:22 AM com.jme3.bullet.objects.PhysicsRigidBody rebuildRigidBody
INFORMATION: Created 13e827eb750.
Sept. 13, 2026 4:16:22 AM com.jme3.bullet.objects.PhysicsRigidBody rebuildRigidBody
INFORMATION: Created 13e827eca70.
Sept. 13, 2026 4:16:22 AM com.jme3.bullet.objects.PhysicsRigidBody rebuildRigidBody
INFORMATION: Created 13e827eba80.
Sept. 13, 2026 4:16:22 AM com.jme3.bullet.objects.PhysicsRigidBody rebuildRigidBody
INFORMATION: Created 13e827eadc0.
Sept. 13, 2026 4:16:22 AM com.jme3.bullet.objects.PhysicsRigidBody rebuildRigidBody
INFORMATION: Created 13e827ea760.
Sept. 13, 2026 4:16:22 AM com.jme3.bullet.objects.PhysicsRigidBody rebuildRigidBody
INFORMATION: Created 13e827ec410.
Sept. 13, 2026 4:16:22 AM com.jme3.bullet.objects.PhysicsRigidBody rebuildRigidBody
INFORMATION: Created 13e827e9dd0.
Sept. 13, 2026 4:16:22 AM com.jme3.bullet.objects.PhysicsRigidBody rebuildRigidBody
INFORMATION: Created 13e827e9aa0.
Sept. 13, 2026 4:16:22 AM com.jme3.bullet.objects.PhysicsRigidBody rebuildRigidBody
INFORMATION: Created 13e827ee0c0.
Sept. 13, 2026 4:16:22 AM com.jme3.bullet.objects.PhysicsRigidBody rebuildRigidBody
INFORMATION: Created 13e827ed0d0.
Sept. 13, 2026 4:16:22 AM com.jme3.bullet.objects.PhysicsRigidBody rebuildRigidBody
INFORMATION: Created 13e827ebdb0.
Sept. 13, 2026 4:16:22 AM com.jme3.bullet.objects.PhysicsRigidBody rebuildRigidBody
INFORMATION: Created 13e827ec0e0.
Sept. 13, 2026 4:16:22 AM com.jme3.bullet.objects.PhysicsRigidBody rebuildRigidBody
INFORMATION: Created 13e827ec740.
Sept. 13, 2026 4:16:22 AM com.jme3.bullet.objects.PhysicsRigidBody rebuildRigidBody
INFORMATION: Created 13e827ee3f0.
Sept. 13, 2026 4:16:22 AM com.jme3.bullet.objects.PhysicsRigidBody rebuildRigidBody
INFORMATION: Created 13e827eda60.
Sept. 13, 2026 4:16:22 AM com.jme3.bullet.objects.PhysicsRigidBody rebuildRigidBody
INFORMATION: Created 13e827ecda0.
Sept. 13, 2026 4:16:22 AM com.jme3.bullet.objects.PhysicsRigidBody rebuildRigidBody
INFORMATION: Created 13e827ee720.
Sept. 13, 2026 4:16:22 AM com.jme3.bullet.objects.PhysicsRigidBody rebuildRigidBody
INFORMATION: Created 13e827ed400.
Sept. 13, 2026 4:16:22 AM com.jme3.bullet.objects.PhysicsRigidBody rebuildRigidBody
INFORMATION: Created 13e827ed730.
Sept. 13, 2026 4:16:22 AM com.jme3.bullet.objects.PhysicsRigidBody rebuildRigidBody
INFORMATION: Created 13e827edd90.
Sept. 13, 2026 4:16:22 AM com.jme3.bullet.objects.PhysicsRigidBody rebuildRigidBody
INFORMATION: Created 13e827eaa90.
Sept. 13, 2026 4:16:22 AM com.jme3.bullet.objects.PhysicsRigidBody rebuildRigidBody
INFORMATION: Created 13e827eea50.
Sept. 13, 2026 4:16:22 AM com.jme3.bullet.objects.PhysicsRigidBody rebuildRigidBody
INFORMATION: Created 13e827eed80.
Sept. 13, 2026 4:16:22 AM com.jme3.bullet.objects.PhysicsRigidBody rebuildRigidBody
INFORMATION: Created 13e827eb0f0.
Sept. 13, 2026 4:16:22 AM com.jme3.bullet.objects.PhysicsRigidBody rebuildRigidBody
INFORMATION: Created 13e827ef0b0.
Sept. 13, 2026 4:16:22 AM com.jme3.bullet.objects.PhysicsRigidBody rebuildRigidBody
INFORMATION: Created 13e827eb420.
Sept. 13, 2026 4:16:22 AM com.jme3.bullet.objects.PhysicsRigidBody rebuildRigidBody
INFORMATION: Created 13e827f2d40.
Sept. 13, 2026 4:16:22 AM com.jme3.bullet.objects.PhysicsRigidBody rebuildRigidBody
INFORMATION: Created 13e827f0a30.
Sept. 13, 2026 4:16:22 AM com.jme3.bullet.objects.PhysicsRigidBody rebuildRigidBody
INFORMATION: Created 13e827f0d60.
Sept. 13, 2026 4:16:22 AM com.jme3.bullet.objects.PhysicsRigidBody rebuildRigidBody
INFORMATION: Created 13e827f1a20.
Sept. 13, 2026 4:16:22 AM com.jme3.bullet.objects.PhysicsRigidBody rebuildRigidBody
INFORMATION: Created 13e827f1090.
Sept. 13, 2026 4:16:22 AM com.jme3.bullet.objects.PhysicsRigidBody rebuildRigidBody
INFORMATION: Created 13e827f13c0.
Sept. 13, 2026 4:16:22 AM com.jme3.bullet.objects.PhysicsRigidBody rebuildRigidBody
INFORMATION: Created 13e827f2a10.
Sept. 13, 2026 4:16:22 AM com.jme3.bullet.objects.PhysicsRigidBody rebuildRigidBody
INFORMATION: Created 13e827f00a0.
Sept. 13, 2026 4:16:22 AM com.jme3.bullet.objects.PhysicsRigidBody rebuildRigidBody
INFORMATION: Created 13e827f03d0.
Sept. 13, 2026 4:16:22 AM com.jme3.bullet.objects.PhysicsRigidBody rebuildRigidBody
INFORMATION: Created 13e827f3070.
Sept. 13, 2026 4:16:22 AM com.jme3.bullet.objects.PhysicsRigidBody rebuildRigidBody
INFORMATION: Created 13e827f16f0.
Sept. 13, 2026 4:16:22 AM com.jme3.bullet.objects.PhysicsRigidBody rebuildRigidBody
INFORMATION: Created 13e827ef3e0.
Sept. 13, 2026 4:16:22 AM com.jme3.bullet.objects.PhysicsRigidBody rebuildRigidBody
INFORMATION: Created 13e827f33a0.
Sept. 13, 2026 4:16:22 AM com.jme3.bullet.objects.PhysicsRigidBody rebuildRigidBody
INFORMATION: Created 13e827ef710.
Sept. 13, 2026 4:16:22 AM com.jme3.bullet.objects.PhysicsRigidBody rebuildRigidBody
INFORMATION: Created 13e827f1d50.
Sept. 13, 2026 4:16:22 AM com.jme3.bullet.objects.PhysicsRigidBody rebuildRigidBody
INFORMATION: Created 13e827f36d0.
Sept. 13, 2026 4:16:22 AM com.jme3.bullet.objects.PhysicsRigidBody rebuildRigidBody
INFORMATION: Created 13e827efa40.
Sept. 13, 2026 4:16:22 AM com.jme3.bullet.objects.PhysicsRigidBody rebuildRigidBody
INFORMATION: Created 13e827f26e0.
Sept. 13, 2026 4:16:22 AM com.jme3.bullet.objects.PhysicsRigidBody rebuildRigidBody
INFORMATION: Created 13e827f3a00.
Sept. 13, 2026 4:16:22 AM com.jme3.bullet.objects.PhysicsRigidBody rebuildRigidBody
INFORMATION: Created 13e827efd70.
Sept. 13, 2026 4:16:22 AM com.jme3.bullet.objects.PhysicsRigidBody rebuildRigidBody
INFORMATION: Created 13e827f3d30.
Sept. 13, 2026 4:16:22 AM com.jme3.bullet.objects.PhysicsRigidBody rebuildRigidBody
INFORMATION: Created 13e827f2080.
Sept. 13, 2026 4:16:22 AM com.jme3.bullet.objects.PhysicsRigidBody rebuildRigidBody
INFORMATION: Created 13e827f23b0.
Sept. 13, 2026 4:16:22 AM com.jme3.bullet.objects.PhysicsRigidBody rebuildRigidBody
INFORMATION: Created 13e827f4060.
Sept. 13, 2026 4:16:22 AM com.jme3.bullet.objects.PhysicsRigidBody rebuildRigidBody
INFORMATION: Created 13e827f4390.
Sept. 13, 2026 4:16:22 AM com.jme3.bullet.objects.PhysicsRigidBody rebuildRigidBody
INFORMATION: Created 13e827f0700.
Sept. 13, 2026 4:16:22 AM com.jme3.bullet.objects.PhysicsRigidBody rebuildRigidBody
INFORMATION: Created 13e827f56b0.
Sept. 13, 2026 4:16:22 AM com.jme3.bullet.objects.PhysicsRigidBody rebuildRigidBody
INFORMATION: Created 13e827f49f0.
Sept. 13, 2026 4:16:22 AM com.jme3.bullet.objects.PhysicsRigidBody rebuildRigidBody
INFORMATION: Created 13e827f5050.
Sept. 13, 2026 4:16:22 AM com.jme3.bullet.objects.PhysicsRigidBody rebuildRigidBody
INFORMATION: Created 13e827f46c0.
Sept. 13, 2026 4:16:22 AM com.jme3.bullet.objects.PhysicsRigidBody rebuildRigidBody
INFORMATION: Created 13e827f4d20.
Sept. 13, 2026 4:16:22 AM com.jme3.bullet.objects.PhysicsRigidBody rebuildRigidBody
INFORMATION: Created 13e827f5380.
Sept. 13, 2026 4:16:22 AM com.jme3.bullet.objects.PhysicsRigidBody rebuildRigidBody
INFORMATION: Created 13e827f7cf0.
Sept. 13, 2026 4:16:22 AM com.jme3.bullet.objects.PhysicsRigidBody rebuildRigidBody
INFORMATION: Created 13e827fa330.
Sept. 13, 2026 4:16:22 AM com.jme3.bullet.objects.PhysicsRigidBody rebuildRigidBody
INFORMATION: Created 13e827f8680.
Sept. 13, 2026 4:16:22 AM com.jme3.bullet.objects.PhysicsRigidBody rebuildRigidBody
INFORMATION: Created 13e827f7030.
Sept. 13, 2026 4:16:22 AM com.jme3.bullet.objects.PhysicsRigidBody rebuildRigidBody
INFORMATION: Created 13e827f89b0.
Sept. 13, 2026 4:16:22 AM com.jme3.bullet.objects.PhysicsRigidBody rebuildRigidBody
INFORMATION: Created 13e827f9cd0.
Sept. 13, 2026 4:16:22 AM com.jme3.bullet.objects.PhysicsRigidBody rebuildRigidBody
INFORMATION: Created 13e827f6d00.
Sept. 13, 2026 4:16:22 AM com.jme3.bullet.objects.PhysicsRigidBody rebuildRigidBody
INFORMATION: Created 13e827f7690.
Sept. 13, 2026 4:16:22 AM com.jme3.bullet.objects.PhysicsRigidBody rebuildRigidBody
INFORMATION: Created 13e827f9340.
Sept. 13, 2026 4:16:22 AM com.jme3.bullet.objects.PhysicsRigidBody rebuildRigidBody
INFORMATION: Created 13e827f8ce0.
Sept. 13, 2026 4:16:22 AM com.jme3.bullet.objects.PhysicsRigidBody rebuildRigidBody
INFORMATION: Created 13e827f7360.
Sept. 13, 2026 4:16:22 AM com.jme3.bullet.objects.PhysicsRigidBody rebuildRigidBody
INFORMATION: Created 13e827f9010.
Sept. 13, 2026 4:16:22 AM com.jme3.bullet.objects.PhysicsRigidBody rebuildRigidBody
INFORMATION: Created 13e827f9670.
Sept. 13, 2026 4:16:22 AM com.jme3.bullet.objects.PhysicsRigidBody rebuildRigidBody
INFORMATION: Created 13e827f99a0.
Sept. 13, 2026 4:16:22 AM com.jme3.bullet.objects.PhysicsRigidBody rebuildRigidBody
INFORMATION: Created 13e827fa000.
Sept. 13, 2026 4:16:22 AM com.jme3.bullet.objects.PhysicsRigidBody rebuildRigidBody
INFORMATION: Created 13e827f8350.
Sept. 13, 2026 4:16:22 AM com.jme3.bullet.objects.PhysicsRigidBody rebuildRigidBody
INFORMATION: Created 13e827f66a0.
Sept. 13, 2026 4:16:22 AM com.jme3.bullet.objects.PhysicsRigidBody rebuildRigidBody
INFORMATION: Created 13e827fa660.
Sept. 13, 2026 4:16:22 AM com.jme3.bullet.objects.PhysicsRigidBody rebuildRigidBody
INFORMATION: Created 13e827f8020.
Sept. 13, 2026 4:16:22 AM com.jme3.bullet.objects.PhysicsRigidBody rebuildRigidBody
INFORMATION: Created 13e827f69d0.
Sept. 13, 2026 4:16:22 AM com.jme3.bullet.objects.PhysicsRigidBody rebuildRigidBody
INFORMATION: Created 13e827fa990.
Sept. 13, 2026 4:16:22 AM com.jme3.bullet.objects.PhysicsRigidBody rebuildRigidBody
INFORMATION: Created 13e827facc0.
Sept. 13, 2026 4:16:22 AM com.jme3.bullet.objects.PhysicsRigidBody rebuildRigidBody
INFORMATION: Created 13e827faff0.
Sept. 13, 2026 4:16:22 AM com.jme3.bullet.objects.PhysicsRigidBody rebuildRigidBody
INFORMATION: Created 13e827fb320.
Sept. 13, 2026 4:16:22 AM com.jme3.bullet.objects.PhysicsRigidBody rebuildRigidBody
INFORMATION: Created 13e827fb650.
Sept. 13, 2026 4:16:22 AM com.jme3.bullet.objects.PhysicsRigidBody rebuildRigidBody
INFORMATION: Created 13e827f79c0.
Sept. 13, 2026 4:16:22 AM com.jme3.bullet.objects.PhysicsRigidBody rebuildRigidBody
INFORMATION: Created 13e827fd630.
Sept. 13, 2026 4:16:22 AM com.jme3.bullet.objects.PhysicsRigidBody rebuildRigidBody
INFORMATION: Created 13e827fd960.
Sept. 13, 2026 4:16:22 AM com.jme3.bullet.objects.PhysicsRigidBody rebuildRigidBody
INFORMATION: Created 13e827fbfe0.
Sept. 13, 2026 4:16:22 AM com.jme3.bullet.objects.PhysicsRigidBody rebuildRigidBody
INFORMATION: Created 13e827ff2e0.
Sept. 13, 2026 4:16:22 AM com.jme3.bullet.objects.PhysicsRigidBody rebuildRigidBody
INFORMATION: Created 13e827fd300.
Sept. 13, 2026 4:16:22 AM com.jme3.bullet.objects.PhysicsRigidBody rebuildRigidBody
INFORMATION: Created 13e827fdc90.
Sept. 13, 2026 4:16:22 AM com.jme3.bullet.objects.PhysicsRigidBody rebuildRigidBody
INFORMATION: Created 13e827fefb0.
Sept. 13, 2026 4:16:22 AM com.jme3.bullet.objects.PhysicsRigidBody rebuildRigidBody
INFORMATION: Created 13e827fc970.
Sept. 13, 2026 4:16:22 AM com.jme3.bullet.objects.PhysicsRigidBody rebuildRigidBody
INFORMATION: Created 13e827fdfc0.
Sept. 13, 2026 4:16:22 AM com.jme3.bullet.objects.PhysicsRigidBody rebuildRigidBody
INFORMATION: Created 13e827fcca0.
Sept. 13, 2026 4:16:22 AM com.jme3.bullet.objects.PhysicsRigidBody rebuildRigidBody
INFORMATION: Created 13e827fb980.
Sept. 13, 2026 4:16:22 AM com.jme3.bullet.objects.PhysicsRigidBody rebuildRigidBody
INFORMATION: Created 13e827ff940.
Sept. 13, 2026 4:16:22 AM com.jme3.bullet.objects.PhysicsRigidBody rebuildRigidBody
INFORMATION: Created 13e827fc640.
Sept. 13, 2026 4:16:22 AM com.jme3.bullet.objects.PhysicsRigidBody rebuildRigidBody
INFORMATION: Created 13e827fcfd0.
Sept. 13, 2026 4:16:22 AM com.jme3.bullet.objects.PhysicsRigidBody rebuildRigidBody
INFORMATION: Created 13e827fc310.
Sept. 13, 2026 4:16:22 AM com.jme3.bullet.objects.PhysicsRigidBody rebuildRigidBody
INFORMATION: Created 13e827fec80.
Sept. 13, 2026 4:16:22 AM com.jme3.bullet.objects.PhysicsRigidBody rebuildRigidBody
INFORMATION: Created 13e827fe2f0.
Sept. 13, 2026 4:16:22 AM com.jme3.bullet.objects.PhysicsRigidBody rebuildRigidBody
INFORMATION: Created 13e827fe620.
Sept. 13, 2026 4:16:22 AM com.jme3.bullet.objects.PhysicsRigidBody rebuildRigidBody
INFORMATION: Created 13e827fe950.
Sept. 13, 2026 4:16:22 AM com.jme3.bullet.objects.PhysicsRigidBody rebuildRigidBody
INFORMATION: Created 13e827ff610.
Sept. 13, 2026 4:16:22 AM com.jme3.bullet.objects.PhysicsRigidBody rebuildRigidBody
INFORMATION: Created 13e827fbcb0.
Sept. 13, 2026 4:16:22 AM com.jme3.bullet.objects.PhysicsRigidBody rebuildRigidBody
INFORMATION: Created 13e82800600.
Sept. 13, 2026 4:16:22 AM com.jme3.bullet.objects.PhysicsRigidBody rebuildRigidBody
INFORMATION: Created 13e828025e0.
Sept. 13, 2026 4:16:22 AM com.jme3.bullet.objects.PhysicsRigidBody rebuildRigidBody
INFORMATION: Created 13e827ffc70.
Sept. 13, 2026 4:16:22 AM com.jme3.bullet.objects.PhysicsRigidBody rebuildRigidBody
INFORMATION: Created 13e82801920.
Sept. 13, 2026 4:16:22 AM com.jme3.bullet.objects.PhysicsRigidBody rebuildRigidBody
INFORMATION: Created 13e828015f0.
Sept. 13, 2026 4:16:22 AM com.jme3.bullet.objects.PhysicsRigidBody rebuildRigidBody
INFORMATION: Created 13e827fffa0.
Sept. 13, 2026 4:16:22 AM com.jme3.bullet.objects.PhysicsRigidBody rebuildRigidBody
INFORMATION: Created 13e828022b0.
Sept. 13, 2026 4:16:22 AM com.jme3.bullet.objects.PhysicsRigidBody rebuildRigidBody
INFORMATION: Created 13e82800c60.
Sept. 13, 2026 4:16:22 AM com.jme3.bullet.objects.PhysicsRigidBody rebuildRigidBody
INFORMATION: Created 13e82802910.
Sept. 13, 2026 4:16:22 AM com.jme3.bullet.objects.PhysicsRigidBody rebuildRigidBody
INFORMATION: Created 13e82801c50.
Sept. 13, 2026 4:16:22 AM com.jme3.bullet.objects.PhysicsRigidBody rebuildRigidBody
INFORMATION: Created 13e82802c40.
Sept. 13, 2026 4:16:22 AM com.jme3.bullet.objects.PhysicsRigidBody rebuildRigidBody
INFORMATION: Created 13e82801f80.
[GAME] Willkommen im Ödland. Folge dem Feuer zu Mira. [E]
Sept. 13, 2026 4:16:22 AM com.jme3.bullet.objects.PhysicsRigidBody rebuildRigidBody
INFORMATION: Created 13e828002d0.
Sept. 13, 2026 4:16:22 AM com.jme3.bullet.objects.PhysicsRigidBody rebuildRigidBody
INFORMATION: Created 13e82800930.
Sept. 13, 2026 4:16:22 AM com.jme3.bullet.objects.PhysicsRigidBody rebuildRigidBody
INFORMATION: Created 13e82802f70.
Sept. 13, 2026 4:16:22 AM com.jme3.bullet.objects.PhysicsRigidBody rebuildRigidBody
INFORMATION: Created 13e82800f90.
Sept. 13, 2026 4:16:22 AM com.jme3.bullet.objects.PhysicsRigidBody rebuildRigidBody
INFORMATION: Created 13e828012c0.
Sept. 13, 2026 4:16:22 AM com.jme3.bullet.objects.PhysicsRigidBody rebuildRigidBody
INFORMATION: Created 13e63552950.
Sept. 13, 2026 4:16:22 AM com.jme3.bullet.objects.PhysicsRigidBody rebuildRigidBody
INFORMATION: Created 13e6354f320.
Sept. 13, 2026 4:16:22 AM com.jme3.bullet.objects.PhysicsRigidBody rebuildRigidBody
INFORMATION: Created 13e63551c90.
Sept. 13, 2026 4:16:22 AM com.jme3.bullet.objects.PhysicsRigidBody rebuildRigidBody
INFORMATION: Created 13e63551fc0.
Sept. 13, 2026 4:16:22 AM com.jme3.bullet.objects.PhysicsRigidBody rebuildRigidBody
INFORMATION: Created 13e63550ca0.
Sept. 13, 2026 4:16:22 AM com.jme3.bullet.objects.PhysicsRigidBody rebuildRigidBody
INFORMATION: Created 13e6354eff0.
Sept. 13, 2026 4:16:22 AM com.jme3.bullet.objects.PhysicsRigidBody rebuildRigidBody
INFORMATION: Created 13e63552620.
Sept. 13, 2026 4:16:22 AM com.jme3.bullet.objects.PhysicsRigidBody rebuildRigidBody
INFORMATION: Created 13e63550970.
Sept. 13, 2026 4:16:22 AM com.jme3.bullet.objects.PhysicsRigidBody rebuildRigidBody
INFORMATION: Created 13e635522f0.
Sept. 13, 2026 4:16:22 AM com.jme3.bullet.objects.PhysicsRigidBody rebuildRigidBody
INFORMATION: Created 13e63551960.
Sept. 13, 2026 4:16:22 AM com.jme3.bullet.objects.PhysicsRigidBody rebuildRigidBody
INFORMATION: Created 13e6354ecc0.
Sept. 13, 2026 4:16:22 AM com.jme3.bullet.objects.PhysicsRigidBody rebuildRigidBody
INFORMATION: Created 13e6354ffe0.
Sept. 13, 2026 4:16:22 AM com.jme3.bullet.objects.PhysicsRigidBody rebuildRigidBody
INFORMATION: Created 13e63552c80.
Sept. 13, 2026 4:16:22 AM com.jme3.bullet.objects.PhysicsRigidBody rebuildRigidBody
INFORMATION: Created 13e63552fb0.
Sept. 13, 2026 4:16:22 AM com.jme3.bullet.objects.PhysicsRigidBody rebuildRigidBody
INFORMATION: Created 13e635532e0.
Sept. 13, 2026 4:16:22 AM com.jme3.bullet.objects.PhysicsRigidBody rebuildRigidBody
INFORMATION: Created 13e6354f650.
Sept. 13, 2026 4:16:22 AM com.jme3.bullet.objects.PhysicsRigidBody rebuildRigidBody
INFORMATION: Created 13e63551300.
Sept. 13, 2026 4:16:22 AM com.jme3.bullet.objects.PhysicsRigidBody rebuildRigidBody
INFORMATION: Created 13e63553610.
Sept. 13, 2026 4:16:22 AM com.jme3.bullet.objects.PhysicsRigidBody rebuildRigidBody
INFORMATION: Created 13e6354f980.
Sept. 13, 2026 4:16:22 AM com.jme3.bullet.objects.PhysicsRigidBody rebuildRigidBody
INFORMATION: Created 13e63553940.
Sept. 13, 2026 4:16:22 AM com.jme3.bullet.objects.PhysicsRigidBody rebuildRigidBody
INFORMATION: Created 13e63550310.
Sept. 13, 2026 4:16:22 AM com.jme3.bullet.objects.PhysicsRigidBody rebuildRigidBody
INFORMATION: Created 13e63550640.
Sept. 13, 2026 4:16:22 AM com.jme3.bullet.objects.PhysicsRigidBody rebuildRigidBody
INFORMATION: Created 13e6354fcb0.
Sept. 13, 2026 4:16:22 AM com.jme3.bullet.objects.PhysicsRigidBody rebuildRigidBody
INFORMATION: Created 13e63553c70.
Sept. 13, 2026 4:16:22 AM com.jme3.bullet.objects.PhysicsRigidBody rebuildRigidBody
INFORMATION: Created 13e63551630.
Sept. 13, 2026 4:16:22 AM com.jme3.bullet.objects.PhysicsRigidBody rebuildRigidBody
INFORMATION: Created 13e63553fa0.
Sept. 13, 2026 4:16:22 AM com.jme3.bullet.objects.PhysicsRigidBody rebuildRigidBody
INFORMATION: Created 13e635542d0.
Sept. 13, 2026 4:16:22 AM com.jme3.bullet.objects.PhysicsRigidBody rebuildRigidBody
INFORMATION: Created 13e63554600.
Sept. 13, 2026 4:16:22 AM com.jme3.bullet.objects.PhysicsRigidBody rebuildRigidBody
INFORMATION: Created 13e63554930.
Sept. 13, 2026 4:16:22 AM com.jme3.bullet.objects.PhysicsRigidBody rebuildRigidBody
INFORMATION: Created 13e63554c60.
Sept. 13, 2026 4:16:22 AM com.jme3.bullet.objects.PhysicsRigidBody rebuildRigidBody
INFORMATION: Created 13e63550fd0.
Sept. 13, 2026 4:16:22 AM com.jme3.bullet.objects.PhysicsRigidBody rebuildRigidBody
INFORMATION: Created 13e63558290.
Sept. 13, 2026 4:16:22 AM com.jme3.bullet.objects.PhysicsRigidBody rebuildRigidBody
INFORMATION: Created 13e63555c50.
Sept. 13, 2026 4:16:22 AM com.jme3.bullet.objects.PhysicsRigidBody rebuildRigidBody
INFORMATION: Created 13e63555920.
Sept. 13, 2026 4:16:22 AM com.jme3.bullet.objects.PhysicsRigidBody rebuildRigidBody
INFORMATION: Created 13e635555f0.
Sept. 13, 2026 4:16:22 AM com.jme3.bullet.objects.PhysicsRigidBody rebuildRigidBody
INFORMATION: Created 13e63556c40.
Sept. 13, 2026 4:16:22 AM com.jme3.bullet.objects.PhysicsRigidBody rebuildRigidBody
INFORMATION: Created 13e63555f80.
Sept. 13, 2026 4:16:22 AM com.jme3.bullet.objects.PhysicsRigidBody rebuildRigidBody
INFORMATION: Created 13e635585c0.
Sept. 13, 2026 4:16:22 AM com.jme3.bullet.objects.PhysicsRigidBody rebuildRigidBody
INFORMATION: Created 13e635562b0.
Sept. 13, 2026 4:16:22 AM com.jme3.bullet.objects.PhysicsRigidBody rebuildRigidBody
INFORMATION: Created 13e63557f60.
Sept. 13, 2026 4:16:22 AM com.jme3.bullet.objects.PhysicsRigidBody rebuildRigidBody
INFORMATION: Created 13e635588f0.
Sept. 13, 2026 4:16:22 AM com.jme3.bullet.objects.PhysicsRigidBody rebuildRigidBody
INFORMATION: Created 13e635565e0.
Sept. 13, 2026 4:16:22 AM com.jme3.bullet.objects.PhysicsRigidBody rebuildRigidBody
INFORMATION: Created 13e63556910.
Sept. 13, 2026 4:16:22 AM com.jme3.bullet.objects.PhysicsRigidBody rebuildRigidBody
INFORMATION: Created 13e63556f70.
Sept. 13, 2026 4:16:22 AM com.jme3.bullet.objects.PhysicsRigidBody rebuildRigidBody
INFORMATION: Created 13e63558c20.
Sept. 13, 2026 4:16:22 AM com.jme3.bullet.objects.PhysicsRigidBody rebuildRigidBody
INFORMATION: Created 13e63557c30.
Sept. 13, 2026 4:16:22 AM com.jme3.bullet.objects.PhysicsRigidBody rebuildRigidBody
INFORMATION: Created 13e635572a0.
Sept. 13, 2026 4:16:22 AM com.jme3.bullet.objects.PhysicsRigidBody rebuildRigidBody
INFORMATION: Created 13e635575d0.
Sept. 13, 2026 4:16:22 AM com.jme3.bullet.objects.PhysicsRigidBody rebuildRigidBody
INFORMATION: Created 13e63554f90.
Sept. 13, 2026 4:16:22 AM com.jme3.bullet.objects.PhysicsRigidBody rebuildRigidBody
INFORMATION: Created 13e63558f50.
Sept. 13, 2026 4:16:22 AM com.jme3.bullet.objects.PhysicsRigidBody rebuildRigidBody
INFORMATION: Created 13e63557900.
Sept. 13, 2026 4:16:22 AM com.jme3.bullet.objects.PhysicsRigidBody rebuildRigidBody
INFORMATION: Created 13e635552c0.
Sept. 13, 2026 4:16:22 AM com.jme3.bullet.objects.PhysicsRigidBody rebuildRigidBody
INFORMATION: Created 13e63559280.
Sept. 13, 2026 4:16:22 AM com.jme3.bullet.objects.PhysicsRigidBody rebuildRigidBody
INFORMATION: Created 13e6355b260.
Sept. 13, 2026 4:16:22 AM com.jme3.bullet.objects.PhysicsRigidBody rebuildRigidBody
INFORMATION: Created 13e635595b0.
Sept. 13, 2026 4:16:22 AM com.jme3.bullet.objects.PhysicsRigidBody rebuildRigidBody
INFORMATION: Created 13e6355a5a0.
Sept. 13, 2026 4:16:22 AM com.jme3.bullet.objects.PhysicsRigidBody rebuildRigidBody
INFORMATION: Created 13e635598e0.
Sept. 13, 2026 4:16:22 AM com.jme3.bullet.objects.PhysicsRigidBody rebuildRigidBody
INFORMATION: Created 13e6355af30.
Sept. 13, 2026 4:16:22 AM com.jme3.bullet.objects.PhysicsRigidBody rebuildRigidBody
INFORMATION: Created 13e63559c10.
Sept. 13, 2026 4:16:22 AM com.jme3.bullet.objects.PhysicsRigidBody rebuildRigidBody
INFORMATION: Created 13e63559f40.
Sept. 13, 2026 4:16:22 AM com.jme3.bullet.objects.PhysicsRigidBody rebuildRigidBody
INFORMATION: Created 13e6355a270.
Sept. 13, 2026 4:16:22 AM com.jme3.bullet.objects.PhysicsRigidBody rebuildRigidBody
INFORMATION: Created 13e6355a8d0.
Sept. 13, 2026 4:16:22 AM com.jme3.bullet.objects.PhysicsRigidBody rebuildRigidBody
INFORMATION: Created 13e6355b590.
Sept. 13, 2026 4:16:22 AM com.jme3.bullet.objects.PhysicsRigidBody rebuildRigidBody
INFORMATION: Created 13e6355ac00.
Sept. 13, 2026 4:16:22 AM com.jme3.bullet.objects.PhysicsRigidBody rebuildRigidBody
INFORMATION: Created 13e6355d570.
Sept. 13, 2026 4:16:22 AM com.jme3.bullet.objects.PhysicsRigidBody rebuildRigidBody
INFORMATION: Created 13e6355d8a0.
Sept. 13, 2026 4:16:22 AM com.jme3.bullet.objects.PhysicsRigidBody rebuildRigidBody
INFORMATION: Created 13e6355bf20.
Sept. 13, 2026 4:16:22 AM com.jme3.bullet.objects.PhysicsRigidBody rebuildRigidBody
INFORMATION: Created 13e6355cf10.
Sept. 13, 2026 4:16:22 AM com.jme3.bullet.objects.PhysicsRigidBody rebuildRigidBody
INFORMATION: Created 13e6355c250.
Sept. 13, 2026 4:16:22 AM com.jme3.bullet.objects.PhysicsRigidBody rebuildRigidBody
INFORMATION: Created 13e6355df00.
Sept. 13, 2026 4:16:22 AM com.jme3.bullet.objects.PhysicsRigidBody rebuildRigidBody
INFORMATION: Created 13e6355f220.
Sept. 13, 2026 4:16:22 AM com.jme3.bullet.objects.PhysicsRigidBody rebuildRigidBody
INFORMATION: Created 13e6355dbd0.
Sept. 13, 2026 4:16:22 AM com.jme3.bullet.objects.PhysicsRigidBody rebuildRigidBody
INFORMATION: Created 13e6355c580.
Sept. 13, 2026 4:16:22 AM com.jme3.bullet.objects.PhysicsRigidBody rebuildRigidBody
INFORMATION: Created 13e6355e230.
Sept. 13, 2026 4:16:22 AM com.jme3.bullet.objects.PhysicsRigidBody rebuildRigidBody
INFORMATION: Created 13e6355e560.
Sept. 13, 2026 4:16:22 AM com.jme3.bullet.objects.PhysicsRigidBody rebuildRigidBody
INFORMATION: Created 13e6355c8b0.
Sept. 13, 2026 4:16:22 AM com.jme3.bullet.objects.PhysicsRigidBody rebuildRigidBody
INFORMATION: Created 13e6355cbe0.
Sept. 13, 2026 4:16:22 AM com.jme3.bullet.objects.PhysicsRigidBody rebuildRigidBody
INFORMATION: Created 13e6355e890.
Sept. 13, 2026 4:16:22 AM com.jme3.bullet.objects.PhysicsRigidBody rebuildRigidBody
INFORMATION: Created 13e6355ebc0.
Sept. 13, 2026 4:16:22 AM com.jme3.bullet.objects.PhysicsRigidBody rebuildRigidBody
INFORMATION: Created 13e6355eef0.
Sept. 13, 2026 4:16:22 AM com.jme3.bullet.objects.PhysicsRigidBody rebuildRigidBody
INFORMATION: Created 13e6355f550.
Sept. 13, 2026 4:16:22 AM com.jme3.bullet.objects.PhysicsRigidBody rebuildRigidBody
INFORMATION: Created 13e6355b8c0.
Sept. 13, 2026 4:16:22 AM com.jme3.bullet.objects.PhysicsRigidBody rebuildRigidBody
INFORMATION: Created 13e6355f880.
Sept. 13, 2026 4:16:22 AM com.jme3.bullet.objects.PhysicsRigidBody rebuildRigidBody
INFORMATION: Created 13e6355d240.
Sept. 13, 2026 4:16:22 AM com.jme3.bullet.objects.PhysicsRigidBody rebuildRigidBody
INFORMATION: Created 13e6355bbf0.
Sept. 13, 2026 4:16:22 AM com.jme3.bullet.objects.PhysicsRigidBody rebuildRigidBody
INFORMATION: Created 13e63560ed0.
Sept. 13, 2026 4:16:22 AM com.jme3.bullet.objects.PhysicsRigidBody rebuildRigidBody
INFORMATION: Created 13e63560870.
Sept. 13, 2026 4:16:22 AM com.jme3.bullet.objects.PhysicsRigidBody rebuildRigidBody
INFORMATION: Created 13e6355fbb0.
Sept. 13, 2026 4:16:22 AM com.jme3.bullet.objects.PhysicsRigidBody rebuildRigidBody
INFORMATION: Created 13e6355fee0.
Sept. 13, 2026 4:16:22 AM com.jme3.bullet.objects.PhysicsRigidBody rebuildRigidBody
INFORMATION: Created 13e63560210.
Sept. 13, 2026 4:16:22 AM com.jme3.bullet.objects.PhysicsRigidBody rebuildRigidBody
INFORMATION: Created 13e63560540.
Sept. 13, 2026 4:16:22 AM com.jme3.bullet.objects.PhysicsRigidBody rebuildRigidBody
INFORMATION: Created 13e63560ba0.
Sept. 13, 2026 4:16:22 AM com.jme3.bullet.objects.PhysicsRigidBody rebuildRigidBody
INFORMATION: Created 13e63561200.
Sept. 13, 2026 4:16:22 AM com.jme3.bullet.objects.PhysicsRigidBody rebuildRigidBody
INFORMATION: Created 13e63561530.
Sept. 13, 2026 4:16:22 AM com.jme3.bullet.objects.PhysicsRigidBody rebuildRigidBody
INFORMATION: Created 13e63561860.
Sept. 13, 2026 4:16:22 AM com.jme3.bullet.objects.PhysicsRigidBody rebuildRigidBody
INFORMATION: Created 13e63561b90.
Sept. 13, 2026 4:16:22 AM com.jme3.bullet.objects.PhysicsRigidBody rebuildRigidBody
INFORMATION: Created 13e6354dcd0.
Sept. 13, 2026 4:16:22 AM com.jme3.bullet.objects.PhysicsRigidBody rebuildRigidBody
INFORMATION: Created 13e6354c680.
Sept. 13, 2026 4:16:22 AM com.jme3.bullet.objects.PhysicsRigidBody rebuildRigidBody
INFORMATION: Created 13e6354e000.
Sept. 13, 2026 4:16:22 AM com.jme3.bullet.objects.PhysicsRigidBody rebuildRigidBody
INFORMATION: Created 13e6354e330.
Sept. 13, 2026 4:16:22 AM com.jme3.bullet.objects.PhysicsRigidBody rebuildRigidBody
INFORMATION: Created 13e6354c9b0.
Sept. 13, 2026 4:16:22 AM com.jme3.bullet.objects.PhysicsRigidBody rebuildRigidBody
INFORMATION: Created 13e6354d340.
Sept. 13, 2026 4:16:22 AM com.jme3.bullet.objects.PhysicsRigidBody rebuildRigidBody
INFORMATION: Created 13e6a5fcef0.
Sept. 13, 2026 4:16:22 AM com.jme3.bullet.objects.PhysicsRigidBody rebuildRigidBody
INFORMATION: Created 13e6a5fc230.
Sept. 13, 2026 4:16:22 AM com.jme3.bullet.objects.PhysicsRigidBody rebuildRigidBody
INFORMATION: Created 13e6a5fdee0.
Sept. 13, 2026 4:16:22 AM com.jme3.bullet.objects.PhysicsRigidBody rebuildRigidBody
INFORMATION: Created 13e6a5feed0.
Sept. 13, 2026 4:16:22 AM com.jme3.bullet.objects.PhysicsRigidBody rebuildRigidBody
INFORMATION: Created 13e6a5fd880.
Sept. 13, 2026 4:16:22 AM com.jme3.bullet.objects.PhysicsRigidBody rebuildRigidBody
INFORMATION: Created 13e6a5fd220.
Sept. 13, 2026 4:16:22 AM com.jme3.bullet.objects.PhysicsRigidBody rebuildRigidBody
INFORMATION: Created 13e6a5fbf00.
Sept. 13, 2026 4:16:22 AM com.jme3.bullet.objects.PhysicsRigidBody rebuildRigidBody
INFORMATION: Created 13e6a5fc890.
Sept. 13, 2026 4:16:22 AM com.jme3.bullet.objects.PhysicsRigidBody rebuildRigidBody
INFORMATION: Created 13e6a5fdbb0.
Sept. 13, 2026 4:16:22 AM com.jme3.bullet.objects.PhysicsRigidBody rebuildRigidBody
INFORMATION: Created 13e6a5fc560.
Sept. 13, 2026 4:16:22 AM com.jme3.bullet.objects.PhysicsRigidBody rebuildRigidBody
INFORMATION: Created 13e6a5fe870.
Sept. 13, 2026 4:16:22 AM com.jme3.bullet.objects.PhysicsRigidBody rebuildRigidBody
INFORMATION: Created 13e6a5fbbd0.
Sept. 13, 2026 4:16:22 AM com.jme3.bullet.objects.PhysicsRigidBody rebuildRigidBody
INFORMATION: Created 13e6a5fb8a0.
Sept. 13, 2026 4:16:22 AM com.jme3.bullet.objects.PhysicsRigidBody rebuildRigidBody
INFORMATION: Created 13e6a5ffb90.
Sept. 13, 2026 4:16:22 AM com.jme3.bullet.objects.PhysicsRigidBody rebuildRigidBody
INFORMATION: Created 13e6a5ff860.
Sept. 13, 2026 4:16:22 AM com.jme3.bullet.objects.PhysicsRigidBody rebuildRigidBody
INFORMATION: Created 13e6a5ff200.
Sept. 13, 2026 4:16:22 AM com.jme3.bullet.objects.PhysicsRigidBody rebuildRigidBody
INFORMATION: Created 13e6a5fe210.
Sept. 13, 2026 4:16:22 AM com.jme3.bullet.objects.PhysicsRigidBody rebuildRigidBody
INFORMATION: Created 13e6a5ff530.
Sept. 13, 2026 4:16:22 AM com.jme3.bullet.objects.PhysicsRigidBody rebuildRigidBody
INFORMATION: Created 13e6a5fd550.
Sept. 13, 2026 4:16:22 AM com.jme3.bullet.objects.PhysicsRigidBody rebuildRigidBody
INFORMATION: Created 13e6a5fe540.
Sept. 13, 2026 4:16:22 AM com.jme3.bullet.objects.PhysicsRigidBody rebuildRigidBody
INFORMATION: Created 13e6a5feba0.
Sept. 13, 2026 4:16:22 AM com.jme3.bullet.objects.PhysicsRigidBody rebuildRigidBody
INFORMATION: Created 13e6a5ffec0.
Sept. 13, 2026 4:16:22 AM com.jme3.bullet.objects.PhysicsRigidBody rebuildRigidBody
INFORMATION: Created 13e6a6001f0.
Sept. 13, 2026 4:16:22 AM com.jme3.bullet.objects.PhysicsRigidBody rebuildRigidBody
INFORMATION: Created 13e6a5fcbc0.
Sept. 13, 2026 4:16:22 AM com.jme3.bullet.objects.PhysicsRigidBody rebuildRigidBody
INFORMATION: Created 13e6a600520.
Sept. 13, 2026 4:16:22 AM com.jme3.bullet.objects.PhysicsRigidBody rebuildRigidBody
INFORMATION: Created 13e6a600850.
Sept. 13, 2026 4:16:22 AM com.jme3.bullet.objects.PhysicsRigidBody rebuildRigidBody
INFORMATION: Created 13e6a600b80.
Sept. 13, 2026 4:16:22 AM com.jme3.bullet.objects.PhysicsRigidBody rebuildRigidBody
INFORMATION: Created 13e6a600eb0.
Sept. 13, 2026 4:16:22 AM com.jme3.bullet.objects.PhysicsRigidBody rebuildRigidBody
INFORMATION: Created 13e6a6011e0.
Sept. 13, 2026 4:16:22 AM com.jme3.bullet.objects.PhysicsRigidBody rebuildRigidBody
INFORMATION: Created 13e6a601b70.
Sept. 13, 2026 4:16:22 AM com.jme3.bullet.objects.PhysicsRigidBody rebuildRigidBody
INFORMATION: Created 13e6a601510.
Sept. 13, 2026 4:16:22 AM com.jme3.bullet.objects.PhysicsRigidBody rebuildRigidBody
INFORMATION: Created 13e6a601840.
Sept. 13, 2026 4:16:22 AM com.jme3.bullet.objects.PhysicsRigidBody rebuildRigidBody
INFORMATION: Created 13e6a5e20a0.
Sept. 13, 2026 4:16:22 AM com.jme3.bullet.objects.PhysicsRigidBody rebuildRigidBody
INFORMATION: Created 13e6a5e53a0.
Sept. 13, 2026 4:16:22 AM com.jme3.bullet.objects.PhysicsRigidBody rebuildRigidBody
INFORMATION: Created 13e6a5e3a20.
Sept. 13, 2026 4:16:22 AM com.jme3.bullet.objects.PhysicsRigidBody rebuildRigidBody
INFORMATION: Created 13e6a5e2a30.
Sept. 13, 2026 4:16:22 AM com.jme3.bullet.objects.PhysicsRigidBody rebuildRigidBody
INFORMATION: Created 13e6a5e33c0.
Sept. 13, 2026 4:16:22 AM com.jme3.bullet.objects.PhysicsRigidBody rebuildRigidBody
INFORMATION: Created 13e6a5e43b0.
Sept. 13, 2026 4:16:22 AM com.jme3.bullet.objects.PhysicsRigidBody rebuildRigidBody
INFORMATION: Created 13e6a5e5a00.
Sept. 13, 2026 4:16:22 AM com.jme3.bullet.objects.PhysicsRigidBody rebuildRigidBody
INFORMATION: Created 13e6a5e2d60.
Sept. 13, 2026 4:16:22 AM com.jme3.bullet.objects.PhysicsRigidBody rebuildRigidBody
INFORMATION: Created 13e6a5e3d50.
Sept. 13, 2026 4:16:22 AM com.jme3.bullet.objects.PhysicsRigidBody rebuildRigidBody
INFORMATION: Created 13e6a5e4080.
Sept. 13, 2026 4:16:22 AM com.jme3.bullet.objects.PhysicsRigidBody rebuildRigidBody
INFORMATION: Created 13e6a5e46e0.
Sept. 13, 2026 4:16:22 AM com.jme3.bullet.objects.PhysicsRigidBody rebuildRigidBody
INFORMATION: Created 13e6a5e36f0.
Sept. 13, 2026 4:16:22 AM com.jme3.bullet.objects.PhysicsRigidBody rebuildRigidBody
INFORMATION: Created 13e6a5e56d0.
[CHECK] A new campaign must not respawn into the previous save
Sept. 13, 2026 4:16:22 AM com.jme3.anim.SkinningControl controlRender
INFORMATION: Hardware skinning engaged for Scene (Node)
Sept. 13, 2026 4:16:22 AM com.jme3.anim.SkinningControl controlRender
INFORMATION: Hardware skinning engaged for Scene (Node)
Sept. 13, 2026 4:16:22 AM com.jme3.anim.SkinningControl controlRender
INFORMATION: Hardware skinning engaged for Scene (Node)
Sept. 13, 2026 4:16:22 AM com.jme3.anim.SkinningControl controlRender
INFORMATION: Hardware skinning engaged for Scene (Node)
[SMOKE] stage 14
[GAME] Treffer  +22
[SMOKE] stage 15
[CHECK] Physical melee must hit the enemy
[GAME] Goblin besiegt  +35 EP  +8 Gold
[GAME] Goblin besiegt  +35 EP  +8 Gold
[GAME] Auftrag erfüllt: Ein Licht im Ödland  +40 EP
[GAME] Stufe 2 erreicht! K: Fähigkeiten verbessern.
[CHECK] Mira opens a dialogue
[CHECK] Mira starts the campaign
Sept. 13, 2026 4:16:28 AM com.jme3.bullet.objects.PhysicsRigidBody rebuildRigidBody
INFORMATION: Created 13e827ec0e0.
Sept. 13, 2026 4:16:28 AM com.jme3.bullet.objects.PhysicsRigidBody rebuildRigidBody
INFORMATION: Created 13e827eb420.
Sept. 13, 2026 4:16:28 AM com.jme3.bullet.objects.PhysicsRigidBody rebuildRigidBody
INFORMATION: Created 13e827ec740.
Sept. 13, 2026 4:16:28 AM com.jme3.bullet.objects.PhysicsRigidBody rebuildRigidBody
INFORMATION: Created 13e827eb750.
Sept. 13, 2026 4:16:28 AM com.jme3.bullet.objects.PhysicsRigidBody rebuildRigidBody
INFORMATION: Created 13e827ed730.
Sept. 13, 2026 4:16:28 AM com.jme3.bullet.objects.PhysicsRigidBody rebuildRigidBody
INFORMATION: Created 13e827eba80.
Sept. 13, 2026 4:16:28 AM com.jme3.bullet.objects.PhysicsRigidBody rebuildRigidBody
INFORMATION: Created 13e827ebdb0.
Sept. 13, 2026 4:16:28 AM com.jme3.bullet.objects.PhysicsRigidBody rebuildRigidBody
INFORMATION: Created 13e827ec410.
Sept. 13, 2026 4:16:28 AM com.jme3.bullet.objects.PhysicsRigidBody rebuildRigidBody
INFORMATION: Created 13e827eca70.
Sept. 13, 2026 4:16:28 AM com.jme3.bullet.objects.PhysicsRigidBody rebuildRigidBody
INFORMATION: Created 13e827ecda0.
Sept. 13, 2026 4:16:28 AM com.jme3.bullet.objects.PhysicsRigidBody rebuildRigidBody
INFORMATION: Created 13e827ed0d0.
Sept. 13, 2026 4:16:28 AM com.jme3.bullet.objects.PhysicsRigidBody rebuildRigidBody
INFORMATION: Created 13e827eb0f0.
Sept. 13, 2026 4:16:28 AM com.jme3.bullet.objects.PhysicsRigidBody rebuildRigidBody
INFORMATION: Created 13e827eadc0.
Sept. 13, 2026 4:16:28 AM com.jme3.bullet.objects.PhysicsRigidBody rebuildRigidBody
INFORMATION: Created 13e827e9dd0.
Sept. 13, 2026 4:16:28 AM com.jme3.bullet.objects.PhysicsRigidBody rebuildRigidBody
INFORMATION: Created 13e827ed400.
Sept. 13, 2026 4:16:28 AM com.jme3.bullet.objects.PhysicsRigidBody rebuildRigidBody
INFORMATION: Created 13e827e9aa0.
Sept. 13, 2026 4:16:28 AM com.jme3.bullet.objects.PhysicsRigidBody rebuildRigidBody
INFORMATION: Created 13e827eda60.
Sept. 13, 2026 4:16:28 AM com.jme3.bullet.objects.PhysicsRigidBody rebuildRigidBody
INFORMATION: Created 13e827edd90.
Sept. 13, 2026 4:16:28 AM com.jme3.bullet.objects.PhysicsRigidBody rebuildRigidBody
INFORMATION: Created 13e827ea430.
Sept. 13, 2026 4:16:28 AM com.jme3.bullet.objects.PhysicsRigidBody rebuildRigidBody
INFORMATION: Created 13e827ea100.
Sept. 13, 2026 4:16:28 AM com.jme3.bullet.objects.PhysicsRigidBody rebuildRigidBody
INFORMATION: Created 13e827ee0c0.
Sept. 13, 2026 4:16:28 AM com.jme3.bullet.objects.PhysicsRigidBody rebuildRigidBody
INFORMATION: Created 13e827ee3f0.
Sept. 13, 2026 4:16:28 AM com.jme3.bullet.objects.PhysicsRigidBody rebuildRigidBody
INFORMATION: Created 13e827eaa90.
Sept. 13, 2026 4:16:28 AM com.jme3.bullet.objects.PhysicsRigidBody rebuildRigidBody
INFORMATION: Created 13e827ea760.
Sept. 13, 2026 4:16:28 AM com.jme3.bullet.objects.PhysicsRigidBody rebuildRigidBody
INFORMATION: Created 13e827f0d60.
Sept. 13, 2026 4:16:28 AM com.jme3.bullet.objects.PhysicsRigidBody rebuildRigidBody
INFORMATION: Created 13e827f1d50.
Sept. 13, 2026 4:16:28 AM com.jme3.bullet.objects.PhysicsRigidBody rebuildRigidBody
INFORMATION: Created 13e827efa40.
Sept. 13, 2026 4:16:28 AM com.jme3.bullet.objects.PhysicsRigidBody rebuildRigidBody
INFORMATION: Created 13e827f16f0.
Sept. 13, 2026 4:16:28 AM com.jme3.bullet.objects.PhysicsRigidBody rebuildRigidBody
INFORMATION: Created 13e827ef0b0.
Sept. 13, 2026 4:16:28 AM com.jme3.bullet.objects.PhysicsRigidBody rebuildRigidBody
INFORMATION: Created 13e827f1090.
Sept. 13, 2026 4:16:28 AM com.jme3.bullet.objects.PhysicsRigidBody rebuildRigidBody
INFORMATION: Created 13e827f0a30.
Sept. 13, 2026 4:16:28 AM com.jme3.bullet.objects.PhysicsRigidBody rebuildRigidBody
INFORMATION: Created 13e827efd70.
Sept. 13, 2026 4:16:28 AM com.jme3.bullet.objects.PhysicsRigidBody rebuildRigidBody
INFORMATION: Created 13e827f2080.
Sept. 13, 2026 4:16:28 AM com.jme3.bullet.objects.PhysicsRigidBody rebuildRigidBody
INFORMATION: Created 13e827f1a20.
Sept. 13, 2026 4:16:28 AM com.jme3.bullet.objects.PhysicsRigidBody rebuildRigidBody
INFORMATION: Created 13e827eea50.
Sept. 13, 2026 4:16:28 AM com.jme3.bullet.objects.PhysicsRigidBody rebuildRigidBody
INFORMATION: Created 13e827f23b0.
Sept. 13, 2026 4:16:28 AM com.jme3.bullet.objects.PhysicsRigidBody rebuildRigidBody
INFORMATION: Created 13e827ee720.
Sept. 13, 2026 4:16:28 AM com.jme3.bullet.objects.PhysicsRigidBody rebuildRigidBody
INFORMATION: Created 13e827f00a0.
Sept. 13, 2026 4:16:28 AM com.jme3.bullet.objects.PhysicsRigidBody rebuildRigidBody
INFORMATION: Created 13e827f26e0.
Sept. 13, 2026 4:16:28 AM com.jme3.bullet.objects.PhysicsRigidBody rebuildRigidBody
INFORMATION: Created 13e827f03d0.
Sept. 13, 2026 4:16:28 AM com.jme3.bullet.objects.PhysicsRigidBody rebuildRigidBody
INFORMATION: Created 13e827f13c0.
Sept. 13, 2026 4:16:28 AM com.jme3.bullet.objects.PhysicsRigidBody rebuildRigidBody
INFORMATION: Created 13e827f2a10.
Sept. 13, 2026 4:16:28 AM com.jme3.bullet.objects.PhysicsRigidBody rebuildRigidBody
INFORMATION: Created 13e827eed80.
Sept. 13, 2026 4:16:28 AM com.jme3.bullet.objects.PhysicsRigidBody rebuildRigidBody
INFORMATION: Created 13e827f2d40.
Sept. 13, 2026 4:16:28 AM com.jme3.bullet.objects.PhysicsRigidBody rebuildRigidBody
INFORMATION: Created 13e827f3070.
Sept. 13, 2026 4:16:28 AM com.jme3.bullet.objects.PhysicsRigidBody rebuildRigidBody
INFORMATION: Created 13e827ef3e0.
Sept. 13, 2026 4:16:28 AM com.jme3.bullet.objects.PhysicsRigidBody rebuildRigidBody
INFORMATION: Created 13e827f0700.
Sept. 13, 2026 4:16:28 AM com.jme3.bullet.objects.PhysicsRigidBody rebuildRigidBody
INFORMATION: Created 13e827f33a0.
Sept. 13, 2026 4:16:28 AM com.jme3.bullet.objects.PhysicsRigidBody rebuildRigidBody
INFORMATION: Created 13e827ef710.
Sept. 13, 2026 4:16:28 AM com.jme3.bullet.objects.PhysicsRigidBody rebuildRigidBody
INFORMATION: Created 13e827f3a00.
Sept. 13, 2026 4:16:28 AM com.jme3.bullet.objects.PhysicsRigidBody rebuildRigidBody
INFORMATION: Created 13e827f36d0.
Sept. 13, 2026 4:16:28 AM com.jme3.bullet.objects.PhysicsRigidBody rebuildRigidBody
INFORMATION: Created 13e827f3d30.
Sept. 13, 2026 4:16:28 AM com.jme3.bullet.objects.PhysicsRigidBody rebuildRigidBody
INFORMATION: Created 13e827f4060.
Sept. 13, 2026 4:16:28 AM com.jme3.bullet.objects.PhysicsRigidBody rebuildRigidBody
INFORMATION: Created 13e827f4390.
Sept. 13, 2026 4:16:28 AM com.jme3.bullet.objects.PhysicsRigidBody rebuildRigidBody
INFORMATION: Created 13e827f5050.
Sept. 13, 2026 4:16:28 AM com.jme3.bullet.objects.PhysicsRigidBody rebuildRigidBody
INFORMATION: Created 13e827f46c0.
Sept. 13, 2026 4:16:28 AM com.jme3.bullet.objects.PhysicsRigidBody rebuildRigidBody
INFORMATION: Created 13e827f49f0.
Sept. 13, 2026 4:16:28 AM com.jme3.bullet.objects.PhysicsRigidBody rebuildRigidBody
INFORMATION: Created 13e827f4d20.
Sept. 13, 2026 4:16:28 AM com.jme3.bullet.objects.PhysicsRigidBody rebuildRigidBody
INFORMATION: Created 13e827f5380.
Sept. 13, 2026 4:16:28 AM com.jme3.bullet.objects.PhysicsRigidBody rebuildRigidBody
INFORMATION: Created 13e827f56b0.
Sept. 13, 2026 4:16:28 AM com.jme3.bullet.objects.PhysicsRigidBody rebuildRigidBody
INFORMATION: Created 13e827f79c0.
Sept. 13, 2026 4:16:28 AM com.jme3.bullet.objects.PhysicsRigidBody rebuildRigidBody
INFORMATION: Created 13e827f7cf0.
Sept. 13, 2026 4:16:28 AM com.jme3.bullet.objects.PhysicsRigidBody rebuildRigidBody
INFORMATION: Created 13e827f9670.
Sept. 13, 2026 4:16:28 AM com.jme3.bullet.objects.PhysicsRigidBody rebuildRigidBody
INFORMATION: Created 13e827f99a0.
Sept. 13, 2026 4:16:28 AM com.jme3.bullet.objects.PhysicsRigidBody rebuildRigidBody
INFORMATION: Created 13e827f89b0.
Sept. 13, 2026 4:16:28 AM com.jme3.bullet.objects.PhysicsRigidBody rebuildRigidBody
INFORMATION: Created 13e827fa330.
Sept. 13, 2026 4:16:28 AM com.jme3.bullet.objects.PhysicsRigidBody rebuildRigidBody
INFORMATION: Created 13e827f7690.
Sept. 13, 2026 4:16:28 AM com.jme3.bullet.objects.PhysicsRigidBody rebuildRigidBody
INFORMATION: Created 13e827f9cd0.
Sept. 13, 2026 4:16:28 AM com.jme3.bullet.objects.PhysicsRigidBody rebuildRigidBody
INFORMATION: Created 13e827f69d0.
Sept. 13, 2026 4:16:28 AM com.jme3.bullet.objects.PhysicsRigidBody rebuildRigidBody
INFORMATION: Created 13e827f7030.
Sept. 13, 2026 4:16:28 AM com.jme3.bullet.objects.PhysicsRigidBody rebuildRigidBody
INFORMATION: Created 13e827fa000.
Sept. 13, 2026 4:16:28 AM com.jme3.bullet.objects.PhysicsRigidBody rebuildRigidBody
INFORMATION: Created 13e827f66a0.
Sept. 13, 2026 4:16:28 AM com.jme3.bullet.objects.PhysicsRigidBody rebuildRigidBody
INFORMATION: Created 13e827fa660.
Sept. 13, 2026 4:16:28 AM com.jme3.bullet.objects.PhysicsRigidBody rebuildRigidBody
INFORMATION: Created 13e827f8680.
Sept. 13, 2026 4:16:28 AM com.jme3.bullet.objects.PhysicsRigidBody rebuildRigidBody
INFORMATION: Created 13e827fa990.
Sept. 13, 2026 4:16:28 AM com.jme3.bullet.objects.PhysicsRigidBody rebuildRigidBody
INFORMATION: Created 13e827f6d00.
Sept. 13, 2026 4:16:28 AM com.jme3.bullet.objects.PhysicsRigidBody rebuildRigidBody
INFORMATION: Created 13e827f8020.
Sept. 13, 2026 4:16:28 AM com.jme3.bullet.objects.PhysicsRigidBody rebuildRigidBody
INFORMATION: Created 13e827f8ce0.
Sept. 13, 2026 4:16:28 AM com.jme3.bullet.objects.PhysicsRigidBody rebuildRigidBody
INFORMATION: Created 13e827facc0.
Sept. 13, 2026 4:16:28 AM com.jme3.bullet.objects.PhysicsRigidBody rebuildRigidBody
INFORMATION: Created 13e827faff0.
Sept. 13, 2026 4:16:28 AM com.jme3.bullet.objects.PhysicsRigidBody rebuildRigidBody
INFORMATION: Created 13e827f7360.
Sept. 13, 2026 4:16:28 AM com.jme3.bullet.objects.PhysicsRigidBody rebuildRigidBody
INFORMATION: Created 13e827fb320.
Sept. 13, 2026 4:16:28 AM com.jme3.bullet.objects.PhysicsRigidBody rebuildRigidBody
INFORMATION: Created 13e827fbcb0.
Sept. 13, 2026 4:16:28 AM com.jme3.bullet.objects.PhysicsRigidBody rebuildRigidBody
INFORMATION: Created 13e827fbfe0.
Sept. 13, 2026 4:16:28 AM com.jme3.bullet.objects.PhysicsRigidBody rebuildRigidBody
INFORMATION: Created 13e827fb650.
Sept. 13, 2026 4:16:28 AM com.jme3.bullet.objects.PhysicsRigidBody rebuildRigidBody
INFORMATION: Created 13e827f9010.
Sept. 13, 2026 4:16:28 AM com.jme3.bullet.objects.PhysicsRigidBody rebuildRigidBody
INFORMATION: Created 13e827fb980.
Sept. 13, 2026 4:16:28 AM com.jme3.bullet.objects.PhysicsRigidBody rebuildRigidBody
INFORMATION: Created 13e827f9340.
Sept. 13, 2026 4:16:28 AM com.jme3.bullet.objects.PhysicsRigidBody rebuildRigidBody
INFORMATION: Created 13e827f8350.
Sept. 13, 2026 4:16:28 AM com.jme3.bullet.objects.PhysicsRigidBody rebuildRigidBody
INFORMATION: Created 13e827fdfc0.
Sept. 13, 2026 4:16:28 AM com.jme3.bullet.objects.PhysicsRigidBody rebuildRigidBody
INFORMATION: Created 13e827fe2f0.
Sept. 13, 2026 4:16:28 AM com.jme3.bullet.objects.PhysicsRigidBody rebuildRigidBody
INFORMATION: Created 13e827fdc90.
Sept. 13, 2026 4:16:28 AM com.jme3.bullet.objects.PhysicsRigidBody rebuildRigidBody
INFORMATION: Created 13e827ff2e0.
Sept. 13, 2026 4:16:28 AM com.jme3.bullet.objects.PhysicsRigidBody rebuildRigidBody
INFORMATION: Created 13e827ff610.
Sept. 13, 2026 4:16:28 AM com.jme3.bullet.objects.PhysicsRigidBody rebuildRigidBody
INFORMATION: Created 13e827fc640.
Sept. 13, 2026 4:16:28 AM com.jme3.bullet.objects.PhysicsRigidBody rebuildRigidBody
INFORMATION: Created 13e827ff940.
Sept. 13, 2026 4:16:28 AM com.jme3.bullet.objects.PhysicsRigidBody rebuildRigidBody
INFORMATION: Created 13e827ffc70.
Sept. 13, 2026 4:16:28 AM com.jme3.bullet.objects.PhysicsRigidBody rebuildRigidBody
INFORMATION: Created 13e827fd630.
Sept. 13, 2026 4:16:28 AM com.jme3.bullet.objects.PhysicsRigidBody rebuildRigidBody
INFORMATION: Created 13e827fffa0.
Sept. 13, 2026 4:16:28 AM com.jme3.bullet.objects.PhysicsRigidBody rebuildRigidBody
INFORMATION: Created 13e827fd960.
Sept. 13, 2026 4:16:28 AM com.jme3.bullet.objects.PhysicsRigidBody rebuildRigidBody
INFORMATION: Created 13e827fe950.
Sept. 13, 2026 4:16:28 AM com.jme3.bullet.objects.PhysicsRigidBody rebuildRigidBody
INFORMATION: Created 13e827fec80.
Sept. 13, 2026 4:16:28 AM com.jme3.bullet.objects.PhysicsRigidBody rebuildRigidBody
INFORMATION: Created 13e827fe620.
Sept. 13, 2026 4:16:28 AM com.jme3.bullet.objects.PhysicsRigidBody rebuildRigidBody
INFORMATION: Created 13e827fefb0.
Sept. 13, 2026 4:16:28 AM com.jme3.bullet.objects.PhysicsRigidBody rebuildRigidBody
INFORMATION: Created 13e827fc310.
Sept. 13, 2026 4:16:28 AM com.jme3.bullet.objects.PhysicsRigidBody rebuildRigidBody
INFORMATION: Created 13e82800600.
Sept. 13, 2026 4:16:28 AM com.jme3.bullet.objects.PhysicsRigidBody rebuildRigidBody
INFORMATION: Created 13e827fcca0.
Sept. 13, 2026 4:16:28 AM com.jme3.bullet.objects.PhysicsRigidBody rebuildRigidBody
INFORMATION: Created 13e827fcfd0.
Sept. 13, 2026 4:16:28 AM com.jme3.bullet.objects.PhysicsRigidBody rebuildRigidBody
INFORMATION: Created 13e827fd300.
Sept. 13, 2026 4:16:28 AM com.jme3.bullet.objects.PhysicsRigidBody rebuildRigidBody
INFORMATION: Created 13e827fc970.
Sept. 13, 2026 4:16:28 AM com.jme3.bullet.objects.PhysicsRigidBody rebuildRigidBody
INFORMATION: Created 13e82800c60.
Sept. 13, 2026 4:16:28 AM com.jme3.bullet.objects.PhysicsRigidBody rebuildRigidBody
INFORMATION: Created 13e828015f0.
Sept. 13, 2026 4:16:28 AM com.jme3.bullet.objects.PhysicsRigidBody rebuildRigidBody
INFORMATION: Created 13e82801920.
Sept. 13, 2026 4:16:28 AM com.jme3.bullet.objects.PhysicsRigidBody rebuildRigidBody
INFORMATION: Created 13e82801c50.
Sept. 13, 2026 4:16:28 AM com.jme3.bullet.objects.PhysicsRigidBody rebuildRigidBody
INFORMATION: Created 13e82802910.
Sept. 13, 2026 4:16:28 AM com.jme3.bullet.objects.PhysicsRigidBody rebuildRigidBody
INFORMATION: Created 13e82801f80.
Sept. 13, 2026 4:16:28 AM com.jme3.bullet.objects.PhysicsRigidBody rebuildRigidBody
INFORMATION: Created 13e828022b0.
Sept. 13, 2026 4:16:28 AM com.jme3.bullet.objects.PhysicsRigidBody rebuildRigidBody
INFORMATION: Created 13e828025e0.
Sept. 13, 2026 4:16:28 AM com.jme3.bullet.objects.PhysicsRigidBody rebuildRigidBody
INFORMATION: Created 13e82802c40.
Sept. 13, 2026 4:16:28 AM com.jme3.bullet.objects.PhysicsRigidBody rebuildRigidBody
INFORMATION: Created 13e82805f40.
Sept. 13, 2026 4:16:28 AM com.jme3.bullet.objects.PhysicsRigidBody rebuildRigidBody
INFORMATION: Created 13e828045c0.
Sept. 13, 2026 4:16:28 AM com.jme3.bullet.objects.PhysicsRigidBody rebuildRigidBody
INFORMATION: Created 13e828048f0.
Sept. 13, 2026 4:16:28 AM com.jme3.bullet.objects.PhysicsRigidBody rebuildRigidBody
INFORMATION: Created 13e82806270.
Sept. 13, 2026 4:16:28 AM com.jme3.bullet.objects.PhysicsRigidBody rebuildRigidBody
INFORMATION: Created 13e828065a0.
Sept. 13, 2026 4:16:28 AM com.jme3.bullet.objects.PhysicsRigidBody rebuildRigidBody
INFORMATION: Created 13e828055b0.
Sept. 13, 2026 4:16:28 AM com.jme3.bullet.objects.PhysicsRigidBody rebuildRigidBody
INFORMATION: Created 13e828068d0.
Sept. 13, 2026 4:16:28 AM com.jme3.bullet.objects.PhysicsRigidBody rebuildRigidBody
INFORMATION: Created 13e828035d0.
Sept. 13, 2026 4:16:28 AM com.jme3.bullet.objects.PhysicsRigidBody rebuildRigidBody
INFORMATION: Created 13e82806c00.
Sept. 13, 2026 4:16:28 AM com.jme3.bullet.objects.PhysicsRigidBody rebuildRigidBody
INFORMATION: Created 13e82806f30.
Sept. 13, 2026 4:16:28 AM com.jme3.bullet.objects.PhysicsRigidBody rebuildRigidBody
INFORMATION: Created 13e828032a0.
Sept. 13, 2026 4:16:28 AM com.jme3.bullet.objects.PhysicsRigidBody rebuildRigidBody
INFORMATION: Created 13e82807260.
Sept. 13, 2026 4:16:28 AM com.jme3.bullet.objects.PhysicsRigidBody rebuildRigidBody
INFORMATION: Created 13e82804c20.
Sept. 13, 2026 4:16:28 AM com.jme3.bullet.objects.PhysicsRigidBody rebuildRigidBody
INFORMATION: Created 13e828058e0.
Sept. 13, 2026 4:16:28 AM com.jme3.bullet.objects.PhysicsRigidBody rebuildRigidBody
INFORMATION: Created 13e82805c10.
Sept. 13, 2026 4:16:28 AM com.jme3.bullet.objects.PhysicsRigidBody rebuildRigidBody
INFORMATION: Created 13e82807590.
Sept. 13, 2026 4:16:28 AM com.jme3.bullet.objects.PhysicsRigidBody rebuildRigidBody
INFORMATION: Created 13e82803900.
Sept. 13, 2026 4:16:28 AM com.jme3.bullet.objects.PhysicsRigidBody rebuildRigidBody
INFORMATION: Created 13e82804f50.
Sept. 13, 2026 4:16:28 AM com.jme3.bullet.objects.PhysicsRigidBody rebuildRigidBody
INFORMATION: Created 13e828078c0.
Sept. 13, 2026 4:16:28 AM com.jme3.bullet.objects.PhysicsRigidBody rebuildRigidBody
INFORMATION: Created 13e82803c30.
Sept. 13, 2026 4:16:28 AM com.jme3.bullet.objects.PhysicsRigidBody rebuildRigidBody
INFORMATION: Created 13e82807bf0.
Sept. 13, 2026 4:16:28 AM com.jme3.bullet.objects.PhysicsRigidBody rebuildRigidBody
INFORMATION: Created 13e82803f60.
[GAME] Krypta der Eide
Sept. 13, 2026 4:16:28 AM com.jme3.anim.SkinningControl controlRender
INFORMATION: Hardware skinning engaged for Scene (Node)
Sept. 13, 2026 4:16:28 AM com.jme3.anim.SkinningControl controlRender
INFORMATION: Hardware skinning engaged for Scene (Node)
Sept. 13, 2026 4:16:28 AM com.jme3.anim.SkinningControl controlRender
INFORMATION: Hardware skinning engaged for Scene (Node)
Sept. 13, 2026 4:16:28 AM com.jme3.anim.SkinningControl controlRender
INFORMATION: Hardware skinning engaged for Scene (Node)
Sept. 13, 2026 4:16:28 AM com.jme3.anim.SkinningControl controlRender
INFORMATION: Hardware skinning engaged for Scene (Node)
Sept. 13, 2026 4:16:28 AM com.jme3.anim.SkinningControl controlRender
INFORMATION: Hardware skinning engaged for Scene (Node)
Sept. 13, 2026 4:16:28 AM com.jme3.anim.SkinningControl controlRender
INFORMATION: Hardware skinning engaged for Scene (Node)
[SMOKE] stage 16
[CHECK] Crypt portal transition
[GAME] Goblin besiegt  +35 EP  +8 Gold
[GAME] Goblin besiegt  +35 EP  +8 Gold
[GAME] Goblin besiegt  +35 EP  +8 Gold
[GAME] Goblin besiegt  +35 EP  +8 Gold
[GAME] Goblin besiegt  +35 EP  +8 Gold
[GAME] Ork-Brecher besiegt  +70 EP  +13 Gold
[GAME] STUFE 3  -  Fähigkeitspunkt erhalten [K]
[GAME] Aschenrufer besiegt  +65 EP  +23 Gold
[GAME] Eiserner Wächter besiegt  +115 EP  +18 Gold
[GAME] Der Eid verstummt. Beginne mit der Sonne.
[CHECK] Wrong rune resets the puzzle
[GAME] Rune der Sonne antwortet. 1 / 3
[GAME] Rune des Mondes antwortet. 2 / 3
[GAME] Rune des Sterns antwortet. 3 / 3
[GAME] Der Altar im Norden ist erwacht.
[GAME] Auftrag erfüllt: Die Stimmen der Toten  +130 EP
[GAME] Stufe 4 erreicht! K: Fähigkeiten verbessern.
[GAME] Siegel der Toten erhalten!
[CHECK] Crypt seal reward
Sept. 13, 2026 4:16:30 AM com.jme3.bullet.objects.PhysicsRigidBody rebuildRigidBody
INFORMATION: Created 13e82807f20.
Sept. 13, 2026 4:16:30 AM com.jme3.bullet.objects.PhysicsRigidBody rebuildRigidBody
INFORMATION: Created 13e828088b0.
Sept. 13, 2026 4:16:30 AM com.jme3.bullet.objects.PhysicsRigidBody rebuildRigidBody
INFORMATION: Created 13e82808250.
Sept. 13, 2026 4:16:30 AM com.jme3.bullet.objects.PhysicsRigidBody rebuildRigidBody
INFORMATION: Created 13e82808580.
Sept. 13, 2026 4:16:30 AM com.jme3.bullet.objects.PhysicsRigidBody rebuildRigidBody
INFORMATION: Created 13e82808be0.
Sept. 13, 2026 4:16:30 AM com.jme3.bullet.objects.PhysicsRigidBody rebuildRigidBody
INFORMATION: Created 13e82805280.
Sept. 13, 2026 4:16:30 AM com.jme3.bullet.objects.PhysicsRigidBody rebuildRigidBody
INFORMATION: Created 13e82809570.
Sept. 13, 2026 4:16:30 AM com.jme3.bullet.objects.PhysicsRigidBody rebuildRigidBody
INFORMATION: Created 13e82808f10.
Sept. 13, 2026 4:16:30 AM com.jme3.bullet.objects.PhysicsRigidBody rebuildRigidBody
INFORMATION: Created 13e82809240.
Sept. 13, 2026 4:16:30 AM com.jme3.bullet.objects.PhysicsRigidBody rebuildRigidBody
INFORMATION: Created 13e6a5e3090.
Sept. 13, 2026 4:16:30 AM com.jme3.bullet.objects.PhysicsRigidBody rebuildRigidBody
INFORMATION: Created 13e6a5e5d30.
Sept. 13, 2026 4:16:30 AM com.jme3.bullet.objects.PhysicsRigidBody rebuildRigidBody
INFORMATION: Created 13e6a5e4a10.
Sept. 13, 2026 4:16:30 AM com.jme3.bullet.objects.PhysicsRigidBody rebuildRigidBody
INFORMATION: Created 13e6a5e4d40.
Sept. 13, 2026 4:16:30 AM com.jme3.bullet.objects.PhysicsRigidBody rebuildRigidBody
INFORMATION: Created 13e6a5e6060.
Sept. 13, 2026 4:16:30 AM com.jme3.bullet.objects.PhysicsRigidBody rebuildRigidBody
INFORMATION: Created 13e6a5e5070.
Sept. 13, 2026 4:16:30 AM com.jme3.bullet.objects.PhysicsRigidBody rebuildRigidBody
INFORMATION: Created 13e6a5e23d0.
Sept. 13, 2026 4:16:30 AM com.jme3.bullet.objects.PhysicsRigidBody rebuildRigidBody
INFORMATION: Created 13e6a5e6390.
Sept. 13, 2026 4:16:30 AM com.jme3.bullet.objects.PhysicsRigidBody rebuildRigidBody
INFORMATION: Created 13e6a5e2700.
Sept. 13, 2026 4:16:30 AM com.jme3.bullet.objects.PhysicsRigidBody rebuildRigidBody
INFORMATION: Created 13e6a5ea350.
Sept. 13, 2026 4:16:30 AM com.jme3.bullet.objects.PhysicsRigidBody rebuildRigidBody
INFORMATION: Created 13e6a5e89d0.
Sept. 13, 2026 4:16:30 AM com.jme3.bullet.objects.PhysicsRigidBody rebuildRigidBody
INFORMATION: Created 13e6a5e9360.
Sept. 13, 2026 4:16:30 AM com.jme3.bullet.objects.PhysicsRigidBody rebuildRigidBody
INFORMATION: Created 13e6a5e9030.
Sept. 13, 2026 4:16:30 AM com.jme3.bullet.objects.PhysicsRigidBody rebuildRigidBody
INFORMATION: Created 13e6a5e9cf0.
Sept. 13, 2026 4:16:30 AM com.jme3.bullet.objects.PhysicsRigidBody rebuildRigidBody
INFORMATION: Created 13e6a5e99c0.
Sept. 13, 2026 4:16:30 AM com.jme3.bullet.objects.PhysicsRigidBody rebuildRigidBody
INFORMATION: Created 13e6a5e66c0.
Sept. 13, 2026 4:16:30 AM com.jme3.bullet.objects.PhysicsRigidBody rebuildRigidBody
INFORMATION: Created 13e6a5e9690.
Sept. 13, 2026 4:16:30 AM com.jme3.bullet.objects.PhysicsRigidBody rebuildRigidBody
INFORMATION: Created 13e6a5e8d00.
Sept. 13, 2026 4:16:30 AM com.jme3.bullet.objects.PhysicsRigidBody rebuildRigidBody
INFORMATION: Created 13e6a5ea020.
Sept. 13, 2026 4:16:30 AM com.jme3.bullet.objects.PhysicsRigidBody rebuildRigidBody
INFORMATION: Created 13e6a5e7d10.
Sept. 13, 2026 4:16:30 AM com.jme3.bullet.objects.PhysicsRigidBody rebuildRigidBody
INFORMATION: Created 13e6a5e7380.
Sept. 13, 2026 4:16:30 AM com.jme3.bullet.objects.PhysicsRigidBody rebuildRigidBody
INFORMATION: Created 13e6a5ea680.
Sept. 13, 2026 4:16:30 AM com.jme3.bullet.objects.PhysicsRigidBody rebuildRigidBody
INFORMATION: Created 13e6a5e69f0.
Sept. 13, 2026 4:16:30 AM com.jme3.bullet.objects.PhysicsRigidBody rebuildRigidBody
INFORMATION: Created 13e6a5ea9b0.
Sept. 13, 2026 4:16:30 AM com.jme3.bullet.objects.PhysicsRigidBody rebuildRigidBody
INFORMATION: Created 13e6a5e6d20.
Sept. 13, 2026 4:16:30 AM com.jme3.bullet.objects.PhysicsRigidBody rebuildRigidBody
INFORMATION: Created 13e6a5eace0.
Sept. 13, 2026 4:16:30 AM com.jme3.bullet.objects.PhysicsRigidBody rebuildRigidBody
INFORMATION: Created 13e6a5e7050.
Sept. 13, 2026 4:16:30 AM com.jme3.bullet.objects.PhysicsRigidBody rebuildRigidBody
INFORMATION: Created 13e6a5e79e0.
Sept. 13, 2026 4:16:30 AM com.jme3.bullet.objects.PhysicsRigidBody rebuildRigidBody
INFORMATION: Created 13e6a5eb010.
Sept. 13, 2026 4:16:30 AM com.jme3.bullet.objects.PhysicsRigidBody rebuildRigidBody
INFORMATION: Created 13e6a5e86a0.
Sept. 13, 2026 4:16:30 AM com.jme3.bullet.objects.PhysicsRigidBody rebuildRigidBody
INFORMATION: Created 13e6a5eb340.
Sept. 13, 2026 4:16:30 AM com.jme3.bullet.objects.PhysicsRigidBody rebuildRigidBody
INFORMATION: Created 13e6a5e76b0.
Sept. 13, 2026 4:16:30 AM com.jme3.bullet.objects.PhysicsRigidBody rebuildRigidBody
INFORMATION: Created 13e6a5eb670.
Sept. 13, 2026 4:16:30 AM com.jme3.bullet.objects.PhysicsRigidBody rebuildRigidBody
INFORMATION: Created 13e6a5eb9a0.
Sept. 13, 2026 4:16:30 AM com.jme3.bullet.objects.PhysicsRigidBody rebuildRigidBody
INFORMATION: Created 13e6a5ebcd0.
Sept. 13, 2026 4:16:30 AM com.jme3.bullet.objects.PhysicsRigidBody rebuildRigidBody
INFORMATION: Created 13e6a5e8040.
Sept. 13, 2026 4:16:30 AM com.jme3.bullet.objects.PhysicsRigidBody rebuildRigidBody
INFORMATION: Created 13e6a5ec000.
Sept. 13, 2026 4:16:30 AM com.jme3.bullet.objects.PhysicsRigidBody rebuildRigidBody
INFORMATION: Created 13e6a5e8370.
Sept. 13, 2026 4:16:30 AM com.jme3.bullet.objects.PhysicsRigidBody rebuildRigidBody
INFORMATION: Created 13e6a5ecff0.
Sept. 13, 2026 4:16:30 AM com.jme3.bullet.objects.PhysicsRigidBody rebuildRigidBody
INFORMATION: Created 13e6a5ec990.
Sept. 13, 2026 4:16:30 AM com.jme3.bullet.objects.PhysicsRigidBody rebuildRigidBody
INFORMATION: Created 13e6a5ec330.
Sept. 13, 2026 4:16:30 AM com.jme3.bullet.objects.PhysicsRigidBody rebuildRigidBody
INFORMATION: Created 13e6a5ec660.
Sept. 13, 2026 4:16:30 AM com.jme3.bullet.objects.PhysicsRigidBody rebuildRigidBody
INFORMATION: Created 13e6a5eccc0.
Sept. 13, 2026 4:16:30 AM com.jme3.bullet.objects.PhysicsRigidBody rebuildRigidBody
INFORMATION: Created 13e6a5ed320.
Sept. 13, 2026 4:16:30 AM com.jme3.bullet.objects.PhysicsRigidBody rebuildRigidBody
INFORMATION: Created 13e6a5ed650.
Sept. 13, 2026 4:16:30 AM com.jme3.bullet.objects.PhysicsRigidBody rebuildRigidBody
INFORMATION: Created 13e6a5ed980.
Sept. 13, 2026 4:16:30 AM com.jme3.bullet.objects.PhysicsRigidBody rebuildRigidBody
INFORMATION: Created 13e6a5ee970.
Sept. 13, 2026 4:16:30 AM com.jme3.bullet.objects.PhysicsRigidBody rebuildRigidBody
INFORMATION: Created 13e6a5edcb0.
Sept. 13, 2026 4:16:30 AM com.jme3.bullet.objects.PhysicsRigidBody rebuildRigidBody
INFORMATION: Created 13e6a5edfe0.
Sept. 13, 2026 4:16:30 AM com.jme3.bullet.objects.PhysicsRigidBody rebuildRigidBody
INFORMATION: Created 13e6a5ee310.
Sept. 13, 2026 4:16:30 AM com.jme3.bullet.objects.PhysicsRigidBody rebuildRigidBody
INFORMATION: Created 13e6a5ee640.
Sept. 13, 2026 4:16:30 AM com.jme3.bullet.objects.PhysicsRigidBody rebuildRigidBody
INFORMATION: Created 13e6a5ef960.
Sept. 13, 2026 4:16:30 AM com.jme3.bullet.objects.PhysicsRigidBody rebuildRigidBody
INFORMATION: Created 13e6a5f1fa0.
Sept. 13, 2026 4:16:30 AM com.jme3.bullet.objects.PhysicsRigidBody rebuildRigidBody
INFORMATION: Created 13e6a5eefd0.
Sept. 13, 2026 4:16:30 AM com.jme3.bullet.objects.PhysicsRigidBody rebuildRigidBody
INFORMATION: Created 13e6a5effc0.
Sept. 13, 2026 4:16:30 AM com.jme3.bullet.objects.PhysicsRigidBody rebuildRigidBody
INFORMATION: Created 13e6a5f2930.
Sept. 13, 2026 4:16:30 AM com.jme3.bullet.objects.PhysicsRigidBody rebuildRigidBody
INFORMATION: Created 13e6a5f0fb0.
Sept. 13, 2026 4:16:30 AM com.jme3.bullet.objects.PhysicsRigidBody rebuildRigidBody
INFORMATION: Created 13e6a5f1940.
Sept. 13, 2026 4:16:30 AM com.jme3.bullet.objects.PhysicsRigidBody rebuildRigidBody
INFORMATION: Created 13e6a5f1610.
Sept. 13, 2026 4:16:30 AM com.jme3.bullet.objects.PhysicsRigidBody rebuildRigidBody
INFORMATION: Created 13e6a5f22d0.
Sept. 13, 2026 4:16:30 AM com.jme3.bullet.objects.PhysicsRigidBody rebuildRigidBody
INFORMATION: Created 13e6a5f2600.
Sept. 13, 2026 4:16:30 AM com.jme3.bullet.objects.PhysicsRigidBody rebuildRigidBody
INFORMATION: Created 13e6a5eeca0.
Sept. 13, 2026 4:16:30 AM com.jme3.bullet.objects.PhysicsRigidBody rebuildRigidBody
INFORMATION: Created 13e6a5f1c70.
Sept. 13, 2026 4:16:30 AM com.jme3.bullet.objects.PhysicsRigidBody rebuildRigidBody
INFORMATION: Created 13e6a5f2c60.
Sept. 13, 2026 4:16:30 AM com.jme3.bullet.objects.PhysicsRigidBody rebuildRigidBody
INFORMATION: Created 13e6a5f02f0.
Sept. 13, 2026 4:16:30 AM com.jme3.bullet.objects.PhysicsRigidBody rebuildRigidBody
INFORMATION: Created 13e6a5efc90.
Sept. 13, 2026 4:16:30 AM com.jme3.bullet.objects.PhysicsRigidBody rebuildRigidBody
INFORMATION: Created 13e6a5f2f90.
Sept. 13, 2026 4:16:30 AM com.jme3.bullet.objects.PhysicsRigidBody rebuildRigidBody
INFORMATION: Created 13e6a5f12e0.
Sept. 13, 2026 4:16:30 AM com.jme3.bullet.objects.PhysicsRigidBody rebuildRigidBody
INFORMATION: Created 13e6a5ef630.
Sept. 13, 2026 4:16:30 AM com.jme3.bullet.objects.PhysicsRigidBody rebuildRigidBody
INFORMATION: Created 13e6a5f0620.
Sept. 13, 2026 4:16:30 AM com.jme3.bullet.objects.PhysicsRigidBody rebuildRigidBody
INFORMATION: Created 13e6a5ef300.
Sept. 13, 2026 4:16:30 AM com.jme3.bullet.objects.PhysicsRigidBody rebuildRigidBody
INFORMATION: Created 13e6a5f45e0.
Sept. 13, 2026 4:16:30 AM com.jme3.bullet.objects.PhysicsRigidBody rebuildRigidBody
INFORMATION: Created 13e6a5f32c0.
Sept. 13, 2026 4:16:30 AM com.jme3.bullet.objects.PhysicsRigidBody rebuildRigidBody
INFORMATION: Created 13e6a5f3f80.
Sept. 13, 2026 4:16:30 AM com.jme3.bullet.objects.PhysicsRigidBody rebuildRigidBody
INFORMATION: Created 13e6a5f0c80.
Sept. 13, 2026 4:16:30 AM com.jme3.bullet.objects.PhysicsRigidBody rebuildRigidBody
INFORMATION: Created 13e6a5f35f0.
Sept. 13, 2026 4:16:30 AM com.jme3.bullet.objects.PhysicsRigidBody rebuildRigidBody
INFORMATION: Created 13e6a5f42b0.
Sept. 13, 2026 4:16:30 AM com.jme3.bullet.objects.PhysicsRigidBody rebuildRigidBody
INFORMATION: Created 13e6a5f3920.
Sept. 13, 2026 4:16:30 AM com.jme3.bullet.objects.PhysicsRigidBody rebuildRigidBody
INFORMATION: Created 13e6a5f3c50.
Sept. 13, 2026 4:16:30 AM com.jme3.bullet.objects.PhysicsRigidBody rebuildRigidBody
INFORMATION: Created 13e6a5f0950.
Sept. 13, 2026 4:16:30 AM com.jme3.bullet.objects.PhysicsRigidBody rebuildRigidBody
INFORMATION: Created 13e6a5f6c20.
Sept. 13, 2026 4:16:30 AM com.jme3.bullet.objects.PhysicsRigidBody rebuildRigidBody
INFORMATION: Created 13e6a5f5900.
Sept. 13, 2026 4:16:30 AM com.jme3.bullet.objects.PhysicsRigidBody rebuildRigidBody
INFORMATION: Created 13e6a5f68f0.
Sept. 13, 2026 4:16:30 AM com.jme3.bullet.objects.PhysicsRigidBody rebuildRigidBody
INFORMATION: Created 13e6a5f4910.
Sept. 13, 2026 4:16:30 AM com.jme3.bullet.objects.PhysicsRigidBody rebuildRigidBody
INFORMATION: Created 13e6a5f6290.
Sept. 13, 2026 4:16:30 AM com.jme3.bullet.objects.PhysicsRigidBody rebuildRigidBody
INFORMATION: Created 13e6a5f55d0.
Sept. 13, 2026 4:16:30 AM com.jme3.bullet.objects.PhysicsRigidBody rebuildRigidBody
INFORMATION: Created 13e6a5f8270.
Sept. 13, 2026 4:16:30 AM com.jme3.bullet.objects.PhysicsRigidBody rebuildRigidBody
INFORMATION: Created 13e6a5f5c30.
Sept. 13, 2026 4:16:30 AM com.jme3.bullet.objects.PhysicsRigidBody rebuildRigidBody
INFORMATION: Created 13e6a5f4c40.
Sept. 13, 2026 4:16:30 AM com.jme3.bullet.objects.PhysicsRigidBody rebuildRigidBody
INFORMATION: Created 13e6a5f65c0.
Sept. 13, 2026 4:16:30 AM com.jme3.bullet.objects.PhysicsRigidBody rebuildRigidBody
INFORMATION: Created 13e6a5f6f50.
Sept. 13, 2026 4:16:30 AM com.jme3.bullet.objects.PhysicsRigidBody rebuildRigidBody
INFORMATION: Created 13e6a5f7280.
Sept. 13, 2026 4:16:30 AM com.jme3.bullet.objects.PhysicsRigidBody rebuildRigidBody
INFORMATION: Created 13e6a5f75b0.
Sept. 13, 2026 4:16:30 AM com.jme3.bullet.objects.PhysicsRigidBody rebuildRigidBody
INFORMATION: Created 13e6a5f8c00.
Sept. 13, 2026 4:16:30 AM com.jme3.bullet.objects.PhysicsRigidBody rebuildRigidBody
INFORMATION: Created 13e6a5f78e0.
Sept. 13, 2026 4:16:30 AM com.jme3.bullet.objects.PhysicsRigidBody rebuildRigidBody
INFORMATION: Created 13e6a5f5f60.
Sept. 13, 2026 4:16:30 AM com.jme3.bullet.objects.PhysicsRigidBody rebuildRigidBody
INFORMATION: Created 13e6a5f85a0.
Sept. 13, 2026 4:16:30 AM com.jme3.bullet.objects.PhysicsRigidBody rebuildRigidBody
INFORMATION: Created 13e6a5f7c10.
Sept. 13, 2026 4:16:30 AM com.jme3.bullet.objects.PhysicsRigidBody rebuildRigidBody
INFORMATION: Created 13e6a5f7f40.
Sept. 13, 2026 4:16:30 AM com.jme3.bullet.objects.PhysicsRigidBody rebuildRigidBody
INFORMATION: Created 13e6a5f88d0.
Sept. 13, 2026 4:16:30 AM com.jme3.bullet.objects.PhysicsRigidBody rebuildRigidBody
INFORMATION: Created 13e6a5f4f70.
Sept. 13, 2026 4:16:30 AM com.jme3.bullet.objects.PhysicsRigidBody rebuildRigidBody
INFORMATION: Created 13e6a5f52a0.
Sept. 13, 2026 4:16:30 AM com.jme3.bullet.objects.PhysicsRigidBody rebuildRigidBody
INFORMATION: Created 13e6a5f8f30.
Sept. 13, 2026 4:16:30 AM com.jme3.bullet.objects.PhysicsRigidBody rebuildRigidBody
INFORMATION: Created 13e6a5f9f20.
Sept. 13, 2026 4:16:30 AM com.jme3.bullet.objects.PhysicsRigidBody rebuildRigidBody
INFORMATION: Created 13e6a5f9260.
Sept. 13, 2026 4:16:30 AM com.jme3.bullet.objects.PhysicsRigidBody rebuildRigidBody
INFORMATION: Created 13e6a5fa8b0.
Sept. 13, 2026 4:16:30 AM com.jme3.bullet.objects.PhysicsRigidBody rebuildRigidBody
INFORMATION: Created 13e6a5fa580.
Sept. 13, 2026 4:16:30 AM com.jme3.bullet.objects.PhysicsRigidBody rebuildRigidBody
INFORMATION: Created 13e6a5fa250.
Sept. 13, 2026 4:16:30 AM com.jme3.bullet.objects.PhysicsRigidBody rebuildRigidBody
INFORMATION: Created 13e6a5f9bf0.
Sept. 13, 2026 4:16:30 AM com.jme3.bullet.objects.PhysicsRigidBody rebuildRigidBody
INFORMATION: Created 13e6a5faf10.
Sept. 13, 2026 4:16:30 AM com.jme3.bullet.objects.PhysicsRigidBody rebuildRigidBody
INFORMATION: Created 13e6a5fb240.
Sept. 13, 2026 4:16:30 AM com.jme3.bullet.objects.PhysicsRigidBody rebuildRigidBody
INFORMATION: Created 13e6a5f9590.
Sept. 13, 2026 4:16:30 AM com.jme3.bullet.objects.PhysicsRigidBody rebuildRigidBody
INFORMATION: Created 13e6a5f98c0.
Sept. 13, 2026 4:16:30 AM com.jme3.bullet.objects.PhysicsRigidBody rebuildRigidBody
INFORMATION: Created 13e6a5fb570.
Sept. 13, 2026 4:16:30 AM com.jme3.bullet.objects.PhysicsRigidBody rebuildRigidBody
INFORMATION: Created 13e6a5fabe0.
Sept. 13, 2026 4:16:30 AM com.jme3.bullet.objects.PhysicsRigidBody rebuildRigidBody
INFORMATION: Created 13ed2a98e70.
Sept. 13, 2026 4:16:30 AM com.jme3.bullet.objects.PhysicsRigidBody rebuildRigidBody
INFORMATION: Created 13ed2a974f0.
Sept. 13, 2026 4:16:30 AM com.jme3.bullet.objects.PhysicsRigidBody rebuildRigidBody
INFORMATION: Created 13ed2a991a0.
Sept. 13, 2026 4:16:30 AM com.jme3.bullet.objects.PhysicsRigidBody rebuildRigidBody
INFORMATION: Created 13ed2a97820.
Sept. 13, 2026 4:16:30 AM com.jme3.bullet.objects.PhysicsRigidBody rebuildRigidBody
INFORMATION: Created 13ed2a97b50.
Sept. 13, 2026 4:16:30 AM com.jme3.bullet.objects.PhysicsRigidBody rebuildRigidBody
INFORMATION: Created 13ed2a97e80.
Sept. 13, 2026 4:16:30 AM com.jme3.bullet.objects.PhysicsRigidBody rebuildRigidBody
INFORMATION: Created 13ed2a981b0.
Sept. 13, 2026 4:16:30 AM com.jme3.bullet.objects.PhysicsRigidBody rebuildRigidBody
INFORMATION: Created 13ed2a96830.
Sept. 13, 2026 4:16:30 AM com.jme3.bullet.objects.PhysicsRigidBody rebuildRigidBody
INFORMATION: Created 13ed2a99800.
Sept. 13, 2026 4:16:30 AM com.jme3.bullet.objects.PhysicsRigidBody rebuildRigidBody
INFORMATION: Created 13ed2a984e0.
Sept. 13, 2026 4:16:30 AM com.jme3.bullet.objects.PhysicsRigidBody rebuildRigidBody
INFORMATION: Created 13ed2a98810.
Sept. 13, 2026 4:16:30 AM com.jme3.bullet.objects.PhysicsRigidBody rebuildRigidBody
INFORMATION: Created 13ed2a96e90.
Sept. 13, 2026 4:16:30 AM com.jme3.bullet.objects.PhysicsRigidBody rebuildRigidBody
INFORMATION: Created 13ed2a96b60.
Sept. 13, 2026 4:16:30 AM com.jme3.bullet.objects.PhysicsRigidBody rebuildRigidBody
INFORMATION: Created 13ed2a98b40.
Sept. 13, 2026 4:16:30 AM com.jme3.bullet.objects.PhysicsRigidBody rebuildRigidBody
INFORMATION: Created 13ed2a994d0.
Sept. 13, 2026 4:16:30 AM com.jme3.bullet.objects.PhysicsRigidBody rebuildRigidBody
INFORMATION: Created 13ed2a99b30.
Sept. 13, 2026 4:16:30 AM com.jme3.bullet.objects.PhysicsRigidBody rebuildRigidBody
INFORMATION: Created 13ed2a99e60.
Sept. 13, 2026 4:16:30 AM com.jme3.bullet.objects.PhysicsRigidBody rebuildRigidBody
INFORMATION: Created 13ed2a971c0.
Sept. 13, 2026 4:16:30 AM com.jme3.bullet.objects.PhysicsRigidBody rebuildRigidBody
INFORMATION: Created 13ed2a9a190.
Sept. 13, 2026 4:16:30 AM com.jme3.bullet.objects.PhysicsRigidBody rebuildRigidBody
INFORMATION: Created 13ed2a96500.
Sept. 13, 2026 4:16:30 AM com.jme3.bullet.objects.PhysicsRigidBody rebuildRigidBody
INFORMATION: Created 13ed2a9cb00.
Sept. 13, 2026 4:16:30 AM com.jme3.bullet.objects.PhysicsRigidBody rebuildRigidBody
INFORMATION: Created 13ed2a9b7e0.
Sept. 13, 2026 4:16:30 AM com.jme3.bullet.objects.PhysicsRigidBody rebuildRigidBody
INFORMATION: Created 13ed2a9b4b0.
Sept. 13, 2026 4:16:30 AM com.jme3.bullet.objects.PhysicsRigidBody rebuildRigidBody
INFORMATION: Created 13ed2a9de20.
Sept. 13, 2026 4:16:30 AM com.jme3.bullet.objects.PhysicsRigidBody rebuildRigidBody
INFORMATION: Created 13ed2a9a7f0.
Sept. 13, 2026 4:16:30 AM com.jme3.bullet.objects.PhysicsRigidBody rebuildRigidBody
INFORMATION: Created 13ed2a9c4a0.
Sept. 13, 2026 4:16:30 AM com.jme3.bullet.objects.PhysicsRigidBody rebuildRigidBody
INFORMATION: Created 13ed2a9a4c0.
Sept. 13, 2026 4:16:30 AM com.jme3.bullet.objects.PhysicsRigidBody rebuildRigidBody
INFORMATION: Created 13ed2a9d160.
[GAME] Die letzte Zuflucht
Sept. 13, 2026 4:16:30 AM com.jme3.anim.SkinningControl controlRender
INFORMATION: Hardware skinning engaged for Scene (Node)
Sept. 13, 2026 4:16:30 AM com.jme3.anim.SkinningControl controlRender
INFORMATION: Hardware skinning engaged for Scene (Node)
Sept. 13, 2026 4:16:30 AM com.jme3.anim.SkinningControl controlRender
INFORMATION: Hardware skinning engaged for Scene (Node)
Sept. 13, 2026 4:16:30 AM com.jme3.anim.SkinningControl controlRender
INFORMATION: Hardware skinning engaged for Scene (Node)
[SMOKE] stage 17
[CHECK] Return from crypt
Sept. 13, 2026 4:16:33 AM com.jme3.bullet.objects.PhysicsRigidBody rebuildRigidBody
INFORMATION: Created 13ed2a9be40.
Sept. 13, 2026 4:16:33 AM com.jme3.bullet.objects.PhysicsRigidBody rebuildRigidBody
INFORMATION: Created 13ed2a9c7d0.
Sept. 13, 2026 4:16:33 AM com.jme3.bullet.objects.PhysicsRigidBody rebuildRigidBody
INFORMATION: Created 13ed2a9e150.
Sept. 13, 2026 4:16:33 AM com.jme3.bullet.objects.PhysicsRigidBody rebuildRigidBody
INFORMATION: Created 13ed2a9c170.
Sept. 13, 2026 4:16:33 AM com.jme3.bullet.objects.PhysicsRigidBody rebuildRigidBody
INFORMATION: Created 13ed2a9bb10.
Sept. 13, 2026 4:16:33 AM com.jme3.bullet.objects.PhysicsRigidBody rebuildRigidBody
INFORMATION: Created 13ed2a9ce30.
Sept. 13, 2026 4:16:33 AM com.jme3.bullet.objects.PhysicsRigidBody rebuildRigidBody
INFORMATION: Created 13ed2a9d490.
Sept. 13, 2026 4:16:33 AM com.jme3.bullet.objects.PhysicsRigidBody rebuildRigidBody
INFORMATION: Created 13ed2a9ae50.
Sept. 13, 2026 4:16:33 AM com.jme3.bullet.objects.PhysicsRigidBody rebuildRigidBody
INFORMATION: Created 13ed2a9d7c0.
Sept. 13, 2026 4:16:33 AM com.jme3.bullet.objects.PhysicsRigidBody rebuildRigidBody
INFORMATION: Created 13ed2a9daf0.
Sept. 13, 2026 4:16:33 AM com.jme3.bullet.objects.PhysicsRigidBody rebuildRigidBody
INFORMATION: Created 13ed2a9e480.
Sept. 13, 2026 4:16:33 AM com.jme3.bullet.objects.PhysicsRigidBody rebuildRigidBody
INFORMATION: Created 13ed2a9b180.
Sept. 13, 2026 4:16:33 AM com.jme3.bullet.objects.PhysicsRigidBody rebuildRigidBody
INFORMATION: Created 13ed2a9e7b0.
Sept. 13, 2026 4:16:33 AM com.jme3.bullet.objects.PhysicsRigidBody rebuildRigidBody
INFORMATION: Created 13ed2a9ab20.
Sept. 13, 2026 4:16:33 AM com.jme3.bullet.objects.PhysicsRigidBody rebuildRigidBody
INFORMATION: Created 13ed2aa0790.
Sept. 13, 2026 4:16:33 AM com.jme3.bullet.objects.PhysicsRigidBody rebuildRigidBody
INFORMATION: Created 13ed2aa0ac0.
Sept. 13, 2026 4:16:33 AM com.jme3.bullet.objects.PhysicsRigidBody rebuildRigidBody
INFORMATION: Created 13ed2a9eae0.
Sept. 13, 2026 4:16:33 AM com.jme3.bullet.objects.PhysicsRigidBody rebuildRigidBody
INFORMATION: Created 13ed2a9fad0.
Sept. 13, 2026 4:16:33 AM com.jme3.bullet.objects.PhysicsRigidBody rebuildRigidBody
INFORMATION: Created 13ed2aa0df0.
Sept. 13, 2026 4:16:33 AM com.jme3.bullet.objects.PhysicsRigidBody rebuildRigidBody
INFORMATION: Created 13ed2aa0130.
Sept. 13, 2026 4:16:33 AM com.jme3.bullet.objects.PhysicsRigidBody rebuildRigidBody
INFORMATION: Created 13ed2aa1120.
Sept. 13, 2026 4:16:33 AM com.jme3.bullet.objects.PhysicsRigidBody rebuildRigidBody
INFORMATION: Created 13ed2aa2770.
Sept. 13, 2026 4:16:33 AM com.jme3.bullet.objects.PhysicsRigidBody rebuildRigidBody
INFORMATION: Created 13ed2a9f470.
Sept. 13, 2026 4:16:33 AM com.jme3.bullet.objects.PhysicsRigidBody rebuildRigidBody
INFORMATION: Created 13ed2aa0460.
Sept. 13, 2026 4:16:33 AM com.jme3.bullet.objects.PhysicsRigidBody rebuildRigidBody
INFORMATION: Created 13ed2a9f7a0.
Sept. 13, 2026 4:16:33 AM com.jme3.bullet.objects.PhysicsRigidBody rebuildRigidBody
INFORMATION: Created 13ed2a9fe00.
Sept. 13, 2026 4:16:33 AM com.jme3.bullet.objects.PhysicsRigidBody rebuildRigidBody
INFORMATION: Created 13ed2aa1ab0.
Sept. 13, 2026 4:16:33 AM com.jme3.bullet.objects.PhysicsRigidBody rebuildRigidBody
INFORMATION: Created 13ed2aa2aa0.
Sept. 13, 2026 4:16:33 AM com.jme3.bullet.objects.PhysicsRigidBody rebuildRigidBody
INFORMATION: Created 13ed2a9ee10.
Sept. 13, 2026 4:16:33 AM com.jme3.bullet.objects.PhysicsRigidBody rebuildRigidBody
INFORMATION: Created 13ed2aa1450.
Sept. 13, 2026 4:16:33 AM com.jme3.bullet.objects.PhysicsRigidBody rebuildRigidBody
INFORMATION: Created 13ed2aa1780.
Sept. 13, 2026 4:16:33 AM com.jme3.bullet.objects.PhysicsRigidBody rebuildRigidBody
INFORMATION: Created 13ed2aa1de0.
Sept. 13, 2026 4:16:33 AM com.jme3.bullet.objects.PhysicsRigidBody rebuildRigidBody
INFORMATION: Created 13ed2aa2dd0.
Sept. 13, 2026 4:16:33 AM com.jme3.bullet.objects.PhysicsRigidBody rebuildRigidBody
INFORMATION: Created 13ed2aa2110.
Sept. 13, 2026 4:16:33 AM com.jme3.bullet.objects.PhysicsRigidBody rebuildRigidBody
INFORMATION: Created 13ed2aa2440.
Sept. 13, 2026 4:16:33 AM com.jme3.bullet.objects.PhysicsRigidBody rebuildRigidBody
INFORMATION: Created 13ed2a9f140.
Sept. 13, 2026 4:16:33 AM com.jme3.bullet.objects.PhysicsRigidBody rebuildRigidBody
INFORMATION: Created 13ed2aa5410.
Sept. 13, 2026 4:16:33 AM com.jme3.bullet.objects.PhysicsRigidBody rebuildRigidBody
INFORMATION: Created 13ed2aa6400.
Sept. 13, 2026 4:16:33 AM com.jme3.bullet.objects.PhysicsRigidBody rebuildRigidBody
INFORMATION: Created 13ed2aa3dc0.
Sept. 13, 2026 4:16:33 AM com.jme3.bullet.objects.PhysicsRigidBody rebuildRigidBody
INFORMATION: Created 13ed2aa6a60.
Sept. 13, 2026 4:16:33 AM com.jme3.bullet.objects.PhysicsRigidBody rebuildRigidBody
INFORMATION: Created 13ed2aa4420.
Sept. 13, 2026 4:16:33 AM com.jme3.bullet.objects.PhysicsRigidBody rebuildRigidBody
INFORMATION: Created 13ed2aa40f0.
Sept. 13, 2026 4:16:33 AM com.jme3.bullet.objects.PhysicsRigidBody rebuildRigidBody
INFORMATION: Created 13ed2aa4a80.
Sept. 13, 2026 4:16:33 AM com.jme3.bullet.objects.PhysicsRigidBody rebuildRigidBody
INFORMATION: Created 13ed2aa3760.
Sept. 13, 2026 4:16:33 AM com.jme3.bullet.objects.PhysicsRigidBody rebuildRigidBody
INFORMATION: Created 13ed2aa5740.
Sept. 13, 2026 4:16:33 AM com.jme3.bullet.objects.PhysicsRigidBody rebuildRigidBody
INFORMATION: Created 13ed2aa4750.
Sept. 13, 2026 4:16:33 AM com.jme3.bullet.objects.PhysicsRigidBody rebuildRigidBody
INFORMATION: Created 13ed2aa4db0.
Sept. 13, 2026 4:16:33 AM com.jme3.bullet.objects.PhysicsRigidBody rebuildRigidBody
INFORMATION: Created 13ed2aa3430.
Sept. 13, 2026 4:16:33 AM com.jme3.bullet.objects.PhysicsRigidBody rebuildRigidBody
INFORMATION: Created 13ed2aa3a90.
Sept. 13, 2026 4:16:33 AM com.jme3.bullet.objects.PhysicsRigidBody rebuildRigidBody
INFORMATION: Created 13ed2aa50e0.
Sept. 13, 2026 4:16:33 AM com.jme3.bullet.objects.PhysicsRigidBody rebuildRigidBody
INFORMATION: Created 13ed2aa5a70.
Sept. 13, 2026 4:16:33 AM com.jme3.bullet.objects.PhysicsRigidBody rebuildRigidBody
INFORMATION: Created 13ed2aa5da0.
Sept. 13, 2026 4:16:33 AM com.jme3.bullet.objects.PhysicsRigidBody rebuildRigidBody
INFORMATION: Created 13ed2aa60d0.
Sept. 13, 2026 4:16:33 AM com.jme3.bullet.objects.PhysicsRigidBody rebuildRigidBody
INFORMATION: Created 13ed2aa6d90.
Sept. 13, 2026 4:16:33 AM com.jme3.bullet.objects.PhysicsRigidBody rebuildRigidBody
INFORMATION: Created 13ed2aa6730.
Sept. 13, 2026 4:16:33 AM com.jme3.bullet.objects.PhysicsRigidBody rebuildRigidBody
INFORMATION: Created 13ed2aa3100.
Sept. 13, 2026 4:16:33 AM com.jme3.bullet.objects.PhysicsRigidBody rebuildRigidBody
INFORMATION: Created 13ed2aa7720.
Sept. 13, 2026 4:16:33 AM com.jme3.bullet.objects.PhysicsRigidBody rebuildRigidBody
INFORMATION: Created 13ed2aa70c0.
Sept. 13, 2026 4:16:33 AM com.jme3.bullet.objects.PhysicsRigidBody rebuildRigidBody
INFORMATION: Created 13ed2aa8a40.
Sept. 13, 2026 4:16:33 AM com.jme3.bullet.objects.PhysicsRigidBody rebuildRigidBody
INFORMATION: Created 13ed2aa80b0.
Sept. 13, 2026 4:16:33 AM com.jme3.bullet.objects.PhysicsRigidBody rebuildRigidBody
INFORMATION: Created 13ed2aa7d80.
Sept. 13, 2026 4:16:33 AM com.jme3.bullet.objects.PhysicsRigidBody rebuildRigidBody
INFORMATION: Created 13ed2aa7a50.
Sept. 13, 2026 4:16:33 AM com.jme3.bullet.objects.PhysicsRigidBody rebuildRigidBody
INFORMATION: Created 13ed2aa83e0.
Sept. 13, 2026 4:16:33 AM com.jme3.bullet.objects.PhysicsRigidBody rebuildRigidBody
INFORMATION: Created 13ed2aaad50.
Sept. 13, 2026 4:16:33 AM com.jme3.bullet.objects.PhysicsRigidBody rebuildRigidBody
INFORMATION: Created 13ed2aa8710.
Sept. 13, 2026 4:16:33 AM com.jme3.bullet.objects.PhysicsRigidBody rebuildRigidBody
INFORMATION: Created 13ed2aaa6f0.
Sept. 13, 2026 4:16:33 AM com.jme3.bullet.objects.PhysicsRigidBody rebuildRigidBody
INFORMATION: Created 13ed2aa8d70.
Sept. 13, 2026 4:16:33 AM com.jme3.bullet.objects.PhysicsRigidBody rebuildRigidBody
INFORMATION: Created 13ed2aaa090.
Sept. 13, 2026 4:16:33 AM com.jme3.bullet.objects.PhysicsRigidBody rebuildRigidBody
INFORMATION: Created 13ed2aaa3c0.
Sept. 13, 2026 4:16:33 AM com.jme3.bullet.objects.PhysicsRigidBody rebuildRigidBody
INFORMATION: Created 13ed2aaaa20.
Sept. 13, 2026 4:16:33 AM com.jme3.bullet.objects.PhysicsRigidBody rebuildRigidBody
INFORMATION: Created 13ed2aa90a0.
Sept. 13, 2026 4:16:33 AM com.jme3.bullet.objects.PhysicsRigidBody rebuildRigidBody
INFORMATION: Created 13ed2aab080.
Sept. 13, 2026 4:16:33 AM com.jme3.bullet.objects.PhysicsRigidBody rebuildRigidBody
INFORMATION: Created 13ed2aa9a30.
Sept. 13, 2026 4:16:33 AM com.jme3.bullet.objects.PhysicsRigidBody rebuildRigidBody
INFORMATION: Created 13ed2aa93d0.
Sept. 13, 2026 4:16:33 AM com.jme3.bullet.objects.PhysicsRigidBody rebuildRigidBody
INFORMATION: Created 13ed2aa9700.
Sept. 13, 2026 4:16:33 AM com.jme3.bullet.objects.PhysicsRigidBody rebuildRigidBody
INFORMATION: Created 13ed2aa73f0.
Sept. 13, 2026 4:16:33 AM com.jme3.bullet.objects.PhysicsRigidBody rebuildRigidBody
INFORMATION: Created 13ed2aab3b0.
Sept. 13, 2026 4:16:33 AM com.jme3.bullet.objects.PhysicsRigidBody rebuildRigidBody
INFORMATION: Created 13ed2aab6e0.
Sept. 13, 2026 4:16:33 AM com.jme3.bullet.objects.PhysicsRigidBody rebuildRigidBody
INFORMATION: Created 13ed2aaba10.
Sept. 13, 2026 4:16:33 AM com.jme3.bullet.objects.PhysicsRigidBody rebuildRigidBody
INFORMATION: Created 13ed2aabd40.
Sept. 13, 2026 4:16:33 AM com.jme3.bullet.objects.PhysicsRigidBody rebuildRigidBody
INFORMATION: Created 13ed2aac070.
Sept. 13, 2026 4:16:33 AM com.jme3.bullet.objects.PhysicsRigidBody rebuildRigidBody
INFORMATION: Created 13ed2aac3a0.
Sept. 13, 2026 4:16:33 AM com.jme3.bullet.objects.PhysicsRigidBody rebuildRigidBody
INFORMATION: Created 13ed2aac6d0.
Sept. 13, 2026 4:16:33 AM com.jme3.bullet.objects.PhysicsRigidBody rebuildRigidBody
INFORMATION: Created 13ed2aaca00.
Sept. 13, 2026 4:16:33 AM com.jme3.bullet.objects.PhysicsRigidBody rebuildRigidBody
INFORMATION: Created 13ed2aad9f0.
Sept. 13, 2026 4:16:33 AM com.jme3.bullet.objects.PhysicsRigidBody rebuildRigidBody
INFORMATION: Created 13ed2aacd30.
Sept. 13, 2026 4:16:33 AM com.jme3.bullet.objects.PhysicsRigidBody rebuildRigidBody
INFORMATION: Created 13ed2aad060.
Sept. 13, 2026 4:16:33 AM com.jme3.bullet.objects.PhysicsRigidBody rebuildRigidBody
INFORMATION: Created 13ed2aad390.
Sept. 13, 2026 4:16:33 AM com.jme3.bullet.objects.PhysicsRigidBody rebuildRigidBody
INFORMATION: Created 13ed2aa9d60.
Sept. 13, 2026 4:16:33 AM com.jme3.bullet.objects.PhysicsRigidBody rebuildRigidBody
INFORMATION: Created 13ed2aaed10.
Sept. 13, 2026 4:16:33 AM com.jme3.bullet.objects.PhysicsRigidBody rebuildRigidBody
INFORMATION: Created 13ed2aae380.
Sept. 13, 2026 4:16:33 AM com.jme3.bullet.objects.PhysicsRigidBody rebuildRigidBody
INFORMATION: Created 13ed2aae050.
Sept. 13, 2026 4:16:33 AM com.jme3.bullet.objects.PhysicsRigidBody rebuildRigidBody
INFORMATION: Created 13ed2aadd20.
Sept. 13, 2026 4:16:33 AM com.jme3.bullet.objects.PhysicsRigidBody rebuildRigidBody
INFORMATION: Created 13ed2aae6b0.
Sept. 13, 2026 4:16:33 AM com.jme3.bullet.objects.PhysicsRigidBody rebuildRigidBody
INFORMATION: Created 13ed2aad6c0.
Sept. 13, 2026 4:16:33 AM com.jme3.bullet.objects.PhysicsRigidBody rebuildRigidBody
INFORMATION: Created 13ed2aaf6a0.
Sept. 13, 2026 4:16:33 AM com.jme3.bullet.objects.PhysicsRigidBody rebuildRigidBody
INFORMATION: Created 13ed2aae9e0.
Sept. 13, 2026 4:16:33 AM com.jme3.bullet.objects.PhysicsRigidBody rebuildRigidBody
INFORMATION: Created 13ed2aaf9d0.
Sept. 13, 2026 4:16:33 AM com.jme3.bullet.objects.PhysicsRigidBody rebuildRigidBody
INFORMATION: Created 13ed2aaf040.
Sept. 13, 2026 4:16:33 AM com.jme3.bullet.objects.PhysicsRigidBody rebuildRigidBody
INFORMATION: Created 13ed2aaf370.
Sept. 13, 2026 4:16:33 AM com.jme3.bullet.objects.PhysicsRigidBody rebuildRigidBody
INFORMATION: Created 13ed2ab09c0.
Sept. 13, 2026 4:16:33 AM com.jme3.bullet.objects.PhysicsRigidBody rebuildRigidBody
INFORMATION: Created 13ed2ab0030.
Sept. 13, 2026 4:16:33 AM com.jme3.bullet.objects.PhysicsRigidBody rebuildRigidBody
INFORMATION: Created 13ed2aafd00.
Sept. 13, 2026 4:16:33 AM com.jme3.bullet.objects.PhysicsRigidBody rebuildRigidBody
INFORMATION: Created 13ed2ab0690.
Sept. 13, 2026 4:16:33 AM com.jme3.bullet.objects.PhysicsRigidBody rebuildRigidBody
INFORMATION: Created 13ed2ab0360.
Sept. 13, 2026 4:16:33 AM com.jme3.bullet.objects.PhysicsRigidBody rebuildRigidBody
INFORMATION: Created 13ed2a73730.
Sept. 13, 2026 4:16:33 AM com.jme3.bullet.objects.PhysicsRigidBody rebuildRigidBody
INFORMATION: Created 13ed2a72a70.
Sept. 13, 2026 4:16:33 AM com.jme3.bullet.objects.PhysicsRigidBody rebuildRigidBody
INFORMATION: Created 13ed2a72da0.
Sept. 13, 2026 4:16:33 AM com.jme3.bullet.objects.PhysicsRigidBody rebuildRigidBody
INFORMATION: Created 13ed2a71a80.
Sept. 13, 2026 4:16:33 AM com.jme3.bullet.objects.PhysicsRigidBody rebuildRigidBody
INFORMATION: Created 13ed2a720e0.
Sept. 13, 2026 4:16:33 AM com.jme3.bullet.objects.PhysicsRigidBody rebuildRigidBody
INFORMATION: Created 13ed2a70760.
Sept. 13, 2026 4:16:33 AM com.jme3.bullet.objects.PhysicsRigidBody rebuildRigidBody
INFORMATION: Created 13ed2a70430.
Sept. 13, 2026 4:16:33 AM com.jme3.bullet.objects.PhysicsRigidBody rebuildRigidBody
INFORMATION: Created 13ed2a730d0.
Sept. 13, 2026 4:16:33 AM com.jme3.bullet.objects.PhysicsRigidBody rebuildRigidBody
INFORMATION: Created 13ed2a72410.
Sept. 13, 2026 4:16:33 AM com.jme3.bullet.objects.PhysicsRigidBody rebuildRigidBody
INFORMATION: Created 13ed2a73a60.
Sept. 13, 2026 4:16:33 AM com.jme3.bullet.objects.PhysicsRigidBody rebuildRigidBody
INFORMATION: Created 13ed2a710f0.
Sept. 13, 2026 4:16:33 AM com.jme3.bullet.objects.PhysicsRigidBody rebuildRigidBody
INFORMATION: Created 13ed2a71750.
Sept. 13, 2026 4:16:33 AM com.jme3.bullet.objects.PhysicsRigidBody rebuildRigidBody
INFORMATION: Created 13ed2a73d90.
Sept. 13, 2026 4:16:33 AM com.jme3.bullet.objects.PhysicsRigidBody rebuildRigidBody
INFORMATION: Created 13ed2a70100.
Sept. 13, 2026 4:16:33 AM com.jme3.bullet.objects.PhysicsRigidBody rebuildRigidBody
INFORMATION: Created 13ed2a71db0.
Sept. 13, 2026 4:16:33 AM com.jme3.bullet.objects.PhysicsRigidBody rebuildRigidBody
INFORMATION: Created 13ed2a72740.
Sept. 13, 2026 4:16:33 AM com.jme3.bullet.objects.PhysicsRigidBody rebuildRigidBody
INFORMATION: Created 13ed2a73400.
Sept. 13, 2026 4:16:33 AM com.jme3.bullet.objects.PhysicsRigidBody rebuildRigidBody
INFORMATION: Created 13ed2a740c0.
Sept. 13, 2026 4:16:33 AM com.jme3.bullet.objects.PhysicsRigidBody rebuildRigidBody
INFORMATION: Created 13ed2a743f0.
Sept. 13, 2026 4:16:33 AM com.jme3.bullet.objects.PhysicsRigidBody rebuildRigidBody
INFORMATION: Created 13ed2a74720.
Sept. 13, 2026 4:16:33 AM com.jme3.bullet.objects.PhysicsRigidBody rebuildRigidBody
INFORMATION: Created 13ed2a70a90.
Sept. 13, 2026 4:16:33 AM com.jme3.bullet.objects.PhysicsRigidBody rebuildRigidBody
INFORMATION: Created 13ed2a74a50.
Sept. 13, 2026 4:16:33 AM com.jme3.bullet.objects.PhysicsRigidBody rebuildRigidBody
INFORMATION: Created 13ed2a70dc0.
Sept. 13, 2026 4:16:33 AM com.jme3.bullet.objects.PhysicsRigidBody rebuildRigidBody
INFORMATION: Created 13ed2a74d80.
Sept. 13, 2026 4:16:33 AM com.jme3.bullet.objects.PhysicsRigidBody rebuildRigidBody
INFORMATION: Created 13ed2a750b0.
Sept. 13, 2026 4:16:33 AM com.jme3.bullet.objects.PhysicsRigidBody rebuildRigidBody
INFORMATION: Created 13ed2a71420.
Sept. 13, 2026 4:16:33 AM com.jme3.bullet.objects.PhysicsRigidBody rebuildRigidBody
INFORMATION: Created 13ed2a763d0.
Sept. 13, 2026 4:16:33 AM com.jme3.bullet.objects.PhysicsRigidBody rebuildRigidBody
INFORMATION: Created 13ed2a76700.
Sept. 13, 2026 4:16:33 AM com.jme3.bullet.objects.PhysicsRigidBody rebuildRigidBody
INFORMATION: Created 13ed2a78d40.
Sept. 13, 2026 4:16:33 AM com.jme3.bullet.objects.PhysicsRigidBody rebuildRigidBody
INFORMATION: Created 13ed2a776f0.
Sept. 13, 2026 4:16:33 AM com.jme3.bullet.objects.PhysicsRigidBody rebuildRigidBody
INFORMATION: Created 13ed2a786e0.
[GAME] Die gläserne Tiefe
Sept. 13, 2026 4:16:33 AM com.jme3.anim.SkinningControl controlRender
INFORMATION: Hardware skinning engaged for Scene (Node)
Sept. 13, 2026 4:16:33 AM com.jme3.anim.SkinningControl controlRender
INFORMATION: Hardware skinning engaged for Scene (Node)
Sept. 13, 2026 4:16:33 AM com.jme3.anim.SkinningControl controlRender
INFORMATION: Hardware skinning engaged for Scene (Node)
Sept. 13, 2026 4:16:33 AM com.jme3.anim.SkinningControl controlRender
INFORMATION: Hardware skinning engaged for Scene (Node)
Sept. 13, 2026 4:16:33 AM com.jme3.anim.SkinningControl controlRender
INFORMATION: Hardware skinning engaged for Scene (Node)
Sept. 13, 2026 4:16:33 AM com.jme3.anim.SkinningControl controlRender
INFORMATION: Hardware skinning engaged for Scene (Node)
Sept. 13, 2026 4:16:33 AM com.jme3.anim.SkinningControl controlRender
INFORMATION: Hardware skinning engaged for Scene (Node)
[SMOKE] stage 18
[CHECK] Cavern portal transition
[GAME] Goblin besiegt  +35 EP  +8 Gold
[GAME] Goblin besiegt  +35 EP  +8 Gold
[GAME] Goblin besiegt  +35 EP  +8 Gold
[GAME] Goblin besiegt  +35 EP  +8 Gold
[GAME] Goblin besiegt  +35 EP  +8 Gold
[GAME] Goblin besiegt  +35 EP  +8 Gold
[GAME] Aschenrufer besiegt  +65 EP  +23 Gold
[GAME] Aschenrufer besiegt  +65 EP  +23 Gold
[GAME] STUFE 5  -  Fähigkeitspunkt erhalten [K]
[GAME] Ork-Brecher besiegt  +70 EP  +13 Gold
[GAME] Ork-Brecher besiegt  +70 EP  +13 Gold
[GAME] Auftrag erfüllt: Die Straßen werden still  +150 EP
[GAME] Kristallader gereinigt. 1 / 3
[GAME] Kristallader gereinigt. 2 / 3
[GAME] Kristallader gereinigt. 3 / 3
[GAME] Kristallherz erhalten!
[GAME] Auftrag erfüllt: Die zwei Eide  +150 EP
[GAME] Stufe 6 erreicht! K: Fähigkeiten verbessern.
[GAME] Auftrag erfüllt: Das Herz des Berges  +120 EP
[CHECK] Both parallel paths award their keys
Sept. 13, 2026 4:16:35 AM com.jme3.bullet.objects.PhysicsRigidBody rebuildRigidBody
INFORMATION: Created 13ed2a76a30.
Sept. 13, 2026 4:16:35 AM com.jme3.bullet.objects.PhysicsRigidBody rebuildRigidBody
INFORMATION: Created 13ed2a75a40.
Sept. 13, 2026 4:16:35 AM com.jme3.bullet.objects.PhysicsRigidBody rebuildRigidBody
INFORMATION: Created 13ed2a78080.
Sept. 13, 2026 4:16:35 AM com.jme3.bullet.objects.PhysicsRigidBody rebuildRigidBody
INFORMATION: Created 13ed2a75d70.
Sept. 13, 2026 4:16:35 AM com.jme3.bullet.objects.PhysicsRigidBody rebuildRigidBody
INFORMATION: Created 13ed2a75710.
Sept. 13, 2026 4:16:35 AM com.jme3.bullet.objects.PhysicsRigidBody rebuildRigidBody
INFORMATION: Created 13ed2a76d60.
Sept. 13, 2026 4:16:35 AM com.jme3.bullet.objects.PhysicsRigidBody rebuildRigidBody
INFORMATION: Created 13ed2a77a20.
Sept. 13, 2026 4:16:35 AM com.jme3.bullet.objects.PhysicsRigidBody rebuildRigidBody
INFORMATION: Created 13ed2a760a0.
Sept. 13, 2026 4:16:35 AM com.jme3.bullet.objects.PhysicsRigidBody rebuildRigidBody
INFORMATION: Created 13ed2a77d50.
Sept. 13, 2026 4:16:35 AM com.jme3.bullet.objects.PhysicsRigidBody rebuildRigidBody
INFORMATION: Created 13ed2a77090.
Sept. 13, 2026 4:16:35 AM com.jme3.bullet.objects.PhysicsRigidBody rebuildRigidBody
INFORMATION: Created 13ed2a773c0.
Sept. 13, 2026 4:16:35 AM com.jme3.bullet.objects.PhysicsRigidBody rebuildRigidBody
INFORMATION: Created 13ed2a753e0.
Sept. 13, 2026 4:16:35 AM com.jme3.bullet.objects.PhysicsRigidBody rebuildRigidBody
INFORMATION: Created 13ed2a7b6b0.
Sept. 13, 2026 4:16:35 AM com.jme3.bullet.objects.PhysicsRigidBody rebuildRigidBody
INFORMATION: Created 13ed2a7bd10.
Sept. 13, 2026 4:16:35 AM com.jme3.bullet.objects.PhysicsRigidBody rebuildRigidBody
INFORMATION: Created 13ed2a7b9e0.
Sept. 13, 2026 4:16:35 AM com.jme3.bullet.objects.PhysicsRigidBody rebuildRigidBody
INFORMATION: Created 13ed2a7b380.
Sept. 13, 2026 4:16:35 AM com.jme3.bullet.objects.PhysicsRigidBody rebuildRigidBody
INFORMATION: Created 13ed2a79070.
Sept. 13, 2026 4:16:35 AM com.jme3.bullet.objects.PhysicsRigidBody rebuildRigidBody
INFORMATION: Created 13ed2a79a00.
Sept. 13, 2026 4:16:35 AM com.jme3.bullet.objects.PhysicsRigidBody rebuildRigidBody
INFORMATION: Created 13ed2a7c040.
Sept. 13, 2026 4:16:35 AM com.jme3.bullet.objects.PhysicsRigidBody rebuildRigidBody
INFORMATION: Created 13ed2a7a390.
Sept. 13, 2026 4:16:35 AM com.jme3.bullet.objects.PhysicsRigidBody rebuildRigidBody
INFORMATION: Created 13ed2a7a6c0.
Sept. 13, 2026 4:16:35 AM com.jme3.bullet.objects.PhysicsRigidBody rebuildRigidBody
INFORMATION: Created 13ed2a796d0.
Sept. 13, 2026 4:16:35 AM com.jme3.bullet.objects.PhysicsRigidBody rebuildRigidBody
INFORMATION: Created 13ed2a78a10.
Sept. 13, 2026 4:16:35 AM com.jme3.bullet.objects.PhysicsRigidBody rebuildRigidBody
INFORMATION: Created 13ed2a783b0.
Sept. 13, 2026 4:16:35 AM com.jme3.bullet.objects.PhysicsRigidBody rebuildRigidBody
INFORMATION: Created 13ed2a7c370.
Sept. 13, 2026 4:16:35 AM com.jme3.bullet.objects.PhysicsRigidBody rebuildRigidBody
INFORMATION: Created 13ed2a7c6a0.
Sept. 13, 2026 4:16:35 AM com.jme3.bullet.objects.PhysicsRigidBody rebuildRigidBody
INFORMATION: Created 13ed2a7c9d0.
Sept. 13, 2026 4:16:35 AM com.jme3.bullet.objects.PhysicsRigidBody rebuildRigidBody
INFORMATION: Created 13ed2a793a0.
Sept. 13, 2026 4:16:35 AM com.jme3.bullet.objects.PhysicsRigidBody rebuildRigidBody
INFORMATION: Created 13ed2a7ad20.
Sept. 13, 2026 4:16:35 AM com.jme3.bullet.objects.PhysicsRigidBody rebuildRigidBody
INFORMATION: Created 13ed2a7b050.
Sept. 13, 2026 4:16:35 AM com.jme3.bullet.objects.PhysicsRigidBody rebuildRigidBody
INFORMATION: Created 13ed2a79d30.
Sept. 13, 2026 4:16:35 AM com.jme3.bullet.objects.PhysicsRigidBody rebuildRigidBody
INFORMATION: Created 13ed2a7a060.
Sept. 13, 2026 4:16:35 AM com.jme3.bullet.objects.PhysicsRigidBody rebuildRigidBody
INFORMATION: Created 13ed2a7a9f0.
Sept. 13, 2026 4:16:35 AM com.jme3.bullet.objects.PhysicsRigidBody rebuildRigidBody
INFORMATION: Created 13ed2a7d360.
Sept. 13, 2026 4:16:35 AM com.jme3.bullet.objects.PhysicsRigidBody rebuildRigidBody
INFORMATION: Created 13ed2a7dcf0.
Sept. 13, 2026 4:16:35 AM com.jme3.bullet.objects.PhysicsRigidBody rebuildRigidBody
INFORMATION: Created 13ed2a7f010.
Sept. 13, 2026 4:16:35 AM com.jme3.bullet.objects.PhysicsRigidBody rebuildRigidBody
INFORMATION: Created 13ed2a7e350.
Sept. 13, 2026 4:16:35 AM com.jme3.bullet.objects.PhysicsRigidBody rebuildRigidBody
INFORMATION: Created 13ed2a7ece0.
Sept. 13, 2026 4:16:35 AM com.jme3.bullet.objects.PhysicsRigidBody rebuildRigidBody
INFORMATION: Created 13ed2a7f340.
Sept. 13, 2026 4:16:35 AM com.jme3.bullet.objects.PhysicsRigidBody rebuildRigidBody
INFORMATION: Created 13ed2a7d030.
Sept. 13, 2026 4:16:35 AM com.jme3.bullet.objects.PhysicsRigidBody rebuildRigidBody
INFORMATION: Created 13ed2a7d690.
Sept. 13, 2026 4:16:35 AM com.jme3.bullet.objects.PhysicsRigidBody rebuildRigidBody
INFORMATION: Created 13ed2a7d9c0.
Sept. 13, 2026 4:16:35 AM com.jme3.bullet.objects.PhysicsRigidBody rebuildRigidBody
INFORMATION: Created 13ed2a7e680.
Sept. 13, 2026 4:16:35 AM com.jme3.bullet.objects.PhysicsRigidBody rebuildRigidBody
INFORMATION: Created 13ed2a80990.
Sept. 13, 2026 4:16:35 AM com.jme3.bullet.objects.PhysicsRigidBody rebuildRigidBody
INFORMATION: Created 13ed2a7e020.
Sept. 13, 2026 4:16:35 AM com.jme3.bullet.objects.PhysicsRigidBody rebuildRigidBody
INFORMATION: Created 13ed2a7e9b0.
Sept. 13, 2026 4:16:35 AM com.jme3.bullet.objects.PhysicsRigidBody rebuildRigidBody
INFORMATION: Created 13ed2a7cd00.
Sept. 13, 2026 4:16:35 AM com.jme3.bullet.objects.PhysicsRigidBody rebuildRigidBody
INFORMATION: Created 13ed2a81fe0.
Sept. 13, 2026 4:16:35 AM com.jme3.bullet.objects.PhysicsRigidBody rebuildRigidBody
INFORMATION: Created 13ed2a80cc0.
Sept. 13, 2026 4:16:35 AM com.jme3.bullet.objects.PhysicsRigidBody rebuildRigidBody
INFORMATION: Created 13ed2a82640.
Sept. 13, 2026 4:16:35 AM com.jme3.bullet.objects.PhysicsRigidBody rebuildRigidBody
INFORMATION: Created 13ed2a80000.
Sept. 13, 2026 4:16:35 AM com.jme3.bullet.objects.PhysicsRigidBody rebuildRigidBody
INFORMATION: Created 13ed2a80330.
Sept. 13, 2026 4:16:35 AM com.jme3.bullet.objects.PhysicsRigidBody rebuildRigidBody
INFORMATION: Created 13ed2a82310.
Sept. 13, 2026 4:16:35 AM com.jme3.bullet.objects.PhysicsRigidBody rebuildRigidBody
INFORMATION: Created 13ed2a80660.
Sept. 13, 2026 4:16:35 AM com.jme3.bullet.objects.PhysicsRigidBody rebuildRigidBody
INFORMATION: Created 13ed2a80ff0.
Sept. 13, 2026 4:16:35 AM com.jme3.bullet.objects.PhysicsRigidBody rebuildRigidBody
INFORMATION: Created 13ed2a81320.
Sept. 13, 2026 4:16:35 AM com.jme3.bullet.objects.PhysicsRigidBody rebuildRigidBody
INFORMATION: Created 13ed2a7f670.
Sept. 13, 2026 4:16:35 AM com.jme3.bullet.objects.PhysicsRigidBody rebuildRigidBody
INFORMATION: Created 13ed2a81650.
Sept. 13, 2026 4:16:35 AM com.jme3.bullet.objects.PhysicsRigidBody rebuildRigidBody
INFORMATION: Created 13ed2a82970.
Sept. 13, 2026 4:16:35 AM com.jme3.bullet.objects.PhysicsRigidBody rebuildRigidBody
INFORMATION: Created 13ed2a82ca0.
Sept. 13, 2026 4:16:35 AM com.jme3.bullet.objects.PhysicsRigidBody rebuildRigidBody
INFORMATION: Created 13ed2a82fd0.
Sept. 13, 2026 4:16:35 AM com.jme3.bullet.objects.PhysicsRigidBody rebuildRigidBody
INFORMATION: Created 13ed2a7fcd0.
Sept. 13, 2026 4:16:35 AM com.jme3.bullet.objects.PhysicsRigidBody rebuildRigidBody
INFORMATION: Created 13ed2a81980.
Sept. 13, 2026 4:16:35 AM com.jme3.bullet.objects.PhysicsRigidBody rebuildRigidBody
INFORMATION: Created 13ed2a83300.
Sept. 13, 2026 4:16:35 AM com.jme3.bullet.objects.PhysicsRigidBody rebuildRigidBody
INFORMATION: Created 13ed2a83630.
Sept. 13, 2026 4:16:35 AM com.jme3.bullet.objects.PhysicsRigidBody rebuildRigidBody
INFORMATION: Created 13ed2a7f9a0.
Sept. 13, 2026 4:16:35 AM com.jme3.bullet.objects.PhysicsRigidBody rebuildRigidBody
INFORMATION: Created 13ed2a83960.
Sept. 13, 2026 4:16:35 AM com.jme3.bullet.objects.PhysicsRigidBody rebuildRigidBody
INFORMATION: Created 13ed2a84fb0.
Sept. 13, 2026 4:16:35 AM com.jme3.bullet.objects.PhysicsRigidBody rebuildRigidBody
INFORMATION: Created 13ed2a83c90.
Sept. 13, 2026 4:16:35 AM com.jme3.bullet.objects.PhysicsRigidBody rebuildRigidBody
INFORMATION: Created 13ed2a83fc0.
Sept. 13, 2026 4:16:35 AM com.jme3.bullet.objects.PhysicsRigidBody rebuildRigidBody
INFORMATION: Created 13ed2a842f0.
Sept. 13, 2026 4:16:35 AM com.jme3.bullet.objects.PhysicsRigidBody rebuildRigidBody
INFORMATION: Created 13ed2a84620.
Sept. 13, 2026 4:16:35 AM com.jme3.bullet.objects.PhysicsRigidBody rebuildRigidBody
INFORMATION: Created 13ed2a84950.
Sept. 13, 2026 4:16:35 AM com.jme3.bullet.objects.PhysicsRigidBody rebuildRigidBody
INFORMATION: Created 13ed2a85610.
Sept. 13, 2026 4:16:35 AM com.jme3.bullet.objects.PhysicsRigidBody rebuildRigidBody
INFORMATION: Created 13ed2a84c80.
Sept. 13, 2026 4:16:35 AM com.jme3.bullet.objects.PhysicsRigidBody rebuildRigidBody
INFORMATION: Created 13ed2a852e0.
Sept. 13, 2026 4:16:35 AM com.jme3.bullet.objects.PhysicsRigidBody rebuildRigidBody
INFORMATION: Created 13ed2a81cb0.
Sept. 13, 2026 4:16:35 AM com.jme3.bullet.objects.PhysicsRigidBody rebuildRigidBody
INFORMATION: Created 13ed2a87f80.
Sept. 13, 2026 4:16:35 AM com.jme3.bullet.objects.PhysicsRigidBody rebuildRigidBody
INFORMATION: Created 13ed2a88c40.
Sept. 13, 2026 4:16:35 AM com.jme3.bullet.objects.PhysicsRigidBody rebuildRigidBody
INFORMATION: Created 13ed2a88f70.
Sept. 13, 2026 4:16:35 AM com.jme3.bullet.objects.PhysicsRigidBody rebuildRigidBody
INFORMATION: Created 13ed2a895d0.
Sept. 13, 2026 4:16:35 AM com.jme3.bullet.objects.PhysicsRigidBody rebuildRigidBody
INFORMATION: Created 13ed2a872c0.
Sept. 13, 2026 4:16:35 AM com.jme3.bullet.objects.PhysicsRigidBody rebuildRigidBody
INFORMATION: Created 13ed2a86c60.
Sept. 13, 2026 4:16:35 AM com.jme3.bullet.objects.PhysicsRigidBody rebuildRigidBody
INFORMATION: Created 13ed2a86f90.
Sept. 13, 2026 4:16:35 AM com.jme3.bullet.objects.PhysicsRigidBody rebuildRigidBody
INFORMATION: Created 13ed2a85940.
Sept. 13, 2026 4:16:35 AM com.jme3.bullet.objects.PhysicsRigidBody rebuildRigidBody
INFORMATION: Created 13ed2a892a0.
Sept. 13, 2026 4:16:35 AM com.jme3.bullet.objects.PhysicsRigidBody rebuildRigidBody
INFORMATION: Created 13ed2a85c70.
Sept. 13, 2026 4:16:35 AM com.jme3.bullet.objects.PhysicsRigidBody rebuildRigidBody
INFORMATION: Created 13ed2a875f0.
Sept. 13, 2026 4:16:35 AM com.jme3.bullet.objects.PhysicsRigidBody rebuildRigidBody
INFORMATION: Created 13ed2a885e0.
Sept. 13, 2026 4:16:35 AM com.jme3.bullet.objects.PhysicsRigidBody rebuildRigidBody
INFORMATION: Created 13ed2a86930.
Sept. 13, 2026 4:16:35 AM com.jme3.bullet.objects.PhysicsRigidBody rebuildRigidBody
INFORMATION: Created 13ed2a882b0.
Sept. 13, 2026 4:16:35 AM com.jme3.bullet.objects.PhysicsRigidBody rebuildRigidBody
INFORMATION: Created 13ed2a85fa0.
Sept. 13, 2026 4:16:35 AM com.jme3.bullet.objects.PhysicsRigidBody rebuildRigidBody
INFORMATION: Created 13ed2a88910.
Sept. 13, 2026 4:16:35 AM com.jme3.bullet.objects.PhysicsRigidBody rebuildRigidBody
INFORMATION: Created 13ed2a87920.
Sept. 13, 2026 4:16:35 AM com.jme3.bullet.objects.PhysicsRigidBody rebuildRigidBody
INFORMATION: Created 13ed2a862d0.
Sept. 13, 2026 4:16:35 AM com.jme3.bullet.objects.PhysicsRigidBody rebuildRigidBody
INFORMATION: Created 13ed2a86600.
Sept. 13, 2026 4:16:35 AM com.jme3.bullet.objects.PhysicsRigidBody rebuildRigidBody
INFORMATION: Created 13ed2a87c50.
Sept. 13, 2026 4:16:35 AM com.jme3.bullet.objects.PhysicsRigidBody rebuildRigidBody
INFORMATION: Created 13ed2a8b5b0.
Sept. 13, 2026 4:16:35 AM com.jme3.bullet.objects.PhysicsRigidBody rebuildRigidBody
INFORMATION: Created 13ed2a89900.
Sept. 13, 2026 4:16:35 AM com.jme3.bullet.objects.PhysicsRigidBody rebuildRigidBody
INFORMATION: Created 13ed2a89c30.
Sept. 13, 2026 4:16:35 AM com.jme3.bullet.objects.PhysicsRigidBody rebuildRigidBody
INFORMATION: Created 13ed2a8d260.
Sept. 13, 2026 4:16:35 AM com.jme3.bullet.objects.PhysicsRigidBody rebuildRigidBody
INFORMATION: Created 13ed2a8b8e0.
Sept. 13, 2026 4:16:35 AM com.jme3.bullet.objects.PhysicsRigidBody rebuildRigidBody
INFORMATION: Created 13ed2a8cf30.
Sept. 13, 2026 4:16:35 AM com.jme3.bullet.objects.PhysicsRigidBody rebuildRigidBody
INFORMATION: Created 13ed2a8a8f0.
Sept. 13, 2026 4:16:35 AM com.jme3.bullet.objects.PhysicsRigidBody rebuildRigidBody
INFORMATION: Created 13ed2a8ac20.
Sept. 13, 2026 4:16:35 AM com.jme3.bullet.objects.PhysicsRigidBody rebuildRigidBody
INFORMATION: Created 13ed2a8c8d0.
Sept. 13, 2026 4:16:35 AM com.jme3.bullet.objects.PhysicsRigidBody rebuildRigidBody
INFORMATION: Created 13ed2a8af50.
Sept. 13, 2026 4:16:35 AM com.jme3.bullet.objects.PhysicsRigidBody rebuildRigidBody
INFORMATION: Created 13ed2a8d590.
Sept. 13, 2026 4:16:35 AM com.jme3.bullet.objects.PhysicsRigidBody rebuildRigidBody
INFORMATION: Created 13ed2a8c270.
Sept. 13, 2026 4:16:35 AM com.jme3.bullet.objects.PhysicsRigidBody rebuildRigidBody
INFORMATION: Created 13ed2a8b280.
Sept. 13, 2026 4:16:35 AM com.jme3.bullet.objects.PhysicsRigidBody rebuildRigidBody
INFORMATION: Created 13ed2a8bc10.
Sept. 13, 2026 4:16:35 AM com.jme3.bullet.objects.PhysicsRigidBody rebuildRigidBody
INFORMATION: Created 13ed2a8a5c0.
Sept. 13, 2026 4:16:35 AM com.jme3.bullet.objects.PhysicsRigidBody rebuildRigidBody
INFORMATION: Created 13ed2a8c5a0.
Sept. 13, 2026 4:16:35 AM com.jme3.bullet.objects.PhysicsRigidBody rebuildRigidBody
INFORMATION: Created 13ed2a8cc00.
Sept. 13, 2026 4:16:35 AM com.jme3.bullet.objects.PhysicsRigidBody rebuildRigidBody
INFORMATION: Created 13ed2a8bf40.
Sept. 13, 2026 4:16:35 AM com.jme3.bullet.objects.PhysicsRigidBody rebuildRigidBody
INFORMATION: Created 13ed2a8d8c0.
Sept. 13, 2026 4:16:35 AM com.jme3.bullet.objects.PhysicsRigidBody rebuildRigidBody
INFORMATION: Created 13ed2a8dbf0.
Sept. 13, 2026 4:16:35 AM com.jme3.bullet.objects.PhysicsRigidBody rebuildRigidBody
INFORMATION: Created 13ed2a89f60.
Sept. 13, 2026 4:16:35 AM com.jme3.bullet.objects.PhysicsRigidBody rebuildRigidBody
INFORMATION: Created 13ed2a8df20.
Sept. 13, 2026 4:16:35 AM com.jme3.bullet.objects.PhysicsRigidBody rebuildRigidBody
INFORMATION: Created 13ed2a8a290.
Sept. 13, 2026 4:16:35 AM com.jme3.bullet.objects.PhysicsRigidBody rebuildRigidBody
INFORMATION: Created 13ed2a8f240.
Sept. 13, 2026 4:16:35 AM com.jme3.bullet.objects.PhysicsRigidBody rebuildRigidBody
INFORMATION: Created 13ed2a91880.
Sept. 13, 2026 4:16:35 AM com.jme3.bullet.objects.PhysicsRigidBody rebuildRigidBody
INFORMATION: Created 13ed2a8f570.
Sept. 13, 2026 4:16:35 AM com.jme3.bullet.objects.PhysicsRigidBody rebuildRigidBody
INFORMATION: Created 13ed2a8e580.
Sept. 13, 2026 4:16:35 AM com.jme3.bullet.objects.PhysicsRigidBody rebuildRigidBody
INFORMATION: Created 13ed2a90230.
Sept. 13, 2026 4:16:35 AM com.jme3.bullet.objects.PhysicsRigidBody rebuildRigidBody
INFORMATION: Created 13ed2a8f8a0.
Sept. 13, 2026 4:16:35 AM com.jme3.bullet.objects.PhysicsRigidBody rebuildRigidBody
INFORMATION: Created 13ed2a8e250.
Sept. 13, 2026 4:16:35 AM com.jme3.bullet.objects.PhysicsRigidBody rebuildRigidBody
INFORMATION: Created 13ed2a90890.
Sept. 13, 2026 4:16:35 AM com.jme3.bullet.objects.PhysicsRigidBody rebuildRigidBody
INFORMATION: Created 13ed2a8fbd0.
Sept. 13, 2026 4:16:35 AM com.jme3.bullet.objects.PhysicsRigidBody rebuildRigidBody
INFORMATION: Created 13ed2a8e8b0.
Sept. 13, 2026 4:16:35 AM com.jme3.bullet.objects.PhysicsRigidBody rebuildRigidBody
INFORMATION: Created 13ed2a92870.
Sept. 13, 2026 4:16:35 AM com.jme3.bullet.objects.PhysicsRigidBody rebuildRigidBody
INFORMATION: Created 13ed2a8ff00.
Sept. 13, 2026 4:16:35 AM com.jme3.bullet.objects.PhysicsRigidBody rebuildRigidBody
INFORMATION: Created 13ed2a91bb0.
Sept. 13, 2026 4:16:35 AM com.jme3.bullet.objects.PhysicsRigidBody rebuildRigidBody
INFORMATION: Created 13ed2a90560.
Sept. 13, 2026 4:16:35 AM com.jme3.bullet.objects.PhysicsRigidBody rebuildRigidBody
INFORMATION: Created 13ed2a92210.
Sept. 13, 2026 4:16:35 AM com.jme3.bullet.objects.PhysicsRigidBody rebuildRigidBody
INFORMATION: Created 13ed2a90bc0.
Sept. 13, 2026 4:16:35 AM com.jme3.bullet.objects.PhysicsRigidBody rebuildRigidBody
INFORMATION: Created 13ed2a90ef0.
Sept. 13, 2026 4:16:35 AM com.jme3.bullet.objects.PhysicsRigidBody rebuildRigidBody
INFORMATION: Created 13ed2a8ef10.
Sept. 13, 2026 4:16:35 AM com.jme3.bullet.objects.PhysicsRigidBody rebuildRigidBody
INFORMATION: Created 13ed2a91220.
Sept. 13, 2026 4:16:35 AM com.jme3.bullet.objects.PhysicsRigidBody rebuildRigidBody
INFORMATION: Created 13ed2a91550.
Sept. 13, 2026 4:16:35 AM com.jme3.bullet.objects.PhysicsRigidBody rebuildRigidBody
INFORMATION: Created 13ed2a91ee0.
Sept. 13, 2026 4:16:35 AM com.jme3.bullet.objects.PhysicsRigidBody rebuildRigidBody
INFORMATION: Created 13ed2a92540.
Sept. 13, 2026 4:16:35 AM com.jme3.bullet.objects.PhysicsRigidBody rebuildRigidBody
INFORMATION: Created 13ed2a8ebe0.
Sept. 13, 2026 4:16:35 AM com.jme3.bullet.objects.PhysicsRigidBody rebuildRigidBody
INFORMATION: Created 13ed2a93200.
Sept. 13, 2026 4:16:35 AM com.jme3.bullet.objects.PhysicsRigidBody rebuildRigidBody
INFORMATION: Created 13ed2a95ea0.
Sept. 13, 2026 4:16:35 AM com.jme3.bullet.objects.PhysicsRigidBody rebuildRigidBody
INFORMATION: Created 13ed2a95b70.
Sept. 13, 2026 4:16:35 AM com.jme3.bullet.objects.PhysicsRigidBody rebuildRigidBody
INFORMATION: Created 13ed2a93530.
Sept. 13, 2026 4:16:35 AM com.jme3.bullet.objects.PhysicsRigidBody rebuildRigidBody
INFORMATION: Created 13ed2a941f0.
Sept. 13, 2026 4:16:35 AM com.jme3.bullet.objects.PhysicsRigidBody rebuildRigidBody
INFORMATION: Created 13ed2a961d0.
Sept. 13, 2026 4:16:35 AM com.jme3.bullet.objects.PhysicsRigidBody rebuildRigidBody
INFORMATION: Created 13ed2a94520.
Sept. 13, 2026 4:16:35 AM com.jme3.bullet.objects.PhysicsRigidBody rebuildRigidBody
INFORMATION: Created 13ed2a95510.
Sept. 13, 2026 4:16:35 AM com.jme3.bullet.objects.PhysicsRigidBody rebuildRigidBody
INFORMATION: Created 13ed2a92ba0.
[GAME] Die letzte Zuflucht
Sept. 13, 2026 4:16:35 AM com.jme3.anim.SkinningControl controlRender
INFORMATION: Hardware skinning engaged for Scene (Node)
Sept. 13, 2026 4:16:35 AM com.jme3.anim.SkinningControl controlRender
INFORMATION: Hardware skinning engaged for Scene (Node)
Sept. 13, 2026 4:16:35 AM com.jme3.anim.SkinningControl controlRender
INFORMATION: Hardware skinning engaged for Scene (Node)
Sept. 13, 2026 4:16:35 AM com.jme3.anim.SkinningControl controlRender
INFORMATION: Hardware skinning engaged for Scene (Node)
[SMOKE] stage 19
Sept. 13, 2026 4:16:38 AM com.jme3.bullet.objects.PhysicsRigidBody rebuildRigidBody
INFORMATION: Created 13ed2a92ed0.
Sept. 13, 2026 4:16:38 AM com.jme3.bullet.objects.PhysicsRigidBody rebuildRigidBody
INFORMATION: Created 13ed2a94eb0.
Sept. 13, 2026 4:16:38 AM com.jme3.bullet.objects.PhysicsRigidBody rebuildRigidBody
INFORMATION: Created 13ed2a93860.
Sept. 13, 2026 4:16:38 AM com.jme3.bullet.objects.PhysicsRigidBody rebuildRigidBody
INFORMATION: Created 13ed2a94850.
Sept. 13, 2026 4:16:38 AM com.jme3.bullet.objects.PhysicsRigidBody rebuildRigidBody
INFORMATION: Created 13ed2a951e0.
Sept. 13, 2026 4:16:38 AM com.jme3.bullet.objects.PhysicsRigidBody rebuildRigidBody
INFORMATION: Created 13ed2a95840.
Sept. 13, 2026 4:16:38 AM com.jme3.bullet.objects.PhysicsRigidBody rebuildRigidBody
INFORMATION: Created 13ed2a93b90.
Sept. 13, 2026 4:16:38 AM com.jme3.bullet.objects.PhysicsRigidBody rebuildRigidBody
INFORMATION: Created 13ed2a94b80.
Sept. 13, 2026 4:16:38 AM com.jme3.bullet.objects.PhysicsRigidBody rebuildRigidBody
INFORMATION: Created 13ed2a93ec0.
Sept. 13, 2026 4:16:38 AM com.jme3.bullet.objects.PhysicsRigidBody rebuildRigidBody
INFORMATION: Created 13e827ec0e0.
Sept. 13, 2026 4:16:38 AM com.jme3.bullet.objects.PhysicsRigidBody rebuildRigidBody
INFORMATION: Created 13e827eadc0.
Sept. 13, 2026 4:16:38 AM com.jme3.bullet.objects.PhysicsRigidBody rebuildRigidBody
INFORMATION: Created 13e827ecda0.
Sept. 13, 2026 4:16:38 AM com.jme3.bullet.objects.PhysicsRigidBody rebuildRigidBody
INFORMATION: Created 13e827ea100.
Sept. 13, 2026 4:16:38 AM com.jme3.bullet.objects.PhysicsRigidBody rebuildRigidBody
INFORMATION: Created 13e827ed730.
Sept. 13, 2026 4:16:38 AM com.jme3.bullet.objects.PhysicsRigidBody rebuildRigidBody
INFORMATION: Created 13e827eb750.
Sept. 13, 2026 4:16:38 AM com.jme3.bullet.objects.PhysicsRigidBody rebuildRigidBody
INFORMATION: Created 13e827ea430.
Sept. 13, 2026 4:16:38 AM com.jme3.bullet.objects.PhysicsRigidBody rebuildRigidBody
INFORMATION: Created 13e827ed0d0.
Sept. 13, 2026 4:16:38 AM com.jme3.bullet.objects.PhysicsRigidBody rebuildRigidBody
INFORMATION: Created 13e827eb0f0.
Sept. 13, 2026 4:16:38 AM com.jme3.bullet.objects.PhysicsRigidBody rebuildRigidBody
INFORMATION: Created 13e827eb420.
Sept. 13, 2026 4:16:38 AM com.jme3.bullet.objects.PhysicsRigidBody rebuildRigidBody
INFORMATION: Created 13e827e9dd0.
Sept. 13, 2026 4:16:38 AM com.jme3.bullet.objects.PhysicsRigidBody rebuildRigidBody
INFORMATION: Created 13e827ec740.
Sept. 13, 2026 4:16:38 AM com.jme3.bullet.objects.PhysicsRigidBody rebuildRigidBody
INFORMATION: Created 13e827eba80.
Sept. 13, 2026 4:16:38 AM com.jme3.bullet.objects.PhysicsRigidBody rebuildRigidBody
INFORMATION: Created 13e827ea760.
Sept. 13, 2026 4:16:38 AM com.jme3.bullet.objects.PhysicsRigidBody rebuildRigidBody
INFORMATION: Created 13e827eaa90.
Sept. 13, 2026 4:16:38 AM com.jme3.bullet.objects.PhysicsRigidBody rebuildRigidBody
INFORMATION: Created 13e827ebdb0.
Sept. 13, 2026 4:16:38 AM com.jme3.bullet.objects.PhysicsRigidBody rebuildRigidBody
INFORMATION: Created 13e827ec410.
Sept. 13, 2026 4:16:38 AM com.jme3.bullet.objects.PhysicsRigidBody rebuildRigidBody
INFORMATION: Created 13e827eca70.
Sept. 13, 2026 4:16:38 AM com.jme3.bullet.objects.PhysicsRigidBody rebuildRigidBody
INFORMATION: Created 13e827ed400.
Sept. 13, 2026 4:16:38 AM com.jme3.bullet.objects.PhysicsRigidBody rebuildRigidBody
INFORMATION: Created 13e827e9aa0.
Sept. 13, 2026 4:16:38 AM com.jme3.bullet.objects.PhysicsRigidBody rebuildRigidBody
INFORMATION: Created 13e827ee0c0.
Sept. 13, 2026 4:16:38 AM com.jme3.bullet.objects.PhysicsRigidBody rebuildRigidBody
INFORMATION: Created 13e827eea50.
Sept. 13, 2026 4:16:38 AM com.jme3.bullet.objects.PhysicsRigidBody rebuildRigidBody
INFORMATION: Created 13e827ef0b0.
Sept. 13, 2026 4:16:38 AM com.jme3.bullet.objects.PhysicsRigidBody rebuildRigidBody
INFORMATION: Created 13e827ee720.
Sept. 13, 2026 4:16:38 AM com.jme3.bullet.objects.PhysicsRigidBody rebuildRigidBody
INFORMATION: Created 13e827ee3f0.
Sept. 13, 2026 4:16:38 AM com.jme3.bullet.objects.PhysicsRigidBody rebuildRigidBody
INFORMATION: Created 13e827eed80.
Sept. 13, 2026 4:16:38 AM com.jme3.bullet.objects.PhysicsRigidBody rebuildRigidBody
INFORMATION: Created 13e827ef3e0.
Sept. 13, 2026 4:16:38 AM com.jme3.bullet.objects.PhysicsRigidBody rebuildRigidBody
INFORMATION: Created 13e827ef710.
Sept. 13, 2026 4:16:38 AM com.jme3.bullet.objects.PhysicsRigidBody rebuildRigidBody
INFORMATION: Created 13e827efd70.
Sept. 13, 2026 4:16:38 AM com.jme3.bullet.objects.PhysicsRigidBody rebuildRigidBody
INFORMATION: Created 13e827f0700.
Sept. 13, 2026 4:16:38 AM com.jme3.bullet.objects.PhysicsRigidBody rebuildRigidBody
INFORMATION: Created 13e827f00a0.
Sept. 13, 2026 4:16:38 AM com.jme3.bullet.objects.PhysicsRigidBody rebuildRigidBody
INFORMATION: Created 13e827efa40.
Sept. 13, 2026 4:16:38 AM com.jme3.bullet.objects.PhysicsRigidBody rebuildRigidBody
INFORMATION: Created 13e827f1090.
Sept. 13, 2026 4:16:38 AM com.jme3.bullet.objects.PhysicsRigidBody rebuildRigidBody
INFORMATION: Created 13e827f03d0.
Sept. 13, 2026 4:16:38 AM com.jme3.bullet.objects.PhysicsRigidBody rebuildRigidBody
INFORMATION: Created 13e827f13c0.
Sept. 13, 2026 4:16:38 AM com.jme3.bullet.objects.PhysicsRigidBody rebuildRigidBody
INFORMATION: Created 13e827f0a30.
Sept. 13, 2026 4:16:38 AM com.jme3.bullet.objects.PhysicsRigidBody rebuildRigidBody
INFORMATION: Created 13e827f0d60.
Sept. 13, 2026 4:16:38 AM com.jme3.bullet.objects.PhysicsRigidBody rebuildRigidBody
INFORMATION: Created 13e827f16f0.
Sept. 13, 2026 4:16:38 AM com.jme3.bullet.objects.PhysicsRigidBody rebuildRigidBody
INFORMATION: Created 13e827eda60.
Sept. 13, 2026 4:16:38 AM com.jme3.bullet.objects.PhysicsRigidBody rebuildRigidBody
INFORMATION: Created 13e827f1a20.
Sept. 13, 2026 4:16:38 AM com.jme3.bullet.objects.PhysicsRigidBody rebuildRigidBody
INFORMATION: Created 13e827edd90.
Sept. 13, 2026 4:16:38 AM com.jme3.bullet.objects.PhysicsRigidBody rebuildRigidBody
INFORMATION: Created 13e827f1d50.
Sept. 13, 2026 4:16:38 AM com.jme3.bullet.objects.PhysicsRigidBody rebuildRigidBody
INFORMATION: Created 13e827f3d30.
Sept. 13, 2026 4:16:38 AM com.jme3.bullet.objects.PhysicsRigidBody rebuildRigidBody
INFORMATION: Created 13e827f2a10.
Sept. 13, 2026 4:16:38 AM com.jme3.bullet.objects.PhysicsRigidBody rebuildRigidBody
INFORMATION: Created 13e827f33a0.
Sept. 13, 2026 4:16:38 AM com.jme3.bullet.objects.PhysicsRigidBody rebuildRigidBody
INFORMATION: Created 13e827f2d40.
Sept. 13, 2026 4:16:38 AM com.jme3.bullet.objects.PhysicsRigidBody rebuildRigidBody
INFORMATION: Created 13e827f4060.
Sept. 13, 2026 4:16:38 AM com.jme3.bullet.objects.PhysicsRigidBody rebuildRigidBody
INFORMATION: Created 13e827f23b0.
Sept. 13, 2026 4:16:38 AM com.jme3.bullet.objects.PhysicsRigidBody rebuildRigidBody
INFORMATION: Created 13e827f4d20.
Sept. 13, 2026 4:16:38 AM com.jme3.bullet.objects.PhysicsRigidBody rebuildRigidBody
INFORMATION: Created 13e827f36d0.
Sept. 13, 2026 4:16:38 AM com.jme3.bullet.objects.PhysicsRigidBody rebuildRigidBody
INFORMATION: Created 13e827f26e0.
Sept. 13, 2026 4:16:38 AM com.jme3.bullet.objects.PhysicsRigidBody rebuildRigidBody
INFORMATION: Created 13e827f3070.
Sept. 13, 2026 4:16:38 AM com.jme3.bullet.objects.PhysicsRigidBody rebuildRigidBody
INFORMATION: Created 13e827f3a00.
Sept. 13, 2026 4:16:38 AM com.jme3.bullet.objects.PhysicsRigidBody rebuildRigidBody
INFORMATION: Created 13e827f4390.
Sept. 13, 2026 4:16:38 AM com.jme3.bullet.objects.PhysicsRigidBody rebuildRigidBody
INFORMATION: Created 13e827f46c0.
Sept. 13, 2026 4:16:38 AM com.jme3.bullet.objects.PhysicsRigidBody rebuildRigidBody
INFORMATION: Created 13e827f49f0.
Sept. 13, 2026 4:16:38 AM com.jme3.bullet.objects.PhysicsRigidBody rebuildRigidBody
INFORMATION: Created 13e827f5050.
Sept. 13, 2026 4:16:38 AM com.jme3.bullet.objects.PhysicsRigidBody rebuildRigidBody
INFORMATION: Created 13e827f5380.
Sept. 13, 2026 4:16:38 AM com.jme3.bullet.objects.PhysicsRigidBody rebuildRigidBody
INFORMATION: Created 13e827f56b0.
Sept. 13, 2026 4:16:38 AM com.jme3.bullet.objects.PhysicsRigidBody rebuildRigidBody
INFORMATION: Created 13e827f2080.
Sept. 13, 2026 4:16:38 AM com.jme3.bullet.objects.PhysicsRigidBody rebuildRigidBody
INFORMATION: Created 13e827f9cd0.
Sept. 13, 2026 4:16:38 AM com.jme3.bullet.objects.PhysicsRigidBody rebuildRigidBody
INFORMATION: Created 13e827f79c0.
Sept. 13, 2026 4:16:38 AM com.jme3.bullet.objects.PhysicsRigidBody rebuildRigidBody
INFORMATION: Created 13e827f69d0.
Sept. 13, 2026 4:16:38 AM com.jme3.bullet.objects.PhysicsRigidBody rebuildRigidBody
INFORMATION: Created 13e827f9670.
Sept. 13, 2026 4:16:38 AM com.jme3.bullet.objects.PhysicsRigidBody rebuildRigidBody
INFORMATION: Created 13e827f9340.
Sept. 13, 2026 4:16:38 AM com.jme3.bullet.objects.PhysicsRigidBody rebuildRigidBody
INFORMATION: Created 13e827f99a0.
Sept. 13, 2026 4:16:38 AM com.jme3.bullet.objects.PhysicsRigidBody rebuildRigidBody
INFORMATION: Created 13e827f7cf0.
Sept. 13, 2026 4:16:38 AM com.jme3.bullet.objects.PhysicsRigidBody rebuildRigidBody
INFORMATION: Created 13e827f9010.
Sept. 13, 2026 4:16:38 AM com.jme3.bullet.objects.PhysicsRigidBody rebuildRigidBody
INFORMATION: Created 13e827f6d00.
Sept. 13, 2026 4:16:38 AM com.jme3.bullet.objects.PhysicsRigidBody rebuildRigidBody
INFORMATION: Created 13e827f8020.
Sept. 13, 2026 4:16:38 AM com.jme3.bullet.objects.PhysicsRigidBody rebuildRigidBody
INFORMATION: Created 13e827f8350.
Sept. 13, 2026 4:16:38 AM com.jme3.bullet.objects.PhysicsRigidBody rebuildRigidBody
INFORMATION: Created 13e827f8680.
Sept. 13, 2026 4:16:38 AM com.jme3.bullet.objects.PhysicsRigidBody rebuildRigidBody
INFORMATION: Created 13e827fa000.
Sept. 13, 2026 4:16:38 AM com.jme3.bullet.objects.PhysicsRigidBody rebuildRigidBody
INFORMATION: Created 13e827f7030.
Sept. 13, 2026 4:16:38 AM com.jme3.bullet.objects.PhysicsRigidBody rebuildRigidBody
INFORMATION: Created 13e827fa330.
Sept. 13, 2026 4:16:38 AM com.jme3.bullet.objects.PhysicsRigidBody rebuildRigidBody
INFORMATION: Created 13e827f89b0.
Sept. 13, 2026 4:16:38 AM com.jme3.bullet.objects.PhysicsRigidBody rebuildRigidBody
INFORMATION: Created 13e827f7360.
Sept. 13, 2026 4:16:38 AM com.jme3.bullet.objects.PhysicsRigidBody rebuildRigidBody
INFORMATION: Created 13e827f66a0.
Sept. 13, 2026 4:16:38 AM com.jme3.bullet.objects.PhysicsRigidBody rebuildRigidBody
INFORMATION: Created 13e827f8ce0.
Sept. 13, 2026 4:16:38 AM com.jme3.bullet.objects.PhysicsRigidBody rebuildRigidBody
INFORMATION: Created 13e827fa660.
Sept. 13, 2026 4:16:38 AM com.jme3.bullet.objects.PhysicsRigidBody rebuildRigidBody
INFORMATION: Created 13e827fa990.
Sept. 13, 2026 4:16:38 AM com.jme3.bullet.objects.PhysicsRigidBody rebuildRigidBody
INFORMATION: Created 13e827facc0.
Sept. 13, 2026 4:16:38 AM com.jme3.bullet.objects.PhysicsRigidBody rebuildRigidBody
INFORMATION: Created 13e827faff0.
Sept. 13, 2026 4:16:38 AM com.jme3.bullet.objects.PhysicsRigidBody rebuildRigidBody
INFORMATION: Created 13e827fb320.
Sept. 13, 2026 4:16:38 AM com.jme3.bullet.objects.PhysicsRigidBody rebuildRigidBody
INFORMATION: Created 13e827f7690.
Sept. 13, 2026 4:16:38 AM com.jme3.bullet.objects.PhysicsRigidBody rebuildRigidBody
INFORMATION: Created 13e827fec80.
Sept. 13, 2026 4:16:38 AM com.jme3.bullet.objects.PhysicsRigidBody rebuildRigidBody
INFORMATION: Created 13e827fcfd0.
Sept. 13, 2026 4:16:38 AM com.jme3.bullet.objects.PhysicsRigidBody rebuildRigidBody
INFORMATION: Created 13e827fefb0.
Sept. 13, 2026 4:16:38 AM com.jme3.bullet.objects.PhysicsRigidBody rebuildRigidBody
INFORMATION: Created 13e827ff2e0.
Sept. 13, 2026 4:16:38 AM com.jme3.bullet.objects.PhysicsRigidBody rebuildRigidBody
INFORMATION: Created 13e827fdfc0.
Sept. 13, 2026 4:16:38 AM com.jme3.bullet.objects.PhysicsRigidBody rebuildRigidBody
INFORMATION: Created 13e827fbfe0.
Sept. 13, 2026 4:16:38 AM com.jme3.bullet.objects.PhysicsRigidBody rebuildRigidBody
INFORMATION: Created 13e827fe950.
Sept. 13, 2026 4:16:38 AM com.jme3.bullet.objects.PhysicsRigidBody rebuildRigidBody
INFORMATION: Created 13e827fb650.
Sept. 13, 2026 4:16:38 AM com.jme3.bullet.objects.PhysicsRigidBody rebuildRigidBody
INFORMATION: Created 13e827ff610.
Sept. 13, 2026 4:16:38 AM com.jme3.bullet.objects.PhysicsRigidBody rebuildRigidBody
INFORMATION: Created 13e827fdc90.
Sept. 13, 2026 4:16:38 AM com.jme3.bullet.objects.PhysicsRigidBody rebuildRigidBody
INFORMATION: Created 13e827fc310.
Sept. 13, 2026 4:16:38 AM com.jme3.bullet.objects.PhysicsRigidBody rebuildRigidBody
INFORMATION: Created 13e827fc640.
Sept. 13, 2026 4:16:38 AM com.jme3.bullet.objects.PhysicsRigidBody rebuildRigidBody
INFORMATION: Created 13e827fc970.
Sept. 13, 2026 4:16:38 AM com.jme3.bullet.objects.PhysicsRigidBody rebuildRigidBody
INFORMATION: Created 13e827fd960.
Sept. 13, 2026 4:16:38 AM com.jme3.bullet.objects.PhysicsRigidBody rebuildRigidBody
INFORMATION: Created 13e827fcca0.
Sept. 13, 2026 4:16:38 AM com.jme3.bullet.objects.PhysicsRigidBody rebuildRigidBody
INFORMATION: Created 13e827fb980.
Sept. 13, 2026 4:16:38 AM com.jme3.bullet.objects.PhysicsRigidBody rebuildRigidBody
INFORMATION: Created 13e827fd300.
Sept. 13, 2026 4:16:38 AM com.jme3.bullet.objects.PhysicsRigidBody rebuildRigidBody
INFORMATION: Created 13e827ff940.
Sept. 13, 2026 4:16:38 AM com.jme3.bullet.objects.PhysicsRigidBody rebuildRigidBody
INFORMATION: Created 13e827fd630.
Sept. 13, 2026 4:16:38 AM com.jme3.bullet.objects.PhysicsRigidBody rebuildRigidBody
INFORMATION: Created 13e827fe2f0.
Sept. 13, 2026 4:16:38 AM com.jme3.bullet.objects.PhysicsRigidBody rebuildRigidBody
INFORMATION: Created 13e827fbcb0.
Sept. 13, 2026 4:16:38 AM com.jme3.bullet.objects.PhysicsRigidBody rebuildRigidBody
INFORMATION: Created 13e82800600.
Sept. 13, 2026 4:16:38 AM com.jme3.bullet.objects.PhysicsRigidBody rebuildRigidBody
INFORMATION: Created 13e827ffc70.
Sept. 13, 2026 4:16:38 AM com.jme3.bullet.objects.PhysicsRigidBody rebuildRigidBody
INFORMATION: Created 13e827fffa0.
Sept. 13, 2026 4:16:38 AM com.jme3.bullet.objects.PhysicsRigidBody rebuildRigidBody
INFORMATION: Created 13e82800c60.
Sept. 13, 2026 4:16:38 AM com.jme3.bullet.objects.PhysicsRigidBody rebuildRigidBody
INFORMATION: Created 13e82801920.
Sept. 13, 2026 4:16:38 AM com.jme3.bullet.objects.PhysicsRigidBody rebuildRigidBody
INFORMATION: Created 13e828015f0.
Sept. 13, 2026 4:16:38 AM com.jme3.bullet.objects.PhysicsRigidBody rebuildRigidBody
INFORMATION: Created 13e82801c50.
Sept. 13, 2026 4:16:38 AM com.jme3.bullet.objects.PhysicsRigidBody rebuildRigidBody
INFORMATION: Created 13e82801f80.
Sept. 13, 2026 4:16:38 AM com.jme3.bullet.objects.PhysicsRigidBody rebuildRigidBody
INFORMATION: Created 13e828022b0.
Sept. 13, 2026 4:16:38 AM com.jme3.bullet.objects.PhysicsRigidBody rebuildRigidBody
INFORMATION: Created 13e827fe620.
Sept. 13, 2026 4:16:38 AM com.jme3.bullet.objects.PhysicsRigidBody rebuildRigidBody
INFORMATION: Created 13e82802910.
Sept. 13, 2026 4:16:38 AM com.jme3.bullet.objects.PhysicsRigidBody rebuildRigidBody
INFORMATION: Created 13e828025e0.
Sept. 13, 2026 4:16:38 AM com.jme3.bullet.objects.PhysicsRigidBody rebuildRigidBody
INFORMATION: Created 13e82802c40.
Sept. 13, 2026 4:16:38 AM com.jme3.bullet.objects.PhysicsRigidBody rebuildRigidBody
INFORMATION: Created 13e828045c0.
Sept. 13, 2026 4:16:38 AM com.jme3.bullet.objects.PhysicsRigidBody rebuildRigidBody
INFORMATION: Created 13e82806c00.
Sept. 13, 2026 4:16:38 AM com.jme3.bullet.objects.PhysicsRigidBody rebuildRigidBody
INFORMATION: Created 13e828048f0.
Sept. 13, 2026 4:16:38 AM com.jme3.bullet.objects.PhysicsRigidBody rebuildRigidBody
INFORMATION: Created 13e828035d0.
Sept. 13, 2026 4:16:38 AM com.jme3.bullet.objects.PhysicsRigidBody rebuildRigidBody
INFORMATION: Created 13e82805f40.
Sept. 13, 2026 4:16:38 AM com.jme3.bullet.objects.PhysicsRigidBody rebuildRigidBody
INFORMATION: Created 13e82804c20.
Sept. 13, 2026 4:16:38 AM com.jme3.bullet.objects.PhysicsRigidBody rebuildRigidBody
INFORMATION: Created 13e828068d0.
Sept. 13, 2026 4:16:38 AM com.jme3.bullet.objects.PhysicsRigidBody rebuildRigidBody
INFORMATION: Created 13e828055b0.
Sept. 13, 2026 4:16:38 AM com.jme3.bullet.objects.PhysicsRigidBody rebuildRigidBody
INFORMATION: Created 13e82806f30.
Sept. 13, 2026 4:16:38 AM com.jme3.bullet.objects.PhysicsRigidBody rebuildRigidBody
INFORMATION: Created 13e82806270.
Sept. 13, 2026 4:16:38 AM com.jme3.bullet.objects.PhysicsRigidBody rebuildRigidBody
INFORMATION: Created 13e828065a0.
Sept. 13, 2026 4:16:38 AM com.jme3.bullet.objects.PhysicsRigidBody rebuildRigidBody
INFORMATION: Created 13e828032a0.
Sept. 13, 2026 4:16:38 AM com.jme3.bullet.objects.PhysicsRigidBody rebuildRigidBody
INFORMATION: Created 13e82807260.
Sept. 13, 2026 4:16:38 AM com.jme3.bullet.objects.PhysicsRigidBody rebuildRigidBody
INFORMATION: Created 13ede9c5c70.
Sept. 13, 2026 4:16:38 AM com.jme3.bullet.objects.PhysicsRigidBody rebuildRigidBody
INFORMATION: Created 13ede9c42f0.
Sept. 13, 2026 4:16:38 AM com.jme3.bullet.objects.PhysicsRigidBody rebuildRigidBody
INFORMATION: Created 13ede9c7920.
Sept. 13, 2026 4:16:38 AM com.jme3.bullet.objects.PhysicsRigidBody rebuildRigidBody
INFORMATION: Created 13ede9c5610.
Sept. 13, 2026 4:16:38 AM com.jme3.bullet.objects.PhysicsRigidBody rebuildRigidBody
INFORMATION: Created 13ede9c6f90.
Sept. 13, 2026 4:16:38 AM com.jme3.bullet.objects.PhysicsRigidBody rebuildRigidBody
INFORMATION: Created 13ede9c4620.
Sept. 13, 2026 4:16:38 AM com.jme3.bullet.objects.PhysicsRigidBody rebuildRigidBody
INFORMATION: Created 13ede9c5940.
Sept. 13, 2026 4:16:38 AM com.jme3.bullet.objects.PhysicsRigidBody rebuildRigidBody
INFORMATION: Created 13ede9c5fa0.
Sept. 13, 2026 4:16:38 AM com.jme3.bullet.objects.PhysicsRigidBody rebuildRigidBody
INFORMATION: Created 13ede9c4fb0.
Sept. 13, 2026 4:16:38 AM com.jme3.bullet.objects.PhysicsRigidBody rebuildRigidBody
INFORMATION: Created 13ede9c62d0.
Sept. 13, 2026 4:16:38 AM com.jme3.bullet.objects.PhysicsRigidBody rebuildRigidBody
INFORMATION: Created 13ede9c6600.
Sept. 13, 2026 4:16:38 AM com.jme3.bullet.objects.PhysicsRigidBody rebuildRigidBody
INFORMATION: Created 13ede9c52e0.
[GAME] Das Kettenverlies
Sept. 13, 2026 4:16:38 AM com.jme3.anim.SkinningControl controlRender
INFORMATION: Hardware skinning engaged for Scene (Node)
Sept. 13, 2026 4:16:38 AM com.jme3.anim.SkinningControl controlRender
INFORMATION: Hardware skinning engaged for Scene (Node)
Sept. 13, 2026 4:16:38 AM com.jme3.anim.SkinningControl controlRender
INFORMATION: Hardware skinning engaged for Scene (Node)
Sept. 13, 2026 4:16:38 AM com.jme3.anim.SkinningControl controlRender
INFORMATION: Hardware skinning engaged for Scene (Node)
Sept. 13, 2026 4:16:38 AM com.jme3.anim.SkinningControl controlRender
INFORMATION: Hardware skinning engaged for Scene (Node)
Sept. 13, 2026 4:16:38 AM com.jme3.anim.SkinningControl controlRender
INFORMATION: Hardware skinning engaged for Scene (Node)
Sept. 13, 2026 4:16:38 AM com.jme3.anim.SkinningControl controlRender
INFORMATION: Hardware skinning engaged for Scene (Node)
[SMOKE] stage 20
[CHECK] Both seals unlock prison
[GAME] Goblin besiegt  +35 EP  +8 Gold
[GAME] Ork-Brecher besiegt  +70 EP  +13 Gold
[GAME] Ork-Brecher besiegt  +70 EP  +13 Gold
[GAME] Ork-Brecher besiegt  +70 EP  +13 Gold
[GAME] Aschenrufer besiegt  +65 EP  +23 Gold
[GAME] Eiserner Wächter besiegt  +115 EP  +18 Gold
[GAME] Eiserner Wächter besiegt  +115 EP  +18 Gold
[GAME] STUFE 7  -  Fähigkeitspunkt erhalten [K]
[GAME] Eiserner Wächter besiegt  +115 EP  +18 Gold
[GAME] Schlüssel des Kerkermeisters erhalten.
[GAME] Auftrag erfüllt: Der letzte Kerkermeister  +160 EP
[GAME] Die Gefangenen sind frei. Der König verliert 20% seiner Lebenskraft.
[GAME] Auftrag erfüllt: Der Preis der Freiheit  +180 EP
[CHECK] Prisoner branch
[CHECK] Keeper drops key
Sept. 13, 2026 4:16:40 AM com.jme3.bullet.objects.PhysicsRigidBody rebuildRigidBody
INFORMATION: Created 13ede9c72c0.
Sept. 13, 2026 4:16:40 AM com.jme3.bullet.objects.PhysicsRigidBody rebuildRigidBody
INFORMATION: Created 13ede9c4950.
Sept. 13, 2026 4:16:40 AM com.jme3.bullet.objects.PhysicsRigidBody rebuildRigidBody
INFORMATION: Created 13ede9c6930.
Sept. 13, 2026 4:16:40 AM com.jme3.bullet.objects.PhysicsRigidBody rebuildRigidBody
INFORMATION: Created 13ede9c6c60.
Sept. 13, 2026 4:16:40 AM com.jme3.bullet.objects.PhysicsRigidBody rebuildRigidBody
INFORMATION: Created 13ede9c4c80.
Sept. 13, 2026 4:16:40 AM com.jme3.bullet.objects.PhysicsRigidBody rebuildRigidBody
INFORMATION: Created 13ede9c75f0.
Sept. 13, 2026 4:16:40 AM com.jme3.bullet.objects.PhysicsRigidBody rebuildRigidBody
INFORMATION: Created 13ede9c3c90.
Sept. 13, 2026 4:16:40 AM com.jme3.bullet.objects.PhysicsRigidBody rebuildRigidBody
INFORMATION: Created 13ede9c7c50.
Sept. 13, 2026 4:16:40 AM com.jme3.bullet.objects.PhysicsRigidBody rebuildRigidBody
INFORMATION: Created 13ede9c3fc0.
Sept. 13, 2026 4:16:40 AM com.jme3.bullet.objects.PhysicsRigidBody rebuildRigidBody
INFORMATION: Created 13ede9c8f70.
Sept. 13, 2026 4:16:40 AM com.jme3.bullet.objects.PhysicsRigidBody rebuildRigidBody
INFORMATION: Created 13ede9c92a0.
Sept. 13, 2026 4:16:40 AM com.jme3.bullet.objects.PhysicsRigidBody rebuildRigidBody
INFORMATION: Created 13ede9c7f80.
Sept. 13, 2026 4:16:40 AM com.jme3.bullet.objects.PhysicsRigidBody rebuildRigidBody
INFORMATION: Created 13ede9ca8f0.
Sept. 13, 2026 4:16:40 AM com.jme3.bullet.objects.PhysicsRigidBody rebuildRigidBody
INFORMATION: Created 13ede9c95d0.
Sept. 13, 2026 4:16:40 AM com.jme3.bullet.objects.PhysicsRigidBody rebuildRigidBody
INFORMATION: Created 13ede9cac20.
Sept. 13, 2026 4:16:40 AM com.jme3.bullet.objects.PhysicsRigidBody rebuildRigidBody
INFORMATION: Created 13ede9cb5b0.
Sept. 13, 2026 4:16:40 AM com.jme3.bullet.objects.PhysicsRigidBody rebuildRigidBody
INFORMATION: Created 13ede9c9f60.
Sept. 13, 2026 4:16:40 AM com.jme3.bullet.objects.PhysicsRigidBody rebuildRigidBody
INFORMATION: Created 13ede9cb8e0.
Sept. 13, 2026 4:16:40 AM com.jme3.bullet.objects.PhysicsRigidBody rebuildRigidBody
INFORMATION: Created 13ede9cb280.
Sept. 13, 2026 4:16:40 AM com.jme3.bullet.objects.PhysicsRigidBody rebuildRigidBody
INFORMATION: Created 13ede9caf50.
Sept. 13, 2026 4:16:40 AM com.jme3.bullet.objects.PhysicsRigidBody rebuildRigidBody
INFORMATION: Created 13ede9c9900.
Sept. 13, 2026 4:16:40 AM com.jme3.bullet.objects.PhysicsRigidBody rebuildRigidBody
INFORMATION: Created 13ede9c9c30.
Sept. 13, 2026 4:16:40 AM com.jme3.bullet.objects.PhysicsRigidBody rebuildRigidBody
INFORMATION: Created 13ede9c82b0.
Sept. 13, 2026 4:16:40 AM com.jme3.bullet.objects.PhysicsRigidBody rebuildRigidBody
INFORMATION: Created 13ede9ca290.
Sept. 13, 2026 4:16:40 AM com.jme3.bullet.objects.PhysicsRigidBody rebuildRigidBody
INFORMATION: Created 13ede9cbc10.
Sept. 13, 2026 4:16:40 AM com.jme3.bullet.objects.PhysicsRigidBody rebuildRigidBody
INFORMATION: Created 13ede9c8c40.
Sept. 13, 2026 4:16:40 AM com.jme3.bullet.objects.PhysicsRigidBody rebuildRigidBody
INFORMATION: Created 13ede9ca5c0.
Sept. 13, 2026 4:16:40 AM com.jme3.bullet.objects.PhysicsRigidBody rebuildRigidBody
INFORMATION: Created 13ede9cbf40.
Sept. 13, 2026 4:16:40 AM com.jme3.bullet.objects.PhysicsRigidBody rebuildRigidBody
INFORMATION: Created 13ede9cc270.
Sept. 13, 2026 4:16:40 AM com.jme3.bullet.objects.PhysicsRigidBody rebuildRigidBody
INFORMATION: Created 13ede9c85e0.
Sept. 13, 2026 4:16:40 AM com.jme3.bullet.objects.PhysicsRigidBody rebuildRigidBody
INFORMATION: Created 13ede9cc5a0.
Sept. 13, 2026 4:16:40 AM com.jme3.bullet.objects.PhysicsRigidBody rebuildRigidBody
INFORMATION: Created 13ede9c8910.
Sept. 13, 2026 4:16:40 AM com.jme3.bullet.objects.PhysicsRigidBody rebuildRigidBody
INFORMATION: Created 13ede9ce8b0.
Sept. 13, 2026 4:16:40 AM com.jme3.bullet.objects.PhysicsRigidBody rebuildRigidBody
INFORMATION: Created 13ede9cf240.
Sept. 13, 2026 4:16:40 AM com.jme3.bullet.objects.PhysicsRigidBody rebuildRigidBody
INFORMATION: Created 13ede9cd8c0.
Sept. 13, 2026 4:16:40 AM com.jme3.bullet.objects.PhysicsRigidBody rebuildRigidBody
INFORMATION: Created 13ede9d0560.
Sept. 13, 2026 4:16:40 AM com.jme3.bullet.objects.PhysicsRigidBody rebuildRigidBody
INFORMATION: Created 13ede9cef10.
Sept. 13, 2026 4:16:40 AM com.jme3.bullet.objects.PhysicsRigidBody rebuildRigidBody
INFORMATION: Created 13ede9cebe0.
Sept. 13, 2026 4:16:40 AM com.jme3.bullet.objects.PhysicsRigidBody rebuildRigidBody
INFORMATION: Created 13ede9cc8d0.
Sept. 13, 2026 4:16:40 AM com.jme3.bullet.objects.PhysicsRigidBody rebuildRigidBody
INFORMATION: Created 13ede9cdbf0.
Sept. 13, 2026 4:16:40 AM com.jme3.bullet.objects.PhysicsRigidBody rebuildRigidBody
INFORMATION: Created 13ede9ce580.
Sept. 13, 2026 4:16:40 AM com.jme3.bullet.objects.PhysicsRigidBody rebuildRigidBody
INFORMATION: Created 13ede9cdf20.
Sept. 13, 2026 4:16:40 AM com.jme3.bullet.objects.PhysicsRigidBody rebuildRigidBody
INFORMATION: Created 13ede9cf8a0.
Sept. 13, 2026 4:16:40 AM com.jme3.bullet.objects.PhysicsRigidBody rebuildRigidBody
INFORMATION: Created 13ede9d0230.
Sept. 13, 2026 4:16:40 AM com.jme3.bullet.objects.PhysicsRigidBody rebuildRigidBody
INFORMATION: Created 13ede9cf570.
Sept. 13, 2026 4:16:40 AM com.jme3.bullet.objects.PhysicsRigidBody rebuildRigidBody
INFORMATION: Created 13ede9cfbd0.
Sept. 13, 2026 4:16:40 AM com.jme3.bullet.objects.PhysicsRigidBody rebuildRigidBody
INFORMATION: Created 13ede9cd260.
Sept. 13, 2026 4:16:40 AM com.jme3.bullet.objects.PhysicsRigidBody rebuildRigidBody
INFORMATION: Created 13ede9cff00.
Sept. 13, 2026 4:16:40 AM com.jme3.bullet.objects.PhysicsRigidBody rebuildRigidBody
INFORMATION: Created 13ede9ccf30.
Sept. 13, 2026 4:16:40 AM com.jme3.bullet.objects.PhysicsRigidBody rebuildRigidBody
INFORMATION: Created 13ede9ccc00.
Sept. 13, 2026 4:16:40 AM com.jme3.bullet.objects.PhysicsRigidBody rebuildRigidBody
INFORMATION: Created 13ede9ce250.
Sept. 13, 2026 4:16:40 AM com.jme3.bullet.objects.PhysicsRigidBody rebuildRigidBody
INFORMATION: Created 13ede9cd590.
Sept. 13, 2026 4:16:40 AM com.jme3.bullet.objects.PhysicsRigidBody rebuildRigidBody
INFORMATION: Created 13ede9d1550.
Sept. 13, 2026 4:16:40 AM com.jme3.bullet.objects.PhysicsRigidBody rebuildRigidBody
INFORMATION: Created 13ede9d0ef0.
Sept. 13, 2026 4:16:40 AM com.jme3.bullet.objects.PhysicsRigidBody rebuildRigidBody
INFORMATION: Created 13ede9d3200.
Sept. 13, 2026 4:16:40 AM com.jme3.bullet.objects.PhysicsRigidBody rebuildRigidBody
INFORMATION: Created 13ede9d3530.
Sept. 13, 2026 4:16:40 AM com.jme3.bullet.objects.PhysicsRigidBody rebuildRigidBody
INFORMATION: Created 13ede9d4520.
Sept. 13, 2026 4:16:40 AM com.jme3.bullet.objects.PhysicsRigidBody rebuildRigidBody
INFORMATION: Created 13ede9d3860.
Sept. 13, 2026 4:16:40 AM com.jme3.bullet.objects.PhysicsRigidBody rebuildRigidBody
INFORMATION: Created 13ede9d3b90.
Sept. 13, 2026 4:16:40 AM com.jme3.bullet.objects.PhysicsRigidBody rebuildRigidBody
INFORMATION: Created 13ede9d2540.
Sept. 13, 2026 4:16:40 AM com.jme3.bullet.objects.PhysicsRigidBody rebuildRigidBody
INFORMATION: Created 13ede9d3ec0.
Sept. 13, 2026 4:16:40 AM com.jme3.bullet.objects.PhysicsRigidBody rebuildRigidBody
INFORMATION: Created 13ede9d1880.
Sept. 13, 2026 4:16:40 AM com.jme3.bullet.objects.PhysicsRigidBody rebuildRigidBody
INFORMATION: Created 13ede9d1220.
Sept. 13, 2026 4:16:40 AM com.jme3.bullet.objects.PhysicsRigidBody rebuildRigidBody
INFORMATION: Created 13ede9d41f0.
Sept. 13, 2026 4:16:40 AM com.jme3.bullet.objects.PhysicsRigidBody rebuildRigidBody
INFORMATION: Created 13ede9d1bb0.
Sept. 13, 2026 4:16:40 AM com.jme3.bullet.objects.PhysicsRigidBody rebuildRigidBody
INFORMATION: Created 13ede9d2870.
Sept. 13, 2026 4:16:40 AM com.jme3.bullet.objects.PhysicsRigidBody rebuildRigidBody
INFORMATION: Created 13ede9d0890.
Sept. 13, 2026 4:16:40 AM com.jme3.bullet.objects.PhysicsRigidBody rebuildRigidBody
INFORMATION: Created 13ede9d1ee0.
Sept. 13, 2026 4:16:40 AM com.jme3.bullet.objects.PhysicsRigidBody rebuildRigidBody
INFORMATION: Created 13ede9d2210.
Sept. 13, 2026 4:16:40 AM com.jme3.bullet.objects.PhysicsRigidBody rebuildRigidBody
INFORMATION: Created 13ede9d4850.
Sept. 13, 2026 4:16:40 AM com.jme3.bullet.objects.PhysicsRigidBody rebuildRigidBody
INFORMATION: Created 13ede9d2ba0.
Sept. 13, 2026 4:16:40 AM com.jme3.bullet.objects.PhysicsRigidBody rebuildRigidBody
INFORMATION: Created 13ede9d2ed0.
Sept. 13, 2026 4:16:40 AM com.jme3.bullet.objects.PhysicsRigidBody rebuildRigidBody
INFORMATION: Created 13ede9d0bc0.
Sept. 13, 2026 4:16:40 AM com.jme3.bullet.objects.PhysicsRigidBody rebuildRigidBody
INFORMATION: Created 13ede9d81b0.
Sept. 13, 2026 4:16:40 AM com.jme3.bullet.objects.PhysicsRigidBody rebuildRigidBody
INFORMATION: Created 13ede9d7e80.
Sept. 13, 2026 4:16:40 AM com.jme3.bullet.objects.PhysicsRigidBody rebuildRigidBody
INFORMATION: Created 13ede9d7820.
Sept. 13, 2026 4:16:40 AM com.jme3.bullet.objects.PhysicsRigidBody rebuildRigidBody
INFORMATION: Created 13ede9d5840.
Sept. 13, 2026 4:16:40 AM com.jme3.bullet.objects.PhysicsRigidBody rebuildRigidBody
INFORMATION: Created 13ede9d6b60.
Sept. 13, 2026 4:16:40 AM com.jme3.bullet.objects.PhysicsRigidBody rebuildRigidBody
INFORMATION: Created 13ede9d74f0.
Sept. 13, 2026 4:16:40 AM com.jme3.bullet.objects.PhysicsRigidBody rebuildRigidBody
INFORMATION: Created 13ede9d5b70.
Sept. 13, 2026 4:16:40 AM com.jme3.bullet.objects.PhysicsRigidBody rebuildRigidBody
INFORMATION: Created 13ede9d8810.
Sept. 13, 2026 4:16:40 AM com.jme3.bullet.objects.PhysicsRigidBody rebuildRigidBody
INFORMATION: Created 13ede9d71c0.
Sept. 13, 2026 4:16:40 AM com.jme3.bullet.objects.PhysicsRigidBody rebuildRigidBody
INFORMATION: Created 13ede9d5ea0.
Sept. 13, 2026 4:16:40 AM com.jme3.bullet.objects.PhysicsRigidBody rebuildRigidBody
INFORMATION: Created 13ede9d7b50.
Sept. 13, 2026 4:16:40 AM com.jme3.bullet.objects.PhysicsRigidBody rebuildRigidBody
INFORMATION: Created 13ede9d4b80.
Sept. 13, 2026 4:16:40 AM com.jme3.bullet.objects.PhysicsRigidBody rebuildRigidBody
INFORMATION: Created 13ede9d51e0.
Sept. 13, 2026 4:16:40 AM com.jme3.bullet.objects.PhysicsRigidBody rebuildRigidBody
INFORMATION: Created 13ede9d6500.
Sept. 13, 2026 4:16:40 AM com.jme3.bullet.objects.PhysicsRigidBody rebuildRigidBody
INFORMATION: Created 13ede9d61d0.
Sept. 13, 2026 4:16:40 AM com.jme3.bullet.objects.PhysicsRigidBody rebuildRigidBody
INFORMATION: Created 13ede9d6830.
Sept. 13, 2026 4:16:40 AM com.jme3.bullet.objects.PhysicsRigidBody rebuildRigidBody
INFORMATION: Created 13ede9d8b40.
Sept. 13, 2026 4:16:40 AM com.jme3.bullet.objects.PhysicsRigidBody rebuildRigidBody
INFORMATION: Created 13ede9d84e0.
Sept. 13, 2026 4:16:40 AM com.jme3.bullet.objects.PhysicsRigidBody rebuildRigidBody
INFORMATION: Created 13ede9d6e90.
Sept. 13, 2026 4:16:40 AM com.jme3.bullet.objects.PhysicsRigidBody rebuildRigidBody
INFORMATION: Created 13ede9d4eb0.
Sept. 13, 2026 4:16:40 AM com.jme3.bullet.objects.PhysicsRigidBody rebuildRigidBody
INFORMATION: Created 13ede9d8e70.
Sept. 13, 2026 4:16:40 AM com.jme3.bullet.objects.PhysicsRigidBody rebuildRigidBody
INFORMATION: Created 13ede9d91a0.
Sept. 13, 2026 4:16:40 AM com.jme3.bullet.objects.PhysicsRigidBody rebuildRigidBody
INFORMATION: Created 13ede9d5510.
Sept. 13, 2026 4:16:40 AM com.jme3.bullet.objects.PhysicsRigidBody rebuildRigidBody
INFORMATION: Created 13ede9d94d0.
[GAME] Der Aschenthron
Sept. 13, 2026 4:16:40 AM com.jme3.anim.SkinningControl controlRender
INFORMATION: Hardware skinning engaged for Scene (Node)
Sept. 13, 2026 4:16:40 AM com.jme3.anim.SkinningControl controlRender
INFORMATION: Hardware skinning engaged for Scene (Node)
Sept. 13, 2026 4:16:40 AM com.jme3.anim.SkinningControl controlRender
INFORMATION: Hardware skinning engaged for Scene (Node)
Sept. 13, 2026 4:16:40 AM com.jme3.anim.SkinningControl controlRender
INFORMATION: Hardware skinning engaged for Scene (Node)
[SMOKE] stage 21
[CHECK] Keeper key opens throne
[CHECK] Prisoner rescue weakens boss
[GAME] Ork-Brecher besiegt  +70 EP  +13 Gold
[GAME] Aschenrufer besiegt  +65 EP  +23 Gold
[GAME] STUFE 8  -  Fähigkeitspunkt erhalten [K]
[GAME] Auftrag erfüllt: Erinnerung an die Fünf  +220 EP
[SMOKE] stage 22
Sept. 13, 2026 4:16:45 AM com.jme3.app.LegacyApplication handleError
SCHWERWIEGEND: Uncaught exception thrown in Thread[#30,jME3 Main,5,main]
java.lang.IllegalStateException: SMOKE FAILED: Boss enters second phase
	at de.pentagon.core.SmokeScenario.require(SmokeScenario.java:368)
	at de.pentagon.core.SmokeScenario.update(SmokeScenario.java:196)
	at de.pentagon.core.GameApplication.simpleUpdate(GameApplication.java:317)
	at com.jme3.app.SimpleApplication.update(SimpleApplication.java:263)
	at com.jme3.system.lwjgl.LwjglWindow.runLoop(LwjglWindow.java:707)
	at com.jme3.system.lwjgl.LwjglWindow.run(LwjglWindow.java:797)
	at java.base/java.lang.Thread.run(Thread.java:1575)

Sept. 13, 2026 4:16:45 AM com.jme3.system.JmeSystemDelegate lambda$new$0
WARNUNG: JmeDialogsFactory implementation not found.
Uncaught exception thrown in Thread[#30,jME3 Main,5,main]
IllegalStateException: SMOKE FAILED: Boss enters second phase
