[INFO] Scanning for projects...
[INFO] 
[INFO] ----------------------< de.pentagon:aschensiegel >----------------------
[INFO] Building Pentagon: Das Aschensiegel 1.0.0
[INFO]   from pom.xml
[INFO] --------------------------------[ jar ]---------------------------------
[INFO] 
[INFO] --- clean:3.2.0:clean (default-clean) @ aschensiegel ---
[INFO] Deleting C:\Users\kkfre\Daten\IdeaProjects\PentagonQuestRemastered\target
[INFO] 
[INFO] --- resources:3.3.1:resources (default-resources) @ aschensiegel ---
[INFO] Copying 67 resources from src\main\resources to target\classes
[INFO] 
[INFO] --- compiler:3.14.0:compile (default-compile) @ aschensiegel ---
[INFO] Recompiling the module because of changed source code.
[INFO] Compiling 36 source files with javac [debug release 17] to target\classes
[INFO] /C:/Users/kkfre/Daten/IdeaProjects/PentagonQuestRemastered/src/main/java/de/pentagon/assets/CharacterFactory.java: Einige Eingabedateien verwenden oder überschreiben eine veraltete API.
[INFO] /C:/Users/kkfre/Daten/IdeaProjects/PentagonQuestRemastered/src/main/java/de/pentagon/assets/CharacterFactory.java: Wiederholen Sie die Kompilierung mit -Xlint:deprecation, um Details zu erhalten.
[INFO] 
[INFO] --- resources:3.3.1:testResources (default-testResources) @ aschensiegel ---
[INFO] skip non existing resourceDirectory C:\Users\kkfre\Daten\IdeaProjects\PentagonQuestRemastered\src\test\resources
[INFO] 
[INFO] --- compiler:3.14.0:testCompile (default-testCompile) @ aschensiegel ---
[INFO] Recompiling the module because of changed dependency.
[INFO] Compiling 6 source files with javac [debug release 17] to target\test-classes
[INFO] 
[INFO] --- surefire:3.5.3:test (default-test) @ aschensiegel ---
[INFO] Using auto detected provider org.apache.maven.surefire.junitplatform.JUnitPlatformProvider
[INFO] 
[INFO] -------------------------------------------------------
[INFO]  T E S T S
[INFO] -------------------------------------------------------
[INFO] Running de.pentagon.AssetTest
[INFO] Tests run: 12, Failures: 0, Errors: 0, Skipped: 0, Time elapsed: 4.487 s -- in de.pentagon.AssetTest
[INFO] Running de.pentagon.CampaignTest
[INFO] Tests run: 19, Failures: 0, Errors: 0, Skipped: 0, Time elapsed: 0.206 s -- in de.pentagon.CampaignTest
[INFO] Running de.pentagon.CombatTest
[INFO] Tests run: 13, Failures: 0, Errors: 0, Skipped: 0, Time elapsed: 0.029 s -- in de.pentagon.CombatTest
[INFO] Running de.pentagon.ProgressionTest
[INFO] Tests run: 8, Failures: 0, Errors: 0, Skipped: 0, Time elapsed: 0.011 s -- in de.pentagon.ProgressionTest
[INFO] Running de.pentagon.SaveTest
[INFO] Tests run: 7, Failures: 0, Errors: 0, Skipped: 0, Time elapsed: 0.251 s -- in de.pentagon.SaveTest
[INFO] Running de.pentagon.SettingsTest
[INFO] Tests run: 8, Failures: 0, Errors: 0, Skipped: 0, Time elapsed: 0.061 s -- in de.pentagon.SettingsTest
[INFO] 
[INFO] Results:
[INFO] 
[INFO] Tests run: 67, Failures: 0, Errors: 0, Skipped: 0
[INFO] 
[INFO] 
[INFO] --- jar:3.4.1:jar (default-jar) @ aschensiegel ---
[INFO] Building jar: C:\Users\kkfre\Daten\IdeaProjects\PentagonQuestRemastered\target\aschensiegel-1.0.0.jar
[INFO] 
[INFO] --- shade:3.6.0:shade (default) @ aschensiegel ---
[INFO] Including org.jmonkeyengine:jme3-core:jar:3.8.1-stable in the shaded jar.
[INFO] Including org.jmonkeyengine:jme3-desktop:jar:3.8.1-stable in the shaded jar.
[INFO] Including org.jmonkeyengine:jme3-lwjgl3:jar:3.8.1-stable in the shaded jar.
[INFO] Including org.lwjglx:lwjgl3-awt:jar:0.2.3 in the shaded jar.
[INFO] Including org.lwjgl:lwjgl:jar:3.3.6 in the shaded jar.
[INFO] Including org.lwjgl:lwjgl-glfw:jar:3.3.6 in the shaded jar.
[INFO] Including org.lwjgl:lwjgl-jawt:jar:3.3.6 in the shaded jar.
[INFO] Including org.lwjgl:lwjgl-jemalloc:jar:3.3.6 in the shaded jar.
[INFO] Including org.lwjgl:lwjgl-openal:jar:3.3.6 in the shaded jar.
[INFO] Including org.lwjgl:lwjgl-opencl:jar:3.3.6 in the shaded jar.
[INFO] Including org.lwjgl:lwjgl-opengl:jar:3.3.6 in the shaded jar.
[INFO] Including org.lwjgl:lwjgl:jar:natives-windows:3.3.6 in the shaded jar.
[INFO] Including org.lwjgl:lwjgl:jar:natives-windows-x86:3.3.6 in the shaded jar.
[INFO] Including org.lwjgl:lwjgl:jar:natives-linux:3.3.6 in the shaded jar.
[INFO] Including org.lwjgl:lwjgl:jar:natives-linux-arm32:3.3.6 in the shaded jar.
[INFO] Including org.lwjgl:lwjgl:jar:natives-linux-arm64:3.3.6 in the shaded jar.
[INFO] Including org.lwjgl:lwjgl:jar:natives-macos:3.3.6 in the shaded jar.
[INFO] Including org.lwjgl:lwjgl:jar:natives-macos-arm64:3.3.6 in the shaded jar.
[INFO] Including org.lwjgl:lwjgl-glfw:jar:natives-windows:3.3.6 in the shaded jar.
[INFO] Including org.lwjgl:lwjgl-glfw:jar:natives-windows-x86:3.3.6 in the shaded jar.
[INFO] Including org.lwjgl:lwjgl-glfw:jar:natives-linux:3.3.6 in the shaded jar.
[INFO] Including org.lwjgl:lwjgl-glfw:jar:natives-linux-arm32:3.3.6 in the shaded jar.
[INFO] Including org.lwjgl:lwjgl-glfw:jar:natives-linux-arm64:3.3.6 in the shaded jar.
[INFO] Including org.lwjgl:lwjgl-glfw:jar:natives-macos:3.3.6 in the shaded jar.
[INFO] Including org.lwjgl:lwjgl-glfw:jar:natives-macos-arm64:3.3.6 in the shaded jar.
[INFO] Including org.lwjgl:lwjgl-jemalloc:jar:natives-windows:3.3.6 in the shaded jar.
[INFO] Including org.lwjgl:lwjgl-jemalloc:jar:natives-windows-x86:3.3.6 in the shaded jar.
[INFO] Including org.lwjgl:lwjgl-jemalloc:jar:natives-linux:3.3.6 in the shaded jar.
[INFO] Including org.lwjgl:lwjgl-jemalloc:jar:natives-linux-arm32:3.3.6 in the shaded jar.
[INFO] Including org.lwjgl:lwjgl-jemalloc:jar:natives-linux-arm64:3.3.6 in the shaded jar.
[INFO] Including org.lwjgl:lwjgl-jemalloc:jar:natives-macos:3.3.6 in the shaded jar.
[INFO] Including org.lwjgl:lwjgl-jemalloc:jar:natives-macos-arm64:3.3.6 in the shaded jar.
[INFO] Including org.lwjgl:lwjgl-opengl:jar:natives-windows:3.3.6 in the shaded jar.
[INFO] Including org.lwjgl:lwjgl-opengl:jar:natives-windows-x86:3.3.6 in the shaded jar.
[INFO] Including org.lwjgl:lwjgl-opengl:jar:natives-linux:3.3.6 in the shaded jar.
[INFO] Including org.lwjgl:lwjgl-opengl:jar:natives-linux-arm32:3.3.6 in the shaded jar.
[INFO] Including org.lwjgl:lwjgl-opengl:jar:natives-linux-arm64:3.3.6 in the shaded jar.
[INFO] Including org.lwjgl:lwjgl-opengl:jar:natives-macos:3.3.6 in the shaded jar.
[INFO] Including org.lwjgl:lwjgl-opengl:jar:natives-macos-arm64:3.3.6 in the shaded jar.
[INFO] Including org.lwjgl:lwjgl-openal:jar:natives-windows:3.3.6 in the shaded jar.
[INFO] Including org.lwjgl:lwjgl-openal:jar:natives-windows-x86:3.3.6 in the shaded jar.
[INFO] Including org.lwjgl:lwjgl-openal:jar:natives-linux:3.3.6 in the shaded jar.
[INFO] Including org.lwjgl:lwjgl-openal:jar:natives-linux-arm32:3.3.6 in the shaded jar.
[INFO] Including org.lwjgl:lwjgl-openal:jar:natives-linux-arm64:3.3.6 in the shaded jar.
[INFO] Including org.lwjgl:lwjgl-openal:jar:natives-macos:3.3.6 in the shaded jar.
[INFO] Including org.lwjgl:lwjgl-openal:jar:natives-macos-arm64:3.3.6 in the shaded jar.
[INFO] Including org.jmonkeyengine:jme3-effects:jar:3.8.1-stable in the shaded jar.
[INFO] Including org.jmonkeyengine:jme3-plugins:jar:3.8.1-stable in the shaded jar.
[INFO] Including org.jmonkeyengine:jme3-plugins-json:jar:3.8.1-stable in the shaded jar.
[INFO] Including org.jmonkeyengine:jme3-plugins-json-gson:jar:3.8.1-stable in the shaded jar.
[INFO] Including org.jmonkeyengine:jme3-jogg:jar:3.8.1-stable in the shaded jar.
[INFO] Including com.github.stephengold:j-ogg-vorbis:jar:1.0.6 in the shaded jar.
[INFO] Including com.github.stephengold:Minie:jar:9.0.3 in the shaded jar.
[INFO] Including com.github.stephengold:Heart:jar:9.2.0 in the shaded jar.
[INFO] Including com.simsilica:sim-math:jar:1.6.0 in the shaded jar.
[INFO] Including org.slf4j:slf4j-api:jar:1.7.32 in the shaded jar.
[INFO] Including org.jmonkeyengine:jme3-terrain:jar:3.8.1-stable in the shaded jar.
[INFO] Including com.github.stephengold:Libbulletjme-Linux64:jar:SpRelease:22.0.3 in the shaded jar.
[INFO] Including com.github.stephengold:Libbulletjme-Linux_ARM32hf:jar:SpRelease:22.0.3 in the shaded jar.
[INFO] Including com.github.stephengold:Libbulletjme-Linux_ARM64:jar:SpRelease:22.0.3 in the shaded jar.
[INFO] Including com.github.stephengold:Libbulletjme-MacOSX64:jar:SpRelease:22.0.3 in the shaded jar.
[INFO] Including com.github.stephengold:Libbulletjme-MacOSX_ARM64:jar:SpRelease:22.0.3 in the shaded jar.
[INFO] Including com.github.stephengold:Libbulletjme-Windows64:jar:SpRelease:22.0.3 in the shaded jar.
[INFO] Including com.google.code.gson:gson:jar:2.13.1 in the shaded jar.
[INFO] Including com.google.errorprone:error_prone_annotations:jar:2.38.0 in the shaded jar.
[WARNING] lwjgl-openal-3.3.6-natives-macos.jar, lwjgl-openal-3.3.6.jar define 1 overlapping resource: 
[WARNING]   - META-INF/macos/x64/org/lwjgl/openal/libopenal.dylib.sha1
[WARNING] lwjgl-jemalloc-3.3.6-natives-linux.jar, lwjgl-jemalloc-3.3.6.jar define 1 overlapping resource: 
[WARNING]   - META-INF/linux/x64/org/lwjgl/jemalloc/libjemalloc.so.sha1
[WARNING] lwjgl-openal-3.3.6-natives-linux-arm64.jar, lwjgl-openal-3.3.6.jar define 1 overlapping resource: 
[WARNING]   - META-INF/linux/arm64/org/lwjgl/openal/libopenal.so.sha1
[WARNING] lwjgl-opengl-3.3.6-natives-linux-arm64.jar, lwjgl-opengl-3.3.6.jar define 1 overlapping resource: 
[WARNING]   - META-INF/linux/arm64/org/lwjgl/opengl/liblwjgl_opengl.so.sha1
[WARNING] lwjgl-3.3.6-natives-macos.jar, lwjgl-3.3.6.jar define 1 overlapping resource: 
[WARNING]   - META-INF/macos/x64/org/lwjgl/liblwjgl.dylib.sha1
[WARNING] lwjgl-opengl-3.3.6-natives-macos.jar, lwjgl-opengl-3.3.6.jar define 1 overlapping resource: 
[WARNING]   - META-INF/macos/x64/org/lwjgl/opengl/liblwjgl_opengl.dylib.sha1
[WARNING] lwjgl-3.3.6-natives-linux-arm64.jar, lwjgl-3.3.6.jar define 1 overlapping resource: 
[WARNING]   - META-INF/linux/arm64/org/lwjgl/liblwjgl.so.sha1
[WARNING] lwjgl-jemalloc-3.3.6-natives-macos-arm64.jar, lwjgl-jemalloc-3.3.6.jar define 1 overlapping resource: 
[WARNING]   - META-INF/macos/arm64/org/lwjgl/jemalloc/libjemalloc.dylib.sha1
[WARNING] lwjgl-glfw-3.3.6-natives-linux.jar, lwjgl-glfw-3.3.6.jar define 1 overlapping resource: 
[WARNING]   - META-INF/linux/x64/org/lwjgl/glfw/libglfw.so.sha1
[WARNING] lwjgl-jemalloc-3.3.6-natives-windows-x86.jar, lwjgl-jemalloc-3.3.6.jar define 1 overlapping resource: 
[WARNING]   - META-INF/windows/x86/org/lwjgl/jemalloc/jemalloc.dll.sha1
[WARNING] lwjgl-opengl-3.3.6-natives-linux-arm32.jar, lwjgl-opengl-3.3.6.jar define 1 overlapping resource: 
[WARNING]   - META-INF/linux/arm32/org/lwjgl/opengl/liblwjgl_opengl.so.sha1
[WARNING] lwjgl-glfw-3.3.6-natives-windows.jar, lwjgl-glfw-3.3.6.jar define 1 overlapping resource: 
[WARNING]   - META-INF/windows/x64/org/lwjgl/glfw/glfw.dll.sha1
[WARNING] lwjgl-openal-3.3.6-natives-windows.jar, lwjgl-openal-3.3.6.jar define 1 overlapping resource: 
[WARNING]   - META-INF/windows/x64/org/lwjgl/openal/OpenAL.dll.sha1
[WARNING] lwjgl-openal-3.3.6-natives-windows-x86.jar, lwjgl-openal-3.3.6.jar define 1 overlapping resource: 
[WARNING]   - META-INF/windows/x86/org/lwjgl/openal/OpenAL.dll.sha1
[WARNING] lwjgl-openal-3.3.6-natives-linux.jar, lwjgl-openal-3.3.6.jar define 1 overlapping resource: 
[WARNING]   - META-INF/linux/x64/org/lwjgl/openal/libopenal.so.sha1
[WARNING] lwjgl-opengl-3.3.6-natives-windows-x86.jar, lwjgl-opengl-3.3.6.jar define 1 overlapping resource: 
[WARNING]   - META-INF/windows/x86/org/lwjgl/opengl/lwjgl_opengl.dll.sha1
[WARNING] lwjgl-3.3.6-natives-windows.jar, lwjgl-3.3.6.jar define 1 overlapping resource: 
[WARNING]   - META-INF/windows/x64/org/lwjgl/lwjgl.dll.sha1
[WARNING] lwjgl-jemalloc-3.3.6-natives-linux-arm64.jar, lwjgl-jemalloc-3.3.6.jar define 1 overlapping resource: 
[WARNING]   - META-INF/linux/arm64/org/lwjgl/jemalloc/libjemalloc.so.sha1
[WARNING] lwjgl-jemalloc-3.3.6-natives-windows.jar, lwjgl-jemalloc-3.3.6.jar define 1 overlapping resource: 
[WARNING]   - META-INF/windows/x64/org/lwjgl/jemalloc/jemalloc.dll.sha1
[WARNING] lwjgl-glfw-3.3.6-natives-linux-arm32.jar, lwjgl-glfw-3.3.6.jar define 1 overlapping resource: 
[WARNING]   - META-INF/linux/arm32/org/lwjgl/glfw/libglfw.so.sha1
[WARNING] lwjgl-3.3.6-natives-linux-arm32.jar, lwjgl-3.3.6-natives-linux-arm64.jar, lwjgl-3.3.6-natives-linux.jar, lwjgl-3.3.6-natives-macos-arm64.jar, lwjgl-3.3.6-natives-macos.jar, lwjgl-3.3.6-natives-windows-x86.jar, lwjgl-3.3.6-natives-windows.jar, lwjgl-3.3.6.jar, lwjgl-glfw-3.3.6-natives-linux-arm32.jar, lwjgl-glfw-3.3.6-natives-linux-arm64.jar, lwjgl-glfw-3.3.6-natives-linux.jar, lwjgl-glfw-3.3.6-natives-macos-arm64.jar, lwjgl-glfw-3.3.6-natives-macos.jar, lwjgl-glfw-3.3.6-natives-windows-x86.jar, lwjgl-glfw-3.3.6-natives-windows.jar, lwjgl-glfw-3.3.6.jar, lwjgl-jawt-3.3.6.jar, lwjgl-jemalloc-3.3.6-natives-linux-arm32.jar, lwjgl-jemalloc-3.3.6-natives-linux-arm64.jar, lwjgl-jemalloc-3.3.6-natives-linux.jar, lwjgl-jemalloc-3.3.6-natives-macos-arm64.jar, lwjgl-jemalloc-3.3.6-natives-macos.jar, lwjgl-jemalloc-3.3.6-natives-windows-x86.jar, lwjgl-jemalloc-3.3.6-natives-windows.jar, lwjgl-jemalloc-3.3.6.jar, lwjgl-openal-3.3.6-natives-linux-arm32.jar, lwjgl-openal-3.3.6-natives-linux-arm64.jar, lwjgl-openal-3.3.6-natives-linux.jar, lwjgl-openal-3.3.6-natives-macos-arm64.jar, lwjgl-openal-3.3.6-natives-macos.jar, lwjgl-openal-3.3.6-natives-windows-x86.jar, lwjgl-openal-3.3.6-natives-windows.jar, lwjgl-openal-3.3.6.jar, lwjgl-opencl-3.3.6.jar, lwjgl-opengl-3.3.6-natives-linux-arm32.jar, lwjgl-opengl-3.3.6-natives-linux-arm64.jar, lwjgl-opengl-3.3.6-natives-linux.jar, lwjgl-opengl-3.3.6-natives-macos-arm64.jar, lwjgl-opengl-3.3.6-natives-macos.jar, lwjgl-opengl-3.3.6-natives-windows-x86.jar, lwjgl-opengl-3.3.6-natives-windows.jar, lwjgl-opengl-3.3.6.jar define 1 overlapping classes: 
[WARNING]   - META-INF.versions.11.module-info
[WARNING] lwjgl-opengl-3.3.6-natives-linux.jar, lwjgl-opengl-3.3.6.jar define 1 overlapping resource: 
[WARNING]   - META-INF/linux/x64/org/lwjgl/opengl/liblwjgl_opengl.so.sha1
[WARNING] lwjgl-openal-3.3.6-natives-linux-arm32.jar, lwjgl-openal-3.3.6.jar define 1 overlapping resource: 
[WARNING]   - META-INF/linux/arm32/org/lwjgl/openal/libopenal.so.sha1
[WARNING] lwjgl-glfw-3.3.6-natives-windows-x86.jar, lwjgl-glfw-3.3.6.jar define 1 overlapping resource: 
[WARNING]   - META-INF/windows/x86/org/lwjgl/glfw/glfw.dll.sha1
[WARNING] lwjgl-3.3.6-natives-linux-arm32.jar, lwjgl-3.3.6.jar define 1 overlapping resource: 
[WARNING]   - META-INF/linux/arm32/org/lwjgl/liblwjgl.so.sha1
[WARNING] lwjgl-glfw-3.3.6-natives-macos-arm64.jar, lwjgl-glfw-3.3.6.jar define 2 overlapping resources: 
[WARNING]   - META-INF/macos/arm64/org/lwjgl/glfw/libglfw.dylib.sha1
[WARNING]   - META-INF/macos/arm64/org/lwjgl/glfw/libglfw_async.dylib.sha1
[WARNING] Heart-9.2.0.jar, Libbulletjme-Linux64-22.0.3-SpRelease.jar, Libbulletjme-Linux_ARM32hf-22.0.3-SpRelease.jar, Libbulletjme-Linux_ARM64-22.0.3-SpRelease.jar, Libbulletjme-MacOSX64-22.0.3-SpRelease.jar, Libbulletjme-MacOSX_ARM64-22.0.3-SpRelease.jar, Libbulletjme-Windows64-22.0.3-SpRelease.jar, Minie-9.0.3.jar, aschensiegel-1.0.0.jar, error_prone_annotations-2.38.0.jar, gson-2.13.1.jar, j-ogg-vorbis-1.0.6.jar, jme3-core-3.8.1-stable.jar, jme3-desktop-3.8.1-stable.jar, jme3-effects-3.8.1-stable.jar, jme3-jogg-3.8.1-stable.jar, jme3-lwjgl3-3.8.1-stable.jar, jme3-plugins-3.8.1-stable.jar, jme3-plugins-json-3.8.1-stable.jar, jme3-plugins-json-gson-3.8.1-stable.jar, jme3-terrain-3.8.1-stable.jar, lwjgl-3.3.6-natives-linux-arm32.jar, lwjgl-3.3.6-natives-linux-arm64.jar, lwjgl-3.3.6-natives-linux.jar, lwjgl-3.3.6-natives-macos-arm64.jar, lwjgl-3.3.6-natives-macos.jar, lwjgl-3.3.6-natives-windows-x86.jar, lwjgl-3.3.6-natives-windows.jar, lwjgl-3.3.6.jar, lwjgl-glfw-3.3.6-natives-linux-arm32.jar, lwjgl-glfw-3.3.6-natives-linux-arm64.jar, lwjgl-glfw-3.3.6-natives-linux.jar, lwjgl-glfw-3.3.6-natives-macos-arm64.jar, lwjgl-glfw-3.3.6-natives-macos.jar, lwjgl-glfw-3.3.6-natives-windows-x86.jar, lwjgl-glfw-3.3.6-natives-windows.jar, lwjgl-glfw-3.3.6.jar, lwjgl-jawt-3.3.6.jar, lwjgl-jemalloc-3.3.6-natives-linux-arm32.jar, lwjgl-jemalloc-3.3.6-natives-linux-arm64.jar, lwjgl-jemalloc-3.3.6-natives-linux.jar, lwjgl-jemalloc-3.3.6-natives-macos-arm64.jar, lwjgl-jemalloc-3.3.6-natives-macos.jar, lwjgl-jemalloc-3.3.6-natives-windows-x86.jar, lwjgl-jemalloc-3.3.6-natives-windows.jar, lwjgl-jemalloc-3.3.6.jar, lwjgl-openal-3.3.6-natives-linux-arm32.jar, lwjgl-openal-3.3.6-natives-linux-arm64.jar, lwjgl-openal-3.3.6-natives-linux.jar, lwjgl-openal-3.3.6-natives-macos-arm64.jar, lwjgl-openal-3.3.6-natives-macos.jar, lwjgl-openal-3.3.6-natives-windows-x86.jar, lwjgl-openal-3.3.6-natives-windows.jar, lwjgl-openal-3.3.6.jar, lwjgl-opencl-3.3.6.jar, lwjgl-opengl-3.3.6-natives-linux-arm32.jar, lwjgl-opengl-3.3.6-natives-linux-arm64.jar, lwjgl-opengl-3.3.6-natives-linux.jar, lwjgl-opengl-3.3.6-natives-macos-arm64.jar, lwjgl-opengl-3.3.6-natives-macos.jar, lwjgl-opengl-3.3.6-natives-windows-x86.jar, lwjgl-opengl-3.3.6-natives-windows.jar, lwjgl-opengl-3.3.6.jar, lwjgl3-awt-0.2.3.jar, sim-math-1.6.0.jar, slf4j-api-1.7.32.jar define 1 overlapping resource: 
[WARNING]   - META-INF/MANIFEST.MF
[WARNING] error_prone_annotations-2.38.0.jar, gson-2.13.1.jar define 1 overlapping classes: 
[WARNING]   - META-INF.versions.9.module-info
[WARNING] lwjgl-opengl-3.3.6-natives-windows.jar, lwjgl-opengl-3.3.6.jar define 1 overlapping resource: 
[WARNING]   - META-INF/windows/x64/org/lwjgl/opengl/lwjgl_opengl.dll.sha1
[WARNING] lwjgl-glfw-3.3.6-natives-macos.jar, lwjgl-glfw-3.3.6.jar define 2 overlapping resources: 
[WARNING]   - META-INF/macos/x64/org/lwjgl/glfw/libglfw.dylib.sha1
[WARNING]   - META-INF/macos/x64/org/lwjgl/glfw/libglfw_async.dylib.sha1
[WARNING] lwjgl-3.3.6-natives-linux.jar, lwjgl-3.3.6.jar define 1 overlapping resource: 
[WARNING]   - META-INF/linux/x64/org/lwjgl/liblwjgl.so.sha1
[WARNING] lwjgl-opengl-3.3.6-natives-macos-arm64.jar, lwjgl-opengl-3.3.6.jar define 1 overlapping resource: 
[WARNING]   - META-INF/macos/arm64/org/lwjgl/opengl/liblwjgl_opengl.dylib.sha1
[WARNING] lwjgl-openal-3.3.6-natives-macos-arm64.jar, lwjgl-openal-3.3.6.jar define 1 overlapping resource: 
[WARNING]   - META-INF/macos/arm64/org/lwjgl/openal/libopenal.dylib.sha1
[WARNING] lwjgl-jemalloc-3.3.6-natives-macos.jar, lwjgl-jemalloc-3.3.6.jar define 1 overlapping resource: 
[WARNING]   - META-INF/macos/x64/org/lwjgl/jemalloc/libjemalloc.dylib.sha1
[WARNING] lwjgl-jemalloc-3.3.6-natives-linux-arm32.jar, lwjgl-jemalloc-3.3.6.jar define 1 overlapping resource: 
[WARNING]   - META-INF/linux/arm32/org/lwjgl/jemalloc/libjemalloc.so.sha1
[WARNING] lwjgl-3.3.6-natives-macos-arm64.jar, lwjgl-3.3.6.jar define 1 overlapping resource: 
[WARNING]   - META-INF/macos/arm64/org/lwjgl/liblwjgl.dylib.sha1
[WARNING] lwjgl-3.3.6-natives-windows-x86.jar, lwjgl-3.3.6.jar define 1 overlapping resource: 
[WARNING]   - META-INF/windows/x86/org/lwjgl/lwjgl.dll.sha1
[WARNING] lwjgl-glfw-3.3.6-natives-linux-arm64.jar, lwjgl-glfw-3.3.6.jar define 1 overlapping resource: 
[WARNING]   - META-INF/linux/arm64/org/lwjgl/glfw/libglfw.so.sha1
[WARNING] maven-shade-plugin has detected that some files are
[WARNING] present in two or more JARs. When this happens, only one
[WARNING] single version of the file is copied to the uber jar.
[WARNING] Usually this is not harmful and you can skip these warnings,
[WARNING] otherwise try to manually exclude artifacts based on
[WARNING] mvn dependency:tree -Ddetail=true and the above output.
[WARNING] See https://maven.apache.org/plugins/maven-shade-plugin/
[INFO] Replacing original artifact with shaded artifact.
[INFO] Replacing C:\Users\kkfre\Daten\IdeaProjects\PentagonQuestRemastered\target\aschensiegel-1.0.0.jar with C:\Users\kkfre\Daten\IdeaProjects\PentagonQuestRemastered\target\aschensiegel-1.0.0-shaded.jar
[INFO] ------------------------------------------------------------------------
[INFO] BUILD SUCCESS
[INFO] ------------------------------------------------------------------------
[INFO] Total time:  19.966 s
[INFO] Finished at: 2026-09-13T04:24:33+02:00
[INFO] ------------------------------------------------------------------------
Sept. 13, 2026 4:24:33 AM com.jme3.system.JmeDesktopSystem initialize
INFORMATION: Running on jMonkeyEngine 3.8.1-stable
 * Branch: HEAD
 * Git Hash: eca8165
 * Build Date: 2025-05-15
Sept. 13, 2026 4:24:34 AM com.jme3.system.lwjgl.LwjglContext printContextInitInfo
INFORMATION: LWJGL 3.3.6-snapshot context running on thread jME3 Main
 * Graphics Adapter: GLFW 3.5.0 Win32 WGL Null EGL OSMesa VisualC DLL
Sept. 13, 2026 4:24:34 AM com.jme3.renderer.opengl.GLRenderer loadCapabilitiesCommon
INFORMATION: OpenGL Renderer Information
 * Vendor: Intel
 * Renderer: Intel(R) Iris(R) Xe Graphics
 * OpenGL Version: 3.3.0 - Build 31.0.101.4314
 * GLSL Version: 3.30 - Build 31.0.101.4314
 * Profile: Core
Sept. 13, 2026 4:24:34 AM com.jme3.renderer.opengl.GLRenderer setMainFrameBufferSrgb
WARNUNG: Driver claims that default framebuffer is not sRGB capable. Enabling anyway.
Libbulletjme version 22.0.3 initializing
Sept. 13, 2026 4:24:34 AM com.jme3.bullet.objects.PhysicsRigidBody rebuildRigidBody
INFORMATION: Created 134c9729f50.
Sept. 13, 2026 4:24:34 AM com.jme3.bullet.objects.PhysicsRigidBody rebuildRigidBody
INFORMATION: Created 134c972a5b0.
Sept. 13, 2026 4:24:34 AM com.jme3.bullet.objects.PhysicsRigidBody rebuildRigidBody
INFORMATION: Created 134c97295c0.
Sept. 13, 2026 4:24:34 AM com.jme3.bullet.objects.PhysicsRigidBody rebuildRigidBody
INFORMATION: Created 134c9727f70.
Sept. 13, 2026 4:24:34 AM com.jme3.bullet.objects.PhysicsRigidBody rebuildRigidBody
INFORMATION: Created 134c97282a0.
Sept. 13, 2026 4:24:34 AM com.jme3.bullet.objects.PhysicsRigidBody rebuildRigidBody
INFORMATION: Created 134c972a8e0.
Sept. 13, 2026 4:24:34 AM com.jme3.bullet.objects.PhysicsRigidBody rebuildRigidBody
INFORMATION: Created 134c9728900.
Sept. 13, 2026 4:24:34 AM com.jme3.bullet.objects.PhysicsRigidBody rebuildRigidBody
INFORMATION: Created 134c9729c20.
Sept. 13, 2026 4:24:34 AM com.jme3.bullet.objects.PhysicsRigidBody rebuildRigidBody
INFORMATION: Created 134c9728f60.
Sept. 13, 2026 4:24:34 AM com.jme3.bullet.objects.PhysicsRigidBody rebuildRigidBody
INFORMATION: Created 134c97298f0.
Sept. 13, 2026 4:24:34 AM com.jme3.bullet.objects.PhysicsRigidBody rebuildRigidBody
INFORMATION: Created 1351ad41a90.
Sept. 13, 2026 4:24:34 AM com.jme3.bullet.objects.PhysicsRigidBody rebuildRigidBody
INFORMATION: Created 1351ad43a70.
Sept. 13, 2026 4:24:34 AM com.jme3.bullet.objects.PhysicsRigidBody rebuildRigidBody
INFORMATION: Created 1351ad43da0.
Sept. 13, 2026 4:24:34 AM com.jme3.bullet.objects.PhysicsRigidBody rebuildRigidBody
INFORMATION: Created 1351ad42750.
Sept. 13, 2026 4:24:34 AM com.jme3.bullet.objects.PhysicsRigidBody rebuildRigidBody
INFORMATION: Created 1351ad440d0.
Sept. 13, 2026 4:24:34 AM com.jme3.bullet.objects.PhysicsRigidBody rebuildRigidBody
INFORMATION: Created 1351ad42a80.
Sept. 13, 2026 4:24:34 AM com.jme3.bullet.objects.PhysicsRigidBody rebuildRigidBody
INFORMATION: Created 1351ad44400.
Sept. 13, 2026 4:24:34 AM com.jme3.bullet.objects.PhysicsRigidBody rebuildRigidBody
INFORMATION: Created 1351ad42db0.
Sept. 13, 2026 4:24:34 AM com.jme3.bullet.objects.PhysicsRigidBody rebuildRigidBody
INFORMATION: Created 1351ad40aa0.
Sept. 13, 2026 4:24:34 AM com.jme3.bullet.objects.PhysicsRigidBody rebuildRigidBody
INFORMATION: Created 1351ad420f0.
Sept. 13, 2026 4:24:34 AM com.jme3.bullet.objects.PhysicsRigidBody rebuildRigidBody
INFORMATION: Created 1351ad41430.
Sept. 13, 2026 4:24:34 AM com.jme3.bullet.objects.PhysicsRigidBody rebuildRigidBody
INFORMATION: Created 1351ad41dc0.
Sept. 13, 2026 4:24:34 AM com.jme3.bullet.objects.PhysicsRigidBody rebuildRigidBody
INFORMATION: Created 1351ad430e0.
Sept. 13, 2026 4:24:34 AM com.jme3.bullet.objects.PhysicsRigidBody rebuildRigidBody
INFORMATION: Created 1351ad43740.
Sept. 13, 2026 4:24:34 AM com.jme3.bullet.objects.PhysicsRigidBody rebuildRigidBody
INFORMATION: Created 1351ad40dd0.
Sept. 13, 2026 4:24:34 AM com.jme3.bullet.objects.PhysicsRigidBody rebuildRigidBody
INFORMATION: Created 1351ad41100.
Sept. 13, 2026 4:24:34 AM com.jme3.bullet.objects.PhysicsRigidBody rebuildRigidBody
INFORMATION: Created 1351ad41760.
Sept. 13, 2026 4:24:34 AM com.jme3.bullet.objects.PhysicsRigidBody rebuildRigidBody
INFORMATION: Created 1351ad43410.
Sept. 13, 2026 4:24:34 AM com.jme3.bullet.objects.PhysicsRigidBody rebuildRigidBody
INFORMATION: Created 1351ad42420.
Sept. 13, 2026 4:24:34 AM com.jme3.bullet.objects.PhysicsRigidBody rebuildRigidBody
INFORMATION: Created 1351ac77710.
Sept. 13, 2026 4:24:34 AM com.jme3.bullet.objects.PhysicsRigidBody rebuildRigidBody
INFORMATION: Created 1351ac77d70.
Sept. 13, 2026 4:24:34 AM com.jme3.bullet.objects.PhysicsRigidBody rebuildRigidBody
INFORMATION: Created 1351ac77a40.
Sept. 13, 2026 4:24:34 AM com.jme3.bullet.objects.PhysicsRigidBody rebuildRigidBody
INFORMATION: Created 1351ac76d80.
Sept. 13, 2026 4:24:35 AM com.jme3.bullet.objects.PhysicsRigidBody rebuildRigidBody
INFORMATION: Created 1351ac74a70.
Sept. 13, 2026 4:24:35 AM com.jme3.bullet.objects.PhysicsRigidBody rebuildRigidBody
INFORMATION: Created 1351ac763f0.
Sept. 13, 2026 4:24:35 AM com.jme3.bullet.objects.PhysicsRigidBody rebuildRigidBody
INFORMATION: Created 1351ac74740.
Sept. 13, 2026 4:24:35 AM com.jme3.bullet.objects.PhysicsRigidBody rebuildRigidBody
INFORMATION: Created 1351ac76a50.
Sept. 13, 2026 4:24:35 AM com.jme3.bullet.objects.PhysicsRigidBody rebuildRigidBody
INFORMATION: Created 1351ac773e0.
Sept. 13, 2026 4:24:35 AM com.jme3.bullet.objects.PhysicsRigidBody rebuildRigidBody
INFORMATION: Created 1351ac770b0.
Sept. 13, 2026 4:24:35 AM com.jme3.bullet.objects.PhysicsRigidBody rebuildRigidBody
INFORMATION: Created 1351ac74da0.
Sept. 13, 2026 4:24:35 AM com.jme3.bullet.objects.PhysicsRigidBody rebuildRigidBody
INFORMATION: Created 1351ac750d0.
Sept. 13, 2026 4:24:35 AM com.jme3.bullet.objects.PhysicsRigidBody rebuildRigidBody
INFORMATION: Created 1351ac75400.
Sept. 13, 2026 4:24:35 AM com.jme3.bullet.objects.PhysicsRigidBody rebuildRigidBody
INFORMATION: Created 1351ac75a60.
Sept. 13, 2026 4:24:35 AM com.jme3.bullet.objects.PhysicsRigidBody rebuildRigidBody
INFORMATION: Created 1351ac76720.
Sept. 13, 2026 4:24:35 AM com.jme3.bullet.objects.PhysicsRigidBody rebuildRigidBody
INFORMATION: Created 1351b2fa810.
Sept. 13, 2026 4:24:35 AM com.jme3.bullet.objects.PhysicsRigidBody rebuildRigidBody
INFORMATION: Created 1351b2fb800.
Sept. 13, 2026 4:24:35 AM com.jme3.bullet.objects.PhysicsRigidBody rebuildRigidBody
INFORMATION: Created 1351b2fa4e0.
Sept. 13, 2026 4:24:35 AM com.jme3.bullet.objects.PhysicsRigidBody rebuildRigidBody
INFORMATION: Created 1351b2f81d0.
Sept. 13, 2026 4:24:35 AM com.jme3.bullet.objects.PhysicsRigidBody rebuildRigidBody
INFORMATION: Created 1351b2fb1a0.
Sept. 13, 2026 4:24:35 AM com.jme3.bullet.objects.PhysicsRigidBody rebuildRigidBody
INFORMATION: Created 1351b2fab40.
Sept. 13, 2026 4:24:35 AM com.jme3.bullet.objects.PhysicsRigidBody rebuildRigidBody
INFORMATION: Created 1351b2f8500.
Sept. 13, 2026 4:24:35 AM com.jme3.bullet.objects.PhysicsRigidBody rebuildRigidBody
INFORMATION: Created 1351b2f8e90.
Sept. 13, 2026 4:24:35 AM com.jme3.bullet.objects.PhysicsRigidBody rebuildRigidBody
INFORMATION: Created 1351b2fb4d0.
Sept. 13, 2026 4:24:35 AM com.jme3.bullet.objects.PhysicsRigidBody rebuildRigidBody
INFORMATION: Created 1351b2f91c0.
Sept. 13, 2026 4:24:35 AM com.jme3.bullet.objects.PhysicsRigidBody rebuildRigidBody
INFORMATION: Created 1351b2f8b60.
Sept. 13, 2026 4:24:35 AM com.jme3.bullet.objects.PhysicsRigidBody rebuildRigidBody
INFORMATION: Created 1351b2f9e80.
Sept. 13, 2026 4:24:35 AM com.jme3.bullet.objects.PhysicsRigidBody rebuildRigidBody
INFORMATION: Created 1351b2f94f0.
Sept. 13, 2026 4:24:35 AM com.jme3.bullet.objects.PhysicsRigidBody rebuildRigidBody
INFORMATION: Created 1351b2f9820.
Sept. 13, 2026 4:24:35 AM com.jme3.bullet.objects.PhysicsRigidBody rebuildRigidBody
INFORMATION: Created 1351b2f9b50.
Sept. 13, 2026 4:24:35 AM com.jme3.bullet.objects.PhysicsRigidBody rebuildRigidBody
INFORMATION: Created 1351b2f7ea0.
Sept. 13, 2026 4:24:35 AM com.jme3.bullet.objects.PhysicsRigidBody rebuildRigidBody
INFORMATION: Created 1351b2f8830.
Sept. 13, 2026 4:24:35 AM com.jme3.bullet.objects.PhysicsRigidBody rebuildRigidBody
INFORMATION: Created 1351b2fa1b0.
Sept. 13, 2026 4:24:35 AM com.jme3.bullet.objects.PhysicsRigidBody rebuildRigidBody
INFORMATION: Created 1351b2fae70.
Sept. 13, 2026 4:24:35 AM com.jme3.bullet.objects.PhysicsRigidBody rebuildRigidBody
INFORMATION: Created 1351b2fee80.
Sept. 13, 2026 4:24:35 AM com.jme3.bullet.objects.PhysicsRigidBody rebuildRigidBody
INFORMATION: Created 1351b2fde90.
Sept. 13, 2026 4:24:35 AM com.jme3.bullet.objects.PhysicsRigidBody rebuildRigidBody
INFORMATION: Created 1351b2fdb60.
Sept. 13, 2026 4:24:35 AM com.jme3.bullet.objects.PhysicsRigidBody rebuildRigidBody
INFORMATION: Created 1351b2fc840.
Sept. 13, 2026 4:24:35 AM com.jme3.bullet.objects.PhysicsRigidBody rebuildRigidBody
INFORMATION: Created 1351b2fd830.
Sept. 13, 2026 4:24:35 AM com.jme3.bullet.objects.PhysicsRigidBody rebuildRigidBody
INFORMATION: Created 1351b2fc1e0.
Sept. 13, 2026 4:24:35 AM com.jme3.bullet.objects.PhysicsRigidBody rebuildRigidBody
INFORMATION: Created 1351b2fc510.
Sept. 13, 2026 4:24:35 AM com.jme3.bullet.objects.PhysicsRigidBody rebuildRigidBody
INFORMATION: Created 1351b2fe1c0.
Sept. 13, 2026 4:24:35 AM com.jme3.bullet.objects.PhysicsRigidBody rebuildRigidBody
INFORMATION: Created 1351b2fcb70.
Sept. 13, 2026 4:24:35 AM com.jme3.bullet.objects.PhysicsRigidBody rebuildRigidBody
INFORMATION: Created 1351b2ff1b0.
Sept. 13, 2026 4:24:35 AM com.jme3.bullet.objects.PhysicsRigidBody rebuildRigidBody
INFORMATION: Created 1351b2fd1d0.
Sept. 13, 2026 4:24:35 AM com.jme3.bullet.objects.PhysicsRigidBody rebuildRigidBody
INFORMATION: Created 1351b2ff810.
Sept. 13, 2026 4:24:35 AM com.jme3.bullet.objects.PhysicsRigidBody rebuildRigidBody
INFORMATION: Created 1351b2fcea0.
Sept. 13, 2026 4:24:35 AM com.jme3.bullet.objects.PhysicsRigidBody rebuildRigidBody
INFORMATION: Created 1351b2ff4e0.
Sept. 13, 2026 4:24:35 AM com.jme3.bullet.objects.PhysicsRigidBody rebuildRigidBody
INFORMATION: Created 1351b2fd500.
Sept. 13, 2026 4:24:35 AM com.jme3.bullet.objects.PhysicsRigidBody rebuildRigidBody
INFORMATION: Created 1351b2fe4f0.
Sept. 13, 2026 4:24:35 AM com.jme3.bullet.objects.PhysicsRigidBody rebuildRigidBody
INFORMATION: Created 1351b2fbeb0.
Sept. 13, 2026 4:24:35 AM com.jme3.bullet.objects.PhysicsRigidBody rebuildRigidBody
INFORMATION: Created 1351b2fe820.
Sept. 13, 2026 4:24:35 AM com.jme3.bullet.objects.PhysicsRigidBody rebuildRigidBody
INFORMATION: Created 1351b2feb50.
Sept. 13, 2026 4:24:35 AM com.jme3.bullet.objects.PhysicsRigidBody rebuildRigidBody
INFORMATION: Created 1351ae422e0.
Sept. 13, 2026 4:24:35 AM com.jme3.bullet.objects.PhysicsRigidBody rebuildRigidBody
INFORMATION: Created 1351ae3f640.
Sept. 13, 2026 4:24:35 AM com.jme3.bullet.objects.PhysicsRigidBody rebuildRigidBody
INFORMATION: Created 1351ae42940.
Sept. 13, 2026 4:24:35 AM com.jme3.bullet.objects.PhysicsRigidBody rebuildRigidBody
INFORMATION: Created 1351ae3fca0.
Sept. 13, 2026 4:24:35 AM com.jme3.bullet.objects.PhysicsRigidBody rebuildRigidBody
INFORMATION: Created 1351ae412f0.
Sept. 13, 2026 4:24:35 AM com.jme3.bullet.objects.PhysicsRigidBody rebuildRigidBody
INFORMATION: Created 1351ae41950.
Sept. 13, 2026 4:24:35 AM com.jme3.bullet.objects.PhysicsRigidBody rebuildRigidBody
INFORMATION: Created 1351ae40960.
Sept. 13, 2026 4:24:35 AM com.jme3.bullet.objects.PhysicsRigidBody rebuildRigidBody
INFORMATION: Created 1351ae3ffd0.
Sept. 13, 2026 4:24:35 AM com.jme3.bullet.objects.PhysicsRigidBody rebuildRigidBody
INFORMATION: Created 1351ae42fa0.
Sept. 13, 2026 4:24:35 AM com.jme3.bullet.objects.PhysicsRigidBody rebuildRigidBody
INFORMATION: Created 1351ae42c70.
Sept. 13, 2026 4:24:35 AM com.jme3.bullet.objects.PhysicsRigidBody rebuildRigidBody
INFORMATION: Created 1351ae3f970.
Sept. 13, 2026 4:24:35 AM com.jme3.bullet.objects.PhysicsRigidBody rebuildRigidBody
INFORMATION: Created 1351ae40300.
Sept. 13, 2026 4:24:35 AM com.jme3.bullet.objects.PhysicsRigidBody rebuildRigidBody
INFORMATION: Created 1351ae40630.
Sept. 13, 2026 4:24:35 AM com.jme3.bullet.objects.PhysicsRigidBody rebuildRigidBody
INFORMATION: Created 1351ae42610.
Sept. 13, 2026 4:24:35 AM com.jme3.bullet.objects.PhysicsRigidBody rebuildRigidBody
INFORMATION: Created 1351ae40c90.
Sept. 13, 2026 4:24:35 AM com.jme3.bullet.objects.PhysicsRigidBody rebuildRigidBody
INFORMATION: Created 1351ae40fc0.
Sept. 13, 2026 4:24:35 AM com.jme3.bullet.objects.PhysicsRigidBody rebuildRigidBody
INFORMATION: Created 1351ae41620.
Sept. 13, 2026 4:24:35 AM com.jme3.bullet.objects.PhysicsRigidBody rebuildRigidBody
INFORMATION: Created 1351ae41c80.
Sept. 13, 2026 4:24:35 AM com.jme3.bullet.objects.PhysicsRigidBody rebuildRigidBody
INFORMATION: Created 1351ae41fb0.
Sept. 13, 2026 4:24:35 AM com.jme3.bullet.objects.PhysicsRigidBody rebuildRigidBody
INFORMATION: Created 1351b1a3130.
Sept. 13, 2026 4:24:35 AM com.jme3.bullet.objects.PhysicsRigidBody rebuildRigidBody
INFORMATION: Created 1351b1a27a0.
Sept. 13, 2026 4:24:35 AM com.jme3.bullet.objects.PhysicsRigidBody rebuildRigidBody
INFORMATION: Created 1351b1a5aa0.
Sept. 13, 2026 4:24:35 AM com.jme3.bullet.objects.PhysicsRigidBody rebuildRigidBody
INFORMATION: Created 1351b1a5110.
Sept. 13, 2026 4:24:35 AM com.jme3.bullet.objects.PhysicsRigidBody rebuildRigidBody
INFORMATION: Created 1351b1a2ad0.
Sept. 13, 2026 4:24:35 AM com.jme3.bullet.objects.PhysicsRigidBody rebuildRigidBody
INFORMATION: Created 1351b1a4450.
Sept. 13, 2026 4:24:35 AM com.jme3.bullet.objects.PhysicsRigidBody rebuildRigidBody
INFORMATION: Created 1351b1a3df0.
Sept. 13, 2026 4:24:35 AM com.jme3.bullet.objects.PhysicsRigidBody rebuildRigidBody
INFORMATION: Created 1351b1a4120.
Sept. 13, 2026 4:24:35 AM com.jme3.bullet.objects.PhysicsRigidBody rebuildRigidBody
INFORMATION: Created 1351b1a4780.
Sept. 13, 2026 4:24:35 AM com.jme3.bullet.objects.PhysicsRigidBody rebuildRigidBody
INFORMATION: Created 1351b1a3460.
Sept. 13, 2026 4:24:35 AM com.jme3.bullet.objects.PhysicsRigidBody rebuildRigidBody
INFORMATION: Created 1351b1a5dd0.
Sept. 13, 2026 4:24:35 AM com.jme3.bullet.objects.PhysicsRigidBody rebuildRigidBody
INFORMATION: Created 1351b1a6100.
Sept. 13, 2026 4:24:35 AM com.jme3.bullet.objects.PhysicsRigidBody rebuildRigidBody
INFORMATION: Created 1351b1a4ab0.
Sept. 13, 2026 4:24:35 AM com.jme3.bullet.objects.PhysicsRigidBody rebuildRigidBody
INFORMATION: Created 1351b1a4de0.
Sept. 13, 2026 4:24:35 AM com.jme3.bullet.objects.PhysicsRigidBody rebuildRigidBody
INFORMATION: Created 1351b1a5440.
Sept. 13, 2026 4:24:35 AM com.jme3.bullet.objects.PhysicsRigidBody rebuildRigidBody
INFORMATION: Created 1351b1a5770.
Sept. 13, 2026 4:24:35 AM com.jme3.bullet.objects.PhysicsRigidBody rebuildRigidBody
INFORMATION: Created 1351b1a2470.
Sept. 13, 2026 4:24:35 AM com.jme3.bullet.objects.PhysicsRigidBody rebuildRigidBody
INFORMATION: Created 1351b1a6a90.
Sept. 13, 2026 4:24:35 AM com.jme3.bullet.objects.PhysicsRigidBody rebuildRigidBody
INFORMATION: Created 1351b1a6430.
Sept. 13, 2026 4:24:35 AM com.jme3.bullet.objects.PhysicsRigidBody rebuildRigidBody
INFORMATION: Created 1351b1a6760.
Sept. 13, 2026 4:24:35 AM com.jme3.bullet.objects.PhysicsRigidBody rebuildRigidBody
INFORMATION: Created 1351b1a2e00.
Sept. 13, 2026 4:24:35 AM com.jme3.bullet.objects.PhysicsRigidBody rebuildRigidBody
INFORMATION: Created 1351b1a7420.
Sept. 13, 2026 4:24:35 AM com.jme3.bullet.objects.PhysicsRigidBody rebuildRigidBody
INFORMATION: Created 1351b1a6dc0.
Sept. 13, 2026 4:24:35 AM com.jme3.bullet.objects.PhysicsRigidBody rebuildRigidBody
INFORMATION: Created 1351b1a70f0.
Sept. 13, 2026 4:24:35 AM com.jme3.bullet.objects.PhysicsRigidBody rebuildRigidBody
INFORMATION: Created 1351b1a3790.
Sept. 13, 2026 4:24:35 AM com.jme3.bullet.objects.PhysicsRigidBody rebuildRigidBody
INFORMATION: Created 1351b1a7750.
Sept. 13, 2026 4:24:35 AM com.jme3.bullet.objects.PhysicsRigidBody rebuildRigidBody
INFORMATION: Created 1351b1a3ac0.
Sept. 13, 2026 4:24:35 AM com.jme3.bullet.objects.PhysicsRigidBody rebuildRigidBody
INFORMATION: Created 1351b1a9730.
Sept. 13, 2026 4:24:35 AM com.jme3.bullet.objects.PhysicsRigidBody rebuildRigidBody
INFORMATION: Created 1351b1a7db0.
Sept. 13, 2026 4:24:35 AM com.jme3.bullet.objects.PhysicsRigidBody rebuildRigidBody
INFORMATION: Created 1351b1a7a80.
Sept. 13, 2026 4:24:35 AM com.jme3.bullet.objects.PhysicsRigidBody rebuildRigidBody
INFORMATION: Created 1351b1a9400.
Sept. 13, 2026 4:24:35 AM com.jme3.bullet.objects.PhysicsRigidBody rebuildRigidBody
INFORMATION: Created 1351b1a80e0.
Sept. 13, 2026 4:24:35 AM com.jme3.bullet.objects.PhysicsRigidBody rebuildRigidBody
INFORMATION: Created 1351b1a8410.
Sept. 13, 2026 4:24:35 AM com.jme3.bullet.objects.PhysicsRigidBody rebuildRigidBody
INFORMATION: Created 1351b1a8740.
Sept. 13, 2026 4:24:35 AM com.jme3.bullet.objects.PhysicsRigidBody rebuildRigidBody
INFORMATION: Created 1351b1a9a60.
Sept. 13, 2026 4:24:35 AM com.jme3.bullet.objects.PhysicsRigidBody rebuildRigidBody
INFORMATION: Created 1351b1a8a70.
Sept. 13, 2026 4:24:35 AM com.jme3.bullet.objects.PhysicsRigidBody rebuildRigidBody
INFORMATION: Created 1351b1a8da0.
Sept. 13, 2026 4:24:35 AM com.jme3.bullet.objects.PhysicsRigidBody rebuildRigidBody
INFORMATION: Created 1351b1a90d0.
Sept. 13, 2026 4:24:35 AM com.jme3.bullet.objects.PhysicsRigidBody rebuildRigidBody
INFORMATION: Created 1351b1aa0c0.
Sept. 13, 2026 4:24:35 AM com.jme3.bullet.objects.PhysicsRigidBody rebuildRigidBody
INFORMATION: Created 1351b5d4cf0.
Sept. 13, 2026 4:24:35 AM com.jme3.bullet.objects.PhysicsRigidBody rebuildRigidBody
INFORMATION: Created 1351b5d69a0.
Sept. 13, 2026 4:24:35 AM com.jme3.bullet.objects.PhysicsRigidBody rebuildRigidBody
INFORMATION: Created 1351b5d49c0.
Sept. 13, 2026 4:24:35 AM com.jme3.bullet.objects.PhysicsRigidBody rebuildRigidBody
INFORMATION: Created 1351b5d7cc0.
Sept. 13, 2026 4:24:35 AM com.jme3.bullet.objects.PhysicsRigidBody rebuildRigidBody
INFORMATION: Created 1351b5d5020.
Sept. 13, 2026 4:24:35 AM com.jme3.bullet.objects.PhysicsRigidBody rebuildRigidBody
INFORMATION: Created 1351b5d7330.
Sept. 13, 2026 4:24:35 AM com.jme3.bullet.objects.PhysicsRigidBody rebuildRigidBody
INFORMATION: Created 1351b5d6cd0.
Sept. 13, 2026 4:24:35 AM com.jme3.bullet.objects.PhysicsRigidBody rebuildRigidBody
INFORMATION: Created 1351b5d7ff0.
Sept. 13, 2026 4:24:35 AM com.jme3.bullet.objects.PhysicsRigidBody rebuildRigidBody
INFORMATION: Created 1351b5d7660.
Sept. 13, 2026 4:24:35 AM com.jme3.bullet.objects.PhysicsRigidBody rebuildRigidBody
INFORMATION: Created 1351b5d6010.
Sept. 13, 2026 4:24:35 AM com.jme3.bullet.objects.PhysicsRigidBody rebuildRigidBody
INFORMATION: Created 1351b5d7000.
Sept. 13, 2026 4:24:35 AM com.jme3.bullet.objects.PhysicsRigidBody rebuildRigidBody
INFORMATION: Created 1351b5d5ce0.
Sept. 13, 2026 4:24:35 AM com.jme3.bullet.objects.PhysicsRigidBody rebuildRigidBody
INFORMATION: Created 1351b5d6340.
Sept. 13, 2026 4:24:35 AM com.jme3.bullet.objects.PhysicsRigidBody rebuildRigidBody
INFORMATION: Created 1351b5d7990.
Sept. 13, 2026 4:24:35 AM com.jme3.bullet.objects.PhysicsRigidBody rebuildRigidBody
INFORMATION: Created 1351b5d4360.
Sept. 13, 2026 4:24:35 AM com.jme3.bullet.objects.PhysicsRigidBody rebuildRigidBody
INFORMATION: Created 1351b5d8320.
Sept. 13, 2026 4:24:35 AM com.jme3.bullet.objects.PhysicsRigidBody rebuildRigidBody
INFORMATION: Created 1351b5d4690.
Sept. 13, 2026 4:24:35 AM com.jme3.bullet.objects.PhysicsRigidBody rebuildRigidBody
INFORMATION: Created 1351b5d8650.
Sept. 13, 2026 4:24:35 AM com.jme3.bullet.objects.PhysicsRigidBody rebuildRigidBody
INFORMATION: Created 1351b5d8980.
Sept. 13, 2026 4:24:35 AM com.jme3.bullet.objects.PhysicsRigidBody rebuildRigidBody
INFORMATION: Created 1351b5d8cb0.
Sept. 13, 2026 4:24:35 AM com.jme3.bullet.objects.PhysicsRigidBody rebuildRigidBody
INFORMATION: Created 1351b5d59b0.
Sept. 13, 2026 4:24:35 AM com.jme3.bullet.objects.PhysicsRigidBody rebuildRigidBody
INFORMATION: Created 1351b5d8fe0.
Sept. 13, 2026 4:24:35 AM com.jme3.bullet.objects.PhysicsRigidBody rebuildRigidBody
INFORMATION: Created 1351b5d5350.
Sept. 13, 2026 4:24:35 AM com.jme3.bullet.objects.PhysicsRigidBody rebuildRigidBody
INFORMATION: Created 1351b5d9310.
Sept. 13, 2026 4:24:35 AM com.jme3.bullet.objects.PhysicsRigidBody rebuildRigidBody
INFORMATION: Created 1351b5d5680.
Sept. 13, 2026 4:24:35 AM com.jme3.bullet.objects.PhysicsRigidBody rebuildRigidBody
INFORMATION: Created 1351b5d9970.
Sept. 13, 2026 4:24:35 AM com.jme3.bullet.objects.PhysicsRigidBody rebuildRigidBody
INFORMATION: Created 1351b5db2f0.
Sept. 13, 2026 4:24:35 AM com.jme3.bullet.objects.PhysicsRigidBody rebuildRigidBody
INFORMATION: Created 1351b5d9640.
Sept. 13, 2026 4:24:35 AM com.jme3.bullet.objects.PhysicsRigidBody rebuildRigidBody
INFORMATION: Created 1351b5da300.
Sept. 13, 2026 4:24:35 AM com.jme3.bullet.objects.PhysicsRigidBody rebuildRigidBody
INFORMATION: Created 1351b5da960.
Sept. 13, 2026 4:24:35 AM com.jme3.bullet.objects.PhysicsRigidBody rebuildRigidBody
INFORMATION: Created 1351b5d9ca0.
Sept. 13, 2026 4:24:35 AM com.jme3.bullet.objects.PhysicsRigidBody rebuildRigidBody
INFORMATION: Created 1351b5d9fd0.
Sept. 13, 2026 4:24:35 AM com.jme3.bullet.objects.PhysicsRigidBody rebuildRigidBody
INFORMATION: Created 1351b5dac90.
Sept. 13, 2026 4:24:35 AM com.jme3.bullet.objects.PhysicsRigidBody rebuildRigidBody
INFORMATION: Created 1351b5dafc0.
Sept. 13, 2026 4:24:35 AM com.jme3.bullet.objects.PhysicsRigidBody rebuildRigidBody
INFORMATION: Created 1351b5db620.
Sept. 13, 2026 4:24:35 AM com.jme3.bullet.objects.PhysicsRigidBody rebuildRigidBody
INFORMATION: Created 1351b5dbc80.
Sept. 13, 2026 4:24:35 AM com.jme3.bullet.objects.PhysicsRigidBody rebuildRigidBody
INFORMATION: Created 1351b5db950.
Sept. 13, 2026 4:24:35 AM com.jme3.bullet.objects.PhysicsRigidBody rebuildRigidBody
INFORMATION: Created 1351b5dbfb0.
Sept. 13, 2026 4:24:35 AM com.jme3.bullet.objects.PhysicsRigidBody rebuildRigidBody
INFORMATION: Created 1351e818770.
Sept. 13, 2026 4:24:35 AM com.jme3.bullet.objects.PhysicsRigidBody rebuildRigidBody
INFORMATION: Created 1351e819dc0.
Sept. 13, 2026 4:24:35 AM com.jme3.bullet.objects.PhysicsRigidBody rebuildRigidBody
INFORMATION: Created 1351e81a0f0.
Sept. 13, 2026 4:24:36 AM com.jme3.bullet.objects.PhysicsRigidBody rebuildRigidBody
INFORMATION: Created 1351e819760.
Sept. 13, 2026 4:24:36 AM com.jme3.bullet.objects.PhysicsRigidBody rebuildRigidBody
INFORMATION: Created 1351e81adb0.
Sept. 13, 2026 4:24:36 AM com.jme3.bullet.objects.PhysicsRigidBody rebuildRigidBody
INFORMATION: Created 1351e81aa80.
Sept. 13, 2026 4:24:36 AM com.jme3.anim.SkinningControl controlRender
INFORMATION: Hardware skinning engaged for Scene (Node)
Sept. 13, 2026 4:24:36 AM com.jme3.anim.SkinningControl controlRender
INFORMATION: Hardware skinning engaged for Scene (Node)
Sept. 13, 2026 4:24:36 AM com.jme3.anim.SkinningControl controlRender
INFORMATION: Hardware skinning engaged for Scene (Node)
Sept. 13, 2026 4:24:36 AM com.jme3.anim.SkinningControl controlRender
INFORMATION: Hardware skinning engaged for Scene (Node)
[SMOKE] stage 0
[SMOKE] stage 1
Sept. 13, 2026 4:24:39 AM com.jme3.bullet.objects.PhysicsRigidBody rebuildRigidBody
INFORMATION: Created 1351ee1c280.
Sept. 13, 2026 4:24:39 AM com.jme3.bullet.objects.PhysicsRigidBody rebuildRigidBody
INFORMATION: Created 1351ee1d270.
Sept. 13, 2026 4:24:39 AM com.jme3.bullet.objects.PhysicsRigidBody rebuildRigidBody
INFORMATION: Created 1351ee1d5a0.
Sept. 13, 2026 4:24:39 AM com.jme3.bullet.objects.PhysicsRigidBody rebuildRigidBody
INFORMATION: Created 1351ee1a900.
Sept. 13, 2026 4:24:39 AM com.jme3.bullet.objects.PhysicsRigidBody rebuildRigidBody
INFORMATION: Created 1351ee1a2a0.
Sept. 13, 2026 4:24:39 AM com.jme3.bullet.objects.PhysicsRigidBody rebuildRigidBody
INFORMATION: Created 1351ee1c5b0.
Sept. 13, 2026 4:24:39 AM com.jme3.bullet.objects.PhysicsRigidBody rebuildRigidBody
INFORMATION: Created 1351ee1b290.
Sept. 13, 2026 4:24:39 AM com.jme3.bullet.objects.PhysicsRigidBody rebuildRigidBody
INFORMATION: Created 1351ee1c8e0.
Sept. 13, 2026 4:24:39 AM com.jme3.bullet.objects.PhysicsRigidBody rebuildRigidBody
INFORMATION: Created 1351ee1af60.
Sept. 13, 2026 4:24:39 AM com.jme3.bullet.objects.PhysicsRigidBody rebuildRigidBody
INFORMATION: Created 1351ee1ac30.
Sept. 13, 2026 4:24:39 AM com.jme3.bullet.objects.PhysicsRigidBody rebuildRigidBody
INFORMATION: Created 1351ee1b5c0.
Sept. 13, 2026 4:24:39 AM com.jme3.bullet.objects.PhysicsRigidBody rebuildRigidBody
INFORMATION: Created 1351ee1cc10.
Sept. 13, 2026 4:24:39 AM com.jme3.bullet.objects.PhysicsRigidBody rebuildRigidBody
INFORMATION: Created 1351ee1bc20.
Sept. 13, 2026 4:24:39 AM com.jme3.bullet.objects.PhysicsRigidBody rebuildRigidBody
INFORMATION: Created 1351ee1d8d0.
Sept. 13, 2026 4:24:39 AM com.jme3.bullet.objects.PhysicsRigidBody rebuildRigidBody
INFORMATION: Created 1351ee1b8f0.
Sept. 13, 2026 4:24:39 AM com.jme3.bullet.objects.PhysicsRigidBody rebuildRigidBody
INFORMATION: Created 1351ee1dc00.
Sept. 13, 2026 4:24:39 AM com.jme3.bullet.objects.PhysicsRigidBody rebuildRigidBody
INFORMATION: Created 1351ee1bf50.
Sept. 13, 2026 4:24:39 AM com.jme3.bullet.objects.PhysicsRigidBody rebuildRigidBody
INFORMATION: Created 1351ee1cf40.
Sept. 13, 2026 4:24:39 AM com.jme3.bullet.objects.PhysicsRigidBody rebuildRigidBody
INFORMATION: Created 1351ee1df30.
Sept. 13, 2026 4:24:39 AM com.jme3.bullet.objects.PhysicsRigidBody rebuildRigidBody
INFORMATION: Created 1351ee1e260.
Sept. 13, 2026 4:24:39 AM com.jme3.bullet.objects.PhysicsRigidBody rebuildRigidBody
INFORMATION: Created 1351ee1a5d0.
Sept. 13, 2026 4:24:39 AM com.jme3.bullet.objects.PhysicsRigidBody rebuildRigidBody
INFORMATION: Created 1351ee1ff10.
Sept. 13, 2026 4:24:39 AM com.jme3.bullet.objects.PhysicsRigidBody rebuildRigidBody
INFORMATION: Created 1351ee1ef20.
Sept. 13, 2026 4:24:39 AM com.jme3.bullet.objects.PhysicsRigidBody rebuildRigidBody
INFORMATION: Created 1351ee208a0.
Sept. 13, 2026 4:24:39 AM com.jme3.bullet.objects.PhysicsRigidBody rebuildRigidBody
INFORMATION: Created 1351ee1e590.
Sept. 13, 2026 4:24:39 AM com.jme3.bullet.objects.PhysicsRigidBody rebuildRigidBody
INFORMATION: Created 1351ee21560.
Sept. 13, 2026 4:24:39 AM com.jme3.bullet.objects.PhysicsRigidBody rebuildRigidBody
INFORMATION: Created 1351ee21890.
Sept. 13, 2026 4:24:39 AM com.jme3.bullet.objects.PhysicsRigidBody rebuildRigidBody
INFORMATION: Created 1351ee1f580.
Sept. 13, 2026 4:24:39 AM com.jme3.bullet.objects.PhysicsRigidBody rebuildRigidBody
INFORMATION: Created 1351ee20bd0.
Sept. 13, 2026 4:24:39 AM com.jme3.bullet.objects.PhysicsRigidBody rebuildRigidBody
INFORMATION: Created 1351ee20240.
Sept. 13, 2026 4:24:39 AM com.jme3.bullet.objects.PhysicsRigidBody rebuildRigidBody
INFORMATION: Created 1351ee21bc0.
Sept. 13, 2026 4:24:39 AM com.jme3.bullet.objects.PhysicsRigidBody rebuildRigidBody
INFORMATION: Created 1351ee21ef0.
Sept. 13, 2026 4:24:39 AM com.jme3.bullet.objects.PhysicsRigidBody rebuildRigidBody
INFORMATION: Created 1351ee20f00.
Sept. 13, 2026 4:24:39 AM com.jme3.bullet.objects.PhysicsRigidBody rebuildRigidBody
INFORMATION: Created 1351ee1e8c0.
Sept. 13, 2026 4:24:39 AM com.jme3.bullet.objects.PhysicsRigidBody rebuildRigidBody
INFORMATION: Created 1351ee21230.
Sept. 13, 2026 4:24:39 AM com.jme3.bullet.objects.PhysicsRigidBody rebuildRigidBody
INFORMATION: Created 1351ee1ebf0.
Sept. 13, 2026 4:24:39 AM com.jme3.bullet.objects.PhysicsRigidBody rebuildRigidBody
INFORMATION: Created 1351ee1f250.
Sept. 13, 2026 4:24:39 AM com.jme3.bullet.objects.PhysicsRigidBody rebuildRigidBody
INFORMATION: Created 1351ee1f8b0.
Sept. 13, 2026 4:24:39 AM com.jme3.bullet.objects.PhysicsRigidBody rebuildRigidBody
INFORMATION: Created 1351ee1fbe0.
Sept. 13, 2026 4:24:39 AM com.jme3.bullet.objects.PhysicsRigidBody rebuildRigidBody
INFORMATION: Created 1351ee20570.
Sept. 13, 2026 4:24:39 AM com.jme3.bullet.objects.PhysicsRigidBody rebuildRigidBody
INFORMATION: Created 135241df000.
Sept. 13, 2026 4:24:39 AM com.jme3.bullet.objects.PhysicsRigidBody rebuildRigidBody
INFORMATION: Created 135241dfff0.
Sept. 13, 2026 4:24:39 AM com.jme3.bullet.objects.PhysicsRigidBody rebuildRigidBody
INFORMATION: Created 135241e1fd0.
Sept. 13, 2026 4:24:39 AM com.jme3.bullet.objects.PhysicsRigidBody rebuildRigidBody
INFORMATION: Created 135241e1ca0.
Sept. 13, 2026 4:24:39 AM com.jme3.bullet.objects.PhysicsRigidBody rebuildRigidBody
INFORMATION: Created 135241de670.
Sept. 13, 2026 4:24:39 AM com.jme3.bullet.objects.PhysicsRigidBody rebuildRigidBody
INFORMATION: Created 135241df990.
Sept. 13, 2026 4:24:39 AM com.jme3.bullet.objects.PhysicsRigidBody rebuildRigidBody
INFORMATION: Created 135241e1640.
Sept. 13, 2026 4:24:39 AM com.jme3.bullet.objects.PhysicsRigidBody rebuildRigidBody
INFORMATION: Created 135241e1310.
Sept. 13, 2026 4:24:39 AM com.jme3.bullet.objects.PhysicsRigidBody rebuildRigidBody
INFORMATION: Created 135241e2300.
Sept. 13, 2026 4:24:39 AM com.jme3.bullet.objects.PhysicsRigidBody rebuildRigidBody
INFORMATION: Created 135241e0980.
Sept. 13, 2026 4:24:39 AM com.jme3.bullet.objects.PhysicsRigidBody rebuildRigidBody
INFORMATION: Created 135241df330.
Sept. 13, 2026 4:24:39 AM com.jme3.bullet.objects.PhysicsRigidBody rebuildRigidBody
INFORMATION: Created 135241e0cb0.
Sept. 13, 2026 4:24:39 AM com.jme3.bullet.objects.PhysicsRigidBody rebuildRigidBody
INFORMATION: Created 135241e1970.
Sept. 13, 2026 4:24:39 AM com.jme3.bullet.objects.PhysicsRigidBody rebuildRigidBody
INFORMATION: Created 135241e2630.
Sept. 13, 2026 4:24:39 AM com.jme3.bullet.objects.PhysicsRigidBody rebuildRigidBody
INFORMATION: Created 135241dfcc0.
Sept. 13, 2026 4:24:39 AM com.jme3.bullet.objects.PhysicsRigidBody rebuildRigidBody
INFORMATION: Created 135241df660.
Sept. 13, 2026 4:24:39 AM com.jme3.bullet.objects.PhysicsRigidBody rebuildRigidBody
INFORMATION: Created 135241e0320.
Sept. 13, 2026 4:24:39 AM com.jme3.bullet.objects.PhysicsRigidBody rebuildRigidBody
INFORMATION: Created 135241de9a0.
Sept. 13, 2026 4:24:39 AM com.jme3.bullet.objects.PhysicsRigidBody rebuildRigidBody
INFORMATION: Created 135241e2960.
Sept. 13, 2026 4:24:39 AM com.jme3.bullet.objects.PhysicsRigidBody rebuildRigidBody
INFORMATION: Created 135241e0650.
Sept. 13, 2026 4:24:39 AM com.jme3.bullet.objects.PhysicsRigidBody rebuildRigidBody
INFORMATION: Created 135241e0fe0.
Sept. 13, 2026 4:24:39 AM com.jme3.bullet.objects.PhysicsRigidBody rebuildRigidBody
INFORMATION: Created 135241decd0.
Sept. 13, 2026 4:24:39 AM com.jme3.bullet.objects.PhysicsRigidBody rebuildRigidBody
INFORMATION: Created 135241e4c70.
Sept. 13, 2026 4:24:39 AM com.jme3.bullet.objects.PhysicsRigidBody rebuildRigidBody
INFORMATION: Created 135241e4940.
Sept. 13, 2026 4:24:39 AM com.jme3.bullet.objects.PhysicsRigidBody rebuildRigidBody
INFORMATION: Created 135241e3620.
Sept. 13, 2026 4:24:39 AM com.jme3.bullet.objects.PhysicsRigidBody rebuildRigidBody
INFORMATION: Created 135241e3950.
Sept. 13, 2026 4:24:39 AM com.jme3.bullet.objects.PhysicsRigidBody rebuildRigidBody
INFORMATION: Created 135241e62c0.
Sept. 13, 2026 4:24:39 AM com.jme3.bullet.objects.PhysicsRigidBody rebuildRigidBody
INFORMATION: Created 135241e5930.
Sept. 13, 2026 4:24:39 AM com.jme3.bullet.objects.PhysicsRigidBody rebuildRigidBody
INFORMATION: Created 135241e3fb0.
Sept. 13, 2026 4:24:39 AM com.jme3.bullet.objects.PhysicsRigidBody rebuildRigidBody
INFORMATION: Created 135241e2c90.
Sept. 13, 2026 4:24:39 AM com.jme3.bullet.objects.PhysicsRigidBody rebuildRigidBody
INFORMATION: Created 135241e4610.
Sept. 13, 2026 4:24:39 AM com.jme3.bullet.objects.PhysicsRigidBody rebuildRigidBody
INFORMATION: Created 135241e32f0.
Sept. 13, 2026 4:24:39 AM com.jme3.bullet.objects.PhysicsRigidBody rebuildRigidBody
INFORMATION: Created 135241e3c80.
Sept. 13, 2026 4:24:39 AM com.jme3.bullet.objects.PhysicsRigidBody rebuildRigidBody
INFORMATION: Created 135241e4fa0.
Sept. 13, 2026 4:24:39 AM com.jme3.bullet.objects.PhysicsRigidBody rebuildRigidBody
INFORMATION: Created 135241e42e0.
Sept. 13, 2026 4:24:39 AM com.jme3.bullet.objects.PhysicsRigidBody rebuildRigidBody
INFORMATION: Created 135241e52d0.
Sept. 13, 2026 4:24:39 AM com.jme3.bullet.objects.PhysicsRigidBody rebuildRigidBody
INFORMATION: Created 135241e5600.
Sept. 13, 2026 4:24:39 AM com.jme3.bullet.objects.PhysicsRigidBody rebuildRigidBody
INFORMATION: Created 135241e5c60.
Sept. 13, 2026 4:24:39 AM com.jme3.bullet.objects.PhysicsRigidBody rebuildRigidBody
INFORMATION: Created 135241e5f90.
Sept. 13, 2026 4:24:39 AM com.jme3.bullet.objects.PhysicsRigidBody rebuildRigidBody
INFORMATION: Created 135241e2fc0.
Sept. 13, 2026 4:24:39 AM com.jme3.bullet.objects.PhysicsRigidBody rebuildRigidBody
INFORMATION: Created 1351ef6f1f0.
Sept. 13, 2026 4:24:39 AM com.jme3.bullet.objects.PhysicsRigidBody rebuildRigidBody
INFORMATION: Created 1351ef6cee0.
Sept. 13, 2026 4:24:39 AM com.jme3.bullet.objects.PhysicsRigidBody rebuildRigidBody
INFORMATION: Created 1351ef6c220.
Sept. 13, 2026 4:24:39 AM com.jme3.bullet.objects.PhysicsRigidBody rebuildRigidBody
INFORMATION: Created 1351ef6c880.
Sept. 13, 2026 4:24:39 AM com.jme3.bullet.objects.PhysicsRigidBody rebuildRigidBody
INFORMATION: Created 1351ef6bbc0.
Sept. 13, 2026 4:24:39 AM com.jme3.bullet.objects.PhysicsRigidBody rebuildRigidBody
INFORMATION: Created 1351ef6d870.
Sept. 13, 2026 4:24:39 AM com.jme3.bullet.objects.PhysicsRigidBody rebuildRigidBody
INFORMATION: Created 1351ef6d210.
Sept. 13, 2026 4:24:39 AM com.jme3.bullet.objects.PhysicsRigidBody rebuildRigidBody
INFORMATION: Created 1351ef6b890.
Sept. 13, 2026 4:24:39 AM com.jme3.bullet.objects.PhysicsRigidBody rebuildRigidBody
INFORMATION: Created 1351ef6ded0.
Sept. 13, 2026 4:24:39 AM com.jme3.bullet.objects.PhysicsRigidBody rebuildRigidBody
INFORMATION: Created 1351ef6e530.
Sept. 13, 2026 4:24:39 AM com.jme3.bullet.objects.PhysicsRigidBody rebuildRigidBody
INFORMATION: Created 1351ef6e200.
Sept. 13, 2026 4:24:39 AM com.jme3.bullet.objects.PhysicsRigidBody rebuildRigidBody
INFORMATION: Created 1351ef6b560.
Sept. 13, 2026 4:24:39 AM com.jme3.bullet.objects.PhysicsRigidBody rebuildRigidBody
INFORMATION: Created 1351ef6d540.
Sept. 13, 2026 4:24:39 AM com.jme3.bullet.objects.PhysicsRigidBody rebuildRigidBody
INFORMATION: Created 1351ef6e860.
Sept. 13, 2026 4:24:39 AM com.jme3.bullet.objects.PhysicsRigidBody rebuildRigidBody
INFORMATION: Created 1351ef6fb80.
Sept. 13, 2026 4:24:39 AM com.jme3.bullet.objects.PhysicsRigidBody rebuildRigidBody
INFORMATION: Created 1351ef6eb90.
Sept. 13, 2026 4:24:39 AM com.jme3.bullet.objects.PhysicsRigidBody rebuildRigidBody
INFORMATION: Created 1351ef6c550.
Sept. 13, 2026 4:24:39 AM com.jme3.bullet.objects.PhysicsRigidBody rebuildRigidBody
INFORMATION: Created 1351ef6eec0.
Sept. 13, 2026 4:24:39 AM com.jme3.bullet.objects.PhysicsRigidBody rebuildRigidBody
INFORMATION: Created 1351ef6cbb0.
Sept. 13, 2026 4:24:39 AM com.jme3.bullet.objects.PhysicsRigidBody rebuildRigidBody
INFORMATION: Created 1351ef6f520.
Sept. 13, 2026 4:24:39 AM com.jme3.bullet.objects.PhysicsRigidBody rebuildRigidBody
INFORMATION: Created 1351ef6f850.
Sept. 13, 2026 4:24:39 AM com.jme3.bullet.objects.PhysicsRigidBody rebuildRigidBody
INFORMATION: Created 1351ef6dba0.
Sept. 13, 2026 4:24:39 AM com.jme3.bullet.objects.PhysicsRigidBody rebuildRigidBody
INFORMATION: Created 1351ef6bef0.
Sept. 13, 2026 4:24:39 AM com.jme3.bullet.objects.PhysicsRigidBody rebuildRigidBody
INFORMATION: Created 1351ef73810.
Sept. 13, 2026 4:24:39 AM com.jme3.bullet.objects.PhysicsRigidBody rebuildRigidBody
INFORMATION: Created 1351ef72e80.
Sept. 13, 2026 4:24:39 AM com.jme3.bullet.objects.PhysicsRigidBody rebuildRigidBody
INFORMATION: Created 1351ef70b70.
Sept. 13, 2026 4:24:39 AM com.jme3.bullet.objects.PhysicsRigidBody rebuildRigidBody
INFORMATION: Created 1351ef70ea0.
Sept. 13, 2026 4:24:39 AM com.jme3.bullet.objects.PhysicsRigidBody rebuildRigidBody
INFORMATION: Created 1351ef711d0.
Sept. 13, 2026 4:24:39 AM com.jme3.bullet.objects.PhysicsRigidBody rebuildRigidBody
INFORMATION: Created 1351ef73b40.
Sept. 13, 2026 4:24:39 AM com.jme3.bullet.objects.PhysicsRigidBody rebuildRigidBody
INFORMATION: Created 1351ef71830.
Sept. 13, 2026 4:24:39 AM com.jme3.bullet.objects.PhysicsRigidBody rebuildRigidBody
INFORMATION: Created 1351ef71500.
Sept. 13, 2026 4:24:39 AM com.jme3.bullet.objects.PhysicsRigidBody rebuildRigidBody
INFORMATION: Created 1351ef71b60.
Sept. 13, 2026 4:24:39 AM com.jme3.bullet.objects.PhysicsRigidBody rebuildRigidBody
INFORMATION: Created 1351ef71e90.
Sept. 13, 2026 4:24:39 AM com.jme3.bullet.objects.PhysicsRigidBody rebuildRigidBody
INFORMATION: Created 1351ef70840.
Sept. 13, 2026 4:24:39 AM com.jme3.bullet.objects.PhysicsRigidBody rebuildRigidBody
INFORMATION: Created 1351ef6feb0.
Sept. 13, 2026 4:24:39 AM com.jme3.bullet.objects.PhysicsRigidBody rebuildRigidBody
INFORMATION: Created 1351ef73e70.
Sept. 13, 2026 4:24:39 AM com.jme3.bullet.objects.PhysicsRigidBody rebuildRigidBody
INFORMATION: Created 1351ef721c0.
Sept. 13, 2026 4:24:39 AM com.jme3.bullet.objects.PhysicsRigidBody rebuildRigidBody
INFORMATION: Created 1351ef724f0.
Sept. 13, 2026 4:24:39 AM com.jme3.bullet.objects.PhysicsRigidBody rebuildRigidBody
INFORMATION: Created 1351ef72820.
Sept. 13, 2026 4:24:39 AM com.jme3.bullet.objects.PhysicsRigidBody rebuildRigidBody
INFORMATION: Created 1351ef72b50.
Sept. 13, 2026 4:24:39 AM com.jme3.bullet.objects.PhysicsRigidBody rebuildRigidBody
INFORMATION: Created 1351ef731b0.
Sept. 13, 2026 4:24:39 AM com.jme3.bullet.objects.PhysicsRigidBody rebuildRigidBody
INFORMATION: Created 1351ef701e0.
Sept. 13, 2026 4:24:39 AM com.jme3.bullet.objects.PhysicsRigidBody rebuildRigidBody
INFORMATION: Created 1351ef734e0.
Sept. 13, 2026 4:24:39 AM com.jme3.bullet.objects.PhysicsRigidBody rebuildRigidBody
INFORMATION: Created 1351ef741a0.
Sept. 13, 2026 4:24:39 AM com.jme3.bullet.objects.PhysicsRigidBody rebuildRigidBody
INFORMATION: Created 1351ef70510.
Sept. 13, 2026 4:24:39 AM com.jme3.bullet.objects.PhysicsRigidBody rebuildRigidBody
INFORMATION: Created 1351ef774a0.
Sept. 13, 2026 4:24:39 AM com.jme3.bullet.objects.PhysicsRigidBody rebuildRigidBody
INFORMATION: Created 1351ef77e30.
Sept. 13, 2026 4:24:39 AM com.jme3.bullet.objects.PhysicsRigidBody rebuildRigidBody
INFORMATION: Created 1351ef777d0.
Sept. 13, 2026 4:24:39 AM com.jme3.bullet.objects.PhysicsRigidBody rebuildRigidBody
INFORMATION: Created 1351ef757f0.
Sept. 13, 2026 4:24:39 AM com.jme3.bullet.objects.PhysicsRigidBody rebuildRigidBody
INFORMATION: Created 1351ef76b10.
Sept. 13, 2026 4:24:39 AM com.jme3.bullet.objects.PhysicsRigidBody rebuildRigidBody
INFORMATION: Created 1351ef74800.
Sept. 13, 2026 4:24:39 AM com.jme3.bullet.objects.PhysicsRigidBody rebuildRigidBody
INFORMATION: Created 1351ef764b0.
Sept. 13, 2026 4:24:39 AM com.jme3.bullet.objects.PhysicsRigidBody rebuildRigidBody
INFORMATION: Created 1351ef75190.
Sept. 13, 2026 4:24:39 AM com.jme3.bullet.objects.PhysicsRigidBody rebuildRigidBody
INFORMATION: Created 1351ef76180.
Sept. 13, 2026 4:24:39 AM com.jme3.bullet.objects.PhysicsRigidBody rebuildRigidBody
INFORMATION: Created 1351ef75b20.
Sept. 13, 2026 4:24:39 AM com.jme3.bullet.objects.PhysicsRigidBody rebuildRigidBody
INFORMATION: Created 1351ef74b30.
Sept. 13, 2026 4:24:39 AM com.jme3.bullet.objects.PhysicsRigidBody rebuildRigidBody
INFORMATION: Created 1351ef77b00.
Sept. 13, 2026 4:24:39 AM com.jme3.bullet.objects.PhysicsRigidBody rebuildRigidBody
INFORMATION: Created 1351ef74e60.
Sept. 13, 2026 4:24:39 AM com.jme3.bullet.objects.PhysicsRigidBody rebuildRigidBody
INFORMATION: Created 1351ef744d0.
Sept. 13, 2026 4:24:39 AM com.jme3.bullet.objects.PhysicsRigidBody rebuildRigidBody
INFORMATION: Created 1351ef754c0.
Sept. 13, 2026 4:24:39 AM com.jme3.bullet.objects.PhysicsRigidBody rebuildRigidBody
INFORMATION: Created 1351ef767e0.
Sept. 13, 2026 4:24:39 AM com.jme3.bullet.objects.PhysicsRigidBody rebuildRigidBody
INFORMATION: Created 1351ef76e40.
Sept. 13, 2026 4:24:39 AM com.jme3.bullet.objects.PhysicsRigidBody rebuildRigidBody
INFORMATION: Created 1351ef77170.
Sept. 13, 2026 4:24:39 AM com.jme3.bullet.objects.PhysicsRigidBody rebuildRigidBody
INFORMATION: Created 1351ef75e50.
Sept. 13, 2026 4:24:39 AM com.jme3.bullet.objects.PhysicsRigidBody rebuildRigidBody
INFORMATION: Created 1351ef79e10.
Sept. 13, 2026 4:24:39 AM com.jme3.bullet.objects.PhysicsRigidBody rebuildRigidBody
INFORMATION: Created 1351ef7aad0.
Sept. 13, 2026 4:24:39 AM com.jme3.bullet.objects.PhysicsRigidBody rebuildRigidBody
INFORMATION: Created 1351ef78af0.
Sept. 13, 2026 4:24:39 AM com.jme3.bullet.objects.PhysicsRigidBody rebuildRigidBody
INFORMATION: Created 1351ef7ae00.
Sept. 13, 2026 4:24:39 AM com.jme3.bullet.objects.PhysicsRigidBody rebuildRigidBody
INFORMATION: Created 1351ef79ae0.
Sept. 13, 2026 4:24:39 AM com.jme3.bullet.objects.PhysicsRigidBody rebuildRigidBody
INFORMATION: Created 1351ef78490.
Sept. 13, 2026 4:24:39 AM com.jme3.bullet.objects.PhysicsRigidBody rebuildRigidBody
INFORMATION: Created 1351ef7a470.
Sept. 13, 2026 4:24:39 AM com.jme3.bullet.objects.PhysicsRigidBody rebuildRigidBody
INFORMATION: Created 1351ef787c0.
[GAME] Willkommen im Ödland. Folge dem Feuer zu Mira. [E]
Sept. 13, 2026 4:24:39 AM com.jme3.anim.SkinningControl controlRender
INFORMATION: Hardware skinning engaged for Scene (Node)
Sept. 13, 2026 4:24:39 AM com.jme3.anim.SkinningControl controlRender
INFORMATION: Hardware skinning engaged for Scene (Node)
Sept. 13, 2026 4:24:39 AM com.jme3.anim.SkinningControl controlRender
INFORMATION: Hardware skinning engaged for Scene (Node)
Sept. 13, 2026 4:24:39 AM com.jme3.anim.SkinningControl controlRender
INFORMATION: Hardware skinning engaged for Scene (Node)
[SMOKE] stage 2
[SMOKE] stage 3
[CHECK] WASD must move the physical character
[CHECK] Physics space belongs to the render thread
[SMOKE] stage 4
[SMOKE] stage 5
[SMOKE] stage 6
Sept. 13, 2026 4:24:52 AM com.jme3.bullet.objects.PhysicsRigidBody rebuildRigidBody
INFORMATION: Created 135227bc390.
Sept. 13, 2026 4:24:52 AM com.jme3.bullet.objects.PhysicsRigidBody rebuildRigidBody
INFORMATION: Created 135227bdd10.
Sept. 13, 2026 4:24:52 AM com.jme3.bullet.objects.PhysicsRigidBody rebuildRigidBody
INFORMATION: Created 135227bc060.
Sept. 13, 2026 4:24:52 AM com.jme3.bullet.objects.PhysicsRigidBody rebuildRigidBody
INFORMATION: Created 135227bb3a0.
Sept. 13, 2026 4:24:52 AM com.jme3.bullet.objects.PhysicsRigidBody rebuildRigidBody
INFORMATION: Created 135227be040.
Sept. 13, 2026 4:24:52 AM com.jme3.bullet.objects.PhysicsRigidBody rebuildRigidBody
INFORMATION: Created 135227bc6c0.
Sept. 13, 2026 4:24:52 AM com.jme3.bullet.objects.PhysicsRigidBody rebuildRigidBody
INFORMATION: Created 135227bd9e0.
Sept. 13, 2026 4:24:52 AM com.jme3.bullet.objects.PhysicsRigidBody rebuildRigidBody
INFORMATION: Created 135227be6a0.
Sept. 13, 2026 4:24:52 AM com.jme3.bullet.objects.PhysicsRigidBody rebuildRigidBody
INFORMATION: Created 135227bc9f0.
Sept. 13, 2026 4:24:52 AM com.jme3.bullet.objects.PhysicsRigidBody rebuildRigidBody
INFORMATION: Created 135227be370.
Sept. 13, 2026 4:24:52 AM com.jme3.bullet.objects.PhysicsRigidBody rebuildRigidBody
INFORMATION: Created 135227bcd20.
Sept. 13, 2026 4:24:52 AM com.jme3.bullet.objects.PhysicsRigidBody rebuildRigidBody
INFORMATION: Created 135227be9d0.
Sept. 13, 2026 4:24:52 AM com.jme3.bullet.objects.PhysicsRigidBody rebuildRigidBody
INFORMATION: Created 135227bed00.
Sept. 13, 2026 4:24:52 AM com.jme3.bullet.objects.PhysicsRigidBody rebuildRigidBody
INFORMATION: Created 135227bb070.
Sept. 13, 2026 4:24:52 AM com.jme3.bullet.objects.PhysicsRigidBody rebuildRigidBody
INFORMATION: Created 135227bf030.
Sept. 13, 2026 4:24:52 AM com.jme3.bullet.objects.PhysicsRigidBody rebuildRigidBody
INFORMATION: Created 135227bba00.
Sept. 13, 2026 4:24:52 AM com.jme3.bullet.objects.PhysicsRigidBody rebuildRigidBody
INFORMATION: Created 135227bf360.
Sept. 13, 2026 4:24:52 AM com.jme3.bullet.objects.PhysicsRigidBody rebuildRigidBody
INFORMATION: Created 135227bd380.
Sept. 13, 2026 4:24:52 AM com.jme3.bullet.objects.PhysicsRigidBody rebuildRigidBody
INFORMATION: Created 135227bb6d0.
Sept. 13, 2026 4:24:52 AM com.jme3.bullet.objects.PhysicsRigidBody rebuildRigidBody
INFORMATION: Created 135227bd6b0.
Sept. 13, 2026 4:24:52 AM com.jme3.bullet.objects.PhysicsRigidBody rebuildRigidBody
INFORMATION: Created 135227bbd30.
Sept. 13, 2026 4:24:52 AM com.jme3.bullet.objects.PhysicsRigidBody rebuildRigidBody
INFORMATION: Created 135227c19a0.
Sept. 13, 2026 4:24:52 AM com.jme3.bullet.objects.PhysicsRigidBody rebuildRigidBody
INFORMATION: Created 135227c0ce0.
Sept. 13, 2026 4:24:52 AM com.jme3.bullet.objects.PhysicsRigidBody rebuildRigidBody
INFORMATION: Created 135227c1010.
Sept. 13, 2026 4:24:52 AM com.jme3.bullet.objects.PhysicsRigidBody rebuildRigidBody
INFORMATION: Created 135227c2330.
Sept. 13, 2026 4:24:52 AM com.jme3.bullet.objects.PhysicsRigidBody rebuildRigidBody
INFORMATION: Created 135227bf690.
Sept. 13, 2026 4:24:52 AM com.jme3.bullet.objects.PhysicsRigidBody rebuildRigidBody
INFORMATION: Created 135227bf9c0.
Sept. 13, 2026 4:24:52 AM com.jme3.bullet.objects.PhysicsRigidBody rebuildRigidBody
INFORMATION: Created 135227bfcf0.
Sept. 13, 2026 4:24:52 AM com.jme3.bullet.objects.PhysicsRigidBody rebuildRigidBody
INFORMATION: Created 135227c2990.
Sept. 13, 2026 4:24:52 AM com.jme3.bullet.objects.PhysicsRigidBody rebuildRigidBody
INFORMATION: Created 135227c2660.
Sept. 13, 2026 4:24:52 AM com.jme3.bullet.objects.PhysicsRigidBody rebuildRigidBody
INFORMATION: Created 135227c2cc0.
Sept. 13, 2026 4:24:52 AM com.jme3.bullet.objects.PhysicsRigidBody rebuildRigidBody
INFORMATION: Created 135227c0020.
Sept. 13, 2026 4:24:52 AM com.jme3.bullet.objects.PhysicsRigidBody rebuildRigidBody
INFORMATION: Created 135227c0350.
Sept. 13, 2026 4:24:52 AM com.jme3.bullet.objects.PhysicsRigidBody rebuildRigidBody
INFORMATION: Created 135227c0680.
Sept. 13, 2026 4:24:52 AM com.jme3.bullet.objects.PhysicsRigidBody rebuildRigidBody
INFORMATION: Created 135227c09b0.
Sept. 13, 2026 4:24:52 AM com.jme3.bullet.objects.PhysicsRigidBody rebuildRigidBody
INFORMATION: Created 135227c1340.
Sept. 13, 2026 4:24:52 AM com.jme3.bullet.objects.PhysicsRigidBody rebuildRigidBody
INFORMATION: Created 135227c1cd0.
Sept. 13, 2026 4:24:52 AM com.jme3.bullet.objects.PhysicsRigidBody rebuildRigidBody
INFORMATION: Created 135227c1670.
Sept. 13, 2026 4:24:52 AM com.jme3.bullet.objects.PhysicsRigidBody rebuildRigidBody
INFORMATION: Created 135227c2000.
Sept. 13, 2026 4:24:52 AM com.jme3.bullet.objects.PhysicsRigidBody rebuildRigidBody
INFORMATION: Created 1352258d690.
Sept. 13, 2026 4:24:52 AM com.jme3.bullet.objects.PhysicsRigidBody rebuildRigidBody
INFORMATION: Created 1352258f340.
Sept. 13, 2026 4:24:52 AM com.jme3.bullet.objects.PhysicsRigidBody rebuildRigidBody
INFORMATION: Created 1352258e350.
Sept. 13, 2026 4:24:52 AM com.jme3.bullet.objects.PhysicsRigidBody rebuildRigidBody
INFORMATION: Created 1352258f9a0.
Sept. 13, 2026 4:24:52 AM com.jme3.bullet.objects.PhysicsRigidBody rebuildRigidBody
INFORMATION: Created 13522590000.
Sept. 13, 2026 4:24:52 AM com.jme3.bullet.objects.PhysicsRigidBody rebuildRigidBody
INFORMATION: Created 1352258d9c0.
Sept. 13, 2026 4:24:52 AM com.jme3.bullet.objects.PhysicsRigidBody rebuildRigidBody
INFORMATION: Created 1352258e9b0.
Sept. 13, 2026 4:24:52 AM com.jme3.bullet.objects.PhysicsRigidBody rebuildRigidBody
INFORMATION: Created 1352258fcd0.
Sept. 13, 2026 4:24:52 AM com.jme3.bullet.objects.PhysicsRigidBody rebuildRigidBody
INFORMATION: Created 1352258ece0.
Sept. 13, 2026 4:24:52 AM com.jme3.bullet.objects.PhysicsRigidBody rebuildRigidBody
INFORMATION: Created 1352258c370.
Sept. 13, 2026 4:24:52 AM com.jme3.bullet.objects.PhysicsRigidBody rebuildRigidBody
INFORMATION: Created 1352258e020.
Sept. 13, 2026 4:24:52 AM com.jme3.bullet.objects.PhysicsRigidBody rebuildRigidBody
INFORMATION: Created 1352258d030.
Sept. 13, 2026 4:24:52 AM com.jme3.bullet.objects.PhysicsRigidBody rebuildRigidBody
INFORMATION: Created 1352258d360.
Sept. 13, 2026 4:24:52 AM com.jme3.bullet.objects.PhysicsRigidBody rebuildRigidBody
INFORMATION: Created 13522590330.
Sept. 13, 2026 4:24:52 AM com.jme3.bullet.objects.PhysicsRigidBody rebuildRigidBody
INFORMATION: Created 1352258dcf0.
Sept. 13, 2026 4:24:52 AM com.jme3.bullet.objects.PhysicsRigidBody rebuildRigidBody
INFORMATION: Created 1352258f010.
Sept. 13, 2026 4:24:52 AM com.jme3.bullet.objects.PhysicsRigidBody rebuildRigidBody
INFORMATION: Created 1352258f670.
Sept. 13, 2026 4:24:52 AM com.jme3.bullet.objects.PhysicsRigidBody rebuildRigidBody
INFORMATION: Created 1352258c6a0.
Sept. 13, 2026 4:24:52 AM com.jme3.bullet.objects.PhysicsRigidBody rebuildRigidBody
INFORMATION: Created 13522590660.
Sept. 13, 2026 4:24:52 AM com.jme3.bullet.objects.PhysicsRigidBody rebuildRigidBody
INFORMATION: Created 1352258c9d0.
Sept. 13, 2026 4:24:52 AM com.jme3.bullet.objects.PhysicsRigidBody rebuildRigidBody
INFORMATION: Created 13522590990.
Sept. 13, 2026 4:24:52 AM com.jme3.bullet.objects.PhysicsRigidBody rebuildRigidBody
INFORMATION: Created 1352258cd00.
Sept. 13, 2026 4:24:52 AM com.jme3.bullet.objects.PhysicsRigidBody rebuildRigidBody
INFORMATION: Created 13522591cb0.
Sept. 13, 2026 4:24:52 AM com.jme3.bullet.objects.PhysicsRigidBody rebuildRigidBody
INFORMATION: Created 13522590cc0.
Sept. 13, 2026 4:24:52 AM com.jme3.bullet.objects.PhysicsRigidBody rebuildRigidBody
INFORMATION: Created 13522594620.
Sept. 13, 2026 4:24:52 AM com.jme3.bullet.objects.PhysicsRigidBody rebuildRigidBody
INFORMATION: Created 13522593960.
Sept. 13, 2026 4:24:52 AM com.jme3.bullet.objects.PhysicsRigidBody rebuildRigidBody
INFORMATION: Created 13522593300.
Sept. 13, 2026 4:24:52 AM com.jme3.bullet.objects.PhysicsRigidBody rebuildRigidBody
INFORMATION: Created 13522591fe0.
Sept. 13, 2026 4:24:52 AM com.jme3.bullet.objects.PhysicsRigidBody rebuildRigidBody
INFORMATION: Created 13522593c90.
Sept. 13, 2026 4:24:52 AM com.jme3.bullet.objects.PhysicsRigidBody rebuildRigidBody
INFORMATION: Created 13522592310.
Sept. 13, 2026 4:24:52 AM com.jme3.bullet.objects.PhysicsRigidBody rebuildRigidBody
INFORMATION: Created 13522592640.
Sept. 13, 2026 4:24:52 AM com.jme3.bullet.objects.PhysicsRigidBody rebuildRigidBody
INFORMATION: Created 13522592970.
Sept. 13, 2026 4:24:52 AM com.jme3.bullet.objects.PhysicsRigidBody rebuildRigidBody
INFORMATION: Created 13522590ff0.
Sept. 13, 2026 4:24:52 AM com.jme3.bullet.objects.PhysicsRigidBody rebuildRigidBody
INFORMATION: Created 13522594c80.
Sept. 13, 2026 4:24:52 AM com.jme3.bullet.objects.PhysicsRigidBody rebuildRigidBody
INFORMATION: Created 13522594fb0.
Sept. 13, 2026 4:24:52 AM com.jme3.bullet.objects.PhysicsRigidBody rebuildRigidBody
INFORMATION: Created 13522592ca0.
Sept. 13, 2026 4:24:52 AM com.jme3.bullet.objects.PhysicsRigidBody rebuildRigidBody
INFORMATION: Created 13522591320.
Sept. 13, 2026 4:24:52 AM com.jme3.bullet.objects.PhysicsRigidBody rebuildRigidBody
INFORMATION: Created 135225952e0.
Sept. 13, 2026 4:24:52 AM com.jme3.bullet.objects.PhysicsRigidBody rebuildRigidBody
INFORMATION: Created 13522591650.
Sept. 13, 2026 4:24:52 AM com.jme3.bullet.objects.PhysicsRigidBody rebuildRigidBody
INFORMATION: Created 13522592fd0.
Sept. 13, 2026 4:24:52 AM com.jme3.bullet.objects.PhysicsRigidBody rebuildRigidBody
INFORMATION: Created 13522593630.
Sept. 13, 2026 4:24:52 AM com.jme3.bullet.objects.PhysicsRigidBody rebuildRigidBody
INFORMATION: Created 13522593fc0.
Sept. 13, 2026 4:24:52 AM com.jme3.bullet.objects.PhysicsRigidBody rebuildRigidBody
INFORMATION: Created 135225942f0.
Sept. 13, 2026 4:24:52 AM com.jme3.bullet.objects.PhysicsRigidBody rebuildRigidBody
INFORMATION: Created 13522594950.
Sept. 13, 2026 4:24:52 AM com.jme3.bullet.objects.PhysicsRigidBody rebuildRigidBody
INFORMATION: Created 13522595610.
Sept. 13, 2026 4:24:52 AM com.jme3.bullet.objects.PhysicsRigidBody rebuildRigidBody
INFORMATION: Created 13522591980.
Sept. 13, 2026 4:24:52 AM com.jme3.bullet.objects.PhysicsRigidBody rebuildRigidBody
INFORMATION: Created 13522595940.
Sept. 13, 2026 4:24:52 AM com.jme3.bullet.objects.PhysicsRigidBody rebuildRigidBody
INFORMATION: Created 13522597c50.
Sept. 13, 2026 4:24:52 AM com.jme3.bullet.objects.PhysicsRigidBody rebuildRigidBody
INFORMATION: Created 13522597f80.
Sept. 13, 2026 4:24:52 AM com.jme3.bullet.objects.PhysicsRigidBody rebuildRigidBody
INFORMATION: Created 13522595c70.
Sept. 13, 2026 4:24:52 AM com.jme3.bullet.objects.PhysicsRigidBody rebuildRigidBody
INFORMATION: Created 13522597920.
Sept. 13, 2026 4:24:52 AM com.jme3.bullet.objects.PhysicsRigidBody rebuildRigidBody
INFORMATION: Created 13522596930.
Sept. 13, 2026 4:24:52 AM com.jme3.bullet.objects.PhysicsRigidBody rebuildRigidBody
INFORMATION: Created 13522595fa0.
Sept. 13, 2026 4:24:52 AM com.jme3.bullet.objects.PhysicsRigidBody rebuildRigidBody
INFORMATION: Created 135225962d0.
Sept. 13, 2026 4:24:52 AM com.jme3.bullet.objects.PhysicsRigidBody rebuildRigidBody
INFORMATION: Created 13522596600.
Sept. 13, 2026 4:24:52 AM com.jme3.bullet.objects.PhysicsRigidBody rebuildRigidBody
INFORMATION: Created 13522596c60.
Sept. 13, 2026 4:24:52 AM com.jme3.bullet.objects.PhysicsRigidBody rebuildRigidBody
INFORMATION: Created 13522596f90.
Sept. 13, 2026 4:24:52 AM com.jme3.bullet.objects.PhysicsRigidBody rebuildRigidBody
INFORMATION: Created 135225972c0.
Sept. 13, 2026 4:24:52 AM com.jme3.bullet.objects.PhysicsRigidBody rebuildRigidBody
INFORMATION: Created 135225975f0.
Sept. 13, 2026 4:24:52 AM com.jme3.bullet.objects.PhysicsRigidBody rebuildRigidBody
INFORMATION: Created 135225982b0.
Sept. 13, 2026 4:24:52 AM com.jme3.bullet.objects.PhysicsRigidBody rebuildRigidBody
INFORMATION: Created 135225985e0.
Sept. 13, 2026 4:24:52 AM com.jme3.bullet.objects.PhysicsRigidBody rebuildRigidBody
INFORMATION: Created 13522598910.
Sept. 13, 2026 4:24:52 AM com.jme3.bullet.objects.PhysicsRigidBody rebuildRigidBody
INFORMATION: Created 13522598c40.
Sept. 13, 2026 4:24:52 AM com.jme3.bullet.objects.PhysicsRigidBody rebuildRigidBody
INFORMATION: Created 1352259a8f0.
Sept. 13, 2026 4:24:52 AM com.jme3.bullet.objects.PhysicsRigidBody rebuildRigidBody
INFORMATION: Created 1352259b8e0.
Sept. 13, 2026 4:24:52 AM com.jme3.bullet.objects.PhysicsRigidBody rebuildRigidBody
INFORMATION: Created 1352259ac20.
Sept. 13, 2026 4:24:52 AM com.jme3.bullet.objects.PhysicsRigidBody rebuildRigidBody
INFORMATION: Created 13522598f70.
Sept. 13, 2026 4:24:52 AM com.jme3.bullet.objects.PhysicsRigidBody rebuildRigidBody
INFORMATION: Created 135225992a0.
Sept. 13, 2026 4:24:52 AM com.jme3.bullet.objects.PhysicsRigidBody rebuildRigidBody
INFORMATION: Created 1352259bf40.
Sept. 13, 2026 4:24:52 AM com.jme3.bullet.objects.PhysicsRigidBody rebuildRigidBody
INFORMATION: Created 1352259af50.
Sept. 13, 2026 4:24:52 AM com.jme3.bullet.objects.PhysicsRigidBody rebuildRigidBody
INFORMATION: Created 1352259a290.
Sept. 13, 2026 4:24:52 AM com.jme3.bullet.objects.PhysicsRigidBody rebuildRigidBody
INFORMATION: Created 13522599c30.
Sept. 13, 2026 4:24:52 AM com.jme3.bullet.objects.PhysicsRigidBody rebuildRigidBody
INFORMATION: Created 1352259b280.
Sept. 13, 2026 4:24:52 AM com.jme3.bullet.objects.PhysicsRigidBody rebuildRigidBody
INFORMATION: Created 1352259b5b0.
Sept. 13, 2026 4:24:52 AM com.jme3.bullet.objects.PhysicsRigidBody rebuildRigidBody
INFORMATION: Created 1352259bc10.
Sept. 13, 2026 4:24:52 AM com.jme3.bullet.objects.PhysicsRigidBody rebuildRigidBody
INFORMATION: Created 135225995d0.
Sept. 13, 2026 4:24:52 AM com.jme3.bullet.objects.PhysicsRigidBody rebuildRigidBody
INFORMATION: Created 13522599900.
Sept. 13, 2026 4:24:52 AM com.jme3.bullet.objects.PhysicsRigidBody rebuildRigidBody
INFORMATION: Created 13522599f60.
Sept. 13, 2026 4:24:52 AM com.jme3.bullet.objects.PhysicsRigidBody rebuildRigidBody
INFORMATION: Created 1352259a5c0.
Sept. 13, 2026 4:24:52 AM com.jme3.bullet.objects.PhysicsRigidBody rebuildRigidBody
INFORMATION: Created 13528b4b3a0.
Sept. 13, 2026 4:24:52 AM com.jme3.bullet.objects.PhysicsRigidBody rebuildRigidBody
INFORMATION: Created 13528b4e040.
Sept. 13, 2026 4:24:52 AM com.jme3.bullet.objects.PhysicsRigidBody rebuildRigidBody
INFORMATION: Created 13528b4c390.
Sept. 13, 2026 4:24:52 AM com.jme3.bullet.objects.PhysicsRigidBody rebuildRigidBody
INFORMATION: Created 13528b4d6b0.
Sept. 13, 2026 4:24:52 AM com.jme3.bullet.objects.PhysicsRigidBody rebuildRigidBody
INFORMATION: Created 13528b4e9d0.
Sept. 13, 2026 4:24:52 AM com.jme3.bullet.objects.PhysicsRigidBody rebuildRigidBody
INFORMATION: Created 13528b4c060.
Sept. 13, 2026 4:24:52 AM com.jme3.bullet.objects.PhysicsRigidBody rebuildRigidBody
INFORMATION: Created 13528b4d380.
Sept. 13, 2026 4:24:52 AM com.jme3.bullet.objects.PhysicsRigidBody rebuildRigidBody
INFORMATION: Created 13528b4b6d0.
Sept. 13, 2026 4:24:52 AM com.jme3.bullet.objects.PhysicsRigidBody rebuildRigidBody
INFORMATION: Created 13528b4e370.
Sept. 13, 2026 4:24:52 AM com.jme3.bullet.objects.PhysicsRigidBody rebuildRigidBody
INFORMATION: Created 13528b4c6c0.
Sept. 13, 2026 4:24:52 AM com.jme3.bullet.objects.PhysicsRigidBody rebuildRigidBody
INFORMATION: Created 13528b4cd20.
Sept. 13, 2026 4:24:52 AM com.jme3.bullet.objects.PhysicsRigidBody rebuildRigidBody
INFORMATION: Created 13528b4d050.
Sept. 13, 2026 4:24:52 AM com.jme3.bullet.objects.PhysicsRigidBody rebuildRigidBody
INFORMATION: Created 13528b4d9e0.
Sept. 13, 2026 4:24:52 AM com.jme3.bullet.objects.PhysicsRigidBody rebuildRigidBody
INFORMATION: Created 13528b4b070.
Sept. 13, 2026 4:24:52 AM com.jme3.bullet.objects.PhysicsRigidBody rebuildRigidBody
INFORMATION: Created 13528b4c9f0.
Sept. 13, 2026 4:24:52 AM com.jme3.bullet.objects.PhysicsRigidBody rebuildRigidBody
INFORMATION: Created 13528b4f360.
Sept. 13, 2026 4:24:52 AM com.jme3.bullet.objects.PhysicsRigidBody rebuildRigidBody
INFORMATION: Created 13528b4dd10.
Sept. 13, 2026 4:24:52 AM com.jme3.bullet.objects.PhysicsRigidBody rebuildRigidBody
INFORMATION: Created 13528b4ed00.
Sept. 13, 2026 4:24:52 AM com.jme3.bullet.objects.PhysicsRigidBody rebuildRigidBody
INFORMATION: Created 13528b4e6a0.
Sept. 13, 2026 4:24:52 AM com.jme3.bullet.objects.PhysicsRigidBody rebuildRigidBody
INFORMATION: Created 13528b4f030.
Sept. 13, 2026 4:24:52 AM com.jme3.bullet.objects.PhysicsRigidBody rebuildRigidBody
INFORMATION: Created 13528b4f690.
Sept. 13, 2026 4:24:52 AM com.jme3.bullet.objects.PhysicsRigidBody rebuildRigidBody
INFORMATION: Created 13528b4ba00.
Sept. 13, 2026 4:24:52 AM com.jme3.bullet.objects.PhysicsRigidBody rebuildRigidBody
INFORMATION: Created 13528b4f9c0.
Sept. 13, 2026 4:24:52 AM com.jme3.anim.SkinningControl controlRender
INFORMATION: Hardware skinning engaged for Scene (Node)
Sept. 13, 2026 4:24:52 AM com.jme3.anim.SkinningControl controlRender
INFORMATION: Hardware skinning engaged for Scene (Node)
Sept. 13, 2026 4:24:52 AM com.jme3.anim.SkinningControl controlRender
INFORMATION: Hardware skinning engaged for Scene (Node)
Sept. 13, 2026 4:24:52 AM com.jme3.anim.SkinningControl controlRender
INFORMATION: Hardware skinning engaged for Scene (Node)
Sept. 13, 2026 4:24:52 AM com.jme3.anim.SkinningControl controlRender
INFORMATION: Hardware skinning engaged for Scene (Node)
Sept. 13, 2026 4:24:52 AM com.jme3.anim.SkinningControl controlRender
INFORMATION: Hardware skinning engaged for Scene (Node)
Sept. 13, 2026 4:24:52 AM com.jme3.anim.SkinningControl controlRender
INFORMATION: Hardware skinning engaged for Scene (Node)
[SMOKE] stage 7
Sept. 13, 2026 4:24:54 AM com.jme3.bullet.objects.PhysicsRigidBody rebuildRigidBody
INFORMATION: Created 13528b4bd30.
Sept. 13, 2026 4:24:54 AM com.jme3.bullet.objects.PhysicsRigidBody rebuildRigidBody
INFORMATION: Created 13528b52ff0.
Sept. 13, 2026 4:24:54 AM com.jme3.bullet.objects.PhysicsRigidBody rebuildRigidBody
INFORMATION: Created 13528b50680.
Sept. 13, 2026 4:24:54 AM com.jme3.bullet.objects.PhysicsRigidBody rebuildRigidBody
INFORMATION: Created 13528b51cd0.
Sept. 13, 2026 4:24:54 AM com.jme3.bullet.objects.PhysicsRigidBody rebuildRigidBody
INFORMATION: Created 13528b53320.
Sept. 13, 2026 4:24:54 AM com.jme3.bullet.objects.PhysicsRigidBody rebuildRigidBody
INFORMATION: Created 13528b51670.
Sept. 13, 2026 4:24:54 AM com.jme3.bullet.objects.PhysicsRigidBody rebuildRigidBody
INFORMATION: Created 13528b52660.
Sept. 13, 2026 4:24:54 AM com.jme3.bullet.objects.PhysicsRigidBody rebuildRigidBody
INFORMATION: Created 13528b50020.
Sept. 13, 2026 4:24:54 AM com.jme3.bullet.objects.PhysicsRigidBody rebuildRigidBody
INFORMATION: Created 13528b52330.
Sept. 13, 2026 4:24:54 AM com.jme3.bullet.objects.PhysicsRigidBody rebuildRigidBody
INFORMATION: Created 13528b52000.
Sept. 13, 2026 4:24:54 AM com.jme3.bullet.objects.PhysicsRigidBody rebuildRigidBody
INFORMATION: Created 13528b52990.
Sept. 13, 2026 4:24:54 AM com.jme3.bullet.objects.PhysicsRigidBody rebuildRigidBody
INFORMATION: Created 13528b53650.
Sept. 13, 2026 4:24:54 AM com.jme3.bullet.objects.PhysicsRigidBody rebuildRigidBody
INFORMATION: Created 13528b50ce0.
Sept. 13, 2026 4:24:54 AM com.jme3.bullet.objects.PhysicsRigidBody rebuildRigidBody
INFORMATION: Created 13528b50350.
Sept. 13, 2026 4:24:54 AM com.jme3.bullet.objects.PhysicsRigidBody rebuildRigidBody
INFORMATION: Created 13528b53980.
Sept. 13, 2026 4:24:54 AM com.jme3.bullet.objects.PhysicsRigidBody rebuildRigidBody
INFORMATION: Created 13528b51010.
Sept. 13, 2026 4:24:54 AM com.jme3.bullet.objects.PhysicsRigidBody rebuildRigidBody
INFORMATION: Created 13528b52cc0.
Sept. 13, 2026 4:24:54 AM com.jme3.bullet.objects.PhysicsRigidBody rebuildRigidBody
INFORMATION: Created 13528b4fcf0.
Sept. 13, 2026 4:24:54 AM com.jme3.bullet.objects.PhysicsRigidBody rebuildRigidBody
INFORMATION: Created 13528b53fe0.
Sept. 13, 2026 4:24:54 AM com.jme3.bullet.objects.PhysicsRigidBody rebuildRigidBody
INFORMATION: Created 13528b53cb0.
Sept. 13, 2026 4:24:54 AM com.jme3.bullet.objects.PhysicsRigidBody rebuildRigidBody
INFORMATION: Created 13528b51340.
Sept. 13, 2026 4:24:54 AM com.jme3.bullet.objects.PhysicsRigidBody rebuildRigidBody
INFORMATION: Created 13528b54310.
Sept. 13, 2026 4:24:54 AM com.jme3.bullet.objects.PhysicsRigidBody rebuildRigidBody
INFORMATION: Created 13528b519a0.
Sept. 13, 2026 4:24:54 AM com.jme3.bullet.objects.PhysicsRigidBody rebuildRigidBody
INFORMATION: Created 13528b54640.
Sept. 13, 2026 4:24:54 AM com.jme3.bullet.objects.PhysicsRigidBody rebuildRigidBody
INFORMATION: Created 13528b509b0.
Sept. 13, 2026 4:24:54 AM com.jme3.bullet.objects.PhysicsRigidBody rebuildRigidBody
INFORMATION: Created 13528b56620.
Sept. 13, 2026 4:24:54 AM com.jme3.bullet.objects.PhysicsRigidBody rebuildRigidBody
INFORMATION: Created 13528b54970.
Sept. 13, 2026 4:24:54 AM com.jme3.bullet.objects.PhysicsRigidBody rebuildRigidBody
INFORMATION: Created 13528b54ca0.
Sept. 13, 2026 4:24:54 AM com.jme3.bullet.objects.PhysicsRigidBody rebuildRigidBody
INFORMATION: Created 13528b54fd0.
Sept. 13, 2026 4:24:54 AM com.jme3.bullet.objects.PhysicsRigidBody rebuildRigidBody
INFORMATION: Created 13528b55300.
Sept. 13, 2026 4:24:54 AM com.jme3.bullet.objects.PhysicsRigidBody rebuildRigidBody
INFORMATION: Created 13528b55960.
Sept. 13, 2026 4:24:54 AM com.jme3.bullet.objects.PhysicsRigidBody rebuildRigidBody
INFORMATION: Created 13528b55630.
Sept. 13, 2026 4:24:54 AM com.jme3.bullet.objects.PhysicsRigidBody rebuildRigidBody
INFORMATION: Created 13528b55c90.
Sept. 13, 2026 4:24:54 AM com.jme3.bullet.objects.PhysicsRigidBody rebuildRigidBody
INFORMATION: Created 13528b55fc0.
Sept. 13, 2026 4:24:54 AM com.jme3.bullet.objects.PhysicsRigidBody rebuildRigidBody
INFORMATION: Created 13528b562f0.
Sept. 13, 2026 4:24:54 AM com.jme3.bullet.objects.PhysicsRigidBody rebuildRigidBody
INFORMATION: Created 13528b56c80.
Sept. 13, 2026 4:24:54 AM com.jme3.bullet.objects.PhysicsRigidBody rebuildRigidBody
INFORMATION: Created 13528b56950.
Sept. 13, 2026 4:24:54 AM com.jme3.bullet.objects.PhysicsRigidBody rebuildRigidBody
INFORMATION: Created 13528b56fb0.
Sept. 13, 2026 4:24:54 AM com.jme3.bullet.objects.PhysicsRigidBody rebuildRigidBody
INFORMATION: Created 13528b572e0.
Sept. 13, 2026 4:24:54 AM com.jme3.bullet.objects.PhysicsRigidBody rebuildRigidBody
INFORMATION: Created 13528b57610.
Sept. 13, 2026 4:24:54 AM com.jme3.bullet.objects.PhysicsRigidBody rebuildRigidBody
INFORMATION: Created 13528b57940.
Sept. 13, 2026 4:24:54 AM com.jme3.bullet.objects.PhysicsRigidBody rebuildRigidBody
INFORMATION: Created 13528b582d0.
Sept. 13, 2026 4:24:54 AM com.jme3.bullet.objects.PhysicsRigidBody rebuildRigidBody
INFORMATION: Created 13528b5a5e0.
Sept. 13, 2026 4:24:54 AM com.jme3.bullet.objects.PhysicsRigidBody rebuildRigidBody
INFORMATION: Created 13528b5a2b0.
Sept. 13, 2026 4:24:54 AM com.jme3.bullet.objects.PhysicsRigidBody rebuildRigidBody
INFORMATION: Created 13528b58600.
Sept. 13, 2026 4:24:54 AM com.jme3.bullet.objects.PhysicsRigidBody rebuildRigidBody
INFORMATION: Created 13528b58f90.
Sept. 13, 2026 4:24:54 AM com.jme3.bullet.objects.PhysicsRigidBody rebuildRigidBody
INFORMATION: Created 13528b5a910.
Sept. 13, 2026 4:24:54 AM com.jme3.bullet.objects.PhysicsRigidBody rebuildRigidBody
INFORMATION: Created 13528b592c0.
Sept. 13, 2026 4:24:54 AM com.jme3.bullet.objects.PhysicsRigidBody rebuildRigidBody
INFORMATION: Created 13528b58930.
Sept. 13, 2026 4:24:54 AM com.jme3.bullet.objects.PhysicsRigidBody rebuildRigidBody
INFORMATION: Created 13528b59c50.
Sept. 13, 2026 4:24:54 AM com.jme3.bullet.objects.PhysicsRigidBody rebuildRigidBody
INFORMATION: Created 13528b59920.
Sept. 13, 2026 4:24:54 AM com.jme3.bullet.objects.PhysicsRigidBody rebuildRigidBody
INFORMATION: Created 13528b57c70.
Sept. 13, 2026 4:24:54 AM com.jme3.bullet.objects.PhysicsRigidBody rebuildRigidBody
INFORMATION: Created 13528b57fa0.
Sept. 13, 2026 4:24:54 AM com.jme3.bullet.objects.PhysicsRigidBody rebuildRigidBody
INFORMATION: Created 13528b595f0.
Sept. 13, 2026 4:24:54 AM com.jme3.bullet.objects.PhysicsRigidBody rebuildRigidBody
INFORMATION: Created 13528b58c60.
Sept. 13, 2026 4:24:54 AM com.jme3.bullet.objects.PhysicsRigidBody rebuildRigidBody
INFORMATION: Created 13528b59f80.
Sept. 13, 2026 4:24:54 AM com.jme3.bullet.objects.PhysicsRigidBody rebuildRigidBody
INFORMATION: Created 13528b5ac40.
Sept. 13, 2026 4:24:54 AM com.jme3.bullet.objects.PhysicsRigidBody rebuildRigidBody
INFORMATION: Created 13521dd3710.
Sept. 13, 2026 4:24:54 AM com.jme3.bullet.objects.PhysicsRigidBody rebuildRigidBody
INFORMATION: Created 13521dd23f0.
Sept. 13, 2026 4:24:54 AM com.jme3.bullet.objects.PhysicsRigidBody rebuildRigidBody
INFORMATION: Created 13521dd1400.
Sept. 13, 2026 4:24:54 AM com.jme3.bullet.objects.PhysicsRigidBody rebuildRigidBody
INFORMATION: Created 13521dd3a40.
Sept. 13, 2026 4:24:54 AM com.jme3.bullet.objects.PhysicsRigidBody rebuildRigidBody
INFORMATION: Created 13521dd4a30.
Sept. 13, 2026 4:24:54 AM com.jme3.bullet.objects.PhysicsRigidBody rebuildRigidBody
INFORMATION: Created 13521dd3d70.
Sept. 13, 2026 4:24:54 AM com.jme3.bullet.objects.PhysicsRigidBody rebuildRigidBody
INFORMATION: Created 13521dd2d80.
Sept. 13, 2026 4:24:54 AM com.jme3.bullet.objects.PhysicsRigidBody rebuildRigidBody
INFORMATION: Created 13521dd1730.
Sept. 13, 2026 4:24:54 AM com.jme3.bullet.objects.PhysicsRigidBody rebuildRigidBody
INFORMATION: Created 13521dd30b0.
Sept. 13, 2026 4:24:54 AM com.jme3.bullet.objects.PhysicsRigidBody rebuildRigidBody
INFORMATION: Created 13521dd40a0.
Sept. 13, 2026 4:24:54 AM com.jme3.bullet.objects.PhysicsRigidBody rebuildRigidBody
INFORMATION: Created 13521dd2720.
Sept. 13, 2026 4:24:54 AM com.jme3.bullet.objects.PhysicsRigidBody rebuildRigidBody
INFORMATION: Created 13521dd1d90.
Sept. 13, 2026 4:24:54 AM com.jme3.bullet.objects.PhysicsRigidBody rebuildRigidBody
INFORMATION: Created 13521dd0da0.
Sept. 13, 2026 4:24:54 AM com.jme3.bullet.objects.PhysicsRigidBody rebuildRigidBody
INFORMATION: Created 13521dd43d0.
Sept. 13, 2026 4:24:54 AM com.jme3.bullet.objects.PhysicsRigidBody rebuildRigidBody
INFORMATION: Created 13521dd20c0.
Sept. 13, 2026 4:24:54 AM com.jme3.bullet.objects.PhysicsRigidBody rebuildRigidBody
INFORMATION: Created 13521dd2a50.
Sept. 13, 2026 4:24:54 AM com.jme3.bullet.objects.PhysicsRigidBody rebuildRigidBody
INFORMATION: Created 13521dd33e0.
Sept. 13, 2026 4:24:54 AM com.jme3.bullet.objects.PhysicsRigidBody rebuildRigidBody
INFORMATION: Created 13521dd4700.
Sept. 13, 2026 4:24:54 AM com.jme3.bullet.objects.PhysicsRigidBody rebuildRigidBody
INFORMATION: Created 13521dd10d0.
Sept. 13, 2026 4:24:54 AM com.jme3.bullet.objects.PhysicsRigidBody rebuildRigidBody
INFORMATION: Created 13521dd53c0.
Sept. 13, 2026 4:24:54 AM com.jme3.bullet.objects.PhysicsRigidBody rebuildRigidBody
INFORMATION: Created 13521dd4d60.
Sept. 13, 2026 4:24:54 AM com.jme3.bullet.objects.PhysicsRigidBody rebuildRigidBody
INFORMATION: Created 13521dd5090.
Sept. 13, 2026 4:24:54 AM com.jme3.bullet.objects.PhysicsRigidBody rebuildRigidBody
INFORMATION: Created 13521dd1a60.
Sept. 13, 2026 4:24:54 AM com.jme3.bullet.objects.PhysicsRigidBody rebuildRigidBody
INFORMATION: Created 13521dd8d20.
Sept. 13, 2026 4:24:54 AM com.jme3.bullet.objects.PhysicsRigidBody rebuildRigidBody
INFORMATION: Created 13521dd73a0.
Sept. 13, 2026 4:24:54 AM com.jme3.bullet.objects.PhysicsRigidBody rebuildRigidBody
INFORMATION: Created 13521dd9050.
Sept. 13, 2026 4:24:54 AM com.jme3.bullet.objects.PhysicsRigidBody rebuildRigidBody
INFORMATION: Created 13521dd9380.
Sept. 13, 2026 4:24:54 AM com.jme3.bullet.objects.PhysicsRigidBody rebuildRigidBody
INFORMATION: Created 13521dd6d40.
Sept. 13, 2026 4:24:54 AM com.jme3.bullet.objects.PhysicsRigidBody rebuildRigidBody
INFORMATION: Created 13521dd56f0.
Sept. 13, 2026 4:24:54 AM com.jme3.bullet.objects.PhysicsRigidBody rebuildRigidBody
INFORMATION: Created 13521dd8390.
Sept. 13, 2026 4:24:54 AM com.jme3.bullet.objects.PhysicsRigidBody rebuildRigidBody
INFORMATION: Created 13521dd96b0.
Sept. 13, 2026 4:24:54 AM com.jme3.bullet.objects.PhysicsRigidBody rebuildRigidBody
INFORMATION: Created 13521dd5d50.
Sept. 13, 2026 4:24:54 AM com.jme3.bullet.objects.PhysicsRigidBody rebuildRigidBody
INFORMATION: Created 13521dd7d30.
Sept. 13, 2026 4:24:54 AM com.jme3.bullet.objects.PhysicsRigidBody rebuildRigidBody
INFORMATION: Created 13521dd86c0.
Sept. 13, 2026 4:24:54 AM com.jme3.bullet.objects.PhysicsRigidBody rebuildRigidBody
INFORMATION: Created 13521dd5a20.
Sept. 13, 2026 4:24:54 AM com.jme3.bullet.objects.PhysicsRigidBody rebuildRigidBody
INFORMATION: Created 13521dd8060.
Sept. 13, 2026 4:24:54 AM com.jme3.bullet.objects.PhysicsRigidBody rebuildRigidBody
INFORMATION: Created 13521dd9d10.
Sept. 13, 2026 4:24:54 AM com.jme3.bullet.objects.PhysicsRigidBody rebuildRigidBody
INFORMATION: Created 13521dd99e0.
Sept. 13, 2026 4:24:54 AM com.jme3.bullet.objects.PhysicsRigidBody rebuildRigidBody
INFORMATION: Created 13521dd6080.
Sept. 13, 2026 4:24:54 AM com.jme3.bullet.objects.PhysicsRigidBody rebuildRigidBody
INFORMATION: Created 13521dda040.
Sept. 13, 2026 4:24:54 AM com.jme3.bullet.objects.PhysicsRigidBody rebuildRigidBody
INFORMATION: Created 13521dd63b0.
Sept. 13, 2026 4:24:54 AM com.jme3.bullet.objects.PhysicsRigidBody rebuildRigidBody
INFORMATION: Created 13521dd89f0.
Sept. 13, 2026 4:24:54 AM com.jme3.bullet.objects.PhysicsRigidBody rebuildRigidBody
INFORMATION: Created 13521dda370.
Sept. 13, 2026 4:24:54 AM com.jme3.bullet.objects.PhysicsRigidBody rebuildRigidBody
INFORMATION: Created 13521dd66e0.
Sept. 13, 2026 4:24:54 AM com.jme3.bullet.objects.PhysicsRigidBody rebuildRigidBody
INFORMATION: Created 13521dda6a0.
Sept. 13, 2026 4:24:54 AM com.jme3.bullet.objects.PhysicsRigidBody rebuildRigidBody
INFORMATION: Created 13521dd6a10.
Sept. 13, 2026 4:24:54 AM com.jme3.bullet.objects.PhysicsRigidBody rebuildRigidBody
INFORMATION: Created 13521dda9d0.
Sept. 13, 2026 4:24:54 AM com.jme3.bullet.objects.PhysicsRigidBody rebuildRigidBody
INFORMATION: Created 13521ddad00.
Sept. 13, 2026 4:24:54 AM com.jme3.bullet.objects.PhysicsRigidBody rebuildRigidBody
INFORMATION: Created 13521dd7070.
Sept. 13, 2026 4:24:54 AM com.jme3.bullet.objects.PhysicsRigidBody rebuildRigidBody
INFORMATION: Created 13521ddb030.
Sept. 13, 2026 4:24:54 AM com.jme3.bullet.objects.PhysicsRigidBody rebuildRigidBody
INFORMATION: Created 13521ddb360.
Sept. 13, 2026 4:24:54 AM com.jme3.bullet.objects.PhysicsRigidBody rebuildRigidBody
INFORMATION: Created 13521dd76d0.
Sept. 13, 2026 4:24:54 AM com.jme3.bullet.objects.PhysicsRigidBody rebuildRigidBody
INFORMATION: Created 13521ddb690.
Sept. 13, 2026 4:24:54 AM com.jme3.bullet.objects.PhysicsRigidBody rebuildRigidBody
INFORMATION: Created 13521dd7a00.
Sept. 13, 2026 4:24:54 AM com.jme3.bullet.objects.PhysicsRigidBody rebuildRigidBody
INFORMATION: Created 13521ddb9c0.
Sept. 13, 2026 4:24:54 AM com.jme3.bullet.objects.PhysicsRigidBody rebuildRigidBody
INFORMATION: Created 13521ddbcf0.
Sept. 13, 2026 4:24:54 AM com.jme3.bullet.objects.PhysicsRigidBody rebuildRigidBody
INFORMATION: Created 13521ddc9b0.
Sept. 13, 2026 4:24:54 AM com.jme3.bullet.objects.PhysicsRigidBody rebuildRigidBody
INFORMATION: Created 13521ddc020.
Sept. 13, 2026 4:24:54 AM com.jme3.bullet.objects.PhysicsRigidBody rebuildRigidBody
INFORMATION: Created 13521ddd670.
Sept. 13, 2026 4:24:54 AM com.jme3.bullet.objects.PhysicsRigidBody rebuildRigidBody
INFORMATION: Created 13521ddc350.
Sept. 13, 2026 4:24:54 AM com.jme3.bullet.objects.PhysicsRigidBody rebuildRigidBody
INFORMATION: Created 13521ddc680.
Sept. 13, 2026 4:24:54 AM com.jme3.bullet.objects.PhysicsRigidBody rebuildRigidBody
INFORMATION: Created 13521ddcce0.
Sept. 13, 2026 4:24:54 AM com.jme3.bullet.objects.PhysicsRigidBody rebuildRigidBody
INFORMATION: Created 13521ddd010.
Sept. 13, 2026 4:24:54 AM com.jme3.bullet.objects.PhysicsRigidBody rebuildRigidBody
INFORMATION: Created 13521ddd340.
Sept. 13, 2026 4:24:54 AM com.jme3.bullet.objects.PhysicsRigidBody rebuildRigidBody
INFORMATION: Created 13521dde330.
Sept. 13, 2026 4:24:54 AM com.jme3.bullet.objects.PhysicsRigidBody rebuildRigidBody
INFORMATION: Created 13521ddf650.
Sept. 13, 2026 4:24:54 AM com.jme3.bullet.objects.PhysicsRigidBody rebuildRigidBody
INFORMATION: Created 13521de0640.
Sept. 13, 2026 4:24:54 AM com.jme3.bullet.objects.PhysicsRigidBody rebuildRigidBody
INFORMATION: Created 13521de0970.
Sept. 13, 2026 4:24:54 AM com.jme3.bullet.objects.PhysicsRigidBody rebuildRigidBody
INFORMATION: Created 13521ddffe0.
Sept. 13, 2026 4:24:54 AM com.jme3.bullet.objects.PhysicsRigidBody rebuildRigidBody
INFORMATION: Created 13521ddd9a0.
Sept. 13, 2026 4:24:54 AM com.jme3.bullet.objects.PhysicsRigidBody rebuildRigidBody
INFORMATION: Created 13521dddcd0.
Sept. 13, 2026 4:24:54 AM com.jme3.bullet.objects.PhysicsRigidBody rebuildRigidBody
INFORMATION: Created 13521ddeff0.
Sept. 13, 2026 4:24:54 AM com.jme3.bullet.objects.PhysicsRigidBody rebuildRigidBody
INFORMATION: Created 13521dde990.
Sept. 13, 2026 4:24:54 AM com.jme3.bullet.objects.PhysicsRigidBody rebuildRigidBody
INFORMATION: Created 13521dde000.
Sept. 13, 2026 4:24:54 AM com.jme3.bullet.objects.PhysicsRigidBody rebuildRigidBody
INFORMATION: Created 13521dde660.
Sept. 13, 2026 4:24:54 AM com.jme3.bullet.objects.PhysicsRigidBody rebuildRigidBody
INFORMATION: Created 13521ddf980.
Sept. 13, 2026 4:24:54 AM com.jme3.bullet.objects.PhysicsRigidBody rebuildRigidBody
INFORMATION: Created 13521ddecc0.
Sept. 13, 2026 4:24:54 AM com.jme3.bullet.objects.PhysicsRigidBody rebuildRigidBody
INFORMATION: Created 13521ddfcb0.
Sept. 13, 2026 4:24:54 AM com.jme3.bullet.objects.PhysicsRigidBody rebuildRigidBody
INFORMATION: Created 13521ddf320.
Sept. 13, 2026 4:24:54 AM com.jme3.anim.SkinningControl controlRender
INFORMATION: Hardware skinning engaged for Scene (Node)
Sept. 13, 2026 4:24:54 AM com.jme3.anim.SkinningControl controlRender
INFORMATION: Hardware skinning engaged for Scene (Node)
Sept. 13, 2026 4:24:54 AM com.jme3.anim.SkinningControl controlRender
INFORMATION: Hardware skinning engaged for Scene (Node)
Sept. 13, 2026 4:24:54 AM com.jme3.anim.SkinningControl controlRender
INFORMATION: Hardware skinning engaged for Scene (Node)
Sept. 13, 2026 4:24:54 AM com.jme3.anim.SkinningControl controlRender
INFORMATION: Hardware skinning engaged for Scene (Node)
Sept. 13, 2026 4:24:54 AM com.jme3.anim.SkinningControl controlRender
INFORMATION: Hardware skinning engaged for Scene (Node)
Sept. 13, 2026 4:24:54 AM com.jme3.anim.SkinningControl controlRender
INFORMATION: Hardware skinning engaged for Scene (Node)
[SMOKE] stage 8
Sept. 13, 2026 4:24:57 AM com.jme3.bullet.objects.PhysicsRigidBody rebuildRigidBody
INFORMATION: Created 13521de0310.
Sept. 13, 2026 4:24:57 AM com.jme3.bullet.objects.PhysicsRigidBody rebuildRigidBody
INFORMATION: Created 1351f1b4590.
Sept. 13, 2026 4:24:57 AM com.jme3.bullet.objects.PhysicsRigidBody rebuildRigidBody
INFORMATION: Created 1351f1b3270.
Sept. 13, 2026 4:24:57 AM com.jme3.bullet.objects.PhysicsRigidBody rebuildRigidBody
INFORMATION: Created 1351f1b2f40.
Sept. 13, 2026 4:24:57 AM com.jme3.bullet.objects.PhysicsRigidBody rebuildRigidBody
INFORMATION: Created 1351f1b3c00.
Sept. 13, 2026 4:24:57 AM com.jme3.bullet.objects.PhysicsRigidBody rebuildRigidBody
INFORMATION: Created 1351f1b38d0.
Sept. 13, 2026 4:24:57 AM com.jme3.bullet.objects.PhysicsRigidBody rebuildRigidBody
INFORMATION: Created 1351f1b3f30.
Sept. 13, 2026 4:24:57 AM com.jme3.bullet.objects.PhysicsRigidBody rebuildRigidBody
INFORMATION: Created 1351f1b35a0.
Sept. 13, 2026 4:24:57 AM com.jme3.bullet.objects.PhysicsRigidBody rebuildRigidBody
INFORMATION: Created 1351f1b4260.
Sept. 13, 2026 4:24:57 AM com.jme3.bullet.objects.PhysicsRigidBody rebuildRigidBody
INFORMATION: Created 1351f1b15c0.
Sept. 13, 2026 4:24:57 AM com.jme3.bullet.objects.PhysicsRigidBody rebuildRigidBody
INFORMATION: Created 1351f1b2280.
Sept. 13, 2026 4:24:57 AM com.jme3.bullet.objects.PhysicsRigidBody rebuildRigidBody
INFORMATION: Created 1351f1b1c20.
Sept. 13, 2026 4:24:57 AM com.jme3.bullet.objects.PhysicsRigidBody rebuildRigidBody
INFORMATION: Created 1351f1b18f0.
Sept. 13, 2026 4:24:57 AM com.jme3.bullet.objects.PhysicsRigidBody rebuildRigidBody
INFORMATION: Created 1351f1b1f50.
Sept. 13, 2026 4:24:57 AM com.jme3.bullet.objects.PhysicsRigidBody rebuildRigidBody
INFORMATION: Created 1351f1b25b0.
Sept. 13, 2026 4:24:57 AM com.jme3.bullet.objects.PhysicsRigidBody rebuildRigidBody
INFORMATION: Created 1351f1b28e0.
Sept. 13, 2026 4:24:57 AM com.jme3.bullet.objects.PhysicsRigidBody rebuildRigidBody
INFORMATION: Created 1351f1b2c10.
Sept. 13, 2026 4:24:57 AM com.jme3.bullet.objects.PhysicsRigidBody rebuildRigidBody
INFORMATION: Created 1351f1a6010.
Sept. 13, 2026 4:24:57 AM com.jme3.bullet.objects.PhysicsRigidBody rebuildRigidBody
INFORMATION: Created 1351f1a5350.
Sept. 13, 2026 4:24:57 AM com.jme3.bullet.objects.PhysicsRigidBody rebuildRigidBody
INFORMATION: Created 1351f1a6340.
Sept. 13, 2026 4:24:57 AM com.jme3.bullet.objects.PhysicsRigidBody rebuildRigidBody
INFORMATION: Created 1351f1a4cf0.
Sept. 13, 2026 4:24:57 AM com.jme3.bullet.objects.PhysicsRigidBody rebuildRigidBody
INFORMATION: Created 1351f1a7000.
Sept. 13, 2026 4:24:57 AM com.jme3.bullet.objects.PhysicsRigidBody rebuildRigidBody
INFORMATION: Created 1351f1a6670.
Sept. 13, 2026 4:24:57 AM com.jme3.bullet.objects.PhysicsRigidBody rebuildRigidBody
INFORMATION: Created 1351f1a8650.
Sept. 13, 2026 4:24:57 AM com.jme3.bullet.objects.PhysicsRigidBody rebuildRigidBody
INFORMATION: Created 1351f1a6cd0.
Sept. 13, 2026 4:24:57 AM com.jme3.bullet.objects.PhysicsRigidBody rebuildRigidBody
INFORMATION: Created 1351f1a5020.
Sept. 13, 2026 4:24:57 AM com.jme3.bullet.objects.PhysicsRigidBody rebuildRigidBody
INFORMATION: Created 1351f1a5ce0.
Sept. 13, 2026 4:24:57 AM com.jme3.bullet.objects.PhysicsRigidBody rebuildRigidBody
INFORMATION: Created 1351f1a69a0.
Sept. 13, 2026 4:24:57 AM com.jme3.bullet.objects.PhysicsRigidBody rebuildRigidBody
INFORMATION: Created 1351f1a7330.
Sept. 13, 2026 4:24:57 AM com.jme3.bullet.objects.PhysicsRigidBody rebuildRigidBody
INFORMATION: Created 1351f1a5680.
Sept. 13, 2026 4:24:57 AM com.jme3.bullet.objects.PhysicsRigidBody rebuildRigidBody
INFORMATION: Created 1351f1a49c0.
Sept. 13, 2026 4:24:57 AM com.jme3.bullet.objects.PhysicsRigidBody rebuildRigidBody
INFORMATION: Created 1351f1a8980.
Sept. 13, 2026 4:24:57 AM com.jme3.bullet.objects.PhysicsRigidBody rebuildRigidBody
INFORMATION: Created 1351f1a7660.
Sept. 13, 2026 4:24:57 AM com.jme3.bullet.objects.PhysicsRigidBody rebuildRigidBody
INFORMATION: Created 1351f1a7990.
Sept. 13, 2026 4:24:57 AM com.jme3.bullet.objects.PhysicsRigidBody rebuildRigidBody
INFORMATION: Created 1351f1a7cc0.
Sept. 13, 2026 4:24:57 AM com.jme3.bullet.objects.PhysicsRigidBody rebuildRigidBody
INFORMATION: Created 1351f1a7ff0.
Sept. 13, 2026 4:24:57 AM com.jme3.bullet.objects.PhysicsRigidBody rebuildRigidBody
INFORMATION: Created 1351f1a8cb0.
Sept. 13, 2026 4:24:57 AM com.jme3.bullet.objects.PhysicsRigidBody rebuildRigidBody
INFORMATION: Created 1351f1a8320.
Sept. 13, 2026 4:24:57 AM com.jme3.bullet.objects.PhysicsRigidBody rebuildRigidBody
INFORMATION: Created 1351f1a59b0.
Sept. 13, 2026 4:24:57 AM com.jme3.bullet.objects.PhysicsRigidBody rebuildRigidBody
INFORMATION: Created 1351f1ab620.
Sept. 13, 2026 4:24:57 AM com.jme3.bullet.objects.PhysicsRigidBody rebuildRigidBody
INFORMATION: Created 1351f1a9ca0.
Sept. 13, 2026 4:24:57 AM com.jme3.bullet.objects.PhysicsRigidBody rebuildRigidBody
INFORMATION: Created 1351f1abfb0.
Sept. 13, 2026 4:24:57 AM com.jme3.bullet.objects.PhysicsRigidBody rebuildRigidBody
INFORMATION: Created 1351f1aa300.
Sept. 13, 2026 4:24:57 AM com.jme3.bullet.objects.PhysicsRigidBody rebuildRigidBody
INFORMATION: Created 1351f1a9fd0.
Sept. 13, 2026 4:24:57 AM com.jme3.bullet.objects.PhysicsRigidBody rebuildRigidBody
INFORMATION: Created 1351f1acc70.
Sept. 13, 2026 4:24:57 AM com.jme3.bullet.objects.PhysicsRigidBody rebuildRigidBody
INFORMATION: Created 1351f1aa630.
Sept. 13, 2026 4:24:57 AM com.jme3.bullet.objects.PhysicsRigidBody rebuildRigidBody
INFORMATION: Created 1351f1ab950.
Sept. 13, 2026 4:24:57 AM com.jme3.bullet.objects.PhysicsRigidBody rebuildRigidBody
INFORMATION: Created 1351f1abc80.
Sept. 13, 2026 4:24:57 AM com.jme3.bullet.objects.PhysicsRigidBody rebuildRigidBody
INFORMATION: Created 1351f1ab2f0.
Sept. 13, 2026 4:24:57 AM com.jme3.bullet.objects.PhysicsRigidBody rebuildRigidBody
INFORMATION: Created 1351f1ac2e0.
Sept. 13, 2026 4:24:57 AM com.jme3.bullet.objects.PhysicsRigidBody rebuildRigidBody
INFORMATION: Created 1351f1ac610.
Sept. 13, 2026 4:24:57 AM com.jme3.bullet.objects.PhysicsRigidBody rebuildRigidBody
INFORMATION: Created 1351f1aa960.
Sept. 13, 2026 4:24:57 AM com.jme3.bullet.objects.PhysicsRigidBody rebuildRigidBody
INFORMATION: Created 1351f1ac940.
Sept. 13, 2026 4:24:57 AM com.jme3.bullet.objects.PhysicsRigidBody rebuildRigidBody
INFORMATION: Created 1351f1a8fe0.
Sept. 13, 2026 4:24:57 AM com.jme3.bullet.objects.PhysicsRigidBody rebuildRigidBody
INFORMATION: Created 1351f1acfa0.
Sept. 13, 2026 4:24:57 AM com.jme3.bullet.objects.PhysicsRigidBody rebuildRigidBody
INFORMATION: Created 1351f1a9310.
Sept. 13, 2026 4:24:57 AM com.jme3.bullet.objects.PhysicsRigidBody rebuildRigidBody
INFORMATION: Created 1351f1aac90.
Sept. 13, 2026 4:24:57 AM com.jme3.bullet.objects.PhysicsRigidBody rebuildRigidBody
INFORMATION: Created 1351f1ad2d0.
Sept. 13, 2026 4:24:57 AM com.jme3.bullet.objects.PhysicsRigidBody rebuildRigidBody
INFORMATION: Created 1351f1aafc0.
Sept. 13, 2026 4:24:57 AM com.jme3.bullet.objects.PhysicsRigidBody rebuildRigidBody
INFORMATION: Created 1351f1a9970.
Sept. 13, 2026 4:24:57 AM com.jme3.bullet.objects.PhysicsRigidBody rebuildRigidBody
INFORMATION: Created 1351f1a9640.
Sept. 13, 2026 4:24:57 AM com.jme3.bullet.objects.PhysicsRigidBody rebuildRigidBody
INFORMATION: Created 1351f1ae5f0.
Sept. 13, 2026 4:24:57 AM com.jme3.bullet.objects.PhysicsRigidBody rebuildRigidBody
INFORMATION: Created 1351f1aff70.
Sept. 13, 2026 4:24:57 AM com.jme3.bullet.objects.PhysicsRigidBody rebuildRigidBody
INFORMATION: Created 1351f1b05d0.
Sept. 13, 2026 4:24:57 AM com.jme3.bullet.objects.PhysicsRigidBody rebuildRigidBody
INFORMATION: Created 1351f1aef80.
Sept. 13, 2026 4:24:57 AM com.jme3.bullet.objects.PhysicsRigidBody rebuildRigidBody
INFORMATION: Created 1351f1b02a0.
Sept. 13, 2026 4:24:57 AM com.jme3.bullet.objects.PhysicsRigidBody rebuildRigidBody
INFORMATION: Created 1351f1afc40.
Sept. 13, 2026 4:24:57 AM com.jme3.bullet.objects.PhysicsRigidBody rebuildRigidBody
INFORMATION: Created 1351f1ad600.
Sept. 13, 2026 4:24:57 AM com.jme3.bullet.objects.PhysicsRigidBody rebuildRigidBody
INFORMATION: Created 1351f1b0f60.
Sept. 13, 2026 4:24:57 AM com.jme3.bullet.objects.PhysicsRigidBody rebuildRigidBody
INFORMATION: Created 1351f1b0900.
Sept. 13, 2026 4:24:57 AM com.jme3.bullet.objects.PhysicsRigidBody rebuildRigidBody
INFORMATION: Created 1351f1adf90.
Sept. 13, 2026 4:24:57 AM com.jme3.bullet.objects.PhysicsRigidBody rebuildRigidBody
INFORMATION: Created 1351f1ae2c0.
Sept. 13, 2026 4:24:57 AM com.jme3.bullet.objects.PhysicsRigidBody rebuildRigidBody
INFORMATION: Created 1351f1ae920.
Sept. 13, 2026 4:24:57 AM com.jme3.bullet.objects.PhysicsRigidBody rebuildRigidBody
INFORMATION: Created 1351f1b0c30.
Sept. 13, 2026 4:24:57 AM com.jme3.bullet.objects.PhysicsRigidBody rebuildRigidBody
INFORMATION: Created 1351f1b1290.
Sept. 13, 2026 4:24:57 AM com.jme3.bullet.objects.PhysicsRigidBody rebuildRigidBody
INFORMATION: Created 1351f1aec50.
Sept. 13, 2026 4:24:57 AM com.jme3.bullet.objects.PhysicsRigidBody rebuildRigidBody
INFORMATION: Created 1351f1ad930.
Sept. 13, 2026 4:24:57 AM com.jme3.bullet.objects.PhysicsRigidBody rebuildRigidBody
INFORMATION: Created 1351f1af5e0.
Sept. 13, 2026 4:24:57 AM com.jme3.bullet.objects.PhysicsRigidBody rebuildRigidBody
INFORMATION: Created 1351f1af2b0.
Sept. 13, 2026 4:24:57 AM com.jme3.bullet.objects.PhysicsRigidBody rebuildRigidBody
INFORMATION: Created 1351f1af910.
Sept. 13, 2026 4:24:57 AM com.jme3.bullet.objects.PhysicsRigidBody rebuildRigidBody
INFORMATION: Created 1351f1adc60.
Sept. 13, 2026 4:24:57 AM com.jme3.bullet.objects.PhysicsRigidBody rebuildRigidBody
INFORMATION: Created 1351ef4ce80.
Sept. 13, 2026 4:24:57 AM com.jme3.bullet.objects.PhysicsRigidBody rebuildRigidBody
INFORMATION: Created 1351ef4e800.
Sept. 13, 2026 4:24:57 AM com.jme3.bullet.objects.PhysicsRigidBody rebuildRigidBody
INFORMATION: Created 1351ef4fe50.
Sept. 13, 2026 4:24:57 AM com.jme3.bullet.objects.PhysicsRigidBody rebuildRigidBody
INFORMATION: Created 1351ef4e4d0.
Sept. 13, 2026 4:24:57 AM com.jme3.bullet.objects.PhysicsRigidBody rebuildRigidBody
INFORMATION: Created 1351ef4f190.
Sept. 13, 2026 4:24:57 AM com.jme3.bullet.objects.PhysicsRigidBody rebuildRigidBody
INFORMATION: Created 1351ef4eb30.
Sept. 13, 2026 4:24:57 AM com.jme3.bullet.objects.PhysicsRigidBody rebuildRigidBody
INFORMATION: Created 1351ef4cb50.
Sept. 13, 2026 4:24:57 AM com.jme3.bullet.objects.PhysicsRigidBody rebuildRigidBody
INFORMATION: Created 1351ef4e1a0.
Sept. 13, 2026 4:24:57 AM com.jme3.bullet.objects.PhysicsRigidBody rebuildRigidBody
INFORMATION: Created 1351ef4d1b0.
Sept. 13, 2026 4:24:57 AM com.jme3.bullet.objects.PhysicsRigidBody rebuildRigidBody
INFORMATION: Created 1351ef4de70.
Sept. 13, 2026 4:24:57 AM com.jme3.bullet.objects.PhysicsRigidBody rebuildRigidBody
INFORMATION: Created 1351ef4ee60.
Sept. 13, 2026 4:24:57 AM com.jme3.bullet.objects.PhysicsRigidBody rebuildRigidBody
INFORMATION: Created 1351ef4f4c0.
Sept. 13, 2026 4:24:57 AM com.jme3.bullet.objects.PhysicsRigidBody rebuildRigidBody
INFORMATION: Created 1351ef4db40.
Sept. 13, 2026 4:24:57 AM com.jme3.bullet.objects.PhysicsRigidBody rebuildRigidBody
INFORMATION: Created 1351ef504b0.
Sept. 13, 2026 4:24:57 AM com.jme3.bullet.objects.PhysicsRigidBody rebuildRigidBody
INFORMATION: Created 1351ef4d810.
Sept. 13, 2026 4:24:57 AM com.jme3.bullet.objects.PhysicsRigidBody rebuildRigidBody
INFORMATION: Created 1351ef4d4e0.
Sept. 13, 2026 4:24:57 AM com.jme3.bullet.objects.PhysicsRigidBody rebuildRigidBody
INFORMATION: Created 1351ef4fb20.
Sept. 13, 2026 4:24:57 AM com.jme3.bullet.objects.PhysicsRigidBody rebuildRigidBody
INFORMATION: Created 1351ef51e30.
Sept. 13, 2026 4:24:57 AM com.jme3.bullet.objects.PhysicsRigidBody rebuildRigidBody
INFORMATION: Created 1351ef52160.
Sept. 13, 2026 4:24:57 AM com.jme3.bullet.objects.PhysicsRigidBody rebuildRigidBody
INFORMATION: Created 1351ef52490.
Sept. 13, 2026 4:24:57 AM com.jme3.bullet.objects.PhysicsRigidBody rebuildRigidBody
INFORMATION: Created 1351ef4f7f0.
Sept. 13, 2026 4:24:57 AM com.jme3.bullet.objects.PhysicsRigidBody rebuildRigidBody
INFORMATION: Created 1351ef50180.
Sept. 13, 2026 4:24:57 AM com.jme3.bullet.objects.PhysicsRigidBody rebuildRigidBody
INFORMATION: Created 1351ef517d0.
Sept. 13, 2026 4:24:57 AM com.jme3.bullet.objects.PhysicsRigidBody rebuildRigidBody
INFORMATION: Created 1351ef50b10.
Sept. 13, 2026 4:24:57 AM com.jme3.bullet.objects.PhysicsRigidBody rebuildRigidBody
INFORMATION: Created 1351ef507e0.
Sept. 13, 2026 4:24:57 AM com.jme3.bullet.objects.PhysicsRigidBody rebuildRigidBody
INFORMATION: Created 1351ef51b00.
Sept. 13, 2026 4:24:57 AM com.jme3.bullet.objects.PhysicsRigidBody rebuildRigidBody
INFORMATION: Created 1351ef527c0.
Sept. 13, 2026 4:24:57 AM com.jme3.bullet.objects.PhysicsRigidBody rebuildRigidBody
INFORMATION: Created 1351ef52af0.
Sept. 13, 2026 4:24:57 AM com.jme3.bullet.objects.PhysicsRigidBody rebuildRigidBody
INFORMATION: Created 1351ef50e40.
Sept. 13, 2026 4:24:57 AM com.jme3.bullet.objects.PhysicsRigidBody rebuildRigidBody
INFORMATION: Created 1351ef52e20.
Sept. 13, 2026 4:24:57 AM com.jme3.bullet.objects.PhysicsRigidBody rebuildRigidBody
INFORMATION: Created 1351ef51170.
Sept. 13, 2026 4:24:57 AM com.jme3.bullet.objects.PhysicsRigidBody rebuildRigidBody
INFORMATION: Created 1351ef514a0.
Sept. 13, 2026 4:24:57 AM com.jme3.bullet.objects.PhysicsRigidBody rebuildRigidBody
INFORMATION: Created 1351ef34670.
Sept. 13, 2026 4:24:57 AM com.jme3.bullet.objects.PhysicsRigidBody rebuildRigidBody
INFORMATION: Created 1351ef36650.
Sept. 13, 2026 4:24:57 AM com.jme3.bullet.objects.PhysicsRigidBody rebuildRigidBody
INFORMATION: Created 1351ef34cd0.
Sept. 13, 2026 4:24:57 AM com.jme3.bullet.objects.PhysicsRigidBody rebuildRigidBody
INFORMATION: Created 1351ef35000.
Sept. 13, 2026 4:24:57 AM com.jme3.bullet.objects.PhysicsRigidBody rebuildRigidBody
INFORMATION: Created 1351ef35cc0.
Sept. 13, 2026 4:24:57 AM com.jme3.bullet.objects.PhysicsRigidBody rebuildRigidBody
INFORMATION: Created 1351ef35ff0.
Sept. 13, 2026 4:24:57 AM com.jme3.bullet.objects.PhysicsRigidBody rebuildRigidBody
INFORMATION: Created 1351ef36fe0.
Sept. 13, 2026 4:24:57 AM com.jme3.bullet.objects.PhysicsRigidBody rebuildRigidBody
INFORMATION: Created 1351ef35990.
Sept. 13, 2026 4:24:57 AM com.jme3.bullet.objects.PhysicsRigidBody rebuildRigidBody
INFORMATION: Created 1351ef36320.
Sept. 13, 2026 4:24:57 AM com.jme3.bullet.objects.PhysicsRigidBody rebuildRigidBody
INFORMATION: Created 1351ef33680.
Sept. 13, 2026 4:24:57 AM com.jme3.bullet.objects.PhysicsRigidBody rebuildRigidBody
INFORMATION: Created 1351ef34340.
Sept. 13, 2026 4:24:57 AM com.jme3.bullet.objects.PhysicsRigidBody rebuildRigidBody
INFORMATION: Created 1351ef349a0.
Sept. 13, 2026 4:24:57 AM com.jme3.bullet.objects.PhysicsRigidBody rebuildRigidBody
INFORMATION: Created 1351ef36980.
Sept. 13, 2026 4:24:57 AM com.jme3.bullet.objects.PhysicsRigidBody rebuildRigidBody
INFORMATION: Created 1351ef35330.
Sept. 13, 2026 4:24:57 AM com.jme3.bullet.objects.PhysicsRigidBody rebuildRigidBody
INFORMATION: Created 1351ef36cb0.
Sept. 13, 2026 4:24:57 AM com.jme3.bullet.objects.PhysicsRigidBody rebuildRigidBody
INFORMATION: Created 1351ef35660.
Sept. 13, 2026 4:24:57 AM com.jme3.bullet.objects.PhysicsRigidBody rebuildRigidBody
INFORMATION: Created 1351ef33350.
Sept. 13, 2026 4:24:57 AM com.jme3.bullet.objects.PhysicsRigidBody rebuildRigidBody
INFORMATION: Created 1351ef37310.
Sept. 13, 2026 4:24:57 AM com.jme3.bullet.objects.PhysicsRigidBody rebuildRigidBody
INFORMATION: Created 1351ef33ce0.
Sept. 13, 2026 4:24:57 AM com.jme3.bullet.objects.PhysicsRigidBody rebuildRigidBody
INFORMATION: Created 1351ef37640.
Sept. 13, 2026 4:24:57 AM com.jme3.bullet.objects.PhysicsRigidBody rebuildRigidBody
INFORMATION: Created 1351ef339b0.
Sept. 13, 2026 4:24:57 AM com.jme3.bullet.objects.PhysicsRigidBody rebuildRigidBody
INFORMATION: Created 1351ef37970.
Sept. 13, 2026 4:24:57 AM com.jme3.bullet.objects.PhysicsRigidBody rebuildRigidBody
INFORMATION: Created 1351ef37ca0.
Sept. 13, 2026 4:24:57 AM com.jme3.bullet.objects.PhysicsRigidBody rebuildRigidBody
INFORMATION: Created 1351ef34010.
Sept. 13, 2026 4:24:57 AM com.jme3.bullet.objects.PhysicsRigidBody rebuildRigidBody
INFORMATION: Created 1351ef392f0.
Sept. 13, 2026 4:24:57 AM com.jme3.bullet.objects.PhysicsRigidBody rebuildRigidBody
INFORMATION: Created 1351ef39620.
Sept. 13, 2026 4:24:57 AM com.jme3.bullet.objects.PhysicsRigidBody rebuildRigidBody
INFORMATION: Created 1351ef39fb0.
Sept. 13, 2026 4:24:57 AM com.jme3.bullet.objects.PhysicsRigidBody rebuildRigidBody
INFORMATION: Created 1351ef39950.
Sept. 13, 2026 4:24:57 AM com.jme3.bullet.objects.PhysicsRigidBody rebuildRigidBody
INFORMATION: Created 1351ef3a940.
Sept. 13, 2026 4:24:57 AM com.jme3.bullet.objects.PhysicsRigidBody rebuildRigidBody
INFORMATION: Created 1351ef3ac70.
Sept. 13, 2026 4:24:57 AM com.jme3.bullet.objects.PhysicsRigidBody rebuildRigidBody
INFORMATION: Created 1351ef3a2e0.
Sept. 13, 2026 4:24:57 AM com.jme3.bullet.objects.PhysicsRigidBody rebuildRigidBody
INFORMATION: Created 1351ef3a610.
Sept. 13, 2026 4:24:57 AM com.jme3.bullet.objects.PhysicsRigidBody rebuildRigidBody
INFORMATION: Created 1351ef3b2d0.
Sept. 13, 2026 4:24:57 AM com.jme3.bullet.objects.PhysicsRigidBody rebuildRigidBody
INFORMATION: Created 1351ef3b600.
Sept. 13, 2026 4:24:57 AM com.jme3.bullet.objects.PhysicsRigidBody rebuildRigidBody
INFORMATION: Created 1351ef3afa0.
Sept. 13, 2026 4:24:57 AM com.jme3.bullet.objects.PhysicsRigidBody rebuildRigidBody
INFORMATION: Created 1351ef3b930.
Sept. 13, 2026 4:24:57 AM com.jme3.bullet.objects.PhysicsRigidBody rebuildRigidBody
INFORMATION: Created 1351ef3bc60.
Sept. 13, 2026 4:24:57 AM com.jme3.bullet.objects.PhysicsRigidBody rebuildRigidBody
INFORMATION: Created 1351ef39c80.
Sept. 13, 2026 4:24:57 AM com.jme3.bullet.objects.PhysicsRigidBody rebuildRigidBody
INFORMATION: Created 1351ef37fd0.
Sept. 13, 2026 4:24:57 AM com.jme3.bullet.objects.PhysicsRigidBody rebuildRigidBody
INFORMATION: Created 1351ef38960.
Sept. 13, 2026 4:24:57 AM com.jme3.anim.SkinningControl controlRender
INFORMATION: Hardware skinning engaged for Scene (Node)
Sept. 13, 2026 4:24:57 AM com.jme3.anim.SkinningControl controlRender
INFORMATION: Hardware skinning engaged for Scene (Node)
Sept. 13, 2026 4:24:57 AM com.jme3.anim.SkinningControl controlRender
INFORMATION: Hardware skinning engaged for Scene (Node)
Sept. 13, 2026 4:24:57 AM com.jme3.anim.SkinningControl controlRender
INFORMATION: Hardware skinning engaged for Scene (Node)
Sept. 13, 2026 4:24:57 AM com.jme3.anim.SkinningControl controlRender
INFORMATION: Hardware skinning engaged for Scene (Node)
Sept. 13, 2026 4:24:57 AM com.jme3.anim.SkinningControl controlRender
INFORMATION: Hardware skinning engaged for Scene (Node)
Sept. 13, 2026 4:24:57 AM com.jme3.anim.SkinningControl controlRender
INFORMATION: Hardware skinning engaged for Scene (Node)
[SMOKE] stage 9
Sept. 13, 2026 4:24:59 AM com.jme3.bullet.objects.PhysicsRigidBody rebuildRigidBody
INFORMATION: Created 1351ef3bf90.
Sept. 13, 2026 4:24:59 AM com.jme3.bullet.objects.PhysicsRigidBody rebuildRigidBody
INFORMATION: Created 1351ef38c90.
Sept. 13, 2026 4:24:59 AM com.jme3.bullet.objects.PhysicsRigidBody rebuildRigidBody
INFORMATION: Created 1351ef38300.
Sept. 13, 2026 4:24:59 AM com.jme3.bullet.objects.PhysicsRigidBody rebuildRigidBody
INFORMATION: Created 1351ef3c2c0.
Sept. 13, 2026 4:24:59 AM com.jme3.bullet.objects.PhysicsRigidBody rebuildRigidBody
INFORMATION: Created 1351ef38630.
Sept. 13, 2026 4:24:59 AM com.jme3.bullet.objects.PhysicsRigidBody rebuildRigidBody
INFORMATION: Created 1351ef3c5f0.
Sept. 13, 2026 4:24:59 AM com.jme3.bullet.objects.PhysicsRigidBody rebuildRigidBody
INFORMATION: Created 1351ef3c920.
Sept. 13, 2026 4:24:59 AM com.jme3.bullet.objects.PhysicsRigidBody rebuildRigidBody
INFORMATION: Created 1351ef3cc50.
Sept. 13, 2026 4:24:59 AM com.jme3.bullet.objects.PhysicsRigidBody rebuildRigidBody
INFORMATION: Created 1351ef38fc0.
Sept. 13, 2026 4:24:59 AM com.jme3.bullet.objects.PhysicsRigidBody rebuildRigidBody
INFORMATION: Created 1351ef3cf80.
Sept. 13, 2026 4:24:59 AM com.jme3.bullet.objects.PhysicsRigidBody rebuildRigidBody
INFORMATION: Created 1351ef3d2b0.
Sept. 13, 2026 4:24:59 AM com.jme3.bullet.objects.PhysicsRigidBody rebuildRigidBody
INFORMATION: Created 1351ef3ef60.
Sept. 13, 2026 4:24:59 AM com.jme3.bullet.objects.PhysicsRigidBody rebuildRigidBody
INFORMATION: Created 1351ef3f5c0.
Sept. 13, 2026 4:24:59 AM com.jme3.bullet.objects.PhysicsRigidBody rebuildRigidBody
INFORMATION: Created 1351ef3fc20.
Sept. 13, 2026 4:24:59 AM com.jme3.bullet.objects.PhysicsRigidBody rebuildRigidBody
INFORMATION: Created 1351ef3ec30.
Sept. 13, 2026 4:24:59 AM com.jme3.bullet.objects.PhysicsRigidBody rebuildRigidBody
INFORMATION: Created 1351ef3df70.
Sept. 13, 2026 4:24:59 AM com.jme3.bullet.objects.PhysicsRigidBody rebuildRigidBody
INFORMATION: Created 1351ef3d5e0.
Sept. 13, 2026 4:24:59 AM com.jme3.bullet.objects.PhysicsRigidBody rebuildRigidBody
INFORMATION: Created 1351ef3d910.
Sept. 13, 2026 4:24:59 AM com.jme3.bullet.objects.PhysicsRigidBody rebuildRigidBody
INFORMATION: Created 1351ef3dc40.
Sept. 13, 2026 4:24:59 AM com.jme3.bullet.objects.PhysicsRigidBody rebuildRigidBody
INFORMATION: Created 1351ef3e2a0.
Sept. 13, 2026 4:24:59 AM com.jme3.bullet.objects.PhysicsRigidBody rebuildRigidBody
INFORMATION: Created 1351ef3e5d0.
Sept. 13, 2026 4:24:59 AM com.jme3.bullet.objects.PhysicsRigidBody rebuildRigidBody
INFORMATION: Created 1351ef3f8f0.
Sept. 13, 2026 4:24:59 AM com.jme3.bullet.objects.PhysicsRigidBody rebuildRigidBody
INFORMATION: Created 1351ef3e900.
Sept. 13, 2026 4:24:59 AM com.jme3.bullet.objects.PhysicsRigidBody rebuildRigidBody
INFORMATION: Created 1351ef3f290.
Sept. 13, 2026 4:24:59 AM com.jme3.bullet.objects.PhysicsRigidBody rebuildRigidBody
INFORMATION: Created 1351ef418d0.
Sept. 13, 2026 4:24:59 AM com.jme3.bullet.objects.PhysicsRigidBody rebuildRigidBody
INFORMATION: Created 1351ef41f30.
Sept. 13, 2026 4:24:59 AM com.jme3.bullet.objects.PhysicsRigidBody rebuildRigidBody
INFORMATION: Created 1351ef42590.
Sept. 13, 2026 4:24:59 AM com.jme3.bullet.objects.PhysicsRigidBody rebuildRigidBody
INFORMATION: Created 1351ef415a0.
Sept. 13, 2026 4:24:59 AM com.jme3.bullet.objects.PhysicsRigidBody rebuildRigidBody
INFORMATION: Created 1351ef3ff50.
Sept. 13, 2026 4:24:59 AM com.jme3.bullet.objects.PhysicsRigidBody rebuildRigidBody
INFORMATION: Created 1351ef43250.
Sept. 13, 2026 4:24:59 AM com.jme3.bullet.objects.PhysicsRigidBody rebuildRigidBody
INFORMATION: Created 1351ef405b0.
Sept. 13, 2026 4:24:59 AM com.jme3.bullet.objects.PhysicsRigidBody rebuildRigidBody
INFORMATION: Created 1351ef438b0.
Sept. 13, 2026 4:24:59 AM com.jme3.bullet.objects.PhysicsRigidBody rebuildRigidBody
INFORMATION: Created 1351ef43580.
Sept. 13, 2026 4:24:59 AM com.jme3.bullet.objects.PhysicsRigidBody rebuildRigidBody
INFORMATION: Created 1351ef40f40.
Sept. 13, 2026 4:24:59 AM com.jme3.bullet.objects.PhysicsRigidBody rebuildRigidBody
INFORMATION: Created 1351ef43be0.
Sept. 13, 2026 4:24:59 AM com.jme3.bullet.objects.PhysicsRigidBody rebuildRigidBody
INFORMATION: Created 1351ef42260.
Sept. 13, 2026 4:24:59 AM com.jme3.bullet.objects.PhysicsRigidBody rebuildRigidBody
INFORMATION: Created 1351ef408e0.
Sept. 13, 2026 4:24:59 AM com.jme3.bullet.objects.PhysicsRigidBody rebuildRigidBody
INFORMATION: Created 1351ef428c0.
Sept. 13, 2026 4:24:59 AM com.jme3.bullet.objects.PhysicsRigidBody rebuildRigidBody
INFORMATION: Created 1351ef43f10.
Sept. 13, 2026 4:24:59 AM com.jme3.bullet.objects.PhysicsRigidBody rebuildRigidBody
INFORMATION: Created 1351ef41c00.
Sept. 13, 2026 4:24:59 AM com.jme3.bullet.objects.PhysicsRigidBody rebuildRigidBody
INFORMATION: Created 1351ef42bf0.
Sept. 13, 2026 4:24:59 AM com.jme3.bullet.objects.PhysicsRigidBody rebuildRigidBody
INFORMATION: Created 1351ef40c10.
Sept. 13, 2026 4:24:59 AM com.jme3.bullet.objects.PhysicsRigidBody rebuildRigidBody
INFORMATION: Created 1351ef42f20.
Sept. 13, 2026 4:24:59 AM com.jme3.bullet.objects.PhysicsRigidBody rebuildRigidBody
INFORMATION: Created 1351ef40280.
Sept. 13, 2026 4:24:59 AM com.jme3.bullet.objects.PhysicsRigidBody rebuildRigidBody
INFORMATION: Created 1351ef44240.
Sept. 13, 2026 4:24:59 AM com.jme3.bullet.objects.PhysicsRigidBody rebuildRigidBody
INFORMATION: Created 1351ef44570.
Sept. 13, 2026 4:24:59 AM com.jme3.bullet.objects.PhysicsRigidBody rebuildRigidBody
INFORMATION: Created 1351ef44f00.
Sept. 13, 2026 4:24:59 AM com.jme3.bullet.objects.PhysicsRigidBody rebuildRigidBody
INFORMATION: Created 1351ef448a0.
Sept. 13, 2026 4:24:59 AM com.jme3.bullet.objects.PhysicsRigidBody rebuildRigidBody
INFORMATION: Created 1351ef44bd0.
Sept. 13, 2026 4:24:59 AM com.jme3.bullet.objects.PhysicsRigidBody rebuildRigidBody
INFORMATION: Created 1351ef41270.
Sept. 13, 2026 4:24:59 AM com.jme3.bullet.objects.PhysicsRigidBody rebuildRigidBody
INFORMATION: Created 1351ef45bc0.
Sept. 13, 2026 4:24:59 AM com.jme3.bullet.objects.PhysicsRigidBody rebuildRigidBody
INFORMATION: Created 1351ef45890.
Sept. 13, 2026 4:24:59 AM com.jme3.bullet.objects.PhysicsRigidBody rebuildRigidBody
INFORMATION: Created 1351ef48860.
Sept. 13, 2026 4:24:59 AM com.jme3.bullet.objects.PhysicsRigidBody rebuildRigidBody
INFORMATION: Created 1351ef45230.
Sept. 13, 2026 4:24:59 AM com.jme3.bullet.objects.PhysicsRigidBody rebuildRigidBody
INFORMATION: Created 1351ef46550.
Sept. 13, 2026 4:24:59 AM com.jme3.bullet.objects.PhysicsRigidBody rebuildRigidBody
INFORMATION: Created 1351ef47540.
Sept. 13, 2026 4:24:59 AM com.jme3.bullet.objects.PhysicsRigidBody rebuildRigidBody
INFORMATION: Created 1351ef45ef0.
Sept. 13, 2026 4:24:59 AM com.jme3.bullet.objects.PhysicsRigidBody rebuildRigidBody
INFORMATION: Created 1351ef47ed0.
Sept. 13, 2026 4:24:59 AM com.jme3.bullet.objects.PhysicsRigidBody rebuildRigidBody
INFORMATION: Created 1351ef45560.
Sept. 13, 2026 4:24:59 AM com.jme3.bullet.objects.PhysicsRigidBody rebuildRigidBody
INFORMATION: Created 1351ef49b80.
Sept. 13, 2026 4:24:59 AM com.jme3.bullet.objects.PhysicsRigidBody rebuildRigidBody
INFORMATION: Created 1351ef47210.
Sept. 13, 2026 4:24:59 AM com.jme3.bullet.objects.PhysicsRigidBody rebuildRigidBody
INFORMATION: Created 1351ef46bb0.
Sept. 13, 2026 4:24:59 AM com.jme3.bullet.objects.PhysicsRigidBody rebuildRigidBody
INFORMATION: Created 1351ef491f0.
Sept. 13, 2026 4:24:59 AM com.jme3.bullet.objects.PhysicsRigidBody rebuildRigidBody
INFORMATION: Created 1351ef48ec0.
Sept. 13, 2026 4:24:59 AM com.jme3.bullet.objects.PhysicsRigidBody rebuildRigidBody
INFORMATION: Created 1351ef47870.
Sept. 13, 2026 4:24:59 AM com.jme3.bullet.objects.PhysicsRigidBody rebuildRigidBody
INFORMATION: Created 1351ef48530.
Sept. 13, 2026 4:24:59 AM com.jme3.bullet.objects.PhysicsRigidBody rebuildRigidBody
INFORMATION: Created 1351ef47ba0.
Sept. 13, 2026 4:24:59 AM com.jme3.bullet.objects.PhysicsRigidBody rebuildRigidBody
INFORMATION: Created 1351ef48200.
Sept. 13, 2026 4:24:59 AM com.jme3.bullet.objects.PhysicsRigidBody rebuildRigidBody
INFORMATION: Created 1351ef48b90.
Sept. 13, 2026 4:24:59 AM com.jme3.bullet.objects.PhysicsRigidBody rebuildRigidBody
INFORMATION: Created 1351ef49520.
Sept. 13, 2026 4:24:59 AM com.jme3.bullet.objects.PhysicsRigidBody rebuildRigidBody
INFORMATION: Created 1351ef49850.
Sept. 13, 2026 4:24:59 AM com.jme3.bullet.objects.PhysicsRigidBody rebuildRigidBody
INFORMATION: Created 1351ef46ee0.
Sept. 13, 2026 4:24:59 AM com.jme3.bullet.objects.PhysicsRigidBody rebuildRigidBody
INFORMATION: Created 1351ef49eb0.
Sept. 13, 2026 4:24:59 AM com.jme3.bullet.objects.PhysicsRigidBody rebuildRigidBody
INFORMATION: Created 1351ef46220.
Sept. 13, 2026 4:24:59 AM com.jme3.bullet.objects.PhysicsRigidBody rebuildRigidBody
INFORMATION: Created 1351ef4a1e0.
Sept. 13, 2026 4:24:59 AM com.jme3.bullet.objects.PhysicsRigidBody rebuildRigidBody
INFORMATION: Created 1351ef4a510.
Sept. 13, 2026 4:24:59 AM com.jme3.bullet.objects.PhysicsRigidBody rebuildRigidBody
INFORMATION: Created 1351ef46880.
Sept. 13, 2026 4:24:59 AM com.jme3.bullet.objects.PhysicsRigidBody rebuildRigidBody
INFORMATION: Created 1351ef4a840.
Sept. 13, 2026 4:24:59 AM com.jme3.bullet.objects.PhysicsRigidBody rebuildRigidBody
INFORMATION: Created 1351ef4ab70.
Sept. 13, 2026 4:24:59 AM com.jme3.bullet.objects.PhysicsRigidBody rebuildRigidBody
INFORMATION: Created 1351ef4aea0.
Sept. 13, 2026 4:24:59 AM com.jme3.bullet.objects.PhysicsRigidBody rebuildRigidBody
INFORMATION: Created 1351ef4b1d0.
Sept. 13, 2026 4:24:59 AM com.jme3.bullet.objects.PhysicsRigidBody rebuildRigidBody
INFORMATION: Created 1351ef4b500.
Sept. 13, 2026 4:24:59 AM com.jme3.bullet.objects.PhysicsRigidBody rebuildRigidBody
INFORMATION: Created 1351ef4b830.
Sept. 13, 2026 4:24:59 AM com.jme3.bullet.objects.PhysicsRigidBody rebuildRigidBody
INFORMATION: Created 1351ef4bb60.
Sept. 13, 2026 4:24:59 AM com.jme3.bullet.objects.PhysicsRigidBody rebuildRigidBody
INFORMATION: Created 1351ef4be90.
Sept. 13, 2026 4:24:59 AM com.jme3.bullet.objects.PhysicsRigidBody rebuildRigidBody
INFORMATION: Created 1351ef4c1c0.
Sept. 13, 2026 4:24:59 AM com.jme3.bullet.objects.PhysicsRigidBody rebuildRigidBody
INFORMATION: Created 1351ef4c4f0.
Sept. 13, 2026 4:24:59 AM com.jme3.bullet.objects.PhysicsRigidBody rebuildRigidBody
INFORMATION: Created 1351ef4c820.
Sept. 13, 2026 4:24:59 AM com.jme3.bullet.objects.PhysicsRigidBody rebuildRigidBody
INFORMATION: Created 1352258e9b0.
Sept. 13, 2026 4:24:59 AM com.jme3.bullet.objects.PhysicsRigidBody rebuildRigidBody
INFORMATION: Created 1352258f010.
Sept. 13, 2026 4:24:59 AM com.jme3.bullet.objects.PhysicsRigidBody rebuildRigidBody
INFORMATION: Created 1352258f340.
Sept. 13, 2026 4:24:59 AM com.jme3.bullet.objects.PhysicsRigidBody rebuildRigidBody
INFORMATION: Created 1352258fcd0.
Sept. 13, 2026 4:24:59 AM com.jme3.bullet.objects.PhysicsRigidBody rebuildRigidBody
INFORMATION: Created 1352258dcf0.
Sept. 13, 2026 4:24:59 AM com.jme3.bullet.objects.PhysicsRigidBody rebuildRigidBody
INFORMATION: Created 1352258d030.
Sept. 13, 2026 4:24:59 AM com.jme3.bullet.objects.PhysicsRigidBody rebuildRigidBody
INFORMATION: Created 1352258f670.
Sept. 13, 2026 4:24:59 AM com.jme3.bullet.objects.PhysicsRigidBody rebuildRigidBody
INFORMATION: Created 1352258f9a0.
Sept. 13, 2026 4:24:59 AM com.jme3.bullet.objects.PhysicsRigidBody rebuildRigidBody
INFORMATION: Created 1352258c9d0.
Sept. 13, 2026 4:24:59 AM com.jme3.anim.SkinningControl controlRender
INFORMATION: Hardware skinning engaged for Scene (Node)
Sept. 13, 2026 4:24:59 AM com.jme3.anim.SkinningControl controlRender
INFORMATION: Hardware skinning engaged for Scene (Node)
Sept. 13, 2026 4:24:59 AM com.jme3.anim.SkinningControl controlRender
INFORMATION: Hardware skinning engaged for Scene (Node)
Sept. 13, 2026 4:24:59 AM com.jme3.anim.SkinningControl controlRender
INFORMATION: Hardware skinning engaged for Scene (Node)
[SMOKE] stage 10
Sept. 13, 2026 4:25:02 AM com.jme3.bullet.objects.PhysicsRigidBody rebuildRigidBody
INFORMATION: Created 1352258cd00.
Sept. 13, 2026 4:25:02 AM com.jme3.bullet.objects.PhysicsRigidBody rebuildRigidBody
INFORMATION: Created 13522590000.
Sept. 13, 2026 4:25:02 AM com.jme3.bullet.objects.PhysicsRigidBody rebuildRigidBody
INFORMATION: Created 13522590330.
Sept. 13, 2026 4:25:02 AM com.jme3.bullet.objects.PhysicsRigidBody rebuildRigidBody
INFORMATION: Created 1352258c6a0.
Sept. 13, 2026 4:25:02 AM com.jme3.bullet.objects.PhysicsRigidBody rebuildRigidBody
INFORMATION: Created 13522591320.
Sept. 13, 2026 4:25:02 AM com.jme3.bullet.objects.PhysicsRigidBody rebuildRigidBody
INFORMATION: Created 1352258e020.
Sept. 13, 2026 4:25:02 AM com.jme3.bullet.objects.PhysicsRigidBody rebuildRigidBody
INFORMATION: Created 1352258ece0.
Sept. 13, 2026 4:25:02 AM com.jme3.bullet.objects.PhysicsRigidBody rebuildRigidBody
INFORMATION: Created 13522590660.
Sept. 13, 2026 4:25:02 AM com.jme3.bullet.objects.PhysicsRigidBody rebuildRigidBody
INFORMATION: Created 1352258e350.
Sept. 13, 2026 4:25:02 AM com.jme3.bullet.objects.PhysicsRigidBody rebuildRigidBody
INFORMATION: Created 13522590990.
Sept. 13, 2026 4:25:02 AM com.jme3.bullet.objects.PhysicsRigidBody rebuildRigidBody
INFORMATION: Created 13522590ff0.
Sept. 13, 2026 4:25:02 AM com.jme3.bullet.objects.PhysicsRigidBody rebuildRigidBody
INFORMATION: Created 13522590cc0.
Sept. 13, 2026 4:25:02 AM com.jme3.bullet.objects.PhysicsRigidBody rebuildRigidBody
INFORMATION: Created 1352258d690.
Sept. 13, 2026 4:25:02 AM com.jme3.bullet.objects.PhysicsRigidBody rebuildRigidBody
INFORMATION: Created 13522591650.
Sept. 13, 2026 4:25:02 AM com.jme3.bullet.objects.PhysicsRigidBody rebuildRigidBody
INFORMATION: Created 1352258d9c0.
Sept. 13, 2026 4:25:02 AM com.jme3.bullet.objects.PhysicsRigidBody rebuildRigidBody
INFORMATION: Created 13522593960.
Sept. 13, 2026 4:25:02 AM com.jme3.bullet.objects.PhysicsRigidBody rebuildRigidBody
INFORMATION: Created 13522593c90.
Sept. 13, 2026 4:25:02 AM com.jme3.bullet.objects.PhysicsRigidBody rebuildRigidBody
INFORMATION: Created 13522594620.
Sept. 13, 2026 4:25:02 AM com.jme3.bullet.objects.PhysicsRigidBody rebuildRigidBody
INFORMATION: Created 13522593630.
Sept. 13, 2026 4:25:02 AM com.jme3.bullet.objects.PhysicsRigidBody rebuildRigidBody
INFORMATION: Created 13522592fd0.
Sept. 13, 2026 4:25:02 AM com.jme3.bullet.objects.PhysicsRigidBody rebuildRigidBody
INFORMATION: Created 13522593fc0.
Sept. 13, 2026 4:25:02 AM com.jme3.bullet.objects.PhysicsRigidBody rebuildRigidBody
INFORMATION: Created 13522593300.
Sept. 13, 2026 4:25:02 AM com.jme3.bullet.objects.PhysicsRigidBody rebuildRigidBody
INFORMATION: Created 13522591cb0.
Sept. 13, 2026 4:25:02 AM com.jme3.bullet.objects.PhysicsRigidBody rebuildRigidBody
INFORMATION: Created 13522594c80.
Sept. 13, 2026 4:25:02 AM com.jme3.bullet.objects.PhysicsRigidBody rebuildRigidBody
INFORMATION: Created 13522591980.
Sept. 13, 2026 4:25:02 AM com.jme3.bullet.objects.PhysicsRigidBody rebuildRigidBody
INFORMATION: Created 13522594950.
Sept. 13, 2026 4:25:02 AM com.jme3.bullet.objects.PhysicsRigidBody rebuildRigidBody
INFORMATION: Created 135225942f0.
Sept. 13, 2026 4:25:02 AM com.jme3.bullet.objects.PhysicsRigidBody rebuildRigidBody
INFORMATION: Created 13522592ca0.
Sept. 13, 2026 4:25:02 AM com.jme3.bullet.objects.PhysicsRigidBody rebuildRigidBody
INFORMATION: Created 13522594fb0.
Sept. 13, 2026 4:25:02 AM com.jme3.bullet.objects.PhysicsRigidBody rebuildRigidBody
INFORMATION: Created 135225952e0.
Sept. 13, 2026 4:25:02 AM com.jme3.bullet.objects.PhysicsRigidBody rebuildRigidBody
INFORMATION: Created 13522592970.
Sept. 13, 2026 4:25:02 AM com.jme3.bullet.objects.PhysicsRigidBody rebuildRigidBody
INFORMATION: Created 13522595610.
Sept. 13, 2026 4:25:02 AM com.jme3.bullet.objects.PhysicsRigidBody rebuildRigidBody
INFORMATION: Created 13522595940.
Sept. 13, 2026 4:25:02 AM com.jme3.bullet.objects.PhysicsRigidBody rebuildRigidBody
INFORMATION: Created 13522595c70.
Sept. 13, 2026 4:25:02 AM com.jme3.bullet.objects.PhysicsRigidBody rebuildRigidBody
INFORMATION: Created 13522592310.
Sept. 13, 2026 4:25:02 AM com.jme3.bullet.objects.PhysicsRigidBody rebuildRigidBody
INFORMATION: Created 13522591fe0.
Sept. 13, 2026 4:25:02 AM com.jme3.bullet.objects.PhysicsRigidBody rebuildRigidBody
INFORMATION: Created 13522595fa0.
Sept. 13, 2026 4:25:02 AM com.jme3.bullet.objects.PhysicsRigidBody rebuildRigidBody
INFORMATION: Created 135225962d0.
Sept. 13, 2026 4:25:02 AM com.jme3.bullet.objects.PhysicsRigidBody rebuildRigidBody
INFORMATION: Created 13522592640.
Sept. 13, 2026 4:25:02 AM com.jme3.bullet.objects.PhysicsRigidBody rebuildRigidBody
INFORMATION: Created 13522596600.
Sept. 13, 2026 4:25:02 AM com.jme3.bullet.objects.PhysicsRigidBody rebuildRigidBody
INFORMATION: Created 13522596930.
Sept. 13, 2026 4:25:02 AM com.jme3.bullet.objects.PhysicsRigidBody rebuildRigidBody
INFORMATION: Created 13522597c50.
Sept. 13, 2026 4:25:02 AM com.jme3.bullet.objects.PhysicsRigidBody rebuildRigidBody
INFORMATION: Created 13522598c40.
Sept. 13, 2026 4:25:02 AM com.jme3.bullet.objects.PhysicsRigidBody rebuildRigidBody
INFORMATION: Created 13522596c60.
Sept. 13, 2026 4:25:02 AM com.jme3.bullet.objects.PhysicsRigidBody rebuildRigidBody
INFORMATION: Created 13522596f90.
Sept. 13, 2026 4:25:02 AM com.jme3.bullet.objects.PhysicsRigidBody rebuildRigidBody
INFORMATION: Created 135225972c0.
Sept. 13, 2026 4:25:02 AM com.jme3.bullet.objects.PhysicsRigidBody rebuildRigidBody
INFORMATION: Created 135225975f0.
Sept. 13, 2026 4:25:02 AM com.jme3.bullet.objects.PhysicsRigidBody rebuildRigidBody
INFORMATION: Created 13522597920.
Sept. 13, 2026 4:25:02 AM com.jme3.bullet.objects.PhysicsRigidBody rebuildRigidBody
INFORMATION: Created 13522597f80.
Sept. 13, 2026 4:25:02 AM com.jme3.bullet.objects.PhysicsRigidBody rebuildRigidBody
INFORMATION: Created 135225982b0.
Sept. 13, 2026 4:25:02 AM com.jme3.bullet.objects.PhysicsRigidBody rebuildRigidBody
INFORMATION: Created 135225985e0.
Sept. 13, 2026 4:25:02 AM com.jme3.bullet.objects.PhysicsRigidBody rebuildRigidBody
INFORMATION: Created 13522598910.
Sept. 13, 2026 4:25:02 AM com.jme3.bullet.objects.PhysicsRigidBody rebuildRigidBody
INFORMATION: Created 1352259bf40.
Sept. 13, 2026 4:25:02 AM com.jme3.bullet.objects.PhysicsRigidBody rebuildRigidBody
INFORMATION: Created 135225995d0.
Sept. 13, 2026 4:25:02 AM com.jme3.bullet.objects.PhysicsRigidBody rebuildRigidBody
INFORMATION: Created 13522599f60.
Sept. 13, 2026 4:25:02 AM com.jme3.bullet.objects.PhysicsRigidBody rebuildRigidBody
INFORMATION: Created 1352259af50.
Sept. 13, 2026 4:25:02 AM com.jme3.bullet.objects.PhysicsRigidBody rebuildRigidBody
INFORMATION: Created 13522599900.
Sept. 13, 2026 4:25:02 AM com.jme3.bullet.objects.PhysicsRigidBody rebuildRigidBody
INFORMATION: Created 1352259b280.
Sept. 13, 2026 4:25:02 AM com.jme3.bullet.objects.PhysicsRigidBody rebuildRigidBody
INFORMATION: Created 1352259bc10.
Sept. 13, 2026 4:25:02 AM com.jme3.bullet.objects.PhysicsRigidBody rebuildRigidBody
INFORMATION: Created 13522599c30.
Sept. 13, 2026 4:25:02 AM com.jme3.bullet.objects.PhysicsRigidBody rebuildRigidBody
INFORMATION: Created 13522598f70.
Sept. 13, 2026 4:25:02 AM com.jme3.bullet.objects.PhysicsRigidBody rebuildRigidBody
INFORMATION: Created 1352259b5b0.
Sept. 13, 2026 4:25:02 AM com.jme3.bullet.objects.PhysicsRigidBody rebuildRigidBody
INFORMATION: Created 135225992a0.
Sept. 13, 2026 4:25:02 AM com.jme3.bullet.objects.PhysicsRigidBody rebuildRigidBody
INFORMATION: Created 1352259a290.
Sept. 13, 2026 4:25:02 AM com.jme3.bullet.objects.PhysicsRigidBody rebuildRigidBody
INFORMATION: Created 1352259a5c0.
Sept. 13, 2026 4:25:02 AM com.jme3.bullet.objects.PhysicsRigidBody rebuildRigidBody
INFORMATION: Created 1352259a8f0.
Sept. 13, 2026 4:25:02 AM com.jme3.bullet.objects.PhysicsRigidBody rebuildRigidBody
INFORMATION: Created 1352259ac20.
Sept. 13, 2026 4:25:02 AM com.jme3.bullet.objects.PhysicsRigidBody rebuildRigidBody
INFORMATION: Created 1352259b8e0.
Sept. 13, 2026 4:25:02 AM com.jme3.bullet.objects.PhysicsRigidBody rebuildRigidBody
INFORMATION: Created 13521dd2a50.
Sept. 13, 2026 4:25:02 AM com.jme3.bullet.objects.PhysicsRigidBody rebuildRigidBody
INFORMATION: Created 13521dd1400.
Sept. 13, 2026 4:25:02 AM com.jme3.bullet.objects.PhysicsRigidBody rebuildRigidBody
INFORMATION: Created 13521dd2720.
Sept. 13, 2026 4:25:02 AM com.jme3.bullet.objects.PhysicsRigidBody rebuildRigidBody
INFORMATION: Created 13521dd2d80.
Sept. 13, 2026 4:25:02 AM com.jme3.bullet.objects.PhysicsRigidBody rebuildRigidBody
INFORMATION: Created 13521dd30b0.
Sept. 13, 2026 4:25:02 AM com.jme3.bullet.objects.PhysicsRigidBody rebuildRigidBody
INFORMATION: Created 13521dd33e0.
Sept. 13, 2026 4:25:02 AM com.jme3.bullet.objects.PhysicsRigidBody rebuildRigidBody
INFORMATION: Created 13521dd3710.
Sept. 13, 2026 4:25:02 AM com.jme3.bullet.objects.PhysicsRigidBody rebuildRigidBody
INFORMATION: Created 13521dd3a40.
Sept. 13, 2026 4:25:02 AM com.jme3.bullet.objects.PhysicsRigidBody rebuildRigidBody
INFORMATION: Created 13521dd3d70.
Sept. 13, 2026 4:25:02 AM com.jme3.bullet.objects.PhysicsRigidBody rebuildRigidBody
INFORMATION: Created 13521dd40a0.
Sept. 13, 2026 4:25:02 AM com.jme3.bullet.objects.PhysicsRigidBody rebuildRigidBody
INFORMATION: Created 13521dd4a30.
Sept. 13, 2026 4:25:02 AM com.jme3.bullet.objects.PhysicsRigidBody rebuildRigidBody
INFORMATION: Created 13521dd43d0.
Sept. 13, 2026 4:25:02 AM com.jme3.bullet.objects.PhysicsRigidBody rebuildRigidBody
INFORMATION: Created 13521dd0da0.
Sept. 13, 2026 4:25:02 AM com.jme3.bullet.objects.PhysicsRigidBody rebuildRigidBody
INFORMATION: Created 13521dd1a60.
Sept. 13, 2026 4:25:02 AM com.jme3.bullet.objects.PhysicsRigidBody rebuildRigidBody
INFORMATION: Created 13521dd23f0.
Sept. 13, 2026 4:25:02 AM com.jme3.bullet.objects.PhysicsRigidBody rebuildRigidBody
INFORMATION: Created 13521dd4700.
Sept. 13, 2026 4:25:02 AM com.jme3.bullet.objects.PhysicsRigidBody rebuildRigidBody
INFORMATION: Created 13521dd4d60.
Sept. 13, 2026 4:25:02 AM com.jme3.bullet.objects.PhysicsRigidBody rebuildRigidBody
INFORMATION: Created 13521dd10d0.
Sept. 13, 2026 4:25:02 AM com.jme3.bullet.objects.PhysicsRigidBody rebuildRigidBody
INFORMATION: Created 13521dd5090.
Sept. 13, 2026 4:25:02 AM com.jme3.bullet.objects.PhysicsRigidBody rebuildRigidBody
INFORMATION: Created 13521dd53c0.
Sept. 13, 2026 4:25:02 AM com.jme3.bullet.objects.PhysicsRigidBody rebuildRigidBody
INFORMATION: Created 13521dd1730.
Sept. 13, 2026 4:25:02 AM com.jme3.bullet.objects.PhysicsRigidBody rebuildRigidBody
INFORMATION: Created 13521dd56f0.
Sept. 13, 2026 4:25:02 AM com.jme3.bullet.objects.PhysicsRigidBody rebuildRigidBody
INFORMATION: Created 13521dd5a20.
Sept. 13, 2026 4:25:02 AM com.jme3.bullet.objects.PhysicsRigidBody rebuildRigidBody
INFORMATION: Created 13521dd1d90.
Sept. 13, 2026 4:25:02 AM com.jme3.bullet.objects.PhysicsRigidBody rebuildRigidBody
INFORMATION: Created 13521dd5d50.
Sept. 13, 2026 4:25:02 AM com.jme3.bullet.objects.PhysicsRigidBody rebuildRigidBody
INFORMATION: Created 13521dd20c0.
Sept. 13, 2026 4:25:02 AM com.jme3.bullet.objects.PhysicsRigidBody rebuildRigidBody
INFORMATION: Created 13521dd89f0.
Sept. 13, 2026 4:25:02 AM com.jme3.bullet.objects.PhysicsRigidBody rebuildRigidBody
INFORMATION: Created 13521dd99e0.
Sept. 13, 2026 4:25:02 AM com.jme3.bullet.objects.PhysicsRigidBody rebuildRigidBody
INFORMATION: Created 13521dd63b0.
Sept. 13, 2026 4:25:02 AM com.jme3.bullet.objects.PhysicsRigidBody rebuildRigidBody
INFORMATION: Created 13521dd76d0.
Sept. 13, 2026 4:25:02 AM com.jme3.bullet.objects.PhysicsRigidBody rebuildRigidBody
INFORMATION: Created 13521dd8d20.
Sept. 13, 2026 4:25:02 AM com.jme3.bullet.objects.PhysicsRigidBody rebuildRigidBody
INFORMATION: Created 13521dd7d30.
Sept. 13, 2026 4:25:02 AM com.jme3.bullet.objects.PhysicsRigidBody rebuildRigidBody
INFORMATION: Created 13521dd9380.
Sept. 13, 2026 4:25:02 AM com.jme3.bullet.objects.PhysicsRigidBody rebuildRigidBody
INFORMATION: Created 13521dd9050.
Sept. 13, 2026 4:25:02 AM com.jme3.bullet.objects.PhysicsRigidBody rebuildRigidBody
INFORMATION: Created 13521dd7a00.
Sept. 13, 2026 4:25:02 AM com.jme3.bullet.objects.PhysicsRigidBody rebuildRigidBody
INFORMATION: Created 13521dd8390.
Sept. 13, 2026 4:25:02 AM com.jme3.bullet.objects.PhysicsRigidBody rebuildRigidBody
INFORMATION: Created 13521dd8060.
Sept. 13, 2026 4:25:02 AM com.jme3.bullet.objects.PhysicsRigidBody rebuildRigidBody
INFORMATION: Created 13521dd86c0.
Sept. 13, 2026 4:25:02 AM com.jme3.bullet.objects.PhysicsRigidBody rebuildRigidBody
INFORMATION: Created 13521dd96b0.
Sept. 13, 2026 4:25:02 AM com.jme3.bullet.objects.PhysicsRigidBody rebuildRigidBody
INFORMATION: Created 13521dd9d10.
Sept. 13, 2026 4:25:02 AM com.jme3.bullet.objects.PhysicsRigidBody rebuildRigidBody
INFORMATION: Created 13521dd6080.
Sept. 13, 2026 4:25:02 AM com.jme3.bullet.objects.PhysicsRigidBody rebuildRigidBody
INFORMATION: Created 13521dd6a10.
Sept. 13, 2026 4:25:02 AM com.jme3.bullet.objects.PhysicsRigidBody rebuildRigidBody
INFORMATION: Created 13521dda040.
Sept. 13, 2026 4:25:02 AM com.jme3.bullet.objects.PhysicsRigidBody rebuildRigidBody
INFORMATION: Created 13521dda370.
Sept. 13, 2026 4:25:02 AM com.jme3.bullet.objects.PhysicsRigidBody rebuildRigidBody
INFORMATION: Created 13521dd66e0.
Sept. 13, 2026 4:25:02 AM com.jme3.bullet.objects.PhysicsRigidBody rebuildRigidBody
INFORMATION: Created 13521dda6a0.
Sept. 13, 2026 4:25:02 AM com.jme3.bullet.objects.PhysicsRigidBody rebuildRigidBody
INFORMATION: Created 13521dda9d0.
Sept. 13, 2026 4:25:02 AM com.jme3.bullet.objects.PhysicsRigidBody rebuildRigidBody
INFORMATION: Created 13521dd6d40.
Sept. 13, 2026 4:25:02 AM com.jme3.bullet.objects.PhysicsRigidBody rebuildRigidBody
INFORMATION: Created 13521ddad00.
Sept. 13, 2026 4:25:02 AM com.jme3.bullet.objects.PhysicsRigidBody rebuildRigidBody
INFORMATION: Created 13521dd7070.
Sept. 13, 2026 4:25:02 AM com.jme3.bullet.objects.PhysicsRigidBody rebuildRigidBody
INFORMATION: Created 13521ddb030.
Sept. 13, 2026 4:25:02 AM com.jme3.bullet.objects.PhysicsRigidBody rebuildRigidBody
INFORMATION: Created 13521dd73a0.
Sept. 13, 2026 4:25:02 AM com.jme3.bullet.objects.PhysicsRigidBody rebuildRigidBody
INFORMATION: Created 13521ddb360.
Sept. 13, 2026 4:25:02 AM com.jme3.bullet.objects.PhysicsRigidBody rebuildRigidBody
INFORMATION: Created 13521ddb690.
Sept. 13, 2026 4:25:02 AM com.jme3.bullet.objects.PhysicsRigidBody rebuildRigidBody
INFORMATION: Created 13521ddb9c0.
Sept. 13, 2026 4:25:02 AM com.jme3.bullet.objects.PhysicsRigidBody rebuildRigidBody
INFORMATION: Created 13521ddcce0.
Sept. 13, 2026 4:25:02 AM com.jme3.bullet.objects.PhysicsRigidBody rebuildRigidBody
INFORMATION: Created 13521ddc350.
Sept. 13, 2026 4:25:02 AM com.jme3.bullet.objects.PhysicsRigidBody rebuildRigidBody
INFORMATION: Created 13521ddbcf0.
Sept. 13, 2026 4:25:02 AM com.jme3.bullet.objects.PhysicsRigidBody rebuildRigidBody
INFORMATION: Created 13521ddc020.
Sept. 13, 2026 4:25:02 AM com.jme3.bullet.objects.PhysicsRigidBody rebuildRigidBody
INFORMATION: Created 13521ddc680.
Sept. 13, 2026 4:25:02 AM com.jme3.bullet.objects.PhysicsRigidBody rebuildRigidBody
INFORMATION: Created 13521ddc9b0.
Sept. 13, 2026 4:25:02 AM com.jme3.bullet.objects.PhysicsRigidBody rebuildRigidBody
INFORMATION: Created 13521ddd010.
Sept. 13, 2026 4:25:02 AM com.jme3.bullet.objects.PhysicsRigidBody rebuildRigidBody
INFORMATION: Created 13521ddd340.
Sept. 13, 2026 4:25:02 AM com.jme3.bullet.objects.PhysicsRigidBody rebuildRigidBody
INFORMATION: Created 13521ddd670.
Sept. 13, 2026 4:25:02 AM com.jme3.bullet.objects.PhysicsRigidBody rebuildRigidBody
INFORMATION: Created 13521ddf650.
Sept. 13, 2026 4:25:02 AM com.jme3.bullet.objects.PhysicsRigidBody rebuildRigidBody
INFORMATION: Created 13521de0640.
Sept. 13, 2026 4:25:02 AM com.jme3.bullet.objects.PhysicsRigidBody rebuildRigidBody
INFORMATION: Created 13521de0970.
Sept. 13, 2026 4:25:02 AM com.jme3.bullet.objects.PhysicsRigidBody rebuildRigidBody
INFORMATION: Created 13521dde330.
Sept. 13, 2026 4:25:02 AM com.jme3.bullet.objects.PhysicsRigidBody rebuildRigidBody
INFORMATION: Created 135227bd380.
Sept. 13, 2026 4:25:02 AM com.jme3.bullet.objects.PhysicsRigidBody rebuildRigidBody
INFORMATION: Created 135227bed00.
Sept. 13, 2026 4:25:02 AM com.jme3.bullet.objects.PhysicsRigidBody rebuildRigidBody
INFORMATION: Created 135227bba00.
Sept. 13, 2026 4:25:02 AM com.jme3.bullet.objects.PhysicsRigidBody rebuildRigidBody
INFORMATION: Created 135227bc390.
Sept. 13, 2026 4:25:02 AM com.jme3.bullet.objects.PhysicsRigidBody rebuildRigidBody
INFORMATION: Created 135227bd6b0.
Sept. 13, 2026 4:25:02 AM com.jme3.bullet.objects.PhysicsRigidBody rebuildRigidBody
INFORMATION: Created 135227bd9e0.
Sept. 13, 2026 4:25:02 AM com.jme3.bullet.objects.PhysicsRigidBody rebuildRigidBody
INFORMATION: Created 135227bc6c0.
Sept. 13, 2026 4:25:02 AM com.jme3.bullet.objects.PhysicsRigidBody rebuildRigidBody
INFORMATION: Created 135227bdd10.
Sept. 13, 2026 4:25:02 AM com.jme3.bullet.objects.PhysicsRigidBody rebuildRigidBody
INFORMATION: Created 135227bc9f0.
Sept. 13, 2026 4:25:02 AM com.jme3.bullet.objects.PhysicsRigidBody rebuildRigidBody
INFORMATION: Created 135227be9d0.
Sept. 13, 2026 4:25:02 AM com.jme3.bullet.objects.PhysicsRigidBody rebuildRigidBody
INFORMATION: Created 135227bb6d0.
Sept. 13, 2026 4:25:02 AM com.jme3.bullet.objects.PhysicsRigidBody rebuildRigidBody
INFORMATION: Created 135227be040.
Sept. 13, 2026 4:25:02 AM com.jme3.bullet.objects.PhysicsRigidBody rebuildRigidBody
INFORMATION: Created 135227be370.
Sept. 13, 2026 4:25:02 AM com.jme3.bullet.objects.PhysicsRigidBody rebuildRigidBody
INFORMATION: Created 135227bc060.
Sept. 13, 2026 4:25:02 AM com.jme3.bullet.objects.PhysicsRigidBody rebuildRigidBody
INFORMATION: Created 135227bbd30.
Sept. 13, 2026 4:25:02 AM com.jme3.bullet.objects.PhysicsRigidBody rebuildRigidBody
INFORMATION: Created 135227bb070.
Sept. 13, 2026 4:25:02 AM com.jme3.anim.SkinningControl controlRender
INFORMATION: Hardware skinning engaged for Scene (Node)
Sept. 13, 2026 4:25:02 AM com.jme3.anim.SkinningControl controlRender
INFORMATION: Hardware skinning engaged for Scene (Node)
Sept. 13, 2026 4:25:02 AM com.jme3.anim.SkinningControl controlRender
INFORMATION: Hardware skinning engaged for Scene (Node)
Sept. 13, 2026 4:25:02 AM com.jme3.anim.SkinningControl controlRender
INFORMATION: Hardware skinning engaged for Scene (Node)
[SMOKE] stage 11
[GAME] Spiel gespeichert.
[SMOKE] stage 12
Sept. 13, 2026 4:25:07 AM com.jme3.bullet.objects.PhysicsRigidBody rebuildRigidBody
INFORMATION: Created 135227be6a0.
Sept. 13, 2026 4:25:07 AM com.jme3.bullet.objects.PhysicsRigidBody rebuildRigidBody
INFORMATION: Created 135227bf030.
Sept. 13, 2026 4:25:07 AM com.jme3.bullet.objects.PhysicsRigidBody rebuildRigidBody
INFORMATION: Created 135227bb3a0.
Sept. 13, 2026 4:25:07 AM com.jme3.bullet.objects.PhysicsRigidBody rebuildRigidBody
INFORMATION: Created 135227c0680.
Sept. 13, 2026 4:25:07 AM com.jme3.bullet.objects.PhysicsRigidBody rebuildRigidBody
INFORMATION: Created 135227c09b0.
Sept. 13, 2026 4:25:07 AM com.jme3.bullet.objects.PhysicsRigidBody rebuildRigidBody
INFORMATION: Created 135227c2660.
Sept. 13, 2026 4:25:07 AM com.jme3.bullet.objects.PhysicsRigidBody rebuildRigidBody
INFORMATION: Created 135227c2330.
Sept. 13, 2026 4:25:07 AM com.jme3.bullet.objects.PhysicsRigidBody rebuildRigidBody
INFORMATION: Created 135227c1010.
Sept. 13, 2026 4:25:07 AM com.jme3.bullet.objects.PhysicsRigidBody rebuildRigidBody
INFORMATION: Created 135227bf690.
Sept. 13, 2026 4:25:07 AM com.jme3.bullet.objects.PhysicsRigidBody rebuildRigidBody
INFORMATION: Created 135227c2990.
Sept. 13, 2026 4:25:07 AM com.jme3.bullet.objects.PhysicsRigidBody rebuildRigidBody
INFORMATION: Created 135227bf360.
Sept. 13, 2026 4:25:07 AM com.jme3.bullet.objects.PhysicsRigidBody rebuildRigidBody
INFORMATION: Created 135227c0350.
Sept. 13, 2026 4:25:07 AM com.jme3.bullet.objects.PhysicsRigidBody rebuildRigidBody
INFORMATION: Created 135227c2cc0.
Sept. 13, 2026 4:25:07 AM com.jme3.bullet.objects.PhysicsRigidBody rebuildRigidBody
INFORMATION: Created 135227c2000.
Sept. 13, 2026 4:25:07 AM com.jme3.bullet.objects.PhysicsRigidBody rebuildRigidBody
INFORMATION: Created 135227bf9c0.
Sept. 13, 2026 4:25:07 AM com.jme3.bullet.objects.PhysicsRigidBody rebuildRigidBody
INFORMATION: Created 135227c0020.
Sept. 13, 2026 4:25:07 AM com.jme3.bullet.objects.PhysicsRigidBody rebuildRigidBody
INFORMATION: Created 135227bfcf0.
Sept. 13, 2026 4:25:07 AM com.jme3.bullet.objects.PhysicsRigidBody rebuildRigidBody
INFORMATION: Created 135227c0ce0.
Sept. 13, 2026 4:25:07 AM com.jme3.bullet.objects.PhysicsRigidBody rebuildRigidBody
INFORMATION: Created 135227c1cd0.
Sept. 13, 2026 4:25:07 AM com.jme3.bullet.objects.PhysicsRigidBody rebuildRigidBody
INFORMATION: Created 135227c1340.
Sept. 13, 2026 4:25:07 AM com.jme3.bullet.objects.PhysicsRigidBody rebuildRigidBody
INFORMATION: Created 135227c1670.
Sept. 13, 2026 4:25:07 AM com.jme3.bullet.objects.PhysicsRigidBody rebuildRigidBody
INFORMATION: Created 135227c19a0.
Sept. 13, 2026 4:25:07 AM com.jme3.bullet.objects.PhysicsRigidBody rebuildRigidBody
INFORMATION: Created 13524437890.
Sept. 13, 2026 4:25:07 AM com.jme3.bullet.objects.PhysicsRigidBody rebuildRigidBody
INFORMATION: Created 13524439870.
Sept. 13, 2026 4:25:07 AM com.jme3.bullet.objects.PhysicsRigidBody rebuildRigidBody
INFORMATION: Created 13524437bc0.
Sept. 13, 2026 4:25:07 AM com.jme3.bullet.objects.PhysicsRigidBody rebuildRigidBody
INFORMATION: Created 13524436240.
Sept. 13, 2026 4:25:07 AM com.jme3.bullet.objects.PhysicsRigidBody rebuildRigidBody
INFORMATION: Created 13524437230.
Sept. 13, 2026 4:25:07 AM com.jme3.bullet.objects.PhysicsRigidBody rebuildRigidBody
INFORMATION: Created 13524437ef0.
Sept. 13, 2026 4:25:07 AM com.jme3.bullet.objects.PhysicsRigidBody rebuildRigidBody
INFORMATION: Created 13524436bd0.
Sept. 13, 2026 4:25:07 AM com.jme3.bullet.objects.PhysicsRigidBody rebuildRigidBody
INFORMATION: Created 13524438550.
Sept. 13, 2026 4:25:07 AM com.jme3.bullet.objects.PhysicsRigidBody rebuildRigidBody
INFORMATION: Created 13524438220.
Sept. 13, 2026 4:25:07 AM com.jme3.bullet.objects.PhysicsRigidBody rebuildRigidBody
INFORMATION: Created 13524435f10.
Sept. 13, 2026 4:25:07 AM com.jme3.bullet.objects.PhysicsRigidBody rebuildRigidBody
INFORMATION: Created 13524438880.
Sept. 13, 2026 4:25:07 AM com.jme3.bullet.objects.PhysicsRigidBody rebuildRigidBody
INFORMATION: Created 13524438bb0.
Sept. 13, 2026 4:25:07 AM com.jme3.bullet.objects.PhysicsRigidBody rebuildRigidBody
INFORMATION: Created 13524439210.
Sept. 13, 2026 4:25:07 AM com.jme3.bullet.objects.PhysicsRigidBody rebuildRigidBody
INFORMATION: Created 13524438ee0.
Sept. 13, 2026 4:25:07 AM com.jme3.bullet.objects.PhysicsRigidBody rebuildRigidBody
INFORMATION: Created 135244368a0.
Sept. 13, 2026 4:25:07 AM com.jme3.bullet.objects.PhysicsRigidBody rebuildRigidBody
INFORMATION: Created 13524437560.
Sept. 13, 2026 4:25:07 AM com.jme3.bullet.objects.PhysicsRigidBody rebuildRigidBody
INFORMATION: Created 13524439540.
Sept. 13, 2026 4:25:07 AM com.jme3.bullet.objects.PhysicsRigidBody rebuildRigidBody
INFORMATION: Created 13524435be0.
Sept. 13, 2026 4:25:07 AM com.jme3.bullet.objects.PhysicsRigidBody rebuildRigidBody
INFORMATION: Created 13524436f00.
Sept. 13, 2026 4:25:07 AM com.jme3.bullet.objects.PhysicsRigidBody rebuildRigidBody
INFORMATION: Created 13524439ba0.
Sept. 13, 2026 4:25:07 AM com.jme3.bullet.objects.PhysicsRigidBody rebuildRigidBody
INFORMATION: Created 13524439ed0.
Sept. 13, 2026 4:25:07 AM com.jme3.bullet.objects.PhysicsRigidBody rebuildRigidBody
INFORMATION: Created 1352443a200.
Sept. 13, 2026 4:25:07 AM com.jme3.bullet.objects.PhysicsRigidBody rebuildRigidBody
INFORMATION: Created 13524436570.
Sept. 13, 2026 4:25:07 AM com.jme3.bullet.objects.PhysicsRigidBody rebuildRigidBody
INFORMATION: Created 1352443b1f0.
Sept. 13, 2026 4:25:07 AM com.jme3.bullet.objects.PhysicsRigidBody rebuildRigidBody
INFORMATION: Created 1352443a860.
Sept. 13, 2026 4:25:07 AM com.jme3.bullet.objects.PhysicsRigidBody rebuildRigidBody
INFORMATION: Created 1352443beb0.
Sept. 13, 2026 4:25:07 AM com.jme3.bullet.objects.PhysicsRigidBody rebuildRigidBody
INFORMATION: Created 1352443aec0.
Sept. 13, 2026 4:25:07 AM com.jme3.bullet.objects.PhysicsRigidBody rebuildRigidBody
INFORMATION: Created 1352443db60.
Sept. 13, 2026 4:25:07 AM com.jme3.bullet.objects.PhysicsRigidBody rebuildRigidBody
INFORMATION: Created 1352443b520.
Sept. 13, 2026 4:25:07 AM com.jme3.bullet.objects.PhysicsRigidBody rebuildRigidBody
INFORMATION: Created 1352443cea0.
Sept. 13, 2026 4:25:07 AM com.jme3.bullet.objects.PhysicsRigidBody rebuildRigidBody
INFORMATION: Created 1352443b850.
Sept. 13, 2026 4:25:07 AM com.jme3.bullet.objects.PhysicsRigidBody rebuildRigidBody
INFORMATION: Created 1352443c510.
Sept. 13, 2026 4:25:07 AM com.jme3.bullet.objects.PhysicsRigidBody rebuildRigidBody
INFORMATION: Created 1352443d1d0.
Sept. 13, 2026 4:25:07 AM com.jme3.bullet.objects.PhysicsRigidBody rebuildRigidBody
INFORMATION: Created 1352443d500.
Sept. 13, 2026 4:25:07 AM com.jme3.bullet.objects.PhysicsRigidBody rebuildRigidBody
INFORMATION: Created 1352443ab90.
Sept. 13, 2026 4:25:07 AM com.jme3.bullet.objects.PhysicsRigidBody rebuildRigidBody
INFORMATION: Created 1352443bb80.
Sept. 13, 2026 4:25:07 AM com.jme3.bullet.objects.PhysicsRigidBody rebuildRigidBody
INFORMATION: Created 1352443d830.
Sept. 13, 2026 4:25:07 AM com.jme3.bullet.objects.PhysicsRigidBody rebuildRigidBody
INFORMATION: Created 1352443de90.
Sept. 13, 2026 4:25:07 AM com.jme3.bullet.objects.PhysicsRigidBody rebuildRigidBody
INFORMATION: Created 1352443c840.
Sept. 13, 2026 4:25:07 AM com.jme3.bullet.objects.PhysicsRigidBody rebuildRigidBody
INFORMATION: Created 1352443e1c0.
Sept. 13, 2026 4:25:07 AM com.jme3.bullet.objects.PhysicsRigidBody rebuildRigidBody
INFORMATION: Created 1352443a530.
Sept. 13, 2026 4:25:07 AM com.jme3.bullet.objects.PhysicsRigidBody rebuildRigidBody
INFORMATION: Created 1352443e4f0.
Sept. 13, 2026 4:25:07 AM com.jme3.bullet.objects.PhysicsRigidBody rebuildRigidBody
INFORMATION: Created 1352443f810.
Sept. 13, 2026 4:25:07 AM com.jme3.bullet.objects.PhysicsRigidBody rebuildRigidBody
INFORMATION: Created 1352443e820.
Sept. 13, 2026 4:25:07 AM com.jme3.bullet.objects.PhysicsRigidBody rebuildRigidBody
INFORMATION: Created 1352443eb50.
Sept. 13, 2026 4:25:07 AM com.jme3.bullet.objects.PhysicsRigidBody rebuildRigidBody
INFORMATION: Created 1352443ee80.
Sept. 13, 2026 4:25:07 AM com.jme3.bullet.objects.PhysicsRigidBody rebuildRigidBody
INFORMATION: Created 1352443f4e0.
Sept. 13, 2026 4:25:07 AM com.jme3.bullet.objects.PhysicsRigidBody rebuildRigidBody
INFORMATION: Created 1352443fb40.
Sept. 13, 2026 4:25:07 AM com.jme3.bullet.objects.PhysicsRigidBody rebuildRigidBody
INFORMATION: Created 1352443cb70.
Sept. 13, 2026 4:25:07 AM com.jme3.bullet.objects.PhysicsRigidBody rebuildRigidBody
INFORMATION: Created 1352443f1b0.
Sept. 13, 2026 4:25:07 AM com.jme3.bullet.objects.PhysicsRigidBody rebuildRigidBody
INFORMATION: Created 1352443fe70.
Sept. 13, 2026 4:25:07 AM com.jme3.bullet.objects.PhysicsRigidBody rebuildRigidBody
INFORMATION: Created 1352443c1e0.
Sept. 13, 2026 4:25:07 AM com.jme3.bullet.objects.PhysicsRigidBody rebuildRigidBody
INFORMATION: Created 13524442180.
Sept. 13, 2026 4:25:07 AM com.jme3.bullet.objects.PhysicsRigidBody rebuildRigidBody
INFORMATION: Created 13524440e60.
Sept. 13, 2026 4:25:07 AM com.jme3.bullet.objects.PhysicsRigidBody rebuildRigidBody
INFORMATION: Created 135244404d0.
Sept. 13, 2026 4:25:07 AM com.jme3.bullet.objects.PhysicsRigidBody rebuildRigidBody
INFORMATION: Created 135244414c0.
Sept. 13, 2026 4:25:07 AM com.jme3.bullet.objects.PhysicsRigidBody rebuildRigidBody
INFORMATION: Created 135244401a0.
Sept. 13, 2026 4:25:07 AM com.jme3.bullet.objects.PhysicsRigidBody rebuildRigidBody
INFORMATION: Created 135244417f0.
Sept. 13, 2026 4:25:07 AM com.jme3.bullet.objects.PhysicsRigidBody rebuildRigidBody
INFORMATION: Created 13524441190.
Sept. 13, 2026 4:25:07 AM com.jme3.bullet.objects.PhysicsRigidBody rebuildRigidBody
INFORMATION: Created 135244424b0.
Sept. 13, 2026 4:25:07 AM com.jme3.bullet.objects.PhysicsRigidBody rebuildRigidBody
INFORMATION: Created 13524440800.
Sept. 13, 2026 4:25:07 AM com.jme3.bullet.objects.PhysicsRigidBody rebuildRigidBody
INFORMATION: Created 13524440b30.
Sept. 13, 2026 4:25:07 AM com.jme3.bullet.objects.PhysicsRigidBody rebuildRigidBody
INFORMATION: Created 13524441b20.
Sept. 13, 2026 4:25:07 AM com.jme3.bullet.objects.PhysicsRigidBody rebuildRigidBody
INFORMATION: Created 13524441e50.
Sept. 13, 2026 4:25:07 AM com.jme3.bullet.objects.PhysicsRigidBody rebuildRigidBody
INFORMATION: Created 13524443e30.
Sept. 13, 2026 4:25:07 AM com.jme3.bullet.objects.PhysicsRigidBody rebuildRigidBody
INFORMATION: Created 13524445e10.
Sept. 13, 2026 4:25:07 AM com.jme3.bullet.objects.PhysicsRigidBody rebuildRigidBody
INFORMATION: Created 135244457b0.
Sept. 13, 2026 4:25:07 AM com.jme3.bullet.objects.PhysicsRigidBody rebuildRigidBody
INFORMATION: Created 13524445480.
Sept. 13, 2026 4:25:07 AM com.jme3.bullet.objects.PhysicsRigidBody rebuildRigidBody
INFORMATION: Created 13524446140.
Sept. 13, 2026 4:25:07 AM com.jme3.bullet.objects.PhysicsRigidBody rebuildRigidBody
INFORMATION: Created 13524446470.
Sept. 13, 2026 4:25:07 AM com.jme3.bullet.objects.PhysicsRigidBody rebuildRigidBody
INFORMATION: Created 135244427e0.
Sept. 13, 2026 4:25:07 AM com.jme3.bullet.objects.PhysicsRigidBody rebuildRigidBody
INFORMATION: Created 135244447c0.
Sept. 13, 2026 4:25:07 AM com.jme3.bullet.objects.PhysicsRigidBody rebuildRigidBody
INFORMATION: Created 13524444af0.
Sept. 13, 2026 4:25:07 AM com.jme3.bullet.objects.PhysicsRigidBody rebuildRigidBody
INFORMATION: Created 13524444e20.
Sept. 13, 2026 4:25:07 AM com.jme3.bullet.objects.PhysicsRigidBody rebuildRigidBody
INFORMATION: Created 13524444160.
Sept. 13, 2026 4:25:07 AM com.jme3.bullet.objects.PhysicsRigidBody rebuildRigidBody
INFORMATION: Created 13524445150.
Sept. 13, 2026 4:25:07 AM com.jme3.bullet.objects.PhysicsRigidBody rebuildRigidBody
INFORMATION: Created 135244467a0.
Sept. 13, 2026 4:25:07 AM com.jme3.bullet.objects.PhysicsRigidBody rebuildRigidBody
INFORMATION: Created 13524445ae0.
Sept. 13, 2026 4:25:07 AM com.jme3.bullet.objects.PhysicsRigidBody rebuildRigidBody
INFORMATION: Created 13524444490.
Sept. 13, 2026 4:25:07 AM com.jme3.bullet.objects.PhysicsRigidBody rebuildRigidBody
INFORMATION: Created 13524442b10.
Sept. 13, 2026 4:25:07 AM com.jme3.bullet.objects.PhysicsRigidBody rebuildRigidBody
INFORMATION: Created 135244434a0.
Sept. 13, 2026 4:25:07 AM com.jme3.bullet.objects.PhysicsRigidBody rebuildRigidBody
INFORMATION: Created 13524446ad0.
Sept. 13, 2026 4:25:07 AM com.jme3.bullet.objects.PhysicsRigidBody rebuildRigidBody
INFORMATION: Created 13524442e40.
Sept. 13, 2026 4:25:07 AM com.jme3.bullet.objects.PhysicsRigidBody rebuildRigidBody
INFORMATION: Created 135244437d0.
Sept. 13, 2026 4:25:07 AM com.jme3.bullet.objects.PhysicsRigidBody rebuildRigidBody
INFORMATION: Created 13524446e00.
Sept. 13, 2026 4:25:07 AM com.jme3.bullet.objects.PhysicsRigidBody rebuildRigidBody
INFORMATION: Created 13524443170.
Sept. 13, 2026 4:25:07 AM com.jme3.bullet.objects.PhysicsRigidBody rebuildRigidBody
INFORMATION: Created 13524447130.
Sept. 13, 2026 4:25:07 AM com.jme3.bullet.objects.PhysicsRigidBody rebuildRigidBody
INFORMATION: Created 13524447460.
Sept. 13, 2026 4:25:07 AM com.jme3.bullet.objects.PhysicsRigidBody rebuildRigidBody
INFORMATION: Created 13524447790.
Sept. 13, 2026 4:25:07 AM com.jme3.bullet.objects.PhysicsRigidBody rebuildRigidBody
INFORMATION: Created 13524443b00.
Sept. 13, 2026 4:25:07 AM com.jme3.bullet.objects.PhysicsRigidBody rebuildRigidBody
INFORMATION: Created 13524447ac0.
Sept. 13, 2026 4:25:07 AM com.jme3.bullet.objects.PhysicsRigidBody rebuildRigidBody
INFORMATION: Created 13524447df0.
Sept. 13, 2026 4:25:07 AM com.jme3.bullet.objects.PhysicsRigidBody rebuildRigidBody
INFORMATION: Created 13524448120.
Sept. 13, 2026 4:25:07 AM com.jme3.bullet.objects.PhysicsRigidBody rebuildRigidBody
INFORMATION: Created 13524448450.
Sept. 13, 2026 4:25:07 AM com.jme3.bullet.objects.PhysicsRigidBody rebuildRigidBody
INFORMATION: Created 13524448780.
Sept. 13, 2026 4:25:07 AM com.jme3.bullet.objects.PhysicsRigidBody rebuildRigidBody
INFORMATION: Created 13524448ab0.
Sept. 13, 2026 4:25:07 AM com.jme3.bullet.objects.PhysicsRigidBody rebuildRigidBody
INFORMATION: Created 1352442c940.
Sept. 13, 2026 4:25:07 AM com.jme3.bullet.objects.PhysicsRigidBody rebuildRigidBody
INFORMATION: Created 1352442c610.
Sept. 13, 2026 4:25:07 AM com.jme3.bullet.objects.PhysicsRigidBody rebuildRigidBody
INFORMATION: Created 13524429fd0.
Sept. 13, 2026 4:25:07 AM com.jme3.bullet.objects.PhysicsRigidBody rebuildRigidBody
INFORMATION: Created 1352442cc70.
Sept. 13, 2026 4:25:07 AM com.jme3.bullet.objects.PhysicsRigidBody rebuildRigidBody
INFORMATION: Created 1352442b2f0.
Sept. 13, 2026 4:25:07 AM com.jme3.bullet.objects.PhysicsRigidBody rebuildRigidBody
INFORMATION: Created 1352442a300.
Sept. 13, 2026 4:25:07 AM com.jme3.bullet.objects.PhysicsRigidBody rebuildRigidBody
INFORMATION: Created 13524428fe0.
Sept. 13, 2026 4:25:07 AM com.jme3.bullet.objects.PhysicsRigidBody rebuildRigidBody
INFORMATION: Created 1352442cfa0.
Sept. 13, 2026 4:25:07 AM com.jme3.bullet.objects.PhysicsRigidBody rebuildRigidBody
INFORMATION: Created 1352442a960.
Sept. 13, 2026 4:25:07 AM com.jme3.bullet.objects.PhysicsRigidBody rebuildRigidBody
INFORMATION: Created 1352442afc0.
Sept. 13, 2026 4:25:07 AM com.jme3.bullet.objects.PhysicsRigidBody rebuildRigidBody
INFORMATION: Created 1352442a630.
Sept. 13, 2026 4:25:07 AM com.jme3.bullet.objects.PhysicsRigidBody rebuildRigidBody
INFORMATION: Created 13524429310.
Sept. 13, 2026 4:25:07 AM com.jme3.bullet.objects.PhysicsRigidBody rebuildRigidBody
INFORMATION: Created 1352442d2d0.
Sept. 13, 2026 4:25:07 AM com.jme3.bullet.objects.PhysicsRigidBody rebuildRigidBody
INFORMATION: Created 1352442ac90.
Sept. 13, 2026 4:25:07 AM com.jme3.bullet.objects.PhysicsRigidBody rebuildRigidBody
INFORMATION: Created 1352442b620.
Sept. 13, 2026 4:25:07 AM com.jme3.bullet.objects.PhysicsRigidBody rebuildRigidBody
INFORMATION: Created 13524429640.
Sept. 13, 2026 4:25:07 AM com.jme3.bullet.objects.PhysicsRigidBody rebuildRigidBody
INFORMATION: Created 1352442bfb0.
Sept. 13, 2026 4:25:07 AM com.jme3.bullet.objects.PhysicsRigidBody rebuildRigidBody
INFORMATION: Created 1352442b950.
Sept. 13, 2026 4:25:07 AM com.jme3.bullet.objects.PhysicsRigidBody rebuildRigidBody
INFORMATION: Created 13524429ca0.
Sept. 13, 2026 4:25:07 AM com.jme3.bullet.objects.PhysicsRigidBody rebuildRigidBody
INFORMATION: Created 1352442bc80.
Sept. 13, 2026 4:25:07 AM com.jme3.bullet.objects.PhysicsRigidBody rebuildRigidBody
INFORMATION: Created 1352442c2e0.
Sept. 13, 2026 4:25:07 AM com.jme3.bullet.objects.PhysicsRigidBody rebuildRigidBody
INFORMATION: Created 1352442d600.
Sept. 13, 2026 4:25:07 AM com.jme3.bullet.objects.PhysicsRigidBody rebuildRigidBody
INFORMATION: Created 13524429970.
Sept. 13, 2026 4:25:07 AM com.jme3.bullet.objects.PhysicsRigidBody rebuildRigidBody
INFORMATION: Created 13524430900.
Sept. 13, 2026 4:25:07 AM com.jme3.bullet.objects.PhysicsRigidBody rebuildRigidBody
INFORMATION: Created 13524430c30.
Sept. 13, 2026 4:25:07 AM com.jme3.bullet.objects.PhysicsRigidBody rebuildRigidBody
INFORMATION: Created 1352442df90.
Sept. 13, 2026 4:25:07 AM com.jme3.bullet.objects.PhysicsRigidBody rebuildRigidBody
INFORMATION: Created 1352442ef80.
Sept. 13, 2026 4:25:07 AM com.jme3.bullet.objects.PhysicsRigidBody rebuildRigidBody
INFORMATION: Created 1352442d930.
Sept. 13, 2026 4:25:07 AM com.jme3.bullet.objects.PhysicsRigidBody rebuildRigidBody
INFORMATION: Created 13524431290.
Sept. 13, 2026 4:25:07 AM com.jme3.bullet.objects.PhysicsRigidBody rebuildRigidBody
INFORMATION: Created 135244318f0.
Sept. 13, 2026 4:25:07 AM com.jme3.bullet.objects.PhysicsRigidBody rebuildRigidBody
INFORMATION: Created 135244315c0.
Sept. 13, 2026 4:25:07 AM com.jme3.bullet.objects.PhysicsRigidBody rebuildRigidBody
INFORMATION: Created 1352442e2c0.
Sept. 13, 2026 4:25:07 AM com.jme3.bullet.objects.PhysicsRigidBody rebuildRigidBody
INFORMATION: Created 1352442f2b0.
Sept. 13, 2026 4:25:07 AM com.jme3.bullet.objects.PhysicsRigidBody rebuildRigidBody
INFORMATION: Created 135244305d0.
[GAME] Spielstand geladen.
Sept. 13, 2026 4:25:07 AM com.jme3.anim.SkinningControl controlRender
INFORMATION: Hardware skinning engaged for Scene (Node)
Sept. 13, 2026 4:25:07 AM com.jme3.anim.SkinningControl controlRender
INFORMATION: Hardware skinning engaged for Scene (Node)
Sept. 13, 2026 4:25:07 AM com.jme3.anim.SkinningControl controlRender
INFORMATION: Hardware skinning engaged for Scene (Node)
Sept. 13, 2026 4:25:07 AM com.jme3.anim.SkinningControl controlRender
INFORMATION: Hardware skinning engaged for Scene (Node)
[SMOKE] stage 13
Sept. 13, 2026 4:25:09 AM com.jme3.bullet.objects.PhysicsRigidBody rebuildRigidBody
INFORMATION: Created 1352442dc60.
Sept. 13, 2026 4:25:09 AM com.jme3.bullet.objects.PhysicsRigidBody rebuildRigidBody
INFORMATION: Created 1352442f5e0.
Sept. 13, 2026 4:25:09 AM com.jme3.bullet.objects.PhysicsRigidBody rebuildRigidBody
INFORMATION: Created 1352442ec50.
Sept. 13, 2026 4:25:09 AM com.jme3.bullet.objects.PhysicsRigidBody rebuildRigidBody
INFORMATION: Created 13524430f60.
Sept. 13, 2026 4:25:09 AM com.jme3.bullet.objects.PhysicsRigidBody rebuildRigidBody
INFORMATION: Created 1352442f910.
Sept. 13, 2026 4:25:09 AM com.jme3.bullet.objects.PhysicsRigidBody rebuildRigidBody
INFORMATION: Created 1352442fc40.
Sept. 13, 2026 4:25:09 AM com.jme3.bullet.objects.PhysicsRigidBody rebuildRigidBody
INFORMATION: Created 1352442ff70.
Sept. 13, 2026 4:25:09 AM com.jme3.bullet.objects.PhysicsRigidBody rebuildRigidBody
INFORMATION: Created 135244302a0.
Sept. 13, 2026 4:25:09 AM com.jme3.bullet.objects.PhysicsRigidBody rebuildRigidBody
INFORMATION: Created 135244325b0.
Sept. 13, 2026 4:25:09 AM com.jme3.bullet.objects.PhysicsRigidBody rebuildRigidBody
INFORMATION: Created 13524431c20.
Sept. 13, 2026 4:25:09 AM com.jme3.bullet.objects.PhysicsRigidBody rebuildRigidBody
INFORMATION: Created 13524431f50.
Sept. 13, 2026 4:25:09 AM com.jme3.bullet.objects.PhysicsRigidBody rebuildRigidBody
INFORMATION: Created 13524432280.
Sept. 13, 2026 4:25:09 AM com.jme3.bullet.objects.PhysicsRigidBody rebuildRigidBody
INFORMATION: Created 1352442e920.
Sept. 13, 2026 4:25:09 AM com.jme3.bullet.objects.PhysicsRigidBody rebuildRigidBody
INFORMATION: Created 13524433270.
Sept. 13, 2026 4:25:09 AM com.jme3.bullet.objects.PhysicsRigidBody rebuildRigidBody
INFORMATION: Created 135244328e0.
Sept. 13, 2026 4:25:09 AM com.jme3.bullet.objects.PhysicsRigidBody rebuildRigidBody
INFORMATION: Created 13524434590.
Sept. 13, 2026 4:25:09 AM com.jme3.bullet.objects.PhysicsRigidBody rebuildRigidBody
INFORMATION: Created 13524432f40.
Sept. 13, 2026 4:25:09 AM com.jme3.bullet.objects.PhysicsRigidBody rebuildRigidBody
INFORMATION: Created 135244358b0.
Sept. 13, 2026 4:25:09 AM com.jme3.bullet.objects.PhysicsRigidBody rebuildRigidBody
INFORMATION: Created 13524432c10.
Sept. 13, 2026 4:25:09 AM com.jme3.bullet.objects.PhysicsRigidBody rebuildRigidBody
INFORMATION: Created 135244348c0.
Sept. 13, 2026 4:25:09 AM com.jme3.bullet.objects.PhysicsRigidBody rebuildRigidBody
INFORMATION: Created 13524433f30.
Sept. 13, 2026 4:25:09 AM com.jme3.bullet.objects.PhysicsRigidBody rebuildRigidBody
INFORMATION: Created 13524433c00.
Sept. 13, 2026 4:25:09 AM com.jme3.bullet.objects.PhysicsRigidBody rebuildRigidBody
INFORMATION: Created 13524435250.
Sept. 13, 2026 4:25:09 AM com.jme3.bullet.objects.PhysicsRigidBody rebuildRigidBody
INFORMATION: Created 135244338d0.
Sept. 13, 2026 4:25:09 AM com.jme3.bullet.objects.PhysicsRigidBody rebuildRigidBody
INFORMATION: Created 13524434bf0.
Sept. 13, 2026 4:25:09 AM com.jme3.bullet.objects.PhysicsRigidBody rebuildRigidBody
INFORMATION: Created 135244335a0.
Sept. 13, 2026 4:25:09 AM com.jme3.bullet.objects.PhysicsRigidBody rebuildRigidBody
INFORMATION: Created 13524434f20.
Sept. 13, 2026 4:25:09 AM com.jme3.bullet.objects.PhysicsRigidBody rebuildRigidBody
INFORMATION: Created 13524434260.
Sept. 13, 2026 4:25:09 AM com.jme3.bullet.objects.PhysicsRigidBody rebuildRigidBody
INFORMATION: Created 13524435580.
Sept. 13, 2026 4:25:09 AM com.jme3.bullet.objects.PhysicsRigidBody rebuildRigidBody
INFORMATION: Created 1352869fdf0.
Sept. 13, 2026 4:25:09 AM com.jme3.bullet.objects.PhysicsRigidBody rebuildRigidBody
INFORMATION: Created 135286a1110.
Sept. 13, 2026 4:25:09 AM com.jme3.bullet.objects.PhysicsRigidBody rebuildRigidBody
INFORMATION: Created 135286a2a90.
Sept. 13, 2026 4:25:09 AM com.jme3.bullet.objects.PhysicsRigidBody rebuildRigidBody
INFORMATION: Created 135286a1440.
Sept. 13, 2026 4:25:09 AM com.jme3.bullet.objects.PhysicsRigidBody rebuildRigidBody
INFORMATION: Created 135286a1aa0.
Sept. 13, 2026 4:25:09 AM com.jme3.bullet.objects.PhysicsRigidBody rebuildRigidBody
INFORMATION: Created 135286a1dd0.
Sept. 13, 2026 4:25:09 AM com.jme3.bullet.objects.PhysicsRigidBody rebuildRigidBody
INFORMATION: Created 135286a2430.
Sept. 13, 2026 4:25:09 AM com.jme3.bullet.objects.PhysicsRigidBody rebuildRigidBody
INFORMATION: Created 135286a0de0.
Sept. 13, 2026 4:25:09 AM com.jme3.bullet.objects.PhysicsRigidBody rebuildRigidBody
INFORMATION: Created 135286a0450.
Sept. 13, 2026 4:25:09 AM com.jme3.bullet.objects.PhysicsRigidBody rebuildRigidBody
INFORMATION: Created 135286a3a80.
Sept. 13, 2026 4:25:09 AM com.jme3.bullet.objects.PhysicsRigidBody rebuildRigidBody
INFORMATION: Created 135286a0120.
Sept. 13, 2026 4:25:09 AM com.jme3.bullet.objects.PhysicsRigidBody rebuildRigidBody
INFORMATION: Created 135286a4410.
Sept. 13, 2026 4:25:09 AM com.jme3.bullet.objects.PhysicsRigidBody rebuildRigidBody
INFORMATION: Created 135286a3db0.
Sept. 13, 2026 4:25:09 AM com.jme3.bullet.objects.PhysicsRigidBody rebuildRigidBody
INFORMATION: Created 135286a2dc0.
Sept. 13, 2026 4:25:09 AM com.jme3.bullet.objects.PhysicsRigidBody rebuildRigidBody
INFORMATION: Created 135286a2100.
Sept. 13, 2026 4:25:09 AM com.jme3.bullet.objects.PhysicsRigidBody rebuildRigidBody
INFORMATION: Created 135286a30f0.
Sept. 13, 2026 4:25:09 AM com.jme3.bullet.objects.PhysicsRigidBody rebuildRigidBody
INFORMATION: Created 135286a2760.
Sept. 13, 2026 4:25:09 AM com.jme3.bullet.objects.PhysicsRigidBody rebuildRigidBody
INFORMATION: Created 135286a1770.
Sept. 13, 2026 4:25:09 AM com.jme3.bullet.objects.PhysicsRigidBody rebuildRigidBody
INFORMATION: Created 135286a3420.
Sept. 13, 2026 4:25:09 AM com.jme3.bullet.objects.PhysicsRigidBody rebuildRigidBody
INFORMATION: Created 135286a3750.
Sept. 13, 2026 4:25:09 AM com.jme3.bullet.objects.PhysicsRigidBody rebuildRigidBody
INFORMATION: Created 135286a40e0.
Sept. 13, 2026 4:25:09 AM com.jme3.bullet.objects.PhysicsRigidBody rebuildRigidBody
INFORMATION: Created 135286a0780.
Sept. 13, 2026 4:25:09 AM com.jme3.bullet.objects.PhysicsRigidBody rebuildRigidBody
INFORMATION: Created 135286a4740.
Sept. 13, 2026 4:25:09 AM com.jme3.bullet.objects.PhysicsRigidBody rebuildRigidBody
INFORMATION: Created 135286a0ab0.
Sept. 13, 2026 4:25:09 AM com.jme3.bullet.objects.PhysicsRigidBody rebuildRigidBody
INFORMATION: Created 135286a5d90.
Sept. 13, 2026 4:25:09 AM com.jme3.bullet.objects.PhysicsRigidBody rebuildRigidBody
INFORMATION: Created 135286a60c0.
Sept. 13, 2026 4:25:09 AM com.jme3.bullet.objects.PhysicsRigidBody rebuildRigidBody
INFORMATION: Created 135286a50d0.
Sept. 13, 2026 4:25:09 AM com.jme3.bullet.objects.PhysicsRigidBody rebuildRigidBody
INFORMATION: Created 135286a5a60.
Sept. 13, 2026 4:25:09 AM com.jme3.bullet.objects.PhysicsRigidBody rebuildRigidBody
INFORMATION: Created 135286a8700.
Sept. 13, 2026 4:25:09 AM com.jme3.bullet.objects.PhysicsRigidBody rebuildRigidBody
INFORMATION: Created 135286a5400.
Sept. 13, 2026 4:25:09 AM com.jme3.bullet.objects.PhysicsRigidBody rebuildRigidBody
INFORMATION: Created 135286a70b0.
Sept. 13, 2026 4:25:09 AM com.jme3.bullet.objects.PhysicsRigidBody rebuildRigidBody
INFORMATION: Created 135286a6d80.
Sept. 13, 2026 4:25:09 AM com.jme3.bullet.objects.PhysicsRigidBody rebuildRigidBody
INFORMATION: Created 135286a63f0.
Sept. 13, 2026 4:25:09 AM com.jme3.bullet.objects.PhysicsRigidBody rebuildRigidBody
INFORMATION: Created 135286a5730.
Sept. 13, 2026 4:25:09 AM com.jme3.bullet.objects.PhysicsRigidBody rebuildRigidBody
INFORMATION: Created 135286a7d70.
Sept. 13, 2026 4:25:09 AM com.jme3.bullet.objects.PhysicsRigidBody rebuildRigidBody
INFORMATION: Created 135286a6720.
Sept. 13, 2026 4:25:09 AM com.jme3.bullet.objects.PhysicsRigidBody rebuildRigidBody
INFORMATION: Created 135286a4da0.
Sept. 13, 2026 4:25:09 AM com.jme3.bullet.objects.PhysicsRigidBody rebuildRigidBody
INFORMATION: Created 135286a7710.
Sept. 13, 2026 4:25:09 AM com.jme3.bullet.objects.PhysicsRigidBody rebuildRigidBody
INFORMATION: Created 135286a80a0.
Sept. 13, 2026 4:25:09 AM com.jme3.bullet.objects.PhysicsRigidBody rebuildRigidBody
INFORMATION: Created 135286a6a50.
Sept. 13, 2026 4:25:09 AM com.jme3.bullet.objects.PhysicsRigidBody rebuildRigidBody
INFORMATION: Created 135286a73e0.
Sept. 13, 2026 4:25:09 AM com.jme3.bullet.objects.PhysicsRigidBody rebuildRigidBody
INFORMATION: Created 135286a7a40.
Sept. 13, 2026 4:25:09 AM com.jme3.bullet.objects.PhysicsRigidBody rebuildRigidBody
INFORMATION: Created 135286a83d0.
Sept. 13, 2026 4:25:09 AM com.jme3.bullet.objects.PhysicsRigidBody rebuildRigidBody
INFORMATION: Created 135286a4a70.
Sept. 13, 2026 4:25:09 AM com.jme3.bullet.objects.PhysicsRigidBody rebuildRigidBody
INFORMATION: Created 135286ab070.
Sept. 13, 2026 4:25:09 AM com.jme3.bullet.objects.PhysicsRigidBody rebuildRigidBody
INFORMATION: Created 135286a9090.
Sept. 13, 2026 4:25:09 AM com.jme3.bullet.objects.PhysicsRigidBody rebuildRigidBody
INFORMATION: Created 135286a8d60.
Sept. 13, 2026 4:25:09 AM com.jme3.bullet.objects.PhysicsRigidBody rebuildRigidBody
INFORMATION: Created 135286a93c0.
Sept. 13, 2026 4:25:09 AM com.jme3.bullet.objects.PhysicsRigidBody rebuildRigidBody
INFORMATION: Created 135286ac6c0.
Sept. 13, 2026 4:25:09 AM com.jme3.bullet.objects.PhysicsRigidBody rebuildRigidBody
INFORMATION: Created 135286aa080.
Sept. 13, 2026 4:25:09 AM com.jme3.bullet.objects.PhysicsRigidBody rebuildRigidBody
INFORMATION: Created 135286aba00.
Sept. 13, 2026 4:25:09 AM com.jme3.bullet.objects.PhysicsRigidBody rebuildRigidBody
INFORMATION: Created 135286a96f0.
Sept. 13, 2026 4:25:09 AM com.jme3.bullet.objects.PhysicsRigidBody rebuildRigidBody
INFORMATION: Created 135286abd30.
Sept. 13, 2026 4:25:09 AM com.jme3.bullet.objects.PhysicsRigidBody rebuildRigidBody
INFORMATION: Created 135286ab6d0.
Sept. 13, 2026 4:25:09 AM com.jme3.bullet.objects.PhysicsRigidBody rebuildRigidBody
INFORMATION: Created 135286aaa10.
Sept. 13, 2026 4:25:09 AM com.jme3.bullet.objects.PhysicsRigidBody rebuildRigidBody
INFORMATION: Created 135286a9a20.
Sept. 13, 2026 4:25:09 AM com.jme3.bullet.objects.PhysicsRigidBody rebuildRigidBody
INFORMATION: Created 135286a8a30.
Sept. 13, 2026 4:25:09 AM com.jme3.bullet.objects.PhysicsRigidBody rebuildRigidBody
INFORMATION: Created 135286ac060.
Sept. 13, 2026 4:25:09 AM com.jme3.bullet.objects.PhysicsRigidBody rebuildRigidBody
INFORMATION: Created 135286ac390.
Sept. 13, 2026 4:25:09 AM com.jme3.bullet.objects.PhysicsRigidBody rebuildRigidBody
INFORMATION: Created 135286a9d50.
Sept. 13, 2026 4:25:09 AM com.jme3.bullet.objects.PhysicsRigidBody rebuildRigidBody
INFORMATION: Created 135286aa3b0.
Sept. 13, 2026 4:25:09 AM com.jme3.bullet.objects.PhysicsRigidBody rebuildRigidBody
INFORMATION: Created 135286aa6e0.
Sept. 13, 2026 4:25:09 AM com.jme3.bullet.objects.PhysicsRigidBody rebuildRigidBody
INFORMATION: Created 135286aad40.
Sept. 13, 2026 4:25:09 AM com.jme3.bullet.objects.PhysicsRigidBody rebuildRigidBody
INFORMATION: Created 135286ab3a0.
Sept. 13, 2026 4:25:09 AM com.jme3.bullet.objects.PhysicsRigidBody rebuildRigidBody
INFORMATION: Created 135286ad9e0.
Sept. 13, 2026 4:25:09 AM com.jme3.bullet.objects.PhysicsRigidBody rebuildRigidBody
INFORMATION: Created 135286ae370.
Sept. 13, 2026 4:25:09 AM com.jme3.bullet.objects.PhysicsRigidBody rebuildRigidBody
INFORMATION: Created 135286af690.
Sept. 13, 2026 4:25:09 AM com.jme3.bullet.objects.PhysicsRigidBody rebuildRigidBody
INFORMATION: Created 135286b0680.
Sept. 13, 2026 4:25:09 AM com.jme3.bullet.objects.PhysicsRigidBody rebuildRigidBody
INFORMATION: Created 135286b0350.
Sept. 13, 2026 4:25:09 AM com.jme3.bullet.objects.PhysicsRigidBody rebuildRigidBody
INFORMATION: Created 135286ae6a0.
Sept. 13, 2026 4:25:09 AM com.jme3.bullet.objects.PhysicsRigidBody rebuildRigidBody
INFORMATION: Created 135286ad050.
Sept. 13, 2026 4:25:09 AM com.jme3.bullet.objects.PhysicsRigidBody rebuildRigidBody
INFORMATION: Created 135286ad6b0.
Sept. 13, 2026 4:25:09 AM com.jme3.bullet.objects.PhysicsRigidBody rebuildRigidBody
INFORMATION: Created 135286af9c0.
Sept. 13, 2026 4:25:09 AM com.jme3.bullet.objects.PhysicsRigidBody rebuildRigidBody
INFORMATION: Created 135286b0020.
Sept. 13, 2026 4:25:09 AM com.jme3.bullet.objects.PhysicsRigidBody rebuildRigidBody
INFORMATION: Created 135286add10.
Sept. 13, 2026 4:25:09 AM com.jme3.bullet.objects.PhysicsRigidBody rebuildRigidBody
INFORMATION: Created 135286ae9d0.
Sept. 13, 2026 4:25:09 AM com.jme3.bullet.objects.PhysicsRigidBody rebuildRigidBody
INFORMATION: Created 135286ad380.
Sept. 13, 2026 4:25:09 AM com.jme3.bullet.objects.PhysicsRigidBody rebuildRigidBody
INFORMATION: Created 135286ac9f0.
Sept. 13, 2026 4:25:09 AM com.jme3.bullet.objects.PhysicsRigidBody rebuildRigidBody
INFORMATION: Created 135286ae040.
Sept. 13, 2026 4:25:09 AM com.jme3.bullet.objects.PhysicsRigidBody rebuildRigidBody
INFORMATION: Created 135286aed00.
Sept. 13, 2026 4:25:09 AM com.jme3.bullet.objects.PhysicsRigidBody rebuildRigidBody
INFORMATION: Created 135286af030.
Sept. 13, 2026 4:25:09 AM com.jme3.bullet.objects.PhysicsRigidBody rebuildRigidBody
INFORMATION: Created 135286af360.
Sept. 13, 2026 4:25:09 AM com.jme3.bullet.objects.PhysicsRigidBody rebuildRigidBody
INFORMATION: Created 135286b09b0.
Sept. 13, 2026 4:25:09 AM com.jme3.bullet.objects.PhysicsRigidBody rebuildRigidBody
INFORMATION: Created 135286afcf0.
Sept. 13, 2026 4:25:09 AM com.jme3.bullet.objects.PhysicsRigidBody rebuildRigidBody
INFORMATION: Created 135286acd20.
Sept. 13, 2026 4:25:09 AM com.jme3.bullet.objects.PhysicsRigidBody rebuildRigidBody
INFORMATION: Created 135286b1010.
Sept. 13, 2026 4:25:09 AM com.jme3.bullet.objects.PhysicsRigidBody rebuildRigidBody
INFORMATION: Created 135286b4310.
Sept. 13, 2026 4:25:09 AM com.jme3.bullet.objects.PhysicsRigidBody rebuildRigidBody
INFORMATION: Created 135286b2990.
Sept. 13, 2026 4:25:09 AM com.jme3.bullet.objects.PhysicsRigidBody rebuildRigidBody
INFORMATION: Created 135286b3fe0.
Sept. 13, 2026 4:25:09 AM com.jme3.bullet.objects.PhysicsRigidBody rebuildRigidBody
INFORMATION: Created 135286b1340.
Sept. 13, 2026 4:25:09 AM com.jme3.bullet.objects.PhysicsRigidBody rebuildRigidBody
INFORMATION: Created 135286b4640.
Sept. 13, 2026 4:25:09 AM com.jme3.bullet.objects.PhysicsRigidBody rebuildRigidBody
INFORMATION: Created 135286b3980.
Sept. 13, 2026 4:25:09 AM com.jme3.bullet.objects.PhysicsRigidBody rebuildRigidBody
INFORMATION: Created 135286b2cc0.
Sept. 13, 2026 4:25:09 AM com.jme3.bullet.objects.PhysicsRigidBody rebuildRigidBody
INFORMATION: Created 135286b1cd0.
Sept. 13, 2026 4:25:09 AM com.jme3.bullet.objects.PhysicsRigidBody rebuildRigidBody
INFORMATION: Created 135286b0ce0.
Sept. 13, 2026 4:25:09 AM com.jme3.bullet.objects.PhysicsRigidBody rebuildRigidBody
INFORMATION: Created 135286b3650.
Sept. 13, 2026 4:25:09 AM com.jme3.bullet.objects.PhysicsRigidBody rebuildRigidBody
INFORMATION: Created 135286b4ca0.
Sept. 13, 2026 4:25:09 AM com.jme3.bullet.objects.PhysicsRigidBody rebuildRigidBody
INFORMATION: Created 135286b3cb0.
Sept. 13, 2026 4:25:09 AM com.jme3.bullet.objects.PhysicsRigidBody rebuildRigidBody
INFORMATION: Created 135286b2ff0.
Sept. 13, 2026 4:25:09 AM com.jme3.bullet.objects.PhysicsRigidBody rebuildRigidBody
INFORMATION: Created 135286b3320.
Sept. 13, 2026 4:25:09 AM com.jme3.bullet.objects.PhysicsRigidBody rebuildRigidBody
INFORMATION: Created 135286b1670.
Sept. 13, 2026 4:25:09 AM com.jme3.bullet.objects.PhysicsRigidBody rebuildRigidBody
INFORMATION: Created 135286b4fd0.
Sept. 13, 2026 4:25:09 AM com.jme3.bullet.objects.PhysicsRigidBody rebuildRigidBody
INFORMATION: Created 135286b5300.
Sept. 13, 2026 4:25:09 AM com.jme3.bullet.objects.PhysicsRigidBody rebuildRigidBody
INFORMATION: Created 135286b4970.
Sept. 13, 2026 4:25:09 AM com.jme3.bullet.objects.PhysicsRigidBody rebuildRigidBody
INFORMATION: Created 135286b5630.
Sept. 13, 2026 4:25:09 AM com.jme3.bullet.objects.PhysicsRigidBody rebuildRigidBody
INFORMATION: Created 135286b2000.
Sept. 13, 2026 4:25:09 AM com.jme3.bullet.objects.PhysicsRigidBody rebuildRigidBody
INFORMATION: Created 135286b2330.
Sept. 13, 2026 4:25:09 AM com.jme3.bullet.objects.PhysicsRigidBody rebuildRigidBody
INFORMATION: Created 135286b19a0.
Sept. 13, 2026 4:25:09 AM com.jme3.bullet.objects.PhysicsRigidBody rebuildRigidBody
INFORMATION: Created 135286b5960.
Sept. 13, 2026 4:25:09 AM com.jme3.bullet.objects.PhysicsRigidBody rebuildRigidBody
INFORMATION: Created 135286b5c90.
Sept. 13, 2026 4:25:09 AM com.jme3.bullet.objects.PhysicsRigidBody rebuildRigidBody
INFORMATION: Created 135286b5fc0.
Sept. 13, 2026 4:25:09 AM com.jme3.bullet.objects.PhysicsRigidBody rebuildRigidBody
INFORMATION: Created 135286b62f0.
Sept. 13, 2026 4:25:09 AM com.jme3.bullet.objects.PhysicsRigidBody rebuildRigidBody
INFORMATION: Created 135286b2660.
Sept. 13, 2026 4:25:09 AM com.jme3.bullet.objects.PhysicsRigidBody rebuildRigidBody
INFORMATION: Created 135286b6fb0.
Sept. 13, 2026 4:25:09 AM com.jme3.bullet.objects.PhysicsRigidBody rebuildRigidBody
INFORMATION: Created 135286b8c60.
Sept. 13, 2026 4:25:09 AM com.jme3.bullet.objects.PhysicsRigidBody rebuildRigidBody
INFORMATION: Created 135286b6c80.
Sept. 13, 2026 4:25:09 AM com.jme3.bullet.objects.PhysicsRigidBody rebuildRigidBody
INFORMATION: Created 135286b6950.
Sept. 13, 2026 4:25:09 AM com.jme3.bullet.objects.PhysicsRigidBody rebuildRigidBody
INFORMATION: Created 135286b72e0.
Sept. 13, 2026 4:25:09 AM com.jme3.bullet.objects.PhysicsRigidBody rebuildRigidBody
INFORMATION: Created 135286b6620.
Sept. 13, 2026 4:25:09 AM com.jme3.bullet.objects.PhysicsRigidBody rebuildRigidBody
INFORMATION: Created 135286b8f90.
Sept. 13, 2026 4:25:09 AM com.jme3.bullet.objects.PhysicsRigidBody rebuildRigidBody
INFORMATION: Created 135286b8930.
Sept. 13, 2026 4:25:09 AM com.jme3.bullet.objects.PhysicsRigidBody rebuildRigidBody
INFORMATION: Created 135286b7610.
Sept. 13, 2026 4:25:09 AM com.jme3.bullet.objects.PhysicsRigidBody rebuildRigidBody
INFORMATION: Created 135286b7940.
[GAME] Willkommen im Ödland. Folge dem Feuer zu Mira. [E]
Sept. 13, 2026 4:25:09 AM com.jme3.bullet.objects.PhysicsRigidBody rebuildRigidBody
INFORMATION: Created 135286b7c70.
Sept. 13, 2026 4:25:09 AM com.jme3.bullet.objects.PhysicsRigidBody rebuildRigidBody
INFORMATION: Created 135286b92c0.
Sept. 13, 2026 4:25:09 AM com.jme3.bullet.objects.PhysicsRigidBody rebuildRigidBody
INFORMATION: Created 135286b7fa0.
Sept. 13, 2026 4:25:09 AM com.jme3.bullet.objects.PhysicsRigidBody rebuildRigidBody
INFORMATION: Created 135286b82d0.
Sept. 13, 2026 4:25:09 AM com.jme3.bullet.objects.PhysicsRigidBody rebuildRigidBody
INFORMATION: Created 135286b8600.
Sept. 13, 2026 4:25:09 AM com.jme3.bullet.objects.PhysicsRigidBody rebuildRigidBody
INFORMATION: Created 135286bb5d0.
Sept. 13, 2026 4:25:09 AM com.jme3.bullet.objects.PhysicsRigidBody rebuildRigidBody
INFORMATION: Created 135286bb900.
Sept. 13, 2026 4:25:09 AM com.jme3.bullet.objects.PhysicsRigidBody rebuildRigidBody
INFORMATION: Created 135286bbc30.
Sept. 13, 2026 4:25:09 AM com.jme3.bullet.objects.PhysicsRigidBody rebuildRigidBody
INFORMATION: Created 135286bbf60.
Sept. 13, 2026 4:25:09 AM com.jme3.bullet.objects.PhysicsRigidBody rebuildRigidBody
INFORMATION: Created 135286b95f0.
Sept. 13, 2026 4:25:09 AM com.jme3.bullet.objects.PhysicsRigidBody rebuildRigidBody
INFORMATION: Created 135286bb2a0.
Sept. 13, 2026 4:25:09 AM com.jme3.bullet.objects.PhysicsRigidBody rebuildRigidBody
INFORMATION: Created 135286bac40.
Sept. 13, 2026 4:25:09 AM com.jme3.bullet.objects.PhysicsRigidBody rebuildRigidBody
INFORMATION: Created 135286b9c50.
Sept. 13, 2026 4:25:09 AM com.jme3.bullet.objects.PhysicsRigidBody rebuildRigidBody
INFORMATION: Created 135286bcc20.
Sept. 13, 2026 4:25:09 AM com.jme3.bullet.objects.PhysicsRigidBody rebuildRigidBody
INFORMATION: Created 135286baf70.
Sept. 13, 2026 4:25:09 AM com.jme3.bullet.objects.PhysicsRigidBody rebuildRigidBody
INFORMATION: Created 135286bc290.
Sept. 13, 2026 4:25:09 AM com.jme3.bullet.objects.PhysicsRigidBody rebuildRigidBody
INFORMATION: Created 135286b9f80.
Sept. 13, 2026 4:25:09 AM com.jme3.bullet.objects.PhysicsRigidBody rebuildRigidBody
INFORMATION: Created 135286ba2b0.
Sept. 13, 2026 4:25:09 AM com.jme3.bullet.objects.PhysicsRigidBody rebuildRigidBody
INFORMATION: Created 135286bc5c0.
Sept. 13, 2026 4:25:09 AM com.jme3.bullet.objects.PhysicsRigidBody rebuildRigidBody
INFORMATION: Created 135286bc8f0.
Sept. 13, 2026 4:25:09 AM com.jme3.bullet.objects.PhysicsRigidBody rebuildRigidBody
INFORMATION: Created 135286bcf50.
Sept. 13, 2026 4:25:09 AM com.jme3.bullet.objects.PhysicsRigidBody rebuildRigidBody
INFORMATION: Created 135286ba910.
Sept. 13, 2026 4:25:09 AM com.jme3.bullet.objects.PhysicsRigidBody rebuildRigidBody
INFORMATION: Created 135286bd280.
Sept. 13, 2026 4:25:09 AM com.jme3.bullet.objects.PhysicsRigidBody rebuildRigidBody
INFORMATION: Created 135286bd5b0.
Sept. 13, 2026 4:25:09 AM com.jme3.bullet.objects.PhysicsRigidBody rebuildRigidBody
INFORMATION: Created 135286b9920.
Sept. 13, 2026 4:25:09 AM com.jme3.bullet.objects.PhysicsRigidBody rebuildRigidBody
INFORMATION: Created 135286bd8e0.
Sept. 13, 2026 4:25:09 AM com.jme3.bullet.objects.PhysicsRigidBody rebuildRigidBody
INFORMATION: Created 135286bdc10.
Sept. 13, 2026 4:25:09 AM com.jme3.bullet.objects.PhysicsRigidBody rebuildRigidBody
INFORMATION: Created 135286ba5e0.
Sept. 13, 2026 4:25:09 AM com.jme3.bullet.objects.PhysicsRigidBody rebuildRigidBody
INFORMATION: Created 135286bdf40.
Sept. 13, 2026 4:25:09 AM com.jme3.bullet.objects.PhysicsRigidBody rebuildRigidBody
INFORMATION: Created 135286be8d0.
Sept. 13, 2026 4:25:09 AM com.jme3.bullet.objects.PhysicsRigidBody rebuildRigidBody
INFORMATION: Created 135286bec00.
Sept. 13, 2026 4:25:09 AM com.jme3.bullet.objects.PhysicsRigidBody rebuildRigidBody
INFORMATION: Created 135286be270.
Sept. 13, 2026 4:25:09 AM com.jme3.bullet.objects.PhysicsRigidBody rebuildRigidBody
INFORMATION: Created 135286bf260.
Sept. 13, 2026 4:25:09 AM com.jme3.bullet.objects.PhysicsRigidBody rebuildRigidBody
INFORMATION: Created 135286be5a0.
Sept. 13, 2026 4:25:09 AM com.jme3.bullet.objects.PhysicsRigidBody rebuildRigidBody
INFORMATION: Created 135286bef30.
Sept. 13, 2026 4:25:09 AM com.jme3.bullet.objects.PhysicsRigidBody rebuildRigidBody
INFORMATION: Created 135286bf590.
Sept. 13, 2026 4:25:09 AM com.jme3.bullet.objects.PhysicsRigidBody rebuildRigidBody
INFORMATION: Created 135286bf8c0.
Sept. 13, 2026 4:25:09 AM com.jme3.bullet.objects.PhysicsRigidBody rebuildRigidBody
INFORMATION: Created 13524428fe0.
Sept. 13, 2026 4:25:09 AM com.jme3.bullet.objects.PhysicsRigidBody rebuildRigidBody
INFORMATION: Created 1352442a630.
Sept. 13, 2026 4:25:09 AM com.jme3.bullet.objects.PhysicsRigidBody rebuildRigidBody
INFORMATION: Created 1352442cfa0.
Sept. 13, 2026 4:25:09 AM com.jme3.bullet.objects.PhysicsRigidBody rebuildRigidBody
INFORMATION: Created 13524429640.
Sept. 13, 2026 4:25:09 AM com.jme3.bullet.objects.PhysicsRigidBody rebuildRigidBody
INFORMATION: Created 13524429fd0.
Sept. 13, 2026 4:25:09 AM com.jme3.bullet.objects.PhysicsRigidBody rebuildRigidBody
INFORMATION: Created 1352442b950.
Sept. 13, 2026 4:25:09 AM com.jme3.bullet.objects.PhysicsRigidBody rebuildRigidBody
INFORMATION: Created 1352442a960.
Sept. 13, 2026 4:25:09 AM com.jme3.bullet.objects.PhysicsRigidBody rebuildRigidBody
INFORMATION: Created 1352442c940.
Sept. 13, 2026 4:25:09 AM com.jme3.bullet.objects.PhysicsRigidBody rebuildRigidBody
INFORMATION: Created 13524429310.
Sept. 13, 2026 4:25:09 AM com.jme3.bullet.objects.PhysicsRigidBody rebuildRigidBody
INFORMATION: Created 1352442cc70.
Sept. 13, 2026 4:25:09 AM com.jme3.bullet.objects.PhysicsRigidBody rebuildRigidBody
INFORMATION: Created 1352442b2f0.
Sept. 13, 2026 4:25:09 AM com.jme3.bullet.objects.PhysicsRigidBody rebuildRigidBody
INFORMATION: Created 1352442d2d0.
Sept. 13, 2026 4:25:09 AM com.jme3.bullet.objects.PhysicsRigidBody rebuildRigidBody
INFORMATION: Created 1352442bc80.
Sept. 13, 2026 4:25:09 AM com.jme3.bullet.objects.PhysicsRigidBody rebuildRigidBody
INFORMATION: Created 13524429970.
Sept. 13, 2026 4:25:09 AM com.jme3.bullet.objects.PhysicsRigidBody rebuildRigidBody
INFORMATION: Created 1352442bfb0.
Sept. 13, 2026 4:25:09 AM com.jme3.bullet.objects.PhysicsRigidBody rebuildRigidBody
INFORMATION: Created 1352442d600.
Sept. 13, 2026 4:25:09 AM com.jme3.bullet.objects.PhysicsRigidBody rebuildRigidBody
INFORMATION: Created 1352442a300.
Sept. 13, 2026 4:25:09 AM com.jme3.bullet.objects.PhysicsRigidBody rebuildRigidBody
INFORMATION: Created 1352442d930.
Sept. 13, 2026 4:25:09 AM com.jme3.bullet.objects.PhysicsRigidBody rebuildRigidBody
INFORMATION: Created 1352442ac90.
Sept. 13, 2026 4:25:09 AM com.jme3.bullet.objects.PhysicsRigidBody rebuildRigidBody
INFORMATION: Created 1352442afc0.
Sept. 13, 2026 4:25:09 AM com.jme3.bullet.objects.PhysicsRigidBody rebuildRigidBody
INFORMATION: Created 13524429ca0.
Sept. 13, 2026 4:25:09 AM com.jme3.bullet.objects.PhysicsRigidBody rebuildRigidBody
INFORMATION: Created 1352442df90.
Sept. 13, 2026 4:25:09 AM com.jme3.bullet.objects.PhysicsRigidBody rebuildRigidBody
INFORMATION: Created 1352442ef80.
Sept. 13, 2026 4:25:09 AM com.jme3.bullet.objects.PhysicsRigidBody rebuildRigidBody
INFORMATION: Created 1352442b620.
Sept. 13, 2026 4:25:09 AM com.jme3.bullet.objects.PhysicsRigidBody rebuildRigidBody
INFORMATION: Created 1352442c2e0.
Sept. 13, 2026 4:25:09 AM com.jme3.bullet.objects.PhysicsRigidBody rebuildRigidBody
INFORMATION: Created 1352442c610.
Sept. 13, 2026 4:25:09 AM com.jme3.bullet.objects.PhysicsRigidBody rebuildRigidBody
INFORMATION: Created 13524430900.
Sept. 13, 2026 4:25:09 AM com.jme3.bullet.objects.PhysicsRigidBody rebuildRigidBody
INFORMATION: Created 13524431290.
Sept. 13, 2026 4:25:09 AM com.jme3.bullet.objects.PhysicsRigidBody rebuildRigidBody
INFORMATION: Created 13524430c30.
Sept. 13, 2026 4:25:09 AM com.jme3.bullet.objects.PhysicsRigidBody rebuildRigidBody
INFORMATION: Created 135244315c0.
Sept. 13, 2026 4:25:09 AM com.jme3.bullet.objects.PhysicsRigidBody rebuildRigidBody
INFORMATION: Created 135244318f0.
Sept. 13, 2026 4:25:09 AM com.jme3.bullet.objects.PhysicsRigidBody rebuildRigidBody
INFORMATION: Created 13524437560.
Sept. 13, 2026 4:25:09 AM com.jme3.bullet.objects.PhysicsRigidBody rebuildRigidBody
INFORMATION: Created 13524438550.
Sept. 13, 2026 4:25:09 AM com.jme3.bullet.objects.PhysicsRigidBody rebuildRigidBody
INFORMATION: Created 13524436570.
Sept. 13, 2026 4:25:09 AM com.jme3.bullet.objects.PhysicsRigidBody rebuildRigidBody
INFORMATION: Created 13524437bc0.
Sept. 13, 2026 4:25:09 AM com.jme3.bullet.objects.PhysicsRigidBody rebuildRigidBody
INFORMATION: Created 13524438880.
Sept. 13, 2026 4:25:09 AM com.jme3.bullet.objects.PhysicsRigidBody rebuildRigidBody
INFORMATION: Created 13524437ef0.
Sept. 13, 2026 4:25:09 AM com.jme3.bullet.objects.PhysicsRigidBody rebuildRigidBody
INFORMATION: Created 13524438220.
Sept. 13, 2026 4:25:09 AM com.jme3.bullet.objects.PhysicsRigidBody rebuildRigidBody
INFORMATION: Created 13524438bb0.
Sept. 13, 2026 4:25:09 AM com.jme3.bullet.objects.PhysicsRigidBody rebuildRigidBody
INFORMATION: Created 13524438ee0.
Sept. 13, 2026 4:25:09 AM com.jme3.bullet.objects.PhysicsRigidBody rebuildRigidBody
INFORMATION: Created 13524439210.
Sept. 13, 2026 4:25:09 AM com.jme3.bullet.objects.PhysicsRigidBody rebuildRigidBody
INFORMATION: Created 13524435be0.
Sept. 13, 2026 4:25:09 AM com.jme3.bullet.objects.PhysicsRigidBody rebuildRigidBody
INFORMATION: Created 13524437890.
Sept. 13, 2026 4:25:09 AM com.jme3.bullet.objects.PhysicsRigidBody rebuildRigidBody
INFORMATION: Created 13524437230.
Sept. 13, 2026 4:25:09 AM com.jme3.bullet.objects.PhysicsRigidBody rebuildRigidBody
INFORMATION: Created 13524436240.
Sept. 13, 2026 4:25:09 AM com.jme3.bullet.objects.PhysicsRigidBody rebuildRigidBody
INFORMATION: Created 13524439540.
Sept. 13, 2026 4:25:09 AM com.jme3.bullet.objects.PhysicsRigidBody rebuildRigidBody
INFORMATION: Created 13524439870.
Sept. 13, 2026 4:25:09 AM com.jme3.bullet.objects.PhysicsRigidBody rebuildRigidBody
INFORMATION: Created 13524439ba0.
Sept. 13, 2026 4:25:09 AM com.jme3.bullet.objects.PhysicsRigidBody rebuildRigidBody
INFORMATION: Created 135244368a0.
Sept. 13, 2026 4:25:09 AM com.jme3.bullet.objects.PhysicsRigidBody rebuildRigidBody
INFORMATION: Created 13524436bd0.
Sept. 13, 2026 4:25:09 AM com.jme3.bullet.objects.PhysicsRigidBody rebuildRigidBody
INFORMATION: Created 13524435f10.
Sept. 13, 2026 4:25:09 AM com.jme3.bullet.objects.PhysicsRigidBody rebuildRigidBody
INFORMATION: Created 13524436f00.
Sept. 13, 2026 4:25:09 AM com.jme3.bullet.objects.PhysicsRigidBody rebuildRigidBody
INFORMATION: Created 1352443beb0.
Sept. 13, 2026 4:25:09 AM com.jme3.bullet.objects.PhysicsRigidBody rebuildRigidBody
INFORMATION: Created 1352443cb70.
Sept. 13, 2026 4:25:09 AM com.jme3.bullet.objects.PhysicsRigidBody rebuildRigidBody
INFORMATION: Created 1352443a200.
Sept. 13, 2026 4:25:09 AM com.jme3.bullet.objects.PhysicsRigidBody rebuildRigidBody
INFORMATION: Created 1352443d830.
Sept. 13, 2026 4:25:09 AM com.jme3.bullet.objects.PhysicsRigidBody rebuildRigidBody
INFORMATION: Created 1352443a530.
Sept. 13, 2026 4:25:09 AM com.jme3.bullet.objects.PhysicsRigidBody rebuildRigidBody
INFORMATION: Created 1352443aec0.
Sept. 13, 2026 4:25:09 AM com.jme3.bullet.objects.PhysicsRigidBody rebuildRigidBody
INFORMATION: Created 1352443cea0.
Sept. 13, 2026 4:25:09 AM com.jme3.bullet.objects.PhysicsRigidBody rebuildRigidBody
INFORMATION: Created 1352443b1f0.
Sept. 13, 2026 4:25:09 AM com.jme3.bullet.objects.PhysicsRigidBody rebuildRigidBody
INFORMATION: Created 13524439ed0.
Sept. 13, 2026 4:25:09 AM com.jme3.bullet.objects.PhysicsRigidBody rebuildRigidBody
INFORMATION: Created 1352443de90.
Sept. 13, 2026 4:25:09 AM com.jme3.bullet.objects.PhysicsRigidBody rebuildRigidBody
INFORMATION: Created 1352443b520.
Sept. 13, 2026 4:25:09 AM com.jme3.bullet.objects.PhysicsRigidBody rebuildRigidBody
INFORMATION: Created 1352443b850.
Sept. 13, 2026 4:25:09 AM com.jme3.bullet.objects.PhysicsRigidBody rebuildRigidBody
INFORMATION: Created 1352443db60.
Sept. 13, 2026 4:25:09 AM com.jme3.bullet.objects.PhysicsRigidBody rebuildRigidBody
INFORMATION: Created 1352443a860.
Sept. 13, 2026 4:25:09 AM com.jme3.bullet.objects.PhysicsRigidBody rebuildRigidBody
INFORMATION: Created 1352443d500.
Sept. 13, 2026 4:25:09 AM com.jme3.bullet.objects.PhysicsRigidBody rebuildRigidBody
INFORMATION: Created 1352443c1e0.
Sept. 13, 2026 4:25:09 AM com.jme3.bullet.objects.PhysicsRigidBody rebuildRigidBody
INFORMATION: Created 1352443bb80.
Sept. 13, 2026 4:25:09 AM com.jme3.bullet.objects.PhysicsRigidBody rebuildRigidBody
INFORMATION: Created 1352443c510.
Sept. 13, 2026 4:25:09 AM com.jme3.bullet.objects.PhysicsRigidBody rebuildRigidBody
INFORMATION: Created 1352443c840.
Sept. 13, 2026 4:25:09 AM com.jme3.bullet.objects.PhysicsRigidBody rebuildRigidBody
INFORMATION: Created 1352443d1d0.
Sept. 13, 2026 4:25:09 AM com.jme3.bullet.objects.PhysicsRigidBody rebuildRigidBody
INFORMATION: Created 1352443e1c0.
Sept. 13, 2026 4:25:09 AM com.jme3.bullet.objects.PhysicsRigidBody rebuildRigidBody
INFORMATION: Created 1352443e4f0.
Sept. 13, 2026 4:25:09 AM com.jme3.bullet.objects.PhysicsRigidBody rebuildRigidBody
INFORMATION: Created 1352443e820.
Sept. 13, 2026 4:25:09 AM com.jme3.bullet.objects.PhysicsRigidBody rebuildRigidBody
INFORMATION: Created 1352443ab90.
Sept. 13, 2026 4:25:09 AM com.jme3.bullet.objects.PhysicsRigidBody rebuildRigidBody
INFORMATION: Created 1352443fb40.
Sept. 13, 2026 4:25:09 AM com.jme3.bullet.objects.PhysicsRigidBody rebuildRigidBody
INFORMATION: Created 135244401a0.
Sept. 13, 2026 4:25:09 AM com.jme3.bullet.objects.PhysicsRigidBody rebuildRigidBody
INFORMATION: Created 13524440e60.
Sept. 13, 2026 4:25:09 AM com.jme3.bullet.objects.PhysicsRigidBody rebuildRigidBody
INFORMATION: Created 1352443fe70.
Sept. 13, 2026 4:25:09 AM com.jme3.bullet.objects.PhysicsRigidBody rebuildRigidBody
INFORMATION: Created 135244404d0.
Sept. 13, 2026 4:25:09 AM com.jme3.bullet.objects.PhysicsRigidBody rebuildRigidBody
INFORMATION: Created 13524441b20.
Sept. 13, 2026 4:25:09 AM com.jme3.bullet.objects.PhysicsRigidBody rebuildRigidBody
INFORMATION: Created 13524440800.
Sept. 13, 2026 4:25:09 AM com.jme3.bullet.objects.PhysicsRigidBody rebuildRigidBody
INFORMATION: Created 1352443eb50.
Sept. 13, 2026 4:25:09 AM com.jme3.bullet.objects.PhysicsRigidBody rebuildRigidBody
INFORMATION: Created 13524441190.
Sept. 13, 2026 4:25:09 AM com.jme3.bullet.objects.PhysicsRigidBody rebuildRigidBody
INFORMATION: Created 13524440b30.
Sept. 13, 2026 4:25:09 AM com.jme3.bullet.objects.PhysicsRigidBody rebuildRigidBody
INFORMATION: Created 135244417f0.
Sept. 13, 2026 4:25:09 AM com.jme3.bullet.objects.PhysicsRigidBody rebuildRigidBody
INFORMATION: Created 1352443f810.
Sept. 13, 2026 4:25:09 AM com.jme3.bullet.objects.PhysicsRigidBody rebuildRigidBody
INFORMATION: Created 135244414c0.
Sept. 13, 2026 4:25:09 AM com.jme3.bullet.objects.PhysicsRigidBody rebuildRigidBody
INFORMATION: Created 13524441e50.
Sept. 13, 2026 4:25:09 AM com.jme3.bullet.objects.PhysicsRigidBody rebuildRigidBody
INFORMATION: Created 13524442180.
Sept. 13, 2026 4:25:09 AM com.jme3.bullet.objects.PhysicsRigidBody rebuildRigidBody
INFORMATION: Created 135244424b0.
Sept. 13, 2026 4:25:09 AM com.jme3.bullet.objects.PhysicsRigidBody rebuildRigidBody
INFORMATION: Created 1352443ee80.
Sept. 13, 2026 4:25:09 AM com.jme3.bullet.objects.PhysicsRigidBody rebuildRigidBody
INFORMATION: Created 1352443f1b0.
Sept. 13, 2026 4:25:09 AM com.jme3.bullet.objects.PhysicsRigidBody rebuildRigidBody
INFORMATION: Created 1352443f4e0.
Sept. 13, 2026 4:25:09 AM com.jme3.bullet.objects.PhysicsRigidBody rebuildRigidBody
INFORMATION: Created 13524444af0.
Sept. 13, 2026 4:25:09 AM com.jme3.bullet.objects.PhysicsRigidBody rebuildRigidBody
INFORMATION: Created 13524444e20.
Sept. 13, 2026 4:25:09 AM com.jme3.bullet.objects.PhysicsRigidBody rebuildRigidBody
INFORMATION: Created 13524444490.
Sept. 13, 2026 4:25:09 AM com.jme3.bullet.objects.PhysicsRigidBody rebuildRigidBody
INFORMATION: Created 13524443e30.
Sept. 13, 2026 4:25:09 AM com.jme3.bullet.objects.PhysicsRigidBody rebuildRigidBody
INFORMATION: Created 135244427e0.
Sept. 13, 2026 4:25:09 AM com.jme3.bullet.objects.PhysicsRigidBody rebuildRigidBody
INFORMATION: Created 135244447c0.
Sept. 13, 2026 4:25:09 AM com.jme3.bullet.objects.PhysicsRigidBody rebuildRigidBody
INFORMATION: Created 13524445150.
Sept. 13, 2026 4:25:09 AM com.jme3.bullet.objects.PhysicsRigidBody rebuildRigidBody
INFORMATION: Created 13524445ae0.
Sept. 13, 2026 4:25:09 AM com.jme3.bullet.objects.PhysicsRigidBody rebuildRigidBody
INFORMATION: Created 13524445480.
Sept. 13, 2026 4:25:09 AM com.jme3.bullet.objects.PhysicsRigidBody rebuildRigidBody
INFORMATION: Created 135244457b0.
Sept. 13, 2026 4:25:09 AM com.jme3.bullet.objects.PhysicsRigidBody rebuildRigidBody
INFORMATION: Created 135244467a0.
Sept. 13, 2026 4:25:09 AM com.jme3.bullet.objects.PhysicsRigidBody rebuildRigidBody
INFORMATION: Created 13524445e10.
Sept. 13, 2026 4:25:09 AM com.jme3.bullet.objects.PhysicsRigidBody rebuildRigidBody
INFORMATION: Created 135244437d0.
Sept. 13, 2026 4:25:09 AM com.jme3.bullet.objects.PhysicsRigidBody rebuildRigidBody
INFORMATION: Created 13524446140.
Sept. 13, 2026 4:25:09 AM com.jme3.bullet.objects.PhysicsRigidBody rebuildRigidBody
INFORMATION: Created 13524444160.
Sept. 13, 2026 4:25:09 AM com.jme3.bullet.objects.PhysicsRigidBody rebuildRigidBody
INFORMATION: Created 13524446470.
Sept. 13, 2026 4:25:09 AM com.jme3.bullet.objects.PhysicsRigidBody rebuildRigidBody
INFORMATION: Created 13524442b10.
Sept. 13, 2026 4:25:09 AM com.jme3.bullet.objects.PhysicsRigidBody rebuildRigidBody
INFORMATION: Created 13524446ad0.
Sept. 13, 2026 4:25:09 AM com.jme3.bullet.objects.PhysicsRigidBody rebuildRigidBody
INFORMATION: Created 13524442e40.
Sept. 13, 2026 4:25:09 AM com.jme3.bullet.objects.PhysicsRigidBody rebuildRigidBody
INFORMATION: Created 13524446e00.
[CHECK] A new campaign must not respawn into the previous save
Sept. 13, 2026 4:25:09 AM com.jme3.anim.SkinningControl controlRender
INFORMATION: Hardware skinning engaged for Scene (Node)
Sept. 13, 2026 4:25:09 AM com.jme3.anim.SkinningControl controlRender
INFORMATION: Hardware skinning engaged for Scene (Node)
Sept. 13, 2026 4:25:09 AM com.jme3.anim.SkinningControl controlRender
INFORMATION: Hardware skinning engaged for Scene (Node)
Sept. 13, 2026 4:25:09 AM com.jme3.anim.SkinningControl controlRender
INFORMATION: Hardware skinning engaged for Scene (Node)
[SMOKE] stage 14
[GAME] Treffer  +22
[SMOKE] stage 15
[CHECK] Physical melee must hit the enemy
[GAME] Goblin besiegt  +35 EP  +8 Gold
[GAME] Goblin besiegt  +35 EP  +8 Gold
[GAME] Auftrag erfüllt: Ein Licht im Ödland  +40 EP
[GAME] Stufe 2 erreicht! K: Fähigkeiten verbessern.
[CHECK] Mira opens a dialogue
[CHECK] Mira starts the campaign
Sept. 13, 2026 4:25:15 AM com.jme3.bullet.objects.PhysicsRigidBody rebuildRigidBody
INFORMATION: Created 1352258dcf0.
Sept. 13, 2026 4:25:15 AM com.jme3.bullet.objects.PhysicsRigidBody rebuildRigidBody
INFORMATION: Created 1352258fcd0.
Sept. 13, 2026 4:25:15 AM com.jme3.bullet.objects.PhysicsRigidBody rebuildRigidBody
INFORMATION: Created 13522590000.
Sept. 13, 2026 4:25:15 AM com.jme3.bullet.objects.PhysicsRigidBody rebuildRigidBody
INFORMATION: Created 1352258c6a0.
Sept. 13, 2026 4:25:15 AM com.jme3.bullet.objects.PhysicsRigidBody rebuildRigidBody
INFORMATION: Created 1352258e9b0.
Sept. 13, 2026 4:25:15 AM com.jme3.bullet.objects.PhysicsRigidBody rebuildRigidBody
INFORMATION: Created 1352258d030.
Sept. 13, 2026 4:25:15 AM com.jme3.bullet.objects.PhysicsRigidBody rebuildRigidBody
INFORMATION: Created 13522590660.
Sept. 13, 2026 4:25:15 AM com.jme3.bullet.objects.PhysicsRigidBody rebuildRigidBody
INFORMATION: Created 1352258e020.
Sept. 13, 2026 4:25:15 AM com.jme3.bullet.objects.PhysicsRigidBody rebuildRigidBody
INFORMATION: Created 1352258f010.
Sept. 13, 2026 4:25:15 AM com.jme3.bullet.objects.PhysicsRigidBody rebuildRigidBody
INFORMATION: Created 1352258cd00.
Sept. 13, 2026 4:25:15 AM com.jme3.bullet.objects.PhysicsRigidBody rebuildRigidBody
INFORMATION: Created 13522590330.
Sept. 13, 2026 4:25:15 AM com.jme3.bullet.objects.PhysicsRigidBody rebuildRigidBody
INFORMATION: Created 1352258ece0.
Sept. 13, 2026 4:25:15 AM com.jme3.bullet.objects.PhysicsRigidBody rebuildRigidBody
INFORMATION: Created 1352258c9d0.
Sept. 13, 2026 4:25:15 AM com.jme3.bullet.objects.PhysicsRigidBody rebuildRigidBody
INFORMATION: Created 13522590cc0.
Sept. 13, 2026 4:25:15 AM com.jme3.bullet.objects.PhysicsRigidBody rebuildRigidBody
INFORMATION: Created 13522590ff0.
Sept. 13, 2026 4:25:15 AM com.jme3.bullet.objects.PhysicsRigidBody rebuildRigidBody
INFORMATION: Created 13522590990.
Sept. 13, 2026 4:25:15 AM com.jme3.bullet.objects.PhysicsRigidBody rebuildRigidBody
INFORMATION: Created 13522591320.
Sept. 13, 2026 4:25:15 AM com.jme3.bullet.objects.PhysicsRigidBody rebuildRigidBody
INFORMATION: Created 1352258e350.
Sept. 13, 2026 4:25:15 AM com.jme3.bullet.objects.PhysicsRigidBody rebuildRigidBody
INFORMATION: Created 1352258d690.
Sept. 13, 2026 4:25:15 AM com.jme3.bullet.objects.PhysicsRigidBody rebuildRigidBody
INFORMATION: Created 1352258f340.
Sept. 13, 2026 4:25:15 AM com.jme3.bullet.objects.PhysicsRigidBody rebuildRigidBody
INFORMATION: Created 1352258d9c0.
Sept. 13, 2026 4:25:15 AM com.jme3.bullet.objects.PhysicsRigidBody rebuildRigidBody
INFORMATION: Created 13522591650.
Sept. 13, 2026 4:25:15 AM com.jme3.bullet.objects.PhysicsRigidBody rebuildRigidBody
INFORMATION: Created 13522591980.
Sept. 13, 2026 4:25:15 AM com.jme3.bullet.objects.PhysicsRigidBody rebuildRigidBody
INFORMATION: Created 13522591cb0.
Sept. 13, 2026 4:25:15 AM com.jme3.bullet.objects.PhysicsRigidBody rebuildRigidBody
INFORMATION: Created 13522591fe0.
Sept. 13, 2026 4:25:15 AM com.jme3.bullet.objects.PhysicsRigidBody rebuildRigidBody
INFORMATION: Created 13522592310.
Sept. 13, 2026 4:25:15 AM com.jme3.bullet.objects.PhysicsRigidBody rebuildRigidBody
INFORMATION: Created 13522592640.
Sept. 13, 2026 4:25:15 AM com.jme3.bullet.objects.PhysicsRigidBody rebuildRigidBody
INFORMATION: Created 13522592970.
Sept. 13, 2026 4:25:15 AM com.jme3.bullet.objects.PhysicsRigidBody rebuildRigidBody
INFORMATION: Created 13522592fd0.
Sept. 13, 2026 4:25:15 AM com.jme3.bullet.objects.PhysicsRigidBody rebuildRigidBody
INFORMATION: Created 13522592ca0.
Sept. 13, 2026 4:25:15 AM com.jme3.bullet.objects.PhysicsRigidBody rebuildRigidBody
INFORMATION: Created 13522593300.
Sept. 13, 2026 4:25:15 AM com.jme3.bullet.objects.PhysicsRigidBody rebuildRigidBody
INFORMATION: Created 1352258f670.
Sept. 13, 2026 4:25:15 AM com.jme3.bullet.objects.PhysicsRigidBody rebuildRigidBody
INFORMATION: Created 13522593c90.
Sept. 13, 2026 4:25:15 AM com.jme3.bullet.objects.PhysicsRigidBody rebuildRigidBody
INFORMATION: Created 13522595940.
Sept. 13, 2026 4:25:15 AM com.jme3.bullet.objects.PhysicsRigidBody rebuildRigidBody
INFORMATION: Created 13522593fc0.
Sept. 13, 2026 4:25:15 AM com.jme3.bullet.objects.PhysicsRigidBody rebuildRigidBody
INFORMATION: Created 135225942f0.
Sept. 13, 2026 4:25:15 AM com.jme3.bullet.objects.PhysicsRigidBody rebuildRigidBody
INFORMATION: Created 135225962d0.
Sept. 13, 2026 4:25:15 AM com.jme3.bullet.objects.PhysicsRigidBody rebuildRigidBody
INFORMATION: Created 13522594950.
Sept. 13, 2026 4:25:15 AM com.jme3.bullet.objects.PhysicsRigidBody rebuildRigidBody
INFORMATION: Created 13522595610.
Sept. 13, 2026 4:25:15 AM com.jme3.bullet.objects.PhysicsRigidBody rebuildRigidBody
INFORMATION: Created 13522594620.
Sept. 13, 2026 4:25:15 AM com.jme3.bullet.objects.PhysicsRigidBody rebuildRigidBody
INFORMATION: Created 13522594c80.
Sept. 13, 2026 4:25:15 AM com.jme3.bullet.objects.PhysicsRigidBody rebuildRigidBody
INFORMATION: Created 13522594fb0.
Sept. 13, 2026 4:25:15 AM com.jme3.bullet.objects.PhysicsRigidBody rebuildRigidBody
INFORMATION: Created 13522593630.
Sept. 13, 2026 4:25:15 AM com.jme3.bullet.objects.PhysicsRigidBody rebuildRigidBody
INFORMATION: Created 13522595c70.
Sept. 13, 2026 4:25:15 AM com.jme3.bullet.objects.PhysicsRigidBody rebuildRigidBody
INFORMATION: Created 135225972c0.
Sept. 13, 2026 4:25:15 AM com.jme3.bullet.objects.PhysicsRigidBody rebuildRigidBody
INFORMATION: Created 135225952e0.
Sept. 13, 2026 4:25:15 AM com.jme3.bullet.objects.PhysicsRigidBody rebuildRigidBody
INFORMATION: Created 13522596930.
Sept. 13, 2026 4:25:15 AM com.jme3.bullet.objects.PhysicsRigidBody rebuildRigidBody
INFORMATION: Created 13522596c60.
Sept. 13, 2026 4:25:15 AM com.jme3.bullet.objects.PhysicsRigidBody rebuildRigidBody
INFORMATION: Created 13522596600.
Sept. 13, 2026 4:25:15 AM com.jme3.bullet.objects.PhysicsRigidBody rebuildRigidBody
INFORMATION: Created 13522595fa0.
Sept. 13, 2026 4:25:15 AM com.jme3.bullet.objects.PhysicsRigidBody rebuildRigidBody
INFORMATION: Created 13522596f90.
Sept. 13, 2026 4:25:15 AM com.jme3.bullet.objects.PhysicsRigidBody rebuildRigidBody
INFORMATION: Created 135225975f0.
Sept. 13, 2026 4:25:15 AM com.jme3.bullet.objects.PhysicsRigidBody rebuildRigidBody
INFORMATION: Created 13522593960.
Sept. 13, 2026 4:25:15 AM com.jme3.bullet.objects.PhysicsRigidBody rebuildRigidBody
INFORMATION: Created 13522597920.
Sept. 13, 2026 4:25:15 AM com.jme3.bullet.objects.PhysicsRigidBody rebuildRigidBody
INFORMATION: Created 13522597c50.
Sept. 13, 2026 4:25:15 AM com.jme3.bullet.objects.PhysicsRigidBody rebuildRigidBody
INFORMATION: Created 13522597f80.
Sept. 13, 2026 4:25:15 AM com.jme3.bullet.objects.PhysicsRigidBody rebuildRigidBody
INFORMATION: Created 135225982b0.
Sept. 13, 2026 4:25:15 AM com.jme3.bullet.objects.PhysicsRigidBody rebuildRigidBody
INFORMATION: Created 135225985e0.
Sept. 13, 2026 4:25:15 AM com.jme3.bullet.objects.PhysicsRigidBody rebuildRigidBody
INFORMATION: Created 13522598910.
Sept. 13, 2026 4:25:15 AM com.jme3.bullet.objects.PhysicsRigidBody rebuildRigidBody
INFORMATION: Created 13522598c40.
Sept. 13, 2026 4:25:15 AM com.jme3.bullet.objects.PhysicsRigidBody rebuildRigidBody
INFORMATION: Created 1352259b5b0.
Sept. 13, 2026 4:25:15 AM com.jme3.bullet.objects.PhysicsRigidBody rebuildRigidBody
INFORMATION: Created 1352259bf40.
Sept. 13, 2026 4:25:15 AM com.jme3.bullet.objects.PhysicsRigidBody rebuildRigidBody
INFORMATION: Created 1352259a5c0.
Sept. 13, 2026 4:25:15 AM com.jme3.bullet.objects.PhysicsRigidBody rebuildRigidBody
INFORMATION: Created 1352259af50.
Sept. 13, 2026 4:25:15 AM com.jme3.bullet.objects.PhysicsRigidBody rebuildRigidBody
INFORMATION: Created 1352259b8e0.
Sept. 13, 2026 4:25:15 AM com.jme3.bullet.objects.PhysicsRigidBody rebuildRigidBody
INFORMATION: Created 1352259bc10.
Sept. 13, 2026 4:25:15 AM com.jme3.bullet.objects.PhysicsRigidBody rebuildRigidBody
INFORMATION: Created 13522598f70.
Sept. 13, 2026 4:25:15 AM com.jme3.bullet.objects.PhysicsRigidBody rebuildRigidBody
INFORMATION: Created 1352259b280.
Sept. 13, 2026 4:25:15 AM com.jme3.bullet.objects.PhysicsRigidBody rebuildRigidBody
INFORMATION: Created 13522599f60.
Sept. 13, 2026 4:25:15 AM com.jme3.bullet.objects.PhysicsRigidBody rebuildRigidBody
INFORMATION: Created 135225992a0.
Sept. 13, 2026 4:25:15 AM com.jme3.bullet.objects.PhysicsRigidBody rebuildRigidBody
INFORMATION: Created 13522599900.
Sept. 13, 2026 4:25:15 AM com.jme3.bullet.objects.PhysicsRigidBody rebuildRigidBody
INFORMATION: Created 1352259a290.
Sept. 13, 2026 4:25:15 AM com.jme3.bullet.objects.PhysicsRigidBody rebuildRigidBody
INFORMATION: Created 1352259a8f0.
Sept. 13, 2026 4:25:15 AM com.jme3.bullet.objects.PhysicsRigidBody rebuildRigidBody
INFORMATION: Created 1352259ac20.
Sept. 13, 2026 4:25:15 AM com.jme3.bullet.objects.PhysicsRigidBody rebuildRigidBody
INFORMATION: Created 13522599c30.
Sept. 13, 2026 4:25:15 AM com.jme3.bullet.objects.PhysicsRigidBody rebuildRigidBody
INFORMATION: Created 135225995d0.
Sept. 13, 2026 4:25:15 AM com.jme3.bullet.objects.PhysicsRigidBody rebuildRigidBody
INFORMATION: Created 1351ef6bbc0.
Sept. 13, 2026 4:25:15 AM com.jme3.bullet.objects.PhysicsRigidBody rebuildRigidBody
INFORMATION: Created 1351ef6eb90.
Sept. 13, 2026 4:25:15 AM com.jme3.bullet.objects.PhysicsRigidBody rebuildRigidBody
INFORMATION: Created 1351ef6cbb0.
Sept. 13, 2026 4:25:15 AM com.jme3.bullet.objects.PhysicsRigidBody rebuildRigidBody
INFORMATION: Created 1351ef6cee0.
Sept. 13, 2026 4:25:15 AM com.jme3.bullet.objects.PhysicsRigidBody rebuildRigidBody
INFORMATION: Created 1351ef6eec0.
Sept. 13, 2026 4:25:15 AM com.jme3.bullet.objects.PhysicsRigidBody rebuildRigidBody
INFORMATION: Created 1351ef6ded0.
Sept. 13, 2026 4:25:15 AM com.jme3.bullet.objects.PhysicsRigidBody rebuildRigidBody
INFORMATION: Created 1351ef6b560.
Sept. 13, 2026 4:25:15 AM com.jme3.bullet.objects.PhysicsRigidBody rebuildRigidBody
INFORMATION: Created 1351ef6bef0.
Sept. 13, 2026 4:25:15 AM com.jme3.bullet.objects.PhysicsRigidBody rebuildRigidBody
INFORMATION: Created 1351ef6d210.
Sept. 13, 2026 4:25:15 AM com.jme3.bullet.objects.PhysicsRigidBody rebuildRigidBody
INFORMATION: Created 1351ef6e200.
Sept. 13, 2026 4:25:15 AM com.jme3.bullet.objects.PhysicsRigidBody rebuildRigidBody
INFORMATION: Created 1351ef6f1f0.
Sept. 13, 2026 4:25:15 AM com.jme3.bullet.objects.PhysicsRigidBody rebuildRigidBody
INFORMATION: Created 1351ef6d540.
Sept. 13, 2026 4:25:15 AM com.jme3.bullet.objects.PhysicsRigidBody rebuildRigidBody
INFORMATION: Created 1351ef6b890.
Sept. 13, 2026 4:25:15 AM com.jme3.bullet.objects.PhysicsRigidBody rebuildRigidBody
INFORMATION: Created 1351ef6c220.
Sept. 13, 2026 4:25:15 AM com.jme3.bullet.objects.PhysicsRigidBody rebuildRigidBody
INFORMATION: Created 1351ef6e530.
Sept. 13, 2026 4:25:15 AM com.jme3.bullet.objects.PhysicsRigidBody rebuildRigidBody
INFORMATION: Created 1351ef6f850.
Sept. 13, 2026 4:25:15 AM com.jme3.bullet.objects.PhysicsRigidBody rebuildRigidBody
INFORMATION: Created 1351ef6f520.
Sept. 13, 2026 4:25:15 AM com.jme3.bullet.objects.PhysicsRigidBody rebuildRigidBody
INFORMATION: Created 1351ef6e860.
Sept. 13, 2026 4:25:15 AM com.jme3.bullet.objects.PhysicsRigidBody rebuildRigidBody
INFORMATION: Created 1351ef6fb80.
Sept. 13, 2026 4:25:15 AM com.jme3.bullet.objects.PhysicsRigidBody rebuildRigidBody
INFORMATION: Created 1351ef6feb0.
Sept. 13, 2026 4:25:15 AM com.jme3.bullet.objects.PhysicsRigidBody rebuildRigidBody
INFORMATION: Created 1351ef701e0.
Sept. 13, 2026 4:25:15 AM com.jme3.bullet.objects.PhysicsRigidBody rebuildRigidBody
INFORMATION: Created 1351ef6c550.
Sept. 13, 2026 4:25:15 AM com.jme3.bullet.objects.PhysicsRigidBody rebuildRigidBody
INFORMATION: Created 1351ef70510.
Sept. 13, 2026 4:25:15 AM com.jme3.bullet.objects.PhysicsRigidBody rebuildRigidBody
INFORMATION: Created 1351ef6c880.
Sept. 13, 2026 4:25:15 AM com.jme3.bullet.objects.PhysicsRigidBody rebuildRigidBody
INFORMATION: Created 1351ef70840.
Sept. 13, 2026 4:25:15 AM com.jme3.bullet.objects.PhysicsRigidBody rebuildRigidBody
INFORMATION: Created 1351ef70b70.
Sept. 13, 2026 4:25:15 AM com.jme3.bullet.objects.PhysicsRigidBody rebuildRigidBody
INFORMATION: Created 1351ef70ea0.
Sept. 13, 2026 4:25:15 AM com.jme3.bullet.objects.PhysicsRigidBody rebuildRigidBody
INFORMATION: Created 1351ef711d0.
Sept. 13, 2026 4:25:15 AM com.jme3.bullet.objects.PhysicsRigidBody rebuildRigidBody
INFORMATION: Created 1351ef71500.
Sept. 13, 2026 4:25:15 AM com.jme3.bullet.objects.PhysicsRigidBody rebuildRigidBody
INFORMATION: Created 1351ef6d870.
Sept. 13, 2026 4:25:15 AM com.jme3.bullet.objects.PhysicsRigidBody rebuildRigidBody
INFORMATION: Created 1351ef71830.
Sept. 13, 2026 4:25:15 AM com.jme3.bullet.objects.PhysicsRigidBody rebuildRigidBody
INFORMATION: Created 1351ef6dba0.
Sept. 13, 2026 4:25:15 AM com.jme3.bullet.objects.PhysicsRigidBody rebuildRigidBody
INFORMATION: Created 1351ef71e90.
Sept. 13, 2026 4:25:15 AM com.jme3.bullet.objects.PhysicsRigidBody rebuildRigidBody
INFORMATION: Created 1351ef757f0.
Sept. 13, 2026 4:25:15 AM com.jme3.bullet.objects.PhysicsRigidBody rebuildRigidBody
INFORMATION: Created 1351ef741a0.
Sept. 13, 2026 4:25:15 AM com.jme3.bullet.objects.PhysicsRigidBody rebuildRigidBody
INFORMATION: Created 1351ef721c0.
Sept. 13, 2026 4:25:15 AM com.jme3.bullet.objects.PhysicsRigidBody rebuildRigidBody
INFORMATION: Created 1351ef71b60.
Sept. 13, 2026 4:25:15 AM com.jme3.bullet.objects.PhysicsRigidBody rebuildRigidBody
INFORMATION: Created 1351ef76180.
Sept. 13, 2026 4:25:15 AM com.jme3.bullet.objects.PhysicsRigidBody rebuildRigidBody
INFORMATION: Created 1351ef754c0.
Sept. 13, 2026 4:25:15 AM com.jme3.bullet.objects.PhysicsRigidBody rebuildRigidBody
INFORMATION: Created 1351ef75190.
Sept. 13, 2026 4:25:15 AM com.jme3.bullet.objects.PhysicsRigidBody rebuildRigidBody
INFORMATION: Created 1351ef72820.
Sept. 13, 2026 4:25:15 AM com.jme3.bullet.objects.PhysicsRigidBody rebuildRigidBody
INFORMATION: Created 1351ef73e70.
Sept. 13, 2026 4:25:15 AM com.jme3.bullet.objects.PhysicsRigidBody rebuildRigidBody
INFORMATION: Created 1351ef75b20.
Sept. 13, 2026 4:25:15 AM com.jme3.bullet.objects.PhysicsRigidBody rebuildRigidBody
INFORMATION: Created 1351ef75e50.
Sept. 13, 2026 4:25:15 AM com.jme3.bullet.objects.PhysicsRigidBody rebuildRigidBody
INFORMATION: Created 1351ef72e80.
Sept. 13, 2026 4:25:15 AM com.jme3.bullet.objects.PhysicsRigidBody rebuildRigidBody
INFORMATION: Created 1351ef74b30.
Sept. 13, 2026 4:25:15 AM com.jme3.bullet.objects.PhysicsRigidBody rebuildRigidBody
INFORMATION: Created 1351ef74e60.
Sept. 13, 2026 4:25:15 AM com.jme3.bullet.objects.PhysicsRigidBody rebuildRigidBody
INFORMATION: Created 1351ef724f0.
Sept. 13, 2026 4:25:15 AM com.jme3.bullet.objects.PhysicsRigidBody rebuildRigidBody
INFORMATION: Created 1351ef764b0.
Sept. 13, 2026 4:25:15 AM com.jme3.bullet.objects.PhysicsRigidBody rebuildRigidBody
INFORMATION: Created 1351ef767e0.
Sept. 13, 2026 4:25:15 AM com.jme3.bullet.objects.PhysicsRigidBody rebuildRigidBody
INFORMATION: Created 1351ef72b50.
Sept. 13, 2026 4:25:15 AM com.jme3.bullet.objects.PhysicsRigidBody rebuildRigidBody
INFORMATION: Created 1351ef76b10.
Sept. 13, 2026 4:25:15 AM com.jme3.bullet.objects.PhysicsRigidBody rebuildRigidBody
INFORMATION: Created 1351ef76e40.
Sept. 13, 2026 4:25:15 AM com.jme3.bullet.objects.PhysicsRigidBody rebuildRigidBody
INFORMATION: Created 1351ef731b0.
Sept. 13, 2026 4:25:15 AM com.jme3.bullet.objects.PhysicsRigidBody rebuildRigidBody
INFORMATION: Created 1351ef77170.
Sept. 13, 2026 4:25:15 AM com.jme3.bullet.objects.PhysicsRigidBody rebuildRigidBody
INFORMATION: Created 1351ef734e0.
Sept. 13, 2026 4:25:15 AM com.jme3.bullet.objects.PhysicsRigidBody rebuildRigidBody
INFORMATION: Created 1351ef774a0.
Sept. 13, 2026 4:25:15 AM com.jme3.bullet.objects.PhysicsRigidBody rebuildRigidBody
INFORMATION: Created 1351ef73b40.
Sept. 13, 2026 4:25:15 AM com.jme3.bullet.objects.PhysicsRigidBody rebuildRigidBody
INFORMATION: Created 1351ef73810.
Sept. 13, 2026 4:25:15 AM com.jme3.bullet.objects.PhysicsRigidBody rebuildRigidBody
INFORMATION: Created 1351ef777d0.
Sept. 13, 2026 4:25:15 AM com.jme3.bullet.objects.PhysicsRigidBody rebuildRigidBody
INFORMATION: Created 1351ef77b00.
Sept. 13, 2026 4:25:15 AM com.jme3.bullet.objects.PhysicsRigidBody rebuildRigidBody
INFORMATION: Created 1351ef77e30.
Sept. 13, 2026 4:25:15 AM com.jme3.bullet.objects.PhysicsRigidBody rebuildRigidBody
INFORMATION: Created 1351ef74800.
Sept. 13, 2026 4:25:15 AM com.jme3.bullet.objects.PhysicsRigidBody rebuildRigidBody
INFORMATION: Created 1351ef744d0.
Sept. 13, 2026 4:25:15 AM com.jme3.bullet.objects.PhysicsRigidBody rebuildRigidBody
INFORMATION: Created 1351ef79ae0.
[GAME] Krypta der Eide
Sept. 13, 2026 4:25:15 AM com.jme3.anim.SkinningControl controlRender
INFORMATION: Hardware skinning engaged for Scene (Node)
Sept. 13, 2026 4:25:15 AM com.jme3.anim.SkinningControl controlRender
INFORMATION: Hardware skinning engaged for Scene (Node)
Sept. 13, 2026 4:25:15 AM com.jme3.anim.SkinningControl controlRender
INFORMATION: Hardware skinning engaged for Scene (Node)
Sept. 13, 2026 4:25:15 AM com.jme3.anim.SkinningControl controlRender
INFORMATION: Hardware skinning engaged for Scene (Node)
Sept. 13, 2026 4:25:15 AM com.jme3.anim.SkinningControl controlRender
INFORMATION: Hardware skinning engaged for Scene (Node)
Sept. 13, 2026 4:25:15 AM com.jme3.anim.SkinningControl controlRender
INFORMATION: Hardware skinning engaged for Scene (Node)
Sept. 13, 2026 4:25:15 AM com.jme3.anim.SkinningControl controlRender
INFORMATION: Hardware skinning engaged for Scene (Node)
[SMOKE] stage 16
[CHECK] Crypt portal transition
[GAME] Goblin besiegt  +35 EP  +8 Gold
[GAME] Goblin besiegt  +35 EP  +8 Gold
[GAME] Goblin besiegt  +35 EP  +8 Gold
[GAME] Goblin besiegt  +35 EP  +8 Gold
[GAME] Goblin besiegt  +35 EP  +8 Gold
[GAME] Ork-Brecher besiegt  +70 EP  +13 Gold
[GAME] STUFE 3  -  Fähigkeitspunkt erhalten [K]
[GAME] Aschenrufer besiegt  +65 EP  +23 Gold
[GAME] Eiserner Wächter besiegt  +115 EP  +18 Gold
[GAME] Der Eid verstummt. Beginne mit der Sonne.
[CHECK] Wrong rune resets the puzzle
[GAME] Rune der Sonne antwortet. 1 / 3
[GAME] Rune des Mondes antwortet. 2 / 3
[GAME] Rune des Sterns antwortet. 3 / 3
[GAME] Der Altar im Norden ist erwacht.
[GAME] Auftrag erfüllt: Die Stimmen der Toten  +130 EP
[GAME] Stufe 4 erreicht! K: Fähigkeiten verbessern.
[GAME] Siegel der Toten erhalten!
[CHECK] Crypt seal reward
Sept. 13, 2026 4:25:17 AM com.jme3.bullet.objects.PhysicsRigidBody rebuildRigidBody
INFORMATION: Created 1351ef7aad0.
Sept. 13, 2026 4:25:17 AM com.jme3.bullet.objects.PhysicsRigidBody rebuildRigidBody
INFORMATION: Created 1351ef7ae00.
Sept. 13, 2026 4:25:17 AM com.jme3.bullet.objects.PhysicsRigidBody rebuildRigidBody
INFORMATION: Created 1351ef78490.
Sept. 13, 2026 4:25:17 AM com.jme3.bullet.objects.PhysicsRigidBody rebuildRigidBody
INFORMATION: Created 1351ef787c0.
Sept. 13, 2026 4:25:17 AM com.jme3.bullet.objects.PhysicsRigidBody rebuildRigidBody
INFORMATION: Created 1351ef79e10.
Sept. 13, 2026 4:25:17 AM com.jme3.bullet.objects.PhysicsRigidBody rebuildRigidBody
INFORMATION: Created 1351b1a4de0.
Sept. 13, 2026 4:25:17 AM com.jme3.bullet.objects.PhysicsRigidBody rebuildRigidBody
INFORMATION: Created 1351b1a2ad0.
Sept. 13, 2026 4:25:17 AM com.jme3.bullet.objects.PhysicsRigidBody rebuildRigidBody
INFORMATION: Created 1351b1a4ab0.
Sept. 13, 2026 4:25:17 AM com.jme3.bullet.objects.PhysicsRigidBody rebuildRigidBody
INFORMATION: Created 1351b1a27a0.
Sept. 13, 2026 4:25:17 AM com.jme3.bullet.objects.PhysicsRigidBody rebuildRigidBody
INFORMATION: Created 1351b1a3ac0.
Sept. 13, 2026 4:25:17 AM com.jme3.bullet.objects.PhysicsRigidBody rebuildRigidBody
INFORMATION: Created 1351b1a4450.
Sept. 13, 2026 4:25:17 AM com.jme3.bullet.objects.PhysicsRigidBody rebuildRigidBody
INFORMATION: Created 1351b1a2e00.
Sept. 13, 2026 4:25:17 AM com.jme3.bullet.objects.PhysicsRigidBody rebuildRigidBody
INFORMATION: Created 1351b1a5770.
Sept. 13, 2026 4:25:17 AM com.jme3.bullet.objects.PhysicsRigidBody rebuildRigidBody
INFORMATION: Created 1351b1a3130.
Sept. 13, 2026 4:25:17 AM com.jme3.bullet.objects.PhysicsRigidBody rebuildRigidBody
INFORMATION: Created 1351b1a4120.
Sept. 13, 2026 4:25:17 AM com.jme3.bullet.objects.PhysicsRigidBody rebuildRigidBody
INFORMATION: Created 1351b1a3460.
Sept. 13, 2026 4:25:17 AM com.jme3.bullet.objects.PhysicsRigidBody rebuildRigidBody
INFORMATION: Created 1351b1a5110.
Sept. 13, 2026 4:25:17 AM com.jme3.bullet.objects.PhysicsRigidBody rebuildRigidBody
INFORMATION: Created 1351b1a5dd0.
Sept. 13, 2026 4:25:17 AM com.jme3.bullet.objects.PhysicsRigidBody rebuildRigidBody
INFORMATION: Created 1351b1a6100.
Sept. 13, 2026 4:25:17 AM com.jme3.bullet.objects.PhysicsRigidBody rebuildRigidBody
INFORMATION: Created 1351b1a5440.
Sept. 13, 2026 4:25:17 AM com.jme3.bullet.objects.PhysicsRigidBody rebuildRigidBody
INFORMATION: Created 1351b1a3790.
Sept. 13, 2026 4:25:17 AM com.jme3.bullet.objects.PhysicsRigidBody rebuildRigidBody
INFORMATION: Created 1351b1a3df0.
Sept. 13, 2026 4:25:17 AM com.jme3.bullet.objects.PhysicsRigidBody rebuildRigidBody
INFORMATION: Created 1351b1a2470.
Sept. 13, 2026 4:25:17 AM com.jme3.bullet.objects.PhysicsRigidBody rebuildRigidBody
INFORMATION: Created 1351b1a6a90.
Sept. 13, 2026 4:25:17 AM com.jme3.bullet.objects.PhysicsRigidBody rebuildRigidBody
INFORMATION: Created 1351b1a70f0.
Sept. 13, 2026 4:25:17 AM com.jme3.bullet.objects.PhysicsRigidBody rebuildRigidBody
INFORMATION: Created 1351b1a6430.
Sept. 13, 2026 4:25:17 AM com.jme3.bullet.objects.PhysicsRigidBody rebuildRigidBody
INFORMATION: Created 1351b1a5aa0.
Sept. 13, 2026 4:25:17 AM com.jme3.bullet.objects.PhysicsRigidBody rebuildRigidBody
INFORMATION: Created 1351b1a4780.
Sept. 13, 2026 4:25:17 AM com.jme3.bullet.objects.PhysicsRigidBody rebuildRigidBody
INFORMATION: Created 1351b1a7a80.
Sept. 13, 2026 4:25:17 AM com.jme3.bullet.objects.PhysicsRigidBody rebuildRigidBody
INFORMATION: Created 1351b1aa0c0.
Sept. 13, 2026 4:25:17 AM com.jme3.bullet.objects.PhysicsRigidBody rebuildRigidBody
INFORMATION: Created 1351b1a80e0.
Sept. 13, 2026 4:25:17 AM com.jme3.bullet.objects.PhysicsRigidBody rebuildRigidBody
INFORMATION: Created 1351b1a6760.
Sept. 13, 2026 4:25:17 AM com.jme3.bullet.objects.PhysicsRigidBody rebuildRigidBody
INFORMATION: Created 1351b1a6dc0.
Sept. 13, 2026 4:25:17 AM com.jme3.bullet.objects.PhysicsRigidBody rebuildRigidBody
INFORMATION: Created 1351b1a7420.
Sept. 13, 2026 4:25:17 AM com.jme3.bullet.objects.PhysicsRigidBody rebuildRigidBody
INFORMATION: Created 1351b1a8da0.
Sept. 13, 2026 4:25:17 AM com.jme3.bullet.objects.PhysicsRigidBody rebuildRigidBody
INFORMATION: Created 1351b1a7750.
Sept. 13, 2026 4:25:17 AM com.jme3.bullet.objects.PhysicsRigidBody rebuildRigidBody
INFORMATION: Created 1351b1a9a60.
Sept. 13, 2026 4:25:17 AM com.jme3.bullet.objects.PhysicsRigidBody rebuildRigidBody
INFORMATION: Created 1351b1a7db0.
Sept. 13, 2026 4:25:17 AM com.jme3.bullet.objects.PhysicsRigidBody rebuildRigidBody
INFORMATION: Created 1351b1a8410.
Sept. 13, 2026 4:25:17 AM com.jme3.bullet.objects.PhysicsRigidBody rebuildRigidBody
INFORMATION: Created 1351b1a8740.
Sept. 13, 2026 4:25:17 AM com.jme3.bullet.objects.PhysicsRigidBody rebuildRigidBody
INFORMATION: Created 1351b1a8a70.
Sept. 13, 2026 4:25:17 AM com.jme3.bullet.objects.PhysicsRigidBody rebuildRigidBody
INFORMATION: Created 1351b1a90d0.
Sept. 13, 2026 4:25:17 AM com.jme3.bullet.objects.PhysicsRigidBody rebuildRigidBody
INFORMATION: Created 1351b1a9400.
Sept. 13, 2026 4:25:17 AM com.jme3.bullet.objects.PhysicsRigidBody rebuildRigidBody
INFORMATION: Created 1351b1a9730.
Sept. 13, 2026 4:25:17 AM com.jme3.bullet.objects.PhysicsRigidBody rebuildRigidBody
INFORMATION: Created 135227bd9e0.
Sept. 13, 2026 4:25:17 AM com.jme3.bullet.objects.PhysicsRigidBody rebuildRigidBody
INFORMATION: Created 135227bd380.
Sept. 13, 2026 4:25:17 AM com.jme3.bullet.objects.PhysicsRigidBody rebuildRigidBody
INFORMATION: Created 135227bd6b0.
Sept. 13, 2026 4:25:17 AM com.jme3.bullet.objects.PhysicsRigidBody rebuildRigidBody
INFORMATION: Created 135227be9d0.
Sept. 13, 2026 4:25:17 AM com.jme3.bullet.objects.PhysicsRigidBody rebuildRigidBody
INFORMATION: Created 135227bdd10.
Sept. 13, 2026 4:25:17 AM com.jme3.bullet.objects.PhysicsRigidBody rebuildRigidBody
INFORMATION: Created 135227bed00.
Sept. 13, 2026 4:25:17 AM com.jme3.bullet.objects.PhysicsRigidBody rebuildRigidBody
INFORMATION: Created 135227bc060.
Sept. 13, 2026 4:25:17 AM com.jme3.bullet.objects.PhysicsRigidBody rebuildRigidBody
INFORMATION: Created 135227be040.
Sept. 13, 2026 4:25:17 AM com.jme3.bullet.objects.PhysicsRigidBody rebuildRigidBody
INFORMATION: Created 135227bb6d0.
Sept. 13, 2026 4:25:17 AM com.jme3.bullet.objects.PhysicsRigidBody rebuildRigidBody
INFORMATION: Created 135227bba00.
Sept. 13, 2026 4:25:17 AM com.jme3.bullet.objects.PhysicsRigidBody rebuildRigidBody
INFORMATION: Created 135227be370.
Sept. 13, 2026 4:25:17 AM com.jme3.bullet.objects.PhysicsRigidBody rebuildRigidBody
INFORMATION: Created 135227bbd30.
Sept. 13, 2026 4:25:17 AM com.jme3.bullet.objects.PhysicsRigidBody rebuildRigidBody
INFORMATION: Created 135227be6a0.
Sept. 13, 2026 4:25:17 AM com.jme3.bullet.objects.PhysicsRigidBody rebuildRigidBody
INFORMATION: Created 135227bb070.
Sept. 13, 2026 4:25:17 AM com.jme3.bullet.objects.PhysicsRigidBody rebuildRigidBody
INFORMATION: Created 135227bf030.
Sept. 13, 2026 4:25:17 AM com.jme3.bullet.objects.PhysicsRigidBody rebuildRigidBody
INFORMATION: Created 135227bb3a0.
Sept. 13, 2026 4:25:17 AM com.jme3.bullet.objects.PhysicsRigidBody rebuildRigidBody
INFORMATION: Created 135227bf360.
Sept. 13, 2026 4:25:17 AM com.jme3.bullet.objects.PhysicsRigidBody rebuildRigidBody
INFORMATION: Created 135227bf690.
Sept. 13, 2026 4:25:17 AM com.jme3.bullet.objects.PhysicsRigidBody rebuildRigidBody
INFORMATION: Created 135227bf9c0.
Sept. 13, 2026 4:25:17 AM com.jme3.bullet.objects.PhysicsRigidBody rebuildRigidBody
INFORMATION: Created 135227bc6c0.
Sept. 13, 2026 4:25:17 AM com.jme3.bullet.objects.PhysicsRigidBody rebuildRigidBody
INFORMATION: Created 135227bfcf0.
Sept. 13, 2026 4:25:17 AM com.jme3.bullet.objects.PhysicsRigidBody rebuildRigidBody
INFORMATION: Created 135227c0020.
Sept. 13, 2026 4:25:17 AM com.jme3.bullet.objects.PhysicsRigidBody rebuildRigidBody
INFORMATION: Created 135227bc390.
Sept. 13, 2026 4:25:17 AM com.jme3.bullet.objects.PhysicsRigidBody rebuildRigidBody
INFORMATION: Created 135227c0350.
Sept. 13, 2026 4:25:17 AM com.jme3.bullet.objects.PhysicsRigidBody rebuildRigidBody
INFORMATION: Created 135227c0680.
Sept. 13, 2026 4:25:17 AM com.jme3.bullet.objects.PhysicsRigidBody rebuildRigidBody
INFORMATION: Created 135227bc9f0.
Sept. 13, 2026 4:25:17 AM com.jme3.bullet.objects.PhysicsRigidBody rebuildRigidBody
INFORMATION: Created 135227c09b0.
Sept. 13, 2026 4:25:17 AM com.jme3.bullet.objects.PhysicsRigidBody rebuildRigidBody
INFORMATION: Created 135227c1670.
Sept. 13, 2026 4:25:17 AM com.jme3.bullet.objects.PhysicsRigidBody rebuildRigidBody
INFORMATION: Created 135227c2330.
Sept. 13, 2026 4:25:17 AM com.jme3.bullet.objects.PhysicsRigidBody rebuildRigidBody
INFORMATION: Created 135227c1340.
Sept. 13, 2026 4:25:17 AM com.jme3.bullet.objects.PhysicsRigidBody rebuildRigidBody
INFORMATION: Created 135227c0ce0.
Sept. 13, 2026 4:25:17 AM com.jme3.bullet.objects.PhysicsRigidBody rebuildRigidBody
INFORMATION: Created 135227c1010.
Sept. 13, 2026 4:25:17 AM com.jme3.bullet.objects.PhysicsRigidBody rebuildRigidBody
INFORMATION: Created 135227c19a0.
Sept. 13, 2026 4:25:17 AM com.jme3.bullet.objects.PhysicsRigidBody rebuildRigidBody
INFORMATION: Created 135227c1cd0.
Sept. 13, 2026 4:25:17 AM com.jme3.bullet.objects.PhysicsRigidBody rebuildRigidBody
INFORMATION: Created 135227c2990.
Sept. 13, 2026 4:25:17 AM com.jme3.bullet.objects.PhysicsRigidBody rebuildRigidBody
INFORMATION: Created 135227c2000.
Sept. 13, 2026 4:25:17 AM com.jme3.bullet.objects.PhysicsRigidBody rebuildRigidBody
INFORMATION: Created 135227c2660.
Sept. 13, 2026 4:25:17 AM com.jme3.bullet.objects.PhysicsRigidBody rebuildRigidBody
INFORMATION: Created 135227c2cc0.
Sept. 13, 2026 4:25:17 AM com.jme3.bullet.objects.PhysicsRigidBody rebuildRigidBody
INFORMATION: Created 1351b5d6010.
Sept. 13, 2026 4:25:17 AM com.jme3.bullet.objects.PhysicsRigidBody rebuildRigidBody
INFORMATION: Created 1351b5d7660.
Sept. 13, 2026 4:25:17 AM com.jme3.bullet.objects.PhysicsRigidBody rebuildRigidBody
INFORMATION: Created 1351b5d4360.
Sept. 13, 2026 4:25:17 AM com.jme3.bullet.objects.PhysicsRigidBody rebuildRigidBody
INFORMATION: Created 1351b5d7cc0.
Sept. 13, 2026 4:25:17 AM com.jme3.bullet.objects.PhysicsRigidBody rebuildRigidBody
INFORMATION: Created 1351b5d6cd0.
Sept. 13, 2026 4:25:17 AM com.jme3.bullet.objects.PhysicsRigidBody rebuildRigidBody
INFORMATION: Created 1351b5d4690.
Sept. 13, 2026 4:25:17 AM com.jme3.bullet.objects.PhysicsRigidBody rebuildRigidBody
INFORMATION: Created 1351b5d4cf0.
Sept. 13, 2026 4:25:17 AM com.jme3.bullet.objects.PhysicsRigidBody rebuildRigidBody
INFORMATION: Created 1351b5d5020.
Sept. 13, 2026 4:25:17 AM com.jme3.bullet.objects.PhysicsRigidBody rebuildRigidBody
INFORMATION: Created 1351b5d59b0.
Sept. 13, 2026 4:25:17 AM com.jme3.bullet.objects.PhysicsRigidBody rebuildRigidBody
INFORMATION: Created 1351b5d7000.
Sept. 13, 2026 4:25:17 AM com.jme3.bullet.objects.PhysicsRigidBody rebuildRigidBody
INFORMATION: Created 1351b5d7330.
Sept. 13, 2026 4:25:17 AM com.jme3.bullet.objects.PhysicsRigidBody rebuildRigidBody
INFORMATION: Created 1351b5d7990.
Sept. 13, 2026 4:25:17 AM com.jme3.bullet.objects.PhysicsRigidBody rebuildRigidBody
INFORMATION: Created 1351b5d7ff0.
Sept. 13, 2026 4:25:17 AM com.jme3.bullet.objects.PhysicsRigidBody rebuildRigidBody
INFORMATION: Created 1351b5d8650.
Sept. 13, 2026 4:25:17 AM com.jme3.bullet.objects.PhysicsRigidBody rebuildRigidBody
INFORMATION: Created 1351b5d8320.
Sept. 13, 2026 4:25:17 AM com.jme3.bullet.objects.PhysicsRigidBody rebuildRigidBody
INFORMATION: Created 1351b5d49c0.
Sept. 13, 2026 4:25:17 AM com.jme3.bullet.objects.PhysicsRigidBody rebuildRigidBody
INFORMATION: Created 1351b5d69a0.
Sept. 13, 2026 4:25:17 AM com.jme3.bullet.objects.PhysicsRigidBody rebuildRigidBody
INFORMATION: Created 1351b5d8980.
Sept. 13, 2026 4:25:17 AM com.jme3.bullet.objects.PhysicsRigidBody rebuildRigidBody
INFORMATION: Created 1351b5d8fe0.
Sept. 13, 2026 4:25:17 AM com.jme3.bullet.objects.PhysicsRigidBody rebuildRigidBody
INFORMATION: Created 1351b5d8cb0.
Sept. 13, 2026 4:25:17 AM com.jme3.bullet.objects.PhysicsRigidBody rebuildRigidBody
INFORMATION: Created 1351b5d6340.
Sept. 13, 2026 4:25:17 AM com.jme3.bullet.objects.PhysicsRigidBody rebuildRigidBody
INFORMATION: Created 1351b5d5350.
Sept. 13, 2026 4:25:17 AM com.jme3.bullet.objects.PhysicsRigidBody rebuildRigidBody
INFORMATION: Created 1351b5d9310.
Sept. 13, 2026 4:25:17 AM com.jme3.bullet.objects.PhysicsRigidBody rebuildRigidBody
INFORMATION: Created 1351b5d5680.
Sept. 13, 2026 4:25:17 AM com.jme3.bullet.objects.PhysicsRigidBody rebuildRigidBody
INFORMATION: Created 1351b5d9640.
Sept. 13, 2026 4:25:17 AM com.jme3.bullet.objects.PhysicsRigidBody rebuildRigidBody
INFORMATION: Created 1351b5d5ce0.
Sept. 13, 2026 4:25:17 AM com.jme3.bullet.objects.PhysicsRigidBody rebuildRigidBody
INFORMATION: Created 1351b5d9970.
Sept. 13, 2026 4:25:17 AM com.jme3.bullet.objects.PhysicsRigidBody rebuildRigidBody
INFORMATION: Created 1351b5d9ca0.
Sept. 13, 2026 4:25:17 AM com.jme3.bullet.objects.PhysicsRigidBody rebuildRigidBody
INFORMATION: Created 1351b5db620.
Sept. 13, 2026 4:25:17 AM com.jme3.bullet.objects.PhysicsRigidBody rebuildRigidBody
INFORMATION: Created 1351b5d9fd0.
Sept. 13, 2026 4:25:17 AM com.jme3.bullet.objects.PhysicsRigidBody rebuildRigidBody
INFORMATION: Created 1351b5dac90.
Sept. 13, 2026 4:25:17 AM com.jme3.bullet.objects.PhysicsRigidBody rebuildRigidBody
INFORMATION: Created 1351b5da300.
Sept. 13, 2026 4:25:17 AM com.jme3.bullet.objects.PhysicsRigidBody rebuildRigidBody
INFORMATION: Created 1351b5da960.
Sept. 13, 2026 4:25:17 AM com.jme3.bullet.objects.PhysicsRigidBody rebuildRigidBody
INFORMATION: Created 1351b5dafc0.
Sept. 13, 2026 4:25:17 AM com.jme3.bullet.objects.PhysicsRigidBody rebuildRigidBody
INFORMATION: Created 1351b5db950.
Sept. 13, 2026 4:25:17 AM com.jme3.bullet.objects.PhysicsRigidBody rebuildRigidBody
INFORMATION: Created 1351b5dbfb0.
Sept. 13, 2026 4:25:17 AM com.jme3.bullet.objects.PhysicsRigidBody rebuildRigidBody
INFORMATION: Created 1351b5db2f0.
Sept. 13, 2026 4:25:17 AM com.jme3.bullet.objects.PhysicsRigidBody rebuildRigidBody
INFORMATION: Created 1351b5dbc80.
Sept. 13, 2026 4:25:17 AM com.jme3.bullet.objects.PhysicsRigidBody rebuildRigidBody
INFORMATION: Created 1351ac763f0.
Sept. 13, 2026 4:25:17 AM com.jme3.bullet.objects.PhysicsRigidBody rebuildRigidBody
INFORMATION: Created 1351ac76720.
Sept. 13, 2026 4:25:17 AM com.jme3.bullet.objects.PhysicsRigidBody rebuildRigidBody
INFORMATION: Created 1351ac75a60.
Sept. 13, 2026 4:25:17 AM com.jme3.bullet.objects.PhysicsRigidBody rebuildRigidBody
INFORMATION: Created 1351ac76a50.
Sept. 13, 2026 4:25:17 AM com.jme3.bullet.objects.PhysicsRigidBody rebuildRigidBody
INFORMATION: Created 1351ac74740.
Sept. 13, 2026 4:25:17 AM com.jme3.bullet.objects.PhysicsRigidBody rebuildRigidBody
INFORMATION: Created 1351ac74da0.
Sept. 13, 2026 4:25:17 AM com.jme3.bullet.objects.PhysicsRigidBody rebuildRigidBody
INFORMATION: Created 1351ac74a70.
Sept. 13, 2026 4:25:17 AM com.jme3.bullet.objects.PhysicsRigidBody rebuildRigidBody
INFORMATION: Created 1351ac76d80.
Sept. 13, 2026 4:25:17 AM com.jme3.bullet.objects.PhysicsRigidBody rebuildRigidBody
INFORMATION: Created 1351ac750d0.
Sept. 13, 2026 4:25:17 AM com.jme3.bullet.objects.PhysicsRigidBody rebuildRigidBody
INFORMATION: Created 1351ac770b0.
Sept. 13, 2026 4:25:17 AM com.jme3.bullet.objects.PhysicsRigidBody rebuildRigidBody
INFORMATION: Created 1351ac75400.
Sept. 13, 2026 4:25:17 AM com.jme3.bullet.objects.PhysicsRigidBody rebuildRigidBody
INFORMATION: Created 1351ac773e0.
Sept. 13, 2026 4:25:17 AM com.jme3.bullet.objects.PhysicsRigidBody rebuildRigidBody
INFORMATION: Created 13524443170.
Sept. 13, 2026 4:25:17 AM com.jme3.bullet.objects.PhysicsRigidBody rebuildRigidBody
INFORMATION: Created 13524447130.
Sept. 13, 2026 4:25:17 AM com.jme3.bullet.objects.PhysicsRigidBody rebuildRigidBody
INFORMATION: Created 13524443b00.
Sept. 13, 2026 4:25:17 AM com.jme3.bullet.objects.PhysicsRigidBody rebuildRigidBody
INFORMATION: Created 135244434a0.
Sept. 13, 2026 4:25:17 AM com.jme3.bullet.objects.PhysicsRigidBody rebuildRigidBody
INFORMATION: Created 13524447460.
Sept. 13, 2026 4:25:17 AM com.jme3.bullet.objects.PhysicsRigidBody rebuildRigidBody
INFORMATION: Created 13524447790.
Sept. 13, 2026 4:25:17 AM com.jme3.bullet.objects.PhysicsRigidBody rebuildRigidBody
INFORMATION: Created 13524447ac0.
Sept. 13, 2026 4:25:17 AM com.jme3.bullet.objects.PhysicsRigidBody rebuildRigidBody
INFORMATION: Created 13524447df0.
Sept. 13, 2026 4:25:17 AM com.jme3.bullet.objects.PhysicsRigidBody rebuildRigidBody
INFORMATION: Created 13524448120.
Sept. 13, 2026 4:25:17 AM com.jme3.bullet.objects.PhysicsRigidBody rebuildRigidBody
INFORMATION: Created 13524448450.
Sept. 13, 2026 4:25:17 AM com.jme3.bullet.objects.PhysicsRigidBody rebuildRigidBody
INFORMATION: Created 13524448780.
Sept. 13, 2026 4:25:17 AM com.jme3.bullet.objects.PhysicsRigidBody rebuildRigidBody
INFORMATION: Created 13524448ab0.
Sept. 13, 2026 4:25:17 AM com.jme3.bullet.objects.PhysicsRigidBody rebuildRigidBody
INFORMATION: Created 1351e818770.
Sept. 13, 2026 4:25:17 AM com.jme3.bullet.objects.PhysicsRigidBody rebuildRigidBody
INFORMATION: Created 1351e819760.
Sept. 13, 2026 4:25:17 AM com.jme3.bullet.objects.PhysicsRigidBody rebuildRigidBody
INFORMATION: Created 1351e819dc0.
Sept. 13, 2026 4:25:17 AM com.jme3.bullet.objects.PhysicsRigidBody rebuildRigidBody
INFORMATION: Created 1351e81a0f0.
Sept. 13, 2026 4:25:17 AM com.jme3.bullet.objects.PhysicsRigidBody rebuildRigidBody
INFORMATION: Created 1351e81aa80.
Sept. 13, 2026 4:25:17 AM com.jme3.bullet.objects.PhysicsRigidBody rebuildRigidBody
INFORMATION: Created 1351e81adb0.
Sept. 13, 2026 4:25:17 AM com.jme3.bullet.objects.PhysicsRigidBody rebuildRigidBody
INFORMATION: Created 1351b47a4f0.
Sept. 13, 2026 4:25:17 AM com.jme3.bullet.objects.PhysicsRigidBody rebuildRigidBody
INFORMATION: Created 1351b479b60.
[GAME] Die letzte Zuflucht
Sept. 13, 2026 4:25:17 AM com.jme3.anim.SkinningControl controlRender
INFORMATION: Hardware skinning engaged for Scene (Node)
Sept. 13, 2026 4:25:17 AM com.jme3.anim.SkinningControl controlRender
INFORMATION: Hardware skinning engaged for Scene (Node)
Sept. 13, 2026 4:25:17 AM com.jme3.anim.SkinningControl controlRender
INFORMATION: Hardware skinning engaged for Scene (Node)
Sept. 13, 2026 4:25:17 AM com.jme3.anim.SkinningControl controlRender
INFORMATION: Hardware skinning engaged for Scene (Node)
[SMOKE] stage 17
[CHECK] Return from crypt
Sept. 13, 2026 4:25:20 AM com.jme3.bullet.objects.PhysicsRigidBody rebuildRigidBody
INFORMATION: Created 1351b47b810.
Sept. 13, 2026 4:25:20 AM com.jme3.bullet.objects.PhysicsRigidBody rebuildRigidBody
INFORMATION: Created 1351b479e90.
Sept. 13, 2026 4:25:20 AM com.jme3.bullet.objects.PhysicsRigidBody rebuildRigidBody
INFORMATION: Created 1351b478510.
Sept. 13, 2026 4:25:20 AM com.jme3.bullet.objects.PhysicsRigidBody rebuildRigidBody
INFORMATION: Created 1351b47a1c0.
Sept. 13, 2026 4:25:20 AM com.jme3.bullet.objects.PhysicsRigidBody rebuildRigidBody
INFORMATION: Created 1351b4791d0.
Sept. 13, 2026 4:25:20 AM com.jme3.bullet.objects.PhysicsRigidBody rebuildRigidBody
INFORMATION: Created 1351b47a820.
Sept. 13, 2026 4:25:20 AM com.jme3.bullet.objects.PhysicsRigidBody rebuildRigidBody
INFORMATION: Created 1351b479830.
Sept. 13, 2026 4:25:20 AM com.jme3.bullet.objects.PhysicsRigidBody rebuildRigidBody
INFORMATION: Created 1351b47ab50.
Sept. 13, 2026 4:25:20 AM com.jme3.bullet.objects.PhysicsRigidBody rebuildRigidBody
INFORMATION: Created 1351b478840.
Sept. 13, 2026 4:25:20 AM com.jme3.bullet.objects.PhysicsRigidBody rebuildRigidBody
INFORMATION: Created 1351b47be70.
Sept. 13, 2026 4:25:20 AM com.jme3.bullet.objects.PhysicsRigidBody rebuildRigidBody
INFORMATION: Created 1351b47ae80.
Sept. 13, 2026 4:25:20 AM com.jme3.bullet.objects.PhysicsRigidBody rebuildRigidBody
INFORMATION: Created 1351b47b1b0.
Sept. 13, 2026 4:25:20 AM com.jme3.bullet.objects.PhysicsRigidBody rebuildRigidBody
INFORMATION: Created 1351b47b4e0.
Sept. 13, 2026 4:25:20 AM com.jme3.bullet.objects.PhysicsRigidBody rebuildRigidBody
INFORMATION: Created 1351b47bb40.
Sept. 13, 2026 4:25:20 AM com.jme3.bullet.objects.PhysicsRigidBody rebuildRigidBody
INFORMATION: Created 1351b4781e0.
Sept. 13, 2026 4:25:20 AM com.jme3.bullet.objects.PhysicsRigidBody rebuildRigidBody
INFORMATION: Created 1351b47c1a0.
Sept. 13, 2026 4:25:20 AM com.jme3.bullet.objects.PhysicsRigidBody rebuildRigidBody
INFORMATION: Created 1351b47c4d0.
Sept. 13, 2026 4:25:20 AM com.jme3.bullet.objects.PhysicsRigidBody rebuildRigidBody
INFORMATION: Created 1351b478ea0.
Sept. 13, 2026 4:25:20 AM com.jme3.bullet.objects.PhysicsRigidBody rebuildRigidBody
INFORMATION: Created 1351b47c800.
Sept. 13, 2026 4:25:20 AM com.jme3.bullet.objects.PhysicsRigidBody rebuildRigidBody
INFORMATION: Created 1351b479500.
Sept. 13, 2026 4:25:20 AM com.jme3.bullet.objects.PhysicsRigidBody rebuildRigidBody
INFORMATION: Created 1351b478b70.
Sept. 13, 2026 4:25:20 AM com.jme3.bullet.objects.PhysicsRigidBody rebuildRigidBody
INFORMATION: Created 1351b47f4a0.
Sept. 13, 2026 4:25:20 AM com.jme3.bullet.objects.PhysicsRigidBody rebuildRigidBody
INFORMATION: Created 1351b47de50.
Sept. 13, 2026 4:25:20 AM com.jme3.bullet.objects.PhysicsRigidBody rebuildRigidBody
INFORMATION: Created 1351b47eb10.
Sept. 13, 2026 4:25:20 AM com.jme3.bullet.objects.PhysicsRigidBody rebuildRigidBody
INFORMATION: Created 1351b47cb30.
Sept. 13, 2026 4:25:20 AM com.jme3.bullet.objects.PhysicsRigidBody rebuildRigidBody
INFORMATION: Created 1351b47e7e0.
Sept. 13, 2026 4:25:20 AM com.jme3.bullet.objects.PhysicsRigidBody rebuildRigidBody
INFORMATION: Created 1351b47ee40.
Sept. 13, 2026 4:25:20 AM com.jme3.bullet.objects.PhysicsRigidBody rebuildRigidBody
INFORMATION: Created 1351b4807c0.
Sept. 13, 2026 4:25:20 AM com.jme3.bullet.objects.PhysicsRigidBody rebuildRigidBody
INFORMATION: Created 1351b47fe30.
Sept. 13, 2026 4:25:20 AM com.jme3.bullet.objects.PhysicsRigidBody rebuildRigidBody
INFORMATION: Created 1351b47f170.
Sept. 13, 2026 4:25:20 AM com.jme3.bullet.objects.PhysicsRigidBody rebuildRigidBody
INFORMATION: Created 1351b47d190.
Sept. 13, 2026 4:25:20 AM com.jme3.bullet.objects.PhysicsRigidBody rebuildRigidBody
INFORMATION: Created 1351b480af0.
Sept. 13, 2026 4:25:20 AM com.jme3.bullet.objects.PhysicsRigidBody rebuildRigidBody
INFORMATION: Created 1351b47ce60.
Sept. 13, 2026 4:25:20 AM com.jme3.bullet.objects.PhysicsRigidBody rebuildRigidBody
INFORMATION: Created 1351b47e180.
Sept. 13, 2026 4:25:20 AM com.jme3.bullet.objects.PhysicsRigidBody rebuildRigidBody
INFORMATION: Created 1351b480160.
Sept. 13, 2026 4:25:20 AM com.jme3.bullet.objects.PhysicsRigidBody rebuildRigidBody
INFORMATION: Created 1351b47db20.
Sept. 13, 2026 4:25:20 AM com.jme3.bullet.objects.PhysicsRigidBody rebuildRigidBody
INFORMATION: Created 1351b47e4b0.
Sept. 13, 2026 4:25:20 AM com.jme3.bullet.objects.PhysicsRigidBody rebuildRigidBody
INFORMATION: Created 1351b480490.
Sept. 13, 2026 4:25:20 AM com.jme3.bullet.objects.PhysicsRigidBody rebuildRigidBody
INFORMATION: Created 1351b47fb00.
Sept. 13, 2026 4:25:20 AM com.jme3.bullet.objects.PhysicsRigidBody rebuildRigidBody
INFORMATION: Created 1351b47d4c0.
Sept. 13, 2026 4:25:20 AM com.jme3.bullet.objects.PhysicsRigidBody rebuildRigidBody
INFORMATION: Created 1351b480e20.
Sept. 13, 2026 4:25:20 AM com.jme3.bullet.objects.PhysicsRigidBody rebuildRigidBody
INFORMATION: Created 1351b47f7d0.
Sept. 13, 2026 4:25:20 AM com.jme3.bullet.objects.PhysicsRigidBody rebuildRigidBody
INFORMATION: Created 1351b47d7f0.
Sept. 13, 2026 4:25:20 AM com.jme3.bullet.objects.PhysicsRigidBody rebuildRigidBody
INFORMATION: Created 1351b481150.
Sept. 13, 2026 4:25:20 AM com.jme3.bullet.objects.PhysicsRigidBody rebuildRigidBody
INFORMATION: Created 1351b484120.
Sept. 13, 2026 4:25:20 AM com.jme3.bullet.objects.PhysicsRigidBody rebuildRigidBody
INFORMATION: Created 1351b482140.
Sept. 13, 2026 4:25:20 AM com.jme3.bullet.objects.PhysicsRigidBody rebuildRigidBody
INFORMATION: Created 1351b482ad0.
Sept. 13, 2026 4:25:20 AM com.jme3.bullet.objects.PhysicsRigidBody rebuildRigidBody
INFORMATION: Created 1351b4827a0.
Sept. 13, 2026 4:25:20 AM com.jme3.bullet.objects.PhysicsRigidBody rebuildRigidBody
INFORMATION: Created 1351b483130.
Sept. 13, 2026 4:25:20 AM com.jme3.bullet.objects.PhysicsRigidBody rebuildRigidBody
INFORMATION: Created 1351b484450.
Sept. 13, 2026 4:25:20 AM com.jme3.bullet.objects.PhysicsRigidBody rebuildRigidBody
INFORMATION: Created 1351b482470.
Sept. 13, 2026 4:25:20 AM com.jme3.bullet.objects.PhysicsRigidBody rebuildRigidBody
INFORMATION: Created 1351b481ae0.
Sept. 13, 2026 4:25:20 AM com.jme3.bullet.objects.PhysicsRigidBody rebuildRigidBody
INFORMATION: Created 1351b481480.
Sept. 13, 2026 4:25:20 AM com.jme3.bullet.objects.PhysicsRigidBody rebuildRigidBody
INFORMATION: Created 1351b481e10.
Sept. 13, 2026 4:25:20 AM com.jme3.bullet.objects.PhysicsRigidBody rebuildRigidBody
INFORMATION: Created 1351b483df0.
Sept. 13, 2026 4:25:20 AM com.jme3.bullet.objects.PhysicsRigidBody rebuildRigidBody
INFORMATION: Created 1351b482e00.
Sept. 13, 2026 4:25:20 AM com.jme3.bullet.objects.PhysicsRigidBody rebuildRigidBody
INFORMATION: Created 1351b483460.
Sept. 13, 2026 4:25:20 AM com.jme3.bullet.objects.PhysicsRigidBody rebuildRigidBody
INFORMATION: Created 1351b483790.
Sept. 13, 2026 4:25:20 AM com.jme3.bullet.objects.PhysicsRigidBody rebuildRigidBody
INFORMATION: Created 1351b483ac0.
Sept. 13, 2026 4:25:20 AM com.jme3.bullet.objects.PhysicsRigidBody rebuildRigidBody
INFORMATION: Created 1351b4817b0.
Sept. 13, 2026 4:25:20 AM com.jme3.bullet.objects.PhysicsRigidBody rebuildRigidBody
INFORMATION: Created 1351b484ab0.
Sept. 13, 2026 4:25:20 AM com.jme3.bullet.objects.PhysicsRigidBody rebuildRigidBody
INFORMATION: Created 1351b484780.
Sept. 13, 2026 4:25:20 AM com.jme3.bullet.objects.PhysicsRigidBody rebuildRigidBody
INFORMATION: Created 1351b487750.
Sept. 13, 2026 4:25:20 AM com.jme3.bullet.objects.PhysicsRigidBody rebuildRigidBody
INFORMATION: Created 1351b485440.
Sept. 13, 2026 4:25:20 AM com.jme3.bullet.objects.PhysicsRigidBody rebuildRigidBody
INFORMATION: Created 1351b487db0.
Sept. 13, 2026 4:25:20 AM com.jme3.bullet.objects.PhysicsRigidBody rebuildRigidBody
INFORMATION: Created 1351b485110.
Sept. 13, 2026 4:25:20 AM com.jme3.bullet.objects.PhysicsRigidBody rebuildRigidBody
INFORMATION: Created 1351b484de0.
Sept. 13, 2026 4:25:20 AM com.jme3.bullet.objects.PhysicsRigidBody rebuildRigidBody
INFORMATION: Created 1351b4870f0.
Sept. 13, 2026 4:25:20 AM com.jme3.bullet.objects.PhysicsRigidBody rebuildRigidBody
INFORMATION: Created 1351b486dc0.
Sept. 13, 2026 4:25:20 AM com.jme3.bullet.objects.PhysicsRigidBody rebuildRigidBody
INFORMATION: Created 1351b486100.
Sept. 13, 2026 4:25:20 AM com.jme3.bullet.objects.PhysicsRigidBody rebuildRigidBody
INFORMATION: Created 1351b485770.
Sept. 13, 2026 4:25:20 AM com.jme3.bullet.objects.PhysicsRigidBody rebuildRigidBody
INFORMATION: Created 1351b487420.
Sept. 13, 2026 4:25:20 AM com.jme3.bullet.objects.PhysicsRigidBody rebuildRigidBody
INFORMATION: Created 1351b485aa0.
Sept. 13, 2026 4:25:20 AM com.jme3.bullet.objects.PhysicsRigidBody rebuildRigidBody
INFORMATION: Created 1351b485dd0.
Sept. 13, 2026 4:25:20 AM com.jme3.bullet.objects.PhysicsRigidBody rebuildRigidBody
INFORMATION: Created 1351b487a80.
Sept. 13, 2026 4:25:20 AM com.jme3.bullet.objects.PhysicsRigidBody rebuildRigidBody
INFORMATION: Created 1351b486430.
Sept. 13, 2026 4:25:20 AM com.jme3.bullet.objects.PhysicsRigidBody rebuildRigidBody
INFORMATION: Created 1351b486760.
Sept. 13, 2026 4:25:20 AM com.jme3.bullet.objects.PhysicsRigidBody rebuildRigidBody
INFORMATION: Created 1351b486a90.
Sept. 13, 2026 4:25:20 AM com.jme3.bullet.objects.PhysicsRigidBody rebuildRigidBody
INFORMATION: Created 1351b06d660.
Sept. 13, 2026 4:25:20 AM com.jme3.bullet.objects.PhysicsRigidBody rebuildRigidBody
INFORMATION: Created 1351b06e320.
Sept. 13, 2026 4:25:20 AM com.jme3.bullet.objects.PhysicsRigidBody rebuildRigidBody
INFORMATION: Created 1351b070630.
Sept. 13, 2026 4:25:20 AM com.jme3.bullet.objects.PhysicsRigidBody rebuildRigidBody
INFORMATION: Created 1351b070960.
Sept. 13, 2026 4:25:20 AM com.jme3.bullet.objects.PhysicsRigidBody rebuildRigidBody
INFORMATION: Created 1351b06f640.
Sept. 13, 2026 4:25:20 AM com.jme3.bullet.objects.PhysicsRigidBody rebuildRigidBody
INFORMATION: Created 1351b06fca0.
Sept. 13, 2026 4:25:20 AM com.jme3.bullet.objects.PhysicsRigidBody rebuildRigidBody
INFORMATION: Created 1351b06ffd0.
Sept. 13, 2026 4:25:20 AM com.jme3.bullet.objects.PhysicsRigidBody rebuildRigidBody
INFORMATION: Created 1351b06d990.
Sept. 13, 2026 4:25:20 AM com.jme3.bullet.objects.PhysicsRigidBody rebuildRigidBody
INFORMATION: Created 1351b06f970.
Sept. 13, 2026 4:25:20 AM com.jme3.bullet.objects.PhysicsRigidBody rebuildRigidBody
INFORMATION: Created 1351b06d330.
Sept. 13, 2026 4:25:20 AM com.jme3.bullet.objects.PhysicsRigidBody rebuildRigidBody
INFORMATION: Created 1351b070c90.
Sept. 13, 2026 4:25:20 AM com.jme3.bullet.objects.PhysicsRigidBody rebuildRigidBody
INFORMATION: Created 1351b06efe0.
Sept. 13, 2026 4:25:20 AM com.jme3.bullet.objects.PhysicsRigidBody rebuildRigidBody
INFORMATION: Created 1351b06f310.
Sept. 13, 2026 4:25:20 AM com.jme3.bullet.objects.PhysicsRigidBody rebuildRigidBody
INFORMATION: Created 1351b070300.
Sept. 13, 2026 4:25:20 AM com.jme3.bullet.objects.PhysicsRigidBody rebuildRigidBody
INFORMATION: Created 1351b071950.
Sept. 13, 2026 4:25:20 AM com.jme3.bullet.objects.PhysicsRigidBody rebuildRigidBody
INFORMATION: Created 1351b070fc0.
Sept. 13, 2026 4:25:20 AM com.jme3.bullet.objects.PhysicsRigidBody rebuildRigidBody
INFORMATION: Created 1351b0712f0.
Sept. 13, 2026 4:25:20 AM com.jme3.bullet.objects.PhysicsRigidBody rebuildRigidBody
INFORMATION: Created 1351b071620.
Sept. 13, 2026 4:25:20 AM com.jme3.bullet.objects.PhysicsRigidBody rebuildRigidBody
INFORMATION: Created 1351b06dcc0.
Sept. 13, 2026 4:25:20 AM com.jme3.bullet.objects.PhysicsRigidBody rebuildRigidBody
INFORMATION: Created 1351b071c80.
Sept. 13, 2026 4:25:20 AM com.jme3.bullet.objects.PhysicsRigidBody rebuildRigidBody
INFORMATION: Created 1351b06e650.
Sept. 13, 2026 4:25:20 AM com.jme3.bullet.objects.PhysicsRigidBody rebuildRigidBody
INFORMATION: Created 1351b06e980.
Sept. 13, 2026 4:25:20 AM com.jme3.bullet.objects.PhysicsRigidBody rebuildRigidBody
INFORMATION: Created 1351b06dff0.
Sept. 13, 2026 4:25:20 AM com.jme3.bullet.objects.PhysicsRigidBody rebuildRigidBody
INFORMATION: Created 1351b071fb0.
Sept. 13, 2026 4:25:20 AM com.jme3.bullet.objects.PhysicsRigidBody rebuildRigidBody
INFORMATION: Created 1351b0722e0.
Sept. 13, 2026 4:25:20 AM com.jme3.bullet.objects.PhysicsRigidBody rebuildRigidBody
INFORMATION: Created 1351b072610.
Sept. 13, 2026 4:25:20 AM com.jme3.bullet.objects.PhysicsRigidBody rebuildRigidBody
INFORMATION: Created 1351b072940.
Sept. 13, 2026 4:25:20 AM com.jme3.bullet.objects.PhysicsRigidBody rebuildRigidBody
INFORMATION: Created 1351b06ecb0.
Sept. 13, 2026 4:25:20 AM com.jme3.bullet.objects.PhysicsRigidBody rebuildRigidBody
INFORMATION: Created 1351b076900.
Sept. 13, 2026 4:25:20 AM com.jme3.bullet.objects.PhysicsRigidBody rebuildRigidBody
INFORMATION: Created 1351b074f80.
Sept. 13, 2026 4:25:20 AM com.jme3.bullet.objects.PhysicsRigidBody rebuildRigidBody
INFORMATION: Created 1351b075c40.
Sept. 13, 2026 4:25:20 AM com.jme3.bullet.objects.PhysicsRigidBody rebuildRigidBody
INFORMATION: Created 1351b0732d0.
Sept. 13, 2026 4:25:20 AM com.jme3.bullet.objects.PhysicsRigidBody rebuildRigidBody
INFORMATION: Created 1351b0755e0.
Sept. 13, 2026 4:25:20 AM com.jme3.bullet.objects.PhysicsRigidBody rebuildRigidBody
INFORMATION: Created 1351b073600.
Sept. 13, 2026 4:25:20 AM com.jme3.bullet.objects.PhysicsRigidBody rebuildRigidBody
INFORMATION: Created 1351b074c50.
Sept. 13, 2026 4:25:20 AM com.jme3.bullet.objects.PhysicsRigidBody rebuildRigidBody
INFORMATION: Created 1351b0745f0.
Sept. 13, 2026 4:25:20 AM com.jme3.bullet.objects.PhysicsRigidBody rebuildRigidBody
INFORMATION: Created 1351b075f70.
Sept. 13, 2026 4:25:20 AM com.jme3.bullet.objects.PhysicsRigidBody rebuildRigidBody
INFORMATION: Created 1351b0762a0.
Sept. 13, 2026 4:25:20 AM com.jme3.bullet.objects.PhysicsRigidBody rebuildRigidBody
INFORMATION: Created 1351b073c60.
Sept. 13, 2026 4:25:20 AM com.jme3.bullet.objects.PhysicsRigidBody rebuildRigidBody
INFORMATION: Created 1351b0765d0.
Sept. 13, 2026 4:25:20 AM com.jme3.bullet.objects.PhysicsRigidBody rebuildRigidBody
INFORMATION: Created 1351b072c70.
Sept. 13, 2026 4:25:20 AM com.jme3.bullet.objects.PhysicsRigidBody rebuildRigidBody
INFORMATION: Created 1351b073930.
Sept. 13, 2026 4:25:20 AM com.jme3.bullet.objects.PhysicsRigidBody rebuildRigidBody
INFORMATION: Created 1351b0752b0.
Sept. 13, 2026 4:25:20 AM com.jme3.bullet.objects.PhysicsRigidBody rebuildRigidBody
INFORMATION: Created 1351b075910.
Sept. 13, 2026 4:25:20 AM com.jme3.bullet.objects.PhysicsRigidBody rebuildRigidBody
INFORMATION: Created 1351b073f90.
Sept. 13, 2026 4:25:20 AM com.jme3.bullet.objects.PhysicsRigidBody rebuildRigidBody
INFORMATION: Created 1351b076c30.
Sept. 13, 2026 4:25:20 AM com.jme3.bullet.objects.PhysicsRigidBody rebuildRigidBody
INFORMATION: Created 1351b072fa0.
Sept. 13, 2026 4:25:20 AM com.jme3.bullet.objects.PhysicsRigidBody rebuildRigidBody
INFORMATION: Created 1351b076f60.
Sept. 13, 2026 4:25:20 AM com.jme3.bullet.objects.PhysicsRigidBody rebuildRigidBody
INFORMATION: Created 1351b077290.
Sept. 13, 2026 4:25:20 AM com.jme3.bullet.objects.PhysicsRigidBody rebuildRigidBody
INFORMATION: Created 1351b074920.
Sept. 13, 2026 4:25:20 AM com.jme3.bullet.objects.PhysicsRigidBody rebuildRigidBody
INFORMATION: Created 1351b0775c0.
Sept. 13, 2026 4:25:20 AM com.jme3.bullet.objects.PhysicsRigidBody rebuildRigidBody
INFORMATION: Created 1351b0778f0.
Sept. 13, 2026 4:25:20 AM com.jme3.bullet.objects.PhysicsRigidBody rebuildRigidBody
INFORMATION: Created 1351b077c20.
Sept. 13, 2026 4:25:20 AM com.jme3.bullet.objects.PhysicsRigidBody rebuildRigidBody
INFORMATION: Created 1351b077f50.
Sept. 13, 2026 4:25:20 AM com.jme3.bullet.objects.PhysicsRigidBody rebuildRigidBody
INFORMATION: Created 1351b0742c0.
Sept. 13, 2026 4:25:20 AM com.jme3.bullet.objects.PhysicsRigidBody rebuildRigidBody
INFORMATION: Created 1351b078280.
Sept. 13, 2026 4:25:20 AM com.jme3.bullet.objects.PhysicsRigidBody rebuildRigidBody
INFORMATION: Created 1351b0785b0.
Sept. 13, 2026 4:25:20 AM com.jme3.bullet.objects.PhysicsRigidBody rebuildRigidBody
INFORMATION: Created 1351b0788e0.
[GAME] Die gläserne Tiefe
Sept. 13, 2026 4:25:20 AM com.jme3.anim.SkinningControl controlRender
INFORMATION: Hardware skinning engaged for Scene (Node)
Sept. 13, 2026 4:25:20 AM com.jme3.anim.SkinningControl controlRender
INFORMATION: Hardware skinning engaged for Scene (Node)
Sept. 13, 2026 4:25:20 AM com.jme3.anim.SkinningControl controlRender
INFORMATION: Hardware skinning engaged for Scene (Node)
Sept. 13, 2026 4:25:20 AM com.jme3.anim.SkinningControl controlRender
INFORMATION: Hardware skinning engaged for Scene (Node)
Sept. 13, 2026 4:25:20 AM com.jme3.anim.SkinningControl controlRender
INFORMATION: Hardware skinning engaged for Scene (Node)
Sept. 13, 2026 4:25:20 AM com.jme3.anim.SkinningControl controlRender
INFORMATION: Hardware skinning engaged for Scene (Node)
Sept. 13, 2026 4:25:20 AM com.jme3.anim.SkinningControl controlRender
INFORMATION: Hardware skinning engaged for Scene (Node)
[SMOKE] stage 18
[CHECK] Cavern portal transition
[GAME] Goblin besiegt  +35 EP  +8 Gold
[GAME] Goblin besiegt  +35 EP  +8 Gold
[GAME] Goblin besiegt  +35 EP  +8 Gold
[GAME] Goblin besiegt  +35 EP  +8 Gold
[GAME] Goblin besiegt  +35 EP  +8 Gold
[GAME] Goblin besiegt  +35 EP  +8 Gold
[GAME] Aschenrufer besiegt  +65 EP  +23 Gold
[GAME] Aschenrufer besiegt  +65 EP  +23 Gold
[GAME] STUFE 5  -  Fähigkeitspunkt erhalten [K]
[GAME] Ork-Brecher besiegt  +70 EP  +13 Gold
[GAME] Ork-Brecher besiegt  +70 EP  +13 Gold
[GAME] Auftrag erfüllt: Die Straßen werden still  +150 EP
[GAME] Kristallader gereinigt. 1 / 3
[GAME] Kristallader gereinigt. 2 / 3
[GAME] Kristallader gereinigt. 3 / 3
[GAME] Kristallherz erhalten!
[GAME] Auftrag erfüllt: Die zwei Eide  +150 EP
[GAME] Stufe 6 erreicht! K: Fähigkeiten verbessern.
[GAME] Auftrag erfüllt: Das Herz des Berges  +120 EP
[CHECK] Both parallel paths award their keys
Sept. 13, 2026 4:25:22 AM com.jme3.bullet.objects.PhysicsRigidBody rebuildRigidBody
INFORMATION: Created 1351b078f40.
Sept. 13, 2026 4:25:22 AM com.jme3.bullet.objects.PhysicsRigidBody rebuildRigidBody
INFORMATION: Created 1351b078c10.
Sept. 13, 2026 4:25:22 AM com.jme3.bullet.objects.PhysicsRigidBody rebuildRigidBody
INFORMATION: Created 1351b079270.
Sept. 13, 2026 4:25:22 AM com.jme3.bullet.objects.PhysicsRigidBody rebuildRigidBody
INFORMATION: Created 1351b0795a0.
Sept. 13, 2026 4:25:22 AM com.jme3.bullet.objects.PhysicsRigidBody rebuildRigidBody
INFORMATION: Created 1351b0798d0.
Sept. 13, 2026 4:25:22 AM com.jme3.bullet.objects.PhysicsRigidBody rebuildRigidBody
INFORMATION: Created 1351b079c00.
Sept. 13, 2026 4:25:22 AM com.jme3.bullet.objects.PhysicsRigidBody rebuildRigidBody
INFORMATION: Created 1351b07af20.
Sept. 13, 2026 4:25:22 AM com.jme3.bullet.objects.PhysicsRigidBody rebuildRigidBody
INFORMATION: Created 1351b07d230.
Sept. 13, 2026 4:25:22 AM com.jme3.bullet.objects.PhysicsRigidBody rebuildRigidBody
INFORMATION: Created 1351b07abf0.
Sept. 13, 2026 4:25:22 AM com.jme3.bullet.objects.PhysicsRigidBody rebuildRigidBody
INFORMATION: Created 1351b07d560.
Sept. 13, 2026 4:25:22 AM com.jme3.bullet.objects.PhysicsRigidBody rebuildRigidBody
INFORMATION: Created 1351b07b8b0.
Sept. 13, 2026 4:25:22 AM com.jme3.bullet.objects.PhysicsRigidBody rebuildRigidBody
INFORMATION: Created 1351b07b250.
Sept. 13, 2026 4:25:22 AM com.jme3.bullet.objects.PhysicsRigidBody rebuildRigidBody
INFORMATION: Created 1351b07a8c0.
Sept. 13, 2026 4:25:22 AM com.jme3.bullet.objects.PhysicsRigidBody rebuildRigidBody
INFORMATION: Created 1351b07dbc0.
Sept. 13, 2026 4:25:22 AM com.jme3.bullet.objects.PhysicsRigidBody rebuildRigidBody
INFORMATION: Created 1351b07c240.
Sept. 13, 2026 4:25:22 AM com.jme3.bullet.objects.PhysicsRigidBody rebuildRigidBody
INFORMATION: Created 1351b07b580.
Sept. 13, 2026 4:25:22 AM com.jme3.bullet.objects.PhysicsRigidBody rebuildRigidBody
INFORMATION: Created 1351b07c570.
Sept. 13, 2026 4:25:22 AM com.jme3.bullet.objects.PhysicsRigidBody rebuildRigidBody
INFORMATION: Created 1351b07d890.
Sept. 13, 2026 4:25:22 AM com.jme3.bullet.objects.PhysicsRigidBody rebuildRigidBody
INFORMATION: Created 1351b07a590.
Sept. 13, 2026 4:25:22 AM com.jme3.bullet.objects.PhysicsRigidBody rebuildRigidBody
INFORMATION: Created 1351b07c8a0.
Sept. 13, 2026 4:25:22 AM com.jme3.bullet.objects.PhysicsRigidBody rebuildRigidBody
INFORMATION: Created 1351b07cf00.
Sept. 13, 2026 4:25:22 AM com.jme3.bullet.objects.PhysicsRigidBody rebuildRigidBody
INFORMATION: Created 1351b07bbe0.
Sept. 13, 2026 4:25:22 AM com.jme3.bullet.objects.PhysicsRigidBody rebuildRigidBody
INFORMATION: Created 1351b07bf10.
Sept. 13, 2026 4:25:22 AM com.jme3.bullet.objects.PhysicsRigidBody rebuildRigidBody
INFORMATION: Created 1351b07cbd0.
Sept. 13, 2026 4:25:22 AM com.jme3.bullet.objects.PhysicsRigidBody rebuildRigidBody
INFORMATION: Created 1351b079f30.
Sept. 13, 2026 4:25:22 AM com.jme3.bullet.objects.PhysicsRigidBody rebuildRigidBody
INFORMATION: Created 1351b07def0.
Sept. 13, 2026 4:25:22 AM com.jme3.bullet.objects.PhysicsRigidBody rebuildRigidBody
INFORMATION: Created 1351b07a260.
Sept. 13, 2026 4:25:22 AM com.jme3.bullet.objects.PhysicsRigidBody rebuildRigidBody
INFORMATION: Created 1351b07e880.
Sept. 13, 2026 4:25:22 AM com.jme3.bullet.objects.PhysicsRigidBody rebuildRigidBody
INFORMATION: Created 1351b07f540.
Sept. 13, 2026 4:25:22 AM com.jme3.bullet.objects.PhysicsRigidBody rebuildRigidBody
INFORMATION: Created 1351b081eb0.
Sept. 13, 2026 4:25:22 AM com.jme3.bullet.objects.PhysicsRigidBody rebuildRigidBody
INFORMATION: Created 1351b07f870.
Sept. 13, 2026 4:25:22 AM com.jme3.bullet.objects.PhysicsRigidBody rebuildRigidBody
INFORMATION: Created 1351b080200.
Sept. 13, 2026 4:25:22 AM com.jme3.bullet.objects.PhysicsRigidBody rebuildRigidBody
INFORMATION: Created 1351b081850.
Sept. 13, 2026 4:25:22 AM com.jme3.bullet.objects.PhysicsRigidBody rebuildRigidBody
INFORMATION: Created 1351b081b80.
Sept. 13, 2026 4:25:22 AM com.jme3.bullet.objects.PhysicsRigidBody rebuildRigidBody
INFORMATION: Created 1351b07ebb0.
Sept. 13, 2026 4:25:22 AM com.jme3.bullet.objects.PhysicsRigidBody rebuildRigidBody
INFORMATION: Created 1351b07e220.
Sept. 13, 2026 4:25:22 AM com.jme3.bullet.objects.PhysicsRigidBody rebuildRigidBody
INFORMATION: Created 1351b07e550.
Sept. 13, 2026 4:25:22 AM com.jme3.bullet.objects.PhysicsRigidBody rebuildRigidBody
INFORMATION: Created 1351b0821e0.
Sept. 13, 2026 4:25:22 AM com.jme3.bullet.objects.PhysicsRigidBody rebuildRigidBody
INFORMATION: Created 1351b07fba0.
Sept. 13, 2026 4:25:22 AM com.jme3.bullet.objects.PhysicsRigidBody rebuildRigidBody
INFORMATION: Created 1351b081520.
Sept. 13, 2026 4:25:22 AM com.jme3.bullet.objects.PhysicsRigidBody rebuildRigidBody
INFORMATION: Created 1351b07fed0.
Sept. 13, 2026 4:25:22 AM com.jme3.bullet.objects.PhysicsRigidBody rebuildRigidBody
INFORMATION: Created 1351b080530.
Sept. 13, 2026 4:25:22 AM com.jme3.bullet.objects.PhysicsRigidBody rebuildRigidBody
INFORMATION: Created 1351b082b70.
Sept. 13, 2026 4:25:22 AM com.jme3.bullet.objects.PhysicsRigidBody rebuildRigidBody
INFORMATION: Created 1351b080860.
Sept. 13, 2026 4:25:22 AM com.jme3.bullet.objects.PhysicsRigidBody rebuildRigidBody
INFORMATION: Created 1351b080ec0.
Sept. 13, 2026 4:25:22 AM com.jme3.bullet.objects.PhysicsRigidBody rebuildRigidBody
INFORMATION: Created 1351b082510.
Sept. 13, 2026 4:25:22 AM com.jme3.bullet.objects.PhysicsRigidBody rebuildRigidBody
INFORMATION: Created 1351b082840.
Sept. 13, 2026 4:25:22 AM com.jme3.bullet.objects.PhysicsRigidBody rebuildRigidBody
INFORMATION: Created 1351b080b90.
Sept. 13, 2026 4:25:22 AM com.jme3.bullet.objects.PhysicsRigidBody rebuildRigidBody
INFORMATION: Created 1351b07eee0.
Sept. 13, 2026 4:25:22 AM com.jme3.bullet.objects.PhysicsRigidBody rebuildRigidBody
INFORMATION: Created 1351b07f210.
Sept. 13, 2026 4:25:22 AM com.jme3.bullet.objects.PhysicsRigidBody rebuildRigidBody
INFORMATION: Created 1351b0844f0.
Sept. 13, 2026 4:25:22 AM com.jme3.bullet.objects.PhysicsRigidBody rebuildRigidBody
INFORMATION: Created 1351b082ea0.
Sept. 13, 2026 4:25:22 AM com.jme3.bullet.objects.PhysicsRigidBody rebuildRigidBody
INFORMATION: Created 1351b084820.
Sept. 13, 2026 4:25:22 AM com.jme3.bullet.objects.PhysicsRigidBody rebuildRigidBody
INFORMATION: Created 1351b0831d0.
Sept. 13, 2026 4:25:22 AM com.jme3.bullet.objects.PhysicsRigidBody rebuildRigidBody
INFORMATION: Created 1351b083500.
Sept. 13, 2026 4:25:22 AM com.jme3.bullet.objects.PhysicsRigidBody rebuildRigidBody
INFORMATION: Created 1351b084b50.
Sept. 13, 2026 4:25:22 AM com.jme3.bullet.objects.PhysicsRigidBody rebuildRigidBody
INFORMATION: Created 1351b083830.
Sept. 13, 2026 4:25:22 AM com.jme3.bullet.objects.PhysicsRigidBody rebuildRigidBody
INFORMATION: Created 1351b084e80.
Sept. 13, 2026 4:25:22 AM com.jme3.bullet.objects.PhysicsRigidBody rebuildRigidBody
INFORMATION: Created 1351b083b60.
Sept. 13, 2026 4:25:22 AM com.jme3.bullet.objects.PhysicsRigidBody rebuildRigidBody
INFORMATION: Created 1351b083e90.
Sept. 13, 2026 4:25:22 AM com.jme3.bullet.objects.PhysicsRigidBody rebuildRigidBody
INFORMATION: Created 1351b0841c0.
Sept. 13, 2026 4:25:22 AM com.jme3.bullet.objects.PhysicsRigidBody rebuildRigidBody
INFORMATION: Created 1351b0811f0.
Sept. 13, 2026 4:25:22 AM com.jme3.bullet.objects.PhysicsRigidBody rebuildRigidBody
INFORMATION: Created 1351b0851b0.
Sept. 13, 2026 4:25:22 AM com.jme3.bullet.objects.PhysicsRigidBody rebuildRigidBody
INFORMATION: Created 1351b0854e0.
Sept. 13, 2026 4:25:22 AM com.jme3.bullet.objects.PhysicsRigidBody rebuildRigidBody
INFORMATION: Created 1351b085810.
Sept. 13, 2026 4:25:22 AM com.jme3.bullet.objects.PhysicsRigidBody rebuildRigidBody
INFORMATION: Created 1351b086800.
Sept. 13, 2026 4:25:22 AM com.jme3.bullet.objects.PhysicsRigidBody rebuildRigidBody
INFORMATION: Created 1351b085b40.
Sept. 13, 2026 4:25:22 AM com.jme3.bullet.objects.PhysicsRigidBody rebuildRigidBody
INFORMATION: Created 1351b085e70.
Sept. 13, 2026 4:25:22 AM com.jme3.bullet.objects.PhysicsRigidBody rebuildRigidBody
INFORMATION: Created 1351b0861a0.
Sept. 13, 2026 4:25:22 AM com.jme3.bullet.objects.PhysicsRigidBody rebuildRigidBody
INFORMATION: Created 1351b0864d0.
Sept. 13, 2026 4:25:22 AM com.jme3.bullet.objects.PhysicsRigidBody rebuildRigidBody
INFORMATION: Created 1351b0874c0.
Sept. 13, 2026 4:25:22 AM com.jme3.bullet.objects.PhysicsRigidBody rebuildRigidBody
INFORMATION: Created 1351b08a7c0.
Sept. 13, 2026 4:25:22 AM com.jme3.bullet.objects.PhysicsRigidBody rebuildRigidBody
INFORMATION: Created 1351b088e40.
Sept. 13, 2026 4:25:22 AM com.jme3.bullet.objects.PhysicsRigidBody rebuildRigidBody
INFORMATION: Created 1351b087b20.
Sept. 13, 2026 4:25:22 AM com.jme3.bullet.objects.PhysicsRigidBody rebuildRigidBody
INFORMATION: Created 1351b089170.
Sept. 13, 2026 4:25:22 AM com.jme3.bullet.objects.PhysicsRigidBody rebuildRigidBody
INFORMATION: Created 1351b089e30.
Sept. 13, 2026 4:25:22 AM com.jme3.bullet.objects.PhysicsRigidBody rebuildRigidBody
INFORMATION: Created 1351b087190.
Sept. 13, 2026 4:25:22 AM com.jme3.bullet.objects.PhysicsRigidBody rebuildRigidBody
INFORMATION: Created 1351b0894a0.
Sept. 13, 2026 4:25:22 AM com.jme3.bullet.objects.PhysicsRigidBody rebuildRigidBody
INFORMATION: Created 1351b089b00.
Sept. 13, 2026 4:25:22 AM com.jme3.bullet.objects.PhysicsRigidBody rebuildRigidBody
INFORMATION: Created 1351b087e50.
Sept. 13, 2026 4:25:22 AM com.jme3.bullet.objects.PhysicsRigidBody rebuildRigidBody
INFORMATION: Created 1351b0877f0.
Sept. 13, 2026 4:25:22 AM com.jme3.bullet.objects.PhysicsRigidBody rebuildRigidBody
INFORMATION: Created 1351b0897d0.
Sept. 13, 2026 4:25:22 AM com.jme3.bullet.objects.PhysicsRigidBody rebuildRigidBody
INFORMATION: Created 1351b088180.
Sept. 13, 2026 4:25:22 AM com.jme3.bullet.objects.PhysicsRigidBody rebuildRigidBody
INFORMATION: Created 1351b0884b0.
Sept. 13, 2026 4:25:22 AM com.jme3.bullet.objects.PhysicsRigidBody rebuildRigidBody
INFORMATION: Created 1351b08a160.
Sept. 13, 2026 4:25:22 AM com.jme3.bullet.objects.PhysicsRigidBody rebuildRigidBody
INFORMATION: Created 1351b0887e0.
Sept. 13, 2026 4:25:22 AM com.jme3.bullet.objects.PhysicsRigidBody rebuildRigidBody
INFORMATION: Created 1351b088b10.
Sept. 13, 2026 4:25:22 AM com.jme3.bullet.objects.PhysicsRigidBody rebuildRigidBody
INFORMATION: Created 1351b086b30.
Sept. 13, 2026 4:25:22 AM com.jme3.bullet.objects.PhysicsRigidBody rebuildRigidBody
INFORMATION: Created 1351b08a490.
Sept. 13, 2026 4:25:22 AM com.jme3.bullet.objects.PhysicsRigidBody rebuildRigidBody
INFORMATION: Created 1351b08aaf0.
Sept. 13, 2026 4:25:22 AM com.jme3.bullet.objects.PhysicsRigidBody rebuildRigidBody
INFORMATION: Created 1351b086e60.
Sept. 13, 2026 4:25:22 AM com.jme3.bullet.objects.PhysicsRigidBody rebuildRigidBody
INFORMATION: Created 1351b08ae20.
Sept. 13, 2026 4:25:22 AM com.jme3.bullet.objects.PhysicsRigidBody rebuildRigidBody
INFORMATION: Created 1351b08bae0.
Sept. 13, 2026 4:25:22 AM com.jme3.bullet.objects.PhysicsRigidBody rebuildRigidBody
INFORMATION: Created 1351b08b150.
Sept. 13, 2026 4:25:22 AM com.jme3.bullet.objects.PhysicsRigidBody rebuildRigidBody
INFORMATION: Created 1351b08b480.
Sept. 13, 2026 4:25:22 AM com.jme3.bullet.objects.PhysicsRigidBody rebuildRigidBody
INFORMATION: Created 1351b08b7b0.
Sept. 13, 2026 4:25:22 AM com.jme3.bullet.objects.PhysicsRigidBody rebuildRigidBody
INFORMATION: Created 1351b08ce00.
Sept. 13, 2026 4:25:22 AM com.jme3.bullet.objects.PhysicsRigidBody rebuildRigidBody
INFORMATION: Created 1351b08be10.
Sept. 13, 2026 4:25:22 AM com.jme3.bullet.objects.PhysicsRigidBody rebuildRigidBody
INFORMATION: Created 1351b08c140.
Sept. 13, 2026 4:25:22 AM com.jme3.bullet.objects.PhysicsRigidBody rebuildRigidBody
INFORMATION: Created 1351b08c470.
Sept. 13, 2026 4:25:22 AM com.jme3.bullet.objects.PhysicsRigidBody rebuildRigidBody
INFORMATION: Created 1351b08c7a0.
Sept. 13, 2026 4:25:22 AM com.jme3.bullet.objects.PhysicsRigidBody rebuildRigidBody
INFORMATION: Created 1351b08cad0.
Sept. 13, 2026 4:25:22 AM com.jme3.bullet.objects.PhysicsRigidBody rebuildRigidBody
INFORMATION: Created 13522a8a120.
Sept. 13, 2026 4:25:22 AM com.jme3.bullet.objects.PhysicsRigidBody rebuildRigidBody
INFORMATION: Created 13522a8aab0.
Sept. 13, 2026 4:25:22 AM com.jme3.bullet.objects.PhysicsRigidBody rebuildRigidBody
INFORMATION: Created 13522a88ad0.
Sept. 13, 2026 4:25:22 AM com.jme3.bullet.objects.PhysicsRigidBody rebuildRigidBody
INFORMATION: Created 13522a87e10.
Sept. 13, 2026 4:25:22 AM com.jme3.bullet.objects.PhysicsRigidBody rebuildRigidBody
INFORMATION: Created 13522a88140.
Sept. 13, 2026 4:25:22 AM com.jme3.bullet.objects.PhysicsRigidBody rebuildRigidBody
INFORMATION: Created 13522a89df0.
Sept. 13, 2026 4:25:22 AM com.jme3.bullet.objects.PhysicsRigidBody rebuildRigidBody
INFORMATION: Created 13522a8b110.
Sept. 13, 2026 4:25:22 AM com.jme3.bullet.objects.PhysicsRigidBody rebuildRigidBody
INFORMATION: Created 13522a88470.
Sept. 13, 2026 4:25:22 AM com.jme3.bullet.objects.PhysicsRigidBody rebuildRigidBody
INFORMATION: Created 13522a8a450.
Sept. 13, 2026 4:25:22 AM com.jme3.bullet.objects.PhysicsRigidBody rebuildRigidBody
INFORMATION: Created 13522a89790.
Sept. 13, 2026 4:25:22 AM com.jme3.bullet.objects.PhysicsRigidBody rebuildRigidBody
INFORMATION: Created 13522a89ac0.
Sept. 13, 2026 4:25:22 AM com.jme3.bullet.objects.PhysicsRigidBody rebuildRigidBody
INFORMATION: Created 13522a8a780.
Sept. 13, 2026 4:25:22 AM com.jme3.bullet.objects.PhysicsRigidBody rebuildRigidBody
INFORMATION: Created 13522a887a0.
Sept. 13, 2026 4:25:22 AM com.jme3.bullet.objects.PhysicsRigidBody rebuildRigidBody
INFORMATION: Created 13522a8ade0.
Sept. 13, 2026 4:25:22 AM com.jme3.bullet.objects.PhysicsRigidBody rebuildRigidBody
INFORMATION: Created 13522a88e00.
Sept. 13, 2026 4:25:22 AM com.jme3.bullet.objects.PhysicsRigidBody rebuildRigidBody
INFORMATION: Created 13522a87480.
Sept. 13, 2026 4:25:22 AM com.jme3.bullet.objects.PhysicsRigidBody rebuildRigidBody
INFORMATION: Created 13522a89130.
Sept. 13, 2026 4:25:22 AM com.jme3.bullet.objects.PhysicsRigidBody rebuildRigidBody
INFORMATION: Created 13522a8b440.
Sept. 13, 2026 4:25:22 AM com.jme3.bullet.objects.PhysicsRigidBody rebuildRigidBody
INFORMATION: Created 13522a877b0.
Sept. 13, 2026 4:25:22 AM com.jme3.bullet.objects.PhysicsRigidBody rebuildRigidBody
INFORMATION: Created 13522a8b770.
Sept. 13, 2026 4:25:22 AM com.jme3.bullet.objects.PhysicsRigidBody rebuildRigidBody
INFORMATION: Created 13522a89460.
Sept. 13, 2026 4:25:22 AM com.jme3.bullet.objects.PhysicsRigidBody rebuildRigidBody
INFORMATION: Created 13522a87ae0.
Sept. 13, 2026 4:25:22 AM com.jme3.bullet.objects.PhysicsRigidBody rebuildRigidBody
INFORMATION: Created 13522a8d750.
Sept. 13, 2026 4:25:22 AM com.jme3.bullet.objects.PhysicsRigidBody rebuildRigidBody
INFORMATION: Created 13522a8bdd0.
Sept. 13, 2026 4:25:22 AM com.jme3.bullet.objects.PhysicsRigidBody rebuildRigidBody
INFORMATION: Created 13522a8f0d0.
Sept. 13, 2026 4:25:22 AM com.jme3.bullet.objects.PhysicsRigidBody rebuildRigidBody
INFORMATION: Created 13522a8da80.
Sept. 13, 2026 4:25:22 AM com.jme3.bullet.objects.PhysicsRigidBody rebuildRigidBody
INFORMATION: Created 13522a8e410.
Sept. 13, 2026 4:25:22 AM com.jme3.bullet.objects.PhysicsRigidBody rebuildRigidBody
INFORMATION: Created 13522a8baa0.
Sept. 13, 2026 4:25:22 AM com.jme3.bullet.objects.PhysicsRigidBody rebuildRigidBody
INFORMATION: Created 13522a8eda0.
Sept. 13, 2026 4:25:22 AM com.jme3.bullet.objects.PhysicsRigidBody rebuildRigidBody
INFORMATION: Created 13522a8ea70.
Sept. 13, 2026 4:25:22 AM com.jme3.bullet.objects.PhysicsRigidBody rebuildRigidBody
INFORMATION: Created 13522a8c100.
Sept. 13, 2026 4:25:22 AM com.jme3.bullet.objects.PhysicsRigidBody rebuildRigidBody
INFORMATION: Created 13522a900c0.
Sept. 13, 2026 4:25:22 AM com.jme3.bullet.objects.PhysicsRigidBody rebuildRigidBody
INFORMATION: Created 13522a8ddb0.
Sept. 13, 2026 4:25:22 AM com.jme3.bullet.objects.PhysicsRigidBody rebuildRigidBody
INFORMATION: Created 13522a8f730.
Sept. 13, 2026 4:25:22 AM com.jme3.bullet.objects.PhysicsRigidBody rebuildRigidBody
INFORMATION: Created 13522a8c430.
Sept. 13, 2026 4:25:22 AM com.jme3.bullet.objects.PhysicsRigidBody rebuildRigidBody
INFORMATION: Created 13522a8c760.
Sept. 13, 2026 4:25:22 AM com.jme3.bullet.objects.PhysicsRigidBody rebuildRigidBody
INFORMATION: Created 13522a8f400.
Sept. 13, 2026 4:25:22 AM com.jme3.bullet.objects.PhysicsRigidBody rebuildRigidBody
INFORMATION: Created 13522a8e740.
Sept. 13, 2026 4:25:22 AM com.jme3.bullet.objects.PhysicsRigidBody rebuildRigidBody
INFORMATION: Created 13522a8e0e0.
Sept. 13, 2026 4:25:22 AM com.jme3.bullet.objects.PhysicsRigidBody rebuildRigidBody
INFORMATION: Created 13522a8d420.
Sept. 13, 2026 4:25:22 AM com.jme3.bullet.objects.PhysicsRigidBody rebuildRigidBody
INFORMATION: Created 13522a8fa60.
Sept. 13, 2026 4:25:22 AM com.jme3.bullet.objects.PhysicsRigidBody rebuildRigidBody
INFORMATION: Created 13522a8fd90.
Sept. 13, 2026 4:25:22 AM com.jme3.bullet.objects.PhysicsRigidBody rebuildRigidBody
INFORMATION: Created 13522a903f0.
Sept. 13, 2026 4:25:22 AM com.jme3.bullet.objects.PhysicsRigidBody rebuildRigidBody
INFORMATION: Created 13522a90720.
Sept. 13, 2026 4:25:22 AM com.jme3.bullet.objects.PhysicsRigidBody rebuildRigidBody
INFORMATION: Created 13522a8ca90.
Sept. 13, 2026 4:25:22 AM com.jme3.bullet.objects.PhysicsRigidBody rebuildRigidBody
INFORMATION: Created 13522a8d0f0.
Sept. 13, 2026 4:25:22 AM com.jme3.bullet.objects.PhysicsRigidBody rebuildRigidBody
INFORMATION: Created 13522a90a50.
Sept. 13, 2026 4:25:22 AM com.jme3.bullet.objects.PhysicsRigidBody rebuildRigidBody
INFORMATION: Created 13522a8cdc0.
Sept. 13, 2026 4:25:22 AM com.jme3.bullet.objects.PhysicsRigidBody rebuildRigidBody
INFORMATION: Created 13522a90d80.
Sept. 13, 2026 4:25:22 AM com.jme3.bullet.objects.PhysicsRigidBody rebuildRigidBody
INFORMATION: Created 13522a910b0.
[GAME] Die letzte Zuflucht
Sept. 13, 2026 4:25:22 AM com.jme3.anim.SkinningControl controlRender
INFORMATION: Hardware skinning engaged for Scene (Node)
Sept. 13, 2026 4:25:22 AM com.jme3.anim.SkinningControl controlRender
INFORMATION: Hardware skinning engaged for Scene (Node)
Sept. 13, 2026 4:25:22 AM com.jme3.anim.SkinningControl controlRender
INFORMATION: Hardware skinning engaged for Scene (Node)
Sept. 13, 2026 4:25:22 AM com.jme3.anim.SkinningControl controlRender
INFORMATION: Hardware skinning engaged for Scene (Node)
[SMOKE] stage 19
Sept. 13, 2026 4:25:25 AM com.jme3.bullet.objects.PhysicsRigidBody rebuildRigidBody
INFORMATION: Created 13522a913e0.
Sept. 13, 2026 4:25:25 AM com.jme3.bullet.objects.PhysicsRigidBody rebuildRigidBody
INFORMATION: Created 13522a8ade0.
Sept. 13, 2026 4:25:25 AM com.jme3.bullet.objects.PhysicsRigidBody rebuildRigidBody
INFORMATION: Created 13522a8aab0.
Sept. 13, 2026 4:25:25 AM com.jme3.bullet.objects.PhysicsRigidBody rebuildRigidBody
INFORMATION: Created 13522a8a450.
Sept. 13, 2026 4:25:25 AM com.jme3.bullet.objects.PhysicsRigidBody rebuildRigidBody
INFORMATION: Created 13522a87e10.
Sept. 13, 2026 4:25:25 AM com.jme3.bullet.objects.PhysicsRigidBody rebuildRigidBody
INFORMATION: Created 13522a8b110.
Sept. 13, 2026 4:25:25 AM com.jme3.bullet.objects.PhysicsRigidBody rebuildRigidBody
INFORMATION: Created 13522a89130.
Sept. 13, 2026 4:25:25 AM com.jme3.bullet.objects.PhysicsRigidBody rebuildRigidBody
INFORMATION: Created 13522a89df0.
Sept. 13, 2026 4:25:25 AM com.jme3.bullet.objects.PhysicsRigidBody rebuildRigidBody
INFORMATION: Created 13522a87ae0.
Sept. 13, 2026 4:25:25 AM com.jme3.bullet.objects.PhysicsRigidBody rebuildRigidBody
INFORMATION: Created 13522a87480.
Sept. 13, 2026 4:25:25 AM com.jme3.bullet.objects.PhysicsRigidBody rebuildRigidBody
INFORMATION: Created 13522a8a120.
Sept. 13, 2026 4:25:25 AM com.jme3.bullet.objects.PhysicsRigidBody rebuildRigidBody
INFORMATION: Created 13522a8a780.
Sept. 13, 2026 4:25:25 AM com.jme3.bullet.objects.PhysicsRigidBody rebuildRigidBody
INFORMATION: Created 13522a89790.
Sept. 13, 2026 4:25:25 AM com.jme3.bullet.objects.PhysicsRigidBody rebuildRigidBody
INFORMATION: Created 13522a8b440.
Sept. 13, 2026 4:25:25 AM com.jme3.bullet.objects.PhysicsRigidBody rebuildRigidBody
INFORMATION: Created 13522a88140.
Sept. 13, 2026 4:25:25 AM com.jme3.bullet.objects.PhysicsRigidBody rebuildRigidBody
INFORMATION: Created 13522a89460.
Sept. 13, 2026 4:25:25 AM com.jme3.bullet.objects.PhysicsRigidBody rebuildRigidBody
INFORMATION: Created 13522a89ac0.
Sept. 13, 2026 4:25:25 AM com.jme3.bullet.objects.PhysicsRigidBody rebuildRigidBody
INFORMATION: Created 13522a877b0.
Sept. 13, 2026 4:25:25 AM com.jme3.bullet.objects.PhysicsRigidBody rebuildRigidBody
INFORMATION: Created 13522a88470.
Sept. 13, 2026 4:25:25 AM com.jme3.bullet.objects.PhysicsRigidBody rebuildRigidBody
INFORMATION: Created 13522a8b770.
Sept. 13, 2026 4:25:25 AM com.jme3.bullet.objects.PhysicsRigidBody rebuildRigidBody
INFORMATION: Created 13522a8c430.
Sept. 13, 2026 4:25:25 AM com.jme3.bullet.objects.PhysicsRigidBody rebuildRigidBody
INFORMATION: Created 13522a8baa0.
Sept. 13, 2026 4:25:25 AM com.jme3.bullet.objects.PhysicsRigidBody rebuildRigidBody
INFORMATION: Created 13522a8bdd0.
Sept. 13, 2026 4:25:25 AM com.jme3.bullet.objects.PhysicsRigidBody rebuildRigidBody
INFORMATION: Created 13522a8c100.
Sept. 13, 2026 4:25:25 AM com.jme3.bullet.objects.PhysicsRigidBody rebuildRigidBody
INFORMATION: Created 13522a887a0.
Sept. 13, 2026 4:25:25 AM com.jme3.bullet.objects.PhysicsRigidBody rebuildRigidBody
INFORMATION: Created 13522a88e00.
Sept. 13, 2026 4:25:25 AM com.jme3.bullet.objects.PhysicsRigidBody rebuildRigidBody
INFORMATION: Created 13522a8c760.
Sept. 13, 2026 4:25:25 AM com.jme3.bullet.objects.PhysicsRigidBody rebuildRigidBody
INFORMATION: Created 13522a88ad0.
Sept. 13, 2026 4:25:25 AM com.jme3.bullet.objects.PhysicsRigidBody rebuildRigidBody
INFORMATION: Created 13522a8ea70.
Sept. 13, 2026 4:25:25 AM com.jme3.bullet.objects.PhysicsRigidBody rebuildRigidBody
INFORMATION: Created 13522a8fd90.
Sept. 13, 2026 4:25:25 AM com.jme3.bullet.objects.PhysicsRigidBody rebuildRigidBody
INFORMATION: Created 13522a8f730.
Sept. 13, 2026 4:25:25 AM com.jme3.bullet.objects.PhysicsRigidBody rebuildRigidBody
INFORMATION: Created 13522a8ca90.
Sept. 13, 2026 4:25:25 AM com.jme3.bullet.objects.PhysicsRigidBody rebuildRigidBody
INFORMATION: Created 13522a900c0.
Sept. 13, 2026 4:25:25 AM com.jme3.bullet.objects.PhysicsRigidBody rebuildRigidBody
INFORMATION: Created 13522a8e0e0.
Sept. 13, 2026 4:25:25 AM com.jme3.bullet.objects.PhysicsRigidBody rebuildRigidBody
INFORMATION: Created 13522a8d420.
Sept. 13, 2026 4:25:25 AM com.jme3.bullet.objects.PhysicsRigidBody rebuildRigidBody
INFORMATION: Created 13522a8eda0.
Sept. 13, 2026 4:25:25 AM com.jme3.bullet.objects.PhysicsRigidBody rebuildRigidBody
INFORMATION: Created 13522a90a50.
Sept. 13, 2026 4:25:25 AM com.jme3.bullet.objects.PhysicsRigidBody rebuildRigidBody
INFORMATION: Created 13522a8fa60.
Sept. 13, 2026 4:25:25 AM com.jme3.bullet.objects.PhysicsRigidBody rebuildRigidBody
INFORMATION: Created 13522a8d0f0.
Sept. 13, 2026 4:25:25 AM com.jme3.bullet.objects.PhysicsRigidBody rebuildRigidBody
INFORMATION: Created 13522a903f0.
Sept. 13, 2026 4:25:25 AM com.jme3.bullet.objects.PhysicsRigidBody rebuildRigidBody
INFORMATION: Created 13522a8d750.
Sept. 13, 2026 4:25:25 AM com.jme3.bullet.objects.PhysicsRigidBody rebuildRigidBody
INFORMATION: Created 13522a90720.
Sept. 13, 2026 4:25:25 AM com.jme3.bullet.objects.PhysicsRigidBody rebuildRigidBody
INFORMATION: Created 13522a8f0d0.
Sept. 13, 2026 4:25:25 AM com.jme3.bullet.objects.PhysicsRigidBody rebuildRigidBody
INFORMATION: Created 13522a91710.
Sept. 13, 2026 4:25:25 AM com.jme3.bullet.objects.PhysicsRigidBody rebuildRigidBody
INFORMATION: Created 13522a8f400.
Sept. 13, 2026 4:25:25 AM com.jme3.bullet.objects.PhysicsRigidBody rebuildRigidBody
INFORMATION: Created 13522a8da80.
Sept. 13, 2026 4:25:25 AM com.jme3.bullet.objects.PhysicsRigidBody rebuildRigidBody
INFORMATION: Created 13522a91a40.
Sept. 13, 2026 4:25:25 AM com.jme3.bullet.objects.PhysicsRigidBody rebuildRigidBody
INFORMATION: Created 13522a8ddb0.
Sept. 13, 2026 4:25:25 AM com.jme3.bullet.objects.PhysicsRigidBody rebuildRigidBody
INFORMATION: Created 13522a91d70.
Sept. 13, 2026 4:25:25 AM com.jme3.bullet.objects.PhysicsRigidBody rebuildRigidBody
INFORMATION: Created 13522a920a0.
Sept. 13, 2026 4:25:25 AM com.jme3.bullet.objects.PhysicsRigidBody rebuildRigidBody
INFORMATION: Created 13522a8e410.
Sept. 13, 2026 4:25:25 AM com.jme3.bullet.objects.PhysicsRigidBody rebuildRigidBody
INFORMATION: Created 13522a923d0.
Sept. 13, 2026 4:25:25 AM com.jme3.bullet.objects.PhysicsRigidBody rebuildRigidBody
INFORMATION: Created 13522a8e740.
Sept. 13, 2026 4:25:25 AM com.jme3.bullet.objects.PhysicsRigidBody rebuildRigidBody
INFORMATION: Created 13522a93a20.
Sept. 13, 2026 4:25:25 AM com.jme3.bullet.objects.PhysicsRigidBody rebuildRigidBody
INFORMATION: Created 13522a933c0.
Sept. 13, 2026 4:25:25 AM com.jme3.bullet.objects.PhysicsRigidBody rebuildRigidBody
INFORMATION: Created 13522a936f0.
Sept. 13, 2026 4:25:25 AM com.jme3.bullet.objects.PhysicsRigidBody rebuildRigidBody
INFORMATION: Created 13522a92700.
Sept. 13, 2026 4:25:25 AM com.jme3.bullet.objects.PhysicsRigidBody rebuildRigidBody
INFORMATION: Created 13522a93d50.
Sept. 13, 2026 4:25:25 AM com.jme3.bullet.objects.PhysicsRigidBody rebuildRigidBody
INFORMATION: Created 13522a92a30.
Sept. 13, 2026 4:25:25 AM com.jme3.bullet.objects.PhysicsRigidBody rebuildRigidBody
INFORMATION: Created 13522a92d60.
Sept. 13, 2026 4:25:25 AM com.jme3.bullet.objects.PhysicsRigidBody rebuildRigidBody
INFORMATION: Created 13522a93090.
Sept. 13, 2026 4:25:25 AM com.jme3.bullet.objects.PhysicsRigidBody rebuildRigidBody
INFORMATION: Created 13522a96060.
Sept. 13, 2026 4:25:25 AM com.jme3.bullet.objects.PhysicsRigidBody rebuildRigidBody
INFORMATION: Created 13522a97380.
Sept. 13, 2026 4:25:25 AM com.jme3.bullet.objects.PhysicsRigidBody rebuildRigidBody
INFORMATION: Created 13522a96390.
Sept. 13, 2026 4:25:25 AM com.jme3.bullet.objects.PhysicsRigidBody rebuildRigidBody
INFORMATION: Created 13522a976b0.
Sept. 13, 2026 4:25:25 AM com.jme3.bullet.objects.PhysicsRigidBody rebuildRigidBody
INFORMATION: Created 13522a966c0.
Sept. 13, 2026 4:25:25 AM com.jme3.bullet.objects.PhysicsRigidBody rebuildRigidBody
INFORMATION: Created 13522a953a0.
Sept. 13, 2026 4:25:25 AM com.jme3.bullet.objects.PhysicsRigidBody rebuildRigidBody
INFORMATION: Created 13522a95a00.
Sept. 13, 2026 4:25:25 AM com.jme3.bullet.objects.PhysicsRigidBody rebuildRigidBody
INFORMATION: Created 13522a956d0.
Sept. 13, 2026 4:25:25 AM com.jme3.bullet.objects.PhysicsRigidBody rebuildRigidBody
INFORMATION: Created 13522a979e0.
Sept. 13, 2026 4:25:25 AM com.jme3.bullet.objects.PhysicsRigidBody rebuildRigidBody
INFORMATION: Created 13522a95d30.
Sept. 13, 2026 4:25:25 AM com.jme3.bullet.objects.PhysicsRigidBody rebuildRigidBody
INFORMATION: Created 13522a969f0.
Sept. 13, 2026 4:25:25 AM com.jme3.bullet.objects.PhysicsRigidBody rebuildRigidBody
INFORMATION: Created 13522a96d20.
Sept. 13, 2026 4:25:25 AM com.jme3.bullet.objects.PhysicsRigidBody rebuildRigidBody
INFORMATION: Created 13522a97050.
Sept. 13, 2026 4:25:25 AM com.jme3.bullet.objects.PhysicsRigidBody rebuildRigidBody
INFORMATION: Created 13522a94080.
Sept. 13, 2026 4:25:25 AM com.jme3.bullet.objects.PhysicsRigidBody rebuildRigidBody
INFORMATION: Created 13522a97d10.
Sept. 13, 2026 4:25:25 AM com.jme3.bullet.objects.PhysicsRigidBody rebuildRigidBody
INFORMATION: Created 13522a98040.
Sept. 13, 2026 4:25:25 AM com.jme3.bullet.objects.PhysicsRigidBody rebuildRigidBody
INFORMATION: Created 13522a943b0.
Sept. 13, 2026 4:25:25 AM com.jme3.bullet.objects.PhysicsRigidBody rebuildRigidBody
INFORMATION: Created 13522a94d40.
Sept. 13, 2026 4:25:25 AM com.jme3.bullet.objects.PhysicsRigidBody rebuildRigidBody
INFORMATION: Created 13522a98370.
Sept. 13, 2026 4:25:25 AM com.jme3.bullet.objects.PhysicsRigidBody rebuildRigidBody
INFORMATION: Created 13522a946e0.
Sept. 13, 2026 4:25:25 AM com.jme3.bullet.objects.PhysicsRigidBody rebuildRigidBody
INFORMATION: Created 13522a95070.
Sept. 13, 2026 4:25:25 AM com.jme3.bullet.objects.PhysicsRigidBody rebuildRigidBody
INFORMATION: Created 13522a986a0.
Sept. 13, 2026 4:25:25 AM com.jme3.bullet.objects.PhysicsRigidBody rebuildRigidBody
INFORMATION: Created 13522a94a10.
Sept. 13, 2026 4:25:25 AM com.jme3.bullet.objects.PhysicsRigidBody rebuildRigidBody
INFORMATION: Created 13522a99030.
Sept. 13, 2026 4:25:25 AM com.jme3.bullet.objects.PhysicsRigidBody rebuildRigidBody
INFORMATION: Created 13522a9bcd0.
Sept. 13, 2026 4:25:25 AM com.jme3.bullet.objects.PhysicsRigidBody rebuildRigidBody
INFORMATION: Created 13522a98d00.
Sept. 13, 2026 4:25:25 AM com.jme3.bullet.objects.PhysicsRigidBody rebuildRigidBody
INFORMATION: Created 13522a9b010.
Sept. 13, 2026 4:25:25 AM com.jme3.bullet.objects.PhysicsRigidBody rebuildRigidBody
INFORMATION: Created 13522a9b340.
Sept. 13, 2026 4:25:25 AM com.jme3.bullet.objects.PhysicsRigidBody rebuildRigidBody
INFORMATION: Created 13522a99360.
Sept. 13, 2026 4:25:25 AM com.jme3.bullet.objects.PhysicsRigidBody rebuildRigidBody
INFORMATION: Created 13522a99690.
Sept. 13, 2026 4:25:25 AM com.jme3.bullet.objects.PhysicsRigidBody rebuildRigidBody
INFORMATION: Created 13522a989d0.
Sept. 13, 2026 4:25:25 AM com.jme3.bullet.objects.PhysicsRigidBody rebuildRigidBody
INFORMATION: Created 13522a9d650.
Sept. 13, 2026 4:25:25 AM com.jme3.bullet.objects.PhysicsRigidBody rebuildRigidBody
INFORMATION: Created 13522a999c0.
Sept. 13, 2026 4:25:25 AM com.jme3.bullet.objects.PhysicsRigidBody rebuildRigidBody
INFORMATION: Created 13522a9a9b0.
Sept. 13, 2026 4:25:25 AM com.jme3.bullet.objects.PhysicsRigidBody rebuildRigidBody
INFORMATION: Created 13522a9a680.
Sept. 13, 2026 4:25:25 AM com.jme3.bullet.objects.PhysicsRigidBody rebuildRigidBody
INFORMATION: Created 13522a9cff0.
Sept. 13, 2026 4:25:25 AM com.jme3.bullet.objects.PhysicsRigidBody rebuildRigidBody
INFORMATION: Created 13522a9d320.
Sept. 13, 2026 4:25:25 AM com.jme3.bullet.objects.PhysicsRigidBody rebuildRigidBody
INFORMATION: Created 13522a9c330.
Sept. 13, 2026 4:25:25 AM com.jme3.bullet.objects.PhysicsRigidBody rebuildRigidBody
INFORMATION: Created 13522a9d980.
Sept. 13, 2026 4:25:25 AM com.jme3.bullet.objects.PhysicsRigidBody rebuildRigidBody
INFORMATION: Created 13522a9ccc0.
Sept. 13, 2026 4:25:25 AM com.jme3.bullet.objects.PhysicsRigidBody rebuildRigidBody
INFORMATION: Created 13522a9ace0.
Sept. 13, 2026 4:25:25 AM com.jme3.bullet.objects.PhysicsRigidBody rebuildRigidBody
INFORMATION: Created 13522a99cf0.
Sept. 13, 2026 4:25:25 AM com.jme3.bullet.objects.PhysicsRigidBody rebuildRigidBody
INFORMATION: Created 13522a9c660.
Sept. 13, 2026 4:25:25 AM com.jme3.bullet.objects.PhysicsRigidBody rebuildRigidBody
INFORMATION: Created 13522a9b670.
Sept. 13, 2026 4:25:25 AM com.jme3.bullet.objects.PhysicsRigidBody rebuildRigidBody
INFORMATION: Created 13522a9dcb0.
Sept. 13, 2026 4:25:25 AM com.jme3.bullet.objects.PhysicsRigidBody rebuildRigidBody
INFORMATION: Created 13522a9a020.
Sept. 13, 2026 4:25:25 AM com.jme3.bullet.objects.PhysicsRigidBody rebuildRigidBody
INFORMATION: Created 13522a9c990.
Sept. 13, 2026 4:25:25 AM com.jme3.bullet.objects.PhysicsRigidBody rebuildRigidBody
INFORMATION: Created 13522a9dfe0.
Sept. 13, 2026 4:25:25 AM com.jme3.bullet.objects.PhysicsRigidBody rebuildRigidBody
INFORMATION: Created 13522a9b9a0.
Sept. 13, 2026 4:25:25 AM com.jme3.bullet.objects.PhysicsRigidBody rebuildRigidBody
INFORMATION: Created 13522a9a350.
Sept. 13, 2026 4:25:25 AM com.jme3.bullet.objects.PhysicsRigidBody rebuildRigidBody
INFORMATION: Created 13522a9f630.
Sept. 13, 2026 4:25:25 AM com.jme3.bullet.objects.PhysicsRigidBody rebuildRigidBody
INFORMATION: Created 13522a9e310.
Sept. 13, 2026 4:25:25 AM com.jme3.bullet.objects.PhysicsRigidBody rebuildRigidBody
INFORMATION: Created 13522a9e640.
Sept. 13, 2026 4:25:25 AM com.jme3.bullet.objects.PhysicsRigidBody rebuildRigidBody
INFORMATION: Created 13522a9fc90.
Sept. 13, 2026 4:25:25 AM com.jme3.bullet.objects.PhysicsRigidBody rebuildRigidBody
INFORMATION: Created 13522a9e970.
Sept. 13, 2026 4:25:25 AM com.jme3.bullet.objects.PhysicsRigidBody rebuildRigidBody
INFORMATION: Created 13522a9f300.
Sept. 13, 2026 4:25:25 AM com.jme3.bullet.objects.PhysicsRigidBody rebuildRigidBody
INFORMATION: Created 13522a9eca0.
Sept. 13, 2026 4:25:25 AM com.jme3.bullet.objects.PhysicsRigidBody rebuildRigidBody
INFORMATION: Created 13522a9efd0.
Sept. 13, 2026 4:25:25 AM com.jme3.bullet.objects.PhysicsRigidBody rebuildRigidBody
INFORMATION: Created 13522a9f960.
Sept. 13, 2026 4:25:25 AM com.jme3.bullet.objects.PhysicsRigidBody rebuildRigidBody
INFORMATION: Created 13522a9c000.
Sept. 13, 2026 4:25:25 AM com.jme3.bullet.objects.PhysicsRigidBody rebuildRigidBody
INFORMATION: Created 13522aa0620.
Sept. 13, 2026 4:25:25 AM com.jme3.bullet.objects.PhysicsRigidBody rebuildRigidBody
INFORMATION: Created 13522a9ffc0.
Sept. 13, 2026 4:25:25 AM com.jme3.bullet.objects.PhysicsRigidBody rebuildRigidBody
INFORMATION: Created 13522aa02f0.
Sept. 13, 2026 4:25:25 AM com.jme3.bullet.objects.PhysicsRigidBody rebuildRigidBody
INFORMATION: Created 13522aa0950.
Sept. 13, 2026 4:25:25 AM com.jme3.bullet.objects.PhysicsRigidBody rebuildRigidBody
INFORMATION: Created 13522aa1940.
Sept. 13, 2026 4:25:25 AM com.jme3.bullet.objects.PhysicsRigidBody rebuildRigidBody
INFORMATION: Created 13522aa1610.
Sept. 13, 2026 4:25:25 AM com.jme3.bullet.objects.PhysicsRigidBody rebuildRigidBody
INFORMATION: Created 13522aa3f80.
Sept. 13, 2026 4:25:25 AM com.jme3.bullet.objects.PhysicsRigidBody rebuildRigidBody
INFORMATION: Created 13522aa42b0.
Sept. 13, 2026 4:25:25 AM com.jme3.bullet.objects.PhysicsRigidBody rebuildRigidBody
INFORMATION: Created 13522aa32c0.
Sept. 13, 2026 4:25:25 AM com.jme3.bullet.objects.PhysicsRigidBody rebuildRigidBody
INFORMATION: Created 13522aa45e0.
Sept. 13, 2026 4:25:25 AM com.jme3.bullet.objects.PhysicsRigidBody rebuildRigidBody
INFORMATION: Created 13522aa3c50.
Sept. 13, 2026 4:25:25 AM com.jme3.bullet.objects.PhysicsRigidBody rebuildRigidBody
INFORMATION: Created 13522aa1c70.
Sept. 13, 2026 4:25:25 AM com.jme3.bullet.objects.PhysicsRigidBody rebuildRigidBody
INFORMATION: Created 13522aa4910.
Sept. 13, 2026 4:25:25 AM com.jme3.bullet.objects.PhysicsRigidBody rebuildRigidBody
INFORMATION: Created 13522aa2930.
Sept. 13, 2026 4:25:25 AM com.jme3.bullet.objects.PhysicsRigidBody rebuildRigidBody
INFORMATION: Created 13522aa35f0.
Sept. 13, 2026 4:25:25 AM com.jme3.bullet.objects.PhysicsRigidBody rebuildRigidBody
INFORMATION: Created 13522aa12e0.
Sept. 13, 2026 4:25:25 AM com.jme3.bullet.objects.PhysicsRigidBody rebuildRigidBody
INFORMATION: Created 13522aa0c80.
Sept. 13, 2026 4:25:25 AM com.jme3.bullet.objects.PhysicsRigidBody rebuildRigidBody
INFORMATION: Created 13522aa3920.
Sept. 13, 2026 4:25:25 AM com.jme3.bullet.objects.PhysicsRigidBody rebuildRigidBody
INFORMATION: Created 13522aa4c40.
Sept. 13, 2026 4:25:25 AM com.jme3.bullet.objects.PhysicsRigidBody rebuildRigidBody
INFORMATION: Created 13522aa2c60.
Sept. 13, 2026 4:25:25 AM com.jme3.bullet.objects.PhysicsRigidBody rebuildRigidBody
INFORMATION: Created 13522aa0fb0.
Sept. 13, 2026 4:25:25 AM com.jme3.bullet.objects.PhysicsRigidBody rebuildRigidBody
INFORMATION: Created 13522aa22d0.
Sept. 13, 2026 4:25:25 AM com.jme3.bullet.objects.PhysicsRigidBody rebuildRigidBody
INFORMATION: Created 13522aa4f70.
Sept. 13, 2026 4:25:25 AM com.jme3.bullet.objects.PhysicsRigidBody rebuildRigidBody
INFORMATION: Created 13522aa2f90.
Sept. 13, 2026 4:25:25 AM com.jme3.bullet.objects.PhysicsRigidBody rebuildRigidBody
INFORMATION: Created 13522aa5c30.
Sept. 13, 2026 4:25:25 AM com.jme3.bullet.objects.PhysicsRigidBody rebuildRigidBody
INFORMATION: Created 13522aa1fa0.
Sept. 13, 2026 4:25:25 AM com.jme3.bullet.objects.PhysicsRigidBody rebuildRigidBody
INFORMATION: Created 13522aa5f60.
Sept. 13, 2026 4:25:25 AM com.jme3.bullet.objects.PhysicsRigidBody rebuildRigidBody
INFORMATION: Created 13522aa6290.
Sept. 13, 2026 4:25:25 AM com.jme3.bullet.objects.PhysicsRigidBody rebuildRigidBody
INFORMATION: Created 13522aa2600.
Sept. 13, 2026 4:25:25 AM com.jme3.bullet.objects.PhysicsRigidBody rebuildRigidBody
INFORMATION: Created 13522aa52a0.
Sept. 13, 2026 4:25:25 AM com.jme3.bullet.objects.PhysicsRigidBody rebuildRigidBody
INFORMATION: Created 13522aa65c0.
Sept. 13, 2026 4:25:25 AM com.jme3.bullet.objects.PhysicsRigidBody rebuildRigidBody
INFORMATION: Created 13522aa68f0.
[GAME] Das Kettenverlies
Sept. 13, 2026 4:25:25 AM com.jme3.anim.SkinningControl controlRender
INFORMATION: Hardware skinning engaged for Scene (Node)
Sept. 13, 2026 4:25:25 AM com.jme3.anim.SkinningControl controlRender
INFORMATION: Hardware skinning engaged for Scene (Node)
Sept. 13, 2026 4:25:25 AM com.jme3.anim.SkinningControl controlRender
INFORMATION: Hardware skinning engaged for Scene (Node)
Sept. 13, 2026 4:25:25 AM com.jme3.anim.SkinningControl controlRender
INFORMATION: Hardware skinning engaged for Scene (Node)
Sept. 13, 2026 4:25:25 AM com.jme3.anim.SkinningControl controlRender
INFORMATION: Hardware skinning engaged for Scene (Node)
Sept. 13, 2026 4:25:25 AM com.jme3.anim.SkinningControl controlRender
INFORMATION: Hardware skinning engaged for Scene (Node)
Sept. 13, 2026 4:25:25 AM com.jme3.anim.SkinningControl controlRender
INFORMATION: Hardware skinning engaged for Scene (Node)
[SMOKE] stage 20
[CHECK] Both seals unlock prison
[GAME] Goblin besiegt  +35 EP  +8 Gold
[GAME] Ork-Brecher besiegt  +70 EP  +13 Gold
[GAME] Ork-Brecher besiegt  +70 EP  +13 Gold
[GAME] Ork-Brecher besiegt  +70 EP  +13 Gold
[GAME] Aschenrufer besiegt  +65 EP  +23 Gold
[GAME] Eiserner Wächter besiegt  +115 EP  +18 Gold
[GAME] Eiserner Wächter besiegt  +115 EP  +18 Gold
[GAME] STUFE 7  -  Fähigkeitspunkt erhalten [K]
[GAME] Eiserner Wächter besiegt  +115 EP  +18 Gold
[GAME] Schlüssel des Kerkermeisters erhalten.
[GAME] Auftrag erfüllt: Der letzte Kerkermeister  +160 EP
[GAME] Die Gefangenen sind frei. Der König verliert 20% seiner Lebenskraft.
[GAME] Auftrag erfüllt: Der Preis der Freiheit  +180 EP
[CHECK] Prisoner branch
[CHECK] Keeper drops key
Sept. 13, 2026 4:25:27 AM com.jme3.bullet.objects.PhysicsRigidBody rebuildRigidBody
INFORMATION: Created 13522aa55d0.
Sept. 13, 2026 4:25:27 AM com.jme3.bullet.objects.PhysicsRigidBody rebuildRigidBody
INFORMATION: Created 13522aa6c20.
Sept. 13, 2026 4:25:27 AM com.jme3.bullet.objects.PhysicsRigidBody rebuildRigidBody
INFORMATION: Created 13522aa5900.
Sept. 13, 2026 4:25:27 AM com.jme3.bullet.objects.PhysicsRigidBody rebuildRigidBody
INFORMATION: Created 13522aa6f50.
Sept. 13, 2026 4:25:27 AM com.jme3.bullet.objects.PhysicsRigidBody rebuildRigidBody
INFORMATION: Created 1351ef6d870.
Sept. 13, 2026 4:25:27 AM com.jme3.bullet.objects.PhysicsRigidBody rebuildRigidBody
INFORMATION: Created 1351ef6dba0.
Sept. 13, 2026 4:25:27 AM com.jme3.bullet.objects.PhysicsRigidBody rebuildRigidBody
INFORMATION: Created 1351ef701e0.
Sept. 13, 2026 4:25:27 AM com.jme3.bullet.objects.PhysicsRigidBody rebuildRigidBody
INFORMATION: Created 1351ef6e530.
Sept. 13, 2026 4:25:27 AM com.jme3.bullet.objects.PhysicsRigidBody rebuildRigidBody
INFORMATION: Created 1351ef6f850.
Sept. 13, 2026 4:25:27 AM com.jme3.bullet.objects.PhysicsRigidBody rebuildRigidBody
INFORMATION: Created 1351ef6fb80.
Sept. 13, 2026 4:25:27 AM com.jme3.bullet.objects.PhysicsRigidBody rebuildRigidBody
INFORMATION: Created 1351ef6c550.
Sept. 13, 2026 4:25:27 AM com.jme3.bullet.objects.PhysicsRigidBody rebuildRigidBody
INFORMATION: Created 1351ef70510.
Sept. 13, 2026 4:25:27 AM com.jme3.bullet.objects.PhysicsRigidBody rebuildRigidBody
INFORMATION: Created 1351ef6c880.
Sept. 13, 2026 4:25:27 AM com.jme3.bullet.objects.PhysicsRigidBody rebuildRigidBody
INFORMATION: Created 1351ef724f0.
Sept. 13, 2026 4:25:27 AM com.jme3.bullet.objects.PhysicsRigidBody rebuildRigidBody
INFORMATION: Created 1351ef72e80.
Sept. 13, 2026 4:25:27 AM com.jme3.bullet.objects.PhysicsRigidBody rebuildRigidBody
INFORMATION: Created 1351ef72820.
Sept. 13, 2026 4:25:27 AM com.jme3.bullet.objects.PhysicsRigidBody rebuildRigidBody
INFORMATION: Created 1351ef71b60.
Sept. 13, 2026 4:25:27 AM com.jme3.bullet.objects.PhysicsRigidBody rebuildRigidBody
INFORMATION: Created 1351ef70840.
Sept. 13, 2026 4:25:27 AM com.jme3.bullet.objects.PhysicsRigidBody rebuildRigidBody
INFORMATION: Created 1351ef71e90.
Sept. 13, 2026 4:25:27 AM com.jme3.bullet.objects.PhysicsRigidBody rebuildRigidBody
INFORMATION: Created 1351ef721c0.
Sept. 13, 2026 4:25:27 AM com.jme3.bullet.objects.PhysicsRigidBody rebuildRigidBody
INFORMATION: Created 1351ef73e70.
Sept. 13, 2026 4:25:27 AM com.jme3.bullet.objects.PhysicsRigidBody rebuildRigidBody
INFORMATION: Created 1351ef70b70.
Sept. 13, 2026 4:25:27 AM com.jme3.bullet.objects.PhysicsRigidBody rebuildRigidBody
INFORMATION: Created 1351ef711d0.
Sept. 13, 2026 4:25:27 AM com.jme3.bullet.objects.PhysicsRigidBody rebuildRigidBody
INFORMATION: Created 1351ef734e0.
Sept. 13, 2026 4:25:27 AM com.jme3.bullet.objects.PhysicsRigidBody rebuildRigidBody
INFORMATION: Created 1351ef741a0.
Sept. 13, 2026 4:25:27 AM com.jme3.bullet.objects.PhysicsRigidBody rebuildRigidBody
INFORMATION: Created 1351ef71500.
Sept. 13, 2026 4:25:27 AM com.jme3.bullet.objects.PhysicsRigidBody rebuildRigidBody
INFORMATION: Created 1351ef74b30.
Sept. 13, 2026 4:25:27 AM com.jme3.bullet.objects.PhysicsRigidBody rebuildRigidBody
INFORMATION: Created 1351ef70ea0.
Sept. 13, 2026 4:25:27 AM com.jme3.bullet.objects.PhysicsRigidBody rebuildRigidBody
INFORMATION: Created 1351ef74e60.
Sept. 13, 2026 4:25:27 AM com.jme3.bullet.objects.PhysicsRigidBody rebuildRigidBody
INFORMATION: Created 1351ef72b50.
Sept. 13, 2026 4:25:27 AM com.jme3.bullet.objects.PhysicsRigidBody rebuildRigidBody
INFORMATION: Created 1351ef731b0.
Sept. 13, 2026 4:25:27 AM com.jme3.bullet.objects.PhysicsRigidBody rebuildRigidBody
INFORMATION: Created 1351ef75190.
Sept. 13, 2026 4:25:27 AM com.jme3.bullet.objects.PhysicsRigidBody rebuildRigidBody
INFORMATION: Created 1351ef754c0.
Sept. 13, 2026 4:25:27 AM com.jme3.bullet.objects.PhysicsRigidBody rebuildRigidBody
INFORMATION: Created 1351ef71830.
Sept. 13, 2026 4:25:27 AM com.jme3.bullet.objects.PhysicsRigidBody rebuildRigidBody
INFORMATION: Created 1351ef764b0.
Sept. 13, 2026 4:25:27 AM com.jme3.bullet.objects.PhysicsRigidBody rebuildRigidBody
INFORMATION: Created 1351ef76b10.
Sept. 13, 2026 4:25:27 AM com.jme3.bullet.objects.PhysicsRigidBody rebuildRigidBody
INFORMATION: Created 1351ef757f0.
Sept. 13, 2026 4:25:27 AM com.jme3.bullet.objects.PhysicsRigidBody rebuildRigidBody
INFORMATION: Created 1351ef767e0.
Sept. 13, 2026 4:25:27 AM com.jme3.bullet.objects.PhysicsRigidBody rebuildRigidBody
INFORMATION: Created 1351ef75b20.
Sept. 13, 2026 4:25:27 AM com.jme3.bullet.objects.PhysicsRigidBody rebuildRigidBody
INFORMATION: Created 1351ef75e50.
Sept. 13, 2026 4:25:27 AM com.jme3.bullet.objects.PhysicsRigidBody rebuildRigidBody
INFORMATION: Created 1351ef76180.
Sept. 13, 2026 4:25:27 AM com.jme3.bullet.objects.PhysicsRigidBody rebuildRigidBody
INFORMATION: Created 1351ef76e40.
Sept. 13, 2026 4:25:27 AM com.jme3.bullet.objects.PhysicsRigidBody rebuildRigidBody
INFORMATION: Created 1351ef77170.
Sept. 13, 2026 4:25:27 AM com.jme3.bullet.objects.PhysicsRigidBody rebuildRigidBody
INFORMATION: Created 1351ef7aad0.
Sept. 13, 2026 4:25:27 AM com.jme3.bullet.objects.PhysicsRigidBody rebuildRigidBody
INFORMATION: Created 1351ef79e10.
Sept. 13, 2026 4:25:27 AM com.jme3.bullet.objects.PhysicsRigidBody rebuildRigidBody
INFORMATION: Created 1351ef787c0.
Sept. 13, 2026 4:25:27 AM com.jme3.bullet.objects.PhysicsRigidBody rebuildRigidBody
INFORMATION: Created 1351ef7ae00.
Sept. 13, 2026 4:25:27 AM com.jme3.bullet.objects.PhysicsRigidBody rebuildRigidBody
INFORMATION: Created 1351ef78490.
Sept. 13, 2026 4:25:27 AM com.jme3.bullet.objects.PhysicsRigidBody rebuildRigidBody
INFORMATION: Created 1351b1a2ad0.
Sept. 13, 2026 4:25:27 AM com.jme3.bullet.objects.PhysicsRigidBody rebuildRigidBody
INFORMATION: Created 1351b1a4de0.
Sept. 13, 2026 4:25:27 AM com.jme3.bullet.objects.PhysicsRigidBody rebuildRigidBody
INFORMATION: Created 1351b1a5110.
Sept. 13, 2026 4:25:27 AM com.jme3.bullet.objects.PhysicsRigidBody rebuildRigidBody
INFORMATION: Created 1351b1a5aa0.
Sept. 13, 2026 4:25:27 AM com.jme3.bullet.objects.PhysicsRigidBody rebuildRigidBody
INFORMATION: Created 1351b1a4120.
Sept. 13, 2026 4:25:27 AM com.jme3.bullet.objects.PhysicsRigidBody rebuildRigidBody
INFORMATION: Created 1351b1a4450.
Sept. 13, 2026 4:25:27 AM com.jme3.bullet.objects.PhysicsRigidBody rebuildRigidBody
INFORMATION: Created 1351b1a2470.
Sept. 13, 2026 4:25:27 AM com.jme3.bullet.objects.PhysicsRigidBody rebuildRigidBody
INFORMATION: Created 1351b1a5440.
Sept. 13, 2026 4:25:27 AM com.jme3.bullet.objects.PhysicsRigidBody rebuildRigidBody
INFORMATION: Created 1351b1a6100.
Sept. 13, 2026 4:25:27 AM com.jme3.bullet.objects.PhysicsRigidBody rebuildRigidBody
INFORMATION: Created 1351b1a5770.
Sept. 13, 2026 4:25:27 AM com.jme3.bullet.objects.PhysicsRigidBody rebuildRigidBody
INFORMATION: Created 1351b1a4780.
Sept. 13, 2026 4:25:27 AM com.jme3.bullet.objects.PhysicsRigidBody rebuildRigidBody
INFORMATION: Created 1351b1a4ab0.
Sept. 13, 2026 4:25:27 AM com.jme3.bullet.objects.PhysicsRigidBody rebuildRigidBody
INFORMATION: Created 1351b1a5dd0.
Sept. 13, 2026 4:25:27 AM com.jme3.bullet.objects.PhysicsRigidBody rebuildRigidBody
INFORMATION: Created 1351b1a6430.
Sept. 13, 2026 4:25:27 AM com.jme3.bullet.objects.PhysicsRigidBody rebuildRigidBody
INFORMATION: Created 1351b1a3460.
Sept. 13, 2026 4:25:27 AM com.jme3.bullet.objects.PhysicsRigidBody rebuildRigidBody
INFORMATION: Created 1351b1a27a0.
Sept. 13, 2026 4:25:27 AM com.jme3.bullet.objects.PhysicsRigidBody rebuildRigidBody
INFORMATION: Created 1351b1a3790.
Sept. 13, 2026 4:25:27 AM com.jme3.bullet.objects.PhysicsRigidBody rebuildRigidBody
INFORMATION: Created 1351b1a6760.
Sept. 13, 2026 4:25:27 AM com.jme3.bullet.objects.PhysicsRigidBody rebuildRigidBody
INFORMATION: Created 1351b1a3df0.
Sept. 13, 2026 4:25:27 AM com.jme3.bullet.objects.PhysicsRigidBody rebuildRigidBody
INFORMATION: Created 1351b1a6a90.
Sept. 13, 2026 4:25:27 AM com.jme3.bullet.objects.PhysicsRigidBody rebuildRigidBody
INFORMATION: Created 1351b1a2e00.
Sept. 13, 2026 4:25:27 AM com.jme3.bullet.objects.PhysicsRigidBody rebuildRigidBody
INFORMATION: Created 1351b1a6dc0.
Sept. 13, 2026 4:25:27 AM com.jme3.bullet.objects.PhysicsRigidBody rebuildRigidBody
INFORMATION: Created 1351b1a3130.
Sept. 13, 2026 4:25:27 AM com.jme3.bullet.objects.PhysicsRigidBody rebuildRigidBody
INFORMATION: Created 1351b1a7750.
Sept. 13, 2026 4:25:27 AM com.jme3.bullet.objects.PhysicsRigidBody rebuildRigidBody
INFORMATION: Created 1351b1a3ac0.
Sept. 13, 2026 4:25:27 AM com.jme3.bullet.objects.PhysicsRigidBody rebuildRigidBody
INFORMATION: Created 1351b1a70f0.
Sept. 13, 2026 4:25:27 AM com.jme3.bullet.objects.PhysicsRigidBody rebuildRigidBody
INFORMATION: Created 1351b1a7420.
Sept. 13, 2026 4:25:27 AM com.jme3.bullet.objects.PhysicsRigidBody rebuildRigidBody
INFORMATION: Created 1351b1aa0c0.
Sept. 13, 2026 4:25:27 AM com.jme3.bullet.objects.PhysicsRigidBody rebuildRigidBody
INFORMATION: Created 1351b1a7a80.
Sept. 13, 2026 4:25:27 AM com.jme3.bullet.objects.PhysicsRigidBody rebuildRigidBody
INFORMATION: Created 1351b1a9400.
Sept. 13, 2026 4:25:27 AM com.jme3.bullet.objects.PhysicsRigidBody rebuildRigidBody
INFORMATION: Created 1351b1a7db0.
Sept. 13, 2026 4:25:27 AM com.jme3.bullet.objects.PhysicsRigidBody rebuildRigidBody
INFORMATION: Created 1351b1a8a70.
Sept. 13, 2026 4:25:27 AM com.jme3.bullet.objects.PhysicsRigidBody rebuildRigidBody
INFORMATION: Created 1351b1a8da0.
Sept. 13, 2026 4:25:27 AM com.jme3.bullet.objects.PhysicsRigidBody rebuildRigidBody
INFORMATION: Created 1351b1a80e0.
Sept. 13, 2026 4:25:27 AM com.jme3.bullet.objects.PhysicsRigidBody rebuildRigidBody
INFORMATION: Created 1351b1a8410.
Sept. 13, 2026 4:25:27 AM com.jme3.bullet.objects.PhysicsRigidBody rebuildRigidBody
INFORMATION: Created 1351b1a8740.
Sept. 13, 2026 4:25:27 AM com.jme3.bullet.objects.PhysicsRigidBody rebuildRigidBody
INFORMATION: Created 1351b1a9730.
Sept. 13, 2026 4:25:27 AM com.jme3.bullet.objects.PhysicsRigidBody rebuildRigidBody
INFORMATION: Created 1351b1a90d0.
Sept. 13, 2026 4:25:27 AM com.jme3.bullet.objects.PhysicsRigidBody rebuildRigidBody
INFORMATION: Created 1351b1a9a60.
Sept. 13, 2026 4:25:27 AM com.jme3.bullet.objects.PhysicsRigidBody rebuildRigidBody
INFORMATION: Created 135227bb3a0.
Sept. 13, 2026 4:25:27 AM com.jme3.bullet.objects.PhysicsRigidBody rebuildRigidBody
INFORMATION: Created 135227bba00.
Sept. 13, 2026 4:25:27 AM com.jme3.bullet.objects.PhysicsRigidBody rebuildRigidBody
INFORMATION: Created 135227be6a0.
Sept. 13, 2026 4:25:27 AM com.jme3.bullet.objects.PhysicsRigidBody rebuildRigidBody
INFORMATION: Created 135227bb6d0.
Sept. 13, 2026 4:25:27 AM com.jme3.bullet.objects.PhysicsRigidBody rebuildRigidBody
INFORMATION: Created 135227bd380.
Sept. 13, 2026 4:25:27 AM com.jme3.bullet.objects.PhysicsRigidBody rebuildRigidBody
INFORMATION: Created 135227be9d0.
Sept. 13, 2026 4:25:27 AM com.jme3.bullet.objects.PhysicsRigidBody rebuildRigidBody
INFORMATION: Created 135227bb070.
Sept. 13, 2026 4:25:27 AM com.jme3.bullet.objects.PhysicsRigidBody rebuildRigidBody
INFORMATION: Created 135227bbd30.
Sept. 13, 2026 4:25:27 AM com.jme3.bullet.objects.PhysicsRigidBody rebuildRigidBody
INFORMATION: Created 135227bf360.
Sept. 13, 2026 4:25:27 AM com.jme3.bullet.objects.PhysicsRigidBody rebuildRigidBody
INFORMATION: Created 135227bd6b0.
[GAME] Der Aschenthron
Sept. 13, 2026 4:25:27 AM com.jme3.anim.SkinningControl controlRender
INFORMATION: Hardware skinning engaged for Scene (Node)
Sept. 13, 2026 4:25:27 AM com.jme3.anim.SkinningControl controlRender
INFORMATION: Hardware skinning engaged for Scene (Node)
Sept. 13, 2026 4:25:27 AM com.jme3.anim.SkinningControl controlRender
INFORMATION: Hardware skinning engaged for Scene (Node)
Sept. 13, 2026 4:25:27 AM com.jme3.anim.SkinningControl controlRender
INFORMATION: Hardware skinning engaged for Scene (Node)
[SMOKE] stage 21
[CHECK] Keeper key opens throne
[CHECK] Prisoner rescue weakens boss
[GAME] Ork-Brecher besiegt  +70 EP  +13 Gold
[GAME] Aschenrufer besiegt  +65 EP  +23 Gold
[GAME] STUFE 8  -  Fähigkeitspunkt erhalten [K]
[GAME] Auftrag erfüllt: Erinnerung an die Fünf  +220 EP
[GAME] ORK-KÖNIG  -  PHASE 2  |  Die Erde bebt
[SMOKE] stage 22
[CHECK] Boss enters second phase (mode PLAYING, hero 245.0, king 792.0 / 1200.0 state CHASE)
[CHECK] Death clip runs once and holds
[CHECK] Dead enemy lies on the floor
[CHECK] Death clip runs once and holds
[CHECK] Dead enemy lies on the floor
[GAME] ORK-KÖNIG  -  PHASE 3  |  Die Krone brennt
[SMOKE] stage 23
[CHECK] Boss enters third phase
[GAME] Ork-König besiegt  +500 EP  +100 Gold
[GAME] Die Krone faellt. Dein Urteil steht noch aus.
[GAME] Auftrag erfüllt: Unter einer Aschenkrone  +500 EP
[GAME] Stufe 9 erreicht! K: Fähigkeiten verbessern.
[SMOKE] stage 24
[CHECK] Boss death unlocks epilogue
[GAME] Auftrag erfüllt: Was vom Feuer bleibt  +0 EP
[CHECK] Seal ending plays its closing sequence
[CHECK] All ten quests can be completed
[SMOKE] stage 25
[CHECK] Closing sequence shows its subtitles
[CHECK] Closing sequence circles the throne
[CHECK] Closing sequence ends on the Ending page
[CHECK] Alternative crown ending has its own sequence
[SMOKE] stage 26
Sept. 13, 2026 4:25:42 AM com.jme3.bullet.objects.PhysicsRigidBody rebuildRigidBody
INFORMATION: Created 135227bc060.
Sept. 13, 2026 4:25:42 AM com.jme3.bullet.objects.PhysicsRigidBody rebuildRigidBody
INFORMATION: Created 135227bc390.
Sept. 13, 2026 4:25:42 AM com.jme3.bullet.objects.PhysicsRigidBody rebuildRigidBody
INFORMATION: Created 135227bd9e0.
Sept. 13, 2026 4:25:42 AM com.jme3.bullet.objects.PhysicsRigidBody rebuildRigidBody
INFORMATION: Created 135227bdd10.
Sept. 13, 2026 4:25:42 AM com.jme3.bullet.objects.PhysicsRigidBody rebuildRigidBody
INFORMATION: Created 135227c0020.
Sept. 13, 2026 4:25:42 AM com.jme3.bullet.objects.PhysicsRigidBody rebuildRigidBody
INFORMATION: Created 135227c0350.
Sept. 13, 2026 4:25:42 AM com.jme3.bullet.objects.PhysicsRigidBody rebuildRigidBody
INFORMATION: Created 135227bed00.
Sept. 13, 2026 4:25:42 AM com.jme3.bullet.objects.PhysicsRigidBody rebuildRigidBody
INFORMATION: Created 135227be040.
Sept. 13, 2026 4:25:42 AM com.jme3.bullet.objects.PhysicsRigidBody rebuildRigidBody
INFORMATION: Created 135227be370.
Sept. 13, 2026 4:25:42 AM com.jme3.bullet.objects.PhysicsRigidBody rebuildRigidBody
INFORMATION: Created 135227bc6c0.
Sept. 13, 2026 4:25:42 AM com.jme3.bullet.objects.PhysicsRigidBody rebuildRigidBody
INFORMATION: Created 135227bf030.
Sept. 13, 2026 4:25:42 AM com.jme3.bullet.objects.PhysicsRigidBody rebuildRigidBody
INFORMATION: Created 135227bf9c0.
Sept. 13, 2026 4:25:42 AM com.jme3.bullet.objects.PhysicsRigidBody rebuildRigidBody
INFORMATION: Created 135227c0680.
Sept. 13, 2026 4:25:42 AM com.jme3.bullet.objects.PhysicsRigidBody rebuildRigidBody
INFORMATION: Created 135227bf690.
Sept. 13, 2026 4:25:42 AM com.jme3.bullet.objects.PhysicsRigidBody rebuildRigidBody
INFORMATION: Created 135227bfcf0.
Sept. 13, 2026 4:25:42 AM com.jme3.bullet.objects.PhysicsRigidBody rebuildRigidBody
INFORMATION: Created 135227bc9f0.
Sept. 13, 2026 4:25:42 AM com.jme3.bullet.objects.PhysicsRigidBody rebuildRigidBody
INFORMATION: Created 135227c09b0.
Sept. 13, 2026 4:25:42 AM com.jme3.bullet.objects.PhysicsRigidBody rebuildRigidBody
INFORMATION: Created 135227c0ce0.
Sept. 13, 2026 4:25:42 AM com.jme3.bullet.objects.PhysicsRigidBody rebuildRigidBody
INFORMATION: Created 135227c1010.
Sept. 13, 2026 4:25:42 AM com.jme3.bullet.objects.PhysicsRigidBody rebuildRigidBody
INFORMATION: Created 135227c1340.
Sept. 13, 2026 4:25:42 AM com.jme3.bullet.objects.PhysicsRigidBody rebuildRigidBody
INFORMATION: Created 135227c19a0.
Sept. 13, 2026 4:25:42 AM com.jme3.bullet.objects.PhysicsRigidBody rebuildRigidBody
INFORMATION: Created 135227c1670.
Sept. 13, 2026 4:25:42 AM com.jme3.bullet.objects.PhysicsRigidBody rebuildRigidBody
INFORMATION: Created 135227c2000.
Sept. 13, 2026 4:25:42 AM com.jme3.bullet.objects.PhysicsRigidBody rebuildRigidBody
INFORMATION: Created 135227c1cd0.
Sept. 13, 2026 4:25:42 AM com.jme3.bullet.objects.PhysicsRigidBody rebuildRigidBody
INFORMATION: Created 135227c2330.
Sept. 13, 2026 4:25:42 AM com.jme3.bullet.objects.PhysicsRigidBody rebuildRigidBody
INFORMATION: Created 135227c2660.
Sept. 13, 2026 4:25:42 AM com.jme3.bullet.objects.PhysicsRigidBody rebuildRigidBody
INFORMATION: Created 135227c2cc0.
Sept. 13, 2026 4:25:42 AM com.jme3.bullet.objects.PhysicsRigidBody rebuildRigidBody
INFORMATION: Created 135227c2990.
Sept. 13, 2026 4:25:42 AM com.jme3.bullet.objects.PhysicsRigidBody rebuildRigidBody
INFORMATION: Created 13522aa2f90.
Sept. 13, 2026 4:25:42 AM com.jme3.bullet.objects.PhysicsRigidBody rebuildRigidBody
INFORMATION: Created 13522aa32c0.
Sept. 13, 2026 4:25:42 AM com.jme3.bullet.objects.PhysicsRigidBody rebuildRigidBody
INFORMATION: Created 13522aa42b0.
Sept. 13, 2026 4:25:42 AM com.jme3.bullet.objects.PhysicsRigidBody rebuildRigidBody
INFORMATION: Created 13522aa0c80.
Sept. 13, 2026 4:25:42 AM com.jme3.bullet.objects.PhysicsRigidBody rebuildRigidBody
INFORMATION: Created 13522aa2c60.
Sept. 13, 2026 4:25:42 AM com.jme3.bullet.objects.PhysicsRigidBody rebuildRigidBody
INFORMATION: Created 13522aa45e0.
Sept. 13, 2026 4:25:42 AM com.jme3.bullet.objects.PhysicsRigidBody rebuildRigidBody
INFORMATION: Created 13522aa1fa0.
Sept. 13, 2026 4:25:42 AM com.jme3.bullet.objects.PhysicsRigidBody rebuildRigidBody
INFORMATION: Created 13522aa22d0.
Sept. 13, 2026 4:25:42 AM com.jme3.bullet.objects.PhysicsRigidBody rebuildRigidBody
INFORMATION: Created 13522aa2600.
Sept. 13, 2026 4:25:42 AM com.jme3.bullet.objects.PhysicsRigidBody rebuildRigidBody
INFORMATION: Created 13522aa1610.
Sept. 13, 2026 4:25:42 AM com.jme3.bullet.objects.PhysicsRigidBody rebuildRigidBody
INFORMATION: Created 13522aa2930.
Sept. 13, 2026 4:25:42 AM com.jme3.bullet.objects.PhysicsRigidBody rebuildRigidBody
INFORMATION: Created 13522aa35f0.
Sept. 13, 2026 4:25:42 AM com.jme3.bullet.objects.PhysicsRigidBody rebuildRigidBody
INFORMATION: Created 13522aa3920.
Sept. 13, 2026 4:25:42 AM com.jme3.bullet.objects.PhysicsRigidBody rebuildRigidBody
INFORMATION: Created 13522aa0fb0.
Sept. 13, 2026 4:25:42 AM com.jme3.bullet.objects.PhysicsRigidBody rebuildRigidBody
INFORMATION: Created 13522aa4910.
Sept. 13, 2026 4:25:42 AM com.jme3.bullet.objects.PhysicsRigidBody rebuildRigidBody
INFORMATION: Created 13522aa3c50.
Sept. 13, 2026 4:25:42 AM com.jme3.bullet.objects.PhysicsRigidBody rebuildRigidBody
INFORMATION: Created 13522aa3f80.
Sept. 13, 2026 4:25:42 AM com.jme3.bullet.objects.PhysicsRigidBody rebuildRigidBody
INFORMATION: Created 13522aa4c40.
Sept. 13, 2026 4:25:42 AM com.jme3.bullet.objects.PhysicsRigidBody rebuildRigidBody
INFORMATION: Created 13522aa4f70.
Sept. 13, 2026 4:25:42 AM com.jme3.bullet.objects.PhysicsRigidBody rebuildRigidBody
INFORMATION: Created 13522aa12e0.
Sept. 13, 2026 4:25:42 AM com.jme3.bullet.objects.PhysicsRigidBody rebuildRigidBody
INFORMATION: Created 13522aa52a0.
Sept. 13, 2026 4:25:42 AM com.jme3.bullet.objects.PhysicsRigidBody rebuildRigidBody
INFORMATION: Created 13522aa1940.
Sept. 13, 2026 4:25:42 AM com.jme3.bullet.objects.PhysicsRigidBody rebuildRigidBody
INFORMATION: Created 13522aa1c70.
Sept. 13, 2026 4:25:42 AM com.jme3.bullet.objects.PhysicsRigidBody rebuildRigidBody
INFORMATION: Created 13522aa5c30.
Sept. 13, 2026 4:25:42 AM com.jme3.bullet.objects.PhysicsRigidBody rebuildRigidBody
INFORMATION: Created 13522aa5f60.
Sept. 13, 2026 4:25:42 AM com.jme3.bullet.objects.PhysicsRigidBody rebuildRigidBody
INFORMATION: Created 13522aa6290.
Sept. 13, 2026 4:25:42 AM com.jme3.bullet.objects.PhysicsRigidBody rebuildRigidBody
INFORMATION: Created 13522aa65c0.
Sept. 13, 2026 4:25:42 AM com.jme3.bullet.objects.PhysicsRigidBody rebuildRigidBody
INFORMATION: Created 13522aa68f0.
Sept. 13, 2026 4:25:42 AM com.jme3.bullet.objects.PhysicsRigidBody rebuildRigidBody
INFORMATION: Created 13522a8a120.
Sept. 13, 2026 4:25:42 AM com.jme3.bullet.objects.PhysicsRigidBody rebuildRigidBody
INFORMATION: Created 13522a87ae0.
Sept. 13, 2026 4:25:42 AM com.jme3.bullet.objects.PhysicsRigidBody rebuildRigidBody
INFORMATION: Created 13522a877b0.
Sept. 13, 2026 4:25:42 AM com.jme3.bullet.objects.PhysicsRigidBody rebuildRigidBody
INFORMATION: Created 13522a8a450.
Sept. 13, 2026 4:25:42 AM com.jme3.bullet.objects.PhysicsRigidBody rebuildRigidBody
INFORMATION: Created 13522a8ade0.
Sept. 13, 2026 4:25:42 AM com.jme3.bullet.objects.PhysicsRigidBody rebuildRigidBody
INFORMATION: Created 13522a89df0.
Sept. 13, 2026 4:25:42 AM com.jme3.bullet.objects.PhysicsRigidBody rebuildRigidBody
INFORMATION: Created 13522a8a780.
Sept. 13, 2026 4:25:42 AM com.jme3.bullet.objects.PhysicsRigidBody rebuildRigidBody
INFORMATION: Created 13522a87e10.
Sept. 13, 2026 4:25:42 AM com.jme3.bullet.objects.PhysicsRigidBody rebuildRigidBody
INFORMATION: Created 13522a88ad0.
Sept. 13, 2026 4:25:42 AM com.jme3.bullet.objects.PhysicsRigidBody rebuildRigidBody
INFORMATION: Created 13522a89ac0.
Sept. 13, 2026 4:25:42 AM com.jme3.bullet.objects.PhysicsRigidBody rebuildRigidBody
INFORMATION: Created 13522a88e00.
Sept. 13, 2026 4:25:42 AM com.jme3.bullet.objects.PhysicsRigidBody rebuildRigidBody
INFORMATION: Created 13522a8aab0.
Sept. 13, 2026 4:25:42 AM com.jme3.bullet.objects.PhysicsRigidBody rebuildRigidBody
INFORMATION: Created 13522a8b110.
Sept. 13, 2026 4:25:42 AM com.jme3.bullet.objects.PhysicsRigidBody rebuildRigidBody
INFORMATION: Created 13522a88140.
Sept. 13, 2026 4:25:42 AM com.jme3.bullet.objects.PhysicsRigidBody rebuildRigidBody
INFORMATION: Created 13522a87480.
Sept. 13, 2026 4:25:42 AM com.jme3.bullet.objects.PhysicsRigidBody rebuildRigidBody
INFORMATION: Created 13522a887a0.
Sept. 13, 2026 4:25:42 AM com.jme3.bullet.objects.PhysicsRigidBody rebuildRigidBody
INFORMATION: Created 13522a8b770.
Sept. 13, 2026 4:25:42 AM com.jme3.bullet.objects.PhysicsRigidBody rebuildRigidBody
INFORMATION: Created 13522a8b440.
Sept. 13, 2026 4:25:42 AM com.jme3.bullet.objects.PhysicsRigidBody rebuildRigidBody
INFORMATION: Created 13522a89790.
Sept. 13, 2026 4:25:42 AM com.jme3.bullet.objects.PhysicsRigidBody rebuildRigidBody
INFORMATION: Created 13522a89460.
Sept. 13, 2026 4:25:42 AM com.jme3.bullet.objects.PhysicsRigidBody rebuildRigidBody
INFORMATION: Created 13522a8baa0.
Sept. 13, 2026 4:25:42 AM com.jme3.bullet.objects.PhysicsRigidBody rebuildRigidBody
INFORMATION: Created 13522a8bdd0.
Sept. 13, 2026 4:25:42 AM com.jme3.bullet.objects.PhysicsRigidBody rebuildRigidBody
INFORMATION: Created 13522a89130.
Sept. 13, 2026 4:25:42 AM com.jme3.bullet.objects.PhysicsRigidBody rebuildRigidBody
INFORMATION: Created 13522a8c100.
Sept. 13, 2026 4:25:42 AM com.jme3.bullet.objects.PhysicsRigidBody rebuildRigidBody
INFORMATION: Created 13522a88470.
Sept. 13, 2026 4:25:42 AM com.jme3.bullet.objects.PhysicsRigidBody rebuildRigidBody
INFORMATION: Created 13522a8d0f0.
Sept. 13, 2026 4:25:42 AM com.jme3.bullet.objects.PhysicsRigidBody rebuildRigidBody
INFORMATION: Created 13522a8d420.
Sept. 13, 2026 4:25:42 AM com.jme3.bullet.objects.PhysicsRigidBody rebuildRigidBody
INFORMATION: Created 13522a8f400.
Sept. 13, 2026 4:25:42 AM com.jme3.bullet.objects.PhysicsRigidBody rebuildRigidBody
INFORMATION: Created 13522a8ca90.
Sept. 13, 2026 4:25:42 AM com.jme3.bullet.objects.PhysicsRigidBody rebuildRigidBody
INFORMATION: Created 13522a8c760.
Sept. 13, 2026 4:25:42 AM com.jme3.bullet.objects.PhysicsRigidBody rebuildRigidBody
INFORMATION: Created 13522a8d750.
Sept. 13, 2026 4:25:42 AM com.jme3.bullet.objects.PhysicsRigidBody rebuildRigidBody
INFORMATION: Created 13522a8da80.
Sept. 13, 2026 4:25:42 AM com.jme3.bullet.objects.PhysicsRigidBody rebuildRigidBody
INFORMATION: Created 13522a8ddb0.
Sept. 13, 2026 4:25:42 AM com.jme3.bullet.objects.PhysicsRigidBody rebuildRigidBody
INFORMATION: Created 13522a8e740.
Sept. 13, 2026 4:25:42 AM com.jme3.bullet.objects.PhysicsRigidBody rebuildRigidBody
INFORMATION: Created 13522a8eda0.
Sept. 13, 2026 4:25:42 AM com.jme3.bullet.objects.PhysicsRigidBody rebuildRigidBody
INFORMATION: Created 13522a8fd90.
Sept. 13, 2026 4:25:42 AM com.jme3.bullet.objects.PhysicsRigidBody rebuildRigidBody
INFORMATION: Created 13522a8f0d0.
Sept. 13, 2026 4:25:42 AM com.jme3.bullet.objects.PhysicsRigidBody rebuildRigidBody
INFORMATION: Created 13522a8e0e0.
Sept. 13, 2026 4:25:42 AM com.jme3.bullet.objects.PhysicsRigidBody rebuildRigidBody
INFORMATION: Created 13522a900c0.
Sept. 13, 2026 4:25:42 AM com.jme3.bullet.objects.PhysicsRigidBody rebuildRigidBody
INFORMATION: Created 13522a8e410.
Sept. 13, 2026 4:25:42 AM com.jme3.bullet.objects.PhysicsRigidBody rebuildRigidBody
INFORMATION: Created 13522a8f730.
Sept. 13, 2026 4:25:42 AM com.jme3.bullet.objects.PhysicsRigidBody rebuildRigidBody
INFORMATION: Created 13522a8ea70.
Sept. 13, 2026 4:25:42 AM com.jme3.bullet.objects.PhysicsRigidBody rebuildRigidBody
INFORMATION: Created 13522a8fa60.
Sept. 13, 2026 4:25:42 AM com.jme3.bullet.objects.PhysicsRigidBody rebuildRigidBody
INFORMATION: Created 13522a8c430.
Sept. 13, 2026 4:25:42 AM com.jme3.bullet.objects.PhysicsRigidBody rebuildRigidBody
INFORMATION: Created 13522a903f0.
Sept. 13, 2026 4:25:42 AM com.jme3.bullet.objects.PhysicsRigidBody rebuildRigidBody
INFORMATION: Created 13522a933c0.
Sept. 13, 2026 4:25:42 AM com.jme3.bullet.objects.PhysicsRigidBody rebuildRigidBody
INFORMATION: Created 13522a936f0.
Sept. 13, 2026 4:25:42 AM com.jme3.bullet.objects.PhysicsRigidBody rebuildRigidBody
INFORMATION: Created 13522a91710.
Sept. 13, 2026 4:25:42 AM com.jme3.bullet.objects.PhysicsRigidBody rebuildRigidBody
INFORMATION: Created 13522a92d60.
Sept. 13, 2026 4:25:42 AM com.jme3.bullet.objects.PhysicsRigidBody rebuildRigidBody
INFORMATION: Created 13522a92700.
Sept. 13, 2026 4:25:42 AM com.jme3.bullet.objects.PhysicsRigidBody rebuildRigidBody
INFORMATION: Created 13522a93a20.
Sept. 13, 2026 4:25:42 AM com.jme3.bullet.objects.PhysicsRigidBody rebuildRigidBody
INFORMATION: Created 13522a91a40.
Sept. 13, 2026 4:25:42 AM com.jme3.bullet.objects.PhysicsRigidBody rebuildRigidBody
INFORMATION: Created 13522a93090.
Sept. 13, 2026 4:25:42 AM com.jme3.bullet.objects.PhysicsRigidBody rebuildRigidBody
INFORMATION: Created 13522a93d50.
Sept. 13, 2026 4:25:42 AM com.jme3.bullet.objects.PhysicsRigidBody rebuildRigidBody
INFORMATION: Created 13522a90720.
Sept. 13, 2026 4:25:42 AM com.jme3.bullet.objects.PhysicsRigidBody rebuildRigidBody
INFORMATION: Created 13522a92a30.
Sept. 13, 2026 4:25:42 AM com.jme3.bullet.objects.PhysicsRigidBody rebuildRigidBody
INFORMATION: Created 13522a90a50.
Sept. 13, 2026 4:25:42 AM com.jme3.bullet.objects.PhysicsRigidBody rebuildRigidBody
INFORMATION: Created 13522a91d70.
Sept. 13, 2026 4:25:42 AM com.jme3.bullet.objects.PhysicsRigidBody rebuildRigidBody
INFORMATION: Created 13522a920a0.
Sept. 13, 2026 4:25:42 AM com.jme3.bullet.objects.PhysicsRigidBody rebuildRigidBody
INFORMATION: Created 13522a923d0.
Sept. 13, 2026 4:25:42 AM com.jme3.bullet.objects.PhysicsRigidBody rebuildRigidBody
INFORMATION: Created 13522a94080.
Sept. 13, 2026 4:25:42 AM com.jme3.bullet.objects.PhysicsRigidBody rebuildRigidBody
INFORMATION: Created 13522a96390.
Sept. 13, 2026 4:25:42 AM com.jme3.bullet.objects.PhysicsRigidBody rebuildRigidBody
INFORMATION: Created 13522a976b0.
Sept. 13, 2026 4:25:42 AM com.jme3.bullet.objects.PhysicsRigidBody rebuildRigidBody
INFORMATION: Created 13522a97d10.
Sept. 13, 2026 4:25:42 AM com.jme3.bullet.objects.PhysicsRigidBody rebuildRigidBody
INFORMATION: Created 13522a943b0.
Sept. 13, 2026 4:25:42 AM com.jme3.bullet.objects.PhysicsRigidBody rebuildRigidBody
INFORMATION: Created 13522a94d40.
Sept. 13, 2026 4:25:42 AM com.jme3.bullet.objects.PhysicsRigidBody rebuildRigidBody
INFORMATION: Created 13522a969f0.
Sept. 13, 2026 4:25:42 AM com.jme3.bullet.objects.PhysicsRigidBody rebuildRigidBody
INFORMATION: Created 13522a96060.
Sept. 13, 2026 4:25:42 AM com.jme3.bullet.objects.PhysicsRigidBody rebuildRigidBody
INFORMATION: Created 13522a95a00.
Sept. 13, 2026 4:25:42 AM com.jme3.bullet.objects.PhysicsRigidBody rebuildRigidBody
INFORMATION: Created 13522a979e0.
Sept. 13, 2026 4:25:42 AM com.jme3.bullet.objects.PhysicsRigidBody rebuildRigidBody
INFORMATION: Created 13522a95d30.
Sept. 13, 2026 4:25:42 AM com.jme3.bullet.objects.PhysicsRigidBody rebuildRigidBody
INFORMATION: Created 13522a946e0.
Sept. 13, 2026 4:25:42 AM com.jme3.bullet.objects.PhysicsRigidBody rebuildRigidBody
INFORMATION: Created 13522a94a10.
Sept. 13, 2026 4:25:42 AM com.jme3.bullet.objects.PhysicsRigidBody rebuildRigidBody
INFORMATION: Created 13522a98040.
Sept. 13, 2026 4:25:42 AM com.jme3.bullet.objects.PhysicsRigidBody rebuildRigidBody
INFORMATION: Created 13522a98370.
Sept. 13, 2026 4:25:42 AM com.jme3.bullet.objects.PhysicsRigidBody rebuildRigidBody
INFORMATION: Created 13522a966c0.
Sept. 13, 2026 4:25:42 AM com.jme3.bullet.objects.PhysicsRigidBody rebuildRigidBody
INFORMATION: Created 13522a95070.
Sept. 13, 2026 4:25:42 AM com.jme3.bullet.objects.PhysicsRigidBody rebuildRigidBody
INFORMATION: Created 13522a96d20.
Sept. 13, 2026 4:25:42 AM com.jme3.bullet.objects.PhysicsRigidBody rebuildRigidBody
INFORMATION: Created 13522a986a0.
Sept. 13, 2026 4:25:42 AM com.jme3.bullet.objects.PhysicsRigidBody rebuildRigidBody
INFORMATION: Created 13522a97050.
Sept. 13, 2026 4:25:42 AM com.jme3.bullet.objects.PhysicsRigidBody rebuildRigidBody
INFORMATION: Created 13522a97380.
Sept. 13, 2026 4:25:42 AM com.jme3.bullet.objects.PhysicsRigidBody rebuildRigidBody
INFORMATION: Created 13522a989d0.
Sept. 13, 2026 4:25:42 AM com.jme3.bullet.objects.PhysicsRigidBody rebuildRigidBody
INFORMATION: Created 13522a98d00.
Sept. 13, 2026 4:25:42 AM com.jme3.bullet.objects.PhysicsRigidBody rebuildRigidBody
INFORMATION: Created 13522a99030.
Sept. 13, 2026 4:25:42 AM com.jme3.bullet.objects.PhysicsRigidBody rebuildRigidBody
INFORMATION: Created 13522a953a0.
Sept. 13, 2026 4:25:42 AM com.jme3.bullet.objects.PhysicsRigidBody rebuildRigidBody
INFORMATION: Created 13522a99360.
Sept. 13, 2026 4:25:42 AM com.jme3.bullet.objects.PhysicsRigidBody rebuildRigidBody
INFORMATION: Created 13522a956d0.
Sept. 13, 2026 4:25:42 AM com.jme3.bullet.objects.PhysicsRigidBody rebuildRigidBody
INFORMATION: Created 13522a9cff0.
Sept. 13, 2026 4:25:42 AM com.jme3.bullet.objects.PhysicsRigidBody rebuildRigidBody
INFORMATION: Created 13522a99690.
Sept. 13, 2026 4:25:42 AM com.jme3.bullet.objects.PhysicsRigidBody rebuildRigidBody
INFORMATION: Created 13522a9bcd0.
Sept. 13, 2026 4:25:42 AM com.jme3.bullet.objects.PhysicsRigidBody rebuildRigidBody
INFORMATION: Created 13522a9d650.
Sept. 13, 2026 4:25:42 AM com.jme3.bullet.objects.PhysicsRigidBody rebuildRigidBody
INFORMATION: Created 13522a9c000.
Sept. 13, 2026 4:25:42 AM com.jme3.bullet.objects.PhysicsRigidBody rebuildRigidBody
INFORMATION: Created 13522a9a020.
Sept. 13, 2026 4:25:42 AM com.jme3.bullet.objects.PhysicsRigidBody rebuildRigidBody
INFORMATION: Created 13522a9d320.
Sept. 13, 2026 4:25:42 AM com.jme3.bullet.objects.PhysicsRigidBody rebuildRigidBody
INFORMATION: Created 13522a9ccc0.
Sept. 13, 2026 4:25:42 AM com.jme3.bullet.objects.PhysicsRigidBody rebuildRigidBody
INFORMATION: Created 13522a9a350.
[GAME] Willkommen im Ödland. Folge dem Feuer zu Mira. [E]
Sept. 13, 2026 4:25:42 AM com.jme3.anim.SkinningControl controlRender
INFORMATION: Hardware skinning engaged for Scene (Node)
Sept. 13, 2026 4:25:42 AM com.jme3.anim.SkinningControl controlRender
INFORMATION: Hardware skinning engaged for Scene (Node)
Sept. 13, 2026 4:25:42 AM com.jme3.anim.SkinningControl controlRender
INFORMATION: Hardware skinning engaged for Scene (Node)
Sept. 13, 2026 4:25:42 AM com.jme3.anim.SkinningControl controlRender
INFORMATION: Hardware skinning engaged for Scene (Node)
[SMOKE] stage 27
[CHECK] Camera retracts against walls
Sept. 13, 2026 4:25:44 AM com.jme3.bullet.objects.PhysicsRigidBody rebuildRigidBody
INFORMATION: Created 13522a9a680.
Sept. 13, 2026 4:25:44 AM com.jme3.bullet.objects.PhysicsRigidBody rebuildRigidBody
INFORMATION: Created 13522a9c330.
Sept. 13, 2026 4:25:44 AM com.jme3.bullet.objects.PhysicsRigidBody rebuildRigidBody
INFORMATION: Created 13522a9b340.
Sept. 13, 2026 4:25:44 AM com.jme3.bullet.objects.PhysicsRigidBody rebuildRigidBody
INFORMATION: Created 13522a9b670.
Sept. 13, 2026 4:25:44 AM com.jme3.bullet.objects.PhysicsRigidBody rebuildRigidBody
INFORMATION: Created 13522a9c660.
Sept. 13, 2026 4:25:44 AM com.jme3.bullet.objects.PhysicsRigidBody rebuildRigidBody
INFORMATION: Created 13522a9b9a0.
Sept. 13, 2026 4:25:44 AM com.jme3.bullet.objects.PhysicsRigidBody rebuildRigidBody
INFORMATION: Created 13522a9a9b0.
Sept. 13, 2026 4:25:44 AM com.jme3.bullet.objects.PhysicsRigidBody rebuildRigidBody
INFORMATION: Created 13522a9ace0.
Sept. 13, 2026 4:25:44 AM com.jme3.bullet.objects.PhysicsRigidBody rebuildRigidBody
INFORMATION: Created 13522a9b010.
Sept. 13, 2026 4:25:44 AM com.jme3.bullet.objects.PhysicsRigidBody rebuildRigidBody
INFORMATION: Created 13522a9c990.
Sept. 13, 2026 4:25:44 AM com.jme3.bullet.objects.PhysicsRigidBody rebuildRigidBody
INFORMATION: Created 13522a999c0.
Sept. 13, 2026 4:25:44 AM com.jme3.bullet.objects.PhysicsRigidBody rebuildRigidBody
INFORMATION: Created 13522a9d980.
Sept. 13, 2026 4:25:44 AM com.jme3.bullet.objects.PhysicsRigidBody rebuildRigidBody
INFORMATION: Created 13522a99cf0.
Sept. 13, 2026 4:25:44 AM com.jme3.bullet.objects.PhysicsRigidBody rebuildRigidBody
INFORMATION: Created 13522a9dcb0.
Sept. 13, 2026 4:25:44 AM com.jme3.bullet.objects.PhysicsRigidBody rebuildRigidBody
INFORMATION: Created 13522a9ffc0.
Sept. 13, 2026 4:25:44 AM com.jme3.bullet.objects.PhysicsRigidBody rebuildRigidBody
INFORMATION: Created 13522aa0620.
Sept. 13, 2026 4:25:44 AM com.jme3.bullet.objects.PhysicsRigidBody rebuildRigidBody
INFORMATION: Created 13522aa0950.
Sept. 13, 2026 4:25:44 AM com.jme3.bullet.objects.PhysicsRigidBody rebuildRigidBody
INFORMATION: Created 13522a9dfe0.
Sept. 13, 2026 4:25:44 AM com.jme3.bullet.objects.PhysicsRigidBody rebuildRigidBody
INFORMATION: Created 13522a9e310.
Sept. 13, 2026 4:25:44 AM com.jme3.bullet.objects.PhysicsRigidBody rebuildRigidBody
INFORMATION: Created 13522a9e640.
Sept. 13, 2026 4:25:44 AM com.jme3.bullet.objects.PhysicsRigidBody rebuildRigidBody
INFORMATION: Created 13522a9e970.
Sept. 13, 2026 4:25:44 AM com.jme3.bullet.objects.PhysicsRigidBody rebuildRigidBody
INFORMATION: Created 13522a9efd0.
Sept. 13, 2026 4:25:44 AM com.jme3.bullet.objects.PhysicsRigidBody rebuildRigidBody
INFORMATION: Created 13522a9f300.
Sept. 13, 2026 4:25:44 AM com.jme3.bullet.objects.PhysicsRigidBody rebuildRigidBody
INFORMATION: Created 13522a9eca0.
Sept. 13, 2026 4:25:44 AM com.jme3.bullet.objects.PhysicsRigidBody rebuildRigidBody
INFORMATION: Created 13522a9f630.
Sept. 13, 2026 4:25:44 AM com.jme3.bullet.objects.PhysicsRigidBody rebuildRigidBody
INFORMATION: Created 13522a9f960.
Sept. 13, 2026 4:25:44 AM com.jme3.bullet.objects.PhysicsRigidBody rebuildRigidBody
INFORMATION: Created 13522a9fc90.
Sept. 13, 2026 4:25:44 AM com.jme3.bullet.objects.PhysicsRigidBody rebuildRigidBody
INFORMATION: Created 13522aa02f0.
Sept. 13, 2026 4:25:44 AM com.jme3.bullet.objects.PhysicsRigidBody rebuildRigidBody
INFORMATION: Created 1351b5d4690.
Sept. 13, 2026 4:25:44 AM com.jme3.bullet.objects.PhysicsRigidBody rebuildRigidBody
INFORMATION: Created 1351b5d5ce0.
Sept. 13, 2026 4:25:44 AM com.jme3.bullet.objects.PhysicsRigidBody rebuildRigidBody
INFORMATION: Created 1351b5d49c0.
Sept. 13, 2026 4:25:44 AM com.jme3.bullet.objects.PhysicsRigidBody rebuildRigidBody
INFORMATION: Created 1351b5d4cf0.
Sept. 13, 2026 4:25:44 AM com.jme3.bullet.objects.PhysicsRigidBody rebuildRigidBody
INFORMATION: Created 1351b5d4360.
Sept. 13, 2026 4:25:44 AM com.jme3.bullet.objects.PhysicsRigidBody rebuildRigidBody
INFORMATION: Created 1351b5d59b0.
Sept. 13, 2026 4:25:44 AM com.jme3.bullet.objects.PhysicsRigidBody rebuildRigidBody
INFORMATION: Created 1351b5d7330.
Sept. 13, 2026 4:25:44 AM com.jme3.bullet.objects.PhysicsRigidBody rebuildRigidBody
INFORMATION: Created 1351b5d6010.
Sept. 13, 2026 4:25:44 AM com.jme3.bullet.objects.PhysicsRigidBody rebuildRigidBody
INFORMATION: Created 1351b5d6340.
Sept. 13, 2026 4:25:44 AM com.jme3.bullet.objects.PhysicsRigidBody rebuildRigidBody
INFORMATION: Created 1351b5d7cc0.
Sept. 13, 2026 4:25:44 AM com.jme3.bullet.objects.PhysicsRigidBody rebuildRigidBody
INFORMATION: Created 1351b5d6cd0.
Sept. 13, 2026 4:25:44 AM com.jme3.bullet.objects.PhysicsRigidBody rebuildRigidBody
INFORMATION: Created 1351b5d7ff0.
Sept. 13, 2026 4:25:44 AM com.jme3.bullet.objects.PhysicsRigidBody rebuildRigidBody
INFORMATION: Created 1351b5d7660.
Sept. 13, 2026 4:25:44 AM com.jme3.bullet.objects.PhysicsRigidBody rebuildRigidBody
INFORMATION: Created 1351b5d5350.
Sept. 13, 2026 4:25:44 AM com.jme3.bullet.objects.PhysicsRigidBody rebuildRigidBody
INFORMATION: Created 1351b5d7990.
Sept. 13, 2026 4:25:44 AM com.jme3.bullet.objects.PhysicsRigidBody rebuildRigidBody
INFORMATION: Created 1351b5d69a0.
Sept. 13, 2026 4:25:44 AM com.jme3.bullet.objects.PhysicsRigidBody rebuildRigidBody
INFORMATION: Created 1351b5d8320.
Sept. 13, 2026 4:25:44 AM com.jme3.bullet.objects.PhysicsRigidBody rebuildRigidBody
INFORMATION: Created 1351b5d8650.
Sept. 13, 2026 4:25:44 AM com.jme3.bullet.objects.PhysicsRigidBody rebuildRigidBody
INFORMATION: Created 1351b5d8980.
Sept. 13, 2026 4:25:44 AM com.jme3.bullet.objects.PhysicsRigidBody rebuildRigidBody
INFORMATION: Created 1351b5d7000.
Sept. 13, 2026 4:25:44 AM com.jme3.bullet.objects.PhysicsRigidBody rebuildRigidBody
INFORMATION: Created 1351b5d8cb0.
Sept. 13, 2026 4:25:44 AM com.jme3.bullet.objects.PhysicsRigidBody rebuildRigidBody
INFORMATION: Created 1351b5d5020.
Sept. 13, 2026 4:25:44 AM com.jme3.bullet.objects.PhysicsRigidBody rebuildRigidBody
INFORMATION: Created 1351b5d8fe0.
Sept. 13, 2026 4:25:44 AM com.jme3.bullet.objects.PhysicsRigidBody rebuildRigidBody
INFORMATION: Created 1351b5d9310.
Sept. 13, 2026 4:25:44 AM com.jme3.bullet.objects.PhysicsRigidBody rebuildRigidBody
INFORMATION: Created 1351b5d5680.
Sept. 13, 2026 4:25:44 AM com.jme3.bullet.objects.PhysicsRigidBody rebuildRigidBody
INFORMATION: Created 1351b5db2f0.
Sept. 13, 2026 4:25:44 AM com.jme3.bullet.objects.PhysicsRigidBody rebuildRigidBody
INFORMATION: Created 1351b5d9640.
Sept. 13, 2026 4:25:44 AM com.jme3.bullet.objects.PhysicsRigidBody rebuildRigidBody
INFORMATION: Created 1351b5db950.
Sept. 13, 2026 4:25:44 AM com.jme3.bullet.objects.PhysicsRigidBody rebuildRigidBody
INFORMATION: Created 1351b5d9ca0.
Sept. 13, 2026 4:25:44 AM com.jme3.bullet.objects.PhysicsRigidBody rebuildRigidBody
INFORMATION: Created 1351b5db620.
Sept. 13, 2026 4:25:44 AM com.jme3.bullet.objects.PhysicsRigidBody rebuildRigidBody
INFORMATION: Created 1351b5d9970.
Sept. 13, 2026 4:25:44 AM com.jme3.bullet.objects.PhysicsRigidBody rebuildRigidBody
INFORMATION: Created 1351b5dac90.
Sept. 13, 2026 4:25:44 AM com.jme3.bullet.objects.PhysicsRigidBody rebuildRigidBody
INFORMATION: Created 1351b5dbc80.
Sept. 13, 2026 4:25:44 AM com.jme3.bullet.objects.PhysicsRigidBody rebuildRigidBody
INFORMATION: Created 1351b5d9fd0.
Sept. 13, 2026 4:25:44 AM com.jme3.bullet.objects.PhysicsRigidBody rebuildRigidBody
INFORMATION: Created 1351b5da300.
Sept. 13, 2026 4:25:44 AM com.jme3.bullet.objects.PhysicsRigidBody rebuildRigidBody
INFORMATION: Created 1351b5da960.
Sept. 13, 2026 4:25:44 AM com.jme3.bullet.objects.PhysicsRigidBody rebuildRigidBody
INFORMATION: Created 1351b5dafc0.
Sept. 13, 2026 4:25:44 AM com.jme3.bullet.objects.PhysicsRigidBody rebuildRigidBody
INFORMATION: Created 1351b5dbfb0.
Sept. 13, 2026 4:25:44 AM com.jme3.bullet.objects.PhysicsRigidBody rebuildRigidBody
INFORMATION: Created 1351ac76d80.
Sept. 13, 2026 4:25:44 AM com.jme3.bullet.objects.PhysicsRigidBody rebuildRigidBody
INFORMATION: Created 1351ac773e0.
Sept. 13, 2026 4:25:44 AM com.jme3.bullet.objects.PhysicsRigidBody rebuildRigidBody
INFORMATION: Created 1351ac74da0.
Sept. 13, 2026 4:25:44 AM com.jme3.bullet.objects.PhysicsRigidBody rebuildRigidBody
INFORMATION: Created 1351ac76720.
Sept. 13, 2026 4:25:44 AM com.jme3.bullet.objects.PhysicsRigidBody rebuildRigidBody
INFORMATION: Created 1351ac74740.
Sept. 13, 2026 4:25:44 AM com.jme3.bullet.objects.PhysicsRigidBody rebuildRigidBody
INFORMATION: Created 1351ac770b0.
Sept. 13, 2026 4:25:44 AM com.jme3.bullet.objects.PhysicsRigidBody rebuildRigidBody
INFORMATION: Created 1351ac74a70.
Sept. 13, 2026 4:25:44 AM com.jme3.bullet.objects.PhysicsRigidBody rebuildRigidBody
INFORMATION: Created 1351ac750d0.
Sept. 13, 2026 4:25:44 AM com.jme3.bullet.objects.PhysicsRigidBody rebuildRigidBody
INFORMATION: Created 1351ac75400.
Sept. 13, 2026 4:25:44 AM com.jme3.bullet.objects.PhysicsRigidBody rebuildRigidBody
INFORMATION: Created 1351ac75a60.
Sept. 13, 2026 4:25:44 AM com.jme3.bullet.objects.PhysicsRigidBody rebuildRigidBody
INFORMATION: Created 1351ac763f0.
Sept. 13, 2026 4:25:44 AM com.jme3.bullet.objects.PhysicsRigidBody rebuildRigidBody
INFORMATION: Created 1351ac76a50.
Sept. 13, 2026 4:25:44 AM com.jme3.bullet.objects.PhysicsRigidBody rebuildRigidBody
INFORMATION: Created 13524443170.
Sept. 13, 2026 4:25:44 AM com.jme3.bullet.objects.PhysicsRigidBody rebuildRigidBody
INFORMATION: Created 13524447130.
Sept. 13, 2026 4:25:44 AM com.jme3.bullet.objects.PhysicsRigidBody rebuildRigidBody
INFORMATION: Created 135244434a0.
Sept. 13, 2026 4:25:44 AM com.jme3.bullet.objects.PhysicsRigidBody rebuildRigidBody
INFORMATION: Created 13524447460.
Sept. 13, 2026 4:25:44 AM com.jme3.bullet.objects.PhysicsRigidBody rebuildRigidBody
INFORMATION: Created 13524447790.
Sept. 13, 2026 4:25:44 AM com.jme3.bullet.objects.PhysicsRigidBody rebuildRigidBody
INFORMATION: Created 13524443b00.
Sept. 13, 2026 4:25:44 AM com.jme3.bullet.objects.PhysicsRigidBody rebuildRigidBody
INFORMATION: Created 13524447ac0.
Sept. 13, 2026 4:25:44 AM com.jme3.bullet.objects.PhysicsRigidBody rebuildRigidBody
INFORMATION: Created 13524447df0.
Sept. 13, 2026 4:25:44 AM com.jme3.bullet.objects.PhysicsRigidBody rebuildRigidBody
INFORMATION: Created 13524448120.
Sept. 13, 2026 4:25:44 AM com.jme3.bullet.objects.PhysicsRigidBody rebuildRigidBody
INFORMATION: Created 13524448450.
Sept. 13, 2026 4:25:44 AM com.jme3.bullet.objects.PhysicsRigidBody rebuildRigidBody
INFORMATION: Created 13524448ab0.
Sept. 13, 2026 4:25:44 AM com.jme3.bullet.objects.PhysicsRigidBody rebuildRigidBody
INFORMATION: Created 13524448780.
Sept. 13, 2026 4:25:44 AM com.jme3.bullet.objects.PhysicsRigidBody rebuildRigidBody
INFORMATION: Created 1351e819dc0.
Sept. 13, 2026 4:25:44 AM com.jme3.bullet.objects.PhysicsRigidBody rebuildRigidBody
INFORMATION: Created 1351e818770.
Sept. 13, 2026 4:25:44 AM com.jme3.bullet.objects.PhysicsRigidBody rebuildRigidBody
INFORMATION: Created 1351e819760.
Sept. 13, 2026 4:25:44 AM com.jme3.bullet.objects.PhysicsRigidBody rebuildRigidBody
INFORMATION: Created 1351e81a0f0.
Sept. 13, 2026 4:25:44 AM com.jme3.bullet.objects.PhysicsRigidBody rebuildRigidBody
INFORMATION: Created 1351e81aa80.
Sept. 13, 2026 4:25:44 AM com.jme3.bullet.objects.PhysicsRigidBody rebuildRigidBody
INFORMATION: Created 1351e81adb0.
Sept. 13, 2026 4:25:44 AM com.jme3.bullet.objects.PhysicsRigidBody rebuildRigidBody
INFORMATION: Created 1351b6111b0.
Sept. 13, 2026 4:25:44 AM com.jme3.bullet.objects.PhysicsRigidBody rebuildRigidBody
INFORMATION: Created 1351b60e1e0.
Sept. 13, 2026 4:25:44 AM com.jme3.bullet.objects.PhysicsRigidBody rebuildRigidBody
INFORMATION: Created 1351b611810.
Sept. 13, 2026 4:25:44 AM com.jme3.bullet.objects.PhysicsRigidBody rebuildRigidBody
INFORMATION: Created 1351b6101c0.
Sept. 13, 2026 4:25:44 AM com.jme3.bullet.objects.PhysicsRigidBody rebuildRigidBody
INFORMATION: Created 1351b60fe90.
Sept. 13, 2026 4:25:44 AM com.jme3.bullet.objects.PhysicsRigidBody rebuildRigidBody
INFORMATION: Created 1351b60f500.
Sept. 13, 2026 4:25:44 AM com.jme3.bullet.objects.PhysicsRigidBody rebuildRigidBody
INFORMATION: Created 1351b60eb70.
Sept. 13, 2026 4:25:44 AM com.jme3.bullet.objects.PhysicsRigidBody rebuildRigidBody
INFORMATION: Created 1351b6104f0.
Sept. 13, 2026 4:25:44 AM com.jme3.bullet.objects.PhysicsRigidBody rebuildRigidBody
INFORMATION: Created 1351b610b50.
Sept. 13, 2026 4:25:44 AM com.jme3.bullet.objects.PhysicsRigidBody rebuildRigidBody
INFORMATION: Created 1351b610e80.
Sept. 13, 2026 4:25:44 AM com.jme3.bullet.objects.PhysicsRigidBody rebuildRigidBody
INFORMATION: Created 1351b6114e0.
Sept. 13, 2026 4:25:44 AM com.jme3.bullet.objects.PhysicsRigidBody rebuildRigidBody
INFORMATION: Created 1351b611b40.
Sept. 13, 2026 4:25:44 AM com.jme3.bullet.objects.PhysicsRigidBody rebuildRigidBody
INFORMATION: Created 1351b60f1d0.
Sept. 13, 2026 4:25:44 AM com.jme3.bullet.objects.PhysicsRigidBody rebuildRigidBody
INFORMATION: Created 1351b60e840.
Sept. 13, 2026 4:25:44 AM com.jme3.bullet.objects.PhysicsRigidBody rebuildRigidBody
INFORMATION: Created 1351b610820.
Sept. 13, 2026 4:25:44 AM com.jme3.bullet.objects.PhysicsRigidBody rebuildRigidBody
INFORMATION: Created 1351b611e70.
Sept. 13, 2026 4:25:44 AM com.jme3.bullet.objects.PhysicsRigidBody rebuildRigidBody
INFORMATION: Created 1351b6121a0.
Sept. 13, 2026 4:25:44 AM com.jme3.bullet.objects.PhysicsRigidBody rebuildRigidBody
INFORMATION: Created 1351b60e510.
Sept. 13, 2026 4:25:44 AM com.jme3.bullet.objects.PhysicsRigidBody rebuildRigidBody
INFORMATION: Created 1351b60eea0.
Sept. 13, 2026 4:25:44 AM com.jme3.bullet.objects.PhysicsRigidBody rebuildRigidBody
INFORMATION: Created 1351b6124d0.
Sept. 13, 2026 4:25:44 AM com.jme3.bullet.objects.PhysicsRigidBody rebuildRigidBody
INFORMATION: Created 1351b612800.
Sept. 13, 2026 4:25:44 AM com.jme3.bullet.objects.PhysicsRigidBody rebuildRigidBody
INFORMATION: Created 1351b612b30.
Sept. 13, 2026 4:25:44 AM com.jme3.bullet.objects.PhysicsRigidBody rebuildRigidBody
INFORMATION: Created 1351b60fb60.
Sept. 13, 2026 4:25:44 AM com.jme3.bullet.objects.PhysicsRigidBody rebuildRigidBody
INFORMATION: Created 1351b612e60.
Sept. 13, 2026 4:25:44 AM com.jme3.bullet.objects.PhysicsRigidBody rebuildRigidBody
INFORMATION: Created 1351b613190.
Sept. 13, 2026 4:25:44 AM com.jme3.bullet.objects.PhysicsRigidBody rebuildRigidBody
INFORMATION: Created 1351b6134c0.
Sept. 13, 2026 4:25:44 AM com.jme3.bullet.objects.PhysicsRigidBody rebuildRigidBody
INFORMATION: Created 1351b60f830.
Sept. 13, 2026 4:25:44 AM com.jme3.bullet.objects.PhysicsRigidBody rebuildRigidBody
INFORMATION: Created 1351b617480.
Sept. 13, 2026 4:25:44 AM com.jme3.bullet.objects.PhysicsRigidBody rebuildRigidBody
INFORMATION: Created 1351b615b00.
Sept. 13, 2026 4:25:44 AM com.jme3.bullet.objects.PhysicsRigidBody rebuildRigidBody
INFORMATION: Created 1351b615e30.
Sept. 13, 2026 4:25:44 AM com.jme3.bullet.objects.PhysicsRigidBody rebuildRigidBody
INFORMATION: Created 1351b616490.
Sept. 13, 2026 4:25:44 AM com.jme3.bullet.objects.PhysicsRigidBody rebuildRigidBody
INFORMATION: Created 1351b615170.
Sept. 13, 2026 4:25:44 AM com.jme3.bullet.objects.PhysicsRigidBody rebuildRigidBody
INFORMATION: Created 1351b617150.
Sept. 13, 2026 4:25:44 AM com.jme3.bullet.objects.PhysicsRigidBody rebuildRigidBody
INFORMATION: Created 1351b6137f0.
Sept. 13, 2026 4:25:44 AM com.jme3.bullet.objects.PhysicsRigidBody rebuildRigidBody
INFORMATION: Created 1351b616af0.
Sept. 13, 2026 4:25:44 AM com.jme3.bullet.objects.PhysicsRigidBody rebuildRigidBody
INFORMATION: Created 1351b613b20.
Sept. 13, 2026 4:25:44 AM com.jme3.bullet.objects.PhysicsRigidBody rebuildRigidBody
INFORMATION: Created 1351b614b10.
Sept. 13, 2026 4:25:44 AM com.jme3.bullet.objects.PhysicsRigidBody rebuildRigidBody
INFORMATION: Created 1351b6167c0.
Sept. 13, 2026 4:25:44 AM com.jme3.bullet.objects.PhysicsRigidBody rebuildRigidBody
INFORMATION: Created 1351b614e40.
Sept. 13, 2026 4:25:44 AM com.jme3.bullet.objects.PhysicsRigidBody rebuildRigidBody
INFORMATION: Created 1351b614180.
Sept. 13, 2026 4:25:44 AM com.jme3.bullet.objects.PhysicsRigidBody rebuildRigidBody
INFORMATION: Created 1351b616e20.
Sept. 13, 2026 4:25:44 AM com.jme3.bullet.objects.PhysicsRigidBody rebuildRigidBody
INFORMATION: Created 1351b616160.
Sept. 13, 2026 4:25:44 AM com.jme3.bullet.objects.PhysicsRigidBody rebuildRigidBody
INFORMATION: Created 1351b6177b0.
Sept. 13, 2026 4:25:44 AM com.jme3.bullet.objects.PhysicsRigidBody rebuildRigidBody
INFORMATION: Created 1351b617ae0.
Sept. 13, 2026 4:25:44 AM com.jme3.bullet.objects.PhysicsRigidBody rebuildRigidBody
INFORMATION: Created 1351b613e50.
Sept. 13, 2026 4:25:44 AM com.jme3.bullet.objects.PhysicsRigidBody rebuildRigidBody
INFORMATION: Created 1351b617e10.
Sept. 13, 2026 4:25:44 AM com.jme3.bullet.objects.PhysicsRigidBody rebuildRigidBody
INFORMATION: Created 1351b6154a0.
Sept. 13, 2026 4:25:44 AM com.jme3.bullet.objects.PhysicsRigidBody rebuildRigidBody
INFORMATION: Created 1351b6144b0.
Sept. 13, 2026 4:25:44 AM com.jme3.bullet.objects.PhysicsRigidBody rebuildRigidBody
INFORMATION: Created 1351b618140.
Sept. 13, 2026 4:25:44 AM com.jme3.bullet.objects.PhysicsRigidBody rebuildRigidBody
INFORMATION: Created 1351b618470.
Sept. 13, 2026 4:25:44 AM com.jme3.bullet.objects.PhysicsRigidBody rebuildRigidBody
INFORMATION: Created 1351b6147e0.
Sept. 13, 2026 4:25:44 AM com.jme3.bullet.objects.PhysicsRigidBody rebuildRigidBody
INFORMATION: Created 1351b6187a0.
Sept. 13, 2026 4:25:44 AM com.jme3.bullet.objects.PhysicsRigidBody rebuildRigidBody
INFORMATION: Created 1351b6157d0.
Sept. 13, 2026 4:25:44 AM com.jme3.bullet.objects.PhysicsRigidBody rebuildRigidBody
INFORMATION: Created 1351b618ad0.
Sept. 13, 2026 4:25:44 AM com.jme3.bullet.objects.PhysicsRigidBody rebuildRigidBody
INFORMATION: Created 1351b618e00.
Sept. 13, 2026 4:25:44 AM com.jme3.bullet.objects.PhysicsRigidBody rebuildRigidBody
INFORMATION: Created 1351b619df0.
Sept. 13, 2026 4:25:44 AM com.jme3.bullet.objects.PhysicsRigidBody rebuildRigidBody
INFORMATION: Created 1351b619130.
[GAME] Goblin besiegt  +35 EP  +8 Gold
[GAME] Ork-Brecher besiegt  +70 EP  +13 Gold
[GAME] STUFE 2  -  Fähigkeitspunkt erhalten [K]
[GAME] Ork-Brecher besiegt  +70 EP  +13 Gold
[GAME] Ork-Brecher besiegt  +70 EP  +13 Gold
[GAME] Aschenrufer besiegt  +65 EP  +23 Gold
[GAME] STUFE 3  -  Fähigkeitspunkt erhalten [K]
[GAME] Eiserner Wächter besiegt  +115 EP  +18 Gold
[GAME] Eiserner Wächter besiegt  +115 EP  +18 Gold
[GAME] Eiserner Wächter besiegt  +115 EP  +18 Gold
[GAME] STUFE 4  -  Fähigkeitspunkt erhalten [K]
[GAME] Schlüssel des Kerkermeisters erhalten.
[GAME] Auftrag erfüllt: Der letzte Kerkermeister  +160 EP
[GAME] Aschenklinge erhalten. Erens Blick folgt dir.
[GAME] Auftrag erfüllt: Der Preis der Freiheit  +180 EP
[CHECK] Prisoner bargain is mutually exclusive
[CHECK] Bargain grants the unique blade
Sept. 13, 2026 4:25:44 AM com.jme3.bullet.objects.PhysicsRigidBody rebuildRigidBody
INFORMATION: Created 1351b619460.
Sept. 13, 2026 4:25:44 AM com.jme3.bullet.objects.PhysicsRigidBody rebuildRigidBody
INFORMATION: Created 1351b619790.
Sept. 13, 2026 4:25:44 AM com.jme3.bullet.objects.PhysicsRigidBody rebuildRigidBody
INFORMATION: Created 1351b619ac0.
Sept. 13, 2026 4:25:44 AM com.jme3.bullet.objects.PhysicsRigidBody rebuildRigidBody
INFORMATION: Created 1351b61a450.
Sept. 13, 2026 4:25:44 AM com.jme3.bullet.objects.PhysicsRigidBody rebuildRigidBody
INFORMATION: Created 1351b61a120.
Sept. 13, 2026 4:25:44 AM com.jme3.bullet.objects.PhysicsRigidBody rebuildRigidBody
INFORMATION: Created 1351b61a780.
Sept. 13, 2026 4:25:44 AM com.jme3.bullet.objects.PhysicsRigidBody rebuildRigidBody
INFORMATION: Created 1351b61aab0.
Sept. 13, 2026 4:25:44 AM com.jme3.bullet.objects.PhysicsRigidBody rebuildRigidBody
INFORMATION: Created 1351b61ddb0.
Sept. 13, 2026 4:25:44 AM com.jme3.bullet.objects.PhysicsRigidBody rebuildRigidBody
INFORMATION: Created 1351b61da80.
Sept. 13, 2026 4:25:44 AM com.jme3.bullet.objects.PhysicsRigidBody rebuildRigidBody
INFORMATION: Created 1351b61c430.
Sept. 13, 2026 4:25:44 AM com.jme3.bullet.objects.PhysicsRigidBody rebuildRigidBody
INFORMATION: Created 1351b61d0f0.
Sept. 13, 2026 4:25:44 AM com.jme3.bullet.objects.PhysicsRigidBody rebuildRigidBody
INFORMATION: Created 1351b61c100.
Sept. 13, 2026 4:25:44 AM com.jme3.bullet.objects.PhysicsRigidBody rebuildRigidBody
INFORMATION: Created 1351b61e0e0.
Sept. 13, 2026 4:25:44 AM com.jme3.bullet.objects.PhysicsRigidBody rebuildRigidBody
INFORMATION: Created 1351b61c760.
Sept. 13, 2026 4:25:44 AM com.jme3.bullet.objects.PhysicsRigidBody rebuildRigidBody
INFORMATION: Created 1351b61ca90.
Sept. 13, 2026 4:25:44 AM com.jme3.bullet.objects.PhysicsRigidBody rebuildRigidBody
INFORMATION: Created 1351b61cdc0.
Sept. 13, 2026 4:25:44 AM com.jme3.bullet.objects.PhysicsRigidBody rebuildRigidBody
INFORMATION: Created 1351b61e410.
Sept. 13, 2026 4:25:44 AM com.jme3.bullet.objects.PhysicsRigidBody rebuildRigidBody
INFORMATION: Created 1351b61d420.
Sept. 13, 2026 4:25:44 AM com.jme3.bullet.objects.PhysicsRigidBody rebuildRigidBody
INFORMATION: Created 1351b61b110.
Sept. 13, 2026 4:25:44 AM com.jme3.bullet.objects.PhysicsRigidBody rebuildRigidBody
INFORMATION: Created 1351b61d750.
Sept. 13, 2026 4:25:44 AM com.jme3.bullet.objects.PhysicsRigidBody rebuildRigidBody
INFORMATION: Created 1351b61ade0.
Sept. 13, 2026 4:25:44 AM com.jme3.bullet.objects.PhysicsRigidBody rebuildRigidBody
INFORMATION: Created 1351b61e740.
Sept. 13, 2026 4:25:44 AM com.jme3.bullet.objects.PhysicsRigidBody rebuildRigidBody
INFORMATION: Created 1351b61ea70.
Sept. 13, 2026 4:25:44 AM com.jme3.bullet.objects.PhysicsRigidBody rebuildRigidBody
INFORMATION: Created 1351b61eda0.
Sept. 13, 2026 4:25:44 AM com.jme3.bullet.objects.PhysicsRigidBody rebuildRigidBody
INFORMATION: Created 1351b61f0d0.
Sept. 13, 2026 4:25:44 AM com.jme3.bullet.objects.PhysicsRigidBody rebuildRigidBody
INFORMATION: Created 1351b61b440.
Sept. 13, 2026 4:25:44 AM com.jme3.bullet.objects.PhysicsRigidBody rebuildRigidBody
INFORMATION: Created 1351b61b770.
Sept. 13, 2026 4:25:44 AM com.jme3.bullet.objects.PhysicsRigidBody rebuildRigidBody
INFORMATION: Created 1351b61f400.
Sept. 13, 2026 4:25:44 AM com.jme3.bullet.objects.PhysicsRigidBody rebuildRigidBody
INFORMATION: Created 1351b61f730.
Sept. 13, 2026 4:25:44 AM com.jme3.bullet.objects.PhysicsRigidBody rebuildRigidBody
INFORMATION: Created 1351b61baa0.
Sept. 13, 2026 4:25:44 AM com.jme3.bullet.objects.PhysicsRigidBody rebuildRigidBody
INFORMATION: Created 1351b61fa60.
Sept. 13, 2026 4:25:44 AM com.jme3.bullet.objects.PhysicsRigidBody rebuildRigidBody
INFORMATION: Created 1351b61bdd0.
Sept. 13, 2026 4:25:44 AM com.jme3.bullet.objects.PhysicsRigidBody rebuildRigidBody
INFORMATION: Created 1351b6200c0.
Sept. 13, 2026 4:25:44 AM com.jme3.bullet.objects.PhysicsRigidBody rebuildRigidBody
INFORMATION: Created 1351b61fd90.
Sept. 13, 2026 4:25:44 AM com.jme3.bullet.objects.PhysicsRigidBody rebuildRigidBody
INFORMATION: Created 1351b6203f0.
Sept. 13, 2026 4:25:44 AM com.jme3.bullet.objects.PhysicsRigidBody rebuildRigidBody
INFORMATION: Created 1351b620720.
Sept. 13, 2026 4:25:44 AM com.jme3.bullet.objects.PhysicsRigidBody rebuildRigidBody
INFORMATION: Created 1351b620a50.
Sept. 13, 2026 4:25:44 AM com.jme3.bullet.objects.PhysicsRigidBody rebuildRigidBody
INFORMATION: Created 1351b620d80.
Sept. 13, 2026 4:25:44 AM com.jme3.bullet.objects.PhysicsRigidBody rebuildRigidBody
INFORMATION: Created 1351b6210b0.
Sept. 13, 2026 4:25:44 AM com.jme3.bullet.objects.PhysicsRigidBody rebuildRigidBody
INFORMATION: Created 1351b6015e0.
Sept. 13, 2026 4:25:44 AM com.jme3.bullet.objects.PhysicsRigidBody rebuildRigidBody
INFORMATION: Created 1351b604c10.
Sept. 13, 2026 4:25:44 AM com.jme3.bullet.objects.PhysicsRigidBody rebuildRigidBody
INFORMATION: Created 1351b602f60.
Sept. 13, 2026 4:25:44 AM com.jme3.bullet.objects.PhysicsRigidBody rebuildRigidBody
INFORMATION: Created 1351b605270.
Sept. 13, 2026 4:25:44 AM com.jme3.bullet.objects.PhysicsRigidBody rebuildRigidBody
INFORMATION: Created 1351b604f40.
Sept. 13, 2026 4:25:44 AM com.jme3.bullet.objects.PhysicsRigidBody rebuildRigidBody
INFORMATION: Created 1351b6055a0.
Sept. 13, 2026 4:25:44 AM com.jme3.bullet.objects.PhysicsRigidBody rebuildRigidBody
INFORMATION: Created 1351b601910.
Sept. 13, 2026 4:25:44 AM com.jme3.bullet.objects.PhysicsRigidBody rebuildRigidBody
INFORMATION: Created 1351b603290.
Sept. 13, 2026 4:25:44 AM com.jme3.bullet.objects.PhysicsRigidBody rebuildRigidBody
INFORMATION: Created 1351b604280.
Sept. 13, 2026 4:25:44 AM com.jme3.bullet.objects.PhysicsRigidBody rebuildRigidBody
INFORMATION: Created 1351b603f50.
Sept. 13, 2026 4:25:44 AM com.jme3.bullet.objects.PhysicsRigidBody rebuildRigidBody
INFORMATION: Created 1351b6058d0.
Sept. 13, 2026 4:25:44 AM com.jme3.bullet.objects.PhysicsRigidBody rebuildRigidBody
INFORMATION: Created 1351b603c20.
Sept. 13, 2026 4:25:44 AM com.jme3.bullet.objects.PhysicsRigidBody rebuildRigidBody
INFORMATION: Created 1351b601c40.
Sept. 13, 2026 4:25:44 AM com.jme3.bullet.objects.PhysicsRigidBody rebuildRigidBody
INFORMATION: Created 1351b605c00.
Sept. 13, 2026 4:25:44 AM com.jme3.bullet.objects.PhysicsRigidBody rebuildRigidBody
INFORMATION: Created 1351b602900.
Sept. 13, 2026 4:25:44 AM com.jme3.bullet.objects.PhysicsRigidBody rebuildRigidBody
INFORMATION: Created 1351b6038f0.
Sept. 13, 2026 4:25:44 AM com.jme3.bullet.objects.PhysicsRigidBody rebuildRigidBody
INFORMATION: Created 1351b601f70.
Sept. 13, 2026 4:25:44 AM com.jme3.bullet.objects.PhysicsRigidBody rebuildRigidBody
INFORMATION: Created 1351b6045b0.
Sept. 13, 2026 4:25:44 AM com.jme3.bullet.objects.PhysicsRigidBody rebuildRigidBody
INFORMATION: Created 1351b6035c0.
Sept. 13, 2026 4:25:44 AM com.jme3.bullet.objects.PhysicsRigidBody rebuildRigidBody
INFORMATION: Created 1351b6025d0.
Sept. 13, 2026 4:25:44 AM com.jme3.bullet.objects.PhysicsRigidBody rebuildRigidBody
INFORMATION: Created 1351b6048e0.
Sept. 13, 2026 4:25:44 AM com.jme3.bullet.objects.PhysicsRigidBody rebuildRigidBody
INFORMATION: Created 1351b605f30.
Sept. 13, 2026 4:25:44 AM com.jme3.bullet.objects.PhysicsRigidBody rebuildRigidBody
INFORMATION: Created 1351b6022a0.
Sept. 13, 2026 4:25:44 AM com.jme3.bullet.objects.PhysicsRigidBody rebuildRigidBody
INFORMATION: Created 1351b606260.
Sept. 13, 2026 4:25:44 AM com.jme3.bullet.objects.PhysicsRigidBody rebuildRigidBody
INFORMATION: Created 1351b606590.
Sept. 13, 2026 4:25:44 AM com.jme3.bullet.objects.PhysicsRigidBody rebuildRigidBody
INFORMATION: Created 1351b6068c0.
Sept. 13, 2026 4:25:44 AM com.jme3.bullet.objects.PhysicsRigidBody rebuildRigidBody
INFORMATION: Created 1351b602c30.
Sept. 13, 2026 4:25:44 AM com.jme3.bullet.objects.PhysicsRigidBody rebuildRigidBody
INFORMATION: Created 1351b609560.
Sept. 13, 2026 4:25:44 AM com.jme3.bullet.objects.PhysicsRigidBody rebuildRigidBody
INFORMATION: Created 1351b606f20.
Sept. 13, 2026 4:25:44 AM com.jme3.bullet.objects.PhysicsRigidBody rebuildRigidBody
INFORMATION: Created 1351b608570.
Sept. 13, 2026 4:25:44 AM com.jme3.bullet.objects.PhysicsRigidBody rebuildRigidBody
INFORMATION: Created 1351b607f10.
Sept. 13, 2026 4:25:44 AM com.jme3.bullet.objects.PhysicsRigidBody rebuildRigidBody
INFORMATION: Created 1351b607250.
Sept. 13, 2026 4:25:44 AM com.jme3.bullet.objects.PhysicsRigidBody rebuildRigidBody
INFORMATION: Created 1351b6088a0.
Sept. 13, 2026 4:25:44 AM com.jme3.bullet.objects.PhysicsRigidBody rebuildRigidBody
INFORMATION: Created 1351b608bd0.
Sept. 13, 2026 4:25:44 AM com.jme3.bullet.objects.PhysicsRigidBody rebuildRigidBody
INFORMATION: Created 1351b608f00.
Sept. 13, 2026 4:25:44 AM com.jme3.bullet.objects.PhysicsRigidBody rebuildRigidBody
INFORMATION: Created 1351b609230.
Sept. 13, 2026 4:25:44 AM com.jme3.bullet.objects.PhysicsRigidBody rebuildRigidBody
INFORMATION: Created 1351b609890.
Sept. 13, 2026 4:25:44 AM com.jme3.bullet.objects.PhysicsRigidBody rebuildRigidBody
INFORMATION: Created 1351b607580.
Sept. 13, 2026 4:25:44 AM com.jme3.bullet.objects.PhysicsRigidBody rebuildRigidBody
INFORMATION: Created 1351b608240.
Sept. 13, 2026 4:25:44 AM com.jme3.bullet.objects.PhysicsRigidBody rebuildRigidBody
INFORMATION: Created 1351b609bc0.
Sept. 13, 2026 4:25:44 AM com.jme3.bullet.objects.PhysicsRigidBody rebuildRigidBody
INFORMATION: Created 1351b609ef0.
Sept. 13, 2026 4:25:44 AM com.jme3.bullet.objects.PhysicsRigidBody rebuildRigidBody
INFORMATION: Created 1351b60a220.
Sept. 13, 2026 4:25:44 AM com.jme3.bullet.objects.PhysicsRigidBody rebuildRigidBody
INFORMATION: Created 1351b60a550.
Sept. 13, 2026 4:25:44 AM com.jme3.bullet.objects.PhysicsRigidBody rebuildRigidBody
INFORMATION: Created 1351b60a880.
Sept. 13, 2026 4:25:44 AM com.jme3.bullet.objects.PhysicsRigidBody rebuildRigidBody
INFORMATION: Created 1351b606bf0.
Sept. 13, 2026 4:25:44 AM com.jme3.bullet.objects.PhysicsRigidBody rebuildRigidBody
INFORMATION: Created 1351b607be0.
Sept. 13, 2026 4:25:44 AM com.jme3.bullet.objects.PhysicsRigidBody rebuildRigidBody
INFORMATION: Created 1351b60abb0.
Sept. 13, 2026 4:25:44 AM com.jme3.bullet.objects.PhysicsRigidBody rebuildRigidBody
INFORMATION: Created 1351b6078b0.
Sept. 13, 2026 4:25:44 AM com.jme3.bullet.objects.PhysicsRigidBody rebuildRigidBody
INFORMATION: Created 1351b60bba0.
Sept. 13, 2026 4:25:44 AM com.jme3.bullet.objects.PhysicsRigidBody rebuildRigidBody
INFORMATION: Created 1351b60c200.
Sept. 13, 2026 4:25:44 AM com.jme3.bullet.objects.PhysicsRigidBody rebuildRigidBody
INFORMATION: Created 1351b60cec0.
Sept. 13, 2026 4:25:44 AM com.jme3.bullet.objects.PhysicsRigidBody rebuildRigidBody
INFORMATION: Created 1351b60deb0.
Sept. 13, 2026 4:25:44 AM com.jme3.bullet.objects.PhysicsRigidBody rebuildRigidBody
INFORMATION: Created 1351b60d1f0.
Sept. 13, 2026 4:25:44 AM com.jme3.bullet.objects.PhysicsRigidBody rebuildRigidBody
INFORMATION: Created 1351b60aee0.
Sept. 13, 2026 4:25:44 AM com.jme3.bullet.objects.PhysicsRigidBody rebuildRigidBody
INFORMATION: Created 1351b60c860.
Sept. 13, 2026 4:25:44 AM com.jme3.bullet.objects.PhysicsRigidBody rebuildRigidBody
INFORMATION: Created 1351b60d520.
Sept. 13, 2026 4:25:44 AM com.jme3.bullet.objects.PhysicsRigidBody rebuildRigidBody
INFORMATION: Created 1351b60cb90.
Sept. 13, 2026 4:25:44 AM com.jme3.bullet.objects.PhysicsRigidBody rebuildRigidBody
INFORMATION: Created 1351b60b210.
Sept. 13, 2026 4:25:45 AM com.jme3.anim.SkinningControl controlRender
INFORMATION: Hardware skinning engaged for Scene (Node)
Sept. 13, 2026 4:25:45 AM com.jme3.anim.SkinningControl controlRender
INFORMATION: Hardware skinning engaged for Scene (Node)
Sept. 13, 2026 4:25:45 AM com.jme3.anim.SkinningControl controlRender
INFORMATION: Hardware skinning engaged for Scene (Node)
Sept. 13, 2026 4:25:45 AM com.jme3.anim.SkinningControl controlRender
INFORMATION: Hardware skinning engaged for Scene (Node)
[SMOKE] stage 28
[CHECK] Bargain preserves the king's full strength
[SMOKE] stage 29
[CHECK] Death animation reaches Game Over
[CHECK] Hero is on the floor at Game Over
Sept. 13, 2026 4:25:49 AM com.jme3.bullet.objects.PhysicsRigidBody rebuildRigidBody
INFORMATION: Created 1351b60d850.
Sept. 13, 2026 4:25:49 AM com.jme3.bullet.objects.PhysicsRigidBody rebuildRigidBody
INFORMATION: Created 1351b60b540.
Sept. 13, 2026 4:25:49 AM com.jme3.bullet.objects.PhysicsRigidBody rebuildRigidBody
INFORMATION: Created 1351b60c530.
Sept. 13, 2026 4:25:49 AM com.jme3.bullet.objects.PhysicsRigidBody rebuildRigidBody
INFORMATION: Created 1351b60db80.
Sept. 13, 2026 4:25:49 AM com.jme3.bullet.objects.PhysicsRigidBody rebuildRigidBody
INFORMATION: Created 1351b60b870.
Sept. 13, 2026 4:25:49 AM com.jme3.bullet.objects.PhysicsRigidBody rebuildRigidBody
INFORMATION: Created 1351b60bed0.
Sept. 13, 2026 4:25:49 AM com.jme3.bullet.objects.PhysicsRigidBody rebuildRigidBody
INFORMATION: Created 13522aa0c80.
Sept. 13, 2026 4:25:49 AM com.jme3.bullet.objects.PhysicsRigidBody rebuildRigidBody
INFORMATION: Created 13522aa1940.
Sept. 13, 2026 4:25:49 AM com.jme3.bullet.objects.PhysicsRigidBody rebuildRigidBody
INFORMATION: Created 13522aa35f0.
Sept. 13, 2026 4:25:49 AM com.jme3.bullet.objects.PhysicsRigidBody rebuildRigidBody
INFORMATION: Created 13522aa4910.
Sept. 13, 2026 4:25:49 AM com.jme3.bullet.objects.PhysicsRigidBody rebuildRigidBody
INFORMATION: Created 13522aa4c40.
Sept. 13, 2026 4:25:49 AM com.jme3.bullet.objects.PhysicsRigidBody rebuildRigidBody
INFORMATION: Created 13522aa0fb0.
Sept. 13, 2026 4:25:49 AM com.jme3.bullet.objects.PhysicsRigidBody rebuildRigidBody
INFORMATION: Created 13522aa3f80.
Sept. 13, 2026 4:25:49 AM com.jme3.bullet.objects.PhysicsRigidBody rebuildRigidBody
INFORMATION: Created 13522aa32c0.
Sept. 13, 2026 4:25:49 AM com.jme3.bullet.objects.PhysicsRigidBody rebuildRigidBody
INFORMATION: Created 13522aa2600.
Sept. 13, 2026 4:25:49 AM com.jme3.bullet.objects.PhysicsRigidBody rebuildRigidBody
INFORMATION: Created 13522aa4f70.
Sept. 13, 2026 4:25:49 AM com.jme3.bullet.objects.PhysicsRigidBody rebuildRigidBody
INFORMATION: Created 13522aa1610.
Sept. 13, 2026 4:25:49 AM com.jme3.bullet.objects.PhysicsRigidBody rebuildRigidBody
INFORMATION: Created 13522aa2f90.
Sept. 13, 2026 4:25:49 AM com.jme3.bullet.objects.PhysicsRigidBody rebuildRigidBody
INFORMATION: Created 13522aa3920.
Sept. 13, 2026 4:25:49 AM com.jme3.bullet.objects.PhysicsRigidBody rebuildRigidBody
INFORMATION: Created 13522aa3c50.
Sept. 13, 2026 4:25:49 AM com.jme3.bullet.objects.PhysicsRigidBody rebuildRigidBody
INFORMATION: Created 13522aa42b0.
Sept. 13, 2026 4:25:49 AM com.jme3.bullet.objects.PhysicsRigidBody rebuildRigidBody
INFORMATION: Created 13522aa2930.
Sept. 13, 2026 4:25:49 AM com.jme3.bullet.objects.PhysicsRigidBody rebuildRigidBody
INFORMATION: Created 13522aa1c70.
Sept. 13, 2026 4:25:49 AM com.jme3.bullet.objects.PhysicsRigidBody rebuildRigidBody
INFORMATION: Created 13522aa2c60.
Sept. 13, 2026 4:25:49 AM com.jme3.bullet.objects.PhysicsRigidBody rebuildRigidBody
INFORMATION: Created 13522aa1fa0.
Sept. 13, 2026 4:25:49 AM com.jme3.bullet.objects.PhysicsRigidBody rebuildRigidBody
INFORMATION: Created 13522aa45e0.
Sept. 13, 2026 4:25:49 AM com.jme3.bullet.objects.PhysicsRigidBody rebuildRigidBody
INFORMATION: Created 13522aa22d0.
Sept. 13, 2026 4:25:49 AM com.jme3.bullet.objects.PhysicsRigidBody rebuildRigidBody
INFORMATION: Created 13522aa12e0.
Sept. 13, 2026 4:25:49 AM com.jme3.bullet.objects.PhysicsRigidBody rebuildRigidBody
INFORMATION: Created 13522aa52a0.
Sept. 13, 2026 4:25:49 AM com.jme3.bullet.objects.PhysicsRigidBody rebuildRigidBody
INFORMATION: Created 13522aa5c30.
Sept. 13, 2026 4:25:49 AM com.jme3.bullet.objects.PhysicsRigidBody rebuildRigidBody
INFORMATION: Created 13522aa6290.
Sept. 13, 2026 4:25:49 AM com.jme3.bullet.objects.PhysicsRigidBody rebuildRigidBody
INFORMATION: Created 13522aa5f60.
Sept. 13, 2026 4:25:49 AM com.jme3.bullet.objects.PhysicsRigidBody rebuildRigidBody
INFORMATION: Created 13522aa65c0.
Sept. 13, 2026 4:25:49 AM com.jme3.bullet.objects.PhysicsRigidBody rebuildRigidBody
INFORMATION: Created 13522aa68f0.
Sept. 13, 2026 4:25:49 AM com.jme3.bullet.objects.PhysicsRigidBody rebuildRigidBody
INFORMATION: Created 13522a89130.
Sept. 13, 2026 4:25:49 AM com.jme3.bullet.objects.PhysicsRigidBody rebuildRigidBody
INFORMATION: Created 13522a89460.
Sept. 13, 2026 4:25:49 AM com.jme3.bullet.objects.PhysicsRigidBody rebuildRigidBody
INFORMATION: Created 13522a8a780.
Sept. 13, 2026 4:25:49 AM com.jme3.bullet.objects.PhysicsRigidBody rebuildRigidBody
INFORMATION: Created 13522a88470.
Sept. 13, 2026 4:25:49 AM com.jme3.bullet.objects.PhysicsRigidBody rebuildRigidBody
INFORMATION: Created 13522a89790.
Sept. 13, 2026 4:25:49 AM com.jme3.bullet.objects.PhysicsRigidBody rebuildRigidBody
INFORMATION: Created 13522a8aab0.
Sept. 13, 2026 4:25:49 AM com.jme3.bullet.objects.PhysicsRigidBody rebuildRigidBody
INFORMATION: Created 13522a887a0.
Sept. 13, 2026 4:25:49 AM com.jme3.bullet.objects.PhysicsRigidBody rebuildRigidBody
INFORMATION: Created 13522a88ad0.
Sept. 13, 2026 4:25:49 AM com.jme3.bullet.objects.PhysicsRigidBody rebuildRigidBody
INFORMATION: Created 13522a89df0.
Sept. 13, 2026 4:25:49 AM com.jme3.bullet.objects.PhysicsRigidBody rebuildRigidBody
INFORMATION: Created 13522a8b110.
Sept. 13, 2026 4:25:49 AM com.jme3.bullet.objects.PhysicsRigidBody rebuildRigidBody
INFORMATION: Created 13522a89ac0.
Sept. 13, 2026 4:25:49 AM com.jme3.bullet.objects.PhysicsRigidBody rebuildRigidBody
INFORMATION: Created 13522a88e00.
Sept. 13, 2026 4:25:49 AM com.jme3.bullet.objects.PhysicsRigidBody rebuildRigidBody
INFORMATION: Created 13522a87ae0.
Sept. 13, 2026 4:25:49 AM com.jme3.bullet.objects.PhysicsRigidBody rebuildRigidBody
INFORMATION: Created 13522a8a120.
Sept. 13, 2026 4:25:49 AM com.jme3.bullet.objects.PhysicsRigidBody rebuildRigidBody
INFORMATION: Created 13522a87e10.
Sept. 13, 2026 4:25:49 AM com.jme3.bullet.objects.PhysicsRigidBody rebuildRigidBody
INFORMATION: Created 13522a8ade0.
Sept. 13, 2026 4:25:49 AM com.jme3.bullet.objects.PhysicsRigidBody rebuildRigidBody
INFORMATION: Created 13522a87480.
Sept. 13, 2026 4:25:49 AM com.jme3.bullet.objects.PhysicsRigidBody rebuildRigidBody
INFORMATION: Created 13522a8a450.
Sept. 13, 2026 4:25:49 AM com.jme3.bullet.objects.PhysicsRigidBody rebuildRigidBody
INFORMATION: Created 13522a8b440.
Sept. 13, 2026 4:25:49 AM com.jme3.bullet.objects.PhysicsRigidBody rebuildRigidBody
INFORMATION: Created 13522a88140.
Sept. 13, 2026 4:25:49 AM com.jme3.bullet.objects.PhysicsRigidBody rebuildRigidBody
INFORMATION: Created 13522a877b0.
Sept. 13, 2026 4:25:49 AM com.jme3.bullet.objects.PhysicsRigidBody rebuildRigidBody
INFORMATION: Created 13522a8baa0.
Sept. 13, 2026 4:25:49 AM com.jme3.bullet.objects.PhysicsRigidBody rebuildRigidBody
INFORMATION: Created 13522a8bdd0.
Sept. 13, 2026 4:25:49 AM com.jme3.bullet.objects.PhysicsRigidBody rebuildRigidBody
INFORMATION: Created 13522a8d420.
Sept. 13, 2026 4:25:49 AM com.jme3.bullet.objects.PhysicsRigidBody rebuildRigidBody
INFORMATION: Created 13522a8d750.
Sept. 13, 2026 4:25:49 AM com.jme3.bullet.objects.PhysicsRigidBody rebuildRigidBody
INFORMATION: Created 13522a8f400.
Sept. 13, 2026 4:25:49 AM com.jme3.bullet.objects.PhysicsRigidBody rebuildRigidBody
INFORMATION: Created 13522a8e0e0.
Sept. 13, 2026 4:25:49 AM com.jme3.bullet.objects.PhysicsRigidBody rebuildRigidBody
INFORMATION: Created 13522a8c430.
Sept. 13, 2026 4:25:49 AM com.jme3.bullet.objects.PhysicsRigidBody rebuildRigidBody
INFORMATION: Created 13522a8ddb0.
Sept. 13, 2026 4:25:49 AM com.jme3.bullet.objects.PhysicsRigidBody rebuildRigidBody
INFORMATION: Created 13522a8e410.
Sept. 13, 2026 4:25:49 AM com.jme3.bullet.objects.PhysicsRigidBody rebuildRigidBody
INFORMATION: Created 13522a8c100.
Sept. 13, 2026 4:25:49 AM com.jme3.bullet.objects.PhysicsRigidBody rebuildRigidBody
INFORMATION: Created 13522a8da80.
Sept. 13, 2026 4:25:49 AM com.jme3.bullet.objects.PhysicsRigidBody rebuildRigidBody
INFORMATION: Created 13522a8e740.
Sept. 13, 2026 4:25:49 AM com.jme3.bullet.objects.PhysicsRigidBody rebuildRigidBody
INFORMATION: Created 13522a8ea70.
Sept. 13, 2026 4:25:49 AM com.jme3.bullet.objects.PhysicsRigidBody rebuildRigidBody
INFORMATION: Created 13522a8ca90.
Sept. 13, 2026 4:25:49 AM com.jme3.bullet.objects.PhysicsRigidBody rebuildRigidBody
INFORMATION: Created 13522a8c760.
Sept. 13, 2026 4:25:49 AM com.jme3.bullet.objects.PhysicsRigidBody rebuildRigidBody
INFORMATION: Created 13522a8eda0.
Sept. 13, 2026 4:25:49 AM com.jme3.bullet.objects.PhysicsRigidBody rebuildRigidBody
INFORMATION: Created 13522a8d0f0.
Sept. 13, 2026 4:25:49 AM com.jme3.bullet.objects.PhysicsRigidBody rebuildRigidBody
INFORMATION: Created 13522a8f0d0.
Sept. 13, 2026 4:25:49 AM com.jme3.bullet.objects.PhysicsRigidBody rebuildRigidBody
INFORMATION: Created 13522a8b770.
Sept. 13, 2026 4:25:49 AM com.jme3.bullet.objects.PhysicsRigidBody rebuildRigidBody
INFORMATION: Created 13522a92d60.
Sept. 13, 2026 4:25:49 AM com.jme3.bullet.objects.PhysicsRigidBody rebuildRigidBody
INFORMATION: Created 13522a91710.
Sept. 13, 2026 4:25:49 AM com.jme3.bullet.objects.PhysicsRigidBody rebuildRigidBody
INFORMATION: Created 13522a8fd90.
Sept. 13, 2026 4:25:49 AM com.jme3.bullet.objects.PhysicsRigidBody rebuildRigidBody
INFORMATION: Created 13522a91a40.
Sept. 13, 2026 4:25:49 AM com.jme3.bullet.objects.PhysicsRigidBody rebuildRigidBody
INFORMATION: Created 13522a91d70.
Sept. 13, 2026 4:25:49 AM com.jme3.bullet.objects.PhysicsRigidBody rebuildRigidBody
INFORMATION: Created 13522a92a30.
Sept. 13, 2026 4:25:49 AM com.jme3.bullet.objects.PhysicsRigidBody rebuildRigidBody
INFORMATION: Created 13522a900c0.
Sept. 13, 2026 4:25:49 AM com.jme3.bullet.objects.PhysicsRigidBody rebuildRigidBody
INFORMATION: Created 13522a920a0.
Sept. 13, 2026 4:25:49 AM com.jme3.bullet.objects.PhysicsRigidBody rebuildRigidBody
INFORMATION: Created 13522a923d0.
Sept. 13, 2026 4:25:49 AM com.jme3.bullet.objects.PhysicsRigidBody rebuildRigidBody
INFORMATION: Created 13522a92700.
Sept. 13, 2026 4:25:49 AM com.jme3.bullet.objects.PhysicsRigidBody rebuildRigidBody
INFORMATION: Created 13522a93090.
Sept. 13, 2026 4:25:49 AM com.jme3.bullet.objects.PhysicsRigidBody rebuildRigidBody
INFORMATION: Created 13522a933c0.
Sept. 13, 2026 4:25:49 AM com.jme3.bullet.objects.PhysicsRigidBody rebuildRigidBody
INFORMATION: Created 13522a90a50.
Sept. 13, 2026 4:25:49 AM com.jme3.bullet.objects.PhysicsRigidBody rebuildRigidBody
INFORMATION: Created 13522a8f730.
Sept. 13, 2026 4:25:49 AM com.jme3.bullet.objects.PhysicsRigidBody rebuildRigidBody
INFORMATION: Created 13522a936f0.
Sept. 13, 2026 4:25:49 AM com.jme3.bullet.objects.PhysicsRigidBody rebuildRigidBody
INFORMATION: Created 13522a8fa60.
Sept. 13, 2026 4:25:49 AM com.jme3.bullet.objects.PhysicsRigidBody rebuildRigidBody
INFORMATION: Created 13522a93a20.
Sept. 13, 2026 4:25:49 AM com.jme3.bullet.objects.PhysicsRigidBody rebuildRigidBody
INFORMATION: Created 13522a93d50.
Sept. 13, 2026 4:25:49 AM com.jme3.bullet.objects.PhysicsRigidBody rebuildRigidBody
INFORMATION: Created 13522a903f0.
Sept. 13, 2026 4:25:49 AM com.jme3.bullet.objects.PhysicsRigidBody rebuildRigidBody
INFORMATION: Created 13522a90720.
Sept. 13, 2026 4:25:49 AM com.jme3.bullet.objects.PhysicsRigidBody rebuildRigidBody
INFORMATION: Created 13522a95a00.
Sept. 13, 2026 4:25:49 AM com.jme3.bullet.objects.PhysicsRigidBody rebuildRigidBody
INFORMATION: Created 13522a94a10.
Sept. 13, 2026 4:25:49 AM com.jme3.bullet.objects.PhysicsRigidBody rebuildRigidBody
INFORMATION: Created 13522a96390.
Sept. 13, 2026 4:25:49 AM com.jme3.bullet.objects.PhysicsRigidBody rebuildRigidBody
INFORMATION: Created 13522a94d40.
Sept. 13, 2026 4:25:49 AM com.jme3.bullet.objects.PhysicsRigidBody rebuildRigidBody
INFORMATION: Created 13522a97050.
Sept. 13, 2026 4:25:49 AM com.jme3.bullet.objects.PhysicsRigidBody rebuildRigidBody
INFORMATION: Created 13522a95d30.
Sept. 13, 2026 4:25:49 AM com.jme3.bullet.objects.PhysicsRigidBody rebuildRigidBody
INFORMATION: Created 13522a969f0.
Sept. 13, 2026 4:25:49 AM com.jme3.bullet.objects.PhysicsRigidBody rebuildRigidBody
INFORMATION: Created 13522a966c0.
Sept. 13, 2026 4:25:49 AM com.jme3.bullet.objects.PhysicsRigidBody rebuildRigidBody
INFORMATION: Created 13522a97d10.
Sept. 13, 2026 4:25:49 AM com.jme3.bullet.objects.PhysicsRigidBody rebuildRigidBody
INFORMATION: Created 13522a96d20.
Sept. 13, 2026 4:25:49 AM com.jme3.bullet.objects.PhysicsRigidBody rebuildRigidBody
INFORMATION: Created 13522a96060.
Sept. 13, 2026 4:25:49 AM com.jme3.bullet.objects.PhysicsRigidBody rebuildRigidBody
INFORMATION: Created 13522a976b0.
Sept. 13, 2026 4:25:49 AM com.jme3.bullet.objects.PhysicsRigidBody rebuildRigidBody
INFORMATION: Created 13522a979e0.
Sept. 13, 2026 4:25:49 AM com.jme3.bullet.objects.PhysicsRigidBody rebuildRigidBody
INFORMATION: Created 13522a95070.
Sept. 13, 2026 4:25:49 AM com.jme3.bullet.objects.PhysicsRigidBody rebuildRigidBody
INFORMATION: Created 13522a97380.
Sept. 13, 2026 4:25:49 AM com.jme3.bullet.objects.PhysicsRigidBody rebuildRigidBody
INFORMATION: Created 13522a94080.
Sept. 13, 2026 4:25:49 AM com.jme3.bullet.objects.PhysicsRigidBody rebuildRigidBody
INFORMATION: Created 13522a98040.
Sept. 13, 2026 4:25:49 AM com.jme3.bullet.objects.PhysicsRigidBody rebuildRigidBody
INFORMATION: Created 13522a943b0.
Sept. 13, 2026 4:25:49 AM com.jme3.bullet.objects.PhysicsRigidBody rebuildRigidBody
INFORMATION: Created 13522a98370.
Sept. 13, 2026 4:25:49 AM com.jme3.bullet.objects.PhysicsRigidBody rebuildRigidBody
INFORMATION: Created 13522a946e0.
Sept. 13, 2026 4:25:49 AM com.jme3.bullet.objects.PhysicsRigidBody rebuildRigidBody
INFORMATION: Created 13522a99030.
Sept. 13, 2026 4:25:49 AM com.jme3.bullet.objects.PhysicsRigidBody rebuildRigidBody
INFORMATION: Created 13522a956d0.
Sept. 13, 2026 4:25:49 AM com.jme3.bullet.objects.PhysicsRigidBody rebuildRigidBody
INFORMATION: Created 13522a986a0.
Sept. 13, 2026 4:25:49 AM com.jme3.bullet.objects.PhysicsRigidBody rebuildRigidBody
INFORMATION: Created 13522a989d0.
Sept. 13, 2026 4:25:49 AM com.jme3.bullet.objects.PhysicsRigidBody rebuildRigidBody
INFORMATION: Created 13522a98d00.
Sept. 13, 2026 4:25:49 AM com.jme3.bullet.objects.PhysicsRigidBody rebuildRigidBody
INFORMATION: Created 13522a953a0.
Sept. 13, 2026 4:25:49 AM com.jme3.bullet.objects.PhysicsRigidBody rebuildRigidBody
INFORMATION: Created 13522a9bcd0.
Sept. 13, 2026 4:25:49 AM com.jme3.bullet.objects.PhysicsRigidBody rebuildRigidBody
INFORMATION: Created 13522a99690.
Sept. 13, 2026 4:25:49 AM com.jme3.bullet.objects.PhysicsRigidBody rebuildRigidBody
INFORMATION: Created 13522a9c000.
Sept. 13, 2026 4:25:49 AM com.jme3.bullet.objects.PhysicsRigidBody rebuildRigidBody
INFORMATION: Created 13522a9a020.
Sept. 13, 2026 4:25:49 AM com.jme3.bullet.objects.PhysicsRigidBody rebuildRigidBody
INFORMATION: Created 13522a9cff0.
Sept. 13, 2026 4:25:49 AM com.jme3.bullet.objects.PhysicsRigidBody rebuildRigidBody
INFORMATION: Created 13522a99360.
Sept. 13, 2026 4:25:49 AM com.jme3.bullet.objects.PhysicsRigidBody rebuildRigidBody
INFORMATION: Created 13522a9d650.
Sept. 13, 2026 4:25:49 AM com.jme3.bullet.objects.PhysicsRigidBody rebuildRigidBody
INFORMATION: Created 135227bed00.
Sept. 13, 2026 4:25:49 AM com.jme3.bullet.objects.PhysicsRigidBody rebuildRigidBody
INFORMATION: Created 135227bf030.
Sept. 13, 2026 4:25:49 AM com.jme3.bullet.objects.PhysicsRigidBody rebuildRigidBody
INFORMATION: Created 135227bc390.
Sept. 13, 2026 4:25:49 AM com.jme3.bullet.objects.PhysicsRigidBody rebuildRigidBody
INFORMATION: Created 135227bd9e0.
Sept. 13, 2026 4:25:49 AM com.jme3.bullet.objects.PhysicsRigidBody rebuildRigidBody
INFORMATION: Created 135227bf690.
Sept. 13, 2026 4:25:49 AM com.jme3.bullet.objects.PhysicsRigidBody rebuildRigidBody
INFORMATION: Created 135227bdd10.
Sept. 13, 2026 4:25:49 AM com.jme3.bullet.objects.PhysicsRigidBody rebuildRigidBody
INFORMATION: Created 135227be040.
Sept. 13, 2026 4:25:49 AM com.jme3.bullet.objects.PhysicsRigidBody rebuildRigidBody
INFORMATION: Created 135227be370.
Sept. 13, 2026 4:25:49 AM com.jme3.bullet.objects.PhysicsRigidBody rebuildRigidBody
INFORMATION: Created 135227bf9c0.
Sept. 13, 2026 4:25:49 AM com.jme3.bullet.objects.PhysicsRigidBody rebuildRigidBody
INFORMATION: Created 135227bfcf0.
Sept. 13, 2026 4:25:49 AM com.jme3.bullet.objects.PhysicsRigidBody rebuildRigidBody
INFORMATION: Created 135227bc060.
Sept. 13, 2026 4:25:49 AM com.jme3.bullet.objects.PhysicsRigidBody rebuildRigidBody
INFORMATION: Created 135227c0020.
Sept. 13, 2026 4:25:49 AM com.jme3.bullet.objects.PhysicsRigidBody rebuildRigidBody
INFORMATION: Created 135227c0350.
Sept. 13, 2026 4:25:49 AM com.jme3.bullet.objects.PhysicsRigidBody rebuildRigidBody
INFORMATION: Created 135227bc6c0.
Sept. 13, 2026 4:25:49 AM com.jme3.bullet.objects.PhysicsRigidBody rebuildRigidBody
INFORMATION: Created 135227c0680.
Sept. 13, 2026 4:25:49 AM com.jme3.bullet.objects.PhysicsRigidBody rebuildRigidBody
INFORMATION: Created 135227bc9f0.
Sept. 13, 2026 4:25:49 AM com.jme3.bullet.objects.PhysicsRigidBody rebuildRigidBody
INFORMATION: Created 135227c2660.
Sept. 13, 2026 4:25:49 AM com.jme3.bullet.objects.PhysicsRigidBody rebuildRigidBody
INFORMATION: Created 135227c09b0.
Sept. 13, 2026 4:25:49 AM com.jme3.bullet.objects.PhysicsRigidBody rebuildRigidBody
INFORMATION: Created 135227c0ce0.
Sept. 13, 2026 4:25:49 AM com.jme3.bullet.objects.PhysicsRigidBody rebuildRigidBody
INFORMATION: Created 135227c2330.
Sept. 13, 2026 4:25:49 AM com.jme3.bullet.objects.PhysicsRigidBody rebuildRigidBody
INFORMATION: Created 135227c1340.
Sept. 13, 2026 4:25:49 AM com.jme3.bullet.objects.PhysicsRigidBody rebuildRigidBody
INFORMATION: Created 135227c1010.
Sept. 13, 2026 4:25:49 AM com.jme3.bullet.objects.PhysicsRigidBody rebuildRigidBody
INFORMATION: Created 135227c2990.
Sept. 13, 2026 4:25:49 AM com.jme3.bullet.objects.PhysicsRigidBody rebuildRigidBody
INFORMATION: Created 135227c2cc0.
Sept. 13, 2026 4:25:49 AM com.jme3.bullet.objects.PhysicsRigidBody rebuildRigidBody
INFORMATION: Created 135227c1670.
[CHECK] Checkpoint respawn restores playable state
Sept. 13, 2026 4:25:49 AM com.jme3.anim.SkinningControl controlRender
INFORMATION: Hardware skinning engaged for Scene (Node)
Sept. 13, 2026 4:25:49 AM com.jme3.anim.SkinningControl controlRender
INFORMATION: Hardware skinning engaged for Scene (Node)
Sept. 13, 2026 4:25:49 AM com.jme3.anim.SkinningControl controlRender
INFORMATION: Hardware skinning engaged for Scene (Node)
Sept. 13, 2026 4:25:49 AM com.jme3.anim.SkinningControl controlRender
INFORMATION: Hardware skinning engaged for Scene (Node)
[SMOKE] stage 30
[CHECK] Fast mode removes the shadow pass
[GAME] Grafik: Atmosphärisch
[SMOKE] stage 31
[CHECK] High quality restores shadows before post-processing
Sept. 13, 2026 4:25:54 AM com.jme3.bullet.objects.PhysicsRigidBody rebuildRigidBody
INFORMATION: Created 13524429310.
Sept. 13, 2026 4:25:54 AM com.jme3.bullet.objects.PhysicsRigidBody rebuildRigidBody
INFORMATION: Created 1352442b950.
Sept. 13, 2026 4:25:54 AM com.jme3.bullet.objects.PhysicsRigidBody rebuildRigidBody
INFORMATION: Created 1352442a960.
Sept. 13, 2026 4:25:54 AM com.jme3.bullet.objects.PhysicsRigidBody rebuildRigidBody
INFORMATION: Created 1352442c940.
Sept. 13, 2026 4:25:54 AM com.jme3.bullet.objects.PhysicsRigidBody rebuildRigidBody
INFORMATION: Created 1352442a630.
Sept. 13, 2026 4:25:54 AM com.jme3.bullet.objects.PhysicsRigidBody rebuildRigidBody
INFORMATION: Created 13524429640.
Sept. 13, 2026 4:25:54 AM com.jme3.bullet.objects.PhysicsRigidBody rebuildRigidBody
INFORMATION: Created 13524429fd0.
Sept. 13, 2026 4:25:54 AM com.jme3.bullet.objects.PhysicsRigidBody rebuildRigidBody
INFORMATION: Created 13524428fe0.
Sept. 13, 2026 4:25:54 AM com.jme3.bullet.objects.PhysicsRigidBody rebuildRigidBody
INFORMATION: Created 1352442cc70.
Sept. 13, 2026 4:25:54 AM com.jme3.bullet.objects.PhysicsRigidBody rebuildRigidBody
INFORMATION: Created 1352442d2d0.
Sept. 13, 2026 4:25:54 AM com.jme3.bullet.objects.PhysicsRigidBody rebuildRigidBody
INFORMATION: Created 1352442cfa0.
Sept. 13, 2026 4:25:54 AM com.jme3.bullet.objects.PhysicsRigidBody rebuildRigidBody
INFORMATION: Created 1352442ac90.
Sept. 13, 2026 4:25:54 AM com.jme3.bullet.objects.PhysicsRigidBody rebuildRigidBody
INFORMATION: Created 1352442d600.
Sept. 13, 2026 4:25:54 AM com.jme3.bullet.objects.PhysicsRigidBody rebuildRigidBody
INFORMATION: Created 13524429970.
Sept. 13, 2026 4:25:54 AM com.jme3.bullet.objects.PhysicsRigidBody rebuildRigidBody
INFORMATION: Created 1352442d930.
Sept. 13, 2026 4:25:54 AM com.jme3.bullet.objects.PhysicsRigidBody rebuildRigidBody
INFORMATION: Created 13524429ca0.
Sept. 13, 2026 4:25:54 AM com.jme3.bullet.objects.PhysicsRigidBody rebuildRigidBody
INFORMATION: Created 1352442dc60.
Sept. 13, 2026 4:25:54 AM com.jme3.bullet.objects.PhysicsRigidBody rebuildRigidBody
INFORMATION: Created 1352442df90.
Sept. 13, 2026 4:25:54 AM com.jme3.bullet.objects.PhysicsRigidBody rebuildRigidBody
INFORMATION: Created 1352442a300.
Sept. 13, 2026 4:25:54 AM com.jme3.bullet.objects.PhysicsRigidBody rebuildRigidBody
INFORMATION: Created 1352442e920.
Sept. 13, 2026 4:25:54 AM com.jme3.bullet.objects.PhysicsRigidBody rebuildRigidBody
INFORMATION: Created 1352442e2c0.
Sept. 13, 2026 4:25:54 AM com.jme3.bullet.objects.PhysicsRigidBody rebuildRigidBody
INFORMATION: Created 1352442b2f0.
Sept. 13, 2026 4:25:54 AM com.jme3.bullet.objects.PhysicsRigidBody rebuildRigidBody
INFORMATION: Created 1352442ec50.
Sept. 13, 2026 4:25:54 AM com.jme3.bullet.objects.PhysicsRigidBody rebuildRigidBody
INFORMATION: Created 1352442afc0.
Sept. 13, 2026 4:25:54 AM com.jme3.bullet.objects.PhysicsRigidBody rebuildRigidBody
INFORMATION: Created 1352442ef80.
Sept. 13, 2026 4:25:54 AM com.jme3.bullet.objects.PhysicsRigidBody rebuildRigidBody
INFORMATION: Created 1352442f2b0.
Sept. 13, 2026 4:25:54 AM com.jme3.bullet.objects.PhysicsRigidBody rebuildRigidBody
INFORMATION: Created 1352442b620.
Sept. 13, 2026 4:25:54 AM com.jme3.bullet.objects.PhysicsRigidBody rebuildRigidBody
INFORMATION: Created 13524432280.
Sept. 13, 2026 4:25:54 AM com.jme3.bullet.objects.PhysicsRigidBody rebuildRigidBody
INFORMATION: Created 135244325b0.
Sept. 13, 2026 4:25:54 AM com.jme3.bullet.objects.PhysicsRigidBody rebuildRigidBody
INFORMATION: Created 1352442f910.
Sept. 13, 2026 4:25:54 AM com.jme3.bullet.objects.PhysicsRigidBody rebuildRigidBody
INFORMATION: Created 135244318f0.
Sept. 13, 2026 4:25:54 AM com.jme3.bullet.objects.PhysicsRigidBody rebuildRigidBody
INFORMATION: Created 135244328e0.
Sept. 13, 2026 4:25:54 AM com.jme3.bullet.objects.PhysicsRigidBody rebuildRigidBody
INFORMATION: Created 13524430c30.
Sept. 13, 2026 4:25:54 AM com.jme3.bullet.objects.PhysicsRigidBody rebuildRigidBody
INFORMATION: Created 135244315c0.
Sept. 13, 2026 4:25:54 AM com.jme3.bullet.objects.PhysicsRigidBody rebuildRigidBody
INFORMATION: Created 13524432c10.
Sept. 13, 2026 4:25:54 AM com.jme3.bullet.objects.PhysicsRigidBody rebuildRigidBody
INFORMATION: Created 1352442fc40.
Sept. 13, 2026 4:25:54 AM com.jme3.bullet.objects.PhysicsRigidBody rebuildRigidBody
INFORMATION: Created 13524432f40.
Sept. 13, 2026 4:25:54 AM com.jme3.bullet.objects.PhysicsRigidBody rebuildRigidBody
INFORMATION: Created 13524433270.
Sept. 13, 2026 4:25:54 AM com.jme3.bullet.objects.PhysicsRigidBody rebuildRigidBody
INFORMATION: Created 1352442f5e0.
Sept. 13, 2026 4:25:54 AM com.jme3.bullet.objects.PhysicsRigidBody rebuildRigidBody
INFORMATION: Created 13524431c20.
Sept. 13, 2026 4:25:54 AM com.jme3.bullet.objects.PhysicsRigidBody rebuildRigidBody
INFORMATION: Created 135244338d0.
Sept. 13, 2026 4:25:54 AM com.jme3.bullet.objects.PhysicsRigidBody rebuildRigidBody
INFORMATION: Created 13524430f60.
Sept. 13, 2026 4:25:54 AM com.jme3.bullet.objects.PhysicsRigidBody rebuildRigidBody
INFORMATION: Created 13524431f50.
Sept. 13, 2026 4:25:54 AM com.jme3.bullet.objects.PhysicsRigidBody rebuildRigidBody
INFORMATION: Created 135244305d0.
Sept. 13, 2026 4:25:54 AM com.jme3.bullet.objects.PhysicsRigidBody rebuildRigidBody
INFORMATION: Created 135244335a0.
Sept. 13, 2026 4:25:54 AM com.jme3.bullet.objects.PhysicsRigidBody rebuildRigidBody
INFORMATION: Created 13524433c00.
Sept. 13, 2026 4:25:54 AM com.jme3.bullet.objects.PhysicsRigidBody rebuildRigidBody
INFORMATION: Created 1352442ff70.
Sept. 13, 2026 4:25:54 AM com.jme3.bullet.objects.PhysicsRigidBody rebuildRigidBody
INFORMATION: Created 13524433f30.
Sept. 13, 2026 4:25:54 AM com.jme3.bullet.objects.PhysicsRigidBody rebuildRigidBody
INFORMATION: Created 135244302a0.
Sept. 13, 2026 4:25:54 AM com.jme3.bullet.objects.PhysicsRigidBody rebuildRigidBody
INFORMATION: Created 13524434260.
Sept. 13, 2026 4:25:54 AM com.jme3.bullet.objects.PhysicsRigidBody rebuildRigidBody
INFORMATION: Created 13524434590.
Sept. 13, 2026 4:25:54 AM com.jme3.bullet.objects.PhysicsRigidBody rebuildRigidBody
INFORMATION: Created 13524430900.
Sept. 13, 2026 4:25:54 AM com.jme3.bullet.objects.PhysicsRigidBody rebuildRigidBody
INFORMATION: Created 135244348c0.
Sept. 13, 2026 4:25:54 AM com.jme3.bullet.objects.PhysicsRigidBody rebuildRigidBody
INFORMATION: Created 13524434bf0.
Sept. 13, 2026 4:25:54 AM com.jme3.bullet.objects.PhysicsRigidBody rebuildRigidBody
INFORMATION: Created 13524434f20.
Sept. 13, 2026 4:25:54 AM com.jme3.bullet.objects.PhysicsRigidBody rebuildRigidBody
INFORMATION: Created 13524431290.
Sept. 13, 2026 4:25:54 AM com.jme3.bullet.objects.PhysicsRigidBody rebuildRigidBody
INFORMATION: Created 13524435250.
Sept. 13, 2026 4:25:54 AM com.jme3.bullet.objects.PhysicsRigidBody rebuildRigidBody
INFORMATION: Created 13524435580.
Sept. 13, 2026 4:25:54 AM com.jme3.bullet.objects.PhysicsRigidBody rebuildRigidBody
INFORMATION: Created 135244358b0.
Sept. 13, 2026 4:25:54 AM com.jme3.bullet.objects.PhysicsRigidBody rebuildRigidBody
INFORMATION: Created 13524438550.
Sept. 13, 2026 4:25:54 AM com.jme3.bullet.objects.PhysicsRigidBody rebuildRigidBody
INFORMATION: Created 13524439540.
Sept. 13, 2026 4:25:54 AM com.jme3.bullet.objects.PhysicsRigidBody rebuildRigidBody
INFORMATION: Created 13524435f10.
Sept. 13, 2026 4:25:54 AM com.jme3.bullet.objects.PhysicsRigidBody rebuildRigidBody
INFORMATION: Created 13524438ee0.
Sept. 13, 2026 4:25:54 AM com.jme3.bullet.objects.PhysicsRigidBody rebuildRigidBody
INFORMATION: Created 13524439870.
Sept. 13, 2026 4:25:54 AM com.jme3.bullet.objects.PhysicsRigidBody rebuildRigidBody
INFORMATION: Created 13524437230.
Sept. 13, 2026 4:25:54 AM com.jme3.bullet.objects.PhysicsRigidBody rebuildRigidBody
INFORMATION: Created 13524437890.
Sept. 13, 2026 4:25:54 AM com.jme3.bullet.objects.PhysicsRigidBody rebuildRigidBody
INFORMATION: Created 13524437bc0.
Sept. 13, 2026 4:25:54 AM com.jme3.bullet.objects.PhysicsRigidBody rebuildRigidBody
INFORMATION: Created 13524438bb0.
Sept. 13, 2026 4:25:54 AM com.jme3.bullet.objects.PhysicsRigidBody rebuildRigidBody
INFORMATION: Created 13524436240.
Sept. 13, 2026 4:25:54 AM com.jme3.bullet.objects.PhysicsRigidBody rebuildRigidBody
INFORMATION: Created 13524435be0.
Sept. 13, 2026 4:25:54 AM com.jme3.bullet.objects.PhysicsRigidBody rebuildRigidBody
INFORMATION: Created 13524439ba0.
Sept. 13, 2026 4:25:54 AM com.jme3.bullet.objects.PhysicsRigidBody rebuildRigidBody
INFORMATION: Created 13524439ed0.
Sept. 13, 2026 4:25:54 AM com.jme3.bullet.objects.PhysicsRigidBody rebuildRigidBody
INFORMATION: Created 13524438220.
Sept. 13, 2026 4:25:54 AM com.jme3.bullet.objects.PhysicsRigidBody rebuildRigidBody
INFORMATION: Created 1352443a200.
Sept. 13, 2026 4:25:54 AM com.jme3.bullet.objects.PhysicsRigidBody rebuildRigidBody
INFORMATION: Created 13524437560.
Sept. 13, 2026 4:25:54 AM com.jme3.bullet.objects.PhysicsRigidBody rebuildRigidBody
INFORMATION: Created 13524437ef0.
Sept. 13, 2026 4:25:54 AM com.jme3.bullet.objects.PhysicsRigidBody rebuildRigidBody
INFORMATION: Created 13524436bd0.
Sept. 13, 2026 4:25:54 AM com.jme3.bullet.objects.PhysicsRigidBody rebuildRigidBody
INFORMATION: Created 13524438880.
Sept. 13, 2026 4:25:54 AM com.jme3.bullet.objects.PhysicsRigidBody rebuildRigidBody
INFORMATION: Created 13524436570.
Sept. 13, 2026 4:25:54 AM com.jme3.bullet.objects.PhysicsRigidBody rebuildRigidBody
INFORMATION: Created 13524439210.
Sept. 13, 2026 4:25:54 AM com.jme3.bullet.objects.PhysicsRigidBody rebuildRigidBody
INFORMATION: Created 1352443a530.
Sept. 13, 2026 4:25:54 AM com.jme3.bullet.objects.PhysicsRigidBody rebuildRigidBody
INFORMATION: Created 135244368a0.
Sept. 13, 2026 4:25:54 AM com.jme3.bullet.objects.PhysicsRigidBody rebuildRigidBody
INFORMATION: Created 1352443a860.
Sept. 13, 2026 4:25:54 AM com.jme3.bullet.objects.PhysicsRigidBody rebuildRigidBody
INFORMATION: Created 1352443ab90.
Sept. 13, 2026 4:25:54 AM com.jme3.bullet.objects.PhysicsRigidBody rebuildRigidBody
INFORMATION: Created 13524436f00.
Sept. 13, 2026 4:25:54 AM com.jme3.bullet.objects.PhysicsRigidBody rebuildRigidBody
INFORMATION: Created 1352443e820.
Sept. 13, 2026 4:25:54 AM com.jme3.bullet.objects.PhysicsRigidBody rebuildRigidBody
INFORMATION: Created 1352443b520.
Sept. 13, 2026 4:25:54 AM com.jme3.bullet.objects.PhysicsRigidBody rebuildRigidBody
INFORMATION: Created 1352443e1c0.
Sept. 13, 2026 4:25:54 AM com.jme3.bullet.objects.PhysicsRigidBody rebuildRigidBody
INFORMATION: Created 1352443de90.
Sept. 13, 2026 4:25:54 AM com.jme3.bullet.objects.PhysicsRigidBody rebuildRigidBody
INFORMATION: Created 1352443b1f0.
Sept. 13, 2026 4:25:54 AM com.jme3.bullet.objects.PhysicsRigidBody rebuildRigidBody
INFORMATION: Created 1352443db60.
Sept. 13, 2026 4:25:54 AM com.jme3.bullet.objects.PhysicsRigidBody rebuildRigidBody
INFORMATION: Created 1352443e4f0.
Sept. 13, 2026 4:25:54 AM com.jme3.bullet.objects.PhysicsRigidBody rebuildRigidBody
INFORMATION: Created 1352443b850.
Sept. 13, 2026 4:25:54 AM com.jme3.bullet.objects.PhysicsRigidBody rebuildRigidBody
INFORMATION: Created 1352443d1d0.
Sept. 13, 2026 4:25:54 AM com.jme3.bullet.objects.PhysicsRigidBody rebuildRigidBody
INFORMATION: Created 1352443c510.
Sept. 13, 2026 4:25:54 AM com.jme3.bullet.objects.PhysicsRigidBody rebuildRigidBody
INFORMATION: Created 1352443cb70.
Sept. 13, 2026 4:25:54 AM com.jme3.bullet.objects.PhysicsRigidBody rebuildRigidBody
INFORMATION: Created 1352443cea0.
Sept. 13, 2026 4:25:54 AM com.jme3.bullet.objects.PhysicsRigidBody rebuildRigidBody
INFORMATION: Created 1352443eb50.
Sept. 13, 2026 4:25:54 AM com.jme3.bullet.objects.PhysicsRigidBody rebuildRigidBody
INFORMATION: Created 1352443bb80.
Sept. 13, 2026 4:25:54 AM com.jme3.bullet.objects.PhysicsRigidBody rebuildRigidBody
INFORMATION: Created 1352443aec0.
Sept. 13, 2026 4:25:54 AM com.jme3.bullet.objects.PhysicsRigidBody rebuildRigidBody
INFORMATION: Created 1352443f4e0.
Sept. 13, 2026 4:25:54 AM com.jme3.bullet.objects.PhysicsRigidBody rebuildRigidBody
INFORMATION: Created 1352443f1b0.
Sept. 13, 2026 4:25:54 AM com.jme3.bullet.objects.PhysicsRigidBody rebuildRigidBody
INFORMATION: Created 1352443ee80.
Sept. 13, 2026 4:25:54 AM com.jme3.bullet.objects.PhysicsRigidBody rebuildRigidBody
INFORMATION: Created 1352443f810.
Sept. 13, 2026 4:25:54 AM com.jme3.bullet.objects.PhysicsRigidBody rebuildRigidBody
INFORMATION: Created 1352443d500.
Sept. 13, 2026 4:25:54 AM com.jme3.bullet.objects.PhysicsRigidBody rebuildRigidBody
INFORMATION: Created 1352443d830.
Sept. 13, 2026 4:25:54 AM com.jme3.bullet.objects.PhysicsRigidBody rebuildRigidBody
INFORMATION: Created 1352443c840.
Sept. 13, 2026 4:25:54 AM com.jme3.bullet.objects.PhysicsRigidBody rebuildRigidBody
INFORMATION: Created 1352443fb40.
Sept. 13, 2026 4:25:54 AM com.jme3.bullet.objects.PhysicsRigidBody rebuildRigidBody
INFORMATION: Created 1352443beb0.
Sept. 13, 2026 4:25:54 AM com.jme3.bullet.objects.PhysicsRigidBody rebuildRigidBody
INFORMATION: Created 1352443fe70.
Sept. 13, 2026 4:25:54 AM com.jme3.bullet.objects.PhysicsRigidBody rebuildRigidBody
INFORMATION: Created 1352443c1e0.
Sept. 13, 2026 4:25:54 AM com.jme3.bullet.objects.PhysicsRigidBody rebuildRigidBody
INFORMATION: Created 135244401a0.
Sept. 13, 2026 4:25:54 AM com.jme3.bullet.objects.PhysicsRigidBody rebuildRigidBody
INFORMATION: Created 135244404d0.
Sept. 13, 2026 4:25:54 AM com.jme3.bullet.objects.PhysicsRigidBody rebuildRigidBody
INFORMATION: Created 13524440800.
Sept. 13, 2026 4:25:54 AM com.jme3.bullet.objects.PhysicsRigidBody rebuildRigidBody
INFORMATION: Created 13524440e60.
Sept. 13, 2026 4:25:54 AM com.jme3.bullet.objects.PhysicsRigidBody rebuildRigidBody
INFORMATION: Created 13524441e50.
Sept. 13, 2026 4:25:54 AM com.jme3.bullet.objects.PhysicsRigidBody rebuildRigidBody
INFORMATION: Created 13524440b30.
Sept. 13, 2026 4:25:54 AM com.jme3.bullet.objects.PhysicsRigidBody rebuildRigidBody
INFORMATION: Created 13524441190.
Sept. 13, 2026 4:25:54 AM com.jme3.bullet.objects.PhysicsRigidBody rebuildRigidBody
INFORMATION: Created 135244414c0.
Sept. 13, 2026 4:25:54 AM com.jme3.bullet.objects.PhysicsRigidBody rebuildRigidBody
INFORMATION: Created 135244417f0.
Sept. 13, 2026 4:25:54 AM com.jme3.bullet.objects.PhysicsRigidBody rebuildRigidBody
INFORMATION: Created 13524441b20.
Sept. 13, 2026 4:25:54 AM com.jme3.bullet.objects.PhysicsRigidBody rebuildRigidBody
INFORMATION: Created 13524442180.
Sept. 13, 2026 4:25:54 AM com.jme3.bullet.objects.PhysicsRigidBody rebuildRigidBody
INFORMATION: Created 135244424b0.
Sept. 13, 2026 4:25:54 AM com.jme3.bullet.objects.PhysicsRigidBody rebuildRigidBody
INFORMATION: Created 13524445e10.
Sept. 13, 2026 4:25:54 AM com.jme3.bullet.objects.PhysicsRigidBody rebuildRigidBody
INFORMATION: Created 13524442e40.
Sept. 13, 2026 4:25:54 AM com.jme3.bullet.objects.PhysicsRigidBody rebuildRigidBody
INFORMATION: Created 13524443e30.
Sept. 13, 2026 4:25:54 AM com.jme3.bullet.objects.PhysicsRigidBody rebuildRigidBody
INFORMATION: Created 13524446140.
Sept. 13, 2026 4:25:54 AM com.jme3.bullet.objects.PhysicsRigidBody rebuildRigidBody
INFORMATION: Created 13524444af0.
Sept. 13, 2026 4:25:54 AM com.jme3.bullet.objects.PhysicsRigidBody rebuildRigidBody
INFORMATION: Created 13524445ae0.
Sept. 13, 2026 4:25:54 AM com.jme3.bullet.objects.PhysicsRigidBody rebuildRigidBody
INFORMATION: Created 13524446470.
Sept. 13, 2026 4:25:54 AM com.jme3.bullet.objects.PhysicsRigidBody rebuildRigidBody
INFORMATION: Created 135244437d0.
Sept. 13, 2026 4:25:54 AM com.jme3.bullet.objects.PhysicsRigidBody rebuildRigidBody
INFORMATION: Created 135244427e0.
Sept. 13, 2026 4:25:54 AM com.jme3.bullet.objects.PhysicsRigidBody rebuildRigidBody
INFORMATION: Created 13524444490.
Sept. 13, 2026 4:25:54 AM com.jme3.bullet.objects.PhysicsRigidBody rebuildRigidBody
INFORMATION: Created 135244457b0.
Sept. 13, 2026 4:25:54 AM com.jme3.bullet.objects.PhysicsRigidBody rebuildRigidBody
INFORMATION: Created 13524444160.
Sept. 13, 2026 4:25:54 AM com.jme3.bullet.objects.PhysicsRigidBody rebuildRigidBody
INFORMATION: Created 13524444e20.
Sept. 13, 2026 4:25:54 AM com.jme3.bullet.objects.PhysicsRigidBody rebuildRigidBody
INFORMATION: Created 135244467a0.
Sept. 13, 2026 4:25:54 AM com.jme3.bullet.objects.PhysicsRigidBody rebuildRigidBody
INFORMATION: Created 135244447c0.
Sept. 13, 2026 4:25:54 AM com.jme3.bullet.objects.PhysicsRigidBody rebuildRigidBody
INFORMATION: Created 13524442b10.
Sept. 13, 2026 4:25:54 AM com.jme3.bullet.objects.PhysicsRigidBody rebuildRigidBody
INFORMATION: Created 13524445150.
Sept. 13, 2026 4:25:54 AM com.jme3.bullet.objects.PhysicsRigidBody rebuildRigidBody
INFORMATION: Created 13524445480.
Sept. 13, 2026 4:25:54 AM com.jme3.bullet.objects.PhysicsRigidBody rebuildRigidBody
INFORMATION: Created 13524446ad0.
Sept. 13, 2026 4:25:54 AM com.jme3.bullet.objects.PhysicsRigidBody rebuildRigidBody
INFORMATION: Created 13524446e00.
Sept. 13, 2026 4:25:54 AM com.jme3.bullet.objects.PhysicsRigidBody rebuildRigidBody
INFORMATION: Created 1351b619460.
Sept. 13, 2026 4:25:54 AM com.jme3.bullet.objects.PhysicsRigidBody rebuildRigidBody
INFORMATION: Created 1351b619790.
Sept. 13, 2026 4:25:54 AM com.jme3.bullet.objects.PhysicsRigidBody rebuildRigidBody
INFORMATION: Created 1351b61a120.
Sept. 13, 2026 4:25:54 AM com.jme3.bullet.objects.PhysicsRigidBody rebuildRigidBody
INFORMATION: Created 1351b61aab0.
Sept. 13, 2026 4:25:54 AM com.jme3.bullet.objects.PhysicsRigidBody rebuildRigidBody
INFORMATION: Created 1351b619ac0.
Sept. 13, 2026 4:25:54 AM com.jme3.bullet.objects.PhysicsRigidBody rebuildRigidBody
INFORMATION: Created 1351b61a450.
Sept. 13, 2026 4:25:54 AM com.jme3.bullet.objects.PhysicsRigidBody rebuildRigidBody
INFORMATION: Created 1351b61a780.
Sept. 13, 2026 4:25:54 AM com.jme3.bullet.objects.PhysicsRigidBody rebuildRigidBody
INFORMATION: Created 1351b61e0e0.
Sept. 13, 2026 4:25:54 AM com.jme3.bullet.objects.PhysicsRigidBody rebuildRigidBody
INFORMATION: Created 1351b61da80.
[GAME] Willkommen im Ödland. Folge dem Feuer zu Mira. [E]
[GAME] Goblin besiegt  +35 EP  +8 Gold
[GAME] Goblin besiegt  +35 EP  +8 Gold
Sept. 13, 2026 4:25:55 AM com.jme3.anim.SkinningControl controlRender
INFORMATION: Hardware skinning engaged for Scene (Node)
Sept. 13, 2026 4:25:55 AM com.jme3.anim.SkinningControl controlRender
INFORMATION: Hardware skinning engaged for Scene (Node)
Sept. 13, 2026 4:25:55 AM com.jme3.anim.SkinningControl controlRender
INFORMATION: Hardware skinning engaged for Scene (Node)
Sept. 13, 2026 4:25:55 AM com.jme3.anim.SkinningControl controlRender
INFORMATION: Hardware skinning engaged for Scene (Node)
[SMOKE] stage 32
[CHECK] Trap fires when the player comes near
[CHECK] Trap does not reach a player who stopped short of it
[GAME] Dornengang  -  die Klingen fahren aus!
[SMOKE] stage 33
[CHECK] Re-armed trap catches a player standing on it
[SMOKE] stage 34
