[INFO] Scanning for projects...
[INFO] 
[INFO] ----------------------< de.pentagon:aschensiegel >----------------------
[INFO] Building Pentagon: Das Aschensiegel 1.0.0
[INFO]   from pom.xml
[INFO] --------------------------------[ jar ]---------------------------------
[INFO] 
[INFO] --- clean:3.2.0:clean (default-clean) @ aschensiegel ---
[INFO] Deleting C:\Users\kkfre\Daten\IdeaProjects\PentagonQuestRemastered\target
[INFO] 
[INFO] --- resources:3.3.1:resources (default-resources) @ aschensiegel ---
[INFO] Copying 76 resources from src\main\resources to target\classes
[INFO] 
[INFO] --- compiler:3.14.0:compile (default-compile) @ aschensiegel ---
[INFO] Recompiling the module because of changed source code.
[INFO] Compiling 38 source files with javac [debug release 17] to target\classes
[INFO] /C:/Users/kkfre/Daten/IdeaProjects/PentagonQuestRemastered/src/main/java/de/pentagon/assets/CharacterFactory.java: Einige Eingabedateien verwenden oder überschreiben eine veraltete API.
[INFO] /C:/Users/kkfre/Daten/IdeaProjects/PentagonQuestRemastered/src/main/java/de/pentagon/assets/CharacterFactory.java: Wiederholen Sie die Kompilierung mit -Xlint:deprecation, um Details zu erhalten.
[INFO] 
[INFO] --- resources:3.3.1:testResources (default-testResources) @ aschensiegel ---
[INFO] skip non existing resourceDirectory C:\Users\kkfre\Daten\IdeaProjects\PentagonQuestRemastered\src\test\resources
[INFO] 
[INFO] --- compiler:3.14.0:testCompile (default-testCompile) @ aschensiegel ---
[INFO] Recompiling the module because of changed dependency.
[INFO] Compiling 7 source files with javac [debug release 17] to target\test-classes
[INFO] 
[INFO] --- surefire:3.5.3:test (default-test) @ aschensiegel ---
[INFO] Using auto detected provider org.apache.maven.surefire.junitplatform.JUnitPlatformProvider
[INFO] 
[INFO] -------------------------------------------------------
[INFO]  T E S T S
[INFO] -------------------------------------------------------
[INFO] Running de.pentagon.AssetTest
[INFO] Tests run: 13, Failures: 0, Errors: 0, Skipped: 0, Time elapsed: 4.775 s -- in de.pentagon.AssetTest
[INFO] Running de.pentagon.CampaignTest
[INFO] Tests run: 19, Failures: 0, Errors: 0, Skipped: 0, Time elapsed: 0.163 s -- in de.pentagon.CampaignTest
[INFO] Running de.pentagon.CombatTest
[INFO] Tests run: 13, Failures: 0, Errors: 0, Skipped: 0, Time elapsed: 0.025 s -- in de.pentagon.CombatTest
[INFO] Running de.pentagon.DifficultyTest
[INFO] Tests run: 3, Failures: 0, Errors: 0, Skipped: 0, Time elapsed: 0.011 s -- in de.pentagon.DifficultyTest
[INFO] Running de.pentagon.ProgressionTest
[INFO] Tests run: 8, Failures: 0, Errors: 0, Skipped: 0, Time elapsed: 0.010 s -- in de.pentagon.ProgressionTest
[INFO] Running de.pentagon.SaveTest
[INFO] Tests run: 7, Failures: 0, Errors: 0, Skipped: 0, Time elapsed: 0.269 s -- in de.pentagon.SaveTest
[INFO] Running de.pentagon.SettingsTest
[INFO] Tests run: 8, Failures: 0, Errors: 0, Skipped: 0, Time elapsed: 0.049 s -- in de.pentagon.SettingsTest
[INFO] 
[INFO] Results:
[INFO] 
[INFO] Tests run: 71, Failures: 0, Errors: 0, Skipped: 0
[INFO] 
[INFO] 
[INFO] --- jar:3.4.1:jar (default-jar) @ aschensiegel ---
[INFO] Building jar: C:\Users\kkfre\Daten\IdeaProjects\PentagonQuestRemastered\target\aschensiegel-1.0.0.jar
[INFO] 
[INFO] --- shade:3.6.0:shade (default) @ aschensiegel ---
[INFO] Including org.jmonkeyengine:jme3-core:jar:3.8.1-stable in the shaded jar.
[INFO] Including org.jmonkeyengine:jme3-desktop:jar:3.8.1-stable in the shaded jar.
[INFO] Including org.jmonkeyengine:jme3-lwjgl3:jar:3.8.1-stable in the shaded jar.
[INFO] Including org.lwjglx:lwjgl3-awt:jar:0.2.3 in the shaded jar.
[INFO] Including org.lwjgl:lwjgl:jar:3.3.6 in the shaded jar.
[INFO] Including org.lwjgl:lwjgl-glfw:jar:3.3.6 in the shaded jar.
[INFO] Including org.lwjgl:lwjgl-jawt:jar:3.3.6 in the shaded jar.
[INFO] Including org.lwjgl:lwjgl-jemalloc:jar:3.3.6 in the shaded jar.
[INFO] Including org.lwjgl:lwjgl-openal:jar:3.3.6 in the shaded jar.
[INFO] Including org.lwjgl:lwjgl-opencl:jar:3.3.6 in the shaded jar.
[INFO] Including org.lwjgl:lwjgl-opengl:jar:3.3.6 in the shaded jar.
[INFO] Including org.lwjgl:lwjgl:jar:natives-windows:3.3.6 in the shaded jar.
[INFO] Including org.lwjgl:lwjgl:jar:natives-windows-x86:3.3.6 in the shaded jar.
[INFO] Including org.lwjgl:lwjgl:jar:natives-linux:3.3.6 in the shaded jar.
[INFO] Including org.lwjgl:lwjgl:jar:natives-linux-arm32:3.3.6 in the shaded jar.
[INFO] Including org.lwjgl:lwjgl:jar:natives-linux-arm64:3.3.6 in the shaded jar.
[INFO] Including org.lwjgl:lwjgl:jar:natives-macos:3.3.6 in the shaded jar.
[INFO] Including org.lwjgl:lwjgl:jar:natives-macos-arm64:3.3.6 in the shaded jar.
[INFO] Including org.lwjgl:lwjgl-glfw:jar:natives-windows:3.3.6 in the shaded jar.
[INFO] Including org.lwjgl:lwjgl-glfw:jar:natives-windows-x86:3.3.6 in the shaded jar.
[INFO] Including org.lwjgl:lwjgl-glfw:jar:natives-linux:3.3.6 in the shaded jar.
[INFO] Including org.lwjgl:lwjgl-glfw:jar:natives-linux-arm32:3.3.6 in the shaded jar.
[INFO] Including org.lwjgl:lwjgl-glfw:jar:natives-linux-arm64:3.3.6 in the shaded jar.
[INFO] Including org.lwjgl:lwjgl-glfw:jar:natives-macos:3.3.6 in the shaded jar.
[INFO] Including org.lwjgl:lwjgl-glfw:jar:natives-macos-arm64:3.3.6 in the shaded jar.
[INFO] Including org.lwjgl:lwjgl-jemalloc:jar:natives-windows:3.3.6 in the shaded jar.
[INFO] Including org.lwjgl:lwjgl-jemalloc:jar:natives-windows-x86:3.3.6 in the shaded jar.
[INFO] Including org.lwjgl:lwjgl-jemalloc:jar:natives-linux:3.3.6 in the shaded jar.
[INFO] Including org.lwjgl:lwjgl-jemalloc:jar:natives-linux-arm32:3.3.6 in the shaded jar.
[INFO] Including org.lwjgl:lwjgl-jemalloc:jar:natives-linux-arm64:3.3.6 in the shaded jar.
[INFO] Including org.lwjgl:lwjgl-jemalloc:jar:natives-macos:3.3.6 in the shaded jar.
[INFO] Including org.lwjgl:lwjgl-jemalloc:jar:natives-macos-arm64:3.3.6 in the shaded jar.
[INFO] Including org.lwjgl:lwjgl-opengl:jar:natives-windows:3.3.6 in the shaded jar.
[INFO] Including org.lwjgl:lwjgl-opengl:jar:natives-windows-x86:3.3.6 in the shaded jar.
[INFO] Including org.lwjgl:lwjgl-opengl:jar:natives-linux:3.3.6 in the shaded jar.
[INFO] Including org.lwjgl:lwjgl-opengl:jar:natives-linux-arm32:3.3.6 in the shaded jar.
[INFO] Including org.lwjgl:lwjgl-opengl:jar:natives-linux-arm64:3.3.6 in the shaded jar.
[INFO] Including org.lwjgl:lwjgl-opengl:jar:natives-macos:3.3.6 in the shaded jar.
[INFO] Including org.lwjgl:lwjgl-opengl:jar:natives-macos-arm64:3.3.6 in the shaded jar.
[INFO] Including org.lwjgl:lwjgl-openal:jar:natives-windows:3.3.6 in the shaded jar.
[INFO] Including org.lwjgl:lwjgl-openal:jar:natives-windows-x86:3.3.6 in the shaded jar.
[INFO] Including org.lwjgl:lwjgl-openal:jar:natives-linux:3.3.6 in the shaded jar.
[INFO] Including org.lwjgl:lwjgl-openal:jar:natives-linux-arm32:3.3.6 in the shaded jar.
[INFO] Including org.lwjgl:lwjgl-openal:jar:natives-linux-arm64:3.3.6 in the shaded jar.
[INFO] Including org.lwjgl:lwjgl-openal:jar:natives-macos:3.3.6 in the shaded jar.
[INFO] Including org.lwjgl:lwjgl-openal:jar:natives-macos-arm64:3.3.6 in the shaded jar.
[INFO] Including org.jmonkeyengine:jme3-effects:jar:3.8.1-stable in the shaded jar.
[INFO] Including org.jmonkeyengine:jme3-plugins:jar:3.8.1-stable in the shaded jar.
[INFO] Including org.jmonkeyengine:jme3-plugins-json:jar:3.8.1-stable in the shaded jar.
[INFO] Including org.jmonkeyengine:jme3-plugins-json-gson:jar:3.8.1-stable in the shaded jar.
[INFO] Including org.jmonkeyengine:jme3-jogg:jar:3.8.1-stable in the shaded jar.
[INFO] Including com.github.stephengold:j-ogg-vorbis:jar:1.0.6 in the shaded jar.
[INFO] Including com.github.stephengold:Minie:jar:9.0.3 in the shaded jar.
[INFO] Including com.github.stephengold:Heart:jar:9.2.0 in the shaded jar.
[INFO] Including com.simsilica:sim-math:jar:1.6.0 in the shaded jar.
[INFO] Including org.slf4j:slf4j-api:jar:1.7.32 in the shaded jar.
[INFO] Including org.jmonkeyengine:jme3-terrain:jar:3.8.1-stable in the shaded jar.
[INFO] Including com.github.stephengold:Libbulletjme-Linux64:jar:SpRelease:22.0.3 in the shaded jar.
[INFO] Including com.github.stephengold:Libbulletjme-Linux_ARM32hf:jar:SpRelease:22.0.3 in the shaded jar.
[INFO] Including com.github.stephengold:Libbulletjme-Linux_ARM64:jar:SpRelease:22.0.3 in the shaded jar.
[INFO] Including com.github.stephengold:Libbulletjme-MacOSX64:jar:SpRelease:22.0.3 in the shaded jar.
[INFO] Including com.github.stephengold:Libbulletjme-MacOSX_ARM64:jar:SpRelease:22.0.3 in the shaded jar.
[INFO] Including com.github.stephengold:Libbulletjme-Windows64:jar:SpRelease:22.0.3 in the shaded jar.
[INFO] Including com.google.code.gson:gson:jar:2.13.1 in the shaded jar.
[INFO] Including com.google.errorprone:error_prone_annotations:jar:2.38.0 in the shaded jar.
[WARNING] lwjgl-openal-3.3.6-natives-macos.jar, lwjgl-openal-3.3.6.jar define 1 overlapping resource: 
[WARNING]   - META-INF/macos/x64/org/lwjgl/openal/libopenal.dylib.sha1
[WARNING] lwjgl-jemalloc-3.3.6-natives-linux.jar, lwjgl-jemalloc-3.3.6.jar define 1 overlapping resource: 
[WARNING]   - META-INF/linux/x64/org/lwjgl/jemalloc/libjemalloc.so.sha1
[WARNING] lwjgl-openal-3.3.6-natives-linux-arm64.jar, lwjgl-openal-3.3.6.jar define 1 overlapping resource: 
[WARNING]   - META-INF/linux/arm64/org/lwjgl/openal/libopenal.so.sha1
[WARNING] lwjgl-opengl-3.3.6-natives-linux-arm64.jar, lwjgl-opengl-3.3.6.jar define 1 overlapping resource: 
[WARNING]   - META-INF/linux/arm64/org/lwjgl/opengl/liblwjgl_opengl.so.sha1
[WARNING] lwjgl-3.3.6-natives-macos.jar, lwjgl-3.3.6.jar define 1 overlapping resource: 
[WARNING]   - META-INF/macos/x64/org/lwjgl/liblwjgl.dylib.sha1
[WARNING] lwjgl-opengl-3.3.6-natives-macos.jar, lwjgl-opengl-3.3.6.jar define 1 overlapping resource: 
[WARNING]   - META-INF/macos/x64/org/lwjgl/opengl/liblwjgl_opengl.dylib.sha1
[WARNING] lwjgl-3.3.6-natives-linux-arm64.jar, lwjgl-3.3.6.jar define 1 overlapping resource: 
[WARNING]   - META-INF/linux/arm64/org/lwjgl/liblwjgl.so.sha1
[WARNING] lwjgl-jemalloc-3.3.6-natives-macos-arm64.jar, lwjgl-jemalloc-3.3.6.jar define 1 overlapping resource: 
[WARNING]   - META-INF/macos/arm64/org/lwjgl/jemalloc/libjemalloc.dylib.sha1
[WARNING] lwjgl-glfw-3.3.6-natives-linux.jar, lwjgl-glfw-3.3.6.jar define 1 overlapping resource: 
[WARNING]   - META-INF/linux/x64/org/lwjgl/glfw/libglfw.so.sha1
[WARNING] lwjgl-jemalloc-3.3.6-natives-windows-x86.jar, lwjgl-jemalloc-3.3.6.jar define 1 overlapping resource: 
[WARNING]   - META-INF/windows/x86/org/lwjgl/jemalloc/jemalloc.dll.sha1
[WARNING] lwjgl-opengl-3.3.6-natives-linux-arm32.jar, lwjgl-opengl-3.3.6.jar define 1 overlapping resource: 
[WARNING]   - META-INF/linux/arm32/org/lwjgl/opengl/liblwjgl_opengl.so.sha1
[WARNING] lwjgl-glfw-3.3.6-natives-windows.jar, lwjgl-glfw-3.3.6.jar define 1 overlapping resource: 
[WARNING]   - META-INF/windows/x64/org/lwjgl/glfw/glfw.dll.sha1
[WARNING] lwjgl-openal-3.3.6-natives-windows.jar, lwjgl-openal-3.3.6.jar define 1 overlapping resource: 
[WARNING]   - META-INF/windows/x64/org/lwjgl/openal/OpenAL.dll.sha1
[WARNING] lwjgl-openal-3.3.6-natives-windows-x86.jar, lwjgl-openal-3.3.6.jar define 1 overlapping resource: 
[WARNING]   - META-INF/windows/x86/org/lwjgl/openal/OpenAL.dll.sha1
[WARNING] lwjgl-openal-3.3.6-natives-linux.jar, lwjgl-openal-3.3.6.jar define 1 overlapping resource: 
[WARNING]   - META-INF/linux/x64/org/lwjgl/openal/libopenal.so.sha1
[WARNING] lwjgl-opengl-3.3.6-natives-windows-x86.jar, lwjgl-opengl-3.3.6.jar define 1 overlapping resource: 
[WARNING]   - META-INF/windows/x86/org/lwjgl/opengl/lwjgl_opengl.dll.sha1
[WARNING] lwjgl-3.3.6-natives-windows.jar, lwjgl-3.3.6.jar define 1 overlapping resource: 
[WARNING]   - META-INF/windows/x64/org/lwjgl/lwjgl.dll.sha1
[WARNING] lwjgl-jemalloc-3.3.6-natives-linux-arm64.jar, lwjgl-jemalloc-3.3.6.jar define 1 overlapping resource: 
[WARNING]   - META-INF/linux/arm64/org/lwjgl/jemalloc/libjemalloc.so.sha1
[WARNING] lwjgl-jemalloc-3.3.6-natives-windows.jar, lwjgl-jemalloc-3.3.6.jar define 1 overlapping resource: 
[WARNING]   - META-INF/windows/x64/org/lwjgl/jemalloc/jemalloc.dll.sha1
[WARNING] lwjgl-glfw-3.3.6-natives-linux-arm32.jar, lwjgl-glfw-3.3.6.jar define 1 overlapping resource: 
[WARNING]   - META-INF/linux/arm32/org/lwjgl/glfw/libglfw.so.sha1
[WARNING] lwjgl-3.3.6-natives-linux-arm32.jar, lwjgl-3.3.6-natives-linux-arm64.jar, lwjgl-3.3.6-natives-linux.jar, lwjgl-3.3.6-natives-macos-arm64.jar, lwjgl-3.3.6-natives-macos.jar, lwjgl-3.3.6-natives-windows-x86.jar, lwjgl-3.3.6-natives-windows.jar, lwjgl-3.3.6.jar, lwjgl-glfw-3.3.6-natives-linux-arm32.jar, lwjgl-glfw-3.3.6-natives-linux-arm64.jar, lwjgl-glfw-3.3.6-natives-linux.jar, lwjgl-glfw-3.3.6-natives-macos-arm64.jar, lwjgl-glfw-3.3.6-natives-macos.jar, lwjgl-glfw-3.3.6-natives-windows-x86.jar, lwjgl-glfw-3.3.6-natives-windows.jar, lwjgl-glfw-3.3.6.jar, lwjgl-jawt-3.3.6.jar, lwjgl-jemalloc-3.3.6-natives-linux-arm32.jar, lwjgl-jemalloc-3.3.6-natives-linux-arm64.jar, lwjgl-jemalloc-3.3.6-natives-linux.jar, lwjgl-jemalloc-3.3.6-natives-macos-arm64.jar, lwjgl-jemalloc-3.3.6-natives-macos.jar, lwjgl-jemalloc-3.3.6-natives-windows-x86.jar, lwjgl-jemalloc-3.3.6-natives-windows.jar, lwjgl-jemalloc-3.3.6.jar, lwjgl-openal-3.3.6-natives-linux-arm32.jar, lwjgl-openal-3.3.6-natives-linux-arm64.jar, lwjgl-openal-3.3.6-natives-linux.jar, lwjgl-openal-3.3.6-natives-macos-arm64.jar, lwjgl-openal-3.3.6-natives-macos.jar, lwjgl-openal-3.3.6-natives-windows-x86.jar, lwjgl-openal-3.3.6-natives-windows.jar, lwjgl-openal-3.3.6.jar, lwjgl-opencl-3.3.6.jar, lwjgl-opengl-3.3.6-natives-linux-arm32.jar, lwjgl-opengl-3.3.6-natives-linux-arm64.jar, lwjgl-opengl-3.3.6-natives-linux.jar, lwjgl-opengl-3.3.6-natives-macos-arm64.jar, lwjgl-opengl-3.3.6-natives-macos.jar, lwjgl-opengl-3.3.6-natives-windows-x86.jar, lwjgl-opengl-3.3.6-natives-windows.jar, lwjgl-opengl-3.3.6.jar define 1 overlapping classes: 
[WARNING]   - META-INF.versions.11.module-info
[WARNING] lwjgl-opengl-3.3.6-natives-linux.jar, lwjgl-opengl-3.3.6.jar define 1 overlapping resource: 
[WARNING]   - META-INF/linux/x64/org/lwjgl/opengl/liblwjgl_opengl.so.sha1
[WARNING] lwjgl-openal-3.3.6-natives-linux-arm32.jar, lwjgl-openal-3.3.6.jar define 1 overlapping resource: 
[WARNING]   - META-INF/linux/arm32/org/lwjgl/openal/libopenal.so.sha1
[WARNING] lwjgl-glfw-3.3.6-natives-windows-x86.jar, lwjgl-glfw-3.3.6.jar define 1 overlapping resource: 
[WARNING]   - META-INF/windows/x86/org/lwjgl/glfw/glfw.dll.sha1
[WARNING] lwjgl-3.3.6-natives-linux-arm32.jar, lwjgl-3.3.6.jar define 1 overlapping resource: 
[WARNING]   - META-INF/linux/arm32/org/lwjgl/liblwjgl.so.sha1
[WARNING] lwjgl-glfw-3.3.6-natives-macos-arm64.jar, lwjgl-glfw-3.3.6.jar define 2 overlapping resources: 
[WARNING]   - META-INF/macos/arm64/org/lwjgl/glfw/libglfw.dylib.sha1
[WARNING]   - META-INF/macos/arm64/org/lwjgl/glfw/libglfw_async.dylib.sha1
[WARNING] Heart-9.2.0.jar, Libbulletjme-Linux64-22.0.3-SpRelease.jar, Libbulletjme-Linux_ARM32hf-22.0.3-SpRelease.jar, Libbulletjme-Linux_ARM64-22.0.3-SpRelease.jar, Libbulletjme-MacOSX64-22.0.3-SpRelease.jar, Libbulletjme-MacOSX_ARM64-22.0.3-SpRelease.jar, Libbulletjme-Windows64-22.0.3-SpRelease.jar, Minie-9.0.3.jar, aschensiegel-1.0.0.jar, error_prone_annotations-2.38.0.jar, gson-2.13.1.jar, j-ogg-vorbis-1.0.6.jar, jme3-core-3.8.1-stable.jar, jme3-desktop-3.8.1-stable.jar, jme3-effects-3.8.1-stable.jar, jme3-jogg-3.8.1-stable.jar, jme3-lwjgl3-3.8.1-stable.jar, jme3-plugins-3.8.1-stable.jar, jme3-plugins-json-3.8.1-stable.jar, jme3-plugins-json-gson-3.8.1-stable.jar, jme3-terrain-3.8.1-stable.jar, lwjgl-3.3.6-natives-linux-arm32.jar, lwjgl-3.3.6-natives-linux-arm64.jar, lwjgl-3.3.6-natives-linux.jar, lwjgl-3.3.6-natives-macos-arm64.jar, lwjgl-3.3.6-natives-macos.jar, lwjgl-3.3.6-natives-windows-x86.jar, lwjgl-3.3.6-natives-windows.jar, lwjgl-3.3.6.jar, lwjgl-glfw-3.3.6-natives-linux-arm32.jar, lwjgl-glfw-3.3.6-natives-linux-arm64.jar, lwjgl-glfw-3.3.6-natives-linux.jar, lwjgl-glfw-3.3.6-natives-macos-arm64.jar, lwjgl-glfw-3.3.6-natives-macos.jar, lwjgl-glfw-3.3.6-natives-windows-x86.jar, lwjgl-glfw-3.3.6-natives-windows.jar, lwjgl-glfw-3.3.6.jar, lwjgl-jawt-3.3.6.jar, lwjgl-jemalloc-3.3.6-natives-linux-arm32.jar, lwjgl-jemalloc-3.3.6-natives-linux-arm64.jar, lwjgl-jemalloc-3.3.6-natives-linux.jar, lwjgl-jemalloc-3.3.6-natives-macos-arm64.jar, lwjgl-jemalloc-3.3.6-natives-macos.jar, lwjgl-jemalloc-3.3.6-natives-windows-x86.jar, lwjgl-jemalloc-3.3.6-natives-windows.jar, lwjgl-jemalloc-3.3.6.jar, lwjgl-openal-3.3.6-natives-linux-arm32.jar, lwjgl-openal-3.3.6-natives-linux-arm64.jar, lwjgl-openal-3.3.6-natives-linux.jar, lwjgl-openal-3.3.6-natives-macos-arm64.jar, lwjgl-openal-3.3.6-natives-macos.jar, lwjgl-openal-3.3.6-natives-windows-x86.jar, lwjgl-openal-3.3.6-natives-windows.jar, lwjgl-openal-3.3.6.jar, lwjgl-opencl-3.3.6.jar, lwjgl-opengl-3.3.6-natives-linux-arm32.jar, lwjgl-opengl-3.3.6-natives-linux-arm64.jar, lwjgl-opengl-3.3.6-natives-linux.jar, lwjgl-opengl-3.3.6-natives-macos-arm64.jar, lwjgl-opengl-3.3.6-natives-macos.jar, lwjgl-opengl-3.3.6-natives-windows-x86.jar, lwjgl-opengl-3.3.6-natives-windows.jar, lwjgl-opengl-3.3.6.jar, lwjgl3-awt-0.2.3.jar, sim-math-1.6.0.jar, slf4j-api-1.7.32.jar define 1 overlapping resource: 
[WARNING]   - META-INF/MANIFEST.MF
[WARNING] error_prone_annotations-2.38.0.jar, gson-2.13.1.jar define 1 overlapping classes: 
[WARNING]   - META-INF.versions.9.module-info
[WARNING] lwjgl-opengl-3.3.6-natives-windows.jar, lwjgl-opengl-3.3.6.jar define 1 overlapping resource: 
[WARNING]   - META-INF/windows/x64/org/lwjgl/opengl/lwjgl_opengl.dll.sha1
[WARNING] lwjgl-glfw-3.3.6-natives-macos.jar, lwjgl-glfw-3.3.6.jar define 2 overlapping resources: 
[WARNING]   - META-INF/macos/x64/org/lwjgl/glfw/libglfw.dylib.sha1
[WARNING]   - META-INF/macos/x64/org/lwjgl/glfw/libglfw_async.dylib.sha1
[WARNING] lwjgl-3.3.6-natives-linux.jar, lwjgl-3.3.6.jar define 1 overlapping resource: 
[WARNING]   - META-INF/linux/x64/org/lwjgl/liblwjgl.so.sha1
[WARNING] lwjgl-opengl-3.3.6-natives-macos-arm64.jar, lwjgl-opengl-3.3.6.jar define 1 overlapping resource: 
[WARNING]   - META-INF/macos/arm64/org/lwjgl/opengl/liblwjgl_opengl.dylib.sha1
[WARNING] lwjgl-openal-3.3.6-natives-macos-arm64.jar, lwjgl-openal-3.3.6.jar define 1 overlapping resource: 
[WARNING]   - META-INF/macos/arm64/org/lwjgl/openal/libopenal.dylib.sha1
[WARNING] lwjgl-jemalloc-3.3.6-natives-macos.jar, lwjgl-jemalloc-3.3.6.jar define 1 overlapping resource: 
[WARNING]   - META-INF/macos/x64/org/lwjgl/jemalloc/libjemalloc.dylib.sha1
[WARNING] lwjgl-jemalloc-3.3.6-natives-linux-arm32.jar, lwjgl-jemalloc-3.3.6.jar define 1 overlapping resource: 
[WARNING]   - META-INF/linux/arm32/org/lwjgl/jemalloc/libjemalloc.so.sha1
[WARNING] lwjgl-3.3.6-natives-macos-arm64.jar, lwjgl-3.3.6.jar define 1 overlapping resource: 
[WARNING]   - META-INF/macos/arm64/org/lwjgl/liblwjgl.dylib.sha1
[WARNING] lwjgl-3.3.6-natives-windows-x86.jar, lwjgl-3.3.6.jar define 1 overlapping resource: 
[WARNING]   - META-INF/windows/x86/org/lwjgl/lwjgl.dll.sha1
[WARNING] lwjgl-glfw-3.3.6-natives-linux-arm64.jar, lwjgl-glfw-3.3.6.jar define 1 overlapping resource: 
[WARNING]   - META-INF/linux/arm64/org/lwjgl/glfw/libglfw.so.sha1
[WARNING] maven-shade-plugin has detected that some files are
[WARNING] present in two or more JARs. When this happens, only one
[WARNING] single version of the file is copied to the uber jar.
[WARNING] Usually this is not harmful and you can skip these warnings,
[WARNING] otherwise try to manually exclude artifacts based on
[WARNING] mvn dependency:tree -Ddetail=true and the above output.
[WARNING] See https://maven.apache.org/plugins/maven-shade-plugin/
[INFO] Replacing original artifact with shaded artifact.
[INFO] Replacing C:\Users\kkfre\Daten\IdeaProjects\PentagonQuestRemastered\target\aschensiegel-1.0.0.jar with C:\Users\kkfre\Daten\IdeaProjects\PentagonQuestRemastered\target\aschensiegel-1.0.0-shaded.jar
[INFO] ------------------------------------------------------------------------
[INFO] BUILD SUCCESS
[INFO] ------------------------------------------------------------------------
[INFO] Total time:  20.560 s
[INFO] Finished at: 2026-09-13T15:08:14+02:00
[INFO] ------------------------------------------------------------------------
Sept. 13, 2026 3:08:14 PM com.jme3.system.JmeDesktopSystem initialize
INFORMATION: Running on jMonkeyEngine 3.8.1-stable
 * Branch: HEAD
 * Git Hash: eca8165
 * Build Date: 2025-05-15
Sept. 13, 2026 3:08:15 PM com.jme3.system.lwjgl.LwjglContext printContextInitInfo
INFORMATION: LWJGL 3.3.6-snapshot context running on thread jME3 Main
 * Graphics Adapter: GLFW 3.5.0 Win32 WGL Null EGL OSMesa VisualC DLL
Sept. 13, 2026 3:08:15 PM com.jme3.renderer.opengl.GLRenderer loadCapabilitiesCommon
INFORMATION: OpenGL Renderer Information
 * Vendor: Intel
 * Renderer: Intel(R) Iris(R) Xe Graphics
 * OpenGL Version: 3.3.0 - Build 31.0.101.4314
 * GLSL Version: 3.30 - Build 31.0.101.4314
 * Profile: Core
Sept. 13, 2026 3:08:15 PM com.jme3.renderer.opengl.GLRenderer setMainFrameBufferSrgb
WARNUNG: Driver claims that default framebuffer is not sRGB capable. Enabling anyway.
Libbulletjme version 22.0.3 initializing
Sept. 13, 2026 3:08:15 PM com.jme3.bullet.objects.PhysicsRigidBody rebuildRigidBody
INFORMATION: Created 28ec121f4e0.
Sept. 13, 2026 3:08:15 PM com.jme3.bullet.objects.PhysicsRigidBody rebuildRigidBody
INFORMATION: Created 28ec121de90.
Sept. 13, 2026 3:08:15 PM com.jme3.bullet.objects.PhysicsRigidBody rebuildRigidBody
INFORMATION: Created 28ec121f1b0.
Sept. 13, 2026 3:08:15 PM com.jme3.bullet.objects.PhysicsRigidBody rebuildRigidBody
INFORMATION: Created 28ec121d830.
Sept. 13, 2026 3:08:15 PM com.jme3.bullet.objects.PhysicsRigidBody rebuildRigidBody
INFORMATION: Created 28ec121fe70.
Sept. 13, 2026 3:08:15 PM com.jme3.bullet.objects.PhysicsRigidBody rebuildRigidBody
INFORMATION: Created 28ec12201a0.
Sept. 13, 2026 3:08:15 PM com.jme3.bullet.objects.PhysicsRigidBody rebuildRigidBody
INFORMATION: Created 28ec1220800.
Sept. 13, 2026 3:08:15 PM com.jme3.bullet.objects.PhysicsRigidBody rebuildRigidBody
INFORMATION: Created 28ec1220b30.
Sept. 13, 2026 3:08:15 PM com.jme3.bullet.objects.PhysicsRigidBody rebuildRigidBody
INFORMATION: Created 28ec1220e60.
Sept. 13, 2026 3:08:15 PM com.jme3.bullet.objects.PhysicsRigidBody rebuildRigidBody
INFORMATION: Created 28ec1221190.
Sept. 13, 2026 3:08:15 PM com.jme3.bullet.objects.PhysicsRigidBody rebuildRigidBody
INFORMATION: Created 28ef3cebb00.
Sept. 13, 2026 3:08:15 PM com.jme3.bullet.objects.PhysicsRigidBody rebuildRigidBody
INFORMATION: Created 28ef3cecaf0.
Sept. 13, 2026 3:08:15 PM com.jme3.bullet.objects.PhysicsRigidBody rebuildRigidBody
INFORMATION: Created 28ef3cece20.
Sept. 13, 2026 3:08:15 PM com.jme3.bullet.objects.PhysicsRigidBody rebuildRigidBody
INFORMATION: Created 28ef3ced150.
Sept. 13, 2026 3:08:15 PM com.jme3.bullet.objects.PhysicsRigidBody rebuildRigidBody
INFORMATION: Created 28ef3cee470.
Sept. 13, 2026 3:08:15 PM com.jme3.bullet.objects.PhysicsRigidBody rebuildRigidBody
INFORMATION: Created 28ef3cede10.
Sept. 13, 2026 3:08:15 PM com.jme3.bullet.objects.PhysicsRigidBody rebuildRigidBody
INFORMATION: Created 28ef3cec7c0.
Sept. 13, 2026 3:08:15 PM com.jme3.bullet.objects.PhysicsRigidBody rebuildRigidBody
INFORMATION: Created 28ef3ced7b0.
Sept. 13, 2026 3:08:15 PM com.jme3.bullet.objects.PhysicsRigidBody rebuildRigidBody
INFORMATION: Created 28ef3ceb4a0.
Sept. 13, 2026 3:08:15 PM com.jme3.bullet.objects.PhysicsRigidBody rebuildRigidBody
INFORMATION: Created 28ef3ced480.
Sept. 13, 2026 3:08:15 PM com.jme3.bullet.objects.PhysicsRigidBody rebuildRigidBody
INFORMATION: Created 28ef3cee140.
Sept. 13, 2026 3:08:15 PM com.jme3.bullet.objects.PhysicsRigidBody rebuildRigidBody
INFORMATION: Created 28ef3ceab10.
Sept. 13, 2026 3:08:15 PM com.jme3.bullet.objects.PhysicsRigidBody rebuildRigidBody
INFORMATION: Created 28ef3cedae0.
Sept. 13, 2026 3:08:15 PM com.jme3.bullet.objects.PhysicsRigidBody rebuildRigidBody
INFORMATION: Created 28ef3ceb7d0.
Sept. 13, 2026 3:08:15 PM com.jme3.bullet.objects.PhysicsRigidBody rebuildRigidBody
INFORMATION: Created 28ef3ceae40.
Sept. 13, 2026 3:08:15 PM com.jme3.bullet.objects.PhysicsRigidBody rebuildRigidBody
INFORMATION: Created 28ef3ceb170.
Sept. 13, 2026 3:08:15 PM com.jme3.bullet.objects.PhysicsRigidBody rebuildRigidBody
INFORMATION: Created 28ef3cebe30.
Sept. 13, 2026 3:08:15 PM com.jme3.bullet.objects.PhysicsRigidBody rebuildRigidBody
INFORMATION: Created 28ef3cec160.
Sept. 13, 2026 3:08:15 PM com.jme3.bullet.objects.PhysicsRigidBody rebuildRigidBody
INFORMATION: Created 28ef3cec490.
Sept. 13, 2026 3:08:15 PM com.jme3.bullet.objects.PhysicsRigidBody rebuildRigidBody
INFORMATION: Created 28ef3f860b0.
Sept. 13, 2026 3:08:15 PM com.jme3.bullet.objects.PhysicsRigidBody rebuildRigidBody
INFORMATION: Created 28ef3f853f0.
Sept. 13, 2026 3:08:15 PM com.jme3.bullet.objects.PhysicsRigidBody rebuildRigidBody
INFORMATION: Created 28ef3f85a50.
Sept. 13, 2026 3:08:15 PM com.jme3.bullet.objects.PhysicsRigidBody rebuildRigidBody
INFORMATION: Created 28ef3f870a0.
Sept. 13, 2026 3:08:15 PM com.jme3.bullet.objects.PhysicsRigidBody rebuildRigidBody
INFORMATION: Created 28ef3f83da0.
Sept. 13, 2026 3:08:15 PM com.jme3.bullet.objects.PhysicsRigidBody rebuildRigidBody
INFORMATION: Created 28ef3f863e0.
Sept. 13, 2026 3:08:15 PM com.jme3.bullet.objects.PhysicsRigidBody rebuildRigidBody
INFORMATION: Created 28ef3f86710.
Sept. 13, 2026 3:08:15 PM com.jme3.bullet.objects.PhysicsRigidBody rebuildRigidBody
INFORMATION: Created 28ef3f86a40.
Sept. 13, 2026 3:08:15 PM com.jme3.bullet.objects.PhysicsRigidBody rebuildRigidBody
INFORMATION: Created 28ef3f840d0.
Sept. 13, 2026 3:08:15 PM com.jme3.bullet.objects.PhysicsRigidBody rebuildRigidBody
INFORMATION: Created 28ef3f84400.
Sept. 13, 2026 3:08:15 PM com.jme3.bullet.objects.PhysicsRigidBody rebuildRigidBody
INFORMATION: Created 28ef3f84730.
Sept. 13, 2026 3:08:15 PM com.jme3.bullet.objects.PhysicsRigidBody rebuildRigidBody
INFORMATION: Created 28ef3f84a60.
Sept. 13, 2026 3:08:15 PM com.jme3.bullet.objects.PhysicsRigidBody rebuildRigidBody
INFORMATION: Created 28ef3f84d90.
Sept. 13, 2026 3:08:15 PM com.jme3.bullet.objects.PhysicsRigidBody rebuildRigidBody
INFORMATION: Created 28ef3f850c0.
Sept. 13, 2026 3:08:15 PM com.jme3.bullet.objects.PhysicsRigidBody rebuildRigidBody
INFORMATION: Created 28ef3f85720.
Sept. 13, 2026 3:08:15 PM com.jme3.bullet.objects.PhysicsRigidBody rebuildRigidBody
INFORMATION: Created 28ef41cd600.
Sept. 13, 2026 3:08:15 PM com.jme3.bullet.objects.PhysicsRigidBody rebuildRigidBody
INFORMATION: Created 28ef41cafc0.
Sept. 13, 2026 3:08:15 PM com.jme3.bullet.objects.PhysicsRigidBody rebuildRigidBody
INFORMATION: Created 28ef41cdc60.
Sept. 13, 2026 3:08:15 PM com.jme3.bullet.objects.PhysicsRigidBody rebuildRigidBody
INFORMATION: Created 28ef41cd2d0.
Sept. 13, 2026 3:08:15 PM com.jme3.bullet.objects.PhysicsRigidBody rebuildRigidBody
INFORMATION: Created 28ef41cdf90.
Sept. 13, 2026 3:08:15 PM com.jme3.bullet.objects.PhysicsRigidBody rebuildRigidBody
INFORMATION: Created 28ef41cd930.
Sept. 13, 2026 3:08:15 PM com.jme3.bullet.objects.PhysicsRigidBody rebuildRigidBody
INFORMATION: Created 28ef41cc2e0.
Sept. 13, 2026 3:08:15 PM com.jme3.bullet.objects.PhysicsRigidBody rebuildRigidBody
INFORMATION: Created 28ef41ce2c0.
Sept. 13, 2026 3:08:15 PM com.jme3.bullet.objects.PhysicsRigidBody rebuildRigidBody
INFORMATION: Created 28ef41cc610.
Sept. 13, 2026 3:08:15 PM com.jme3.bullet.objects.PhysicsRigidBody rebuildRigidBody
INFORMATION: Created 28ef41ce5f0.
Sept. 13, 2026 3:08:15 PM com.jme3.bullet.objects.PhysicsRigidBody rebuildRigidBody
INFORMATION: Created 28ef41cac90.
Sept. 13, 2026 3:08:15 PM com.jme3.bullet.objects.PhysicsRigidBody rebuildRigidBody
INFORMATION: Created 28ef41cb2f0.
Sept. 13, 2026 3:08:15 PM com.jme3.bullet.objects.PhysicsRigidBody rebuildRigidBody
INFORMATION: Created 28ef41cbfb0.
Sept. 13, 2026 3:08:15 PM com.jme3.bullet.objects.PhysicsRigidBody rebuildRigidBody
INFORMATION: Created 28ef41cb620.
Sept. 13, 2026 3:08:15 PM com.jme3.bullet.objects.PhysicsRigidBody rebuildRigidBody
INFORMATION: Created 28ef41cb950.
Sept. 13, 2026 3:08:15 PM com.jme3.bullet.objects.PhysicsRigidBody rebuildRigidBody
INFORMATION: Created 28ef41cbc80.
Sept. 13, 2026 3:08:15 PM com.jme3.bullet.objects.PhysicsRigidBody rebuildRigidBody
INFORMATION: Created 28ef41cc940.
Sept. 13, 2026 3:08:15 PM com.jme3.bullet.objects.PhysicsRigidBody rebuildRigidBody
INFORMATION: Created 28ef41ccc70.
Sept. 13, 2026 3:08:15 PM com.jme3.bullet.objects.PhysicsRigidBody rebuildRigidBody
INFORMATION: Created 28ef41ccfa0.
Sept. 13, 2026 3:08:15 PM com.jme3.bullet.objects.PhysicsRigidBody rebuildRigidBody
INFORMATION: Created 28ef452b290.
Sept. 13, 2026 3:08:15 PM com.jme3.bullet.objects.PhysicsRigidBody rebuildRigidBody
INFORMATION: Created 28ef452a900.
Sept. 13, 2026 3:08:15 PM com.jme3.bullet.objects.PhysicsRigidBody rebuildRigidBody
INFORMATION: Created 28ef452a5d0.
Sept. 13, 2026 3:08:15 PM com.jme3.bullet.objects.PhysicsRigidBody rebuildRigidBody
INFORMATION: Created 28ef452ac30.
Sept. 13, 2026 3:08:15 PM com.jme3.bullet.objects.PhysicsRigidBody rebuildRigidBody
INFORMATION: Created 28ef452af60.
Sept. 13, 2026 3:08:15 PM com.jme3.bullet.objects.PhysicsRigidBody rebuildRigidBody
INFORMATION: Created 28ef452a2a0.
Sept. 13, 2026 3:08:15 PM com.jme3.bullet.objects.PhysicsRigidBody rebuildRigidBody
INFORMATION: Created 28ef4527930.
Sept. 13, 2026 3:08:15 PM com.jme3.bullet.objects.PhysicsRigidBody rebuildRigidBody
INFORMATION: Created 28ef4527c60.
Sept. 13, 2026 3:08:15 PM com.jme3.bullet.objects.PhysicsRigidBody rebuildRigidBody
INFORMATION: Created 28ef4527f90.
Sept. 13, 2026 3:08:15 PM com.jme3.bullet.objects.PhysicsRigidBody rebuildRigidBody
INFORMATION: Created 28ef45282c0.
Sept. 13, 2026 3:08:15 PM com.jme3.bullet.objects.PhysicsRigidBody rebuildRigidBody
INFORMATION: Created 28ef45285f0.
Sept. 13, 2026 3:08:15 PM com.jme3.bullet.objects.PhysicsRigidBody rebuildRigidBody
INFORMATION: Created 28ef4528c50.
Sept. 13, 2026 3:08:15 PM com.jme3.bullet.objects.PhysicsRigidBody rebuildRigidBody
INFORMATION: Created 28ef4528f80.
Sept. 13, 2026 3:08:15 PM com.jme3.bullet.objects.PhysicsRigidBody rebuildRigidBody
INFORMATION: Created 28ef4528920.
Sept. 13, 2026 3:08:15 PM com.jme3.bullet.objects.PhysicsRigidBody rebuildRigidBody
INFORMATION: Created 28ef4529910.
Sept. 13, 2026 3:08:15 PM com.jme3.bullet.objects.PhysicsRigidBody rebuildRigidBody
INFORMATION: Created 28ef45292b0.
Sept. 13, 2026 3:08:15 PM com.jme3.bullet.objects.PhysicsRigidBody rebuildRigidBody
INFORMATION: Created 28ef45295e0.
Sept. 13, 2026 3:08:15 PM com.jme3.bullet.objects.PhysicsRigidBody rebuildRigidBody
INFORMATION: Created 28ef4529c40.
Sept. 13, 2026 3:08:15 PM com.jme3.bullet.objects.PhysicsRigidBody rebuildRigidBody
INFORMATION: Created 28ef4529f70.
Sept. 13, 2026 3:08:15 PM com.jme3.bullet.objects.PhysicsRigidBody rebuildRigidBody
INFORMATION: Created 28ef4330610.
Sept. 13, 2026 3:08:15 PM com.jme3.bullet.objects.PhysicsRigidBody rebuildRigidBody
INFORMATION: Created 28ef4331f90.
Sept. 13, 2026 3:08:15 PM com.jme3.bullet.objects.PhysicsRigidBody rebuildRigidBody
INFORMATION: Created 28ef4331600.
Sept. 13, 2026 3:08:15 PM com.jme3.bullet.objects.PhysicsRigidBody rebuildRigidBody
INFORMATION: Created 28ef4332c50.
Sept. 13, 2026 3:08:15 PM com.jme3.bullet.objects.PhysicsRigidBody rebuildRigidBody
INFORMATION: Created 28ef4332f80.
Sept. 13, 2026 3:08:15 PM com.jme3.bullet.objects.PhysicsRigidBody rebuildRigidBody
INFORMATION: Created 28ef4330940.
Sept. 13, 2026 3:08:15 PM com.jme3.bullet.objects.PhysicsRigidBody rebuildRigidBody
INFORMATION: Created 28ef4332920.
Sept. 13, 2026 3:08:15 PM com.jme3.bullet.objects.PhysicsRigidBody rebuildRigidBody
INFORMATION: Created 28ef43332b0.
Sept. 13, 2026 3:08:15 PM com.jme3.bullet.objects.PhysicsRigidBody rebuildRigidBody
INFORMATION: Created 28ef43322c0.
Sept. 13, 2026 3:08:15 PM com.jme3.bullet.objects.PhysicsRigidBody rebuildRigidBody
INFORMATION: Created 28ef4330c70.
Sept. 13, 2026 3:08:15 PM com.jme3.bullet.objects.PhysicsRigidBody rebuildRigidBody
INFORMATION: Created 28ef43325f0.
Sept. 13, 2026 3:08:15 PM com.jme3.bullet.objects.PhysicsRigidBody rebuildRigidBody
INFORMATION: Created 28ef43335e0.
Sept. 13, 2026 3:08:15 PM com.jme3.bullet.objects.PhysicsRigidBody rebuildRigidBody
INFORMATION: Created 28ef43312d0.
Sept. 13, 2026 3:08:15 PM com.jme3.bullet.objects.PhysicsRigidBody rebuildRigidBody
INFORMATION: Created 28ef4331c60.
Sept. 13, 2026 3:08:15 PM com.jme3.bullet.objects.PhysicsRigidBody rebuildRigidBody
INFORMATION: Created 28ef4333910.
Sept. 13, 2026 3:08:15 PM com.jme3.bullet.objects.PhysicsRigidBody rebuildRigidBody
INFORMATION: Created 28ef4331930.
Sept. 13, 2026 3:08:15 PM com.jme3.bullet.objects.PhysicsRigidBody rebuildRigidBody
INFORMATION: Created 28ef432ffb0.
Sept. 13, 2026 3:08:15 PM com.jme3.bullet.objects.PhysicsRigidBody rebuildRigidBody
INFORMATION: Created 28ef43302e0.
Sept. 13, 2026 3:08:15 PM com.jme3.bullet.objects.PhysicsRigidBody rebuildRigidBody
INFORMATION: Created 28ef4330fa0.
Sept. 13, 2026 3:08:15 PM com.jme3.bullet.objects.PhysicsRigidBody rebuildRigidBody
INFORMATION: Created 28ef44442c0.
Sept. 13, 2026 3:08:15 PM com.jme3.bullet.objects.PhysicsRigidBody rebuildRigidBody
INFORMATION: Created 28ef4443c60.
Sept. 13, 2026 3:08:15 PM com.jme3.bullet.objects.PhysicsRigidBody rebuildRigidBody
INFORMATION: Created 28ef44445f0.
Sept. 13, 2026 3:08:15 PM com.jme3.bullet.objects.PhysicsRigidBody rebuildRigidBody
INFORMATION: Created 28ef4442c70.
Sept. 13, 2026 3:08:15 PM com.jme3.bullet.objects.PhysicsRigidBody rebuildRigidBody
INFORMATION: Created 28ef4440fc0.
Sept. 13, 2026 3:08:15 PM com.jme3.bullet.objects.PhysicsRigidBody rebuildRigidBody
INFORMATION: Created 28ef4441620.
Sept. 13, 2026 3:08:15 PM com.jme3.bullet.objects.PhysicsRigidBody rebuildRigidBody
INFORMATION: Created 28ef4443f90.
Sept. 13, 2026 3:08:15 PM com.jme3.bullet.objects.PhysicsRigidBody rebuildRigidBody
INFORMATION: Created 28ef4444920.
Sept. 13, 2026 3:08:15 PM com.jme3.bullet.objects.PhysicsRigidBody rebuildRigidBody
INFORMATION: Created 28ef4440c90.
Sept. 13, 2026 3:08:15 PM com.jme3.bullet.objects.PhysicsRigidBody rebuildRigidBody
INFORMATION: Created 28ef4442fa0.
Sept. 13, 2026 3:08:15 PM com.jme3.bullet.objects.PhysicsRigidBody rebuildRigidBody
INFORMATION: Created 28ef44432d0.
Sept. 13, 2026 3:08:15 PM com.jme3.bullet.objects.PhysicsRigidBody rebuildRigidBody
INFORMATION: Created 28ef4443600.
Sept. 13, 2026 3:08:15 PM com.jme3.bullet.objects.PhysicsRigidBody rebuildRigidBody
INFORMATION: Created 28ef4443930.
Sept. 13, 2026 3:08:15 PM com.jme3.bullet.objects.PhysicsRigidBody rebuildRigidBody
INFORMATION: Created 28ef4444c50.
Sept. 13, 2026 3:08:15 PM com.jme3.bullet.objects.PhysicsRigidBody rebuildRigidBody
INFORMATION: Created 28ef4444f80.
Sept. 13, 2026 3:08:15 PM com.jme3.bullet.objects.PhysicsRigidBody rebuildRigidBody
INFORMATION: Created 28ef44412f0.
Sept. 13, 2026 3:08:15 PM com.jme3.bullet.objects.PhysicsRigidBody rebuildRigidBody
INFORMATION: Created 28ef44452b0.
Sept. 13, 2026 3:08:15 PM com.jme3.bullet.objects.PhysicsRigidBody rebuildRigidBody
INFORMATION: Created 28ef44455e0.
Sept. 13, 2026 3:08:15 PM com.jme3.bullet.objects.PhysicsRigidBody rebuildRigidBody
INFORMATION: Created 28ef4441950.
Sept. 13, 2026 3:08:15 PM com.jme3.bullet.objects.PhysicsRigidBody rebuildRigidBody
INFORMATION: Created 28ef4445910.
Sept. 13, 2026 3:08:15 PM com.jme3.bullet.objects.PhysicsRigidBody rebuildRigidBody
INFORMATION: Created 28ef4441c80.
Sept. 13, 2026 3:08:15 PM com.jme3.bullet.objects.PhysicsRigidBody rebuildRigidBody
INFORMATION: Created 28ef4445c40.
Sept. 13, 2026 3:08:15 PM com.jme3.bullet.objects.PhysicsRigidBody rebuildRigidBody
INFORMATION: Created 28ef4442940.
Sept. 13, 2026 3:08:15 PM com.jme3.bullet.objects.PhysicsRigidBody rebuildRigidBody
INFORMATION: Created 28ef4441fb0.
Sept. 13, 2026 3:08:15 PM com.jme3.bullet.objects.PhysicsRigidBody rebuildRigidBody
INFORMATION: Created 28ef4445f70.
Sept. 13, 2026 3:08:15 PM com.jme3.bullet.objects.PhysicsRigidBody rebuildRigidBody
INFORMATION: Created 28ef44422e0.
Sept. 13, 2026 3:08:15 PM com.jme3.bullet.objects.PhysicsRigidBody rebuildRigidBody
INFORMATION: Created 28ef44462a0.
Sept. 13, 2026 3:08:15 PM com.jme3.bullet.objects.PhysicsRigidBody rebuildRigidBody
INFORMATION: Created 28ef4442610.
Sept. 13, 2026 3:08:15 PM com.jme3.bullet.objects.PhysicsRigidBody rebuildRigidBody
INFORMATION: Created 28ef44485b0.
Sept. 13, 2026 3:08:15 PM com.jme3.bullet.objects.PhysicsRigidBody rebuildRigidBody
INFORMATION: Created 28ef44465d0.
Sept. 13, 2026 3:08:15 PM com.jme3.bullet.objects.PhysicsRigidBody rebuildRigidBody
INFORMATION: Created 28ef4446900.
Sept. 13, 2026 3:08:15 PM com.jme3.bullet.objects.PhysicsRigidBody rebuildRigidBody
INFORMATION: Created 28ef4446c30.
Sept. 13, 2026 3:08:15 PM com.jme3.bullet.objects.PhysicsRigidBody rebuildRigidBody
INFORMATION: Created 28ef44488e0.
Sept. 13, 2026 3:08:15 PM com.jme3.bullet.objects.PhysicsRigidBody rebuildRigidBody
INFORMATION: Created 28ef4446f60.
Sept. 13, 2026 3:08:15 PM com.jme3.bullet.objects.PhysicsRigidBody rebuildRigidBody
INFORMATION: Created 28ef4447290.
Sept. 13, 2026 3:08:15 PM com.jme3.bullet.objects.PhysicsRigidBody rebuildRigidBody
INFORMATION: Created 28ef44478f0.
Sept. 13, 2026 3:08:15 PM com.jme3.bullet.objects.PhysicsRigidBody rebuildRigidBody
INFORMATION: Created 28ef44475c0.
Sept. 13, 2026 3:08:15 PM com.jme3.bullet.objects.PhysicsRigidBody rebuildRigidBody
INFORMATION: Created 28ef4447c20.
Sept. 13, 2026 3:08:15 PM com.jme3.bullet.objects.PhysicsRigidBody rebuildRigidBody
INFORMATION: Created 28ef4448280.
Sept. 13, 2026 3:08:15 PM com.jme3.bullet.objects.PhysicsRigidBody rebuildRigidBody
INFORMATION: Created 28ef3f1d000.
Sept. 13, 2026 3:08:15 PM com.jme3.bullet.objects.PhysicsRigidBody rebuildRigidBody
INFORMATION: Created 28ef3f1c670.
Sept. 13, 2026 3:08:15 PM com.jme3.bullet.objects.PhysicsRigidBody rebuildRigidBody
INFORMATION: Created 28ef3f1d330.
Sept. 13, 2026 3:08:15 PM com.jme3.bullet.objects.PhysicsRigidBody rebuildRigidBody
INFORMATION: Created 28ef3f1a690.
Sept. 13, 2026 3:08:15 PM com.jme3.bullet.objects.PhysicsRigidBody rebuildRigidBody
INFORMATION: Created 28ef3f1c9a0.
Sept. 13, 2026 3:08:16 PM com.jme3.bullet.objects.PhysicsRigidBody rebuildRigidBody
INFORMATION: Created 28ef3f19d00.
Sept. 13, 2026 3:08:16 PM com.jme3.bullet.objects.PhysicsRigidBody rebuildRigidBody
INFORMATION: Created 28ef3f1d660.
Sept. 13, 2026 3:08:16 PM com.jme3.bullet.objects.PhysicsRigidBody rebuildRigidBody
INFORMATION: Created 28ef3f199d0.
Sept. 13, 2026 3:08:16 PM com.jme3.bullet.objects.PhysicsRigidBody rebuildRigidBody
INFORMATION: Created 28ef3f1a9c0.
Sept. 13, 2026 3:08:16 PM com.jme3.bullet.objects.PhysicsRigidBody rebuildRigidBody
INFORMATION: Created 28ef3f1c010.
Sept. 13, 2026 3:08:16 PM com.jme3.bullet.objects.PhysicsRigidBody rebuildRigidBody
INFORMATION: Created 28ef3f1ccd0.
Sept. 13, 2026 3:08:16 PM com.jme3.bullet.objects.PhysicsRigidBody rebuildRigidBody
INFORMATION: Created 28ef3f1b020.
Sept. 13, 2026 3:08:16 PM com.jme3.bullet.objects.PhysicsRigidBody rebuildRigidBody
INFORMATION: Created 28ef3f1d990.
Sept. 13, 2026 3:08:16 PM com.jme3.bullet.objects.PhysicsRigidBody rebuildRigidBody
INFORMATION: Created 28ef3f1b680.
Sept. 13, 2026 3:08:16 PM com.jme3.bullet.objects.PhysicsRigidBody rebuildRigidBody
INFORMATION: Created 28ef3f1dcc0.
Sept. 13, 2026 3:08:16 PM com.jme3.bullet.objects.PhysicsRigidBody rebuildRigidBody
INFORMATION: Created 28ef3f1a030.
Sept. 13, 2026 3:08:16 PM com.jme3.bullet.objects.PhysicsRigidBody rebuildRigidBody
INFORMATION: Created 28ef3f1b350.
Sept. 13, 2026 3:08:16 PM com.jme3.bullet.objects.PhysicsRigidBody rebuildRigidBody
INFORMATION: Created 28ef3f1dff0.
Sept. 13, 2026 3:08:16 PM com.jme3.bullet.objects.PhysicsRigidBody rebuildRigidBody
INFORMATION: Created 28ef3f1b9b0.
Sept. 13, 2026 3:08:16 PM com.jme3.bullet.objects.PhysicsRigidBody rebuildRigidBody
INFORMATION: Created 28ef3f1a360.
Sept. 13, 2026 3:08:16 PM com.jme3.bullet.objects.PhysicsRigidBody rebuildRigidBody
INFORMATION: Created 28ef3f1e320.
Sept. 13, 2026 3:08:16 PM com.jme3.bullet.objects.PhysicsRigidBody rebuildRigidBody
INFORMATION: Created 28ef3f1efe0.
Sept. 13, 2026 3:08:16 PM com.jme3.bullet.objects.PhysicsRigidBody rebuildRigidBody
INFORMATION: Created 28ef3f1e650.
Sept. 13, 2026 3:08:16 PM com.jme3.bullet.objects.PhysicsRigidBody rebuildRigidBody
INFORMATION: Created 28ef3f1e980.
Sept. 13, 2026 3:08:16 PM com.jme3.bullet.objects.PhysicsRigidBody rebuildRigidBody
INFORMATION: Created 28ef3f1ecb0.
Sept. 13, 2026 3:08:16 PM com.jme3.bullet.objects.PhysicsRigidBody rebuildRigidBody
INFORMATION: Created 28ef3f1f640.
Sept. 13, 2026 3:08:16 PM com.jme3.bullet.objects.PhysicsRigidBody rebuildRigidBody
INFORMATION: Created 28ef3f1f970.
Sept. 13, 2026 3:08:16 PM com.jme3.bullet.objects.PhysicsRigidBody rebuildRigidBody
INFORMATION: Created 28ef3f1bce0.
Sept. 13, 2026 3:08:16 PM com.jme3.bullet.objects.PhysicsRigidBody rebuildRigidBody
INFORMATION: Created 28ef3f1fca0.
Sept. 13, 2026 3:08:16 PM com.jme3.bullet.objects.PhysicsRigidBody rebuildRigidBody
INFORMATION: Created 28ef3f1ffd0.
Sept. 13, 2026 3:08:16 PM com.jme3.bullet.objects.PhysicsRigidBody rebuildRigidBody
INFORMATION: Created 28ef3f1c340.
Sept. 13, 2026 3:08:16 PM com.jme3.bullet.objects.PhysicsRigidBody rebuildRigidBody
INFORMATION: Created 28ef3f20300.
Sept. 13, 2026 3:08:16 PM com.jme3.bullet.objects.PhysicsRigidBody rebuildRigidBody
INFORMATION: Created 28ef3f20630.
Sept. 13, 2026 3:08:16 PM com.jme3.bullet.objects.PhysicsRigidBody rebuildRigidBody
INFORMATION: Created 28ef3f20960.
Sept. 13, 2026 3:08:16 PM com.jme3.bullet.objects.PhysicsRigidBody rebuildRigidBody
INFORMATION: Created 28ef3f20c90.
Sept. 13, 2026 3:08:16 PM com.jme3.bullet.objects.PhysicsRigidBody rebuildRigidBody
INFORMATION: Created 28ef3f20fc0.
Sept. 13, 2026 3:08:16 PM com.jme3.bullet.objects.PhysicsRigidBody rebuildRigidBody
INFORMATION: Created 28ef3f212f0.
Sept. 13, 2026 3:08:16 PM com.jme3.bullet.objects.PhysicsRigidBody rebuildRigidBody
INFORMATION: Created 28ef3f21620.
Sept. 13, 2026 3:08:16 PM com.jme3.bullet.objects.PhysicsRigidBody rebuildRigidBody
INFORMATION: Created 28ef9060d00.
Sept. 13, 2026 3:08:16 PM com.jme3.bullet.objects.PhysicsRigidBody rebuildRigidBody
INFORMATION: Created 28ef9062350.
Sept. 13, 2026 3:08:16 PM com.jme3.bullet.objects.PhysicsRigidBody rebuildRigidBody
INFORMATION: Created 28ef90609d0.
Sept. 13, 2026 3:08:17 PM com.jme3.bullet.objects.PhysicsRigidBody rebuildRigidBody
INFORMATION: Created 28ef9386bb0.
Sept. 13, 2026 3:08:17 PM com.jme3.bullet.objects.PhysicsRigidBody rebuildRigidBody
INFORMATION: Created 28ef9386550.
Sept. 13, 2026 3:08:17 PM com.jme3.bullet.objects.PhysicsRigidBody rebuildRigidBody
INFORMATION: Created 28ef9386ee0.
Sept. 13, 2026 3:08:17 PM com.jme3.anim.SkinningControl controlRender
INFORMATION: Hardware skinning engaged for Scene (Node)
Sept. 13, 2026 3:08:17 PM com.jme3.anim.SkinningControl controlRender
INFORMATION: Hardware skinning engaged for Scene (Node)
Sept. 13, 2026 3:08:17 PM com.jme3.anim.SkinningControl controlRender
INFORMATION: Hardware skinning engaged for Scene (Node)
Sept. 13, 2026 3:08:17 PM com.jme3.anim.SkinningControl controlRender
INFORMATION: Hardware skinning engaged for Scene (Node)
[SMOKE] stage 0
[SMOKE] stage 1
Sept. 13, 2026 3:08:20 PM com.jme3.bullet.objects.PhysicsRigidBody rebuildRigidBody
INFORMATION: Created 28ef9386880.
Sept. 13, 2026 3:08:20 PM com.jme3.bullet.objects.PhysicsRigidBody rebuildRigidBody
INFORMATION: Created 28efdccb220.
Sept. 13, 2026 3:08:20 PM com.jme3.bullet.objects.PhysicsRigidBody rebuildRigidBody
INFORMATION: Created 28efdcccba0.
Sept. 13, 2026 3:08:20 PM com.jme3.bullet.objects.PhysicsRigidBody rebuildRigidBody
INFORMATION: Created 28efdccc540.
Sept. 13, 2026 3:08:20 PM com.jme3.bullet.objects.PhysicsRigidBody rebuildRigidBody
INFORMATION: Created 28efdccbee0.
Sept. 13, 2026 3:08:20 PM com.jme3.bullet.objects.PhysicsRigidBody rebuildRigidBody
INFORMATION: Created 28efdccb550.
Sept. 13, 2026 3:08:20 PM com.jme3.bullet.objects.PhysicsRigidBody rebuildRigidBody
INFORMATION: Created 28efdccc870.
Sept. 13, 2026 3:08:20 PM com.jme3.bullet.objects.PhysicsRigidBody rebuildRigidBody
INFORMATION: Created 28efdccb880.
Sept. 13, 2026 3:08:20 PM com.jme3.bullet.objects.PhysicsRigidBody rebuildRigidBody
INFORMATION: Created 28efdccbbb0.
Sept. 13, 2026 3:08:20 PM com.jme3.bullet.objects.PhysicsRigidBody rebuildRigidBody
INFORMATION: Created 28efdccc210.
Sept. 13, 2026 3:08:20 PM com.jme3.bullet.objects.PhysicsRigidBody rebuildRigidBody
INFORMATION: Created 28ec11b35b0.
Sept. 13, 2026 3:08:20 PM com.jme3.bullet.objects.PhysicsRigidBody rebuildRigidBody
INFORMATION: Created 28ec11b38e0.
Sept. 13, 2026 3:08:20 PM com.jme3.bullet.objects.PhysicsRigidBody rebuildRigidBody
INFORMATION: Created 28ec11b3280.
Sept. 13, 2026 3:08:20 PM com.jme3.bullet.objects.PhysicsRigidBody rebuildRigidBody
INFORMATION: Created 28ec11b3f40.
Sept. 13, 2026 3:08:20 PM com.jme3.bullet.objects.PhysicsRigidBody rebuildRigidBody
INFORMATION: Created 28ec11b3c10.
Sept. 13, 2026 3:08:20 PM com.jme3.bullet.objects.PhysicsRigidBody rebuildRigidBody
INFORMATION: Created 28ec11b4270.
Sept. 13, 2026 3:08:20 PM com.jme3.bullet.objects.PhysicsRigidBody rebuildRigidBody
INFORMATION: Created 28ec11b28f0.
Sept. 13, 2026 3:08:20 PM com.jme3.bullet.objects.PhysicsRigidBody rebuildRigidBody
INFORMATION: Created 28ec11b2c20.
Sept. 13, 2026 3:08:20 PM com.jme3.bullet.objects.PhysicsRigidBody rebuildRigidBody
INFORMATION: Created 28ec11b2f50.
Sept. 13, 2026 3:08:20 PM com.jme3.bullet.objects.PhysicsRigidBody rebuildRigidBody
INFORMATION: Created 28ec11b4900.
Sept. 13, 2026 3:08:20 PM com.jme3.bullet.objects.PhysicsRigidBody rebuildRigidBody
INFORMATION: Created 28ec11b4c30.
Sept. 13, 2026 3:08:20 PM com.jme3.bullet.objects.PhysicsRigidBody rebuildRigidBody
INFORMATION: Created 28ec11b55c0.
Sept. 13, 2026 3:08:20 PM com.jme3.bullet.objects.PhysicsRigidBody rebuildRigidBody
INFORMATION: Created 28ec11b4f60.
Sept. 13, 2026 3:08:20 PM com.jme3.bullet.objects.PhysicsRigidBody rebuildRigidBody
INFORMATION: Created 28ec11b5c20.
Sept. 13, 2026 3:08:20 PM com.jme3.bullet.objects.PhysicsRigidBody rebuildRigidBody
INFORMATION: Created 28ec11b5f50.
Sept. 13, 2026 3:08:20 PM com.jme3.bullet.objects.PhysicsRigidBody rebuildRigidBody
INFORMATION: Created 28ec11b5290.
Sept. 13, 2026 3:08:20 PM com.jme3.bullet.objects.PhysicsRigidBody rebuildRigidBody
INFORMATION: Created 28ec11b58f0.
Sept. 13, 2026 3:08:20 PM com.jme3.bullet.objects.PhysicsRigidBody rebuildRigidBody
INFORMATION: Created 28ec11b6280.
Sept. 13, 2026 3:08:20 PM com.jme3.bullet.objects.PhysicsRigidBody rebuildRigidBody
INFORMATION: Created 28ec108e860.
Sept. 13, 2026 3:08:20 PM com.jme3.bullet.objects.PhysicsRigidBody rebuildRigidBody
INFORMATION: Created 28ec108cee0.
Sept. 13, 2026 3:08:20 PM com.jme3.bullet.objects.PhysicsRigidBody rebuildRigidBody
INFORMATION: Created 28ec108d870.
Sept. 13, 2026 3:08:20 PM com.jme3.bullet.objects.PhysicsRigidBody rebuildRigidBody
INFORMATION: Created 28ec108d210.
Sept. 13, 2026 3:08:20 PM com.jme3.bullet.objects.PhysicsRigidBody rebuildRigidBody
INFORMATION: Created 28ec108d540.
Sept. 13, 2026 3:08:20 PM com.jme3.bullet.objects.PhysicsRigidBody rebuildRigidBody
INFORMATION: Created 28ec108ded0.
Sept. 13, 2026 3:08:20 PM com.jme3.bullet.objects.PhysicsRigidBody rebuildRigidBody
INFORMATION: Created 28ec108dba0.
Sept. 13, 2026 3:08:20 PM com.jme3.bullet.objects.PhysicsRigidBody rebuildRigidBody
INFORMATION: Created 28ec108e200.
Sept. 13, 2026 3:08:20 PM com.jme3.bullet.objects.PhysicsRigidBody rebuildRigidBody
INFORMATION: Created 28ec108e530.
Sept. 13, 2026 3:08:20 PM com.jme3.bullet.objects.PhysicsRigidBody rebuildRigidBody
INFORMATION: Created 28ec1090540.
Sept. 13, 2026 3:08:20 PM com.jme3.bullet.objects.PhysicsRigidBody rebuildRigidBody
INFORMATION: Created 28ec108f550.
Sept. 13, 2026 3:08:20 PM com.jme3.bullet.objects.PhysicsRigidBody rebuildRigidBody
INFORMATION: Created 28ec108f220.
Sept. 13, 2026 3:08:20 PM com.jme3.bullet.objects.PhysicsRigidBody rebuildRigidBody
INFORMATION: Created 28ec108f880.
Sept. 13, 2026 3:08:20 PM com.jme3.bullet.objects.PhysicsRigidBody rebuildRigidBody
INFORMATION: Created 28ec108fbb0.
Sept. 13, 2026 3:08:20 PM com.jme3.bullet.objects.PhysicsRigidBody rebuildRigidBody
INFORMATION: Created 28ec1090870.
Sept. 13, 2026 3:08:20 PM com.jme3.bullet.objects.PhysicsRigidBody rebuildRigidBody
INFORMATION: Created 28ec108eef0.
Sept. 13, 2026 3:08:20 PM com.jme3.bullet.objects.PhysicsRigidBody rebuildRigidBody
INFORMATION: Created 28ec108fee0.
Sept. 13, 2026 3:08:20 PM com.jme3.bullet.objects.PhysicsRigidBody rebuildRigidBody
INFORMATION: Created 28ec1090210.
Sept. 13, 2026 3:08:20 PM com.jme3.bullet.objects.PhysicsRigidBody rebuildRigidBody
INFORMATION: Created 28ec1836c60.
Sept. 13, 2026 3:08:20 PM com.jme3.bullet.objects.PhysicsRigidBody rebuildRigidBody
INFORMATION: Created 28ec1836f90.
Sept. 13, 2026 3:08:20 PM com.jme3.bullet.objects.PhysicsRigidBody rebuildRigidBody
INFORMATION: Created 28ec1837920.
Sept. 13, 2026 3:08:20 PM com.jme3.bullet.objects.PhysicsRigidBody rebuildRigidBody
INFORMATION: Created 28ec18372c0.
Sept. 13, 2026 3:08:20 PM com.jme3.bullet.objects.PhysicsRigidBody rebuildRigidBody
INFORMATION: Created 28ec18375f0.
Sept. 13, 2026 3:08:20 PM com.jme3.bullet.objects.PhysicsRigidBody rebuildRigidBody
INFORMATION: Created 28ec1837f80.
Sept. 13, 2026 3:08:20 PM com.jme3.bullet.objects.PhysicsRigidBody rebuildRigidBody
INFORMATION: Created 28ec1837c50.
Sept. 13, 2026 3:08:20 PM com.jme3.bullet.objects.PhysicsRigidBody rebuildRigidBody
INFORMATION: Created 28ec18382b0.
Sept. 13, 2026 3:08:20 PM com.jme3.bullet.objects.PhysicsRigidBody rebuildRigidBody
INFORMATION: Created 28ec18385e0.
Sept. 13, 2026 3:08:20 PM com.jme3.bullet.objects.PhysicsRigidBody rebuildRigidBody
INFORMATION: Created 28effdedb00.
Sept. 13, 2026 3:08:20 PM com.jme3.bullet.objects.PhysicsRigidBody rebuildRigidBody
INFORMATION: Created 28effdee490.
Sept. 13, 2026 3:08:20 PM com.jme3.bullet.objects.PhysicsRigidBody rebuildRigidBody
INFORMATION: Created 28effdede30.
Sept. 13, 2026 3:08:20 PM com.jme3.bullet.objects.PhysicsRigidBody rebuildRigidBody
INFORMATION: Created 28effded170.
Sept. 13, 2026 3:08:20 PM com.jme3.bullet.objects.PhysicsRigidBody rebuildRigidBody
INFORMATION: Created 28effdee160.
Sept. 13, 2026 3:08:20 PM com.jme3.bullet.objects.PhysicsRigidBody rebuildRigidBody
INFORMATION: Created 28effded4a0.
Sept. 13, 2026 3:08:20 PM com.jme3.bullet.objects.PhysicsRigidBody rebuildRigidBody
INFORMATION: Created 28effdecb10.
Sept. 13, 2026 3:08:20 PM com.jme3.bullet.objects.PhysicsRigidBody rebuildRigidBody
INFORMATION: Created 28effdece40.
Sept. 13, 2026 3:08:20 PM com.jme3.bullet.objects.PhysicsRigidBody rebuildRigidBody
INFORMATION: Created 28effded7d0.
Sept. 13, 2026 3:08:20 PM com.jme3.bullet.objects.PhysicsRigidBody rebuildRigidBody
INFORMATION: Created 28f001bca20.
Sept. 13, 2026 3:08:20 PM com.jme3.bullet.objects.PhysicsRigidBody rebuildRigidBody
INFORMATION: Created 28f001bbd60.
Sept. 13, 2026 3:08:20 PM com.jme3.bullet.objects.PhysicsRigidBody rebuildRigidBody
INFORMATION: Created 28f001bb3d0.
Sept. 13, 2026 3:08:20 PM com.jme3.bullet.objects.PhysicsRigidBody rebuildRigidBody
INFORMATION: Created 28f001bcd50.
Sept. 13, 2026 3:08:20 PM com.jme3.bullet.objects.PhysicsRigidBody rebuildRigidBody
INFORMATION: Created 28f001bc090.
Sept. 13, 2026 3:08:20 PM com.jme3.bullet.objects.PhysicsRigidBody rebuildRigidBody
INFORMATION: Created 28f001bc6f0.
Sept. 13, 2026 3:08:20 PM com.jme3.bullet.objects.PhysicsRigidBody rebuildRigidBody
INFORMATION: Created 28f001bc3c0.
Sept. 13, 2026 3:08:20 PM com.jme3.bullet.objects.PhysicsRigidBody rebuildRigidBody
INFORMATION: Created 28f001bb700.
Sept. 13, 2026 3:08:20 PM com.jme3.bullet.objects.PhysicsRigidBody rebuildRigidBody
INFORMATION: Created 28f001bba30.
Sept. 13, 2026 3:08:20 PM com.jme3.bullet.objects.PhysicsRigidBody rebuildRigidBody
INFORMATION: Created 28efb4ba200.
Sept. 13, 2026 3:08:20 PM com.jme3.bullet.objects.PhysicsRigidBody rebuildRigidBody
INFORMATION: Created 28efb4ba530.
Sept. 13, 2026 3:08:20 PM com.jme3.bullet.objects.PhysicsRigidBody rebuildRigidBody
INFORMATION: Created 28efb4b9870.
Sept. 13, 2026 3:08:20 PM com.jme3.bullet.objects.PhysicsRigidBody rebuildRigidBody
INFORMATION: Created 28efb4b9210.
Sept. 13, 2026 3:08:20 PM com.jme3.bullet.objects.PhysicsRigidBody rebuildRigidBody
INFORMATION: Created 28efb4ba860.
Sept. 13, 2026 3:08:20 PM com.jme3.bullet.objects.PhysicsRigidBody rebuildRigidBody
INFORMATION: Created 28efb4bab90.
Sept. 13, 2026 3:08:20 PM com.jme3.bullet.objects.PhysicsRigidBody rebuildRigidBody
INFORMATION: Created 28efb4b9540.
Sept. 13, 2026 3:08:20 PM com.jme3.bullet.objects.PhysicsRigidBody rebuildRigidBody
INFORMATION: Created 28efb4b9ba0.
Sept. 13, 2026 3:08:20 PM com.jme3.bullet.objects.PhysicsRigidBody rebuildRigidBody
INFORMATION: Created 28efb4b9ed0.
Sept. 13, 2026 3:08:20 PM com.jme3.bullet.objects.PhysicsRigidBody rebuildRigidBody
INFORMATION: Created 28efb507a20.
Sept. 13, 2026 3:08:20 PM com.jme3.bullet.objects.PhysicsRigidBody rebuildRigidBody
INFORMATION: Created 28efb50a390.
Sept. 13, 2026 3:08:20 PM com.jme3.bullet.objects.PhysicsRigidBody rebuildRigidBody
INFORMATION: Created 28efb508d40.
Sept. 13, 2026 3:08:20 PM com.jme3.bullet.objects.PhysicsRigidBody rebuildRigidBody
INFORMATION: Created 28efb5076f0.
Sept. 13, 2026 3:08:20 PM com.jme3.bullet.objects.PhysicsRigidBody rebuildRigidBody
INFORMATION: Created 28efb50a6c0.
Sept. 13, 2026 3:08:20 PM com.jme3.bullet.objects.PhysicsRigidBody rebuildRigidBody
INFORMATION: Created 28efb5093a0.
Sept. 13, 2026 3:08:20 PM com.jme3.bullet.objects.PhysicsRigidBody rebuildRigidBody
INFORMATION: Created 28efb509d30.
Sept. 13, 2026 3:08:20 PM com.jme3.bullet.objects.PhysicsRigidBody rebuildRigidBody
INFORMATION: Created 28efb509a00.
Sept. 13, 2026 3:08:20 PM com.jme3.bullet.objects.PhysicsRigidBody rebuildRigidBody
INFORMATION: Created 28efb50ad20.
Sept. 13, 2026 3:08:20 PM com.jme3.bullet.objects.PhysicsRigidBody rebuildRigidBody
INFORMATION: Created 28efb50a060.
Sept. 13, 2026 3:08:20 PM com.jme3.bullet.objects.PhysicsRigidBody rebuildRigidBody
INFORMATION: Created 28efb507d50.
Sept. 13, 2026 3:08:20 PM com.jme3.bullet.objects.PhysicsRigidBody rebuildRigidBody
INFORMATION: Created 28efb50a9f0.
Sept. 13, 2026 3:08:20 PM com.jme3.bullet.objects.PhysicsRigidBody rebuildRigidBody
INFORMATION: Created 28efb50b050.
Sept. 13, 2026 3:08:20 PM com.jme3.bullet.objects.PhysicsRigidBody rebuildRigidBody
INFORMATION: Created 28efb508080.
Sept. 13, 2026 3:08:20 PM com.jme3.bullet.objects.PhysicsRigidBody rebuildRigidBody
INFORMATION: Created 28efb5086e0.
Sept. 13, 2026 3:08:20 PM com.jme3.bullet.objects.PhysicsRigidBody rebuildRigidBody
INFORMATION: Created 28efb508a10.
Sept. 13, 2026 3:08:20 PM com.jme3.bullet.objects.PhysicsRigidBody rebuildRigidBody
INFORMATION: Created 28efb5083b0.
Sept. 13, 2026 3:08:20 PM com.jme3.bullet.objects.PhysicsRigidBody rebuildRigidBody
INFORMATION: Created 28efb509070.
Sept. 13, 2026 3:08:20 PM com.jme3.bullet.objects.PhysicsRigidBody rebuildRigidBody
INFORMATION: Created 28efb5096d0.
Sept. 13, 2026 3:08:20 PM com.jme3.bullet.objects.PhysicsRigidBody rebuildRigidBody
INFORMATION: Created 28efd984d20.
Sept. 13, 2026 3:08:20 PM com.jme3.bullet.objects.PhysicsRigidBody rebuildRigidBody
INFORMATION: Created 28efd9859e0.
Sept. 13, 2026 3:08:20 PM com.jme3.bullet.objects.PhysicsRigidBody rebuildRigidBody
INFORMATION: Created 28efd985380.
Sept. 13, 2026 3:08:20 PM com.jme3.bullet.objects.PhysicsRigidBody rebuildRigidBody
INFORMATION: Created 28efd9869d0.
Sept. 13, 2026 3:08:20 PM com.jme3.bullet.objects.PhysicsRigidBody rebuildRigidBody
INFORMATION: Created 28efd985d10.
Sept. 13, 2026 3:08:20 PM com.jme3.bullet.objects.PhysicsRigidBody rebuildRigidBody
INFORMATION: Created 28efd987360.
Sept. 13, 2026 3:08:20 PM com.jme3.bullet.objects.PhysicsRigidBody rebuildRigidBody
INFORMATION: Created 28efd987690.
Sept. 13, 2026 3:08:20 PM com.jme3.bullet.objects.PhysicsRigidBody rebuildRigidBody
INFORMATION: Created 28efd984390.
Sept. 13, 2026 3:08:20 PM com.jme3.bullet.objects.PhysicsRigidBody rebuildRigidBody
INFORMATION: Created 28efd986040.
Sept. 13, 2026 3:08:20 PM com.jme3.bullet.objects.PhysicsRigidBody rebuildRigidBody
INFORMATION: Created 28efd9879c0.
Sept. 13, 2026 3:08:20 PM com.jme3.bullet.objects.PhysicsRigidBody rebuildRigidBody
INFORMATION: Created 28efd986370.
Sept. 13, 2026 3:08:20 PM com.jme3.bullet.objects.PhysicsRigidBody rebuildRigidBody
INFORMATION: Created 28efd9849f0.
Sept. 13, 2026 3:08:20 PM com.jme3.bullet.objects.PhysicsRigidBody rebuildRigidBody
INFORMATION: Created 28efd986d00.
Sept. 13, 2026 3:08:20 PM com.jme3.bullet.objects.PhysicsRigidBody rebuildRigidBody
INFORMATION: Created 28efd985050.
Sept. 13, 2026 3:08:20 PM com.jme3.bullet.objects.PhysicsRigidBody rebuildRigidBody
INFORMATION: Created 28efd9846c0.
Sept. 13, 2026 3:08:20 PM com.jme3.bullet.objects.PhysicsRigidBody rebuildRigidBody
INFORMATION: Created 28efd9866a0.
Sept. 13, 2026 3:08:20 PM com.jme3.bullet.objects.PhysicsRigidBody rebuildRigidBody
INFORMATION: Created 28efd9856b0.
Sept. 13, 2026 3:08:20 PM com.jme3.bullet.objects.PhysicsRigidBody rebuildRigidBody
INFORMATION: Created 28efd987030.
Sept. 13, 2026 3:08:20 PM com.jme3.bullet.objects.PhysicsRigidBody rebuildRigidBody
INFORMATION: Created 28efd984060.
Sept. 13, 2026 3:08:20 PM com.jme3.bullet.objects.PhysicsRigidBody rebuildRigidBody
INFORMATION: Created 28ec1831840.
Sept. 13, 2026 3:08:20 PM com.jme3.bullet.objects.PhysicsRigidBody rebuildRigidBody
INFORMATION: Created 28ec1834e70.
Sept. 13, 2026 3:08:20 PM com.jme3.bullet.objects.PhysicsRigidBody rebuildRigidBody
INFORMATION: Created 28ec1834810.
Sept. 13, 2026 3:08:20 PM com.jme3.bullet.objects.PhysicsRigidBody rebuildRigidBody
INFORMATION: Created 28ec18344e0.
Sept. 13, 2026 3:08:20 PM com.jme3.bullet.objects.PhysicsRigidBody rebuildRigidBody
INFORMATION: Created 28ec1834b40.
Sept. 13, 2026 3:08:20 PM com.jme3.bullet.objects.PhysicsRigidBody rebuildRigidBody
INFORMATION: Created 28ec1831510.
Sept. 13, 2026 3:08:20 PM com.jme3.bullet.objects.PhysicsRigidBody rebuildRigidBody
INFORMATION: Created 28ec1831b70.
Sept. 13, 2026 3:08:20 PM com.jme3.bullet.objects.PhysicsRigidBody rebuildRigidBody
INFORMATION: Created 28ec1831ea0.
Sept. 13, 2026 3:08:20 PM com.jme3.bullet.objects.PhysicsRigidBody rebuildRigidBody
INFORMATION: Created 28ec18321d0.
Sept. 13, 2026 3:08:20 PM com.jme3.bullet.objects.PhysicsRigidBody rebuildRigidBody
INFORMATION: Created 28ec18331c0.
Sept. 13, 2026 3:08:20 PM com.jme3.bullet.objects.PhysicsRigidBody rebuildRigidBody
INFORMATION: Created 28ec1832500.
Sept. 13, 2026 3:08:20 PM com.jme3.bullet.objects.PhysicsRigidBody rebuildRigidBody
INFORMATION: Created 28ec1832830.
Sept. 13, 2026 3:08:20 PM com.jme3.bullet.objects.PhysicsRigidBody rebuildRigidBody
INFORMATION: Created 28ec1832b60.
Sept. 13, 2026 3:08:20 PM com.jme3.bullet.objects.PhysicsRigidBody rebuildRigidBody
INFORMATION: Created 28ec1832e90.
Sept. 13, 2026 3:08:20 PM com.jme3.bullet.objects.PhysicsRigidBody rebuildRigidBody
INFORMATION: Created 28ec18334f0.
Sept. 13, 2026 3:08:20 PM com.jme3.bullet.objects.PhysicsRigidBody rebuildRigidBody
INFORMATION: Created 28ec1833820.
Sept. 13, 2026 3:08:20 PM com.jme3.bullet.objects.PhysicsRigidBody rebuildRigidBody
INFORMATION: Created 28ec1833b50.
Sept. 13, 2026 3:08:20 PM com.jme3.bullet.objects.PhysicsRigidBody rebuildRigidBody
INFORMATION: Created 28ec18341b0.
Sept. 13, 2026 3:08:20 PM com.jme3.bullet.objects.PhysicsRigidBody rebuildRigidBody
INFORMATION: Created 28ec1833e80.
Sept. 13, 2026 3:08:20 PM com.jme3.bullet.objects.PhysicsRigidBody rebuildRigidBody
INFORMATION: Created 28efaecf8a0.
Sept. 13, 2026 3:08:20 PM com.jme3.bullet.objects.PhysicsRigidBody rebuildRigidBody
INFORMATION: Created 28efaecef10.
Sept. 13, 2026 3:08:20 PM com.jme3.bullet.objects.PhysicsRigidBody rebuildRigidBody
INFORMATION: Created 28efaecc270.
Sept. 13, 2026 3:08:20 PM com.jme3.bullet.objects.PhysicsRigidBody rebuildRigidBody
INFORMATION: Created 28efaeccc00.
Sept. 13, 2026 3:08:20 PM com.jme3.bullet.objects.PhysicsRigidBody rebuildRigidBody
INFORMATION: Created 28efaece580.
Sept. 13, 2026 3:08:20 PM com.jme3.bullet.objects.PhysicsRigidBody rebuildRigidBody
INFORMATION: Created 28efaece8b0.
Sept. 13, 2026 3:08:20 PM com.jme3.bullet.objects.PhysicsRigidBody rebuildRigidBody
INFORMATION: Created 28efaeccf30.
Sept. 13, 2026 3:08:20 PM com.jme3.bullet.objects.PhysicsRigidBody rebuildRigidBody
INFORMATION: Created 28efaecd260.
Sept. 13, 2026 3:08:20 PM com.jme3.bullet.objects.PhysicsRigidBody rebuildRigidBody
INFORMATION: Created 28efaecd590.
Sept. 13, 2026 3:08:20 PM com.jme3.bullet.objects.PhysicsRigidBody rebuildRigidBody
INFORMATION: Created 28efaecc5a0.
Sept. 13, 2026 3:08:20 PM com.jme3.bullet.objects.PhysicsRigidBody rebuildRigidBody
INFORMATION: Created 28efaecbf40.
Sept. 13, 2026 3:08:20 PM com.jme3.bullet.objects.PhysicsRigidBody rebuildRigidBody
INFORMATION: Created 28efaecf570.
Sept. 13, 2026 3:08:20 PM com.jme3.bullet.objects.PhysicsRigidBody rebuildRigidBody
INFORMATION: Created 28efaecc8d0.
[GAME] Willkommen im Ödland. Folge dem Feuer zu Mira. [E]
Sept. 13, 2026 3:08:20 PM com.jme3.anim.SkinningControl controlRender
INFORMATION: Hardware skinning engaged for Scene (Node)
Sept. 13, 2026 3:08:20 PM com.jme3.anim.SkinningControl controlRender
INFORMATION: Hardware skinning engaged for Scene (Node)
Sept. 13, 2026 3:08:20 PM com.jme3.anim.SkinningControl controlRender
INFORMATION: Hardware skinning engaged for Scene (Node)
Sept. 13, 2026 3:08:20 PM com.jme3.anim.SkinningControl controlRender
INFORMATION: Hardware skinning engaged for Scene (Node)
[SMOKE] stage 2
[SMOKE] stage 3
[CHECK] WASD must move the physical character
[CHECK] Physics space belongs to the render thread
[SMOKE] stage 4
[SMOKE] stage 5
[SMOKE] stage 6
Sept. 13, 2026 3:08:32 PM com.jme3.bullet.objects.PhysicsRigidBody rebuildRigidBody
INFORMATION: Created 28efaecd8c0.
Sept. 13, 2026 3:08:32 PM com.jme3.bullet.objects.PhysicsRigidBody rebuildRigidBody
INFORMATION: Created 28efaecf240.
Sept. 13, 2026 3:08:32 PM com.jme3.bullet.objects.PhysicsRigidBody rebuildRigidBody
INFORMATION: Created 28efaecdbf0.
Sept. 13, 2026 3:08:32 PM com.jme3.bullet.objects.PhysicsRigidBody rebuildRigidBody
INFORMATION: Created 28efaecdf20.
Sept. 13, 2026 3:08:32 PM com.jme3.bullet.objects.PhysicsRigidBody rebuildRigidBody
INFORMATION: Created 28efaece250.
Sept. 13, 2026 3:08:32 PM com.jme3.bullet.objects.PhysicsRigidBody rebuildRigidBody
INFORMATION: Created 28ef97573d0.
Sept. 13, 2026 3:08:32 PM com.jme3.bullet.objects.PhysicsRigidBody rebuildRigidBody
INFORMATION: Created 28ef9754730.
Sept. 13, 2026 3:08:32 PM com.jme3.bullet.objects.PhysicsRigidBody rebuildRigidBody
INFORMATION: Created 28ef97570a0.
Sept. 13, 2026 3:08:32 PM com.jme3.bullet.objects.PhysicsRigidBody rebuildRigidBody
INFORMATION: Created 28ef9756710.
Sept. 13, 2026 3:08:32 PM com.jme3.bullet.objects.PhysicsRigidBody rebuildRigidBody
INFORMATION: Created 28ef9758090.
Sept. 13, 2026 3:08:32 PM com.jme3.bullet.objects.PhysicsRigidBody rebuildRigidBody
INFORMATION: Created 28ef9754a60.
Sept. 13, 2026 3:08:32 PM com.jme3.bullet.objects.PhysicsRigidBody rebuildRigidBody
INFORMATION: Created 28ef9757700.
Sept. 13, 2026 3:08:32 PM com.jme3.bullet.objects.PhysicsRigidBody rebuildRigidBody
INFORMATION: Created 28ef9757a30.
Sept. 13, 2026 3:08:32 PM com.jme3.bullet.objects.PhysicsRigidBody rebuildRigidBody
INFORMATION: Created 28ef9755a50.
Sept. 13, 2026 3:08:32 PM com.jme3.bullet.objects.PhysicsRigidBody rebuildRigidBody
INFORMATION: Created 28ef9757d60.
Sept. 13, 2026 3:08:32 PM com.jme3.bullet.objects.PhysicsRigidBody rebuildRigidBody
INFORMATION: Created 28ef9756a40.
Sept. 13, 2026 3:08:32 PM com.jme3.bullet.objects.PhysicsRigidBody rebuildRigidBody
INFORMATION: Created 28ef97583c0.
Sept. 13, 2026 3:08:32 PM com.jme3.bullet.objects.PhysicsRigidBody rebuildRigidBody
INFORMATION: Created 28ef97563e0.
Sept. 13, 2026 3:08:32 PM com.jme3.bullet.objects.PhysicsRigidBody rebuildRigidBody
INFORMATION: Created 28ef97586f0.
Sept. 13, 2026 3:08:32 PM com.jme3.bullet.objects.PhysicsRigidBody rebuildRigidBody
INFORMATION: Created 28ef9758a20.
Sept. 13, 2026 3:08:32 PM com.jme3.bullet.objects.PhysicsRigidBody rebuildRigidBody
INFORMATION: Created 28ef97550c0.
Sept. 13, 2026 3:08:32 PM com.jme3.bullet.objects.PhysicsRigidBody rebuildRigidBody
INFORMATION: Created 28ef9756d70.
Sept. 13, 2026 3:08:32 PM com.jme3.bullet.objects.PhysicsRigidBody rebuildRigidBody
INFORMATION: Created 28ef9754d90.
Sept. 13, 2026 3:08:32 PM com.jme3.bullet.objects.PhysicsRigidBody rebuildRigidBody
INFORMATION: Created 28ef97553f0.
Sept. 13, 2026 3:08:32 PM com.jme3.bullet.objects.PhysicsRigidBody rebuildRigidBody
INFORMATION: Created 28ef9755720.
Sept. 13, 2026 3:08:32 PM com.jme3.bullet.objects.PhysicsRigidBody rebuildRigidBody
INFORMATION: Created 28ef9758d50.
Sept. 13, 2026 3:08:32 PM com.jme3.bullet.objects.PhysicsRigidBody rebuildRigidBody
INFORMATION: Created 28ef9759080.
Sept. 13, 2026 3:08:32 PM com.jme3.bullet.objects.PhysicsRigidBody rebuildRigidBody
INFORMATION: Created 28ef97593b0.
Sept. 13, 2026 3:08:32 PM com.jme3.bullet.objects.PhysicsRigidBody rebuildRigidBody
INFORMATION: Created 28ef97596e0.
Sept. 13, 2026 3:08:32 PM com.jme3.bullet.objects.PhysicsRigidBody rebuildRigidBody
INFORMATION: Created 28ef9759a10.
Sept. 13, 2026 3:08:32 PM com.jme3.bullet.objects.PhysicsRigidBody rebuildRigidBody
INFORMATION: Created 28ef9755d80.
Sept. 13, 2026 3:08:32 PM com.jme3.bullet.objects.PhysicsRigidBody rebuildRigidBody
INFORMATION: Created 28ef9759d40.
Sept. 13, 2026 3:08:32 PM com.jme3.bullet.objects.PhysicsRigidBody rebuildRigidBody
INFORMATION: Created 28ef97560b0.
Sept. 13, 2026 3:08:32 PM com.jme3.bullet.objects.PhysicsRigidBody rebuildRigidBody
INFORMATION: Created 28ef975b9f0.
Sept. 13, 2026 3:08:32 PM com.jme3.bullet.objects.PhysicsRigidBody rebuildRigidBody
INFORMATION: Created 28ef975a070.
Sept. 13, 2026 3:08:32 PM com.jme3.bullet.objects.PhysicsRigidBody rebuildRigidBody
INFORMATION: Created 28ef975a6d0.
Sept. 13, 2026 3:08:32 PM com.jme3.bullet.objects.PhysicsRigidBody rebuildRigidBody
INFORMATION: Created 28ef975b390.
Sept. 13, 2026 3:08:32 PM com.jme3.bullet.objects.PhysicsRigidBody rebuildRigidBody
INFORMATION: Created 28ef975a3a0.
Sept. 13, 2026 3:08:32 PM com.jme3.bullet.objects.PhysicsRigidBody rebuildRigidBody
INFORMATION: Created 28ef975bd20.
Sept. 13, 2026 3:08:32 PM com.jme3.bullet.objects.PhysicsRigidBody rebuildRigidBody
INFORMATION: Created 28ef975aa00.
Sept. 13, 2026 3:08:32 PM com.jme3.bullet.objects.PhysicsRigidBody rebuildRigidBody
INFORMATION: Created 28ef975ad30.
Sept. 13, 2026 3:08:32 PM com.jme3.bullet.objects.PhysicsRigidBody rebuildRigidBody
INFORMATION: Created 28ef975b060.
Sept. 13, 2026 3:08:32 PM com.jme3.bullet.objects.PhysicsRigidBody rebuildRigidBody
INFORMATION: Created 28ef975b6c0.
Sept. 13, 2026 3:08:32 PM com.jme3.bullet.objects.PhysicsRigidBody rebuildRigidBody
INFORMATION: Created 28ef975c050.
Sept. 13, 2026 3:08:32 PM com.jme3.bullet.objects.PhysicsRigidBody rebuildRigidBody
INFORMATION: Created 28ef975c380.
Sept. 13, 2026 3:08:32 PM com.jme3.bullet.objects.PhysicsRigidBody rebuildRigidBody
INFORMATION: Created 28ef46839a0.
Sept. 13, 2026 3:08:32 PM com.jme3.bullet.objects.PhysicsRigidBody rebuildRigidBody
INFORMATION: Created 28ef4683670.
Sept. 13, 2026 3:08:32 PM com.jme3.bullet.objects.PhysicsRigidBody rebuildRigidBody
INFORMATION: Created 28ef4684000.
Sept. 13, 2026 3:08:32 PM com.jme3.bullet.objects.PhysicsRigidBody rebuildRigidBody
INFORMATION: Created 28ef4681360.
Sept. 13, 2026 3:08:32 PM com.jme3.bullet.objects.PhysicsRigidBody rebuildRigidBody
INFORMATION: Created 28ef4684330.
Sept. 13, 2026 3:08:32 PM com.jme3.bullet.objects.PhysicsRigidBody rebuildRigidBody
INFORMATION: Created 28ef4681030.
Sept. 13, 2026 3:08:32 PM com.jme3.bullet.objects.PhysicsRigidBody rebuildRigidBody
INFORMATION: Created 28ef4683cd0.
Sept. 13, 2026 3:08:32 PM com.jme3.bullet.objects.PhysicsRigidBody rebuildRigidBody
INFORMATION: Created 28ef4680d00.
Sept. 13, 2026 3:08:32 PM com.jme3.bullet.objects.PhysicsRigidBody rebuildRigidBody
INFORMATION: Created 28ef4684ff0.
Sept. 13, 2026 3:08:32 PM com.jme3.bullet.objects.PhysicsRigidBody rebuildRigidBody
INFORMATION: Created 28ef4683010.
Sept. 13, 2026 3:08:32 PM com.jme3.bullet.objects.PhysicsRigidBody rebuildRigidBody
INFORMATION: Created 28ef4684660.
Sept. 13, 2026 3:08:32 PM com.jme3.bullet.objects.PhysicsRigidBody rebuildRigidBody
INFORMATION: Created 28ef4684990.
Sept. 13, 2026 3:08:32 PM com.jme3.bullet.objects.PhysicsRigidBody rebuildRigidBody
INFORMATION: Created 28ef4683340.
Sept. 13, 2026 3:08:32 PM com.jme3.bullet.objects.PhysicsRigidBody rebuildRigidBody
INFORMATION: Created 28ef4682ce0.
Sept. 13, 2026 3:08:32 PM com.jme3.bullet.objects.PhysicsRigidBody rebuildRigidBody
INFORMATION: Created 28ef4682680.
Sept. 13, 2026 3:08:32 PM com.jme3.bullet.objects.PhysicsRigidBody rebuildRigidBody
INFORMATION: Created 28ef4684cc0.
Sept. 13, 2026 3:08:32 PM com.jme3.bullet.objects.PhysicsRigidBody rebuildRigidBody
INFORMATION: Created 28ef4682350.
Sept. 13, 2026 3:08:32 PM com.jme3.bullet.objects.PhysicsRigidBody rebuildRigidBody
INFORMATION: Created 28ef46829b0.
Sept. 13, 2026 3:08:32 PM com.jme3.bullet.objects.PhysicsRigidBody rebuildRigidBody
INFORMATION: Created 28ef4685320.
Sept. 13, 2026 3:08:32 PM com.jme3.bullet.objects.PhysicsRigidBody rebuildRigidBody
INFORMATION: Created 28ef46819c0.
Sept. 13, 2026 3:08:32 PM com.jme3.bullet.objects.PhysicsRigidBody rebuildRigidBody
INFORMATION: Created 28ef4681690.
Sept. 13, 2026 3:08:32 PM com.jme3.bullet.objects.PhysicsRigidBody rebuildRigidBody
INFORMATION: Created 28ef4685650.
Sept. 13, 2026 3:08:32 PM com.jme3.bullet.objects.PhysicsRigidBody rebuildRigidBody
INFORMATION: Created 28ef4681cf0.
Sept. 13, 2026 3:08:32 PM com.jme3.bullet.objects.PhysicsRigidBody rebuildRigidBody
INFORMATION: Created 28ef4685980.
Sept. 13, 2026 3:08:32 PM com.jme3.bullet.objects.PhysicsRigidBody rebuildRigidBody
INFORMATION: Created 28ef4685cb0.
Sept. 13, 2026 3:08:32 PM com.jme3.bullet.objects.PhysicsRigidBody rebuildRigidBody
INFORMATION: Created 28ef4682020.
Sept. 13, 2026 3:08:32 PM com.jme3.bullet.objects.PhysicsRigidBody rebuildRigidBody
INFORMATION: Created 28ef4685fe0.
Sept. 13, 2026 3:08:32 PM com.jme3.bullet.objects.PhysicsRigidBody rebuildRigidBody
INFORMATION: Created 28ef4688950.
Sept. 13, 2026 3:08:32 PM com.jme3.bullet.objects.PhysicsRigidBody rebuildRigidBody
INFORMATION: Created 28ef4686310.
Sept. 13, 2026 3:08:32 PM com.jme3.bullet.objects.PhysicsRigidBody rebuildRigidBody
INFORMATION: Created 28ef4686640.
Sept. 13, 2026 3:08:32 PM com.jme3.bullet.objects.PhysicsRigidBody rebuildRigidBody
INFORMATION: Created 28ef4687c90.
Sept. 13, 2026 3:08:32 PM com.jme3.bullet.objects.PhysicsRigidBody rebuildRigidBody
INFORMATION: Created 28ef4687630.
Sept. 13, 2026 3:08:32 PM com.jme3.bullet.objects.PhysicsRigidBody rebuildRigidBody
INFORMATION: Created 28ef4686970.
Sept. 13, 2026 3:08:32 PM com.jme3.bullet.objects.PhysicsRigidBody rebuildRigidBody
INFORMATION: Created 28ef4686ca0.
Sept. 13, 2026 3:08:32 PM com.jme3.bullet.objects.PhysicsRigidBody rebuildRigidBody
INFORMATION: Created 28ef4686fd0.
Sept. 13, 2026 3:08:32 PM com.jme3.bullet.objects.PhysicsRigidBody rebuildRigidBody
INFORMATION: Created 28ef4687300.
Sept. 13, 2026 3:08:32 PM com.jme3.bullet.objects.PhysicsRigidBody rebuildRigidBody
INFORMATION: Created 28ef4687fc0.
Sept. 13, 2026 3:08:32 PM com.jme3.bullet.objects.PhysicsRigidBody rebuildRigidBody
INFORMATION: Created 28ef4687960.
Sept. 13, 2026 3:08:32 PM com.jme3.bullet.objects.PhysicsRigidBody rebuildRigidBody
INFORMATION: Created 28ef46882f0.
Sept. 13, 2026 3:08:32 PM com.jme3.bullet.objects.PhysicsRigidBody rebuildRigidBody
INFORMATION: Created 28ef4688620.
Sept. 13, 2026 3:08:32 PM com.jme3.bullet.objects.PhysicsRigidBody rebuildRigidBody
INFORMATION: Created 28efceeb8d0.
Sept. 13, 2026 3:08:32 PM com.jme3.bullet.objects.PhysicsRigidBody rebuildRigidBody
INFORMATION: Created 28efceeb270.
Sept. 13, 2026 3:08:32 PM com.jme3.bullet.objects.PhysicsRigidBody rebuildRigidBody
INFORMATION: Created 28efceec260.
Sept. 13, 2026 3:08:32 PM com.jme3.bullet.objects.PhysicsRigidBody rebuildRigidBody
INFORMATION: Created 28efceeac10.
Sept. 13, 2026 3:08:32 PM com.jme3.bullet.objects.PhysicsRigidBody rebuildRigidBody
INFORMATION: Created 28efcee8f60.
Sept. 13, 2026 3:08:32 PM com.jme3.bullet.objects.PhysicsRigidBody rebuildRigidBody
INFORMATION: Created 28efceea8e0.
Sept. 13, 2026 3:08:32 PM com.jme3.bullet.objects.PhysicsRigidBody rebuildRigidBody
INFORMATION: Created 28efcee9f50.
Sept. 13, 2026 3:08:32 PM com.jme3.bullet.objects.PhysicsRigidBody rebuildRigidBody
INFORMATION: Created 28efcee8900.
Sept. 13, 2026 3:08:32 PM com.jme3.bullet.objects.PhysicsRigidBody rebuildRigidBody
INFORMATION: Created 28efceec590.
Sept. 13, 2026 3:08:32 PM com.jme3.bullet.objects.PhysicsRigidBody rebuildRigidBody
INFORMATION: Created 28efceeaf40.
Sept. 13, 2026 3:08:32 PM com.jme3.bullet.objects.PhysicsRigidBody rebuildRigidBody
INFORMATION: Created 28efceea5b0.
Sept. 13, 2026 3:08:32 PM com.jme3.bullet.objects.PhysicsRigidBody rebuildRigidBody
INFORMATION: Created 28efceec8c0.
Sept. 13, 2026 3:08:32 PM com.jme3.bullet.objects.PhysicsRigidBody rebuildRigidBody
INFORMATION: Created 28efceea280.
Sept. 13, 2026 3:08:32 PM com.jme3.bullet.objects.PhysicsRigidBody rebuildRigidBody
INFORMATION: Created 28efcee9c20.
Sept. 13, 2026 3:08:32 PM com.jme3.bullet.objects.PhysicsRigidBody rebuildRigidBody
INFORMATION: Created 28efceebc00.
Sept. 13, 2026 3:08:32 PM com.jme3.bullet.objects.PhysicsRigidBody rebuildRigidBody
INFORMATION: Created 28efceeb5a0.
Sept. 13, 2026 3:08:32 PM com.jme3.bullet.objects.PhysicsRigidBody rebuildRigidBody
INFORMATION: Created 28efcee8c30.
Sept. 13, 2026 3:08:32 PM com.jme3.bullet.objects.PhysicsRigidBody rebuildRigidBody
INFORMATION: Created 28efceebf30.
Sept. 13, 2026 3:08:32 PM com.jme3.bullet.objects.PhysicsRigidBody rebuildRigidBody
INFORMATION: Created 28efceecbf0.
Sept. 13, 2026 3:08:32 PM com.jme3.bullet.objects.PhysicsRigidBody rebuildRigidBody
INFORMATION: Created 28efceecf20.
Sept. 13, 2026 3:08:32 PM com.jme3.bullet.objects.PhysicsRigidBody rebuildRigidBody
INFORMATION: Created 28efcee9290.
Sept. 13, 2026 3:08:32 PM com.jme3.bullet.objects.PhysicsRigidBody rebuildRigidBody
INFORMATION: Created 28efcee98f0.
Sept. 13, 2026 3:08:32 PM com.jme3.bullet.objects.PhysicsRigidBody rebuildRigidBody
INFORMATION: Created 28efceed250.
Sept. 13, 2026 3:08:32 PM com.jme3.bullet.objects.PhysicsRigidBody rebuildRigidBody
INFORMATION: Created 28efcee95c0.
Sept. 13, 2026 3:08:32 PM com.jme3.bullet.objects.PhysicsRigidBody rebuildRigidBody
INFORMATION: Created 28efceee570.
Sept. 13, 2026 3:08:32 PM com.jme3.bullet.objects.PhysicsRigidBody rebuildRigidBody
INFORMATION: Created 28efceed580.
Sept. 13, 2026 3:08:32 PM com.jme3.bullet.objects.PhysicsRigidBody rebuildRigidBody
INFORMATION: Created 28efceefbc0.
Sept. 13, 2026 3:08:32 PM com.jme3.bullet.objects.PhysicsRigidBody rebuildRigidBody
INFORMATION: Created 28efceed8b0.
Sept. 13, 2026 3:08:32 PM com.jme3.bullet.objects.PhysicsRigidBody rebuildRigidBody
INFORMATION: Created 28efceedbe0.
Sept. 13, 2026 3:08:32 PM com.jme3.bullet.objects.PhysicsRigidBody rebuildRigidBody
INFORMATION: Created 28efceeef00.
Sept. 13, 2026 3:08:32 PM com.jme3.bullet.objects.PhysicsRigidBody rebuildRigidBody
INFORMATION: Created 28efceedf10.
Sept. 13, 2026 3:08:32 PM com.jme3.bullet.objects.PhysicsRigidBody rebuildRigidBody
INFORMATION: Created 28efceef230.
Sept. 13, 2026 3:08:32 PM com.jme3.bullet.objects.PhysicsRigidBody rebuildRigidBody
INFORMATION: Created 28efceee240.
Sept. 13, 2026 3:08:32 PM com.jme3.bullet.objects.PhysicsRigidBody rebuildRigidBody
INFORMATION: Created 28efceee8a0.
Sept. 13, 2026 3:08:32 PM com.jme3.bullet.objects.PhysicsRigidBody rebuildRigidBody
INFORMATION: Created 28efceeebd0.
Sept. 13, 2026 3:08:32 PM com.jme3.bullet.objects.PhysicsRigidBody rebuildRigidBody
INFORMATION: Created 28efceef890.
Sept. 13, 2026 3:08:32 PM com.jme3.bullet.objects.PhysicsRigidBody rebuildRigidBody
INFORMATION: Created 28efceefef0.
Sept. 13, 2026 3:08:32 PM com.jme3.bullet.objects.PhysicsRigidBody rebuildRigidBody
INFORMATION: Created 28efceef560.
Sept. 13, 2026 3:08:32 PM com.jme3.bullet.objects.PhysicsRigidBody rebuildRigidBody
INFORMATION: Created 28efcef0220.
Sept. 13, 2026 3:08:32 PM com.jme3.bullet.objects.PhysicsRigidBody rebuildRigidBody
INFORMATION: Created 28efcef0550.
Sept. 13, 2026 3:08:32 PM com.jme3.bullet.objects.PhysicsRigidBody rebuildRigidBody
INFORMATION: Created 28efcddc420.
Sept. 13, 2026 3:08:32 PM com.jme3.bullet.objects.PhysicsRigidBody rebuildRigidBody
INFORMATION: Created 28efcddc750.
Sept. 13, 2026 3:08:32 PM com.jme3.bullet.objects.PhysicsRigidBody rebuildRigidBody
INFORMATION: Created 28efcdda440.
Sept. 13, 2026 3:08:32 PM com.jme3.bullet.objects.PhysicsRigidBody rebuildRigidBody
INFORMATION: Created 28efcddbdc0.
Sept. 13, 2026 3:08:32 PM com.jme3.bullet.objects.PhysicsRigidBody rebuildRigidBody
INFORMATION: Created 28efcddc0f0.
Sept. 13, 2026 3:08:32 PM com.jme3.bullet.objects.PhysicsRigidBody rebuildRigidBody
INFORMATION: Created 28efcdda770.
Sept. 13, 2026 3:08:32 PM com.jme3.bullet.objects.PhysicsRigidBody rebuildRigidBody
INFORMATION: Created 28efcddca80.
Sept. 13, 2026 3:08:33 PM com.jme3.bullet.objects.PhysicsRigidBody rebuildRigidBody
INFORMATION: Created 28efcddaaa0.
Sept. 13, 2026 3:08:33 PM com.jme3.bullet.objects.PhysicsRigidBody rebuildRigidBody
INFORMATION: Created 28efcddb430.
Sept. 13, 2026 3:08:33 PM com.jme3.bullet.objects.PhysicsRigidBody rebuildRigidBody
INFORMATION: Created 28efcddadd0.
Sept. 13, 2026 3:08:33 PM com.jme3.bullet.objects.PhysicsRigidBody rebuildRigidBody
INFORMATION: Created 28efcddb100.
Sept. 13, 2026 3:08:33 PM com.jme3.bullet.objects.PhysicsRigidBody rebuildRigidBody
INFORMATION: Created 28efcddb760.
Sept. 13, 2026 3:08:33 PM com.jme3.bullet.objects.PhysicsRigidBody rebuildRigidBody
INFORMATION: Created 28efcddd0e0.
Sept. 13, 2026 3:08:33 PM com.jme3.bullet.objects.PhysicsRigidBody rebuildRigidBody
INFORMATION: Created 28efcddba90.
Sept. 13, 2026 3:08:33 PM com.jme3.bullet.objects.PhysicsRigidBody rebuildRigidBody
INFORMATION: Created 28efcdd9de0.
Sept. 13, 2026 3:08:33 PM com.jme3.bullet.objects.PhysicsRigidBody rebuildRigidBody
INFORMATION: Created 28efcdd9780.
Sept. 13, 2026 3:08:33 PM com.jme3.anim.SkinningControl controlRender
INFORMATION: Hardware skinning engaged for Scene (Node)
Sept. 13, 2026 3:08:33 PM com.jme3.anim.SkinningControl controlRender
INFORMATION: Hardware skinning engaged for Scene (Node)
Sept. 13, 2026 3:08:33 PM com.jme3.anim.SkinningControl controlRender
INFORMATION: Hardware skinning engaged for Scene (Node)
Sept. 13, 2026 3:08:33 PM com.jme3.anim.SkinningControl controlRender
INFORMATION: Hardware skinning engaged for Scene (Node)
Sept. 13, 2026 3:08:33 PM com.jme3.anim.SkinningControl controlRender
INFORMATION: Hardware skinning engaged for Scene (Node)
Sept. 13, 2026 3:08:33 PM com.jme3.anim.SkinningControl controlRender
INFORMATION: Hardware skinning engaged for Scene (Node)
Sept. 13, 2026 3:08:33 PM com.jme3.anim.SkinningControl controlRender
INFORMATION: Hardware skinning engaged for Scene (Node)
[SMOKE] stage 7
Sept. 13, 2026 3:08:35 PM com.jme3.bullet.objects.PhysicsRigidBody rebuildRigidBody
INFORMATION: Created 28efcdda110.
Sept. 13, 2026 3:08:35 PM com.jme3.bullet.objects.PhysicsRigidBody rebuildRigidBody
INFORMATION: Created 28efcddcdb0.
Sept. 13, 2026 3:08:35 PM com.jme3.bullet.objects.PhysicsRigidBody rebuildRigidBody
INFORMATION: Created 28efcdd9ab0.
Sept. 13, 2026 3:08:35 PM com.jme3.bullet.objects.PhysicsRigidBody rebuildRigidBody
INFORMATION: Created 28efcdd9450.
Sept. 13, 2026 3:08:35 PM com.jme3.bullet.objects.PhysicsRigidBody rebuildRigidBody
INFORMATION: Created 28efcdddda0.
Sept. 13, 2026 3:08:35 PM com.jme3.bullet.objects.PhysicsRigidBody rebuildRigidBody
INFORMATION: Created 28efcddf3f0.
Sept. 13, 2026 3:08:35 PM com.jme3.bullet.objects.PhysicsRigidBody rebuildRigidBody
INFORMATION: Created 28efcddfd80.
Sept. 13, 2026 3:08:35 PM com.jme3.bullet.objects.PhysicsRigidBody rebuildRigidBody
INFORMATION: Created 28efcdde730.
Sept. 13, 2026 3:08:35 PM com.jme3.bullet.objects.PhysicsRigidBody rebuildRigidBody
INFORMATION: Created 28efcde0710.
Sept. 13, 2026 3:08:35 PM com.jme3.bullet.objects.PhysicsRigidBody rebuildRigidBody
INFORMATION: Created 28efcde0d70.
Sept. 13, 2026 3:08:35 PM com.jme3.bullet.objects.PhysicsRigidBody rebuildRigidBody
INFORMATION: Created 28efcddf0c0.
Sept. 13, 2026 3:08:35 PM com.jme3.bullet.objects.PhysicsRigidBody rebuildRigidBody
INFORMATION: Created 28efcddda70.
Sept. 13, 2026 3:08:35 PM com.jme3.bullet.objects.PhysicsRigidBody rebuildRigidBody
INFORMATION: Created 28efcdde0d0.
Sept. 13, 2026 3:08:35 PM com.jme3.bullet.objects.PhysicsRigidBody rebuildRigidBody
INFORMATION: Created 28efcddd410.
Sept. 13, 2026 3:08:35 PM com.jme3.bullet.objects.PhysicsRigidBody rebuildRigidBody
INFORMATION: Created 28efcddf720.
Sept. 13, 2026 3:08:35 PM com.jme3.bullet.objects.PhysicsRigidBody rebuildRigidBody
INFORMATION: Created 28efcde0a40.
Sept. 13, 2026 3:08:35 PM com.jme3.bullet.objects.PhysicsRigidBody rebuildRigidBody
INFORMATION: Created 28efcdde400.
Sept. 13, 2026 3:08:35 PM com.jme3.bullet.objects.PhysicsRigidBody rebuildRigidBody
INFORMATION: Created 28efcddea60.
Sept. 13, 2026 3:08:35 PM com.jme3.bullet.objects.PhysicsRigidBody rebuildRigidBody
INFORMATION: Created 28efcdded90.
Sept. 13, 2026 3:08:35 PM com.jme3.bullet.objects.PhysicsRigidBody rebuildRigidBody
INFORMATION: Created 28efcddfa50.
Sept. 13, 2026 3:08:35 PM com.jme3.bullet.objects.PhysicsRigidBody rebuildRigidBody
INFORMATION: Created 28efcde00b0.
Sept. 13, 2026 3:08:35 PM com.jme3.bullet.objects.PhysicsRigidBody rebuildRigidBody
INFORMATION: Created 28efcde10a0.
Sept. 13, 2026 3:08:35 PM com.jme3.bullet.objects.PhysicsRigidBody rebuildRigidBody
INFORMATION: Created 28efcde03e0.
Sept. 13, 2026 3:08:35 PM com.jme3.bullet.objects.PhysicsRigidBody rebuildRigidBody
INFORMATION: Created 28efcddd740.
Sept. 13, 2026 3:08:35 PM com.jme3.bullet.objects.PhysicsRigidBody rebuildRigidBody
INFORMATION: Created 28ec1081ac0.
Sept. 13, 2026 3:08:35 PM com.jme3.bullet.objects.PhysicsRigidBody rebuildRigidBody
INFORMATION: Created 28ec1081790.
Sept. 13, 2026 3:08:35 PM com.jme3.bullet.objects.PhysicsRigidBody rebuildRigidBody
INFORMATION: Created 28ec1084a90.
Sept. 13, 2026 3:08:35 PM com.jme3.bullet.objects.PhysicsRigidBody rebuildRigidBody
INFORMATION: Created 28ec1082120.
Sept. 13, 2026 3:08:35 PM com.jme3.bullet.objects.PhysicsRigidBody rebuildRigidBody
INFORMATION: Created 28ec1081df0.
Sept. 13, 2026 3:08:35 PM com.jme3.bullet.objects.PhysicsRigidBody rebuildRigidBody
INFORMATION: Created 28ec1083770.
Sept. 13, 2026 3:08:35 PM com.jme3.bullet.objects.PhysicsRigidBody rebuildRigidBody
INFORMATION: Created 28ec1082450.
Sept. 13, 2026 3:08:35 PM com.jme3.bullet.objects.PhysicsRigidBody rebuildRigidBody
INFORMATION: Created 28ec1082780.
Sept. 13, 2026 3:08:35 PM com.jme3.bullet.objects.PhysicsRigidBody rebuildRigidBody
INFORMATION: Created 28ec1083dd0.
Sept. 13, 2026 3:08:35 PM com.jme3.bullet.objects.PhysicsRigidBody rebuildRigidBody
INFORMATION: Created 28ec1082ab0.
Sept. 13, 2026 3:08:35 PM com.jme3.bullet.objects.PhysicsRigidBody rebuildRigidBody
INFORMATION: Created 28ec1083110.
Sept. 13, 2026 3:08:35 PM com.jme3.bullet.objects.PhysicsRigidBody rebuildRigidBody
INFORMATION: Created 28ec1083440.
Sept. 13, 2026 3:08:35 PM com.jme3.bullet.objects.PhysicsRigidBody rebuildRigidBody
INFORMATION: Created 28ec1082de0.
Sept. 13, 2026 3:08:35 PM com.jme3.bullet.objects.PhysicsRigidBody rebuildRigidBody
INFORMATION: Created 28ec1083aa0.
Sept. 13, 2026 3:08:35 PM com.jme3.bullet.objects.PhysicsRigidBody rebuildRigidBody
INFORMATION: Created 28ec1084100.
Sept. 13, 2026 3:08:35 PM com.jme3.bullet.objects.PhysicsRigidBody rebuildRigidBody
INFORMATION: Created 28ec1084430.
Sept. 13, 2026 3:08:35 PM com.jme3.bullet.objects.PhysicsRigidBody rebuildRigidBody
INFORMATION: Created 28ec1084760.
Sept. 13, 2026 3:08:35 PM com.jme3.bullet.objects.PhysicsRigidBody rebuildRigidBody
INFORMATION: Created 28ec10850f0.
Sept. 13, 2026 3:08:35 PM com.jme3.bullet.objects.PhysicsRigidBody rebuildRigidBody
INFORMATION: Created 28ec1084dc0.
Sept. 13, 2026 3:08:35 PM com.jme3.bullet.objects.PhysicsRigidBody rebuildRigidBody
INFORMATION: Created 28ec1081460.
Sept. 13, 2026 3:08:35 PM com.jme3.bullet.objects.PhysicsRigidBody rebuildRigidBody
INFORMATION: Created 28ec1087d90.
Sept. 13, 2026 3:08:35 PM com.jme3.bullet.objects.PhysicsRigidBody rebuildRigidBody
INFORMATION: Created 28ec1085750.
Sept. 13, 2026 3:08:35 PM com.jme3.bullet.objects.PhysicsRigidBody rebuildRigidBody
INFORMATION: Created 28ec1087a60.
Sept. 13, 2026 3:08:35 PM com.jme3.bullet.objects.PhysicsRigidBody rebuildRigidBody
INFORMATION: Created 28ec1085a80.
Sept. 13, 2026 3:08:35 PM com.jme3.bullet.objects.PhysicsRigidBody rebuildRigidBody
INFORMATION: Created 28ec10880c0.
Sept. 13, 2026 3:08:35 PM com.jme3.bullet.objects.PhysicsRigidBody rebuildRigidBody
INFORMATION: Created 28ec1087730.
Sept. 13, 2026 3:08:35 PM com.jme3.bullet.objects.PhysicsRigidBody rebuildRigidBody
INFORMATION: Created 28ec1086a70.
Sept. 13, 2026 3:08:35 PM com.jme3.bullet.objects.PhysicsRigidBody rebuildRigidBody
INFORMATION: Created 28ec1086410.
Sept. 13, 2026 3:08:35 PM com.jme3.bullet.objects.PhysicsRigidBody rebuildRigidBody
INFORMATION: Created 28ec1085db0.
Sept. 13, 2026 3:08:35 PM com.jme3.bullet.objects.PhysicsRigidBody rebuildRigidBody
INFORMATION: Created 28ec1085420.
Sept. 13, 2026 3:08:35 PM com.jme3.bullet.objects.PhysicsRigidBody rebuildRigidBody
INFORMATION: Created 28ec1088720.
Sept. 13, 2026 3:08:35 PM com.jme3.bullet.objects.PhysicsRigidBody rebuildRigidBody
INFORMATION: Created 28ec10883f0.
Sept. 13, 2026 3:08:35 PM com.jme3.bullet.objects.PhysicsRigidBody rebuildRigidBody
INFORMATION: Created 28ec1086740.
Sept. 13, 2026 3:08:35 PM com.jme3.bullet.objects.PhysicsRigidBody rebuildRigidBody
INFORMATION: Created 28ec10860e0.
Sept. 13, 2026 3:08:35 PM com.jme3.bullet.objects.PhysicsRigidBody rebuildRigidBody
INFORMATION: Created 28ec1087400.
Sept. 13, 2026 3:08:35 PM com.jme3.bullet.objects.PhysicsRigidBody rebuildRigidBody
INFORMATION: Created 28ec1088a50.
Sept. 13, 2026 3:08:35 PM com.jme3.bullet.objects.PhysicsRigidBody rebuildRigidBody
INFORMATION: Created 28ec1086da0.
Sept. 13, 2026 3:08:35 PM com.jme3.bullet.objects.PhysicsRigidBody rebuildRigidBody
INFORMATION: Created 28ec1088d80.
Sept. 13, 2026 3:08:35 PM com.jme3.bullet.objects.PhysicsRigidBody rebuildRigidBody
INFORMATION: Created 28ec10870d0.
Sept. 13, 2026 3:08:35 PM com.jme3.bullet.objects.PhysicsRigidBody rebuildRigidBody
INFORMATION: Created 28ec10890b0.
Sept. 13, 2026 3:08:35 PM com.jme3.bullet.objects.PhysicsRigidBody rebuildRigidBody
INFORMATION: Created 28efacb28a0.
Sept. 13, 2026 3:08:35 PM com.jme3.bullet.objects.PhysicsRigidBody rebuildRigidBody
INFORMATION: Created 28efacb2f00.
Sept. 13, 2026 3:08:35 PM com.jme3.bullet.objects.PhysicsRigidBody rebuildRigidBody
INFORMATION: Created 28efacb2570.
Sept. 13, 2026 3:08:35 PM com.jme3.bullet.objects.PhysicsRigidBody rebuildRigidBody
INFORMATION: Created 28efacb4550.
Sept. 13, 2026 3:08:35 PM com.jme3.bullet.objects.PhysicsRigidBody rebuildRigidBody
INFORMATION: Created 28efacb3230.
Sept. 13, 2026 3:08:35 PM com.jme3.bullet.objects.PhysicsRigidBody rebuildRigidBody
INFORMATION: Created 28efacb1be0.
Sept. 13, 2026 3:08:35 PM com.jme3.bullet.objects.PhysicsRigidBody rebuildRigidBody
INFORMATION: Created 28efacb3560.
Sept. 13, 2026 3:08:35 PM com.jme3.bullet.objects.PhysicsRigidBody rebuildRigidBody
INFORMATION: Created 28efacb1250.
Sept. 13, 2026 3:08:35 PM com.jme3.bullet.objects.PhysicsRigidBody rebuildRigidBody
INFORMATION: Created 28efacb3890.
Sept. 13, 2026 3:08:35 PM com.jme3.bullet.objects.PhysicsRigidBody rebuildRigidBody
INFORMATION: Created 28efacb1f10.
Sept. 13, 2026 3:08:35 PM com.jme3.bullet.objects.PhysicsRigidBody rebuildRigidBody
INFORMATION: Created 28efacb2240.
Sept. 13, 2026 3:08:35 PM com.jme3.bullet.objects.PhysicsRigidBody rebuildRigidBody
INFORMATION: Created 28efacb2bd0.
Sept. 13, 2026 3:08:35 PM com.jme3.bullet.objects.PhysicsRigidBody rebuildRigidBody
INFORMATION: Created 28efacb3bc0.
Sept. 13, 2026 3:08:35 PM com.jme3.bullet.objects.PhysicsRigidBody rebuildRigidBody
INFORMATION: Created 28efacb3ef0.
Sept. 13, 2026 3:08:35 PM com.jme3.bullet.objects.PhysicsRigidBody rebuildRigidBody
INFORMATION: Created 28efacb18b0.
Sept. 13, 2026 3:08:35 PM com.jme3.bullet.objects.PhysicsRigidBody rebuildRigidBody
INFORMATION: Created 28efacb4220.
Sept. 13, 2026 3:08:35 PM com.jme3.bullet.objects.PhysicsRigidBody rebuildRigidBody
INFORMATION: Created 28efacb08c0.
Sept. 13, 2026 3:08:35 PM com.jme3.bullet.objects.PhysicsRigidBody rebuildRigidBody
INFORMATION: Created 28efacb1580.
Sept. 13, 2026 3:08:35 PM com.jme3.bullet.objects.PhysicsRigidBody rebuildRigidBody
INFORMATION: Created 28efacb4880.
Sept. 13, 2026 3:08:35 PM com.jme3.bullet.objects.PhysicsRigidBody rebuildRigidBody
INFORMATION: Created 28efacb0bf0.
Sept. 13, 2026 3:08:35 PM com.jme3.bullet.objects.PhysicsRigidBody rebuildRigidBody
INFORMATION: Created 28efacb4bb0.
Sept. 13, 2026 3:08:35 PM com.jme3.bullet.objects.PhysicsRigidBody rebuildRigidBody
INFORMATION: Created 28efacb0f20.
Sept. 13, 2026 3:08:35 PM com.jme3.bullet.objects.PhysicsRigidBody rebuildRigidBody
INFORMATION: Created 28efacb4ee0.
Sept. 13, 2026 3:08:35 PM com.jme3.bullet.objects.PhysicsRigidBody rebuildRigidBody
INFORMATION: Created 28efacb5210.
Sept. 13, 2026 3:08:35 PM com.jme3.bullet.objects.PhysicsRigidBody rebuildRigidBody
INFORMATION: Created 28efacb5ba0.
Sept. 13, 2026 3:08:35 PM com.jme3.bullet.objects.PhysicsRigidBody rebuildRigidBody
INFORMATION: Created 28efacb5ed0.
Sept. 13, 2026 3:08:35 PM com.jme3.bullet.objects.PhysicsRigidBody rebuildRigidBody
INFORMATION: Created 28efacb7520.
Sept. 13, 2026 3:08:35 PM com.jme3.bullet.objects.PhysicsRigidBody rebuildRigidBody
INFORMATION: Created 28efacb8510.
Sept. 13, 2026 3:08:35 PM com.jme3.bullet.objects.PhysicsRigidBody rebuildRigidBody
INFORMATION: Created 28efacb7850.
Sept. 13, 2026 3:08:35 PM com.jme3.bullet.objects.PhysicsRigidBody rebuildRigidBody
INFORMATION: Created 28efacb6200.
Sept. 13, 2026 3:08:35 PM com.jme3.bullet.objects.PhysicsRigidBody rebuildRigidBody
INFORMATION: Created 28efacb5540.
Sept. 13, 2026 3:08:35 PM com.jme3.bullet.objects.PhysicsRigidBody rebuildRigidBody
INFORMATION: Created 28efacb5870.
Sept. 13, 2026 3:08:35 PM com.jme3.bullet.objects.PhysicsRigidBody rebuildRigidBody
INFORMATION: Created 28efacb7b80.
Sept. 13, 2026 3:08:35 PM com.jme3.bullet.objects.PhysicsRigidBody rebuildRigidBody
INFORMATION: Created 28efacb81e0.
Sept. 13, 2026 3:08:35 PM com.jme3.bullet.objects.PhysicsRigidBody rebuildRigidBody
INFORMATION: Created 28efacb6ec0.
Sept. 13, 2026 3:08:35 PM com.jme3.bullet.objects.PhysicsRigidBody rebuildRigidBody
INFORMATION: Created 28efacb6530.
Sept. 13, 2026 3:08:35 PM com.jme3.bullet.objects.PhysicsRigidBody rebuildRigidBody
INFORMATION: Created 28efacb6860.
Sept. 13, 2026 3:08:35 PM com.jme3.bullet.objects.PhysicsRigidBody rebuildRigidBody
INFORMATION: Created 28efacb6b90.
Sept. 13, 2026 3:08:35 PM com.jme3.bullet.objects.PhysicsRigidBody rebuildRigidBody
INFORMATION: Created 28efacb71f0.
Sept. 13, 2026 3:08:35 PM com.jme3.bullet.objects.PhysicsRigidBody rebuildRigidBody
INFORMATION: Created 28efacb7eb0.
Sept. 13, 2026 3:08:35 PM com.jme3.bullet.objects.PhysicsRigidBody rebuildRigidBody
INFORMATION: Created 28efd16f280.
Sept. 13, 2026 3:08:35 PM com.jme3.bullet.objects.PhysicsRigidBody rebuildRigidBody
INFORMATION: Created 28efd16e8f0.
Sept. 13, 2026 3:08:35 PM com.jme3.bullet.objects.PhysicsRigidBody rebuildRigidBody
INFORMATION: Created 28efd16ef50.
Sept. 13, 2026 3:08:35 PM com.jme3.bullet.objects.PhysicsRigidBody rebuildRigidBody
INFORMATION: Created 28efd171590.
Sept. 13, 2026 3:08:35 PM com.jme3.bullet.objects.PhysicsRigidBody rebuildRigidBody
INFORMATION: Created 28efd16f5b0.
Sept. 13, 2026 3:08:35 PM com.jme3.bullet.objects.PhysicsRigidBody rebuildRigidBody
INFORMATION: Created 28efd16d900.
Sept. 13, 2026 3:08:35 PM com.jme3.bullet.objects.PhysicsRigidBody rebuildRigidBody
INFORMATION: Created 28efd16fc10.
Sept. 13, 2026 3:08:35 PM com.jme3.bullet.objects.PhysicsRigidBody rebuildRigidBody
INFORMATION: Created 28efd170c00.
Sept. 13, 2026 3:08:35 PM com.jme3.bullet.objects.PhysicsRigidBody rebuildRigidBody
INFORMATION: Created 28efd16ff40.
Sept. 13, 2026 3:08:35 PM com.jme3.bullet.objects.PhysicsRigidBody rebuildRigidBody
INFORMATION: Created 28efd16ec20.
Sept. 13, 2026 3:08:35 PM com.jme3.bullet.objects.PhysicsRigidBody rebuildRigidBody
INFORMATION: Created 28efd171260.
Sept. 13, 2026 3:08:35 PM com.jme3.bullet.objects.PhysicsRigidBody rebuildRigidBody
INFORMATION: Created 28efd1718c0.
Sept. 13, 2026 3:08:35 PM com.jme3.bullet.objects.PhysicsRigidBody rebuildRigidBody
INFORMATION: Created 28efd16f8e0.
Sept. 13, 2026 3:08:35 PM com.jme3.bullet.objects.PhysicsRigidBody rebuildRigidBody
INFORMATION: Created 28efd170270.
Sept. 13, 2026 3:08:35 PM com.jme3.bullet.objects.PhysicsRigidBody rebuildRigidBody
INFORMATION: Created 28efd1705a0.
Sept. 13, 2026 3:08:35 PM com.jme3.bullet.objects.PhysicsRigidBody rebuildRigidBody
INFORMATION: Created 28efd16dc30.
Sept. 13, 2026 3:08:35 PM com.jme3.bullet.objects.PhysicsRigidBody rebuildRigidBody
INFORMATION: Created 28efd171bf0.
Sept. 13, 2026 3:08:35 PM com.jme3.bullet.objects.PhysicsRigidBody rebuildRigidBody
INFORMATION: Created 28efd16df60.
Sept. 13, 2026 3:08:35 PM com.jme3.bullet.objects.PhysicsRigidBody rebuildRigidBody
INFORMATION: Created 28efd16e5c0.
Sept. 13, 2026 3:08:35 PM com.jme3.bullet.objects.PhysicsRigidBody rebuildRigidBody
INFORMATION: Created 28efd170f30.
Sept. 13, 2026 3:08:35 PM com.jme3.bullet.objects.PhysicsRigidBody rebuildRigidBody
INFORMATION: Created 28efd171f20.
Sept. 13, 2026 3:08:35 PM com.jme3.bullet.objects.PhysicsRigidBody rebuildRigidBody
INFORMATION: Created 28efd1708d0.
Sept. 13, 2026 3:08:35 PM com.jme3.bullet.objects.PhysicsRigidBody rebuildRigidBody
INFORMATION: Created 28efd16e290.
Sept. 13, 2026 3:08:35 PM com.jme3.bullet.objects.PhysicsRigidBody rebuildRigidBody
INFORMATION: Created 28efd173570.
Sept. 13, 2026 3:08:35 PM com.jme3.bullet.objects.PhysicsRigidBody rebuildRigidBody
INFORMATION: Created 28efd174890.
Sept. 13, 2026 3:08:35 PM com.jme3.bullet.objects.PhysicsRigidBody rebuildRigidBody
INFORMATION: Created 28efd174ef0.
Sept. 13, 2026 3:08:35 PM com.jme3.bullet.objects.PhysicsRigidBody rebuildRigidBody
INFORMATION: Created 28efd173240.
Sept. 13, 2026 3:08:35 PM com.jme3.bullet.objects.PhysicsRigidBody rebuildRigidBody
INFORMATION: Created 28efd172250.
Sept. 13, 2026 3:08:35 PM com.jme3.bullet.objects.PhysicsRigidBody rebuildRigidBody
INFORMATION: Created 28efd172580.
Sept. 13, 2026 3:08:35 PM com.jme3.bullet.objects.PhysicsRigidBody rebuildRigidBody
INFORMATION: Created 28efd173bd0.
Sept. 13, 2026 3:08:35 PM com.jme3.bullet.objects.PhysicsRigidBody rebuildRigidBody
INFORMATION: Created 28efd175220.
Sept. 13, 2026 3:08:35 PM com.jme3.bullet.objects.PhysicsRigidBody rebuildRigidBody
INFORMATION: Created 28efd1728b0.
Sept. 13, 2026 3:08:36 PM com.jme3.anim.SkinningControl controlRender
INFORMATION: Hardware skinning engaged for Scene (Node)
Sept. 13, 2026 3:08:36 PM com.jme3.anim.SkinningControl controlRender
INFORMATION: Hardware skinning engaged for Scene (Node)
Sept. 13, 2026 3:08:36 PM com.jme3.anim.SkinningControl controlRender
INFORMATION: Hardware skinning engaged for Scene (Node)
Sept. 13, 2026 3:08:36 PM com.jme3.anim.SkinningControl controlRender
INFORMATION: Hardware skinning engaged for Scene (Node)
Sept. 13, 2026 3:08:36 PM com.jme3.anim.SkinningControl controlRender
INFORMATION: Hardware skinning engaged for Scene (Node)
Sept. 13, 2026 3:08:36 PM com.jme3.anim.SkinningControl controlRender
INFORMATION: Hardware skinning engaged for Scene (Node)
Sept. 13, 2026 3:08:36 PM com.jme3.anim.SkinningControl controlRender
INFORMATION: Hardware skinning engaged for Scene (Node)
[SMOKE] stage 8
Sept. 13, 2026 3:08:37 PM com.jme3.bullet.objects.PhysicsRigidBody rebuildRigidBody
INFORMATION: Created 28efd174bc0.
Sept. 13, 2026 3:08:37 PM com.jme3.bullet.objects.PhysicsRigidBody rebuildRigidBody
INFORMATION: Created 28efd174230.
Sept. 13, 2026 3:08:37 PM com.jme3.bullet.objects.PhysicsRigidBody rebuildRigidBody
INFORMATION: Created 28efd175550.
Sept. 13, 2026 3:08:37 PM com.jme3.bullet.objects.PhysicsRigidBody rebuildRigidBody
INFORMATION: Created 28efd174560.
Sept. 13, 2026 3:08:37 PM com.jme3.bullet.objects.PhysicsRigidBody rebuildRigidBody
INFORMATION: Created 28efd172be0.
Sept. 13, 2026 3:08:37 PM com.jme3.bullet.objects.PhysicsRigidBody rebuildRigidBody
INFORMATION: Created 28efd172f10.
Sept. 13, 2026 3:08:37 PM com.jme3.bullet.objects.PhysicsRigidBody rebuildRigidBody
INFORMATION: Created 28efd1738a0.
Sept. 13, 2026 3:08:37 PM com.jme3.bullet.objects.PhysicsRigidBody rebuildRigidBody
INFORMATION: Created 28efd173f00.
Sept. 13, 2026 3:08:37 PM com.jme3.bullet.objects.PhysicsRigidBody rebuildRigidBody
INFORMATION: Created 28efdc92c20.
Sept. 13, 2026 3:08:37 PM com.jme3.bullet.objects.PhysicsRigidBody rebuildRigidBody
INFORMATION: Created 28efdc94270.
Sept. 13, 2026 3:08:37 PM com.jme3.bullet.objects.PhysicsRigidBody rebuildRigidBody
INFORMATION: Created 28efdc95260.
Sept. 13, 2026 3:08:37 PM com.jme3.bullet.objects.PhysicsRigidBody rebuildRigidBody
INFORMATION: Created 28efdc935b0.
Sept. 13, 2026 3:08:37 PM com.jme3.bullet.objects.PhysicsRigidBody rebuildRigidBody
INFORMATION: Created 28efdc92f50.
Sept. 13, 2026 3:08:37 PM com.jme3.bullet.objects.PhysicsRigidBody rebuildRigidBody
INFORMATION: Created 28efdc93280.
Sept. 13, 2026 3:08:37 PM com.jme3.bullet.objects.PhysicsRigidBody rebuildRigidBody
INFORMATION: Created 28efdc93f40.
Sept. 13, 2026 3:08:37 PM com.jme3.bullet.objects.PhysicsRigidBody rebuildRigidBody
INFORMATION: Created 28efdc91f60.
Sept. 13, 2026 3:08:37 PM com.jme3.bullet.objects.PhysicsRigidBody rebuildRigidBody
INFORMATION: Created 28efdc95590.
Sept. 13, 2026 3:08:37 PM com.jme3.bullet.objects.PhysicsRigidBody rebuildRigidBody
INFORMATION: Created 28efdc958c0.
Sept. 13, 2026 3:08:37 PM com.jme3.bullet.objects.PhysicsRigidBody rebuildRigidBody
INFORMATION: Created 28efdc945a0.
Sept. 13, 2026 3:08:37 PM com.jme3.bullet.objects.PhysicsRigidBody rebuildRigidBody
INFORMATION: Created 28efdc938e0.
Sept. 13, 2026 3:08:37 PM com.jme3.bullet.objects.PhysicsRigidBody rebuildRigidBody
INFORMATION: Created 28efdc93c10.
Sept. 13, 2026 3:08:37 PM com.jme3.bullet.objects.PhysicsRigidBody rebuildRigidBody
INFORMATION: Created 28efdc95f20.
Sept. 13, 2026 3:08:37 PM com.jme3.bullet.objects.PhysicsRigidBody rebuildRigidBody
INFORMATION: Created 28efdc948d0.
Sept. 13, 2026 3:08:37 PM com.jme3.bullet.objects.PhysicsRigidBody rebuildRigidBody
INFORMATION: Created 28efdc94c00.
Sept. 13, 2026 3:08:37 PM com.jme3.bullet.objects.PhysicsRigidBody rebuildRigidBody
INFORMATION: Created 28efdc95bf0.
Sept. 13, 2026 3:08:37 PM com.jme3.bullet.objects.PhysicsRigidBody rebuildRigidBody
INFORMATION: Created 28efdc94f30.
Sept. 13, 2026 3:08:37 PM com.jme3.bullet.objects.PhysicsRigidBody rebuildRigidBody
INFORMATION: Created 28efdc92290.
Sept. 13, 2026 3:08:37 PM com.jme3.bullet.objects.PhysicsRigidBody rebuildRigidBody
INFORMATION: Created 28efdc96250.
Sept. 13, 2026 3:08:37 PM com.jme3.bullet.objects.PhysicsRigidBody rebuildRigidBody
INFORMATION: Created 28efdc925c0.
Sept. 13, 2026 3:08:37 PM com.jme3.bullet.objects.PhysicsRigidBody rebuildRigidBody
INFORMATION: Created 28efdc96580.
Sept. 13, 2026 3:08:37 PM com.jme3.bullet.objects.PhysicsRigidBody rebuildRigidBody
INFORMATION: Created 28efdc928f0.
Sept. 13, 2026 3:08:37 PM com.jme3.bullet.objects.PhysicsRigidBody rebuildRigidBody
INFORMATION: Created 28efdc97570.
Sept. 13, 2026 3:08:37 PM com.jme3.bullet.objects.PhysicsRigidBody rebuildRigidBody
INFORMATION: Created 28efdc98bc0.
Sept. 13, 2026 3:08:37 PM com.jme3.bullet.objects.PhysicsRigidBody rebuildRigidBody
INFORMATION: Created 28efdc99bb0.
Sept. 13, 2026 3:08:37 PM com.jme3.bullet.objects.PhysicsRigidBody rebuildRigidBody
INFORMATION: Created 28efdc97f00.
Sept. 13, 2026 3:08:37 PM com.jme3.bullet.objects.PhysicsRigidBody rebuildRigidBody
INFORMATION: Created 28efdc978a0.
Sept. 13, 2026 3:08:37 PM com.jme3.bullet.objects.PhysicsRigidBody rebuildRigidBody
INFORMATION: Created 28efdc97bd0.
Sept. 13, 2026 3:08:37 PM com.jme3.bullet.objects.PhysicsRigidBody rebuildRigidBody
INFORMATION: Created 28efdc98890.
Sept. 13, 2026 3:08:37 PM com.jme3.bullet.objects.PhysicsRigidBody rebuildRigidBody
INFORMATION: Created 28efdc968b0.
Sept. 13, 2026 3:08:37 PM com.jme3.bullet.objects.PhysicsRigidBody rebuildRigidBody
INFORMATION: Created 28efdc99ee0.
Sept. 13, 2026 3:08:37 PM com.jme3.bullet.objects.PhysicsRigidBody rebuildRigidBody
INFORMATION: Created 28efdc9a210.
Sept. 13, 2026 3:08:37 PM com.jme3.bullet.objects.PhysicsRigidBody rebuildRigidBody
INFORMATION: Created 28efdc99880.
Sept. 13, 2026 3:08:37 PM com.jme3.bullet.objects.PhysicsRigidBody rebuildRigidBody
INFORMATION: Created 28efdc98230.
Sept. 13, 2026 3:08:37 PM com.jme3.bullet.objects.PhysicsRigidBody rebuildRigidBody
INFORMATION: Created 28efdc9a540.
Sept. 13, 2026 3:08:37 PM com.jme3.bullet.objects.PhysicsRigidBody rebuildRigidBody
INFORMATION: Created 28efdc96be0.
Sept. 13, 2026 3:08:37 PM com.jme3.bullet.objects.PhysicsRigidBody rebuildRigidBody
INFORMATION: Created 28efdc98560.
Sept. 13, 2026 3:08:37 PM com.jme3.bullet.objects.PhysicsRigidBody rebuildRigidBody
INFORMATION: Created 28efdc98ef0.
Sept. 13, 2026 3:08:37 PM com.jme3.bullet.objects.PhysicsRigidBody rebuildRigidBody
INFORMATION: Created 28efdc99220.
Sept. 13, 2026 3:08:37 PM com.jme3.bullet.objects.PhysicsRigidBody rebuildRigidBody
INFORMATION: Created 28efdc97240.
Sept. 13, 2026 3:08:37 PM com.jme3.bullet.objects.PhysicsRigidBody rebuildRigidBody
INFORMATION: Created 28efdc99550.
Sept. 13, 2026 3:08:37 PM com.jme3.bullet.objects.PhysicsRigidBody rebuildRigidBody
INFORMATION: Created 28efdc9a870.
Sept. 13, 2026 3:08:37 PM com.jme3.bullet.objects.PhysicsRigidBody rebuildRigidBody
INFORMATION: Created 28efdc9aba0.
Sept. 13, 2026 3:08:37 PM com.jme3.bullet.objects.PhysicsRigidBody rebuildRigidBody
INFORMATION: Created 28efdc96f10.
Sept. 13, 2026 3:08:37 PM com.jme3.bullet.objects.PhysicsRigidBody rebuildRigidBody
INFORMATION: Created 28efdc9bec0.
Sept. 13, 2026 3:08:37 PM com.jme3.bullet.objects.PhysicsRigidBody rebuildRigidBody
INFORMATION: Created 28efdc9c1f0.
Sept. 13, 2026 3:08:37 PM com.jme3.bullet.objects.PhysicsRigidBody rebuildRigidBody
INFORMATION: Created 28efdc9d510.
Sept. 13, 2026 3:08:37 PM com.jme3.bullet.objects.PhysicsRigidBody rebuildRigidBody
INFORMATION: Created 28efdc9e500.
Sept. 13, 2026 3:08:37 PM com.jme3.bullet.objects.PhysicsRigidBody rebuildRigidBody
INFORMATION: Created 28efdc9c520.
Sept. 13, 2026 3:08:37 PM com.jme3.bullet.objects.PhysicsRigidBody rebuildRigidBody
INFORMATION: Created 28efdc9c850.
Sept. 13, 2026 3:08:37 PM com.jme3.bullet.objects.PhysicsRigidBody rebuildRigidBody
INFORMATION: Created 28efdc9cb80.
Sept. 13, 2026 3:08:37 PM com.jme3.bullet.objects.PhysicsRigidBody rebuildRigidBody
INFORMATION: Created 28efdc9ceb0.
Sept. 13, 2026 3:08:37 PM com.jme3.bullet.objects.PhysicsRigidBody rebuildRigidBody
INFORMATION: Created 28efdc9b530.
Sept. 13, 2026 3:08:37 PM com.jme3.bullet.objects.PhysicsRigidBody rebuildRigidBody
INFORMATION: Created 28efdc9d1e0.
Sept. 13, 2026 3:08:37 PM com.jme3.bullet.objects.PhysicsRigidBody rebuildRigidBody
INFORMATION: Created 28efdc9e1d0.
Sept. 13, 2026 3:08:37 PM com.jme3.bullet.objects.PhysicsRigidBody rebuildRigidBody
INFORMATION: Created 28efdc9e830.
Sept. 13, 2026 3:08:37 PM com.jme3.bullet.objects.PhysicsRigidBody rebuildRigidBody
INFORMATION: Created 28efdc9aed0.
Sept. 13, 2026 3:08:37 PM com.jme3.bullet.objects.PhysicsRigidBody rebuildRigidBody
INFORMATION: Created 28efdc9b860.
Sept. 13, 2026 3:08:37 PM com.jme3.bullet.objects.PhysicsRigidBody rebuildRigidBody
INFORMATION: Created 28efdc9d840.
Sept. 13, 2026 3:08:37 PM com.jme3.bullet.objects.PhysicsRigidBody rebuildRigidBody
INFORMATION: Created 28efdc9db70.
Sept. 13, 2026 3:08:37 PM com.jme3.bullet.objects.PhysicsRigidBody rebuildRigidBody
INFORMATION: Created 28efdc9bb90.
Sept. 13, 2026 3:08:37 PM com.jme3.bullet.objects.PhysicsRigidBody rebuildRigidBody
INFORMATION: Created 28efdc9dea0.
Sept. 13, 2026 3:08:37 PM com.jme3.bullet.objects.PhysicsRigidBody rebuildRigidBody
INFORMATION: Created 28efdc9b200.
Sept. 13, 2026 3:08:37 PM com.jme3.bullet.objects.PhysicsRigidBody rebuildRigidBody
INFORMATION: Created 28efdca14d0.
Sept. 13, 2026 3:08:37 PM com.jme3.bullet.objects.PhysicsRigidBody rebuildRigidBody
INFORMATION: Created 28efdc9fe80.
Sept. 13, 2026 3:08:37 PM com.jme3.bullet.objects.PhysicsRigidBody rebuildRigidBody
INFORMATION: Created 28efdca0b40.
Sept. 13, 2026 3:08:37 PM com.jme3.bullet.objects.PhysicsRigidBody rebuildRigidBody
INFORMATION: Created 28efdc9f4f0.
Sept. 13, 2026 3:08:37 PM com.jme3.bullet.objects.PhysicsRigidBody rebuildRigidBody
INFORMATION: Created 28efdca01b0.
Sept. 13, 2026 3:08:37 PM com.jme3.bullet.objects.PhysicsRigidBody rebuildRigidBody
INFORMATION: Created 28efdc9ee90.
Sept. 13, 2026 3:08:37 PM com.jme3.bullet.objects.PhysicsRigidBody rebuildRigidBody
INFORMATION: Created 28efdca1800.
Sept. 13, 2026 3:08:37 PM com.jme3.bullet.objects.PhysicsRigidBody rebuildRigidBody
INFORMATION: Created 28efdca0e70.
Sept. 13, 2026 3:08:37 PM com.jme3.bullet.objects.PhysicsRigidBody rebuildRigidBody
INFORMATION: Created 28efdca04e0.
Sept. 13, 2026 3:08:37 PM com.jme3.bullet.objects.PhysicsRigidBody rebuildRigidBody
INFORMATION: Created 28efdca0810.
Sept. 13, 2026 3:08:37 PM com.jme3.bullet.objects.PhysicsRigidBody rebuildRigidBody
INFORMATION: Created 28efdca1b30.
Sept. 13, 2026 3:08:37 PM com.jme3.bullet.objects.PhysicsRigidBody rebuildRigidBody
INFORMATION: Created 28efdc9eb60.
Sept. 13, 2026 3:08:37 PM com.jme3.bullet.objects.PhysicsRigidBody rebuildRigidBody
INFORMATION: Created 28efdc9fb50.
Sept. 13, 2026 3:08:37 PM com.jme3.bullet.objects.PhysicsRigidBody rebuildRigidBody
INFORMATION: Created 28efdca11a0.
Sept. 13, 2026 3:08:37 PM com.jme3.bullet.objects.PhysicsRigidBody rebuildRigidBody
INFORMATION: Created 28efdc9f1c0.
Sept. 13, 2026 3:08:37 PM com.jme3.bullet.objects.PhysicsRigidBody rebuildRigidBody
INFORMATION: Created 28efdc9f820.
Sept. 13, 2026 3:08:37 PM com.jme3.bullet.objects.PhysicsRigidBody rebuildRigidBody
INFORMATION: Created 28ef42141f0.
Sept. 13, 2026 3:08:37 PM com.jme3.bullet.objects.PhysicsRigidBody rebuildRigidBody
INFORMATION: Created 28ef4213200.
Sept. 13, 2026 3:08:37 PM com.jme3.bullet.objects.PhysicsRigidBody rebuildRigidBody
INFORMATION: Created 28ef4213860.
Sept. 13, 2026 3:08:37 PM com.jme3.bullet.objects.PhysicsRigidBody rebuildRigidBody
INFORMATION: Created 28ef4214b80.
Sept. 13, 2026 3:08:37 PM com.jme3.bullet.objects.PhysicsRigidBody rebuildRigidBody
INFORMATION: Created 28ef4213530.
Sept. 13, 2026 3:08:37 PM com.jme3.bullet.objects.PhysicsRigidBody rebuildRigidBody
INFORMATION: Created 28ef4214850.
Sept. 13, 2026 3:08:37 PM com.jme3.bullet.objects.PhysicsRigidBody rebuildRigidBody
INFORMATION: Created 28ef4214eb0.
Sept. 13, 2026 3:08:37 PM com.jme3.bullet.objects.PhysicsRigidBody rebuildRigidBody
INFORMATION: Created 28ef4213ec0.
Sept. 13, 2026 3:08:37 PM com.jme3.bullet.objects.PhysicsRigidBody rebuildRigidBody
INFORMATION: Created 28ef4212ed0.
Sept. 13, 2026 3:08:37 PM com.jme3.bullet.objects.PhysicsRigidBody rebuildRigidBody
INFORMATION: Created 28ef4216500.
Sept. 13, 2026 3:08:37 PM com.jme3.bullet.objects.PhysicsRigidBody rebuildRigidBody
INFORMATION: Created 28ef42151e0.
Sept. 13, 2026 3:08:37 PM com.jme3.bullet.objects.PhysicsRigidBody rebuildRigidBody
INFORMATION: Created 28ef4215510.
Sept. 13, 2026 3:08:37 PM com.jme3.bullet.objects.PhysicsRigidBody rebuildRigidBody
INFORMATION: Created 28ef4213b90.
Sept. 13, 2026 3:08:37 PM com.jme3.bullet.objects.PhysicsRigidBody rebuildRigidBody
INFORMATION: Created 28ef4212ba0.
Sept. 13, 2026 3:08:37 PM com.jme3.bullet.objects.PhysicsRigidBody rebuildRigidBody
INFORMATION: Created 28ef4214520.
Sept. 13, 2026 3:08:37 PM com.jme3.bullet.objects.PhysicsRigidBody rebuildRigidBody
INFORMATION: Created 28ef42161d0.
Sept. 13, 2026 3:08:37 PM com.jme3.bullet.objects.PhysicsRigidBody rebuildRigidBody
INFORMATION: Created 28ef4215840.
Sept. 13, 2026 3:08:37 PM com.jme3.bullet.objects.PhysicsRigidBody rebuildRigidBody
INFORMATION: Created 28ef4215b70.
Sept. 13, 2026 3:08:37 PM com.jme3.bullet.objects.PhysicsRigidBody rebuildRigidBody
INFORMATION: Created 28ef4215ea0.
Sept. 13, 2026 3:08:37 PM com.jme3.bullet.objects.PhysicsRigidBody rebuildRigidBody
INFORMATION: Created 28ef4212870.
Sept. 13, 2026 3:08:37 PM com.jme3.bullet.objects.PhysicsRigidBody rebuildRigidBody
INFORMATION: Created 28ef42174f0.
Sept. 13, 2026 3:08:37 PM com.jme3.bullet.objects.PhysicsRigidBody rebuildRigidBody
INFORMATION: Created 28ef4216830.
Sept. 13, 2026 3:08:37 PM com.jme3.bullet.objects.PhysicsRigidBody rebuildRigidBody
INFORMATION: Created 28ef4218810.
Sept. 13, 2026 3:08:37 PM com.jme3.bullet.objects.PhysicsRigidBody rebuildRigidBody
INFORMATION: Created 28ef4217b50.
Sept. 13, 2026 3:08:37 PM com.jme3.bullet.objects.PhysicsRigidBody rebuildRigidBody
INFORMATION: Created 28ef4217820.
Sept. 13, 2026 3:08:37 PM com.jme3.bullet.objects.PhysicsRigidBody rebuildRigidBody
INFORMATION: Created 28ef421a4c0.
Sept. 13, 2026 3:08:37 PM com.jme3.bullet.objects.PhysicsRigidBody rebuildRigidBody
INFORMATION: Created 28ef421a7f0.
Sept. 13, 2026 3:08:37 PM com.jme3.bullet.objects.PhysicsRigidBody rebuildRigidBody
INFORMATION: Created 28ef4219e60.
Sept. 13, 2026 3:08:37 PM com.jme3.bullet.objects.PhysicsRigidBody rebuildRigidBody
INFORMATION: Created 28ef4217e80.
Sept. 13, 2026 3:08:37 PM com.jme3.bullet.objects.PhysicsRigidBody rebuildRigidBody
INFORMATION: Created 28ef4216e90.
Sept. 13, 2026 3:08:37 PM com.jme3.bullet.objects.PhysicsRigidBody rebuildRigidBody
INFORMATION: Created 28ef4218e70.
Sept. 13, 2026 3:08:37 PM com.jme3.bullet.objects.PhysicsRigidBody rebuildRigidBody
INFORMATION: Created 28ef4216b60.
Sept. 13, 2026 3:08:37 PM com.jme3.bullet.objects.PhysicsRigidBody rebuildRigidBody
INFORMATION: Created 28ef4218b40.
Sept. 13, 2026 3:08:37 PM com.jme3.bullet.objects.PhysicsRigidBody rebuildRigidBody
INFORMATION: Created 28ef421ab20.
Sept. 13, 2026 3:08:37 PM com.jme3.bullet.objects.PhysicsRigidBody rebuildRigidBody
INFORMATION: Created 28ef421ae50.
Sept. 13, 2026 3:08:37 PM com.jme3.bullet.objects.PhysicsRigidBody rebuildRigidBody
INFORMATION: Created 28ef42191a0.
Sept. 13, 2026 3:08:37 PM com.jme3.bullet.objects.PhysicsRigidBody rebuildRigidBody
INFORMATION: Created 28ef42181b0.
Sept. 13, 2026 3:08:37 PM com.jme3.bullet.objects.PhysicsRigidBody rebuildRigidBody
INFORMATION: Created 28ef42184e0.
Sept. 13, 2026 3:08:37 PM com.jme3.bullet.objects.PhysicsRigidBody rebuildRigidBody
INFORMATION: Created 28ef42171c0.
Sept. 13, 2026 3:08:37 PM com.jme3.bullet.objects.PhysicsRigidBody rebuildRigidBody
INFORMATION: Created 28ef421b180.
Sept. 13, 2026 3:08:37 PM com.jme3.bullet.objects.PhysicsRigidBody rebuildRigidBody
INFORMATION: Created 28ef421c170.
Sept. 13, 2026 3:08:37 PM com.jme3.bullet.objects.PhysicsRigidBody rebuildRigidBody
INFORMATION: Created 28ef421ce30.
Sept. 13, 2026 3:08:37 PM com.jme3.bullet.objects.PhysicsRigidBody rebuildRigidBody
INFORMATION: Created 28ef421c4a0.
Sept. 13, 2026 3:08:37 PM com.jme3.bullet.objects.PhysicsRigidBody rebuildRigidBody
INFORMATION: Created 28ef421c7d0.
Sept. 13, 2026 3:08:37 PM com.jme3.bullet.objects.PhysicsRigidBody rebuildRigidBody
INFORMATION: Created 28ef421be40.
Sept. 13, 2026 3:08:37 PM com.jme3.bullet.objects.PhysicsRigidBody rebuildRigidBody
INFORMATION: Created 28ef421b4b0.
Sept. 13, 2026 3:08:37 PM com.jme3.bullet.objects.PhysicsRigidBody rebuildRigidBody
INFORMATION: Created 28ef421d160.
Sept. 13, 2026 3:08:37 PM com.jme3.bullet.objects.PhysicsRigidBody rebuildRigidBody
INFORMATION: Created 28ef421cb00.
Sept. 13, 2026 3:08:37 PM com.jme3.bullet.objects.PhysicsRigidBody rebuildRigidBody
INFORMATION: Created 28ef421b7e0.
Sept. 13, 2026 3:08:37 PM com.jme3.bullet.objects.PhysicsRigidBody rebuildRigidBody
INFORMATION: Created 28ef42194d0.
Sept. 13, 2026 3:08:37 PM com.jme3.bullet.objects.PhysicsRigidBody rebuildRigidBody
INFORMATION: Created 28ef421d490.
Sept. 13, 2026 3:08:37 PM com.jme3.bullet.objects.PhysicsRigidBody rebuildRigidBody
INFORMATION: Created 28ef4219800.
Sept. 13, 2026 3:08:37 PM com.jme3.bullet.objects.PhysicsRigidBody rebuildRigidBody
INFORMATION: Created 28ef421bb10.
Sept. 13, 2026 3:08:37 PM com.jme3.bullet.objects.PhysicsRigidBody rebuildRigidBody
INFORMATION: Created 28ef421d7c0.
Sept. 13, 2026 3:08:37 PM com.jme3.bullet.objects.PhysicsRigidBody rebuildRigidBody
INFORMATION: Created 28ef4219b30.
Sept. 13, 2026 3:08:37 PM com.jme3.bullet.objects.PhysicsRigidBody rebuildRigidBody
INFORMATION: Created 28ef421daf0.
Sept. 13, 2026 3:08:38 PM com.jme3.bullet.objects.PhysicsRigidBody rebuildRigidBody
INFORMATION: Created 28ef9061cf0.
Sept. 13, 2026 3:08:38 PM com.jme3.bullet.objects.PhysicsRigidBody rebuildRigidBody
INFORMATION: Created 28ef9062020.
Sept. 13, 2026 3:08:38 PM com.jme3.bullet.objects.PhysicsRigidBody rebuildRigidBody
INFORMATION: Created 28ef905f6b0.
Sept. 13, 2026 3:08:38 PM com.jme3.bullet.objects.PhysicsRigidBody rebuildRigidBody
INFORMATION: Created 28ef905f050.
Sept. 13, 2026 3:08:38 PM com.jme3.bullet.objects.PhysicsRigidBody rebuildRigidBody
INFORMATION: Created 28ef905f9e0.
Sept. 13, 2026 3:08:38 PM com.jme3.bullet.objects.PhysicsRigidBody rebuildRigidBody
INFORMATION: Created 28ef905fd10.
Sept. 13, 2026 3:08:38 PM com.jme3.bullet.objects.PhysicsRigidBody rebuildRigidBody
INFORMATION: Created 28ef9061360.
Sept. 13, 2026 3:08:38 PM com.jme3.bullet.objects.PhysicsRigidBody rebuildRigidBody
INFORMATION: Created 28ef905e9f0.
Sept. 13, 2026 3:08:38 PM com.jme3.bullet.objects.PhysicsRigidBody rebuildRigidBody
INFORMATION: Created 28ef9061690.
Sept. 13, 2026 3:08:38 PM com.jme3.anim.SkinningControl controlRender
INFORMATION: Hardware skinning engaged for Scene (Node)
Sept. 13, 2026 3:08:38 PM com.jme3.anim.SkinningControl controlRender
INFORMATION: Hardware skinning engaged for Scene (Node)
Sept. 13, 2026 3:08:38 PM com.jme3.anim.SkinningControl controlRender
INFORMATION: Hardware skinning engaged for Scene (Node)
Sept. 13, 2026 3:08:38 PM com.jme3.anim.SkinningControl controlRender
INFORMATION: Hardware skinning engaged for Scene (Node)
Sept. 13, 2026 3:08:38 PM com.jme3.anim.SkinningControl controlRender
INFORMATION: Hardware skinning engaged for Scene (Node)
Sept. 13, 2026 3:08:38 PM com.jme3.anim.SkinningControl controlRender
INFORMATION: Hardware skinning engaged for Scene (Node)
Sept. 13, 2026 3:08:38 PM com.jme3.anim.SkinningControl controlRender
INFORMATION: Hardware skinning engaged for Scene (Node)
[SMOKE] stage 9
Sept. 13, 2026 3:08:40 PM com.jme3.bullet.objects.PhysicsRigidBody rebuildRigidBody
INFORMATION: Created 28efb95d770.
Sept. 13, 2026 3:08:40 PM com.jme3.bullet.objects.PhysicsRigidBody rebuildRigidBody
INFORMATION: Created 28efb95d110.
Sept. 13, 2026 3:08:40 PM com.jme3.bullet.objects.PhysicsRigidBody rebuildRigidBody
INFORMATION: Created 28efb95d440.
Sept. 13, 2026 3:08:40 PM com.jme3.bullet.objects.PhysicsRigidBody rebuildRigidBody
INFORMATION: Created 28ef421de20.
Sept. 13, 2026 3:08:40 PM com.jme3.bullet.objects.PhysicsRigidBody rebuildRigidBody
INFORMATION: Created 28ef421a190.
Sept. 13, 2026 3:08:40 PM com.jme3.bullet.objects.PhysicsRigidBody rebuildRigidBody
INFORMATION: Created 28ef421e150.
Sept. 13, 2026 3:08:40 PM com.jme3.bullet.objects.PhysicsRigidBody rebuildRigidBody
INFORMATION: Created 28ef421e480.
Sept. 13, 2026 3:08:40 PM com.jme3.bullet.objects.PhysicsRigidBody rebuildRigidBody
INFORMATION: Created 28ef421e7b0.
Sept. 13, 2026 3:08:40 PM com.jme3.bullet.objects.PhysicsRigidBody rebuildRigidBody
INFORMATION: Created 28ef421eae0.
Sept. 13, 2026 3:08:40 PM com.jme3.bullet.objects.PhysicsRigidBody rebuildRigidBody
INFORMATION: Created 28ef421ee10.
Sept. 13, 2026 3:08:40 PM com.jme3.bullet.objects.PhysicsRigidBody rebuildRigidBody
INFORMATION: Created 28ef421f140.
Sept. 13, 2026 3:08:40 PM com.jme3.bullet.objects.PhysicsRigidBody rebuildRigidBody
INFORMATION: Created 28ef4221780.
Sept. 13, 2026 3:08:40 PM com.jme3.bullet.objects.PhysicsRigidBody rebuildRigidBody
INFORMATION: Created 28ef4221120.
Sept. 13, 2026 3:08:40 PM com.jme3.bullet.objects.PhysicsRigidBody rebuildRigidBody
INFORMATION: Created 28ef4221450.
Sept. 13, 2026 3:08:40 PM com.jme3.bullet.objects.PhysicsRigidBody rebuildRigidBody
INFORMATION: Created 28ef4220460.
Sept. 13, 2026 3:08:40 PM com.jme3.bullet.objects.PhysicsRigidBody rebuildRigidBody
INFORMATION: Created 28ef4220df0.
Sept. 13, 2026 3:08:40 PM com.jme3.bullet.objects.PhysicsRigidBody rebuildRigidBody
INFORMATION: Created 28ef4221de0.
Sept. 13, 2026 3:08:40 PM com.jme3.bullet.objects.PhysicsRigidBody rebuildRigidBody
INFORMATION: Created 28ef4222110.
Sept. 13, 2026 3:08:40 PM com.jme3.bullet.objects.PhysicsRigidBody rebuildRigidBody
INFORMATION: Created 28ef4222440.
Sept. 13, 2026 3:08:40 PM com.jme3.bullet.objects.PhysicsRigidBody rebuildRigidBody
INFORMATION: Created 28ef421f7a0.
Sept. 13, 2026 3:08:40 PM com.jme3.bullet.objects.PhysicsRigidBody rebuildRigidBody
INFORMATION: Created 28ef4221ab0.
Sept. 13, 2026 3:08:40 PM com.jme3.bullet.objects.PhysicsRigidBody rebuildRigidBody
INFORMATION: Created 28ef421f470.
Sept. 13, 2026 3:08:40 PM com.jme3.bullet.objects.PhysicsRigidBody rebuildRigidBody
INFORMATION: Created 28ef421fad0.
Sept. 13, 2026 3:08:40 PM com.jme3.bullet.objects.PhysicsRigidBody rebuildRigidBody
INFORMATION: Created 28ef421fe00.
Sept. 13, 2026 3:08:40 PM com.jme3.bullet.objects.PhysicsRigidBody rebuildRigidBody
INFORMATION: Created 28ef4220130.
Sept. 13, 2026 3:08:40 PM com.jme3.bullet.objects.PhysicsRigidBody rebuildRigidBody
INFORMATION: Created 28ef4220790.
Sept. 13, 2026 3:08:40 PM com.jme3.bullet.objects.PhysicsRigidBody rebuildRigidBody
INFORMATION: Created 28ef4220ac0.
Sept. 13, 2026 3:08:40 PM com.jme3.bullet.objects.PhysicsRigidBody rebuildRigidBody
INFORMATION: Created 28ef3fbee70.
Sept. 13, 2026 3:08:40 PM com.jme3.bullet.objects.PhysicsRigidBody rebuildRigidBody
INFORMATION: Created 28ef3fbf1a0.
Sept. 13, 2026 3:08:40 PM com.jme3.bullet.objects.PhysicsRigidBody rebuildRigidBody
INFORMATION: Created 28ef3fbf4d0.
Sept. 13, 2026 3:08:40 PM com.jme3.bullet.objects.PhysicsRigidBody rebuildRigidBody
INFORMATION: Created 28ef3fbde80.
Sept. 13, 2026 3:08:40 PM com.jme3.bullet.objects.PhysicsRigidBody rebuildRigidBody
INFORMATION: Created 28ef3fbf800.
Sept. 13, 2026 3:08:40 PM com.jme3.bullet.objects.PhysicsRigidBody rebuildRigidBody
INFORMATION: Created 28ef3fbdb50.
Sept. 13, 2026 3:08:40 PM com.jme3.bullet.objects.PhysicsRigidBody rebuildRigidBody
INFORMATION: Created 28ef3fbfb30.
Sept. 13, 2026 3:08:40 PM com.jme3.bullet.objects.PhysicsRigidBody rebuildRigidBody
INFORMATION: Created 28ef3fbfe60.
Sept. 13, 2026 3:08:40 PM com.jme3.bullet.objects.PhysicsRigidBody rebuildRigidBody
INFORMATION: Created 28ef3fbd4f0.
Sept. 13, 2026 3:08:40 PM com.jme3.bullet.objects.PhysicsRigidBody rebuildRigidBody
INFORMATION: Created 28ef3fc0190.
Sept. 13, 2026 3:08:40 PM com.jme3.bullet.objects.PhysicsRigidBody rebuildRigidBody
INFORMATION: Created 28ef3fc07f0.
Sept. 13, 2026 3:08:40 PM com.jme3.bullet.objects.PhysicsRigidBody rebuildRigidBody
INFORMATION: Created 28ef3fbe1b0.
Sept. 13, 2026 3:08:40 PM com.jme3.bullet.objects.PhysicsRigidBody rebuildRigidBody
INFORMATION: Created 28ef3fbeb40.
Sept. 13, 2026 3:08:40 PM com.jme3.bullet.objects.PhysicsRigidBody rebuildRigidBody
INFORMATION: Created 28ef3fbe4e0.
Sept. 13, 2026 3:08:40 PM com.jme3.bullet.objects.PhysicsRigidBody rebuildRigidBody
INFORMATION: Created 28ef3fbd820.
Sept. 13, 2026 3:08:40 PM com.jme3.bullet.objects.PhysicsRigidBody rebuildRigidBody
INFORMATION: Created 28ef3fbe810.
Sept. 13, 2026 3:08:40 PM com.jme3.bullet.objects.PhysicsRigidBody rebuildRigidBody
INFORMATION: Created 28ef3fc0b20.
Sept. 13, 2026 3:08:40 PM com.jme3.bullet.objects.PhysicsRigidBody rebuildRigidBody
INFORMATION: Created 28ef3fc0e50.
Sept. 13, 2026 3:08:40 PM com.jme3.bullet.objects.PhysicsRigidBody rebuildRigidBody
INFORMATION: Created 28ef3fc04c0.
Sept. 13, 2026 3:08:40 PM com.jme3.bullet.objects.PhysicsRigidBody rebuildRigidBody
INFORMATION: Created 28efb0ecd20.
Sept. 13, 2026 3:08:40 PM com.jme3.bullet.objects.PhysicsRigidBody rebuildRigidBody
INFORMATION: Created 28efb0ee6a0.
Sept. 13, 2026 3:08:40 PM com.jme3.bullet.objects.PhysicsRigidBody rebuildRigidBody
INFORMATION: Created 28efb0ee370.
Sept. 13, 2026 3:08:40 PM com.jme3.bullet.objects.PhysicsRigidBody rebuildRigidBody
INFORMATION: Created 28efb0ec060.
Sept. 13, 2026 3:08:40 PM com.jme3.bullet.objects.PhysicsRigidBody rebuildRigidBody
INFORMATION: Created 28efb0eb070.
Sept. 13, 2026 3:08:40 PM com.jme3.bullet.objects.PhysicsRigidBody rebuildRigidBody
INFORMATION: Created 28efb0ec390.
Sept. 13, 2026 3:08:40 PM com.jme3.bullet.objects.PhysicsRigidBody rebuildRigidBody
INFORMATION: Created 28efb0ec9f0.
Sept. 13, 2026 3:08:40 PM com.jme3.bullet.objects.PhysicsRigidBody rebuildRigidBody
INFORMATION: Created 28efb0eb3a0.
Sept. 13, 2026 3:08:40 PM com.jme3.bullet.objects.PhysicsRigidBody rebuildRigidBody
INFORMATION: Created 28efb0ed6b0.
Sept. 13, 2026 3:08:40 PM com.jme3.bullet.objects.PhysicsRigidBody rebuildRigidBody
INFORMATION: Created 28efb0eb6d0.
Sept. 13, 2026 3:08:40 PM com.jme3.bullet.objects.PhysicsRigidBody rebuildRigidBody
INFORMATION: Created 28efb0ed9e0.
Sept. 13, 2026 3:08:40 PM com.jme3.bullet.objects.PhysicsRigidBody rebuildRigidBody
INFORMATION: Created 28efb0ee9d0.
Sept. 13, 2026 3:08:40 PM com.jme3.bullet.objects.PhysicsRigidBody rebuildRigidBody
INFORMATION: Created 28efb0ee040.
Sept. 13, 2026 3:08:40 PM com.jme3.bullet.objects.PhysicsRigidBody rebuildRigidBody
INFORMATION: Created 28efb0eba00.
Sept. 13, 2026 3:08:40 PM com.jme3.bullet.objects.PhysicsRigidBody rebuildRigidBody
INFORMATION: Created 28efb0ec6c0.
Sept. 13, 2026 3:08:40 PM com.jme3.bullet.objects.PhysicsRigidBody rebuildRigidBody
INFORMATION: Created 28efb0ed050.
Sept. 13, 2026 3:08:40 PM com.jme3.bullet.objects.PhysicsRigidBody rebuildRigidBody
INFORMATION: Created 28efb0ebd30.
Sept. 13, 2026 3:08:40 PM com.jme3.bullet.objects.PhysicsRigidBody rebuildRigidBody
INFORMATION: Created 28efb0ed380.
Sept. 13, 2026 3:08:40 PM com.jme3.bullet.objects.PhysicsRigidBody rebuildRigidBody
INFORMATION: Created 28efb0edd10.
Sept. 13, 2026 3:08:40 PM com.jme3.bullet.objects.PhysicsRigidBody rebuildRigidBody
INFORMATION: Created 28efad736b0.
Sept. 13, 2026 3:08:40 PM com.jme3.bullet.objects.PhysicsRigidBody rebuildRigidBody
INFORMATION: Created 28efad72390.
Sept. 13, 2026 3:08:40 PM com.jme3.bullet.objects.PhysicsRigidBody rebuildRigidBody
INFORMATION: Created 28efad716d0.
Sept. 13, 2026 3:08:40 PM com.jme3.bullet.objects.PhysicsRigidBody rebuildRigidBody
INFORMATION: Created 28efad739e0.
Sept. 13, 2026 3:08:40 PM com.jme3.bullet.objects.PhysicsRigidBody rebuildRigidBody
INFORMATION: Created 28efad726c0.
Sept. 13, 2026 3:08:40 PM com.jme3.bullet.objects.PhysicsRigidBody rebuildRigidBody
INFORMATION: Created 28efad70080.
Sept. 13, 2026 3:08:40 PM com.jme3.bullet.objects.PhysicsRigidBody rebuildRigidBody
INFORMATION: Created 28efad703b0.
Sept. 13, 2026 3:08:40 PM com.jme3.bullet.objects.PhysicsRigidBody rebuildRigidBody
INFORMATION: Created 28efad73050.
Sept. 13, 2026 3:08:40 PM com.jme3.bullet.objects.PhysicsRigidBody rebuildRigidBody
INFORMATION: Created 28efad71070.
Sept. 13, 2026 3:08:40 PM com.jme3.bullet.objects.PhysicsRigidBody rebuildRigidBody
INFORMATION: Created 28efad706e0.
Sept. 13, 2026 3:08:40 PM com.jme3.bullet.objects.PhysicsRigidBody rebuildRigidBody
INFORMATION: Created 28efad70a10.
Sept. 13, 2026 3:08:40 PM com.jme3.bullet.objects.PhysicsRigidBody rebuildRigidBody
INFORMATION: Created 28efad70d40.
Sept. 13, 2026 3:08:40 PM com.jme3.bullet.objects.PhysicsRigidBody rebuildRigidBody
INFORMATION: Created 28efad713a0.
Sept. 13, 2026 3:08:40 PM com.jme3.bullet.objects.PhysicsRigidBody rebuildRigidBody
INFORMATION: Created 28efad71a00.
Sept. 13, 2026 3:08:40 PM com.jme3.bullet.objects.PhysicsRigidBody rebuildRigidBody
INFORMATION: Created 28efad71d30.
Sept. 13, 2026 3:08:40 PM com.jme3.bullet.objects.PhysicsRigidBody rebuildRigidBody
INFORMATION: Created 28efad72060.
Sept. 13, 2026 3:08:40 PM com.jme3.bullet.objects.PhysicsRigidBody rebuildRigidBody
INFORMATION: Created 28efad729f0.
Sept. 13, 2026 3:08:40 PM com.jme3.bullet.objects.PhysicsRigidBody rebuildRigidBody
INFORMATION: Created 28efad72d20.
Sept. 13, 2026 3:08:40 PM com.jme3.bullet.objects.PhysicsRigidBody rebuildRigidBody
INFORMATION: Created 28efad73380.
Sept. 13, 2026 3:08:40 PM com.jme3.bullet.objects.PhysicsRigidBody rebuildRigidBody
INFORMATION: Created 28efabe3b50.
Sept. 13, 2026 3:08:40 PM com.jme3.bullet.objects.PhysicsRigidBody rebuildRigidBody
INFORMATION: Created 28efabe1510.
Sept. 13, 2026 3:08:40 PM com.jme3.bullet.objects.PhysicsRigidBody rebuildRigidBody
INFORMATION: Created 28efabe0b80.
Sept. 13, 2026 3:08:40 PM com.jme3.bullet.objects.PhysicsRigidBody rebuildRigidBody
INFORMATION: Created 28efabe11e0.
Sept. 13, 2026 3:08:40 PM com.jme3.bullet.objects.PhysicsRigidBody rebuildRigidBody
INFORMATION: Created 28efabe1840.
Sept. 13, 2026 3:08:40 PM com.jme3.bullet.objects.PhysicsRigidBody rebuildRigidBody
INFORMATION: Created 28efabe1b70.
Sept. 13, 2026 3:08:40 PM com.jme3.bullet.objects.PhysicsRigidBody rebuildRigidBody
INFORMATION: Created 28efabe0eb0.
Sept. 13, 2026 3:08:40 PM com.jme3.bullet.objects.PhysicsRigidBody rebuildRigidBody
INFORMATION: Created 28efabe1ea0.
Sept. 13, 2026 3:08:40 PM com.jme3.bullet.objects.PhysicsRigidBody rebuildRigidBody
INFORMATION: Created 28efabe2b60.
Sept. 13, 2026 3:08:40 PM com.jme3.bullet.objects.PhysicsRigidBody rebuildRigidBody
INFORMATION: Created 28efabe2830.
Sept. 13, 2026 3:08:40 PM com.jme3.bullet.objects.PhysicsRigidBody rebuildRigidBody
INFORMATION: Created 28efabe2e90.
Sept. 13, 2026 3:08:40 PM com.jme3.bullet.objects.PhysicsRigidBody rebuildRigidBody
INFORMATION: Created 28efabe31c0.
Sept. 13, 2026 3:08:40 PM com.jme3.bullet.objects.PhysicsRigidBody rebuildRigidBody
INFORMATION: Created 28efd4d9750.
Sept. 13, 2026 3:08:40 PM com.jme3.anim.SkinningControl controlRender
INFORMATION: Hardware skinning engaged for Scene (Node)
Sept. 13, 2026 3:08:40 PM com.jme3.anim.SkinningControl controlRender
INFORMATION: Hardware skinning engaged for Scene (Node)
Sept. 13, 2026 3:08:40 PM com.jme3.anim.SkinningControl controlRender
INFORMATION: Hardware skinning engaged for Scene (Node)
Sept. 13, 2026 3:08:40 PM com.jme3.anim.SkinningControl controlRender
INFORMATION: Hardware skinning engaged for Scene (Node)
[SMOKE] stage 10
Sept. 13, 2026 3:08:42 PM com.jme3.bullet.objects.PhysicsRigidBody rebuildRigidBody
INFORMATION: Created 28efd4d9a80.
Sept. 13, 2026 3:08:42 PM com.jme3.bullet.objects.PhysicsRigidBody rebuildRigidBody
INFORMATION: Created 28efb4fcbb0.
Sept. 13, 2026 3:08:42 PM com.jme3.bullet.objects.PhysicsRigidBody rebuildRigidBody
INFORMATION: Created 28efb4fc550.
Sept. 13, 2026 3:08:42 PM com.jme3.bullet.objects.PhysicsRigidBody rebuildRigidBody
INFORMATION: Created 28efb4fc880.
Sept. 13, 2026 3:08:42 PM com.jme3.bullet.objects.PhysicsRigidBody rebuildRigidBody
INFORMATION: Created 28efb4fd870.
Sept. 13, 2026 3:08:42 PM com.jme3.bullet.objects.PhysicsRigidBody rebuildRigidBody
INFORMATION: Created 28efb4fcee0.
Sept. 13, 2026 3:08:42 PM com.jme3.bullet.objects.PhysicsRigidBody rebuildRigidBody
INFORMATION: Created 28efb4fd210.
Sept. 13, 2026 3:08:42 PM com.jme3.bullet.objects.PhysicsRigidBody rebuildRigidBody
INFORMATION: Created 28efb4fd540.
Sept. 13, 2026 3:08:42 PM com.jme3.bullet.objects.PhysicsRigidBody rebuildRigidBody
INFORMATION: Created 28efb4fbef0.
Sept. 13, 2026 3:08:42 PM com.jme3.bullet.objects.PhysicsRigidBody rebuildRigidBody
INFORMATION: Created 28efb4fc220.
Sept. 13, 2026 3:08:42 PM com.jme3.bullet.objects.PhysicsRigidBody rebuildRigidBody
INFORMATION: Created 28ef937f730.
Sept. 13, 2026 3:08:42 PM com.jme3.bullet.objects.PhysicsRigidBody rebuildRigidBody
INFORMATION: Created 28ef9380a50.
Sept. 13, 2026 3:08:42 PM com.jme3.bullet.objects.PhysicsRigidBody rebuildRigidBody
INFORMATION: Created 28ef93810b0.
Sept. 13, 2026 3:08:42 PM com.jme3.bullet.objects.PhysicsRigidBody rebuildRigidBody
INFORMATION: Created 28ef9380720.
Sept. 13, 2026 3:08:42 PM com.jme3.bullet.objects.PhysicsRigidBody rebuildRigidBody
INFORMATION: Created 28ef937fa60.
Sept. 13, 2026 3:08:42 PM com.jme3.bullet.objects.PhysicsRigidBody rebuildRigidBody
INFORMATION: Created 28ef937fd90.
Sept. 13, 2026 3:08:42 PM com.jme3.bullet.objects.PhysicsRigidBody rebuildRigidBody
INFORMATION: Created 28ef93800c0.
Sept. 13, 2026 3:08:42 PM com.jme3.bullet.objects.PhysicsRigidBody rebuildRigidBody
INFORMATION: Created 28ef93803f0.
Sept. 13, 2026 3:08:42 PM com.jme3.bullet.objects.PhysicsRigidBody rebuildRigidBody
INFORMATION: Created 28ef9380d80.
Sept. 13, 2026 3:08:42 PM com.jme3.bullet.objects.PhysicsRigidBody rebuildRigidBody
INFORMATION: Created 28efdcbfd20.
Sept. 13, 2026 3:08:42 PM com.jme3.bullet.objects.PhysicsRigidBody rebuildRigidBody
INFORMATION: Created 28efdcc0380.
Sept. 13, 2026 3:08:42 PM com.jme3.bullet.objects.PhysicsRigidBody rebuildRigidBody
INFORMATION: Created 28efdcc0050.
Sept. 13, 2026 3:08:42 PM com.jme3.bullet.objects.PhysicsRigidBody rebuildRigidBody
INFORMATION: Created 28efdcbf6c0.
Sept. 13, 2026 3:08:42 PM com.jme3.bullet.objects.PhysicsRigidBody rebuildRigidBody
INFORMATION: Created 28efdcbf390.
Sept. 13, 2026 3:08:42 PM com.jme3.bullet.objects.PhysicsRigidBody rebuildRigidBody
INFORMATION: Created 28efdcbed30.
Sept. 13, 2026 3:08:42 PM com.jme3.bullet.objects.PhysicsRigidBody rebuildRigidBody
INFORMATION: Created 28efdcc06b0.
Sept. 13, 2026 3:08:42 PM com.jme3.bullet.objects.PhysicsRigidBody rebuildRigidBody
INFORMATION: Created 28efdcbf060.
Sept. 13, 2026 3:08:42 PM com.jme3.bullet.objects.PhysicsRigidBody rebuildRigidBody
INFORMATION: Created 28efdcbf9f0.
Sept. 13, 2026 3:08:42 PM com.jme3.bullet.objects.PhysicsRigidBody rebuildRigidBody
INFORMATION: Created 28efb4b9540.
Sept. 13, 2026 3:08:42 PM com.jme3.bullet.objects.PhysicsRigidBody rebuildRigidBody
INFORMATION: Created 28efb4b9870.
Sept. 13, 2026 3:08:42 PM com.jme3.bullet.objects.PhysicsRigidBody rebuildRigidBody
INFORMATION: Created 28efb4bab90.
Sept. 13, 2026 3:08:42 PM com.jme3.bullet.objects.PhysicsRigidBody rebuildRigidBody
INFORMATION: Created 28efb4ba860.
Sept. 13, 2026 3:08:42 PM com.jme3.bullet.objects.PhysicsRigidBody rebuildRigidBody
INFORMATION: Created 28efb4b9ba0.
Sept. 13, 2026 3:08:42 PM com.jme3.bullet.objects.PhysicsRigidBody rebuildRigidBody
INFORMATION: Created 28efb4b9ed0.
Sept. 13, 2026 3:08:42 PM com.jme3.bullet.objects.PhysicsRigidBody rebuildRigidBody
INFORMATION: Created 28efb4ba530.
Sept. 13, 2026 3:08:42 PM com.jme3.bullet.objects.PhysicsRigidBody rebuildRigidBody
INFORMATION: Created 28efb4b9210.
Sept. 13, 2026 3:08:42 PM com.jme3.bullet.objects.PhysicsRigidBody rebuildRigidBody
INFORMATION: Created 28efb4ba200.
Sept. 13, 2026 3:08:42 PM com.jme3.bullet.objects.PhysicsRigidBody rebuildRigidBody
INFORMATION: Created 28efaafe400.
Sept. 13, 2026 3:08:42 PM com.jme3.bullet.objects.PhysicsRigidBody rebuildRigidBody
INFORMATION: Created 28efaafea60.
Sept. 13, 2026 3:08:42 PM com.jme3.bullet.objects.PhysicsRigidBody rebuildRigidBody
INFORMATION: Created 28efaafe0d0.
Sept. 13, 2026 3:08:42 PM com.jme3.bullet.objects.PhysicsRigidBody rebuildRigidBody
INFORMATION: Created 28efaafe730.
Sept. 13, 2026 3:08:42 PM com.jme3.bullet.objects.PhysicsRigidBody rebuildRigidBody
INFORMATION: Created 28f2007a010.
Sept. 13, 2026 3:08:42 PM com.jme3.bullet.objects.PhysicsRigidBody rebuildRigidBody
INFORMATION: Created 28f2007b000.
Sept. 13, 2026 3:08:42 PM com.jme3.bullet.objects.PhysicsRigidBody rebuildRigidBody
INFORMATION: Created 28f2007b660.
Sept. 13, 2026 3:08:42 PM com.jme3.bullet.objects.PhysicsRigidBody rebuildRigidBody
INFORMATION: Created 28f2007b330.
Sept. 13, 2026 3:08:42 PM com.jme3.bullet.objects.PhysicsRigidBody rebuildRigidBody
INFORMATION: Created 28f2007a9a0.
Sept. 13, 2026 3:08:42 PM com.jme3.bullet.objects.PhysicsRigidBody rebuildRigidBody
INFORMATION: Created 28f2007b990.
Sept. 13, 2026 3:08:42 PM com.jme3.bullet.objects.PhysicsRigidBody rebuildRigidBody
INFORMATION: Created 28f2007a340.
Sept. 13, 2026 3:08:42 PM com.jme3.bullet.objects.PhysicsRigidBody rebuildRigidBody
INFORMATION: Created 28f2007a670.
Sept. 13, 2026 3:08:42 PM com.jme3.bullet.objects.PhysicsRigidBody rebuildRigidBody
INFORMATION: Created 28f2007acd0.
Sept. 13, 2026 3:08:42 PM com.jme3.bullet.objects.PhysicsRigidBody rebuildRigidBody
INFORMATION: Created 28efd8861f0.
Sept. 13, 2026 3:08:42 PM com.jme3.bullet.objects.PhysicsRigidBody rebuildRigidBody
INFORMATION: Created 28efd886eb0.
Sept. 13, 2026 3:08:42 PM com.jme3.bullet.objects.PhysicsRigidBody rebuildRigidBody
INFORMATION: Created 28efd8871e0.
Sept. 13, 2026 3:08:42 PM com.jme3.bullet.objects.PhysicsRigidBody rebuildRigidBody
INFORMATION: Created 28efd885860.
Sept. 13, 2026 3:08:42 PM com.jme3.bullet.objects.PhysicsRigidBody rebuildRigidBody
INFORMATION: Created 28efd886520.
Sept. 13, 2026 3:08:42 PM com.jme3.bullet.objects.PhysicsRigidBody rebuildRigidBody
INFORMATION: Created 28efd885b90.
Sept. 13, 2026 3:08:42 PM com.jme3.bullet.objects.PhysicsRigidBody rebuildRigidBody
INFORMATION: Created 28efd885ec0.
Sept. 13, 2026 3:08:42 PM com.jme3.bullet.objects.PhysicsRigidBody rebuildRigidBody
INFORMATION: Created 28efd886850.
Sept. 13, 2026 3:08:42 PM com.jme3.bullet.objects.PhysicsRigidBody rebuildRigidBody
INFORMATION: Created 28efd886b80.
Sept. 13, 2026 3:08:42 PM com.jme3.bullet.objects.PhysicsRigidBody rebuildRigidBody
INFORMATION: Created 28efb607ae0.
Sept. 13, 2026 3:08:42 PM com.jme3.bullet.objects.PhysicsRigidBody rebuildRigidBody
INFORMATION: Created 28efb6077b0.
Sept. 13, 2026 3:08:42 PM com.jme3.bullet.objects.PhysicsRigidBody rebuildRigidBody
INFORMATION: Created 28efb608470.
Sept. 13, 2026 3:08:42 PM com.jme3.bullet.objects.PhysicsRigidBody rebuildRigidBody
INFORMATION: Created 28efb607e10.
Sept. 13, 2026 3:08:42 PM com.jme3.bullet.objects.PhysicsRigidBody rebuildRigidBody
INFORMATION: Created 28efb607150.
Sept. 13, 2026 3:08:42 PM com.jme3.bullet.objects.PhysicsRigidBody rebuildRigidBody
INFORMATION: Created 28efb608140.
Sept. 13, 2026 3:08:42 PM com.jme3.bullet.objects.PhysicsRigidBody rebuildRigidBody
INFORMATION: Created 28efb6087a0.
Sept. 13, 2026 3:08:42 PM com.jme3.bullet.objects.PhysicsRigidBody rebuildRigidBody
INFORMATION: Created 28efb608ad0.
Sept. 13, 2026 3:08:42 PM com.jme3.bullet.objects.PhysicsRigidBody rebuildRigidBody
INFORMATION: Created 28efb607480.
Sept. 13, 2026 3:08:42 PM com.jme3.bullet.objects.PhysicsRigidBody rebuildRigidBody
INFORMATION: Created 28efce15810.
Sept. 13, 2026 3:08:42 PM com.jme3.bullet.objects.PhysicsRigidBody rebuildRigidBody
INFORMATION: Created 28efce14e80.
Sept. 13, 2026 3:08:42 PM com.jme3.bullet.objects.PhysicsRigidBody rebuildRigidBody
INFORMATION: Created 28efce13e90.
Sept. 13, 2026 3:08:42 PM com.jme3.bullet.objects.PhysicsRigidBody rebuildRigidBody
INFORMATION: Created 28efce141c0.
Sept. 13, 2026 3:08:42 PM com.jme3.bullet.objects.PhysicsRigidBody rebuildRigidBody
INFORMATION: Created 28efce151b0.
Sept. 13, 2026 3:08:42 PM com.jme3.bullet.objects.PhysicsRigidBody rebuildRigidBody
INFORMATION: Created 28efce144f0.
Sept. 13, 2026 3:08:42 PM com.jme3.bullet.objects.PhysicsRigidBody rebuildRigidBody
INFORMATION: Created 28efce154e0.
Sept. 13, 2026 3:08:42 PM com.jme3.bullet.objects.PhysicsRigidBody rebuildRigidBody
INFORMATION: Created 28efce14820.
Sept. 13, 2026 3:08:42 PM com.jme3.bullet.objects.PhysicsRigidBody rebuildRigidBody
INFORMATION: Created 28efce14b50.
Sept. 13, 2026 3:08:42 PM com.jme3.bullet.objects.PhysicsRigidBody rebuildRigidBody
INFORMATION: Created 28f16d714e0.
Sept. 13, 2026 3:08:42 PM com.jme3.bullet.objects.PhysicsRigidBody rebuildRigidBody
INFORMATION: Created 28f16d721a0.
Sept. 13, 2026 3:08:42 PM com.jme3.bullet.objects.PhysicsRigidBody rebuildRigidBody
INFORMATION: Created 28f16d70820.
Sept. 13, 2026 3:08:42 PM com.jme3.bullet.objects.PhysicsRigidBody rebuildRigidBody
INFORMATION: Created 28f16d70b50.
Sept. 13, 2026 3:08:42 PM com.jme3.bullet.objects.PhysicsRigidBody rebuildRigidBody
INFORMATION: Created 28f16d70e80.
Sept. 13, 2026 3:08:42 PM com.jme3.bullet.objects.PhysicsRigidBody rebuildRigidBody
INFORMATION: Created 28f16d711b0.
Sept. 13, 2026 3:08:42 PM com.jme3.bullet.objects.PhysicsRigidBody rebuildRigidBody
INFORMATION: Created 28f16d71b40.
Sept. 13, 2026 3:08:42 PM com.jme3.bullet.objects.PhysicsRigidBody rebuildRigidBody
INFORMATION: Created 28f16d71810.
Sept. 13, 2026 3:08:42 PM com.jme3.bullet.objects.PhysicsRigidBody rebuildRigidBody
INFORMATION: Created 28f16d71e70.
Sept. 13, 2026 3:08:42 PM com.jme3.bullet.objects.PhysicsRigidBody rebuildRigidBody
INFORMATION: Created 28ef981d4e0.
Sept. 13, 2026 3:08:42 PM com.jme3.bullet.objects.PhysicsRigidBody rebuildRigidBody
INFORMATION: Created 28ef981e800.
Sept. 13, 2026 3:08:42 PM com.jme3.bullet.objects.PhysicsRigidBody rebuildRigidBody
INFORMATION: Created 28ef981eb30.
Sept. 13, 2026 3:08:42 PM com.jme3.bullet.objects.PhysicsRigidBody rebuildRigidBody
INFORMATION: Created 28ef981e4d0.
Sept. 13, 2026 3:08:42 PM com.jme3.bullet.objects.PhysicsRigidBody rebuildRigidBody
INFORMATION: Created 28ef981f7f0.
Sept. 13, 2026 3:08:42 PM com.jme3.bullet.objects.PhysicsRigidBody rebuildRigidBody
INFORMATION: Created 28ef981d1b0.
Sept. 13, 2026 3:08:42 PM com.jme3.bullet.objects.PhysicsRigidBody rebuildRigidBody
INFORMATION: Created 28ef981ee60.
Sept. 13, 2026 3:08:42 PM com.jme3.bullet.objects.PhysicsRigidBody rebuildRigidBody
INFORMATION: Created 28ef981f190.
Sept. 13, 2026 3:08:42 PM com.jme3.bullet.objects.PhysicsRigidBody rebuildRigidBody
INFORMATION: Created 28ef981d810.
Sept. 13, 2026 3:08:42 PM com.jme3.bullet.objects.PhysicsRigidBody rebuildRigidBody
INFORMATION: Created 28ef981e1a0.
Sept. 13, 2026 3:08:42 PM com.jme3.bullet.objects.PhysicsRigidBody rebuildRigidBody
INFORMATION: Created 28ef981f4c0.
Sept. 13, 2026 3:08:42 PM com.jme3.bullet.objects.PhysicsRigidBody rebuildRigidBody
INFORMATION: Created 28ef9820180.
Sept. 13, 2026 3:08:42 PM com.jme3.bullet.objects.PhysicsRigidBody rebuildRigidBody
INFORMATION: Created 28ef981cb50.
Sept. 13, 2026 3:08:42 PM com.jme3.bullet.objects.PhysicsRigidBody rebuildRigidBody
INFORMATION: Created 28ef981db40.
Sept. 13, 2026 3:08:42 PM com.jme3.bullet.objects.PhysicsRigidBody rebuildRigidBody
INFORMATION: Created 28ef981c820.
Sept. 13, 2026 3:08:42 PM com.jme3.bullet.objects.PhysicsRigidBody rebuildRigidBody
INFORMATION: Created 28ef981ce80.
Sept. 13, 2026 3:08:42 PM com.jme3.bullet.objects.PhysicsRigidBody rebuildRigidBody
INFORMATION: Created 28ef981de70.
Sept. 13, 2026 3:08:42 PM com.jme3.bullet.objects.PhysicsRigidBody rebuildRigidBody
INFORMATION: Created 28ef981fb20.
Sept. 13, 2026 3:08:42 PM com.jme3.bullet.objects.PhysicsRigidBody rebuildRigidBody
INFORMATION: Created 28ef981fe50.
Sept. 13, 2026 3:08:42 PM com.jme3.bullet.objects.PhysicsRigidBody rebuildRigidBody
INFORMATION: Created 28ef3b12980.
Sept. 13, 2026 3:08:42 PM com.jme3.bullet.objects.PhysicsRigidBody rebuildRigidBody
INFORMATION: Created 28ef3b14630.
Sept. 13, 2026 3:08:43 PM com.jme3.bullet.objects.PhysicsRigidBody rebuildRigidBody
INFORMATION: Created 28ef3b12cb0.
Sept. 13, 2026 3:08:43 PM com.jme3.bullet.objects.PhysicsRigidBody rebuildRigidBody
INFORMATION: Created 28ef3b13310.
Sept. 13, 2026 3:08:43 PM com.jme3.bullet.objects.PhysicsRigidBody rebuildRigidBody
INFORMATION: Created 28ef3b12650.
Sept. 13, 2026 3:08:43 PM com.jme3.bullet.objects.PhysicsRigidBody rebuildRigidBody
INFORMATION: Created 28ef3b12fe0.
Sept. 13, 2026 3:08:43 PM com.jme3.bullet.objects.PhysicsRigidBody rebuildRigidBody
INFORMATION: Created 28ef3b13640.
Sept. 13, 2026 3:08:43 PM com.jme3.bullet.objects.PhysicsRigidBody rebuildRigidBody
INFORMATION: Created 28ef3b12320.
Sept. 13, 2026 3:08:43 PM com.jme3.bullet.objects.PhysicsRigidBody rebuildRigidBody
INFORMATION: Created 28ef3b14fc0.
Sept. 13, 2026 3:08:43 PM com.jme3.bullet.objects.PhysicsRigidBody rebuildRigidBody
INFORMATION: Created 28ef3b13970.
Sept. 13, 2026 3:08:43 PM com.jme3.bullet.objects.PhysicsRigidBody rebuildRigidBody
INFORMATION: Created 28ef3b13ca0.
Sept. 13, 2026 3:08:43 PM com.jme3.bullet.objects.PhysicsRigidBody rebuildRigidBody
INFORMATION: Created 28ef3b14960.
Sept. 13, 2026 3:08:43 PM com.jme3.bullet.objects.PhysicsRigidBody rebuildRigidBody
INFORMATION: Created 28ef3b13fd0.
Sept. 13, 2026 3:08:43 PM com.jme3.bullet.objects.PhysicsRigidBody rebuildRigidBody
INFORMATION: Created 28ef3b14300.
Sept. 13, 2026 3:08:43 PM com.jme3.bullet.objects.PhysicsRigidBody rebuildRigidBody
INFORMATION: Created 28ef3b11ff0.
Sept. 13, 2026 3:08:43 PM com.jme3.bullet.objects.PhysicsRigidBody rebuildRigidBody
INFORMATION: Created 28ef3b14c90.
Sept. 13, 2026 3:08:43 PM com.jme3.bullet.objects.PhysicsRigidBody rebuildRigidBody
INFORMATION: Created 28ef3b152f0.
Sept. 13, 2026 3:08:43 PM com.jme3.bullet.objects.PhysicsRigidBody rebuildRigidBody
INFORMATION: Created 28ef3b15620.
Sept. 13, 2026 3:08:43 PM com.jme3.bullet.objects.PhysicsRigidBody rebuildRigidBody
INFORMATION: Created 28ef3b11cc0.
Sept. 13, 2026 3:08:43 PM com.jme3.bullet.objects.PhysicsRigidBody rebuildRigidBody
INFORMATION: Created 28f16d902e0.
Sept. 13, 2026 3:08:43 PM com.jme3.bullet.objects.PhysicsRigidBody rebuildRigidBody
INFORMATION: Created 28f16d8f950.
Sept. 13, 2026 3:08:43 PM com.jme3.bullet.objects.PhysicsRigidBody rebuildRigidBody
INFORMATION: Created 28f16d90fa0.
Sept. 13, 2026 3:08:43 PM com.jme3.bullet.objects.PhysicsRigidBody rebuildRigidBody
INFORMATION: Created 28f16d90c70.
Sept. 13, 2026 3:08:43 PM com.jme3.bullet.objects.PhysicsRigidBody rebuildRigidBody
INFORMATION: Created 28f16d90610.
Sept. 13, 2026 3:08:43 PM com.jme3.bullet.objects.PhysicsRigidBody rebuildRigidBody
INFORMATION: Created 28f16d8ffb0.
Sept. 13, 2026 3:08:43 PM com.jme3.bullet.objects.PhysicsRigidBody rebuildRigidBody
INFORMATION: Created 28f16d90940.
Sept. 13, 2026 3:08:43 PM com.jme3.bullet.objects.PhysicsRigidBody rebuildRigidBody
INFORMATION: Created 28f16d8f620.
Sept. 13, 2026 3:08:43 PM com.jme3.bullet.objects.PhysicsRigidBody rebuildRigidBody
INFORMATION: Created 28f16d8fc80.
Sept. 13, 2026 3:08:43 PM com.jme3.bullet.objects.PhysicsRigidBody rebuildRigidBody
INFORMATION: Created 28efada21e0.
Sept. 13, 2026 3:08:43 PM com.jme3.bullet.objects.PhysicsRigidBody rebuildRigidBody
INFORMATION: Created 28efad9fed0.
Sept. 13, 2026 3:08:43 PM com.jme3.bullet.objects.PhysicsRigidBody rebuildRigidBody
INFORMATION: Created 28efada1520.
Sept. 13, 2026 3:08:43 PM com.jme3.bullet.objects.PhysicsRigidBody rebuildRigidBody
INFORMATION: Created 28efada2510.
Sept. 13, 2026 3:08:43 PM com.jme3.bullet.objects.PhysicsRigidBody rebuildRigidBody
INFORMATION: Created 28efada3500.
Sept. 13, 2026 3:08:43 PM com.jme3.bullet.objects.PhysicsRigidBody rebuildRigidBody
INFORMATION: Created 28efada3830.
Sept. 13, 2026 3:08:43 PM com.jme3.bullet.objects.PhysicsRigidBody rebuildRigidBody
INFORMATION: Created 28efada11f0.
Sept. 13, 2026 3:08:43 PM com.jme3.bullet.objects.PhysicsRigidBody rebuildRigidBody
INFORMATION: Created 28efada0ec0.
Sept. 13, 2026 3:08:43 PM com.jme3.bullet.objects.PhysicsRigidBody rebuildRigidBody
INFORMATION: Created 28efada2840.
Sept. 13, 2026 3:08:43 PM com.jme3.bullet.objects.PhysicsRigidBody rebuildRigidBody
INFORMATION: Created 28efada2b70.
Sept. 13, 2026 3:08:43 PM com.jme3.bullet.objects.PhysicsRigidBody rebuildRigidBody
INFORMATION: Created 28efada1eb0.
Sept. 13, 2026 3:08:43 PM com.jme3.bullet.objects.PhysicsRigidBody rebuildRigidBody
INFORMATION: Created 28efada31d0.
Sept. 13, 2026 3:08:43 PM com.jme3.bullet.objects.PhysicsRigidBody rebuildRigidBody
INFORMATION: Created 28efada2ea0.
Sept. 13, 2026 3:08:43 PM com.jme3.bullet.objects.PhysicsRigidBody rebuildRigidBody
INFORMATION: Created 28efada0200.
Sept. 13, 2026 3:08:43 PM com.jme3.bullet.objects.PhysicsRigidBody rebuildRigidBody
INFORMATION: Created 28efada0530.
Sept. 13, 2026 3:08:43 PM com.jme3.bullet.objects.PhysicsRigidBody rebuildRigidBody
INFORMATION: Created 28efada1850.
Sept. 13, 2026 3:08:43 PM com.jme3.bullet.objects.PhysicsRigidBody rebuildRigidBody
INFORMATION: Created 28efada0860.
Sept. 13, 2026 3:08:43 PM com.jme3.bullet.objects.PhysicsRigidBody rebuildRigidBody
INFORMATION: Created 28efada0b90.
Sept. 13, 2026 3:08:43 PM com.jme3.bullet.objects.PhysicsRigidBody rebuildRigidBody
INFORMATION: Created 28efada1b80.
Sept. 13, 2026 3:08:43 PM com.jme3.anim.SkinningControl controlRender
INFORMATION: Hardware skinning engaged for Scene (Node)
Sept. 13, 2026 3:08:43 PM com.jme3.anim.SkinningControl controlRender
INFORMATION: Hardware skinning engaged for Scene (Node)
Sept. 13, 2026 3:08:43 PM com.jme3.anim.SkinningControl controlRender
INFORMATION: Hardware skinning engaged for Scene (Node)
Sept. 13, 2026 3:08:43 PM com.jme3.anim.SkinningControl controlRender
INFORMATION: Hardware skinning engaged for Scene (Node)
[SMOKE] stage 11
[GAME] Spiel gespeichert.
[SMOKE] stage 12
Sept. 13, 2026 3:08:47 PM com.jme3.bullet.objects.PhysicsRigidBody rebuildRigidBody
INFORMATION: Created 28f000195a0.
Sept. 13, 2026 3:08:47 PM com.jme3.bullet.objects.PhysicsRigidBody rebuildRigidBody
INFORMATION: Created 28f0001af20.
Sept. 13, 2026 3:08:47 PM com.jme3.bullet.objects.PhysicsRigidBody rebuildRigidBody
INFORMATION: Created 28f00019270.
Sept. 13, 2026 3:08:47 PM com.jme3.bullet.objects.PhysicsRigidBody rebuildRigidBody
INFORMATION: Created 28f000198d0.
Sept. 13, 2026 3:08:47 PM com.jme3.bullet.objects.PhysicsRigidBody rebuildRigidBody
INFORMATION: Created 28f00017c20.
Sept. 13, 2026 3:08:47 PM com.jme3.bullet.objects.PhysicsRigidBody rebuildRigidBody
INFORMATION: Created 28f00019f30.
Sept. 13, 2026 3:08:47 PM com.jme3.bullet.objects.PhysicsRigidBody rebuildRigidBody
INFORMATION: Created 28f00019c00.
Sept. 13, 2026 3:08:47 PM com.jme3.bullet.objects.PhysicsRigidBody rebuildRigidBody
INFORMATION: Created 28f0001abf0.
Sept. 13, 2026 3:08:47 PM com.jme3.bullet.objects.PhysicsRigidBody rebuildRigidBody
INFORMATION: Created 28f0001a260.
Sept. 13, 2026 3:08:47 PM com.jme3.bullet.objects.PhysicsRigidBody rebuildRigidBody
INFORMATION: Created 28f0001a590.
Sept. 13, 2026 3:08:47 PM com.jme3.bullet.objects.PhysicsRigidBody rebuildRigidBody
INFORMATION: Created 28f000188e0.
Sept. 13, 2026 3:08:47 PM com.jme3.bullet.objects.PhysicsRigidBody rebuildRigidBody
INFORMATION: Created 28f00018f40.
Sept. 13, 2026 3:08:47 PM com.jme3.bullet.objects.PhysicsRigidBody rebuildRigidBody
INFORMATION: Created 28f0001b250.
Sept. 13, 2026 3:08:47 PM com.jme3.bullet.objects.PhysicsRigidBody rebuildRigidBody
INFORMATION: Created 28f00018c10.
Sept. 13, 2026 3:08:47 PM com.jme3.bullet.objects.PhysicsRigidBody rebuildRigidBody
INFORMATION: Created 28f000178f0.
Sept. 13, 2026 3:08:47 PM com.jme3.bullet.objects.PhysicsRigidBody rebuildRigidBody
INFORMATION: Created 28f0001a8c0.
Sept. 13, 2026 3:08:47 PM com.jme3.bullet.objects.PhysicsRigidBody rebuildRigidBody
INFORMATION: Created 28f00017f50.
Sept. 13, 2026 3:08:47 PM com.jme3.bullet.objects.PhysicsRigidBody rebuildRigidBody
INFORMATION: Created 28f00018280.
Sept. 13, 2026 3:08:47 PM com.jme3.bullet.objects.PhysicsRigidBody rebuildRigidBody
INFORMATION: Created 28f000185b0.
Sept. 13, 2026 3:08:47 PM com.jme3.bullet.objects.PhysicsRigidBody rebuildRigidBody
INFORMATION: Created 28effcac6d0.
Sept. 13, 2026 3:08:47 PM com.jme3.bullet.objects.PhysicsRigidBody rebuildRigidBody
INFORMATION: Created 28effcad060.
Sept. 13, 2026 3:08:47 PM com.jme3.bullet.objects.PhysicsRigidBody rebuildRigidBody
INFORMATION: Created 28effcaca00.
Sept. 13, 2026 3:08:47 PM com.jme3.bullet.objects.PhysicsRigidBody rebuildRigidBody
INFORMATION: Created 28effcac3a0.
Sept. 13, 2026 3:08:47 PM com.jme3.bullet.objects.PhysicsRigidBody rebuildRigidBody
INFORMATION: Created 28effcaad50.
Sept. 13, 2026 3:08:47 PM com.jme3.bullet.objects.PhysicsRigidBody rebuildRigidBody
INFORMATION: Created 28effcaa090.
Sept. 13, 2026 3:08:47 PM com.jme3.bullet.objects.PhysicsRigidBody rebuildRigidBody
INFORMATION: Created 28effcacd30.
Sept. 13, 2026 3:08:47 PM com.jme3.bullet.objects.PhysicsRigidBody rebuildRigidBody
INFORMATION: Created 28effcad390.
Sept. 13, 2026 3:08:47 PM com.jme3.bullet.objects.PhysicsRigidBody rebuildRigidBody
INFORMATION: Created 28effcad6c0.
Sept. 13, 2026 3:08:47 PM com.jme3.bullet.objects.PhysicsRigidBody rebuildRigidBody
INFORMATION: Created 28effcac070.
Sept. 13, 2026 3:08:47 PM com.jme3.bullet.objects.PhysicsRigidBody rebuildRigidBody
INFORMATION: Created 28effcab080.
Sept. 13, 2026 3:08:47 PM com.jme3.bullet.objects.PhysicsRigidBody rebuildRigidBody
INFORMATION: Created 28effcadd20.
Sept. 13, 2026 3:08:47 PM com.jme3.bullet.objects.PhysicsRigidBody rebuildRigidBody
INFORMATION: Created 28effcab3b0.
Sept. 13, 2026 3:08:47 PM com.jme3.bullet.objects.PhysicsRigidBody rebuildRigidBody
INFORMATION: Created 28effcad9f0.
Sept. 13, 2026 3:08:47 PM com.jme3.bullet.objects.PhysicsRigidBody rebuildRigidBody
INFORMATION: Created 28effcaa3c0.
Sept. 13, 2026 3:08:47 PM com.jme3.bullet.objects.PhysicsRigidBody rebuildRigidBody
INFORMATION: Created 28effcae050.
Sept. 13, 2026 3:08:47 PM com.jme3.bullet.objects.PhysicsRigidBody rebuildRigidBody
INFORMATION: Created 28effcae380.
Sept. 13, 2026 3:08:47 PM com.jme3.bullet.objects.PhysicsRigidBody rebuildRigidBody
INFORMATION: Created 28effcaa6f0.
Sept. 13, 2026 3:08:47 PM com.jme3.bullet.objects.PhysicsRigidBody rebuildRigidBody
INFORMATION: Created 28effcae6b0.
Sept. 13, 2026 3:08:47 PM com.jme3.bullet.objects.PhysicsRigidBody rebuildRigidBody
INFORMATION: Created 28effcaaa20.
Sept. 13, 2026 3:08:47 PM com.jme3.bullet.objects.PhysicsRigidBody rebuildRigidBody
INFORMATION: Created 28effcae9e0.
Sept. 13, 2026 3:08:47 PM com.jme3.bullet.objects.PhysicsRigidBody rebuildRigidBody
INFORMATION: Created 28effcabd40.
Sept. 13, 2026 3:08:47 PM com.jme3.bullet.objects.PhysicsRigidBody rebuildRigidBody
INFORMATION: Created 28effcaed10.
Sept. 13, 2026 3:08:47 PM com.jme3.bullet.objects.PhysicsRigidBody rebuildRigidBody
INFORMATION: Created 28effcaf040.
Sept. 13, 2026 3:08:47 PM com.jme3.bullet.objects.PhysicsRigidBody rebuildRigidBody
INFORMATION: Created 28effcaf370.
Sept. 13, 2026 3:08:47 PM com.jme3.bullet.objects.PhysicsRigidBody rebuildRigidBody
INFORMATION: Created 28effcab6e0.
Sept. 13, 2026 3:08:47 PM com.jme3.bullet.objects.PhysicsRigidBody rebuildRigidBody
INFORMATION: Created 28effcaf6a0.
Sept. 13, 2026 3:08:47 PM com.jme3.bullet.objects.PhysicsRigidBody rebuildRigidBody
INFORMATION: Created 28effcaba10.
Sept. 13, 2026 3:08:47 PM com.jme3.bullet.objects.PhysicsRigidBody rebuildRigidBody
INFORMATION: Created 28effcaf9d0.
Sept. 13, 2026 3:08:47 PM com.jme3.bullet.objects.PhysicsRigidBody rebuildRigidBody
INFORMATION: Created 28effcafd00.
Sept. 13, 2026 3:08:47 PM com.jme3.bullet.objects.PhysicsRigidBody rebuildRigidBody
INFORMATION: Created 28effcb19b0.
Sept. 13, 2026 3:08:47 PM com.jme3.bullet.objects.PhysicsRigidBody rebuildRigidBody
INFORMATION: Created 28effcb1020.
Sept. 13, 2026 3:08:47 PM com.jme3.bullet.objects.PhysicsRigidBody rebuildRigidBody
INFORMATION: Created 28effcb0030.
Sept. 13, 2026 3:08:47 PM com.jme3.bullet.objects.PhysicsRigidBody rebuildRigidBody
INFORMATION: Created 28effcb1ce0.
Sept. 13, 2026 3:08:47 PM com.jme3.bullet.objects.PhysicsRigidBody rebuildRigidBody
INFORMATION: Created 28effcb1680.
Sept. 13, 2026 3:08:47 PM com.jme3.bullet.objects.PhysicsRigidBody rebuildRigidBody
INFORMATION: Created 28effcb0360.
Sept. 13, 2026 3:08:47 PM com.jme3.bullet.objects.PhysicsRigidBody rebuildRigidBody
INFORMATION: Created 28effcb0690.
Sept. 13, 2026 3:08:47 PM com.jme3.bullet.objects.PhysicsRigidBody rebuildRigidBody
INFORMATION: Created 28effcb09c0.
Sept. 13, 2026 3:08:47 PM com.jme3.bullet.objects.PhysicsRigidBody rebuildRigidBody
INFORMATION: Created 28effcb0cf0.
Sept. 13, 2026 3:08:47 PM com.jme3.bullet.objects.PhysicsRigidBody rebuildRigidBody
INFORMATION: Created 28effcb1350.
Sept. 13, 2026 3:08:47 PM com.jme3.bullet.objects.PhysicsRigidBody rebuildRigidBody
INFORMATION: Created 28ef4680d00.
Sept. 13, 2026 3:08:47 PM com.jme3.bullet.objects.PhysicsRigidBody rebuildRigidBody
INFORMATION: Created 28ef46839a0.
Sept. 13, 2026 3:08:47 PM com.jme3.bullet.objects.PhysicsRigidBody rebuildRigidBody
INFORMATION: Created 28ef4682350.
Sept. 13, 2026 3:08:47 PM com.jme3.bullet.objects.PhysicsRigidBody rebuildRigidBody
INFORMATION: Created 28ef4681360.
Sept. 13, 2026 3:08:47 PM com.jme3.bullet.objects.PhysicsRigidBody rebuildRigidBody
INFORMATION: Created 28ef4683010.
Sept. 13, 2026 3:08:47 PM com.jme3.bullet.objects.PhysicsRigidBody rebuildRigidBody
INFORMATION: Created 28ef4682020.
Sept. 13, 2026 3:08:47 PM com.jme3.bullet.objects.PhysicsRigidBody rebuildRigidBody
INFORMATION: Created 28ef4682ce0.
Sept. 13, 2026 3:08:47 PM com.jme3.bullet.objects.PhysicsRigidBody rebuildRigidBody
INFORMATION: Created 28ef4684330.
Sept. 13, 2026 3:08:47 PM com.jme3.bullet.objects.PhysicsRigidBody rebuildRigidBody
INFORMATION: Created 28ef4683340.
Sept. 13, 2026 3:08:47 PM com.jme3.bullet.objects.PhysicsRigidBody rebuildRigidBody
INFORMATION: Created 28ef4682680.
Sept. 13, 2026 3:08:47 PM com.jme3.bullet.objects.PhysicsRigidBody rebuildRigidBody
INFORMATION: Created 28ef4684000.
Sept. 13, 2026 3:08:47 PM com.jme3.bullet.objects.PhysicsRigidBody rebuildRigidBody
INFORMATION: Created 28ef46829b0.
Sept. 13, 2026 3:08:47 PM com.jme3.bullet.objects.PhysicsRigidBody rebuildRigidBody
INFORMATION: Created 28ef4681030.
Sept. 13, 2026 3:08:47 PM com.jme3.bullet.objects.PhysicsRigidBody rebuildRigidBody
INFORMATION: Created 28ef4683670.
Sept. 13, 2026 3:08:47 PM com.jme3.bullet.objects.PhysicsRigidBody rebuildRigidBody
INFORMATION: Created 28ef4683cd0.
Sept. 13, 2026 3:08:47 PM com.jme3.bullet.objects.PhysicsRigidBody rebuildRigidBody
INFORMATION: Created 28ef4681cf0.
Sept. 13, 2026 3:08:47 PM com.jme3.bullet.objects.PhysicsRigidBody rebuildRigidBody
INFORMATION: Created 28ef4684660.
Sept. 13, 2026 3:08:47 PM com.jme3.bullet.objects.PhysicsRigidBody rebuildRigidBody
INFORMATION: Created 28ef4684990.
Sept. 13, 2026 3:08:47 PM com.jme3.bullet.objects.PhysicsRigidBody rebuildRigidBody
INFORMATION: Created 28ef4684ff0.
Sept. 13, 2026 3:08:47 PM com.jme3.bullet.objects.PhysicsRigidBody rebuildRigidBody
INFORMATION: Created 28ef4685320.
Sept. 13, 2026 3:08:47 PM com.jme3.bullet.objects.PhysicsRigidBody rebuildRigidBody
INFORMATION: Created 28ef4684cc0.
Sept. 13, 2026 3:08:47 PM com.jme3.bullet.objects.PhysicsRigidBody rebuildRigidBody
INFORMATION: Created 28ef4681690.
Sept. 13, 2026 3:08:47 PM com.jme3.bullet.objects.PhysicsRigidBody rebuildRigidBody
INFORMATION: Created 28ef4685650.
Sept. 13, 2026 3:08:47 PM com.jme3.bullet.objects.PhysicsRigidBody rebuildRigidBody
INFORMATION: Created 28ef46819c0.
Sept. 13, 2026 3:08:47 PM com.jme3.bullet.objects.PhysicsRigidBody rebuildRigidBody
INFORMATION: Created 28ef4687fc0.
Sept. 13, 2026 3:08:47 PM com.jme3.bullet.objects.PhysicsRigidBody rebuildRigidBody
INFORMATION: Created 28ef4686640.
Sept. 13, 2026 3:08:47 PM com.jme3.bullet.objects.PhysicsRigidBody rebuildRigidBody
INFORMATION: Created 28ef4686310.
Sept. 13, 2026 3:08:47 PM com.jme3.bullet.objects.PhysicsRigidBody rebuildRigidBody
INFORMATION: Created 28ef4686fd0.
Sept. 13, 2026 3:08:47 PM com.jme3.bullet.objects.PhysicsRigidBody rebuildRigidBody
INFORMATION: Created 28ef4685cb0.
Sept. 13, 2026 3:08:47 PM com.jme3.bullet.objects.PhysicsRigidBody rebuildRigidBody
INFORMATION: Created 28ef4687c90.
Sept. 13, 2026 3:08:47 PM com.jme3.bullet.objects.PhysicsRigidBody rebuildRigidBody
INFORMATION: Created 28ef4685980.
Sept. 13, 2026 3:08:47 PM com.jme3.bullet.objects.PhysicsRigidBody rebuildRigidBody
INFORMATION: Created 28ef4687960.
Sept. 13, 2026 3:08:47 PM com.jme3.bullet.objects.PhysicsRigidBody rebuildRigidBody
INFORMATION: Created 28ef46882f0.
Sept. 13, 2026 3:08:47 PM com.jme3.bullet.objects.PhysicsRigidBody rebuildRigidBody
INFORMATION: Created 28ef4686970.
Sept. 13, 2026 3:08:47 PM com.jme3.bullet.objects.PhysicsRigidBody rebuildRigidBody
INFORMATION: Created 28ef4687630.
Sept. 13, 2026 3:08:47 PM com.jme3.bullet.objects.PhysicsRigidBody rebuildRigidBody
INFORMATION: Created 28ef4686ca0.
Sept. 13, 2026 3:08:47 PM com.jme3.bullet.objects.PhysicsRigidBody rebuildRigidBody
INFORMATION: Created 28ef4688620.
Sept. 13, 2026 3:08:47 PM com.jme3.bullet.objects.PhysicsRigidBody rebuildRigidBody
INFORMATION: Created 28ef4685fe0.
Sept. 13, 2026 3:08:47 PM com.jme3.bullet.objects.PhysicsRigidBody rebuildRigidBody
INFORMATION: Created 28ef4688950.
Sept. 13, 2026 3:08:47 PM com.jme3.bullet.objects.PhysicsRigidBody rebuildRigidBody
INFORMATION: Created 28ef4687300.
Sept. 13, 2026 3:08:47 PM com.jme3.bullet.objects.PhysicsRigidBody rebuildRigidBody
INFORMATION: Created 28ef9296fc0.
Sept. 13, 2026 3:08:47 PM com.jme3.bullet.objects.PhysicsRigidBody rebuildRigidBody
INFORMATION: Created 28ef9298940.
Sept. 13, 2026 3:08:47 PM com.jme3.bullet.objects.PhysicsRigidBody rebuildRigidBody
INFORMATION: Created 28ef9294fe0.
Sept. 13, 2026 3:08:47 PM com.jme3.bullet.objects.PhysicsRigidBody rebuildRigidBody
INFORMATION: Created 28ef9298610.
Sept. 13, 2026 3:08:47 PM com.jme3.bullet.objects.PhysicsRigidBody rebuildRigidBody
INFORMATION: Created 28ef92982e0.
Sept. 13, 2026 3:08:47 PM com.jme3.bullet.objects.PhysicsRigidBody rebuildRigidBody
INFORMATION: Created 28ef9297fb0.
Sept. 13, 2026 3:08:47 PM com.jme3.bullet.objects.PhysicsRigidBody rebuildRigidBody
INFORMATION: Created 28ef92972f0.
Sept. 13, 2026 3:08:47 PM com.jme3.bullet.objects.PhysicsRigidBody rebuildRigidBody
INFORMATION: Created 28ef9297c80.
Sept. 13, 2026 3:08:48 PM com.jme3.bullet.objects.PhysicsRigidBody rebuildRigidBody
INFORMATION: Created 28ef9295640.
Sept. 13, 2026 3:08:48 PM com.jme3.bullet.objects.PhysicsRigidBody rebuildRigidBody
INFORMATION: Created 28ef9297620.
Sept. 13, 2026 3:08:48 PM com.jme3.bullet.objects.PhysicsRigidBody rebuildRigidBody
INFORMATION: Created 28ef9294cb0.
Sept. 13, 2026 3:08:48 PM com.jme3.bullet.objects.PhysicsRigidBody rebuildRigidBody
INFORMATION: Created 28ef9298c70.
Sept. 13, 2026 3:08:48 PM com.jme3.bullet.objects.PhysicsRigidBody rebuildRigidBody
INFORMATION: Created 28ef9298fa0.
Sept. 13, 2026 3:08:48 PM com.jme3.bullet.objects.PhysicsRigidBody rebuildRigidBody
INFORMATION: Created 28ef9297950.
Sept. 13, 2026 3:08:48 PM com.jme3.bullet.objects.PhysicsRigidBody rebuildRigidBody
INFORMATION: Created 28ef9295970.
Sept. 13, 2026 3:08:48 PM com.jme3.bullet.objects.PhysicsRigidBody rebuildRigidBody
INFORMATION: Created 28ef9296960.
Sept. 13, 2026 3:08:48 PM com.jme3.bullet.objects.PhysicsRigidBody rebuildRigidBody
INFORMATION: Created 28ef9295310.
Sept. 13, 2026 3:08:48 PM com.jme3.bullet.objects.PhysicsRigidBody rebuildRigidBody
INFORMATION: Created 28ef92992d0.
Sept. 13, 2026 3:08:48 PM com.jme3.bullet.objects.PhysicsRigidBody rebuildRigidBody
INFORMATION: Created 28ef9299600.
Sept. 13, 2026 3:08:48 PM com.jme3.bullet.objects.PhysicsRigidBody rebuildRigidBody
INFORMATION: Created 28ef9299930.
Sept. 13, 2026 3:08:48 PM com.jme3.bullet.objects.PhysicsRigidBody rebuildRigidBody
INFORMATION: Created 28ef9296c90.
Sept. 13, 2026 3:08:48 PM com.jme3.bullet.objects.PhysicsRigidBody rebuildRigidBody
INFORMATION: Created 28ef9295ca0.
Sept. 13, 2026 3:08:48 PM com.jme3.bullet.objects.PhysicsRigidBody rebuildRigidBody
INFORMATION: Created 28ef9299c60.
Sept. 13, 2026 3:08:48 PM com.jme3.bullet.objects.PhysicsRigidBody rebuildRigidBody
INFORMATION: Created 28ef9295fd0.
Sept. 13, 2026 3:08:48 PM com.jme3.bullet.objects.PhysicsRigidBody rebuildRigidBody
INFORMATION: Created 28ef9299f90.
Sept. 13, 2026 3:08:48 PM com.jme3.bullet.objects.PhysicsRigidBody rebuildRigidBody
INFORMATION: Created 28ef9296300.
Sept. 13, 2026 3:08:48 PM com.jme3.bullet.objects.PhysicsRigidBody rebuildRigidBody
INFORMATION: Created 28ef929a2c0.
Sept. 13, 2026 3:08:48 PM com.jme3.bullet.objects.PhysicsRigidBody rebuildRigidBody
INFORMATION: Created 28ef9296630.
Sept. 13, 2026 3:08:48 PM com.jme3.bullet.objects.PhysicsRigidBody rebuildRigidBody
INFORMATION: Created 28ef929a5f0.
Sept. 13, 2026 3:08:48 PM com.jme3.bullet.objects.PhysicsRigidBody rebuildRigidBody
INFORMATION: Created 28ef929a920.
Sept. 13, 2026 3:08:48 PM com.jme3.bullet.objects.PhysicsRigidBody rebuildRigidBody
INFORMATION: Created 28ef929ac50.
Sept. 13, 2026 3:08:48 PM com.jme3.bullet.objects.PhysicsRigidBody rebuildRigidBody
INFORMATION: Created 28ef929af80.
Sept. 13, 2026 3:08:48 PM com.jme3.bullet.objects.PhysicsRigidBody rebuildRigidBody
INFORMATION: Created 28ef929b2b0.
Sept. 13, 2026 3:08:48 PM com.jme3.bullet.objects.PhysicsRigidBody rebuildRigidBody
INFORMATION: Created 28ef929b5e0.
Sept. 13, 2026 3:08:48 PM com.jme3.bullet.objects.PhysicsRigidBody rebuildRigidBody
INFORMATION: Created 28ef929c900.
Sept. 13, 2026 3:08:48 PM com.jme3.bullet.objects.PhysicsRigidBody rebuildRigidBody
INFORMATION: Created 28ef929b910.
Sept. 13, 2026 3:08:48 PM com.jme3.bullet.objects.PhysicsRigidBody rebuildRigidBody
INFORMATION: Created 28ef929bc40.
Sept. 13, 2026 3:08:48 PM com.jme3.bullet.objects.PhysicsRigidBody rebuildRigidBody
INFORMATION: Created 28ef929bf70.
Sept. 13, 2026 3:08:48 PM com.jme3.bullet.objects.PhysicsRigidBody rebuildRigidBody
INFORMATION: Created 28ef929c2a0.
Sept. 13, 2026 3:08:48 PM com.jme3.bullet.objects.PhysicsRigidBody rebuildRigidBody
INFORMATION: Created 28ef929c5d0.
Sept. 13, 2026 3:08:48 PM com.jme3.bullet.objects.PhysicsRigidBody rebuildRigidBody
INFORMATION: Created 28ef3b7ae50.
Sept. 13, 2026 3:08:48 PM com.jme3.bullet.objects.PhysicsRigidBody rebuildRigidBody
INFORMATION: Created 28ef3b7de20.
Sept. 13, 2026 3:08:48 PM com.jme3.bullet.objects.PhysicsRigidBody rebuildRigidBody
INFORMATION: Created 28ef3b7be40.
Sept. 13, 2026 3:08:48 PM com.jme3.bullet.objects.PhysicsRigidBody rebuildRigidBody
INFORMATION: Created 28ef3b7daf0.
Sept. 13, 2026 3:08:48 PM com.jme3.bullet.objects.PhysicsRigidBody rebuildRigidBody
INFORMATION: Created 28ef3b7d160.
Sept. 13, 2026 3:08:48 PM com.jme3.bullet.objects.PhysicsRigidBody rebuildRigidBody
INFORMATION: Created 28ef3b7b7e0.
Sept. 13, 2026 3:08:48 PM com.jme3.bullet.objects.PhysicsRigidBody rebuildRigidBody
INFORMATION: Created 28ef3b7b4b0.
Sept. 13, 2026 3:08:48 PM com.jme3.bullet.objects.PhysicsRigidBody rebuildRigidBody
INFORMATION: Created 28ef3b7c170.
Sept. 13, 2026 3:08:48 PM com.jme3.bullet.objects.PhysicsRigidBody rebuildRigidBody
INFORMATION: Created 28ef3b7b180.
Sept. 13, 2026 3:08:48 PM com.jme3.bullet.objects.PhysicsRigidBody rebuildRigidBody
INFORMATION: Created 28ef3b7ce30.
Sept. 13, 2026 3:08:48 PM com.jme3.bullet.objects.PhysicsRigidBody rebuildRigidBody
INFORMATION: Created 28ef3b7e480.
Sept. 13, 2026 3:08:48 PM com.jme3.bullet.objects.PhysicsRigidBody rebuildRigidBody
INFORMATION: Created 28ef3b7e150.
Sept. 13, 2026 3:08:48 PM com.jme3.bullet.objects.PhysicsRigidBody rebuildRigidBody
INFORMATION: Created 28ef3b7d7c0.
[GAME] Spielstand geladen.
Sept. 13, 2026 3:08:48 PM com.jme3.anim.SkinningControl controlRender
INFORMATION: Hardware skinning engaged for Scene (Node)
Sept. 13, 2026 3:08:48 PM com.jme3.anim.SkinningControl controlRender
INFORMATION: Hardware skinning engaged for Scene (Node)
Sept. 13, 2026 3:08:48 PM com.jme3.anim.SkinningControl controlRender
INFORMATION: Hardware skinning engaged for Scene (Node)
Sept. 13, 2026 3:08:48 PM com.jme3.anim.SkinningControl controlRender
INFORMATION: Hardware skinning engaged for Scene (Node)
[SMOKE] stage 13
Sept. 13, 2026 3:08:50 PM com.jme3.bullet.objects.PhysicsRigidBody rebuildRigidBody
INFORMATION: Created 28ef3b7e7b0.
Sept. 13, 2026 3:08:50 PM com.jme3.bullet.objects.PhysicsRigidBody rebuildRigidBody
INFORMATION: Created 28ef3b7d490.
Sept. 13, 2026 3:08:50 PM com.jme3.bullet.objects.PhysicsRigidBody rebuildRigidBody
INFORMATION: Created 28ef3b7ab20.
Sept. 13, 2026 3:08:50 PM com.jme3.bullet.objects.PhysicsRigidBody rebuildRigidBody
INFORMATION: Created 28ef3b7bb10.
Sept. 13, 2026 3:08:50 PM com.jme3.bullet.objects.PhysicsRigidBody rebuildRigidBody
INFORMATION: Created 28ef3b7c4a0.
Sept. 13, 2026 3:08:50 PM com.jme3.bullet.objects.PhysicsRigidBody rebuildRigidBody
INFORMATION: Created 28ef3b7eae0.
Sept. 13, 2026 3:08:50 PM com.jme3.bullet.objects.PhysicsRigidBody rebuildRigidBody
INFORMATION: Created 28ef3b7ee10.
Sept. 13, 2026 3:08:50 PM com.jme3.bullet.objects.PhysicsRigidBody rebuildRigidBody
INFORMATION: Created 28ef3b7f140.
Sept. 13, 2026 3:08:50 PM com.jme3.bullet.objects.PhysicsRigidBody rebuildRigidBody
INFORMATION: Created 28ef3b7c7d0.
Sept. 13, 2026 3:08:50 PM com.jme3.bullet.objects.PhysicsRigidBody rebuildRigidBody
INFORMATION: Created 28ef3b7f470.
Sept. 13, 2026 3:08:50 PM com.jme3.bullet.objects.PhysicsRigidBody rebuildRigidBody
INFORMATION: Created 28ef3b7f7a0.
Sept. 13, 2026 3:08:50 PM com.jme3.bullet.objects.PhysicsRigidBody rebuildRigidBody
INFORMATION: Created 28ef3b7fad0.
Sept. 13, 2026 3:08:50 PM com.jme3.bullet.objects.PhysicsRigidBody rebuildRigidBody
INFORMATION: Created 28ef3b7cb00.
Sept. 13, 2026 3:08:50 PM com.jme3.bullet.objects.PhysicsRigidBody rebuildRigidBody
INFORMATION: Created 28ef3b7fe00.
Sept. 13, 2026 3:08:50 PM com.jme3.bullet.objects.PhysicsRigidBody rebuildRigidBody
INFORMATION: Created 28ef3b82110.
Sept. 13, 2026 3:08:50 PM com.jme3.bullet.objects.PhysicsRigidBody rebuildRigidBody
INFORMATION: Created 28ef3b80790.
Sept. 13, 2026 3:08:50 PM com.jme3.bullet.objects.PhysicsRigidBody rebuildRigidBody
INFORMATION: Created 28ef3b81ab0.
Sept. 13, 2026 3:08:50 PM com.jme3.bullet.objects.PhysicsRigidBody rebuildRigidBody
INFORMATION: Created 28ef3b81780.
Sept. 13, 2026 3:08:50 PM com.jme3.bullet.objects.PhysicsRigidBody rebuildRigidBody
INFORMATION: Created 28ef3b80130.
Sept. 13, 2026 3:08:50 PM com.jme3.bullet.objects.PhysicsRigidBody rebuildRigidBody
INFORMATION: Created 28ef3b81120.
Sept. 13, 2026 3:08:50 PM com.jme3.bullet.objects.PhysicsRigidBody rebuildRigidBody
INFORMATION: Created 28ef3b80460.
Sept. 13, 2026 3:08:50 PM com.jme3.bullet.objects.PhysicsRigidBody rebuildRigidBody
INFORMATION: Created 28ef3b80ac0.
Sept. 13, 2026 3:08:50 PM com.jme3.bullet.objects.PhysicsRigidBody rebuildRigidBody
INFORMATION: Created 28ef3b80df0.
Sept. 13, 2026 3:08:50 PM com.jme3.bullet.objects.PhysicsRigidBody rebuildRigidBody
INFORMATION: Created 28ef3b81de0.
Sept. 13, 2026 3:08:50 PM com.jme3.bullet.objects.PhysicsRigidBody rebuildRigidBody
INFORMATION: Created 28ef3b81450.
Sept. 13, 2026 3:08:50 PM com.jme3.bullet.objects.PhysicsRigidBody rebuildRigidBody
INFORMATION: Created 28ef3b82440.
Sept. 13, 2026 3:08:50 PM com.jme3.bullet.objects.PhysicsRigidBody rebuildRigidBody
INFORMATION: Created 28ef3b82770.
Sept. 13, 2026 3:08:50 PM com.jme3.bullet.objects.PhysicsRigidBody rebuildRigidBody
INFORMATION: Created 28efba458b0.
Sept. 13, 2026 3:08:50 PM com.jme3.bullet.objects.PhysicsRigidBody rebuildRigidBody
INFORMATION: Created 28efba44590.
Sept. 13, 2026 3:08:50 PM com.jme3.bullet.objects.PhysicsRigidBody rebuildRigidBody
INFORMATION: Created 28efba45f10.
Sept. 13, 2026 3:08:50 PM com.jme3.bullet.objects.PhysicsRigidBody rebuildRigidBody
INFORMATION: Created 28efba42f40.
Sept. 13, 2026 3:08:50 PM com.jme3.bullet.objects.PhysicsRigidBody rebuildRigidBody
INFORMATION: Created 28efba45be0.
Sept. 13, 2026 3:08:50 PM com.jme3.bullet.objects.PhysicsRigidBody rebuildRigidBody
INFORMATION: Created 28efba42c10.
Sept. 13, 2026 3:08:50 PM com.jme3.bullet.objects.PhysicsRigidBody rebuildRigidBody
INFORMATION: Created 28efba43c00.
Sept. 13, 2026 3:08:50 PM com.jme3.bullet.objects.PhysicsRigidBody rebuildRigidBody
INFORMATION: Created 28efba435a0.
Sept. 13, 2026 3:08:50 PM com.jme3.bullet.objects.PhysicsRigidBody rebuildRigidBody
INFORMATION: Created 28efba43270.
Sept. 13, 2026 3:08:50 PM com.jme3.bullet.objects.PhysicsRigidBody rebuildRigidBody
INFORMATION: Created 28efba44260.
Sept. 13, 2026 3:08:50 PM com.jme3.bullet.objects.PhysicsRigidBody rebuildRigidBody
INFORMATION: Created 28efba43f30.
Sept. 13, 2026 3:08:50 PM com.jme3.bullet.objects.PhysicsRigidBody rebuildRigidBody
INFORMATION: Created 28efba45580.
Sept. 13, 2026 3:08:50 PM com.jme3.bullet.objects.PhysicsRigidBody rebuildRigidBody
INFORMATION: Created 28efba438d0.
Sept. 13, 2026 3:08:50 PM com.jme3.bullet.objects.PhysicsRigidBody rebuildRigidBody
INFORMATION: Created 28efba428e0.
Sept. 13, 2026 3:08:50 PM com.jme3.bullet.objects.PhysicsRigidBody rebuildRigidBody
INFORMATION: Created 28efba448c0.
Sept. 13, 2026 3:08:50 PM com.jme3.bullet.objects.PhysicsRigidBody rebuildRigidBody
INFORMATION: Created 28efba425b0.
Sept. 13, 2026 3:08:50 PM com.jme3.bullet.objects.PhysicsRigidBody rebuildRigidBody
INFORMATION: Created 28efba42280.
Sept. 13, 2026 3:08:50 PM com.jme3.bullet.objects.PhysicsRigidBody rebuildRigidBody
INFORMATION: Created 28efba46570.
Sept. 13, 2026 3:08:50 PM com.jme3.bullet.objects.PhysicsRigidBody rebuildRigidBody
INFORMATION: Created 28efba468a0.
Sept. 13, 2026 3:08:50 PM com.jme3.bullet.objects.PhysicsRigidBody rebuildRigidBody
INFORMATION: Created 28efba48220.
Sept. 13, 2026 3:08:50 PM com.jme3.bullet.objects.PhysicsRigidBody rebuildRigidBody
INFORMATION: Created 28efba44bf0.
Sept. 13, 2026 3:08:50 PM com.jme3.bullet.objects.PhysicsRigidBody rebuildRigidBody
INFORMATION: Created 28efba46240.
Sept. 13, 2026 3:08:50 PM com.jme3.bullet.objects.PhysicsRigidBody rebuildRigidBody
INFORMATION: Created 28efba46bd0.
Sept. 13, 2026 3:08:50 PM com.jme3.bullet.objects.PhysicsRigidBody rebuildRigidBody
INFORMATION: Created 28efba48550.
Sept. 13, 2026 3:08:50 PM com.jme3.bullet.objects.PhysicsRigidBody rebuildRigidBody
INFORMATION: Created 28efba46f00.
Sept. 13, 2026 3:08:50 PM com.jme3.bullet.objects.PhysicsRigidBody rebuildRigidBody
INFORMATION: Created 28efba47230.
Sept. 13, 2026 3:08:50 PM com.jme3.bullet.objects.PhysicsRigidBody rebuildRigidBody
INFORMATION: Created 28efba47ef0.
Sept. 13, 2026 3:08:50 PM com.jme3.bullet.objects.PhysicsRigidBody rebuildRigidBody
INFORMATION: Created 28efba47560.
Sept. 13, 2026 3:08:50 PM com.jme3.bullet.objects.PhysicsRigidBody rebuildRigidBody
INFORMATION: Created 28efba44f20.
Sept. 13, 2026 3:08:50 PM com.jme3.bullet.objects.PhysicsRigidBody rebuildRigidBody
INFORMATION: Created 28efba47890.
Sept. 13, 2026 3:08:50 PM com.jme3.bullet.objects.PhysicsRigidBody rebuildRigidBody
INFORMATION: Created 28efba47bc0.
Sept. 13, 2026 3:08:50 PM com.jme3.bullet.objects.PhysicsRigidBody rebuildRigidBody
INFORMATION: Created 28efba48880.
Sept. 13, 2026 3:08:50 PM com.jme3.bullet.objects.PhysicsRigidBody rebuildRigidBody
INFORMATION: Created 28efba48bb0.
Sept. 13, 2026 3:08:50 PM com.jme3.bullet.objects.PhysicsRigidBody rebuildRigidBody
INFORMATION: Created 28efba48ee0.
Sept. 13, 2026 3:08:50 PM com.jme3.bullet.objects.PhysicsRigidBody rebuildRigidBody
INFORMATION: Created 28efba45250.
Sept. 13, 2026 3:08:50 PM com.jme3.bullet.objects.PhysicsRigidBody rebuildRigidBody
INFORMATION: Created 28efba4b850.
Sept. 13, 2026 3:08:50 PM com.jme3.bullet.objects.PhysicsRigidBody rebuildRigidBody
INFORMATION: Created 28efba4c840.
Sept. 13, 2026 3:08:50 PM com.jme3.bullet.objects.PhysicsRigidBody rebuildRigidBody
INFORMATION: Created 28efba4beb0.
Sept. 13, 2026 3:08:50 PM com.jme3.bullet.objects.PhysicsRigidBody rebuildRigidBody
INFORMATION: Created 28efba4bb80.
Sept. 13, 2026 3:08:50 PM com.jme3.bullet.objects.PhysicsRigidBody rebuildRigidBody
INFORMATION: Created 28efba49210.
Sept. 13, 2026 3:08:50 PM com.jme3.bullet.objects.PhysicsRigidBody rebuildRigidBody
INFORMATION: Created 28efba4c1e0.
Sept. 13, 2026 3:08:50 PM com.jme3.bullet.objects.PhysicsRigidBody rebuildRigidBody
INFORMATION: Created 28efba49ba0.
Sept. 13, 2026 3:08:50 PM com.jme3.bullet.objects.PhysicsRigidBody rebuildRigidBody
INFORMATION: Created 28efba4c510.
Sept. 13, 2026 3:08:50 PM com.jme3.bullet.objects.PhysicsRigidBody rebuildRigidBody
INFORMATION: Created 28efba4cb70.
Sept. 13, 2026 3:08:50 PM com.jme3.bullet.objects.PhysicsRigidBody rebuildRigidBody
INFORMATION: Created 28efba49870.
Sept. 13, 2026 3:08:50 PM com.jme3.bullet.objects.PhysicsRigidBody rebuildRigidBody
INFORMATION: Created 28efba4a530.
Sept. 13, 2026 3:08:50 PM com.jme3.bullet.objects.PhysicsRigidBody rebuildRigidBody
INFORMATION: Created 28efba4cea0.
Sept. 13, 2026 3:08:50 PM com.jme3.bullet.objects.PhysicsRigidBody rebuildRigidBody
INFORMATION: Created 28efba4a200.
Sept. 13, 2026 3:08:50 PM com.jme3.bullet.objects.PhysicsRigidBody rebuildRigidBody
INFORMATION: Created 28efba4d1d0.
Sept. 13, 2026 3:08:50 PM com.jme3.bullet.objects.PhysicsRigidBody rebuildRigidBody
INFORMATION: Created 28efba49ed0.
Sept. 13, 2026 3:08:50 PM com.jme3.bullet.objects.PhysicsRigidBody rebuildRigidBody
INFORMATION: Created 28efba49540.
Sept. 13, 2026 3:08:50 PM com.jme3.bullet.objects.PhysicsRigidBody rebuildRigidBody
INFORMATION: Created 28efba4de90.
Sept. 13, 2026 3:08:50 PM com.jme3.bullet.objects.PhysicsRigidBody rebuildRigidBody
INFORMATION: Created 28efba4ab90.
Sept. 13, 2026 3:08:50 PM com.jme3.bullet.objects.PhysicsRigidBody rebuildRigidBody
INFORMATION: Created 28efba4d500.
Sept. 13, 2026 3:08:50 PM com.jme3.bullet.objects.PhysicsRigidBody rebuildRigidBody
INFORMATION: Created 28efba4d830.
Sept. 13, 2026 3:08:50 PM com.jme3.bullet.objects.PhysicsRigidBody rebuildRigidBody
INFORMATION: Created 28efba4aec0.
Sept. 13, 2026 3:08:50 PM com.jme3.bullet.objects.PhysicsRigidBody rebuildRigidBody
INFORMATION: Created 28efba4b520.
Sept. 13, 2026 3:08:50 PM com.jme3.bullet.objects.PhysicsRigidBody rebuildRigidBody
INFORMATION: Created 28efba4b1f0.
Sept. 13, 2026 3:08:50 PM com.jme3.bullet.objects.PhysicsRigidBody rebuildRigidBody
INFORMATION: Created 28efba4db60.
Sept. 13, 2026 3:08:50 PM com.jme3.bullet.objects.PhysicsRigidBody rebuildRigidBody
INFORMATION: Created 28efba4e1c0.
Sept. 13, 2026 3:08:50 PM com.jme3.bullet.objects.PhysicsRigidBody rebuildRigidBody
INFORMATION: Created 28efba4e4f0.
Sept. 13, 2026 3:08:50 PM com.jme3.bullet.objects.PhysicsRigidBody rebuildRigidBody
INFORMATION: Created 28efba4a860.
Sept. 13, 2026 3:08:50 PM com.jme3.bullet.objects.PhysicsRigidBody rebuildRigidBody
INFORMATION: Created 28efba4e820.
Sept. 13, 2026 3:08:50 PM com.jme3.bullet.objects.PhysicsRigidBody rebuildRigidBody
INFORMATION: Created 28efba4eb50.
Sept. 13, 2026 3:08:50 PM com.jme3.bullet.objects.PhysicsRigidBody rebuildRigidBody
INFORMATION: Created 28efba51190.
Sept. 13, 2026 3:08:50 PM com.jme3.bullet.objects.PhysicsRigidBody rebuildRigidBody
INFORMATION: Created 28efba514c0.
Sept. 13, 2026 3:08:50 PM com.jme3.bullet.objects.PhysicsRigidBody rebuildRigidBody
INFORMATION: Created 28efba4f810.
Sept. 13, 2026 3:08:50 PM com.jme3.bullet.objects.PhysicsRigidBody rebuildRigidBody
INFORMATION: Created 28efba51e50.
Sept. 13, 2026 3:08:50 PM com.jme3.bullet.objects.PhysicsRigidBody rebuildRigidBody
INFORMATION: Created 28efba517f0.
Sept. 13, 2026 3:08:50 PM com.jme3.bullet.objects.PhysicsRigidBody rebuildRigidBody
INFORMATION: Created 28efba501a0.
Sept. 13, 2026 3:08:50 PM com.jme3.bullet.objects.PhysicsRigidBody rebuildRigidBody
INFORMATION: Created 28efba4ee80.
Sept. 13, 2026 3:08:50 PM com.jme3.bullet.objects.PhysicsRigidBody rebuildRigidBody
INFORMATION: Created 28efba4fe70.
Sept. 13, 2026 3:08:50 PM com.jme3.bullet.objects.PhysicsRigidBody rebuildRigidBody
INFORMATION: Created 28efba4f4e0.
Sept. 13, 2026 3:08:50 PM com.jme3.bullet.objects.PhysicsRigidBody rebuildRigidBody
INFORMATION: Created 28efba4fb40.
Sept. 13, 2026 3:08:50 PM com.jme3.bullet.objects.PhysicsRigidBody rebuildRigidBody
INFORMATION: Created 28efba504d0.
Sept. 13, 2026 3:08:50 PM com.jme3.bullet.objects.PhysicsRigidBody rebuildRigidBody
INFORMATION: Created 28efba50800.
Sept. 13, 2026 3:08:50 PM com.jme3.bullet.objects.PhysicsRigidBody rebuildRigidBody
INFORMATION: Created 28efba4f1b0.
Sept. 13, 2026 3:08:50 PM com.jme3.bullet.objects.PhysicsRigidBody rebuildRigidBody
INFORMATION: Created 28efba50b30.
Sept. 13, 2026 3:08:50 PM com.jme3.bullet.objects.PhysicsRigidBody rebuildRigidBody
INFORMATION: Created 28efba51b20.
Sept. 13, 2026 3:08:50 PM com.jme3.bullet.objects.PhysicsRigidBody rebuildRigidBody
INFORMATION: Created 28efba50e60.
Sept. 13, 2026 3:08:50 PM com.jme3.bullet.objects.PhysicsRigidBody rebuildRigidBody
INFORMATION: Created 28efaca9260.
Sept. 13, 2026 3:08:50 PM com.jme3.bullet.objects.PhysicsRigidBody rebuildRigidBody
INFORMATION: Created 28efaca88d0.
Sept. 13, 2026 3:08:50 PM com.jme3.bullet.objects.PhysicsRigidBody rebuildRigidBody
INFORMATION: Created 28efacaa8b0.
Sept. 13, 2026 3:08:50 PM com.jme3.bullet.objects.PhysicsRigidBody rebuildRigidBody
INFORMATION: Created 28efaca9590.
Sept. 13, 2026 3:08:50 PM com.jme3.bullet.objects.PhysicsRigidBody rebuildRigidBody
INFORMATION: Created 28efacabbd0.
Sept. 13, 2026 3:08:50 PM com.jme3.bullet.objects.PhysicsRigidBody rebuildRigidBody
INFORMATION: Created 28efacab8a0.
Sept. 13, 2026 3:08:50 PM com.jme3.bullet.objects.PhysicsRigidBody rebuildRigidBody
INFORMATION: Created 28efacab570.
Sept. 13, 2026 3:08:50 PM com.jme3.bullet.objects.PhysicsRigidBody rebuildRigidBody
INFORMATION: Created 28efacaa250.
Sept. 13, 2026 3:08:50 PM com.jme3.bullet.objects.PhysicsRigidBody rebuildRigidBody
INFORMATION: Created 28efacabf00.
Sept. 13, 2026 3:08:50 PM com.jme3.bullet.objects.PhysicsRigidBody rebuildRigidBody
INFORMATION: Created 28efacaa580.
Sept. 13, 2026 3:08:50 PM com.jme3.bullet.objects.PhysicsRigidBody rebuildRigidBody
INFORMATION: Created 28efacac230.
Sept. 13, 2026 3:08:50 PM com.jme3.bullet.objects.PhysicsRigidBody rebuildRigidBody
INFORMATION: Created 28efacaaf10.
Sept. 13, 2026 3:08:50 PM com.jme3.bullet.objects.PhysicsRigidBody rebuildRigidBody
INFORMATION: Created 28efacac890.
Sept. 13, 2026 3:08:50 PM com.jme3.bullet.objects.PhysicsRigidBody rebuildRigidBody
INFORMATION: Created 28efaca98c0.
Sept. 13, 2026 3:08:50 PM com.jme3.bullet.objects.PhysicsRigidBody rebuildRigidBody
INFORMATION: Created 28efaca9bf0.
Sept. 13, 2026 3:08:50 PM com.jme3.bullet.objects.PhysicsRigidBody rebuildRigidBody
INFORMATION: Created 28efaca8c00.
Sept. 13, 2026 3:08:50 PM com.jme3.bullet.objects.PhysicsRigidBody rebuildRigidBody
INFORMATION: Created 28efacac560.
Sept. 13, 2026 3:08:50 PM com.jme3.bullet.objects.PhysicsRigidBody rebuildRigidBody
INFORMATION: Created 28efacacbc0.
Sept. 13, 2026 3:08:50 PM com.jme3.bullet.objects.PhysicsRigidBody rebuildRigidBody
INFORMATION: Created 28efaca9f20.
Sept. 13, 2026 3:08:50 PM com.jme3.bullet.objects.PhysicsRigidBody rebuildRigidBody
INFORMATION: Created 28efaca8f30.
Sept. 13, 2026 3:08:50 PM com.jme3.bullet.objects.PhysicsRigidBody rebuildRigidBody
INFORMATION: Created 28efacab240.
Sept. 13, 2026 3:08:50 PM com.jme3.bullet.objects.PhysicsRigidBody rebuildRigidBody
INFORMATION: Created 28efacae870.
Sept. 13, 2026 3:08:50 PM com.jme3.bullet.objects.PhysicsRigidBody rebuildRigidBody
INFORMATION: Created 28efacae210.
Sept. 13, 2026 3:08:50 PM com.jme3.bullet.objects.PhysicsRigidBody rebuildRigidBody
INFORMATION: Created 28efacad550.
Sept. 13, 2026 3:08:50 PM com.jme3.bullet.objects.PhysicsRigidBody rebuildRigidBody
INFORMATION: Created 28efacae540.
Sept. 13, 2026 3:08:50 PM com.jme3.bullet.objects.PhysicsRigidBody rebuildRigidBody
INFORMATION: Created 28efacacef0.
Sept. 13, 2026 3:08:50 PM com.jme3.bullet.objects.PhysicsRigidBody rebuildRigidBody
INFORMATION: Created 28efacaabe0.
Sept. 13, 2026 3:08:50 PM com.jme3.bullet.objects.PhysicsRigidBody rebuildRigidBody
INFORMATION: Created 28efacad880.
Sept. 13, 2026 3:08:50 PM com.jme3.bullet.objects.PhysicsRigidBody rebuildRigidBody
INFORMATION: Created 28efacb0520.
Sept. 13, 2026 3:08:50 PM com.jme3.bullet.objects.PhysicsRigidBody rebuildRigidBody
INFORMATION: Created 28efacaeba0.
Sept. 13, 2026 3:08:50 PM com.jme3.bullet.objects.PhysicsRigidBody rebuildRigidBody
INFORMATION: Created 28efacaeed0.
Sept. 13, 2026 3:08:50 PM com.jme3.bullet.objects.PhysicsRigidBody rebuildRigidBody
INFORMATION: Created 28efacad220.
Sept. 13, 2026 3:08:50 PM com.jme3.bullet.objects.PhysicsRigidBody rebuildRigidBody
INFORMATION: Created 28efacb0eb0.
Sept. 13, 2026 3:08:50 PM com.jme3.bullet.objects.PhysicsRigidBody rebuildRigidBody
INFORMATION: Created 28efacafb90.
Sept. 13, 2026 3:08:50 PM com.jme3.bullet.objects.PhysicsRigidBody rebuildRigidBody
INFORMATION: Created 28efacaf200.
Sept. 13, 2026 3:08:50 PM com.jme3.bullet.objects.PhysicsRigidBody rebuildRigidBody
INFORMATION: Created 28efacaf530.
Sept. 13, 2026 3:08:50 PM com.jme3.bullet.objects.PhysicsRigidBody rebuildRigidBody
INFORMATION: Created 28efacaf860.
Sept. 13, 2026 3:08:50 PM com.jme3.bullet.objects.PhysicsRigidBody rebuildRigidBody
INFORMATION: Created 28efacafec0.
Sept. 13, 2026 3:08:50 PM com.jme3.bullet.objects.PhysicsRigidBody rebuildRigidBody
INFORMATION: Created 28efacb0850.
Sept. 13, 2026 3:08:50 PM com.jme3.bullet.objects.PhysicsRigidBody rebuildRigidBody
INFORMATION: Created 28efacb01f0.
Sept. 13, 2026 3:08:50 PM com.jme3.bullet.objects.PhysicsRigidBody rebuildRigidBody
INFORMATION: Created 28efacb0b80.
Sept. 13, 2026 3:08:50 PM com.jme3.bullet.objects.PhysicsRigidBody rebuildRigidBody
INFORMATION: Created 28efacb11e0.
Sept. 13, 2026 3:08:50 PM com.jme3.bullet.objects.PhysicsRigidBody rebuildRigidBody
INFORMATION: Created 28efacadee0.
Sept. 13, 2026 3:08:50 PM com.jme3.bullet.objects.PhysicsRigidBody rebuildRigidBody
INFORMATION: Created 28efacadbb0.
Sept. 13, 2026 3:08:50 PM com.jme3.bullet.objects.PhysicsRigidBody rebuildRigidBody
INFORMATION: Created 28efacb2830.
[GAME] Willkommen im Ödland. Folge dem Feuer zu Mira. [E]
Sept. 13, 2026 3:08:50 PM com.jme3.bullet.objects.PhysicsRigidBody rebuildRigidBody
INFORMATION: Created 28efacb44e0.
Sept. 13, 2026 3:08:50 PM com.jme3.bullet.objects.PhysicsRigidBody rebuildRigidBody
INFORMATION: Created 28efacb21d0.
Sept. 13, 2026 3:08:50 PM com.jme3.bullet.objects.PhysicsRigidBody rebuildRigidBody
INFORMATION: Created 28efacb2500.
Sept. 13, 2026 3:08:50 PM com.jme3.bullet.objects.PhysicsRigidBody rebuildRigidBody
INFORMATION: Created 28efacb2e90.
Sept. 13, 2026 3:08:50 PM com.jme3.bullet.objects.PhysicsRigidBody rebuildRigidBody
INFORMATION: Created 28efacb3820.
Sept. 13, 2026 3:08:50 PM com.jme3.bullet.objects.PhysicsRigidBody rebuildRigidBody
INFORMATION: Created 28efacb1510.
Sept. 13, 2026 3:08:50 PM com.jme3.bullet.objects.PhysicsRigidBody rebuildRigidBody
INFORMATION: Created 28efacb31c0.
Sept. 13, 2026 3:08:50 PM com.jme3.bullet.objects.PhysicsRigidBody rebuildRigidBody
INFORMATION: Created 28efacb1840.
Sept. 13, 2026 3:08:50 PM com.jme3.bullet.objects.PhysicsRigidBody rebuildRigidBody
INFORMATION: Created 28efacb1ea0.
Sept. 13, 2026 3:08:50 PM com.jme3.bullet.objects.PhysicsRigidBody rebuildRigidBody
INFORMATION: Created 28efacb1b70.
Sept. 13, 2026 3:08:50 PM com.jme3.bullet.objects.PhysicsRigidBody rebuildRigidBody
INFORMATION: Created 28efacb2b60.
Sept. 13, 2026 3:08:50 PM com.jme3.bullet.objects.PhysicsRigidBody rebuildRigidBody
INFORMATION: Created 28efacb34f0.
Sept. 13, 2026 3:08:50 PM com.jme3.bullet.objects.PhysicsRigidBody rebuildRigidBody
INFORMATION: Created 28efacb3b50.
Sept. 13, 2026 3:08:50 PM com.jme3.bullet.objects.PhysicsRigidBody rebuildRigidBody
INFORMATION: Created 28efacb3e80.
Sept. 13, 2026 3:08:50 PM com.jme3.bullet.objects.PhysicsRigidBody rebuildRigidBody
INFORMATION: Created 28efacb41b0.
Sept. 13, 2026 3:08:50 PM com.jme3.bullet.objects.PhysicsRigidBody rebuildRigidBody
INFORMATION: Created 28efacb4810.
Sept. 13, 2026 3:08:50 PM com.jme3.bullet.objects.PhysicsRigidBody rebuildRigidBody
INFORMATION: Created 28efacb4b40.
Sept. 13, 2026 3:08:50 PM com.jme3.bullet.objects.PhysicsRigidBody rebuildRigidBody
INFORMATION: Created 28efacb4e70.
Sept. 13, 2026 3:08:50 PM com.jme3.bullet.objects.PhysicsRigidBody rebuildRigidBody
INFORMATION: Created 28efacb51a0.
Sept. 13, 2026 3:08:50 PM com.jme3.bullet.objects.PhysicsRigidBody rebuildRigidBody
INFORMATION: Created 28efacb5b30.
Sept. 13, 2026 3:08:50 PM com.jme3.bullet.objects.PhysicsRigidBody rebuildRigidBody
INFORMATION: Created 28efacb7b10.
Sept. 13, 2026 3:08:50 PM com.jme3.bullet.objects.PhysicsRigidBody rebuildRigidBody
INFORMATION: Created 28efacb67f0.
Sept. 13, 2026 3:08:50 PM com.jme3.bullet.objects.PhysicsRigidBody rebuildRigidBody
INFORMATION: Created 28efacb7180.
Sept. 13, 2026 3:08:50 PM com.jme3.bullet.objects.PhysicsRigidBody rebuildRigidBody
INFORMATION: Created 28efacb6190.
Sept. 13, 2026 3:08:50 PM com.jme3.bullet.objects.PhysicsRigidBody rebuildRigidBody
INFORMATION: Created 28efacb5e60.
Sept. 13, 2026 3:08:50 PM com.jme3.bullet.objects.PhysicsRigidBody rebuildRigidBody
INFORMATION: Created 28efacb8170.
Sept. 13, 2026 3:08:50 PM com.jme3.bullet.objects.PhysicsRigidBody rebuildRigidBody
INFORMATION: Created 28efacb74b0.
Sept. 13, 2026 3:08:50 PM com.jme3.bullet.objects.PhysicsRigidBody rebuildRigidBody
INFORMATION: Created 28efacb77e0.
Sept. 13, 2026 3:08:50 PM com.jme3.bullet.objects.PhysicsRigidBody rebuildRigidBody
INFORMATION: Created 28efacb64c0.
Sept. 13, 2026 3:08:50 PM com.jme3.bullet.objects.PhysicsRigidBody rebuildRigidBody
INFORMATION: Created 28efacb7e40.
Sept. 13, 2026 3:08:50 PM com.jme3.bullet.objects.PhysicsRigidBody rebuildRigidBody
INFORMATION: Created 28efacb6b20.
Sept. 13, 2026 3:08:50 PM com.jme3.bullet.objects.PhysicsRigidBody rebuildRigidBody
INFORMATION: Created 28efacb84a0.
Sept. 13, 2026 3:08:50 PM com.jme3.bullet.objects.PhysicsRigidBody rebuildRigidBody
INFORMATION: Created 28efacb6e50.
Sept. 13, 2026 3:08:50 PM com.jme3.bullet.objects.PhysicsRigidBody rebuildRigidBody
INFORMATION: Created 28efacb54d0.
Sept. 13, 2026 3:08:50 PM com.jme3.bullet.objects.PhysicsRigidBody rebuildRigidBody
INFORMATION: Created 28efacb5800.
Sept. 13, 2026 3:08:50 PM com.jme3.bullet.objects.PhysicsRigidBody rebuildRigidBody
INFORMATION: Created 28ef3b7c170.
Sept. 13, 2026 3:08:50 PM com.jme3.bullet.objects.PhysicsRigidBody rebuildRigidBody
INFORMATION: Created 28ef3b7ae50.
Sept. 13, 2026 3:08:50 PM com.jme3.bullet.objects.PhysicsRigidBody rebuildRigidBody
INFORMATION: Created 28ef3b7daf0.
Sept. 13, 2026 3:08:50 PM com.jme3.bullet.objects.PhysicsRigidBody rebuildRigidBody
INFORMATION: Created 28ef3b7be40.
Sept. 13, 2026 3:08:50 PM com.jme3.bullet.objects.PhysicsRigidBody rebuildRigidBody
INFORMATION: Created 28ef3b7de20.
Sept. 13, 2026 3:08:50 PM com.jme3.bullet.objects.PhysicsRigidBody rebuildRigidBody
INFORMATION: Created 28ef3b7ce30.
Sept. 13, 2026 3:08:50 PM com.jme3.bullet.objects.PhysicsRigidBody rebuildRigidBody
INFORMATION: Created 28ef3b7d160.
Sept. 13, 2026 3:08:50 PM com.jme3.bullet.objects.PhysicsRigidBody rebuildRigidBody
INFORMATION: Created 28ef3b7b180.
Sept. 13, 2026 3:08:50 PM com.jme3.bullet.objects.PhysicsRigidBody rebuildRigidBody
INFORMATION: Created 28ef3b7b4b0.
Sept. 13, 2026 3:08:50 PM com.jme3.bullet.objects.PhysicsRigidBody rebuildRigidBody
INFORMATION: Created 28ef3b7b7e0.
Sept. 13, 2026 3:08:50 PM com.jme3.bullet.objects.PhysicsRigidBody rebuildRigidBody
INFORMATION: Created 28ef46829b0.
Sept. 13, 2026 3:08:50 PM com.jme3.bullet.objects.PhysicsRigidBody rebuildRigidBody
INFORMATION: Created 28ef4683010.
Sept. 13, 2026 3:08:50 PM com.jme3.bullet.objects.PhysicsRigidBody rebuildRigidBody
INFORMATION: Created 28ef4684990.
Sept. 13, 2026 3:08:50 PM com.jme3.bullet.objects.PhysicsRigidBody rebuildRigidBody
INFORMATION: Created 28ef4683cd0.
Sept. 13, 2026 3:08:50 PM com.jme3.bullet.objects.PhysicsRigidBody rebuildRigidBody
INFORMATION: Created 28ef4682ce0.
Sept. 13, 2026 3:08:50 PM com.jme3.bullet.objects.PhysicsRigidBody rebuildRigidBody
INFORMATION: Created 28ef4681cf0.
Sept. 13, 2026 3:08:50 PM com.jme3.bullet.objects.PhysicsRigidBody rebuildRigidBody
INFORMATION: Created 28ef46819c0.
Sept. 13, 2026 3:08:50 PM com.jme3.bullet.objects.PhysicsRigidBody rebuildRigidBody
INFORMATION: Created 28ef4684000.
Sept. 13, 2026 3:08:50 PM com.jme3.bullet.objects.PhysicsRigidBody rebuildRigidBody
INFORMATION: Created 28ef4682020.
Sept. 13, 2026 3:08:50 PM com.jme3.bullet.objects.PhysicsRigidBody rebuildRigidBody
INFORMATION: Created 28ef4682350.
Sept. 13, 2026 3:08:50 PM com.jme3.bullet.objects.PhysicsRigidBody rebuildRigidBody
INFORMATION: Created 28ef46839a0.
Sept. 13, 2026 3:08:50 PM com.jme3.bullet.objects.PhysicsRigidBody rebuildRigidBody
INFORMATION: Created 28ef4684330.
Sept. 13, 2026 3:08:50 PM com.jme3.bullet.objects.PhysicsRigidBody rebuildRigidBody
INFORMATION: Created 28ef4682680.
Sept. 13, 2026 3:08:50 PM com.jme3.bullet.objects.PhysicsRigidBody rebuildRigidBody
INFORMATION: Created 28ef4684660.
Sept. 13, 2026 3:08:50 PM com.jme3.bullet.objects.PhysicsRigidBody rebuildRigidBody
INFORMATION: Created 28ef4681690.
Sept. 13, 2026 3:08:50 PM com.jme3.bullet.objects.PhysicsRigidBody rebuildRigidBody
INFORMATION: Created 28ef4680d00.
Sept. 13, 2026 3:08:50 PM com.jme3.bullet.objects.PhysicsRigidBody rebuildRigidBody
INFORMATION: Created 28ef4683340.
Sept. 13, 2026 3:08:50 PM com.jme3.bullet.objects.PhysicsRigidBody rebuildRigidBody
INFORMATION: Created 28ef4683670.
Sept. 13, 2026 3:08:50 PM com.jme3.bullet.objects.PhysicsRigidBody rebuildRigidBody
INFORMATION: Created 28ef4684cc0.
Sept. 13, 2026 3:08:50 PM com.jme3.bullet.objects.PhysicsRigidBody rebuildRigidBody
INFORMATION: Created 28ef4681030.
Sept. 13, 2026 3:08:50 PM com.jme3.bullet.objects.PhysicsRigidBody rebuildRigidBody
INFORMATION: Created 28ef4684ff0.
Sept. 13, 2026 3:08:50 PM com.jme3.bullet.objects.PhysicsRigidBody rebuildRigidBody
INFORMATION: Created 28ef4681360.
Sept. 13, 2026 3:08:50 PM com.jme3.bullet.objects.PhysicsRigidBody rebuildRigidBody
INFORMATION: Created 28ef4685fe0.
Sept. 13, 2026 3:08:50 PM com.jme3.bullet.objects.PhysicsRigidBody rebuildRigidBody
INFORMATION: Created 28ef4688620.
Sept. 13, 2026 3:08:50 PM com.jme3.bullet.objects.PhysicsRigidBody rebuildRigidBody
INFORMATION: Created 28ef4686310.
Sept. 13, 2026 3:08:50 PM com.jme3.bullet.objects.PhysicsRigidBody rebuildRigidBody
INFORMATION: Created 28ef4686640.
Sept. 13, 2026 3:08:50 PM com.jme3.bullet.objects.PhysicsRigidBody rebuildRigidBody
INFORMATION: Created 28ef4687fc0.
Sept. 13, 2026 3:08:50 PM com.jme3.bullet.objects.PhysicsRigidBody rebuildRigidBody
INFORMATION: Created 28ef4688950.
Sept. 13, 2026 3:08:50 PM com.jme3.bullet.objects.PhysicsRigidBody rebuildRigidBody
INFORMATION: Created 28ef4687c90.
Sept. 13, 2026 3:08:50 PM com.jme3.bullet.objects.PhysicsRigidBody rebuildRigidBody
INFORMATION: Created 28ef4687960.
Sept. 13, 2026 3:08:50 PM com.jme3.bullet.objects.PhysicsRigidBody rebuildRigidBody
INFORMATION: Created 28ef4686970.
Sept. 13, 2026 3:08:50 PM com.jme3.bullet.objects.PhysicsRigidBody rebuildRigidBody
INFORMATION: Created 28ef4685980.
Sept. 13, 2026 3:08:50 PM com.jme3.bullet.objects.PhysicsRigidBody rebuildRigidBody
INFORMATION: Created 28ef46882f0.
Sept. 13, 2026 3:08:50 PM com.jme3.bullet.objects.PhysicsRigidBody rebuildRigidBody
INFORMATION: Created 28ef4685320.
Sept. 13, 2026 3:08:50 PM com.jme3.bullet.objects.PhysicsRigidBody rebuildRigidBody
INFORMATION: Created 28ef4685cb0.
Sept. 13, 2026 3:08:50 PM com.jme3.bullet.objects.PhysicsRigidBody rebuildRigidBody
INFORMATION: Created 28ef4685650.
Sept. 13, 2026 3:08:50 PM com.jme3.bullet.objects.PhysicsRigidBody rebuildRigidBody
INFORMATION: Created 28ef4686ca0.
Sept. 13, 2026 3:08:50 PM com.jme3.bullet.objects.PhysicsRigidBody rebuildRigidBody
INFORMATION: Created 28ef4686fd0.
Sept. 13, 2026 3:08:50 PM com.jme3.bullet.objects.PhysicsRigidBody rebuildRigidBody
INFORMATION: Created 28ef4687300.
Sept. 13, 2026 3:08:50 PM com.jme3.bullet.objects.PhysicsRigidBody rebuildRigidBody
INFORMATION: Created 28ef4687630.
Sept. 13, 2026 3:08:50 PM com.jme3.bullet.objects.PhysicsRigidBody rebuildRigidBody
INFORMATION: Created 28ef9295310.
Sept. 13, 2026 3:08:50 PM com.jme3.bullet.objects.PhysicsRigidBody rebuildRigidBody
INFORMATION: Created 28ef9296960.
Sept. 13, 2026 3:08:50 PM com.jme3.bullet.objects.PhysicsRigidBody rebuildRigidBody
INFORMATION: Created 28ef9297c80.
Sept. 13, 2026 3:08:50 PM com.jme3.bullet.objects.PhysicsRigidBody rebuildRigidBody
INFORMATION: Created 28ef9297950.
Sept. 13, 2026 3:08:50 PM com.jme3.bullet.objects.PhysicsRigidBody rebuildRigidBody
INFORMATION: Created 28ef9296630.
Sept. 13, 2026 3:08:50 PM com.jme3.bullet.objects.PhysicsRigidBody rebuildRigidBody
INFORMATION: Created 28ef9295fd0.
Sept. 13, 2026 3:08:50 PM com.jme3.bullet.objects.PhysicsRigidBody rebuildRigidBody
INFORMATION: Created 28ef9294cb0.
Sept. 13, 2026 3:08:50 PM com.jme3.bullet.objects.PhysicsRigidBody rebuildRigidBody
INFORMATION: Created 28ef9296c90.
Sept. 13, 2026 3:08:50 PM com.jme3.bullet.objects.PhysicsRigidBody rebuildRigidBody
INFORMATION: Created 28ef9294fe0.
Sept. 13, 2026 3:08:50 PM com.jme3.bullet.objects.PhysicsRigidBody rebuildRigidBody
INFORMATION: Created 28ef9295970.
Sept. 13, 2026 3:08:50 PM com.jme3.bullet.objects.PhysicsRigidBody rebuildRigidBody
INFORMATION: Created 28ef9295640.
Sept. 13, 2026 3:08:50 PM com.jme3.bullet.objects.PhysicsRigidBody rebuildRigidBody
INFORMATION: Created 28ef9299930.
Sept. 13, 2026 3:08:50 PM com.jme3.bullet.objects.PhysicsRigidBody rebuildRigidBody
INFORMATION: Created 28ef9297fb0.
Sept. 13, 2026 3:08:50 PM com.jme3.bullet.objects.PhysicsRigidBody rebuildRigidBody
INFORMATION: Created 28ef92992d0.
Sept. 13, 2026 3:08:50 PM com.jme3.bullet.objects.PhysicsRigidBody rebuildRigidBody
INFORMATION: Created 28ef9297620.
Sept. 13, 2026 3:08:50 PM com.jme3.bullet.objects.PhysicsRigidBody rebuildRigidBody
INFORMATION: Created 28ef9298c70.
Sept. 13, 2026 3:08:50 PM com.jme3.bullet.objects.PhysicsRigidBody rebuildRigidBody
INFORMATION: Created 28ef9298610.
Sept. 13, 2026 3:08:50 PM com.jme3.bullet.objects.PhysicsRigidBody rebuildRigidBody
INFORMATION: Created 28ef9298940.
Sept. 13, 2026 3:08:50 PM com.jme3.bullet.objects.PhysicsRigidBody rebuildRigidBody
INFORMATION: Created 28ef92982e0.
Sept. 13, 2026 3:08:50 PM com.jme3.bullet.objects.PhysicsRigidBody rebuildRigidBody
INFORMATION: Created 28ef9298fa0.
Sept. 13, 2026 3:08:50 PM com.jme3.bullet.objects.PhysicsRigidBody rebuildRigidBody
INFORMATION: Created 28ef9296fc0.
Sept. 13, 2026 3:08:50 PM com.jme3.bullet.objects.PhysicsRigidBody rebuildRigidBody
INFORMATION: Created 28ef9299600.
Sept. 13, 2026 3:08:50 PM com.jme3.bullet.objects.PhysicsRigidBody rebuildRigidBody
INFORMATION: Created 28ef9295ca0.
Sept. 13, 2026 3:08:50 PM com.jme3.bullet.objects.PhysicsRigidBody rebuildRigidBody
INFORMATION: Created 28ef92972f0.
Sept. 13, 2026 3:08:50 PM com.jme3.bullet.objects.PhysicsRigidBody rebuildRigidBody
INFORMATION: Created 28ef9299c60.
Sept. 13, 2026 3:08:50 PM com.jme3.bullet.objects.PhysicsRigidBody rebuildRigidBody
INFORMATION: Created 28ef9299f90.
Sept. 13, 2026 3:08:50 PM com.jme3.bullet.objects.PhysicsRigidBody rebuildRigidBody
INFORMATION: Created 28ef9296300.
Sept. 13, 2026 3:08:50 PM com.jme3.bullet.objects.PhysicsRigidBody rebuildRigidBody
INFORMATION: Created 28ef929a2c0.
Sept. 13, 2026 3:08:50 PM com.jme3.bullet.objects.PhysicsRigidBody rebuildRigidBody
INFORMATION: Created 28ef929a5f0.
Sept. 13, 2026 3:08:50 PM com.jme3.bullet.objects.PhysicsRigidBody rebuildRigidBody
INFORMATION: Created 28ef929af80.
Sept. 13, 2026 3:08:50 PM com.jme3.bullet.objects.PhysicsRigidBody rebuildRigidBody
INFORMATION: Created 28ef929c5d0.
Sept. 13, 2026 3:08:50 PM com.jme3.bullet.objects.PhysicsRigidBody rebuildRigidBody
INFORMATION: Created 28ef929a920.
Sept. 13, 2026 3:08:50 PM com.jme3.bullet.objects.PhysicsRigidBody rebuildRigidBody
INFORMATION: Created 28ef929ac50.
Sept. 13, 2026 3:08:50 PM com.jme3.bullet.objects.PhysicsRigidBody rebuildRigidBody
INFORMATION: Created 28ef929b910.
Sept. 13, 2026 3:08:50 PM com.jme3.bullet.objects.PhysicsRigidBody rebuildRigidBody
INFORMATION: Created 28ef929b2b0.
Sept. 13, 2026 3:08:50 PM com.jme3.bullet.objects.PhysicsRigidBody rebuildRigidBody
INFORMATION: Created 28ef929b5e0.
Sept. 13, 2026 3:08:50 PM com.jme3.bullet.objects.PhysicsRigidBody rebuildRigidBody
INFORMATION: Created 28ef929c2a0.
Sept. 13, 2026 3:08:50 PM com.jme3.bullet.objects.PhysicsRigidBody rebuildRigidBody
INFORMATION: Created 28ef929bc40.
Sept. 13, 2026 3:08:50 PM com.jme3.bullet.objects.PhysicsRigidBody rebuildRigidBody
INFORMATION: Created 28ef929bf70.
Sept. 13, 2026 3:08:50 PM com.jme3.bullet.objects.PhysicsRigidBody rebuildRigidBody
INFORMATION: Created 28ef929c900.
Sept. 13, 2026 3:08:50 PM com.jme3.bullet.objects.PhysicsRigidBody rebuildRigidBody
INFORMATION: Created 28ef3960c30.
Sept. 13, 2026 3:08:50 PM com.jme3.bullet.objects.PhysicsRigidBody rebuildRigidBody
INFORMATION: Created 28ef39628e0.
Sept. 13, 2026 3:08:50 PM com.jme3.bullet.objects.PhysicsRigidBody rebuildRigidBody
INFORMATION: Created 28ef395f5e0.
Sept. 13, 2026 3:08:50 PM com.jme3.bullet.objects.PhysicsRigidBody rebuildRigidBody
INFORMATION: Created 28ef3960f60.
Sept. 13, 2026 3:08:50 PM com.jme3.bullet.objects.PhysicsRigidBody rebuildRigidBody
INFORMATION: Created 28ef3962280.
Sept. 13, 2026 3:08:50 PM com.jme3.bullet.objects.PhysicsRigidBody rebuildRigidBody
INFORMATION: Created 28ef3961c20.
Sept. 13, 2026 3:08:50 PM com.jme3.bullet.objects.PhysicsRigidBody rebuildRigidBody
INFORMATION: Created 28ef39602a0.
Sept. 13, 2026 3:08:50 PM com.jme3.bullet.objects.PhysicsRigidBody rebuildRigidBody
INFORMATION: Created 28ef395f910.
Sept. 13, 2026 3:08:50 PM com.jme3.bullet.objects.PhysicsRigidBody rebuildRigidBody
INFORMATION: Created 28ef3961290.
Sept. 13, 2026 3:08:50 PM com.jme3.bullet.objects.PhysicsRigidBody rebuildRigidBody
INFORMATION: Created 28ef395fc40.
Sept. 13, 2026 3:08:50 PM com.jme3.bullet.objects.PhysicsRigidBody rebuildRigidBody
INFORMATION: Created 28ef395ff70.
Sept. 13, 2026 3:08:50 PM com.jme3.bullet.objects.PhysicsRigidBody rebuildRigidBody
INFORMATION: Created 28ef39615c0.
Sept. 13, 2026 3:08:50 PM com.jme3.bullet.objects.PhysicsRigidBody rebuildRigidBody
INFORMATION: Created 28ef39618f0.
Sept. 13, 2026 3:08:50 PM com.jme3.bullet.objects.PhysicsRigidBody rebuildRigidBody
INFORMATION: Created 28ef3961f50.
Sept. 13, 2026 3:08:50 PM com.jme3.bullet.objects.PhysicsRigidBody rebuildRigidBody
INFORMATION: Created 28ef395ef80.
Sept. 13, 2026 3:08:50 PM com.jme3.bullet.objects.PhysicsRigidBody rebuildRigidBody
INFORMATION: Created 28ef395f2b0.
Sept. 13, 2026 3:08:50 PM com.jme3.bullet.objects.PhysicsRigidBody rebuildRigidBody
INFORMATION: Created 28ef39625b0.
Sept. 13, 2026 3:08:50 PM com.jme3.bullet.objects.PhysicsRigidBody rebuildRigidBody
INFORMATION: Created 28ef3962c10.
Sept. 13, 2026 3:08:50 PM com.jme3.bullet.objects.PhysicsRigidBody rebuildRigidBody
INFORMATION: Created 28ef3962f40.
Sept. 13, 2026 3:08:50 PM com.jme3.bullet.objects.PhysicsRigidBody rebuildRigidBody
INFORMATION: Created 28ef3963f30.
Sept. 13, 2026 3:08:50 PM com.jme3.bullet.objects.PhysicsRigidBody rebuildRigidBody
INFORMATION: Created 28ef3963270.
Sept. 13, 2026 3:08:50 PM com.jme3.bullet.objects.PhysicsRigidBody rebuildRigidBody
INFORMATION: Created 28ef3963c00.
Sept. 13, 2026 3:08:50 PM com.jme3.bullet.objects.PhysicsRigidBody rebuildRigidBody
INFORMATION: Created 28ef39635a0.
Sept. 13, 2026 3:08:50 PM com.jme3.bullet.objects.PhysicsRigidBody rebuildRigidBody
INFORMATION: Created 28ef39638d0.
Sept. 13, 2026 3:08:50 PM com.jme3.bullet.objects.PhysicsRigidBody rebuildRigidBody
INFORMATION: Created 28ef3964260.
Sept. 13, 2026 3:08:50 PM com.jme3.bullet.objects.PhysicsRigidBody rebuildRigidBody
INFORMATION: Created 28ef39605d0.
Sept. 13, 2026 3:08:50 PM com.jme3.bullet.objects.PhysicsRigidBody rebuildRigidBody
INFORMATION: Created 28ef3964590.
[CHECK] A new campaign must not respawn into the previous save
Sept. 13, 2026 3:08:50 PM com.jme3.anim.SkinningControl controlRender
INFORMATION: Hardware skinning engaged for Scene (Node)
Sept. 13, 2026 3:08:50 PM com.jme3.anim.SkinningControl controlRender
INFORMATION: Hardware skinning engaged for Scene (Node)
Sept. 13, 2026 3:08:50 PM com.jme3.anim.SkinningControl controlRender
INFORMATION: Hardware skinning engaged for Scene (Node)
Sept. 13, 2026 3:08:50 PM com.jme3.anim.SkinningControl controlRender
INFORMATION: Hardware skinning engaged for Scene (Node)
[SMOKE] stage 14
[GAME] Treffer  +22
[SMOKE] stage 15
[CHECK] Physical melee must hit the enemy
[GAME] Goblin besiegt  +35 EP  +8 Gold
[GAME] Goblin besiegt  +35 EP  +8 Gold
[GAME] Auftrag erfüllt: Ein Licht im Ödland  +40 EP
[GAME] Stufe 2 erreicht! K: Fähigkeiten verbessern.
[CHECK] Mira opens a dialogue
[CHECK] Mira starts the campaign
Sept. 13, 2026 3:08:56 PM com.jme3.bullet.objects.PhysicsRigidBody rebuildRigidBody
INFORMATION: Created 28ef3960900.
Sept. 13, 2026 3:08:56 PM com.jme3.bullet.objects.PhysicsRigidBody rebuildRigidBody
INFORMATION: Created 28ef3967ef0.
Sept. 13, 2026 3:08:56 PM com.jme3.bullet.objects.PhysicsRigidBody rebuildRigidBody
INFORMATION: Created 28ef3964bf0.
Sept. 13, 2026 3:08:56 PM com.jme3.bullet.objects.PhysicsRigidBody rebuildRigidBody
INFORMATION: Created 28ef3965f10.
Sept. 13, 2026 3:08:56 PM com.jme3.bullet.objects.PhysicsRigidBody rebuildRigidBody
INFORMATION: Created 28ef3965250.
Sept. 13, 2026 3:08:56 PM com.jme3.bullet.objects.PhysicsRigidBody rebuildRigidBody
INFORMATION: Created 28ef39658b0.
Sept. 13, 2026 3:08:56 PM com.jme3.bullet.objects.PhysicsRigidBody rebuildRigidBody
INFORMATION: Created 28ef3966240.
Sept. 13, 2026 3:08:56 PM com.jme3.bullet.objects.PhysicsRigidBody rebuildRigidBody
INFORMATION: Created 28ef3968550.
Sept. 13, 2026 3:08:56 PM com.jme3.bullet.objects.PhysicsRigidBody rebuildRigidBody
INFORMATION: Created 28ef3968220.
Sept. 13, 2026 3:08:56 PM com.jme3.bullet.objects.PhysicsRigidBody rebuildRigidBody
INFORMATION: Created 28ef3966f00.
Sept. 13, 2026 3:08:56 PM com.jme3.bullet.objects.PhysicsRigidBody rebuildRigidBody
INFORMATION: Created 28ef3964f20.
Sept. 13, 2026 3:08:56 PM com.jme3.bullet.objects.PhysicsRigidBody rebuildRigidBody
INFORMATION: Created 28ef39648c0.
Sept. 13, 2026 3:08:56 PM com.jme3.bullet.objects.PhysicsRigidBody rebuildRigidBody
INFORMATION: Created 28ef3965be0.
Sept. 13, 2026 3:08:56 PM com.jme3.bullet.objects.PhysicsRigidBody rebuildRigidBody
INFORMATION: Created 28ef3966570.
Sept. 13, 2026 3:08:56 PM com.jme3.bullet.objects.PhysicsRigidBody rebuildRigidBody
INFORMATION: Created 28ef3968880.
Sept. 13, 2026 3:08:56 PM com.jme3.bullet.objects.PhysicsRigidBody rebuildRigidBody
INFORMATION: Created 28ef3966bd0.
Sept. 13, 2026 3:08:56 PM com.jme3.bullet.objects.PhysicsRigidBody rebuildRigidBody
INFORMATION: Created 28ef39668a0.
Sept. 13, 2026 3:08:56 PM com.jme3.bullet.objects.PhysicsRigidBody rebuildRigidBody
INFORMATION: Created 28ef3967230.
Sept. 13, 2026 3:08:56 PM com.jme3.bullet.objects.PhysicsRigidBody rebuildRigidBody
INFORMATION: Created 28ef3967560.
Sept. 13, 2026 3:08:56 PM com.jme3.bullet.objects.PhysicsRigidBody rebuildRigidBody
INFORMATION: Created 28ef3967890.
Sept. 13, 2026 3:08:56 PM com.jme3.bullet.objects.PhysicsRigidBody rebuildRigidBody
INFORMATION: Created 28ef3968ee0.
Sept. 13, 2026 3:08:56 PM com.jme3.bullet.objects.PhysicsRigidBody rebuildRigidBody
INFORMATION: Created 28ef3968bb0.
Sept. 13, 2026 3:08:56 PM com.jme3.bullet.objects.PhysicsRigidBody rebuildRigidBody
INFORMATION: Created 28ef3969210.
Sept. 13, 2026 3:08:56 PM com.jme3.bullet.objects.PhysicsRigidBody rebuildRigidBody
INFORMATION: Created 28ef3965580.
Sept. 13, 2026 3:08:56 PM com.jme3.bullet.objects.PhysicsRigidBody rebuildRigidBody
INFORMATION: Created 28ef396ab90.
Sept. 13, 2026 3:08:56 PM com.jme3.bullet.objects.PhysicsRigidBody rebuildRigidBody
INFORMATION: Created 28ef396b520.
Sept. 13, 2026 3:08:56 PM com.jme3.bullet.objects.PhysicsRigidBody rebuildRigidBody
INFORMATION: Created 28ef3969870.
Sept. 13, 2026 3:08:56 PM com.jme3.bullet.objects.PhysicsRigidBody rebuildRigidBody
INFORMATION: Created 28ef3969540.
Sept. 13, 2026 3:08:56 PM com.jme3.bullet.objects.PhysicsRigidBody rebuildRigidBody
INFORMATION: Created 28ef396a860.
Sept. 13, 2026 3:08:56 PM com.jme3.bullet.objects.PhysicsRigidBody rebuildRigidBody
INFORMATION: Created 28ef3969ba0.
Sept. 13, 2026 3:08:56 PM com.jme3.bullet.objects.PhysicsRigidBody rebuildRigidBody
INFORMATION: Created 28ef396b850.
Sept. 13, 2026 3:08:56 PM com.jme3.bullet.objects.PhysicsRigidBody rebuildRigidBody
INFORMATION: Created 28ef3967bc0.
Sept. 13, 2026 3:08:56 PM com.jme3.bullet.objects.PhysicsRigidBody rebuildRigidBody
INFORMATION: Created 28ef3969ed0.
Sept. 13, 2026 3:08:56 PM com.jme3.bullet.objects.PhysicsRigidBody rebuildRigidBody
INFORMATION: Created 28ef396a200.
Sept. 13, 2026 3:08:56 PM com.jme3.bullet.objects.PhysicsRigidBody rebuildRigidBody
INFORMATION: Created 28ef396a530.
Sept. 13, 2026 3:08:56 PM com.jme3.bullet.objects.PhysicsRigidBody rebuildRigidBody
INFORMATION: Created 28ef396aec0.
Sept. 13, 2026 3:08:56 PM com.jme3.bullet.objects.PhysicsRigidBody rebuildRigidBody
INFORMATION: Created 28ef396b1f0.
Sept. 13, 2026 3:08:56 PM com.jme3.bullet.objects.PhysicsRigidBody rebuildRigidBody
INFORMATION: Created 28ef396eb50.
Sept. 13, 2026 3:08:56 PM com.jme3.bullet.objects.PhysicsRigidBody rebuildRigidBody
INFORMATION: Created 28ef396c510.
Sept. 13, 2026 3:08:56 PM com.jme3.bullet.objects.PhysicsRigidBody rebuildRigidBody
INFORMATION: Created 28ef396e820.
Sept. 13, 2026 3:08:56 PM com.jme3.bullet.objects.PhysicsRigidBody rebuildRigidBody
INFORMATION: Created 28ef396db60.
Sept. 13, 2026 3:08:56 PM com.jme3.bullet.objects.PhysicsRigidBody rebuildRigidBody
INFORMATION: Created 28ef396c1e0.
Sept. 13, 2026 3:08:56 PM com.jme3.bullet.objects.PhysicsRigidBody rebuildRigidBody
INFORMATION: Created 28ef396bb80.
Sept. 13, 2026 3:08:56 PM com.jme3.bullet.objects.PhysicsRigidBody rebuildRigidBody
INFORMATION: Created 28ef396c840.
Sept. 13, 2026 3:08:56 PM com.jme3.bullet.objects.PhysicsRigidBody rebuildRigidBody
INFORMATION: Created 28ef396cb70.
Sept. 13, 2026 3:08:56 PM com.jme3.bullet.objects.PhysicsRigidBody rebuildRigidBody
INFORMATION: Created 28ef396de90.
Sept. 13, 2026 3:08:56 PM com.jme3.bullet.objects.PhysicsRigidBody rebuildRigidBody
INFORMATION: Created 28ef396d830.
Sept. 13, 2026 3:08:56 PM com.jme3.bullet.objects.PhysicsRigidBody rebuildRigidBody
INFORMATION: Created 28ef396e4f0.
Sept. 13, 2026 3:08:56 PM com.jme3.bullet.objects.PhysicsRigidBody rebuildRigidBody
INFORMATION: Created 28ef396cea0.
Sept. 13, 2026 3:08:56 PM com.jme3.bullet.objects.PhysicsRigidBody rebuildRigidBody
INFORMATION: Created 28ef396d1d0.
Sept. 13, 2026 3:08:56 PM com.jme3.bullet.objects.PhysicsRigidBody rebuildRigidBody
INFORMATION: Created 28ef396beb0.
Sept. 13, 2026 3:08:56 PM com.jme3.bullet.objects.PhysicsRigidBody rebuildRigidBody
INFORMATION: Created 28ef396d500.
Sept. 13, 2026 3:08:56 PM com.jme3.bullet.objects.PhysicsRigidBody rebuildRigidBody
INFORMATION: Created 28ef396e1c0.
Sept. 13, 2026 3:08:56 PM com.jme3.bullet.objects.PhysicsRigidBody rebuildRigidBody
INFORMATION: Created 28efada3500.
Sept. 13, 2026 3:08:56 PM com.jme3.bullet.objects.PhysicsRigidBody rebuildRigidBody
INFORMATION: Created 28efada2ea0.
Sept. 13, 2026 3:08:56 PM com.jme3.bullet.objects.PhysicsRigidBody rebuildRigidBody
INFORMATION: Created 28efada2b70.
Sept. 13, 2026 3:08:56 PM com.jme3.bullet.objects.PhysicsRigidBody rebuildRigidBody
INFORMATION: Created 28efada21e0.
Sept. 13, 2026 3:08:56 PM com.jme3.bullet.objects.PhysicsRigidBody rebuildRigidBody
INFORMATION: Created 28efada11f0.
Sept. 13, 2026 3:08:56 PM com.jme3.bullet.objects.PhysicsRigidBody rebuildRigidBody
INFORMATION: Created 28efada31d0.
Sept. 13, 2026 3:08:56 PM com.jme3.bullet.objects.PhysicsRigidBody rebuildRigidBody
INFORMATION: Created 28efada0530.
Sept. 13, 2026 3:08:56 PM com.jme3.bullet.objects.PhysicsRigidBody rebuildRigidBody
INFORMATION: Created 28efada1eb0.
Sept. 13, 2026 3:08:56 PM com.jme3.bullet.objects.PhysicsRigidBody rebuildRigidBody
INFORMATION: Created 28efad9fed0.
Sept. 13, 2026 3:08:56 PM com.jme3.bullet.objects.PhysicsRigidBody rebuildRigidBody
INFORMATION: Created 28efada2510.
Sept. 13, 2026 3:08:56 PM com.jme3.bullet.objects.PhysicsRigidBody rebuildRigidBody
INFORMATION: Created 28efada3830.
Sept. 13, 2026 3:08:56 PM com.jme3.bullet.objects.PhysicsRigidBody rebuildRigidBody
INFORMATION: Created 28efada2840.
Sept. 13, 2026 3:08:56 PM com.jme3.bullet.objects.PhysicsRigidBody rebuildRigidBody
INFORMATION: Created 28efada1850.
Sept. 13, 2026 3:08:56 PM com.jme3.bullet.objects.PhysicsRigidBody rebuildRigidBody
INFORMATION: Created 28efada1520.
Sept. 13, 2026 3:08:56 PM com.jme3.bullet.objects.PhysicsRigidBody rebuildRigidBody
INFORMATION: Created 28efada0200.
Sept. 13, 2026 3:08:56 PM com.jme3.bullet.objects.PhysicsRigidBody rebuildRigidBody
INFORMATION: Created 28efada0ec0.
Sept. 13, 2026 3:08:56 PM com.jme3.bullet.objects.PhysicsRigidBody rebuildRigidBody
INFORMATION: Created 28ef4443930.
Sept. 13, 2026 3:08:56 PM com.jme3.bullet.objects.PhysicsRigidBody rebuildRigidBody
INFORMATION: Created 28ef44422e0.
Sept. 13, 2026 3:08:56 PM com.jme3.bullet.objects.PhysicsRigidBody rebuildRigidBody
INFORMATION: Created 28ef44432d0.
Sept. 13, 2026 3:08:56 PM com.jme3.bullet.objects.PhysicsRigidBody rebuildRigidBody
INFORMATION: Created 28ef4443c60.
Sept. 13, 2026 3:08:56 PM com.jme3.bullet.objects.PhysicsRigidBody rebuildRigidBody
INFORMATION: Created 28ef4442c70.
Sept. 13, 2026 3:08:56 PM com.jme3.bullet.objects.PhysicsRigidBody rebuildRigidBody
INFORMATION: Created 28ef44445f0.
Sept. 13, 2026 3:08:56 PM com.jme3.bullet.objects.PhysicsRigidBody rebuildRigidBody
INFORMATION: Created 28ef4441fb0.
Sept. 13, 2026 3:08:56 PM com.jme3.bullet.objects.PhysicsRigidBody rebuildRigidBody
INFORMATION: Created 28ef4443f90.
Sept. 13, 2026 3:08:56 PM com.jme3.bullet.objects.PhysicsRigidBody rebuildRigidBody
INFORMATION: Created 28ef4442610.
Sept. 13, 2026 3:08:56 PM com.jme3.bullet.objects.PhysicsRigidBody rebuildRigidBody
INFORMATION: Created 28ef4440fc0.
Sept. 13, 2026 3:08:56 PM com.jme3.bullet.objects.PhysicsRigidBody rebuildRigidBody
INFORMATION: Created 28ef4441620.
Sept. 13, 2026 3:08:56 PM com.jme3.bullet.objects.PhysicsRigidBody rebuildRigidBody
INFORMATION: Created 28ef4441950.
Sept. 13, 2026 3:08:56 PM com.jme3.bullet.objects.PhysicsRigidBody rebuildRigidBody
INFORMATION: Created 28ef44442c0.
Sept. 13, 2026 3:08:56 PM com.jme3.bullet.objects.PhysicsRigidBody rebuildRigidBody
INFORMATION: Created 28ef4442940.
Sept. 13, 2026 3:08:56 PM com.jme3.bullet.objects.PhysicsRigidBody rebuildRigidBody
INFORMATION: Created 28ef4444920.
Sept. 13, 2026 3:08:56 PM com.jme3.bullet.objects.PhysicsRigidBody rebuildRigidBody
INFORMATION: Created 28ef4442fa0.
Sept. 13, 2026 3:08:56 PM com.jme3.bullet.objects.PhysicsRigidBody rebuildRigidBody
INFORMATION: Created 28ef44412f0.
Sept. 13, 2026 3:08:56 PM com.jme3.bullet.objects.PhysicsRigidBody rebuildRigidBody
INFORMATION: Created 28ef4440c90.
Sept. 13, 2026 3:08:56 PM com.jme3.bullet.objects.PhysicsRigidBody rebuildRigidBody
INFORMATION: Created 28ef4443600.
Sept. 13, 2026 3:08:56 PM com.jme3.bullet.objects.PhysicsRigidBody rebuildRigidBody
INFORMATION: Created 28ef44452b0.
Sept. 13, 2026 3:08:56 PM com.jme3.bullet.objects.PhysicsRigidBody rebuildRigidBody
INFORMATION: Created 28ef4444c50.
Sept. 13, 2026 3:08:56 PM com.jme3.bullet.objects.PhysicsRigidBody rebuildRigidBody
INFORMATION: Created 28ef4444f80.
Sept. 13, 2026 3:08:56 PM com.jme3.bullet.objects.PhysicsRigidBody rebuildRigidBody
INFORMATION: Created 28ef44455e0.
Sept. 13, 2026 3:08:56 PM com.jme3.bullet.objects.PhysicsRigidBody rebuildRigidBody
INFORMATION: Created 28ef4441c80.
Sept. 13, 2026 3:08:56 PM com.jme3.bullet.objects.PhysicsRigidBody rebuildRigidBody
INFORMATION: Created 28ef4447c20.
Sept. 13, 2026 3:08:56 PM com.jme3.bullet.objects.PhysicsRigidBody rebuildRigidBody
INFORMATION: Created 28ef4445c40.
Sept. 13, 2026 3:08:56 PM com.jme3.bullet.objects.PhysicsRigidBody rebuildRigidBody
INFORMATION: Created 28ef4445910.
Sept. 13, 2026 3:08:56 PM com.jme3.bullet.objects.PhysicsRigidBody rebuildRigidBody
INFORMATION: Created 28ef4445f70.
Sept. 13, 2026 3:08:56 PM com.jme3.bullet.objects.PhysicsRigidBody rebuildRigidBody
INFORMATION: Created 28ef44478f0.
Sept. 13, 2026 3:08:56 PM com.jme3.bullet.objects.PhysicsRigidBody rebuildRigidBody
INFORMATION: Created 28ef44462a0.
Sept. 13, 2026 3:08:56 PM com.jme3.bullet.objects.PhysicsRigidBody rebuildRigidBody
INFORMATION: Created 28ef44465d0.
Sept. 13, 2026 3:08:56 PM com.jme3.bullet.objects.PhysicsRigidBody rebuildRigidBody
INFORMATION: Created 28ef4447f50.
Sept. 13, 2026 3:08:56 PM com.jme3.bullet.objects.PhysicsRigidBody rebuildRigidBody
INFORMATION: Created 28ef4446900.
Sept. 13, 2026 3:08:56 PM com.jme3.bullet.objects.PhysicsRigidBody rebuildRigidBody
INFORMATION: Created 28ef4446c30.
Sept. 13, 2026 3:08:56 PM com.jme3.bullet.objects.PhysicsRigidBody rebuildRigidBody
INFORMATION: Created 28ef44475c0.
Sept. 13, 2026 3:08:56 PM com.jme3.bullet.objects.PhysicsRigidBody rebuildRigidBody
INFORMATION: Created 28ef4448280.
Sept. 13, 2026 3:08:56 PM com.jme3.bullet.objects.PhysicsRigidBody rebuildRigidBody
INFORMATION: Created 28ef4446f60.
Sept. 13, 2026 3:08:56 PM com.jme3.bullet.objects.PhysicsRigidBody rebuildRigidBody
INFORMATION: Created 28ef4447290.
Sept. 13, 2026 3:08:56 PM com.jme3.bullet.objects.PhysicsRigidBody rebuildRigidBody
INFORMATION: Created 28ef44485b0.
Sept. 13, 2026 3:08:56 PM com.jme3.bullet.objects.PhysicsRigidBody rebuildRigidBody
INFORMATION: Created 28ef44488e0.
Sept. 13, 2026 3:08:56 PM com.jme3.bullet.objects.PhysicsRigidBody rebuildRigidBody
INFORMATION: Created 28ef39aa940.
Sept. 13, 2026 3:08:56 PM com.jme3.bullet.objects.PhysicsRigidBody rebuildRigidBody
INFORMATION: Created 28ef39acf80.
Sept. 13, 2026 3:08:56 PM com.jme3.bullet.objects.PhysicsRigidBody rebuildRigidBody
INFORMATION: Created 28ef39ab2d0.
Sept. 13, 2026 3:08:56 PM com.jme3.bullet.objects.PhysicsRigidBody rebuildRigidBody
INFORMATION: Created 28ef39ad2b0.
Sept. 13, 2026 3:08:56 PM com.jme3.bullet.objects.PhysicsRigidBody rebuildRigidBody
INFORMATION: Created 28ef39ad5e0.
Sept. 13, 2026 3:08:56 PM com.jme3.bullet.objects.PhysicsRigidBody rebuildRigidBody
INFORMATION: Created 28ef39ac920.
Sept. 13, 2026 3:08:56 PM com.jme3.bullet.objects.PhysicsRigidBody rebuildRigidBody
INFORMATION: Created 28ef39abc60.
Sept. 13, 2026 3:08:56 PM com.jme3.bullet.objects.PhysicsRigidBody rebuildRigidBody
INFORMATION: Created 28ef39ad910.
Sept. 13, 2026 3:08:56 PM com.jme3.bullet.objects.PhysicsRigidBody rebuildRigidBody
INFORMATION: Created 28ef39aa2e0.
Sept. 13, 2026 3:08:56 PM com.jme3.bullet.objects.PhysicsRigidBody rebuildRigidBody
INFORMATION: Created 28ef39aac70.
Sept. 13, 2026 3:08:56 PM com.jme3.bullet.objects.PhysicsRigidBody rebuildRigidBody
INFORMATION: Created 28ef39ab930.
Sept. 13, 2026 3:08:56 PM com.jme3.bullet.objects.PhysicsRigidBody rebuildRigidBody
INFORMATION: Created 28ef39adc40.
Sept. 13, 2026 3:08:56 PM com.jme3.bullet.objects.PhysicsRigidBody rebuildRigidBody
INFORMATION: Created 28ef39abf90.
Sept. 13, 2026 3:08:56 PM com.jme3.bullet.objects.PhysicsRigidBody rebuildRigidBody
INFORMATION: Created 28ef39ac2c0.
Sept. 13, 2026 3:08:56 PM com.jme3.bullet.objects.PhysicsRigidBody rebuildRigidBody
INFORMATION: Created 28ef39ac5f0.
Sept. 13, 2026 3:08:56 PM com.jme3.bullet.objects.PhysicsRigidBody rebuildRigidBody
INFORMATION: Created 28ef39ab600.
Sept. 13, 2026 3:08:56 PM com.jme3.bullet.objects.PhysicsRigidBody rebuildRigidBody
INFORMATION: Created 28ef39adf70.
Sept. 13, 2026 3:08:56 PM com.jme3.bullet.objects.PhysicsRigidBody rebuildRigidBody
INFORMATION: Created 28ef39acc50.
Sept. 13, 2026 3:08:56 PM com.jme3.bullet.objects.PhysicsRigidBody rebuildRigidBody
INFORMATION: Created 28ef39aafa0.
Sept. 13, 2026 3:08:56 PM com.jme3.bullet.objects.PhysicsRigidBody rebuildRigidBody
INFORMATION: Created 28ef39ae2a0.
Sept. 13, 2026 3:08:56 PM com.jme3.bullet.objects.PhysicsRigidBody rebuildRigidBody
INFORMATION: Created 28ef39aa610.
Sept. 13, 2026 3:08:56 PM com.jme3.bullet.objects.PhysicsRigidBody rebuildRigidBody
INFORMATION: Created 28ef39afc20.
Sept. 13, 2026 3:08:56 PM com.jme3.bullet.objects.PhysicsRigidBody rebuildRigidBody
INFORMATION: Created 28ef39aec30.
Sept. 13, 2026 3:08:56 PM com.jme3.bullet.objects.PhysicsRigidBody rebuildRigidBody
INFORMATION: Created 28ef39b2260.
Sept. 13, 2026 3:08:56 PM com.jme3.bullet.objects.PhysicsRigidBody rebuildRigidBody
INFORMATION: Created 28ef39ae900.
Sept. 13, 2026 3:08:56 PM com.jme3.bullet.objects.PhysicsRigidBody rebuildRigidBody
INFORMATION: Created 28ef39b18d0.
Sept. 13, 2026 3:08:56 PM com.jme3.bullet.objects.PhysicsRigidBody rebuildRigidBody
INFORMATION: Created 28ef39aff50.
Sept. 13, 2026 3:08:56 PM com.jme3.bullet.objects.PhysicsRigidBody rebuildRigidBody
INFORMATION: Created 28ef39b1c00.
Sept. 13, 2026 3:08:56 PM com.jme3.bullet.objects.PhysicsRigidBody rebuildRigidBody
INFORMATION: Created 28ef39af8f0.
Sept. 13, 2026 3:08:56 PM com.jme3.bullet.objects.PhysicsRigidBody rebuildRigidBody
INFORMATION: Created 28ef39b0280.
Sept. 13, 2026 3:08:56 PM com.jme3.bullet.objects.PhysicsRigidBody rebuildRigidBody
INFORMATION: Created 28ef39ae5d0.
Sept. 13, 2026 3:08:56 PM com.jme3.bullet.objects.PhysicsRigidBody rebuildRigidBody
INFORMATION: Created 28efd12c530.
[GAME] Krypta der Eide
Sept. 13, 2026 3:08:56 PM com.jme3.anim.SkinningControl controlRender
INFORMATION: Hardware skinning engaged for Scene (Node)
Sept. 13, 2026 3:08:56 PM com.jme3.anim.SkinningControl controlRender
INFORMATION: Hardware skinning engaged for Scene (Node)
Sept. 13, 2026 3:08:56 PM com.jme3.anim.SkinningControl controlRender
INFORMATION: Hardware skinning engaged for Scene (Node)
Sept. 13, 2026 3:08:56 PM com.jme3.anim.SkinningControl controlRender
INFORMATION: Hardware skinning engaged for Scene (Node)
Sept. 13, 2026 3:08:56 PM com.jme3.anim.SkinningControl controlRender
INFORMATION: Hardware skinning engaged for Scene (Node)
Sept. 13, 2026 3:08:56 PM com.jme3.anim.SkinningControl controlRender
INFORMATION: Hardware skinning engaged for Scene (Node)
Sept. 13, 2026 3:08:56 PM com.jme3.anim.SkinningControl controlRender
INFORMATION: Hardware skinning engaged for Scene (Node)
[SMOKE] stage 16
[CHECK] Crypt portal transition
[GAME] Goblin besiegt  +35 EP  +8 Gold
[GAME] Goblin besiegt  +35 EP  +8 Gold
[GAME] Goblin besiegt  +35 EP  +8 Gold
[GAME] Goblin besiegt  +35 EP  +8 Gold
[GAME] Goblin besiegt  +35 EP  +8 Gold
[GAME] Ork-Brecher besiegt  +70 EP  +13 Gold
[GAME] STUFE 3  -  Fähigkeitspunkt erhalten [K]
[GAME] Aschenrufer besiegt  +65 EP  +23 Gold
[GAME] Eiserner Wächter besiegt  +115 EP  +18 Gold
[GAME] Der Eid verstummt. Beginne mit der Sonne.
[CHECK] Wrong rune resets the puzzle
[GAME] Rune der Sonne antwortet. 1 / 3
[GAME] Rune des Mondes antwortet. 2 / 3
[GAME] Rune des Sterns antwortet. 3 / 3
[GAME] Der Altar im Norden ist erwacht.
[GAME] Auftrag erfüllt: Die Stimmen der Toten  +130 EP
[GAME] Stufe 4 erreicht! K: Fähigkeiten verbessern.
[GAME] Siegel der Toten erhalten!
[CHECK] Crypt seal reward
Sept. 13, 2026 3:08:58 PM com.jme3.bullet.objects.PhysicsRigidBody rebuildRigidBody
INFORMATION: Created 28efd12c860.
Sept. 13, 2026 3:08:58 PM com.jme3.bullet.objects.PhysicsRigidBody rebuildRigidBody
INFORMATION: Created 28efd12bed0.
Sept. 13, 2026 3:08:58 PM com.jme3.bullet.objects.PhysicsRigidBody rebuildRigidBody
INFORMATION: Created 28efd12c200.
Sept. 13, 2026 3:08:58 PM com.jme3.bullet.objects.PhysicsRigidBody rebuildRigidBody
INFORMATION: Created 28efdcc0050.
Sept. 13, 2026 3:08:58 PM com.jme3.bullet.objects.PhysicsRigidBody rebuildRigidBody
INFORMATION: Created 28efdcbf390.
Sept. 13, 2026 3:08:58 PM com.jme3.bullet.objects.PhysicsRigidBody rebuildRigidBody
INFORMATION: Created 28efdcbed30.
Sept. 13, 2026 3:08:58 PM com.jme3.bullet.objects.PhysicsRigidBody rebuildRigidBody
INFORMATION: Created 28efdcbf060.
Sept. 13, 2026 3:08:58 PM com.jme3.bullet.objects.PhysicsRigidBody rebuildRigidBody
INFORMATION: Created 28efdcbf6c0.
Sept. 13, 2026 3:08:58 PM com.jme3.bullet.objects.PhysicsRigidBody rebuildRigidBody
INFORMATION: Created 28efdcbf9f0.
Sept. 13, 2026 3:08:58 PM com.jme3.bullet.objects.PhysicsRigidBody rebuildRigidBody
INFORMATION: Created 28efdcc06b0.
Sept. 13, 2026 3:08:58 PM com.jme3.bullet.objects.PhysicsRigidBody rebuildRigidBody
INFORMATION: Created 28efdcbfd20.
Sept. 13, 2026 3:08:58 PM com.jme3.bullet.objects.PhysicsRigidBody rebuildRigidBody
INFORMATION: Created 28efdcc0380.
Sept. 13, 2026 3:08:58 PM com.jme3.bullet.objects.PhysicsRigidBody rebuildRigidBody
INFORMATION: Created 28efad9e670.
Sept. 13, 2026 3:08:58 PM com.jme3.bullet.objects.PhysicsRigidBody rebuildRigidBody
INFORMATION: Created 28efad9d350.
Sept. 13, 2026 3:08:58 PM com.jme3.bullet.objects.PhysicsRigidBody rebuildRigidBody
INFORMATION: Created 28efad9e9a0.
Sept. 13, 2026 3:08:58 PM com.jme3.bullet.objects.PhysicsRigidBody rebuildRigidBody
INFORMATION: Created 28efad9d9b0.
Sept. 13, 2026 3:08:58 PM com.jme3.bullet.objects.PhysicsRigidBody rebuildRigidBody
INFORMATION: Created 28efad9d680.
Sept. 13, 2026 3:08:58 PM com.jme3.bullet.objects.PhysicsRigidBody rebuildRigidBody
INFORMATION: Created 28efad9d020.
Sept. 13, 2026 3:08:58 PM com.jme3.bullet.objects.PhysicsRigidBody rebuildRigidBody
INFORMATION: Created 28efad9dce0.
Sept. 13, 2026 3:08:58 PM com.jme3.bullet.objects.PhysicsRigidBody rebuildRigidBody
INFORMATION: Created 28efad9e010.
Sept. 13, 2026 3:08:58 PM com.jme3.bullet.objects.PhysicsRigidBody rebuildRigidBody
INFORMATION: Created 28efad9e340.
Sept. 13, 2026 3:08:58 PM com.jme3.bullet.objects.PhysicsRigidBody rebuildRigidBody
INFORMATION: Created 28eff9e5370.
Sept. 13, 2026 3:08:58 PM com.jme3.bullet.objects.PhysicsRigidBody rebuildRigidBody
INFORMATION: Created 28eff9e4050.
Sept. 13, 2026 3:08:58 PM com.jme3.bullet.objects.PhysicsRigidBody rebuildRigidBody
INFORMATION: Created 28eff9e56a0.
Sept. 13, 2026 3:08:58 PM com.jme3.bullet.objects.PhysicsRigidBody rebuildRigidBody
INFORMATION: Created 28eff9e4d10.
Sept. 13, 2026 3:08:58 PM com.jme3.bullet.objects.PhysicsRigidBody rebuildRigidBody
INFORMATION: Created 28eff9e49e0.
Sept. 13, 2026 3:08:58 PM com.jme3.bullet.objects.PhysicsRigidBody rebuildRigidBody
INFORMATION: Created 28eff9e5040.
Sept. 13, 2026 3:08:58 PM com.jme3.bullet.objects.PhysicsRigidBody rebuildRigidBody
INFORMATION: Created 28eff9e59d0.
Sept. 13, 2026 3:08:58 PM com.jme3.bullet.objects.PhysicsRigidBody rebuildRigidBody
INFORMATION: Created 28eff9e46b0.
Sept. 13, 2026 3:08:58 PM com.jme3.bullet.objects.PhysicsRigidBody rebuildRigidBody
INFORMATION: Created 28eff9e4380.
Sept. 13, 2026 3:08:58 PM com.jme3.bullet.objects.PhysicsRigidBody rebuildRigidBody
INFORMATION: Created 28efb500570.
Sept. 13, 2026 3:08:58 PM com.jme3.bullet.objects.PhysicsRigidBody rebuildRigidBody
INFORMATION: Created 28efb501560.
Sept. 13, 2026 3:08:58 PM com.jme3.bullet.objects.PhysicsRigidBody rebuildRigidBody
INFORMATION: Created 28efb5008a0.
Sept. 13, 2026 3:08:58 PM com.jme3.bullet.objects.PhysicsRigidBody rebuildRigidBody
INFORMATION: Created 28efb501230.
Sept. 13, 2026 3:08:58 PM com.jme3.bullet.objects.PhysicsRigidBody rebuildRigidBody
INFORMATION: Created 28efb501890.
Sept. 13, 2026 3:08:58 PM com.jme3.bullet.objects.PhysicsRigidBody rebuildRigidBody
INFORMATION: Created 28efb500bd0.
Sept. 13, 2026 3:08:58 PM com.jme3.bullet.objects.PhysicsRigidBody rebuildRigidBody
INFORMATION: Created 28efb500f00.
Sept. 13, 2026 3:08:58 PM com.jme3.bullet.objects.PhysicsRigidBody rebuildRigidBody
INFORMATION: Created 28efb4fff10.
Sept. 13, 2026 3:08:58 PM com.jme3.bullet.objects.PhysicsRigidBody rebuildRigidBody
INFORMATION: Created 28efb500240.
Sept. 13, 2026 3:08:58 PM com.jme3.bullet.objects.PhysicsRigidBody rebuildRigidBody
INFORMATION: Created 28eff9eb6c0.
Sept. 13, 2026 3:08:58 PM com.jme3.bullet.objects.PhysicsRigidBody rebuildRigidBody
INFORMATION: Created 28eff9eb9f0.
Sept. 13, 2026 3:08:58 PM com.jme3.bullet.objects.PhysicsRigidBody rebuildRigidBody
INFORMATION: Created 28eff9ea070.
Sept. 13, 2026 3:08:58 PM com.jme3.bullet.objects.PhysicsRigidBody rebuildRigidBody
INFORMATION: Created 28eff9ea3a0.
Sept. 13, 2026 3:08:58 PM com.jme3.bullet.objects.PhysicsRigidBody rebuildRigidBody
INFORMATION: Created 28eff9ea6d0.
Sept. 13, 2026 3:08:58 PM com.jme3.bullet.objects.PhysicsRigidBody rebuildRigidBody
INFORMATION: Created 28eff9eaa00.
Sept. 13, 2026 3:08:58 PM com.jme3.bullet.objects.PhysicsRigidBody rebuildRigidBody
INFORMATION: Created 28eff9ead30.
Sept. 13, 2026 3:08:58 PM com.jme3.bullet.objects.PhysicsRigidBody rebuildRigidBody
INFORMATION: Created 28eff9eb060.
Sept. 13, 2026 3:08:58 PM com.jme3.bullet.objects.PhysicsRigidBody rebuildRigidBody
INFORMATION: Created 28eff9eb390.
Sept. 13, 2026 3:08:58 PM com.jme3.bullet.objects.PhysicsRigidBody rebuildRigidBody
INFORMATION: Created 28effba4d30.
Sept. 13, 2026 3:08:58 PM com.jme3.bullet.objects.PhysicsRigidBody rebuildRigidBody
INFORMATION: Created 28effba5060.
Sept. 13, 2026 3:08:58 PM com.jme3.bullet.objects.PhysicsRigidBody rebuildRigidBody
INFORMATION: Created 28effba46d0.
Sept. 13, 2026 3:08:58 PM com.jme3.bullet.objects.PhysicsRigidBody rebuildRigidBody
INFORMATION: Created 28effba5390.
Sept. 13, 2026 3:08:58 PM com.jme3.bullet.objects.PhysicsRigidBody rebuildRigidBody
INFORMATION: Created 28effba56c0.
Sept. 13, 2026 3:08:58 PM com.jme3.bullet.objects.PhysicsRigidBody rebuildRigidBody
INFORMATION: Created 28effba59f0.
Sept. 13, 2026 3:08:58 PM com.jme3.bullet.objects.PhysicsRigidBody rebuildRigidBody
INFORMATION: Created 28effba4070.
Sept. 13, 2026 3:08:58 PM com.jme3.bullet.objects.PhysicsRigidBody rebuildRigidBody
INFORMATION: Created 28effba4a00.
Sept. 13, 2026 3:08:58 PM com.jme3.bullet.objects.PhysicsRigidBody rebuildRigidBody
INFORMATION: Created 28effba43a0.
Sept. 13, 2026 3:08:58 PM com.jme3.bullet.objects.PhysicsRigidBody rebuildRigidBody
INFORMATION: Created 28f16d902e0.
Sept. 13, 2026 3:08:58 PM com.jme3.bullet.objects.PhysicsRigidBody rebuildRigidBody
INFORMATION: Created 28f16d8ffb0.
Sept. 13, 2026 3:08:58 PM com.jme3.bullet.objects.PhysicsRigidBody rebuildRigidBody
INFORMATION: Created 28f16d90940.
Sept. 13, 2026 3:08:58 PM com.jme3.bullet.objects.PhysicsRigidBody rebuildRigidBody
INFORMATION: Created 28f16d8fc80.
Sept. 13, 2026 3:08:58 PM com.jme3.bullet.objects.PhysicsRigidBody rebuildRigidBody
INFORMATION: Created 28f16d90610.
Sept. 13, 2026 3:08:58 PM com.jme3.bullet.objects.PhysicsRigidBody rebuildRigidBody
INFORMATION: Created 28f16d90c70.
Sept. 13, 2026 3:08:58 PM com.jme3.bullet.objects.PhysicsRigidBody rebuildRigidBody
INFORMATION: Created 28f16d8f620.
Sept. 13, 2026 3:08:58 PM com.jme3.bullet.objects.PhysicsRigidBody rebuildRigidBody
INFORMATION: Created 28f16d8f950.
Sept. 13, 2026 3:08:58 PM com.jme3.bullet.objects.PhysicsRigidBody rebuildRigidBody
INFORMATION: Created 28f16d90fa0.
Sept. 13, 2026 3:08:58 PM com.jme3.bullet.objects.PhysicsRigidBody rebuildRigidBody
INFORMATION: Created 28efb4fd870.
Sept. 13, 2026 3:08:58 PM com.jme3.bullet.objects.PhysicsRigidBody rebuildRigidBody
INFORMATION: Created 28efb4fc550.
Sept. 13, 2026 3:08:58 PM com.jme3.bullet.objects.PhysicsRigidBody rebuildRigidBody
INFORMATION: Created 28efb4fc880.
Sept. 13, 2026 3:08:58 PM com.jme3.bullet.objects.PhysicsRigidBody rebuildRigidBody
INFORMATION: Created 28efb4fbef0.
Sept. 13, 2026 3:08:58 PM com.jme3.bullet.objects.PhysicsRigidBody rebuildRigidBody
INFORMATION: Created 28efb4fcee0.
Sept. 13, 2026 3:08:58 PM com.jme3.bullet.objects.PhysicsRigidBody rebuildRigidBody
INFORMATION: Created 28efb4fc220.
Sept. 13, 2026 3:08:58 PM com.jme3.bullet.objects.PhysicsRigidBody rebuildRigidBody
INFORMATION: Created 28efb4fcbb0.
Sept. 13, 2026 3:08:58 PM com.jme3.bullet.objects.PhysicsRigidBody rebuildRigidBody
INFORMATION: Created 28efb4fd540.
Sept. 13, 2026 3:08:58 PM com.jme3.bullet.objects.PhysicsRigidBody rebuildRigidBody
INFORMATION: Created 28efb4fd210.
Sept. 13, 2026 3:08:58 PM com.jme3.bullet.objects.PhysicsRigidBody rebuildRigidBody
INFORMATION: Created 28efb4ba200.
Sept. 13, 2026 3:08:58 PM com.jme3.bullet.objects.PhysicsRigidBody rebuildRigidBody
INFORMATION: Created 28efb4ba860.
Sept. 13, 2026 3:08:58 PM com.jme3.bullet.objects.PhysicsRigidBody rebuildRigidBody
INFORMATION: Created 28efb4b9ed0.
Sept. 13, 2026 3:08:58 PM com.jme3.bullet.objects.PhysicsRigidBody rebuildRigidBody
INFORMATION: Created 28efb4bab90.
Sept. 13, 2026 3:08:58 PM com.jme3.bullet.objects.PhysicsRigidBody rebuildRigidBody
INFORMATION: Created 28efb4b9210.
Sept. 13, 2026 3:08:58 PM com.jme3.bullet.objects.PhysicsRigidBody rebuildRigidBody
INFORMATION: Created 28efb4b9540.
Sept. 13, 2026 3:08:58 PM com.jme3.bullet.objects.PhysicsRigidBody rebuildRigidBody
INFORMATION: Created 28efb4b9870.
Sept. 13, 2026 3:08:58 PM com.jme3.bullet.objects.PhysicsRigidBody rebuildRigidBody
INFORMATION: Created 28efb4ba530.
Sept. 13, 2026 3:08:58 PM com.jme3.bullet.objects.PhysicsRigidBody rebuildRigidBody
INFORMATION: Created 28efb4b9ba0.
Sept. 13, 2026 3:08:58 PM com.jme3.bullet.objects.PhysicsRigidBody rebuildRigidBody
INFORMATION: Created 28ef3fbee70.
Sept. 13, 2026 3:08:58 PM com.jme3.bullet.objects.PhysicsRigidBody rebuildRigidBody
INFORMATION: Created 28ef3fc04c0.
Sept. 13, 2026 3:08:58 PM com.jme3.bullet.objects.PhysicsRigidBody rebuildRigidBody
INFORMATION: Created 28ef3fbe4e0.
Sept. 13, 2026 3:08:58 PM com.jme3.bullet.objects.PhysicsRigidBody rebuildRigidBody
INFORMATION: Created 28ef3fc0190.
Sept. 13, 2026 3:08:58 PM com.jme3.bullet.objects.PhysicsRigidBody rebuildRigidBody
INFORMATION: Created 28ef3fc07f0.
Sept. 13, 2026 3:08:58 PM com.jme3.bullet.objects.PhysicsRigidBody rebuildRigidBody
INFORMATION: Created 28ef3fbe810.
Sept. 13, 2026 3:08:58 PM com.jme3.bullet.objects.PhysicsRigidBody rebuildRigidBody
INFORMATION: Created 28ef3fbf1a0.
Sept. 13, 2026 3:08:58 PM com.jme3.bullet.objects.PhysicsRigidBody rebuildRigidBody
INFORMATION: Created 28ef3fbde80.
Sept. 13, 2026 3:08:58 PM com.jme3.bullet.objects.PhysicsRigidBody rebuildRigidBody
INFORMATION: Created 28ef3fc0b20.
Sept. 13, 2026 3:08:58 PM com.jme3.bullet.objects.PhysicsRigidBody rebuildRigidBody
INFORMATION: Created 28ef3fbdb50.
Sept. 13, 2026 3:08:58 PM com.jme3.bullet.objects.PhysicsRigidBody rebuildRigidBody
INFORMATION: Created 28ef3fbeb40.
Sept. 13, 2026 3:08:58 PM com.jme3.bullet.objects.PhysicsRigidBody rebuildRigidBody
INFORMATION: Created 28ef3fbf4d0.
Sept. 13, 2026 3:08:58 PM com.jme3.bullet.objects.PhysicsRigidBody rebuildRigidBody
INFORMATION: Created 28ef3fbf800.
Sept. 13, 2026 3:08:58 PM com.jme3.bullet.objects.PhysicsRigidBody rebuildRigidBody
INFORMATION: Created 28ef3fbd4f0.
Sept. 13, 2026 3:08:58 PM com.jme3.bullet.objects.PhysicsRigidBody rebuildRigidBody
INFORMATION: Created 28ef3fbe1b0.
Sept. 13, 2026 3:08:58 PM com.jme3.bullet.objects.PhysicsRigidBody rebuildRigidBody
INFORMATION: Created 28ef3fbfb30.
Sept. 13, 2026 3:08:58 PM com.jme3.bullet.objects.PhysicsRigidBody rebuildRigidBody
INFORMATION: Created 28ef3fbfe60.
Sept. 13, 2026 3:08:58 PM com.jme3.bullet.objects.PhysicsRigidBody rebuildRigidBody
INFORMATION: Created 28ef3fc0e50.
Sept. 13, 2026 3:08:58 PM com.jme3.bullet.objects.PhysicsRigidBody rebuildRigidBody
INFORMATION: Created 28ef3fbd820.
Sept. 13, 2026 3:08:58 PM com.jme3.bullet.objects.PhysicsRigidBody rebuildRigidBody
INFORMATION: Created 28efb0eb3a0.
Sept. 13, 2026 3:08:58 PM com.jme3.bullet.objects.PhysicsRigidBody rebuildRigidBody
INFORMATION: Created 28efb0ebd30.
Sept. 13, 2026 3:08:58 PM com.jme3.bullet.objects.PhysicsRigidBody rebuildRigidBody
INFORMATION: Created 28efb0ec6c0.
Sept. 13, 2026 3:08:58 PM com.jme3.bullet.objects.PhysicsRigidBody rebuildRigidBody
INFORMATION: Created 28efb0ec060.
Sept. 13, 2026 3:08:58 PM com.jme3.bullet.objects.PhysicsRigidBody rebuildRigidBody
INFORMATION: Created 28efb0ee040.
Sept. 13, 2026 3:08:58 PM com.jme3.bullet.objects.PhysicsRigidBody rebuildRigidBody
INFORMATION: Created 28efb0ee6a0.
Sept. 13, 2026 3:08:58 PM com.jme3.bullet.objects.PhysicsRigidBody rebuildRigidBody
INFORMATION: Created 28efb0ee9d0.
Sept. 13, 2026 3:08:58 PM com.jme3.bullet.objects.PhysicsRigidBody rebuildRigidBody
INFORMATION: Created 28efb0ed380.
Sept. 13, 2026 3:08:58 PM com.jme3.bullet.objects.PhysicsRigidBody rebuildRigidBody
INFORMATION: Created 28efb0eb6d0.
Sept. 13, 2026 3:08:58 PM com.jme3.bullet.objects.PhysicsRigidBody rebuildRigidBody
INFORMATION: Created 28efb0eb070.
Sept. 13, 2026 3:08:58 PM com.jme3.bullet.objects.PhysicsRigidBody rebuildRigidBody
INFORMATION: Created 28efb0ec9f0.
Sept. 13, 2026 3:08:58 PM com.jme3.bullet.objects.PhysicsRigidBody rebuildRigidBody
INFORMATION: Created 28efb0ed9e0.
Sept. 13, 2026 3:08:58 PM com.jme3.bullet.objects.PhysicsRigidBody rebuildRigidBody
INFORMATION: Created 28efb0eba00.
Sept. 13, 2026 3:08:58 PM com.jme3.bullet.objects.PhysicsRigidBody rebuildRigidBody
INFORMATION: Created 28efb0ed6b0.
Sept. 13, 2026 3:08:58 PM com.jme3.bullet.objects.PhysicsRigidBody rebuildRigidBody
INFORMATION: Created 28efb0ed050.
Sept. 13, 2026 3:08:58 PM com.jme3.bullet.objects.PhysicsRigidBody rebuildRigidBody
INFORMATION: Created 28efb0ec390.
Sept. 13, 2026 3:08:58 PM com.jme3.bullet.objects.PhysicsRigidBody rebuildRigidBody
INFORMATION: Created 28efb0ecd20.
Sept. 13, 2026 3:08:58 PM com.jme3.bullet.objects.PhysicsRigidBody rebuildRigidBody
INFORMATION: Created 28efb0edd10.
Sept. 13, 2026 3:08:58 PM com.jme3.bullet.objects.PhysicsRigidBody rebuildRigidBody
INFORMATION: Created 28efb0ee370.
Sept. 13, 2026 3:08:58 PM com.jme3.bullet.objects.PhysicsRigidBody rebuildRigidBody
INFORMATION: Created 28efad72390.
Sept. 13, 2026 3:08:58 PM com.jme3.bullet.objects.PhysicsRigidBody rebuildRigidBody
INFORMATION: Created 28efad726c0.
Sept. 13, 2026 3:08:58 PM com.jme3.bullet.objects.PhysicsRigidBody rebuildRigidBody
INFORMATION: Created 28efad736b0.
Sept. 13, 2026 3:08:58 PM com.jme3.bullet.objects.PhysicsRigidBody rebuildRigidBody
INFORMATION: Created 28efad72060.
Sept. 13, 2026 3:08:58 PM com.jme3.bullet.objects.PhysicsRigidBody rebuildRigidBody
INFORMATION: Created 28efad706e0.
Sept. 13, 2026 3:08:58 PM com.jme3.bullet.objects.PhysicsRigidBody rebuildRigidBody
INFORMATION: Created 28efad71070.
Sept. 13, 2026 3:08:58 PM com.jme3.bullet.objects.PhysicsRigidBody rebuildRigidBody
INFORMATION: Created 28efad73050.
Sept. 13, 2026 3:08:58 PM com.jme3.bullet.objects.PhysicsRigidBody rebuildRigidBody
INFORMATION: Created 28efad70a10.
Sept. 13, 2026 3:08:58 PM com.jme3.bullet.objects.PhysicsRigidBody rebuildRigidBody
INFORMATION: Created 28efad729f0.
Sept. 13, 2026 3:08:58 PM com.jme3.bullet.objects.PhysicsRigidBody rebuildRigidBody
INFORMATION: Created 28efad72d20.
Sept. 13, 2026 3:08:58 PM com.jme3.bullet.objects.PhysicsRigidBody rebuildRigidBody
INFORMATION: Created 28efad73380.
Sept. 13, 2026 3:08:58 PM com.jme3.bullet.objects.PhysicsRigidBody rebuildRigidBody
INFORMATION: Created 28efad739e0.
Sept. 13, 2026 3:08:58 PM com.jme3.bullet.objects.PhysicsRigidBody rebuildRigidBody
INFORMATION: Created 28efad70080.
Sept. 13, 2026 3:08:58 PM com.jme3.bullet.objects.PhysicsRigidBody rebuildRigidBody
INFORMATION: Created 28efad703b0.
Sept. 13, 2026 3:08:58 PM com.jme3.bullet.objects.PhysicsRigidBody rebuildRigidBody
INFORMATION: Created 28efad713a0.
Sept. 13, 2026 3:08:58 PM com.jme3.bullet.objects.PhysicsRigidBody rebuildRigidBody
INFORMATION: Created 28efad71d30.
Sept. 13, 2026 3:08:58 PM com.jme3.bullet.objects.PhysicsRigidBody rebuildRigidBody
INFORMATION: Created 28efad70d40.
Sept. 13, 2026 3:08:58 PM com.jme3.bullet.objects.PhysicsRigidBody rebuildRigidBody
INFORMATION: Created 28efad716d0.
Sept. 13, 2026 3:08:58 PM com.jme3.bullet.objects.PhysicsRigidBody rebuildRigidBody
INFORMATION: Created 28efad71a00.
Sept. 13, 2026 3:08:58 PM com.jme3.bullet.objects.PhysicsRigidBody rebuildRigidBody
INFORMATION: Created 28f00019270.
Sept. 13, 2026 3:08:58 PM com.jme3.bullet.objects.PhysicsRigidBody rebuildRigidBody
INFORMATION: Created 28f0001abf0.
Sept. 13, 2026 3:08:58 PM com.jme3.bullet.objects.PhysicsRigidBody rebuildRigidBody
INFORMATION: Created 28f00017c20.
Sept. 13, 2026 3:08:58 PM com.jme3.bullet.objects.PhysicsRigidBody rebuildRigidBody
INFORMATION: Created 28f000185b0.
Sept. 13, 2026 3:08:58 PM com.jme3.bullet.objects.PhysicsRigidBody rebuildRigidBody
INFORMATION: Created 28f00018f40.
Sept. 13, 2026 3:08:58 PM com.jme3.bullet.objects.PhysicsRigidBody rebuildRigidBody
INFORMATION: Created 28f000188e0.
Sept. 13, 2026 3:08:58 PM com.jme3.bullet.objects.PhysicsRigidBody rebuildRigidBody
INFORMATION: Created 28f00017f50.
Sept. 13, 2026 3:08:58 PM com.jme3.bullet.objects.PhysicsRigidBody rebuildRigidBody
INFORMATION: Created 28f0001a8c0.
Sept. 13, 2026 3:08:58 PM com.jme3.bullet.objects.PhysicsRigidBody rebuildRigidBody
INFORMATION: Created 28f00018280.
Sept. 13, 2026 3:08:58 PM com.jme3.bullet.objects.PhysicsRigidBody rebuildRigidBody
INFORMATION: Created 28f000198d0.
Sept. 13, 2026 3:08:58 PM com.jme3.bullet.objects.PhysicsRigidBody rebuildRigidBody
INFORMATION: Created 28f00019c00.
[GAME] Die letzte Zuflucht
Sept. 13, 2026 3:08:58 PM com.jme3.anim.SkinningControl controlRender
INFORMATION: Hardware skinning engaged for Scene (Node)
Sept. 13, 2026 3:08:58 PM com.jme3.anim.SkinningControl controlRender
INFORMATION: Hardware skinning engaged for Scene (Node)
Sept. 13, 2026 3:08:58 PM com.jme3.anim.SkinningControl controlRender
INFORMATION: Hardware skinning engaged for Scene (Node)
Sept. 13, 2026 3:08:58 PM com.jme3.anim.SkinningControl controlRender
INFORMATION: Hardware skinning engaged for Scene (Node)
[SMOKE] stage 17
[CHECK] Return from crypt
Sept. 13, 2026 3:09:01 PM com.jme3.bullet.objects.PhysicsRigidBody rebuildRigidBody
INFORMATION: Created 28efb275a70.
Sept. 13, 2026 3:09:01 PM com.jme3.bullet.objects.PhysicsRigidBody rebuildRigidBody
INFORMATION: Created 28f002a0f00.
Sept. 13, 2026 3:09:01 PM com.jme3.bullet.objects.PhysicsRigidBody rebuildRigidBody
INFORMATION: Created 28f002a1560.
Sept. 13, 2026 3:09:01 PM com.jme3.bullet.objects.PhysicsRigidBody rebuildRigidBody
INFORMATION: Created 28f002a1890.
Sept. 13, 2026 3:09:01 PM com.jme3.bullet.objects.PhysicsRigidBody rebuildRigidBody
INFORMATION: Created 28efdb7fac0.
Sept. 13, 2026 3:09:01 PM com.jme3.bullet.objects.PhysicsRigidBody rebuildRigidBody
INFORMATION: Created 28efdb7fdf0.
Sept. 13, 2026 3:09:01 PM com.jme3.bullet.objects.PhysicsRigidBody rebuildRigidBody
INFORMATION: Created 28efdb80450.
Sept. 13, 2026 3:09:01 PM com.jme3.bullet.objects.PhysicsRigidBody rebuildRigidBody
INFORMATION: Created 28efdb80120.
Sept. 13, 2026 3:09:01 PM com.jme3.bullet.objects.PhysicsRigidBody rebuildRigidBody
INFORMATION: Created 28efdb80ab0.
Sept. 13, 2026 3:09:01 PM com.jme3.bullet.objects.PhysicsRigidBody rebuildRigidBody
INFORMATION: Created 28efdb80de0.
Sept. 13, 2026 3:09:01 PM com.jme3.bullet.objects.PhysicsRigidBody rebuildRigidBody
INFORMATION: Created 28efdb7f790.
Sept. 13, 2026 3:09:01 PM com.jme3.bullet.objects.PhysicsRigidBody rebuildRigidBody
INFORMATION: Created 28efdb80780.
Sept. 13, 2026 3:09:01 PM com.jme3.bullet.objects.PhysicsRigidBody rebuildRigidBody
INFORMATION: Created 28efdb7f460.
Sept. 13, 2026 3:09:01 PM com.jme3.bullet.objects.PhysicsRigidBody rebuildRigidBody
INFORMATION: Created 28ef4373ee0.
Sept. 13, 2026 3:09:01 PM com.jme3.bullet.objects.PhysicsRigidBody rebuildRigidBody
INFORMATION: Created 28ef4374210.
Sept. 13, 2026 3:09:01 PM com.jme3.bullet.objects.PhysicsRigidBody rebuildRigidBody
INFORMATION: Created 28ef4373550.
Sept. 13, 2026 3:09:01 PM com.jme3.bullet.objects.PhysicsRigidBody rebuildRigidBody
INFORMATION: Created 28ef4373880.
Sept. 13, 2026 3:09:01 PM com.jme3.bullet.objects.PhysicsRigidBody rebuildRigidBody
INFORMATION: Created 28ef4373bb0.
Sept. 13, 2026 3:09:01 PM com.jme3.bullet.objects.PhysicsRigidBody rebuildRigidBody
INFORMATION: Created 28ef4374540.
Sept. 13, 2026 3:09:01 PM com.jme3.bullet.objects.PhysicsRigidBody rebuildRigidBody
INFORMATION: Created 28ef4372bc0.
Sept. 13, 2026 3:09:01 PM com.jme3.bullet.objects.PhysicsRigidBody rebuildRigidBody
INFORMATION: Created 28ef4372ef0.
Sept. 13, 2026 3:09:01 PM com.jme3.bullet.objects.PhysicsRigidBody rebuildRigidBody
INFORMATION: Created 28ef4373220.
Sept. 13, 2026 3:09:01 PM com.jme3.bullet.objects.PhysicsRigidBody rebuildRigidBody
INFORMATION: Created 28efd886b80.
Sept. 13, 2026 3:09:01 PM com.jme3.bullet.objects.PhysicsRigidBody rebuildRigidBody
INFORMATION: Created 28efd886eb0.
Sept. 13, 2026 3:09:01 PM com.jme3.bullet.objects.PhysicsRigidBody rebuildRigidBody
INFORMATION: Created 28efd885ec0.
Sept. 13, 2026 3:09:01 PM com.jme3.bullet.objects.PhysicsRigidBody rebuildRigidBody
INFORMATION: Created 28efd8861f0.
Sept. 13, 2026 3:09:01 PM com.jme3.bullet.objects.PhysicsRigidBody rebuildRigidBody
INFORMATION: Created 28efd885860.
Sept. 13, 2026 3:09:01 PM com.jme3.bullet.objects.PhysicsRigidBody rebuildRigidBody
INFORMATION: Created 28efd885b90.
Sept. 13, 2026 3:09:01 PM com.jme3.bullet.objects.PhysicsRigidBody rebuildRigidBody
INFORMATION: Created 28efd886520.
Sept. 13, 2026 3:09:01 PM com.jme3.bullet.objects.PhysicsRigidBody rebuildRigidBody
INFORMATION: Created 28efd8871e0.
Sept. 13, 2026 3:09:01 PM com.jme3.bullet.objects.PhysicsRigidBody rebuildRigidBody
INFORMATION: Created 28efd886850.
Sept. 13, 2026 3:09:01 PM com.jme3.bullet.objects.PhysicsRigidBody rebuildRigidBody
INFORMATION: Created 28efba98750.
Sept. 13, 2026 3:09:01 PM com.jme3.bullet.objects.PhysicsRigidBody rebuildRigidBody
INFORMATION: Created 28efba98a80.
Sept. 13, 2026 3:09:01 PM com.jme3.bullet.objects.PhysicsRigidBody rebuildRigidBody
INFORMATION: Created 28efba980f0.
Sept. 13, 2026 3:09:01 PM com.jme3.bullet.objects.PhysicsRigidBody rebuildRigidBody
INFORMATION: Created 28efba98db0.
Sept. 13, 2026 3:09:01 PM com.jme3.bullet.objects.PhysicsRigidBody rebuildRigidBody
INFORMATION: Created 28efba99740.
Sept. 13, 2026 3:09:01 PM com.jme3.bullet.objects.PhysicsRigidBody rebuildRigidBody
INFORMATION: Created 28efba990e0.
Sept. 13, 2026 3:09:01 PM com.jme3.bullet.objects.PhysicsRigidBody rebuildRigidBody
INFORMATION: Created 28efba99410.
Sept. 13, 2026 3:09:01 PM com.jme3.bullet.objects.PhysicsRigidBody rebuildRigidBody
INFORMATION: Created 28efba97dc0.
Sept. 13, 2026 3:09:01 PM com.jme3.bullet.objects.PhysicsRigidBody rebuildRigidBody
INFORMATION: Created 28efba98420.
Sept. 13, 2026 3:09:01 PM com.jme3.bullet.objects.PhysicsRigidBody rebuildRigidBody
INFORMATION: Created 28efd8bd5e0.
Sept. 13, 2026 3:09:01 PM com.jme3.bullet.objects.PhysicsRigidBody rebuildRigidBody
INFORMATION: Created 28efd8bc5f0.
Sept. 13, 2026 3:09:01 PM com.jme3.bullet.objects.PhysicsRigidBody rebuildRigidBody
INFORMATION: Created 28efd8bd2b0.
Sept. 13, 2026 3:09:01 PM com.jme3.bullet.objects.PhysicsRigidBody rebuildRigidBody
INFORMATION: Created 28efd8bc2c0.
Sept. 13, 2026 3:09:01 PM com.jme3.bullet.objects.PhysicsRigidBody rebuildRigidBody
INFORMATION: Created 28efd8bcf80.
Sept. 13, 2026 3:09:01 PM com.jme3.bullet.objects.PhysicsRigidBody rebuildRigidBody
INFORMATION: Created 28efd8bc920.
Sept. 13, 2026 3:09:01 PM com.jme3.bullet.objects.PhysicsRigidBody rebuildRigidBody
INFORMATION: Created 28efd8bbf90.
Sept. 13, 2026 3:09:01 PM com.jme3.bullet.objects.PhysicsRigidBody rebuildRigidBody
INFORMATION: Created 28efd8bcc50.
Sept. 13, 2026 3:09:01 PM com.jme3.bullet.objects.PhysicsRigidBody rebuildRigidBody
INFORMATION: Created 28efd8bd910.
Sept. 13, 2026 3:09:01 PM com.jme3.bullet.objects.PhysicsRigidBody rebuildRigidBody
INFORMATION: Created 28f20485060.
Sept. 13, 2026 3:09:01 PM com.jme3.bullet.objects.PhysicsRigidBody rebuildRigidBody
INFORMATION: Created 28f20485390.
Sept. 13, 2026 3:09:01 PM com.jme3.bullet.objects.PhysicsRigidBody rebuildRigidBody
INFORMATION: Created 28f204856c0.
Sept. 13, 2026 3:09:01 PM com.jme3.bullet.objects.PhysicsRigidBody rebuildRigidBody
INFORMATION: Created 28f204859f0.
Sept. 13, 2026 3:09:01 PM com.jme3.bullet.objects.PhysicsRigidBody rebuildRigidBody
INFORMATION: Created 28f20484070.
Sept. 13, 2026 3:09:01 PM com.jme3.bullet.objects.PhysicsRigidBody rebuildRigidBody
INFORMATION: Created 28f20484a00.
Sept. 13, 2026 3:09:01 PM com.jme3.bullet.objects.PhysicsRigidBody rebuildRigidBody
INFORMATION: Created 28f204843a0.
Sept. 13, 2026 3:09:01 PM com.jme3.bullet.objects.PhysicsRigidBody rebuildRigidBody
INFORMATION: Created 28f204846d0.
Sept. 13, 2026 3:09:01 PM com.jme3.bullet.objects.PhysicsRigidBody rebuildRigidBody
INFORMATION: Created 28f20484d30.
Sept. 13, 2026 3:09:01 PM com.jme3.bullet.objects.PhysicsRigidBody rebuildRigidBody
INFORMATION: Created 28efd808700.
Sept. 13, 2026 3:09:01 PM com.jme3.bullet.objects.PhysicsRigidBody rebuildRigidBody
INFORMATION: Created 28efd809090.
Sept. 13, 2026 3:09:01 PM com.jme3.bullet.objects.PhysicsRigidBody rebuildRigidBody
INFORMATION: Created 28efd807710.
Sept. 13, 2026 3:09:01 PM com.jme3.bullet.objects.PhysicsRigidBody rebuildRigidBody
INFORMATION: Created 28efd807a40.
Sept. 13, 2026 3:09:01 PM com.jme3.bullet.objects.PhysicsRigidBody rebuildRigidBody
INFORMATION: Created 28efd808a30.
Sept. 13, 2026 3:09:01 PM com.jme3.bullet.objects.PhysicsRigidBody rebuildRigidBody
INFORMATION: Created 28efd808d60.
Sept. 13, 2026 3:09:01 PM com.jme3.bullet.objects.PhysicsRigidBody rebuildRigidBody
INFORMATION: Created 28efd8080a0.
Sept. 13, 2026 3:09:01 PM com.jme3.bullet.objects.PhysicsRigidBody rebuildRigidBody
INFORMATION: Created 28efd807d70.
Sept. 13, 2026 3:09:01 PM com.jme3.bullet.objects.PhysicsRigidBody rebuildRigidBody
INFORMATION: Created 28efd8083d0.
Sept. 13, 2026 3:09:01 PM com.jme3.bullet.objects.PhysicsRigidBody rebuildRigidBody
INFORMATION: Created 28ef3f22dd0.
Sept. 13, 2026 3:09:01 PM com.jme3.bullet.objects.PhysicsRigidBody rebuildRigidBody
INFORMATION: Created 28ef3f22770.
Sept. 13, 2026 3:09:01 PM com.jme3.bullet.objects.PhysicsRigidBody rebuildRigidBody
INFORMATION: Created 28ef3f23100.
Sept. 13, 2026 3:09:01 PM com.jme3.bullet.objects.PhysicsRigidBody rebuildRigidBody
INFORMATION: Created 28ef3f23a90.
Sept. 13, 2026 3:09:01 PM com.jme3.bullet.objects.PhysicsRigidBody rebuildRigidBody
INFORMATION: Created 28ef3f23430.
Sept. 13, 2026 3:09:01 PM com.jme3.bullet.objects.PhysicsRigidBody rebuildRigidBody
INFORMATION: Created 28ef3f23760.
Sept. 13, 2026 3:09:01 PM com.jme3.bullet.objects.PhysicsRigidBody rebuildRigidBody
INFORMATION: Created 28ef3f23dc0.
Sept. 13, 2026 3:09:01 PM com.jme3.bullet.objects.PhysicsRigidBody rebuildRigidBody
INFORMATION: Created 28ef3f22440.
Sept. 13, 2026 3:09:01 PM com.jme3.bullet.objects.PhysicsRigidBody rebuildRigidBody
INFORMATION: Created 28ef3f22aa0.
Sept. 13, 2026 3:09:01 PM com.jme3.bullet.objects.PhysicsRigidBody rebuildRigidBody
INFORMATION: Created 28ef47fc3b0.
Sept. 13, 2026 3:09:01 PM com.jme3.bullet.objects.PhysicsRigidBody rebuildRigidBody
INFORMATION: Created 28ef47fc080.
Sept. 13, 2026 3:09:01 PM com.jme3.bullet.objects.PhysicsRigidBody rebuildRigidBody
INFORMATION: Created 28ef47fbd50.
Sept. 13, 2026 3:09:01 PM com.jme3.bullet.objects.PhysicsRigidBody rebuildRigidBody
INFORMATION: Created 28ef47fc6e0.
Sept. 13, 2026 3:09:01 PM com.jme3.bullet.objects.PhysicsRigidBody rebuildRigidBody
INFORMATION: Created 28ef47fca10.
Sept. 13, 2026 3:09:01 PM com.jme3.bullet.objects.PhysicsRigidBody rebuildRigidBody
INFORMATION: Created 28ef47fb090.
Sept. 13, 2026 3:09:01 PM com.jme3.bullet.objects.PhysicsRigidBody rebuildRigidBody
INFORMATION: Created 28ef47fb6f0.
Sept. 13, 2026 3:09:01 PM com.jme3.bullet.objects.PhysicsRigidBody rebuildRigidBody
INFORMATION: Created 28ef47fb3c0.
Sept. 13, 2026 3:09:01 PM com.jme3.bullet.objects.PhysicsRigidBody rebuildRigidBody
INFORMATION: Created 28ef47fba20.
Sept. 13, 2026 3:09:01 PM com.jme3.bullet.objects.PhysicsRigidBody rebuildRigidBody
INFORMATION: Created 28efada1850.
Sept. 13, 2026 3:09:01 PM com.jme3.bullet.objects.PhysicsRigidBody rebuildRigidBody
INFORMATION: Created 28efada2b70.
Sept. 13, 2026 3:09:01 PM com.jme3.bullet.objects.PhysicsRigidBody rebuildRigidBody
INFORMATION: Created 28efada31d0.
Sept. 13, 2026 3:09:01 PM com.jme3.bullet.objects.PhysicsRigidBody rebuildRigidBody
INFORMATION: Created 28efada3830.
Sept. 13, 2026 3:09:01 PM com.jme3.bullet.objects.PhysicsRigidBody rebuildRigidBody
INFORMATION: Created 28efad9fed0.
Sept. 13, 2026 3:09:01 PM com.jme3.bullet.objects.PhysicsRigidBody rebuildRigidBody
INFORMATION: Created 28efada11f0.
Sept. 13, 2026 3:09:01 PM com.jme3.bullet.objects.PhysicsRigidBody rebuildRigidBody
INFORMATION: Created 28efada1520.
Sept. 13, 2026 3:09:01 PM com.jme3.bullet.objects.PhysicsRigidBody rebuildRigidBody
INFORMATION: Created 28efada2510.
Sept. 13, 2026 3:09:01 PM com.jme3.bullet.objects.PhysicsRigidBody rebuildRigidBody
INFORMATION: Created 28efada1b80.
Sept. 13, 2026 3:09:01 PM com.jme3.bullet.objects.PhysicsRigidBody rebuildRigidBody
INFORMATION: Created 28efada2ea0.
Sept. 13, 2026 3:09:01 PM com.jme3.bullet.objects.PhysicsRigidBody rebuildRigidBody
INFORMATION: Created 28efada0200.
Sept. 13, 2026 3:09:01 PM com.jme3.bullet.objects.PhysicsRigidBody rebuildRigidBody
INFORMATION: Created 28efada0ec0.
Sept. 13, 2026 3:09:01 PM com.jme3.bullet.objects.PhysicsRigidBody rebuildRigidBody
INFORMATION: Created 28efada1eb0.
Sept. 13, 2026 3:09:01 PM com.jme3.bullet.objects.PhysicsRigidBody rebuildRigidBody
INFORMATION: Created 28efada21e0.
Sept. 13, 2026 3:09:01 PM com.jme3.bullet.objects.PhysicsRigidBody rebuildRigidBody
INFORMATION: Created 28efada2840.
Sept. 13, 2026 3:09:01 PM com.jme3.bullet.objects.PhysicsRigidBody rebuildRigidBody
INFORMATION: Created 28efada3500.
Sept. 13, 2026 3:09:01 PM com.jme3.bullet.objects.PhysicsRigidBody rebuildRigidBody
INFORMATION: Created 28efada0530.
Sept. 13, 2026 3:09:01 PM com.jme3.bullet.objects.PhysicsRigidBody rebuildRigidBody
INFORMATION: Created 28efada0860.
Sept. 13, 2026 3:09:01 PM com.jme3.bullet.objects.PhysicsRigidBody rebuildRigidBody
INFORMATION: Created 28efada0b90.
Sept. 13, 2026 3:09:01 PM com.jme3.bullet.objects.PhysicsRigidBody rebuildRigidBody
INFORMATION: Created 28ef4371850.
Sept. 13, 2026 3:09:01 PM com.jme3.bullet.objects.PhysicsRigidBody rebuildRigidBody
INFORMATION: Created 28ef4370860.
Sept. 13, 2026 3:09:01 PM com.jme3.bullet.objects.PhysicsRigidBody rebuildRigidBody
INFORMATION: Created 28ef43721e0.
Sept. 13, 2026 3:09:01 PM com.jme3.bullet.objects.PhysicsRigidBody rebuildRigidBody
INFORMATION: Created 28ef4372510.
Sept. 13, 2026 3:09:01 PM com.jme3.bullet.objects.PhysicsRigidBody rebuildRigidBody
INFORMATION: Created 28ef4371eb0.
Sept. 13, 2026 3:09:01 PM com.jme3.bullet.objects.PhysicsRigidBody rebuildRigidBody
INFORMATION: Created 28ef43711f0.
Sept. 13, 2026 3:09:01 PM com.jme3.bullet.objects.PhysicsRigidBody rebuildRigidBody
INFORMATION: Created 28ef4371b80.
Sept. 13, 2026 3:09:01 PM com.jme3.bullet.objects.PhysicsRigidBody rebuildRigidBody
INFORMATION: Created 28ef436ebb0.
Sept. 13, 2026 3:09:01 PM com.jme3.bullet.objects.PhysicsRigidBody rebuildRigidBody
INFORMATION: Created 28ef4370b90.
Sept. 13, 2026 3:09:01 PM com.jme3.bullet.objects.PhysicsRigidBody rebuildRigidBody
INFORMATION: Created 28ef436eee0.
Sept. 13, 2026 3:09:01 PM com.jme3.bullet.objects.PhysicsRigidBody rebuildRigidBody
INFORMATION: Created 28ef436fed0.
Sept. 13, 2026 3:09:01 PM com.jme3.bullet.objects.PhysicsRigidBody rebuildRigidBody
INFORMATION: Created 28ef4371520.
Sept. 13, 2026 3:09:01 PM com.jme3.bullet.objects.PhysicsRigidBody rebuildRigidBody
INFORMATION: Created 28ef436fba0.
Sept. 13, 2026 3:09:01 PM com.jme3.bullet.objects.PhysicsRigidBody rebuildRigidBody
INFORMATION: Created 28ef436f210.
Sept. 13, 2026 3:09:01 PM com.jme3.bullet.objects.PhysicsRigidBody rebuildRigidBody
INFORMATION: Created 28ef436f540.
Sept. 13, 2026 3:09:01 PM com.jme3.bullet.objects.PhysicsRigidBody rebuildRigidBody
INFORMATION: Created 28ef436f870.
Sept. 13, 2026 3:09:01 PM com.jme3.bullet.objects.PhysicsRigidBody rebuildRigidBody
INFORMATION: Created 28ef4370200.
Sept. 13, 2026 3:09:01 PM com.jme3.bullet.objects.PhysicsRigidBody rebuildRigidBody
INFORMATION: Created 28ef4370530.
Sept. 13, 2026 3:09:01 PM com.jme3.bullet.objects.PhysicsRigidBody rebuildRigidBody
INFORMATION: Created 28ef4370ec0.
Sept. 13, 2026 3:09:01 PM com.jme3.bullet.objects.PhysicsRigidBody rebuildRigidBody
INFORMATION: Created 28efd1d29f0.
Sept. 13, 2026 3:09:01 PM com.jme3.bullet.objects.PhysicsRigidBody rebuildRigidBody
INFORMATION: Created 28efd1d46a0.
Sept. 13, 2026 3:09:01 PM com.jme3.bullet.objects.PhysicsRigidBody rebuildRigidBody
INFORMATION: Created 28efd1d39e0.
Sept. 13, 2026 3:09:01 PM com.jme3.bullet.objects.PhysicsRigidBody rebuildRigidBody
INFORMATION: Created 28efd1d4040.
Sept. 13, 2026 3:09:01 PM com.jme3.bullet.objects.PhysicsRigidBody rebuildRigidBody
INFORMATION: Created 28efd1d3d10.
Sept. 13, 2026 3:09:01 PM com.jme3.bullet.objects.PhysicsRigidBody rebuildRigidBody
INFORMATION: Created 28efd1d26c0.
Sept. 13, 2026 3:09:01 PM com.jme3.bullet.objects.PhysicsRigidBody rebuildRigidBody
INFORMATION: Created 28efd1d4370.
Sept. 13, 2026 3:09:01 PM com.jme3.bullet.objects.PhysicsRigidBody rebuildRigidBody
INFORMATION: Created 28efd1d2390.
Sept. 13, 2026 3:09:01 PM com.jme3.bullet.objects.PhysicsRigidBody rebuildRigidBody
INFORMATION: Created 28efd1d2d20.
Sept. 13, 2026 3:09:01 PM com.jme3.bullet.objects.PhysicsRigidBody rebuildRigidBody
INFORMATION: Created 28efd1d36b0.
Sept. 13, 2026 3:09:01 PM com.jme3.bullet.objects.PhysicsRigidBody rebuildRigidBody
INFORMATION: Created 28efd1d5360.
Sept. 13, 2026 3:09:01 PM com.jme3.bullet.objects.PhysicsRigidBody rebuildRigidBody
INFORMATION: Created 28efd1d49d0.
Sept. 13, 2026 3:09:01 PM com.jme3.bullet.objects.PhysicsRigidBody rebuildRigidBody
INFORMATION: Created 28efd1d4d00.
[GAME] Die gläserne Tiefe
Sept. 13, 2026 3:09:01 PM com.jme3.anim.SkinningControl controlRender
INFORMATION: Hardware skinning engaged for Scene (Node)
Sept. 13, 2026 3:09:01 PM com.jme3.anim.SkinningControl controlRender
INFORMATION: Hardware skinning engaged for Scene (Node)
Sept. 13, 2026 3:09:01 PM com.jme3.anim.SkinningControl controlRender
INFORMATION: Hardware skinning engaged for Scene (Node)
Sept. 13, 2026 3:09:01 PM com.jme3.anim.SkinningControl controlRender
INFORMATION: Hardware skinning engaged for Scene (Node)
Sept. 13, 2026 3:09:01 PM com.jme3.anim.SkinningControl controlRender
INFORMATION: Hardware skinning engaged for Scene (Node)
Sept. 13, 2026 3:09:01 PM com.jme3.anim.SkinningControl controlRender
INFORMATION: Hardware skinning engaged for Scene (Node)
Sept. 13, 2026 3:09:01 PM com.jme3.anim.SkinningControl controlRender
INFORMATION: Hardware skinning engaged for Scene (Node)
[SMOKE] stage 18
[CHECK] Cavern portal transition
[GAME] Goblin besiegt  +35 EP  +8 Gold
[GAME] Goblin besiegt  +35 EP  +8 Gold
[GAME] Goblin besiegt  +35 EP  +8 Gold
[GAME] Goblin besiegt  +35 EP  +8 Gold
[GAME] Goblin besiegt  +35 EP  +8 Gold
[GAME] Goblin besiegt  +35 EP  +8 Gold
[GAME] Aschenrufer besiegt  +65 EP  +23 Gold
[GAME] Aschenrufer besiegt  +65 EP  +23 Gold
[GAME] STUFE 5  -  Fähigkeitspunkt erhalten [K]
[GAME] Ork-Brecher besiegt  +70 EP  +13 Gold
[GAME] Ork-Brecher besiegt  +70 EP  +13 Gold
[GAME] Auftrag erfüllt: Die Straßen werden still  +150 EP
[GAME] Kristallader gereinigt. 1 / 3
[GAME] Kristallader gereinigt. 2 / 3
[GAME] Kristallader gereinigt. 3 / 3
[GAME] Kristallherz erhalten!
[GAME] Auftrag erfüllt: Die zwei Eide  +150 EP
[GAME] Stufe 6 erreicht! K: Fähigkeiten verbessern.
[GAME] Auftrag erfüllt: Das Herz des Berges  +120 EP
[CHECK] Both parallel paths award their keys
Sept. 13, 2026 3:09:03 PM com.jme3.bullet.objects.PhysicsRigidBody rebuildRigidBody
INFORMATION: Created 28efabe2500.
Sept. 13, 2026 3:09:03 PM com.jme3.bullet.objects.PhysicsRigidBody rebuildRigidBody
INFORMATION: Created 28efabe2e90.
Sept. 13, 2026 3:09:03 PM com.jme3.bullet.objects.PhysicsRigidBody rebuildRigidBody
INFORMATION: Created 28efabe31c0.
Sept. 13, 2026 3:09:03 PM com.jme3.bullet.objects.PhysicsRigidBody rebuildRigidBody
INFORMATION: Created 28efabe0b80.
Sept. 13, 2026 3:09:03 PM com.jme3.bullet.objects.PhysicsRigidBody rebuildRigidBody
INFORMATION: Created 28efabe2830.
Sept. 13, 2026 3:09:03 PM com.jme3.bullet.objects.PhysicsRigidBody rebuildRigidBody
INFORMATION: Created 28efabe3820.
Sept. 13, 2026 3:09:03 PM com.jme3.bullet.objects.PhysicsRigidBody rebuildRigidBody
INFORMATION: Created 28efabe1840.
Sept. 13, 2026 3:09:03 PM com.jme3.bullet.objects.PhysicsRigidBody rebuildRigidBody
INFORMATION: Created 28efabe1ea0.
Sept. 13, 2026 3:09:03 PM com.jme3.bullet.objects.PhysicsRigidBody rebuildRigidBody
INFORMATION: Created 28efabe21d0.
Sept. 13, 2026 3:09:03 PM com.jme3.bullet.objects.PhysicsRigidBody rebuildRigidBody
INFORMATION: Created 28efabe0520.
Sept. 13, 2026 3:09:03 PM com.jme3.bullet.objects.PhysicsRigidBody rebuildRigidBody
INFORMATION: Created 28efabe3b50.
Sept. 13, 2026 3:09:03 PM com.jme3.bullet.objects.PhysicsRigidBody rebuildRigidBody
INFORMATION: Created 28efabe0eb0.
Sept. 13, 2026 3:09:03 PM com.jme3.bullet.objects.PhysicsRigidBody rebuildRigidBody
INFORMATION: Created 28efabe3e80.
Sept. 13, 2026 3:09:03 PM com.jme3.bullet.objects.PhysicsRigidBody rebuildRigidBody
INFORMATION: Created 28efabe1b70.
Sept. 13, 2026 3:09:03 PM com.jme3.bullet.objects.PhysicsRigidBody rebuildRigidBody
INFORMATION: Created 28efabe2b60.
Sept. 13, 2026 3:09:03 PM com.jme3.bullet.objects.PhysicsRigidBody rebuildRigidBody
INFORMATION: Created 28efabe34f0.
Sept. 13, 2026 3:09:03 PM com.jme3.bullet.objects.PhysicsRigidBody rebuildRigidBody
INFORMATION: Created 28efabe11e0.
Sept. 13, 2026 3:09:03 PM com.jme3.bullet.objects.PhysicsRigidBody rebuildRigidBody
INFORMATION: Created 28efabe1510.
Sept. 13, 2026 3:09:03 PM com.jme3.bullet.objects.PhysicsRigidBody rebuildRigidBody
INFORMATION: Created 28efb95d110.
Sept. 13, 2026 3:09:03 PM com.jme3.bullet.objects.PhysicsRigidBody rebuildRigidBody
INFORMATION: Created 28efb95d770.
Sept. 13, 2026 3:09:03 PM com.jme3.bullet.objects.PhysicsRigidBody rebuildRigidBody
INFORMATION: Created 28efb95d440.
Sept. 13, 2026 3:09:03 PM com.jme3.bullet.objects.PhysicsRigidBody rebuildRigidBody
INFORMATION: Created 28ef46db8d0.
Sept. 13, 2026 3:09:03 PM com.jme3.bullet.objects.PhysicsRigidBody rebuildRigidBody
INFORMATION: Created 28ef46db270.
Sept. 13, 2026 3:09:03 PM com.jme3.bullet.objects.PhysicsRigidBody rebuildRigidBody
INFORMATION: Created 28ef46dc8c0.
Sept. 13, 2026 3:09:03 PM com.jme3.bullet.objects.PhysicsRigidBody rebuildRigidBody
INFORMATION: Created 28ef46db5a0.
Sept. 13, 2026 3:09:03 PM com.jme3.bullet.objects.PhysicsRigidBody rebuildRigidBody
INFORMATION: Created 28ef46dbc00.
Sept. 13, 2026 3:09:03 PM com.jme3.bullet.objects.PhysicsRigidBody rebuildRigidBody
INFORMATION: Created 28ef46dc260.
Sept. 13, 2026 3:09:03 PM com.jme3.bullet.objects.PhysicsRigidBody rebuildRigidBody
INFORMATION: Created 28ef46dc590.
Sept. 13, 2026 3:09:03 PM com.jme3.bullet.objects.PhysicsRigidBody rebuildRigidBody
INFORMATION: Created 28ef46dbf30.
Sept. 13, 2026 3:09:03 PM com.jme3.bullet.objects.PhysicsRigidBody rebuildRigidBody
INFORMATION: Created 28ef46dcbf0.
Sept. 13, 2026 3:09:03 PM com.jme3.bullet.objects.PhysicsRigidBody rebuildRigidBody
INFORMATION: Created 28ef98a5ae0.
Sept. 13, 2026 3:09:03 PM com.jme3.bullet.objects.PhysicsRigidBody rebuildRigidBody
INFORMATION: Created 28ef98a5e10.
Sept. 13, 2026 3:09:03 PM com.jme3.bullet.objects.PhysicsRigidBody rebuildRigidBody
INFORMATION: Created 28ef98a5480.
Sept. 13, 2026 3:09:03 PM com.jme3.bullet.objects.PhysicsRigidBody rebuildRigidBody
INFORMATION: Created 28ef98a6140.
Sept. 13, 2026 3:09:03 PM com.jme3.bullet.objects.PhysicsRigidBody rebuildRigidBody
INFORMATION: Created 28ef98a57b0.
Sept. 13, 2026 3:09:03 PM com.jme3.bullet.objects.PhysicsRigidBody rebuildRigidBody
INFORMATION: Created 28ef98a5150.
Sept. 13, 2026 3:09:03 PM com.jme3.bullet.objects.PhysicsRigidBody rebuildRigidBody
INFORMATION: Created 28ef98a6470.
Sept. 13, 2026 3:09:03 PM com.jme3.bullet.objects.PhysicsRigidBody rebuildRigidBody
INFORMATION: Created 28ef98a4af0.
Sept. 13, 2026 3:09:03 PM com.jme3.bullet.objects.PhysicsRigidBody rebuildRigidBody
INFORMATION: Created 28ef98a4e20.
Sept. 13, 2026 3:09:03 PM com.jme3.bullet.objects.PhysicsRigidBody rebuildRigidBody
INFORMATION: Created 28f16877b00.
Sept. 13, 2026 3:09:03 PM com.jme3.bullet.objects.PhysicsRigidBody rebuildRigidBody
INFORMATION: Created 28f168767e0.
Sept. 13, 2026 3:09:03 PM com.jme3.bullet.objects.PhysicsRigidBody rebuildRigidBody
INFORMATION: Created 28f168774a0.
Sept. 13, 2026 3:09:03 PM com.jme3.bullet.objects.PhysicsRigidBody rebuildRigidBody
INFORMATION: Created 28f16877e30.
Sept. 13, 2026 3:09:03 PM com.jme3.bullet.objects.PhysicsRigidBody rebuildRigidBody
INFORMATION: Created 28f168777d0.
Sept. 13, 2026 3:09:03 PM com.jme3.bullet.objects.PhysicsRigidBody rebuildRigidBody
INFORMATION: Created 28f16878160.
Sept. 13, 2026 3:09:03 PM com.jme3.bullet.objects.PhysicsRigidBody rebuildRigidBody
INFORMATION: Created 28f16876b10.
Sept. 13, 2026 3:09:03 PM com.jme3.bullet.objects.PhysicsRigidBody rebuildRigidBody
INFORMATION: Created 28f16877170.
Sept. 13, 2026 3:09:03 PM com.jme3.bullet.objects.PhysicsRigidBody rebuildRigidBody
INFORMATION: Created 28f16876e40.
Sept. 13, 2026 3:09:03 PM com.jme3.bullet.objects.PhysicsRigidBody rebuildRigidBody
INFORMATION: Created 28ef3b48210.
Sept. 13, 2026 3:09:03 PM com.jme3.bullet.objects.PhysicsRigidBody rebuildRigidBody
INFORMATION: Created 28ef3b48540.
Sept. 13, 2026 3:09:03 PM com.jme3.bullet.objects.PhysicsRigidBody rebuildRigidBody
INFORMATION: Created 28ef3b47ee0.
Sept. 13, 2026 3:09:03 PM com.jme3.bullet.objects.PhysicsRigidBody rebuildRigidBody
INFORMATION: Created 28ef3b47220.
Sept. 13, 2026 3:09:03 PM com.jme3.bullet.objects.PhysicsRigidBody rebuildRigidBody
INFORMATION: Created 28ef3b47880.
Sept. 13, 2026 3:09:03 PM com.jme3.bullet.objects.PhysicsRigidBody rebuildRigidBody
INFORMATION: Created 28ef3b48870.
Sept. 13, 2026 3:09:03 PM com.jme3.bullet.objects.PhysicsRigidBody rebuildRigidBody
INFORMATION: Created 28ef3b48ba0.
Sept. 13, 2026 3:09:03 PM com.jme3.bullet.objects.PhysicsRigidBody rebuildRigidBody
INFORMATION: Created 28ef3b47550.
Sept. 13, 2026 3:09:03 PM com.jme3.bullet.objects.PhysicsRigidBody rebuildRigidBody
INFORMATION: Created 28ef3b47bb0.
Sept. 13, 2026 3:09:03 PM com.jme3.bullet.objects.PhysicsRigidBody rebuildRigidBody
INFORMATION: Created 28f1739c9c0.
Sept. 13, 2026 3:09:03 PM com.jme3.bullet.objects.PhysicsRigidBody rebuildRigidBody
INFORMATION: Created 28f1739b040.
Sept. 13, 2026 3:09:03 PM com.jme3.bullet.objects.PhysicsRigidBody rebuildRigidBody
INFORMATION: Created 28f1739b370.
Sept. 13, 2026 3:09:03 PM com.jme3.bullet.objects.PhysicsRigidBody rebuildRigidBody
INFORMATION: Created 28f1739c690.
Sept. 13, 2026 3:09:03 PM com.jme3.bullet.objects.PhysicsRigidBody rebuildRigidBody
INFORMATION: Created 28f1739c360.
Sept. 13, 2026 3:09:03 PM com.jme3.bullet.objects.PhysicsRigidBody rebuildRigidBody
INFORMATION: Created 28f1739b6a0.
Sept. 13, 2026 3:09:03 PM com.jme3.bullet.objects.PhysicsRigidBody rebuildRigidBody
INFORMATION: Created 28f1739b9d0.
Sept. 13, 2026 3:09:03 PM com.jme3.bullet.objects.PhysicsRigidBody rebuildRigidBody
INFORMATION: Created 28f1739bd00.
Sept. 13, 2026 3:09:03 PM com.jme3.bullet.objects.PhysicsRigidBody rebuildRigidBody
INFORMATION: Created 28f1739c030.
Sept. 13, 2026 3:09:03 PM com.jme3.bullet.objects.PhysicsRigidBody rebuildRigidBody
INFORMATION: Created 28f1739e040.
Sept. 13, 2026 3:09:03 PM com.jme3.bullet.objects.PhysicsRigidBody rebuildRigidBody
INFORMATION: Created 28f1739d380.
Sept. 13, 2026 3:09:03 PM com.jme3.bullet.objects.PhysicsRigidBody rebuildRigidBody
INFORMATION: Created 28f1739d9e0.
Sept. 13, 2026 3:09:03 PM com.jme3.bullet.objects.PhysicsRigidBody rebuildRigidBody
INFORMATION: Created 28f1739e370.
Sept. 13, 2026 3:09:03 PM com.jme3.bullet.objects.PhysicsRigidBody rebuildRigidBody
INFORMATION: Created 28f1739e6a0.
Sept. 13, 2026 3:09:03 PM com.jme3.bullet.objects.PhysicsRigidBody rebuildRigidBody
INFORMATION: Created 28f1739d050.
Sept. 13, 2026 3:09:03 PM com.jme3.bullet.objects.PhysicsRigidBody rebuildRigidBody
INFORMATION: Created 28f1739e9d0.
Sept. 13, 2026 3:09:03 PM com.jme3.bullet.objects.PhysicsRigidBody rebuildRigidBody
INFORMATION: Created 28f1739dd10.
Sept. 13, 2026 3:09:03 PM com.jme3.bullet.objects.PhysicsRigidBody rebuildRigidBody
INFORMATION: Created 28f1739d6b0.
Sept. 13, 2026 3:09:03 PM com.jme3.bullet.objects.PhysicsRigidBody rebuildRigidBody
INFORMATION: Created 28ef9115710.
Sept. 13, 2026 3:09:03 PM com.jme3.bullet.objects.PhysicsRigidBody rebuildRigidBody
INFORMATION: Created 28ef9115a40.
Sept. 13, 2026 3:09:03 PM com.jme3.bullet.objects.PhysicsRigidBody rebuildRigidBody
INFORMATION: Created 28ef9115d70.
Sept. 13, 2026 3:09:03 PM com.jme3.bullet.objects.PhysicsRigidBody rebuildRigidBody
INFORMATION: Created 28ef91160a0.
Sept. 13, 2026 3:09:03 PM com.jme3.bullet.objects.PhysicsRigidBody rebuildRigidBody
INFORMATION: Created 28efb605780.
Sept. 13, 2026 3:09:03 PM com.jme3.bullet.objects.PhysicsRigidBody rebuildRigidBody
INFORMATION: Created 28efb604790.
Sept. 13, 2026 3:09:03 PM com.jme3.bullet.objects.PhysicsRigidBody rebuildRigidBody
INFORMATION: Created 28efb604ac0.
Sept. 13, 2026 3:09:03 PM com.jme3.bullet.objects.PhysicsRigidBody rebuildRigidBody
INFORMATION: Created 28efb604df0.
Sept. 13, 2026 3:09:03 PM com.jme3.bullet.objects.PhysicsRigidBody rebuildRigidBody
INFORMATION: Created 28efb605450.
Sept. 13, 2026 3:09:03 PM com.jme3.bullet.objects.PhysicsRigidBody rebuildRigidBody
INFORMATION: Created 28efb605ab0.
Sept. 13, 2026 3:09:03 PM com.jme3.bullet.objects.PhysicsRigidBody rebuildRigidBody
INFORMATION: Created 28efb603140.
Sept. 13, 2026 3:09:03 PM com.jme3.bullet.objects.PhysicsRigidBody rebuildRigidBody
INFORMATION: Created 28efb6037a0.
Sept. 13, 2026 3:09:03 PM com.jme3.bullet.objects.PhysicsRigidBody rebuildRigidBody
INFORMATION: Created 28efb605de0.
Sept. 13, 2026 3:09:03 PM com.jme3.bullet.objects.PhysicsRigidBody rebuildRigidBody
INFORMATION: Created 28efb606440.
Sept. 13, 2026 3:09:03 PM com.jme3.bullet.objects.PhysicsRigidBody rebuildRigidBody
INFORMATION: Created 28efb606110.
Sept. 13, 2026 3:09:03 PM com.jme3.bullet.objects.PhysicsRigidBody rebuildRigidBody
INFORMATION: Created 28efb603470.
Sept. 13, 2026 3:09:03 PM com.jme3.bullet.objects.PhysicsRigidBody rebuildRigidBody
INFORMATION: Created 28efb604130.
Sept. 13, 2026 3:09:03 PM com.jme3.bullet.objects.PhysicsRigidBody rebuildRigidBody
INFORMATION: Created 28efb606770.
Sept. 13, 2026 3:09:03 PM com.jme3.bullet.objects.PhysicsRigidBody rebuildRigidBody
INFORMATION: Created 28efb603ad0.
Sept. 13, 2026 3:09:03 PM com.jme3.bullet.objects.PhysicsRigidBody rebuildRigidBody
INFORMATION: Created 28efb606aa0.
Sept. 13, 2026 3:09:03 PM com.jme3.bullet.objects.PhysicsRigidBody rebuildRigidBody
INFORMATION: Created 28efb605120.
Sept. 13, 2026 3:09:03 PM com.jme3.bullet.objects.PhysicsRigidBody rebuildRigidBody
INFORMATION: Created 28efb603e00.
Sept. 13, 2026 3:09:03 PM com.jme3.bullet.objects.PhysicsRigidBody rebuildRigidBody
INFORMATION: Created 28efb604460.
Sept. 13, 2026 3:09:03 PM com.jme3.bullet.objects.PhysicsRigidBody rebuildRigidBody
INFORMATION: Created 28f16d65360.
Sept. 13, 2026 3:09:03 PM com.jme3.bullet.objects.PhysicsRigidBody rebuildRigidBody
INFORMATION: Created 28f16d63050.
Sept. 13, 2026 3:09:03 PM com.jme3.bullet.objects.PhysicsRigidBody rebuildRigidBody
INFORMATION: Created 28f16d65690.
Sept. 13, 2026 3:09:03 PM com.jme3.bullet.objects.PhysicsRigidBody rebuildRigidBody
INFORMATION: Created 28f16d63380.
Sept. 13, 2026 3:09:03 PM com.jme3.bullet.objects.PhysicsRigidBody rebuildRigidBody
INFORMATION: Created 28f16d66020.
Sept. 13, 2026 3:09:03 PM com.jme3.bullet.objects.PhysicsRigidBody rebuildRigidBody
INFORMATION: Created 28f16d639e0.
Sept. 13, 2026 3:09:03 PM com.jme3.bullet.objects.PhysicsRigidBody rebuildRigidBody
INFORMATION: Created 28f16d66350.
Sept. 13, 2026 3:09:03 PM com.jme3.bullet.objects.PhysicsRigidBody rebuildRigidBody
INFORMATION: Created 28f16d649d0.
Sept. 13, 2026 3:09:03 PM com.jme3.bullet.objects.PhysicsRigidBody rebuildRigidBody
INFORMATION: Created 28f16d659c0.
Sept. 13, 2026 3:09:03 PM com.jme3.bullet.objects.PhysicsRigidBody rebuildRigidBody
INFORMATION: Created 28f16d636b0.
Sept. 13, 2026 3:09:03 PM com.jme3.bullet.objects.PhysicsRigidBody rebuildRigidBody
INFORMATION: Created 28f16d64040.
Sept. 13, 2026 3:09:03 PM com.jme3.bullet.objects.PhysicsRigidBody rebuildRigidBody
INFORMATION: Created 28f16d63d10.
Sept. 13, 2026 3:09:03 PM com.jme3.bullet.objects.PhysicsRigidBody rebuildRigidBody
INFORMATION: Created 28f16d66680.
Sept. 13, 2026 3:09:03 PM com.jme3.bullet.objects.PhysicsRigidBody rebuildRigidBody
INFORMATION: Created 28f16d669b0.
Sept. 13, 2026 3:09:03 PM com.jme3.bullet.objects.PhysicsRigidBody rebuildRigidBody
INFORMATION: Created 28f16d64370.
Sept. 13, 2026 3:09:03 PM com.jme3.bullet.objects.PhysicsRigidBody rebuildRigidBody
INFORMATION: Created 28f16d646a0.
Sept. 13, 2026 3:09:03 PM com.jme3.bullet.objects.PhysicsRigidBody rebuildRigidBody
INFORMATION: Created 28f16d64d00.
Sept. 13, 2026 3:09:03 PM com.jme3.bullet.objects.PhysicsRigidBody rebuildRigidBody
INFORMATION: Created 28f16d65030.
Sept. 13, 2026 3:09:03 PM com.jme3.bullet.objects.PhysicsRigidBody rebuildRigidBody
INFORMATION: Created 28f16d65cf0.
Sept. 13, 2026 3:09:03 PM com.jme3.bullet.objects.PhysicsRigidBody rebuildRigidBody
INFORMATION: Created 28f003789b0.
Sept. 13, 2026 3:09:03 PM com.jme3.bullet.objects.PhysicsRigidBody rebuildRigidBody
INFORMATION: Created 28f003779c0.
Sept. 13, 2026 3:09:03 PM com.jme3.bullet.objects.PhysicsRigidBody rebuildRigidBody
INFORMATION: Created 28f00376370.
Sept. 13, 2026 3:09:03 PM com.jme3.bullet.objects.PhysicsRigidBody rebuildRigidBody
INFORMATION: Created 28f00377cf0.
Sept. 13, 2026 3:09:03 PM com.jme3.bullet.objects.PhysicsRigidBody rebuildRigidBody
INFORMATION: Created 28f00379010.
Sept. 13, 2026 3:09:03 PM com.jme3.bullet.objects.PhysicsRigidBody rebuildRigidBody
INFORMATION: Created 28f003769d0.
Sept. 13, 2026 3:09:03 PM com.jme3.bullet.objects.PhysicsRigidBody rebuildRigidBody
INFORMATION: Created 28f00376d00.
Sept. 13, 2026 3:09:03 PM com.jme3.bullet.objects.PhysicsRigidBody rebuildRigidBody
INFORMATION: Created 28f003759e0.
Sept. 13, 2026 3:09:03 PM com.jme3.bullet.objects.PhysicsRigidBody rebuildRigidBody
INFORMATION: Created 28f00375d10.
Sept. 13, 2026 3:09:03 PM com.jme3.bullet.objects.PhysicsRigidBody rebuildRigidBody
INFORMATION: Created 28f003756b0.
Sept. 13, 2026 3:09:03 PM com.jme3.bullet.objects.PhysicsRigidBody rebuildRigidBody
INFORMATION: Created 28f00377030.
Sept. 13, 2026 3:09:03 PM com.jme3.bullet.objects.PhysicsRigidBody rebuildRigidBody
INFORMATION: Created 28f00377690.
Sept. 13, 2026 3:09:03 PM com.jme3.bullet.objects.PhysicsRigidBody rebuildRigidBody
INFORMATION: Created 28f00378350.
Sept. 13, 2026 3:09:03 PM com.jme3.bullet.objects.PhysicsRigidBody rebuildRigidBody
INFORMATION: Created 28f00376040.
Sept. 13, 2026 3:09:03 PM com.jme3.bullet.objects.PhysicsRigidBody rebuildRigidBody
INFORMATION: Created 28f00378020.
Sept. 13, 2026 3:09:03 PM com.jme3.bullet.objects.PhysicsRigidBody rebuildRigidBody
INFORMATION: Created 28f003766a0.
Sept. 13, 2026 3:09:03 PM com.jme3.bullet.objects.PhysicsRigidBody rebuildRigidBody
INFORMATION: Created 28f00377360.
Sept. 13, 2026 3:09:03 PM com.jme3.bullet.objects.PhysicsRigidBody rebuildRigidBody
INFORMATION: Created 28f00378680.
Sept. 13, 2026 3:09:03 PM com.jme3.bullet.objects.PhysicsRigidBody rebuildRigidBody
INFORMATION: Created 28f00378ce0.
Sept. 13, 2026 3:09:03 PM com.jme3.bullet.objects.PhysicsRigidBody rebuildRigidBody
INFORMATION: Created 28f16c00ef0.
Sept. 13, 2026 3:09:03 PM com.jme3.bullet.objects.PhysicsRigidBody rebuildRigidBody
INFORMATION: Created 28f16c02540.
Sept. 13, 2026 3:09:03 PM com.jme3.bullet.objects.PhysicsRigidBody rebuildRigidBody
INFORMATION: Created 28f16c03860.
Sept. 13, 2026 3:09:03 PM com.jme3.bullet.objects.PhysicsRigidBody rebuildRigidBody
INFORMATION: Created 28f16c01bb0.
Sept. 13, 2026 3:09:03 PM com.jme3.bullet.objects.PhysicsRigidBody rebuildRigidBody
INFORMATION: Created 28f16c03200.
Sept. 13, 2026 3:09:03 PM com.jme3.bullet.objects.PhysicsRigidBody rebuildRigidBody
INFORMATION: Created 28f16bfff00.
Sept. 13, 2026 3:09:03 PM com.jme3.bullet.objects.PhysicsRigidBody rebuildRigidBody
INFORMATION: Created 28f16c02870.
Sept. 13, 2026 3:09:03 PM com.jme3.bullet.objects.PhysicsRigidBody rebuildRigidBody
INFORMATION: Created 28f16c02ed0.
Sept. 13, 2026 3:09:03 PM com.jme3.bullet.objects.PhysicsRigidBody rebuildRigidBody
INFORMATION: Created 28f16c01880.
Sept. 13, 2026 3:09:03 PM com.jme3.bullet.objects.PhysicsRigidBody rebuildRigidBody
INFORMATION: Created 28f16c02ba0.
Sept. 13, 2026 3:09:03 PM com.jme3.bullet.objects.PhysicsRigidBody rebuildRigidBody
INFORMATION: Created 28f16c01220.
Sept. 13, 2026 3:09:03 PM com.jme3.bullet.objects.PhysicsRigidBody rebuildRigidBody
INFORMATION: Created 28f16c01ee0.
Sept. 13, 2026 3:09:03 PM com.jme3.bullet.objects.PhysicsRigidBody rebuildRigidBody
INFORMATION: Created 28f16c03530.
Sept. 13, 2026 3:09:03 PM com.jme3.bullet.objects.PhysicsRigidBody rebuildRigidBody
INFORMATION: Created 28f16c00560.
Sept. 13, 2026 3:09:03 PM com.jme3.bullet.objects.PhysicsRigidBody rebuildRigidBody
INFORMATION: Created 28f16c01550.
Sept. 13, 2026 3:09:03 PM com.jme3.bullet.objects.PhysicsRigidBody rebuildRigidBody
INFORMATION: Created 28f16c00230.
[GAME] Die letzte Zuflucht
Sept. 13, 2026 3:09:03 PM com.jme3.anim.SkinningControl controlRender
INFORMATION: Hardware skinning engaged for Scene (Node)
Sept. 13, 2026 3:09:03 PM com.jme3.anim.SkinningControl controlRender
INFORMATION: Hardware skinning engaged for Scene (Node)
Sept. 13, 2026 3:09:03 PM com.jme3.anim.SkinningControl controlRender
INFORMATION: Hardware skinning engaged for Scene (Node)
Sept. 13, 2026 3:09:03 PM com.jme3.anim.SkinningControl controlRender
INFORMATION: Hardware skinning engaged for Scene (Node)
[SMOKE] stage 19
Sept. 13, 2026 3:09:06 PM com.jme3.bullet.objects.PhysicsRigidBody rebuildRigidBody
INFORMATION: Created 28f16c02210.
Sept. 13, 2026 3:09:06 PM com.jme3.bullet.objects.PhysicsRigidBody rebuildRigidBody
INFORMATION: Created 28f16c00890.
Sept. 13, 2026 3:09:06 PM com.jme3.bullet.objects.PhysicsRigidBody rebuildRigidBody
INFORMATION: Created 28f16c00bc0.
Sept. 13, 2026 3:09:06 PM com.jme3.bullet.objects.PhysicsRigidBody rebuildRigidBody
INFORMATION: Created 28efb232070.
Sept. 13, 2026 3:09:06 PM com.jme3.bullet.objects.PhysicsRigidBody rebuildRigidBody
INFORMATION: Created 28efb232a00.
Sept. 13, 2026 3:09:06 PM com.jme3.bullet.objects.PhysicsRigidBody rebuildRigidBody
INFORMATION: Created 28efb2326d0.
Sept. 13, 2026 3:09:06 PM com.jme3.bullet.objects.PhysicsRigidBody rebuildRigidBody
INFORMATION: Created 28efb2303c0.
Sept. 13, 2026 3:09:06 PM com.jme3.bullet.objects.PhysicsRigidBody rebuildRigidBody
INFORMATION: Created 28efb231a10.
Sept. 13, 2026 3:09:06 PM com.jme3.bullet.objects.PhysicsRigidBody rebuildRigidBody
INFORMATION: Created 28efb2306f0.
Sept. 13, 2026 3:09:06 PM com.jme3.bullet.objects.PhysicsRigidBody rebuildRigidBody
INFORMATION: Created 28efb232d30.
Sept. 13, 2026 3:09:06 PM com.jme3.bullet.objects.PhysicsRigidBody rebuildRigidBody
INFORMATION: Created 28efb231d40.
Sept. 13, 2026 3:09:06 PM com.jme3.bullet.objects.PhysicsRigidBody rebuildRigidBody
INFORMATION: Created 28efb230090.
Sept. 13, 2026 3:09:06 PM com.jme3.bullet.objects.PhysicsRigidBody rebuildRigidBody
INFORMATION: Created 28efb231080.
Sept. 13, 2026 3:09:06 PM com.jme3.bullet.objects.PhysicsRigidBody rebuildRigidBody
INFORMATION: Created 28efb233060.
Sept. 13, 2026 3:09:06 PM com.jme3.bullet.objects.PhysicsRigidBody rebuildRigidBody
INFORMATION: Created 28efb2339f0.
Sept. 13, 2026 3:09:06 PM com.jme3.bullet.objects.PhysicsRigidBody rebuildRigidBody
INFORMATION: Created 28efb233390.
Sept. 13, 2026 3:09:06 PM com.jme3.bullet.objects.PhysicsRigidBody rebuildRigidBody
INFORMATION: Created 28efb230a20.
Sept. 13, 2026 3:09:06 PM com.jme3.bullet.objects.PhysicsRigidBody rebuildRigidBody
INFORMATION: Created 28efb2323a0.
Sept. 13, 2026 3:09:06 PM com.jme3.bullet.objects.PhysicsRigidBody rebuildRigidBody
INFORMATION: Created 28efb2336c0.
Sept. 13, 2026 3:09:06 PM com.jme3.bullet.objects.PhysicsRigidBody rebuildRigidBody
INFORMATION: Created 28efb230d50.
Sept. 13, 2026 3:09:06 PM com.jme3.bullet.objects.PhysicsRigidBody rebuildRigidBody
INFORMATION: Created 28efb2313b0.
Sept. 13, 2026 3:09:06 PM com.jme3.bullet.objects.PhysicsRigidBody rebuildRigidBody
INFORMATION: Created 28efb2316e0.
Sept. 13, 2026 3:09:06 PM com.jme3.bullet.objects.PhysicsRigidBody rebuildRigidBody
INFORMATION: Created 28ef9755720.
Sept. 13, 2026 3:09:06 PM com.jme3.bullet.objects.PhysicsRigidBody rebuildRigidBody
INFORMATION: Created 28ef9755a50.
Sept. 13, 2026 3:09:06 PM com.jme3.bullet.objects.PhysicsRigidBody rebuildRigidBody
INFORMATION: Created 28ef9754730.
Sept. 13, 2026 3:09:06 PM com.jme3.bullet.objects.PhysicsRigidBody rebuildRigidBody
INFORMATION: Created 28ef97583c0.
Sept. 13, 2026 3:09:06 PM com.jme3.bullet.objects.PhysicsRigidBody rebuildRigidBody
INFORMATION: Created 28ef9757a30.
Sept. 13, 2026 3:09:06 PM com.jme3.bullet.objects.PhysicsRigidBody rebuildRigidBody
INFORMATION: Created 28ef97586f0.
Sept. 13, 2026 3:09:06 PM com.jme3.bullet.objects.PhysicsRigidBody rebuildRigidBody
INFORMATION: Created 28ef97563e0.
Sept. 13, 2026 3:09:06 PM com.jme3.bullet.objects.PhysicsRigidBody rebuildRigidBody
INFORMATION: Created 28ef9754a60.
Sept. 13, 2026 3:09:06 PM com.jme3.bullet.objects.PhysicsRigidBody rebuildRigidBody
INFORMATION: Created 28ef97560b0.
Sept. 13, 2026 3:09:06 PM com.jme3.bullet.objects.PhysicsRigidBody rebuildRigidBody
INFORMATION: Created 28ef9758a20.
Sept. 13, 2026 3:09:06 PM com.jme3.bullet.objects.PhysicsRigidBody rebuildRigidBody
INFORMATION: Created 28ef97550c0.
Sept. 13, 2026 3:09:06 PM com.jme3.bullet.objects.PhysicsRigidBody rebuildRigidBody
INFORMATION: Created 28ef9757700.
Sept. 13, 2026 3:09:06 PM com.jme3.bullet.objects.PhysicsRigidBody rebuildRigidBody
INFORMATION: Created 28ef9754d90.
Sept. 13, 2026 3:09:06 PM com.jme3.bullet.objects.PhysicsRigidBody rebuildRigidBody
INFORMATION: Created 28ef9757d60.
Sept. 13, 2026 3:09:06 PM com.jme3.bullet.objects.PhysicsRigidBody rebuildRigidBody
INFORMATION: Created 28ef9758090.
Sept. 13, 2026 3:09:06 PM com.jme3.bullet.objects.PhysicsRigidBody rebuildRigidBody
INFORMATION: Created 28ef97553f0.
Sept. 13, 2026 3:09:06 PM com.jme3.bullet.objects.PhysicsRigidBody rebuildRigidBody
INFORMATION: Created 28ef9758d50.
Sept. 13, 2026 3:09:06 PM com.jme3.bullet.objects.PhysicsRigidBody rebuildRigidBody
INFORMATION: Created 28ef9756d70.
Sept. 13, 2026 3:09:06 PM com.jme3.bullet.objects.PhysicsRigidBody rebuildRigidBody
INFORMATION: Created 28ef9756710.
Sept. 13, 2026 3:09:06 PM com.jme3.bullet.objects.PhysicsRigidBody rebuildRigidBody
INFORMATION: Created 28ef9759080.
Sept. 13, 2026 3:09:06 PM com.jme3.bullet.objects.PhysicsRigidBody rebuildRigidBody
INFORMATION: Created 28ef97593b0.
Sept. 13, 2026 3:09:06 PM com.jme3.bullet.objects.PhysicsRigidBody rebuildRigidBody
INFORMATION: Created 28ef97596e0.
Sept. 13, 2026 3:09:06 PM com.jme3.bullet.objects.PhysicsRigidBody rebuildRigidBody
INFORMATION: Created 28ef9759a10.
Sept. 13, 2026 3:09:06 PM com.jme3.bullet.objects.PhysicsRigidBody rebuildRigidBody
INFORMATION: Created 28ef9755d80.
Sept. 13, 2026 3:09:06 PM com.jme3.bullet.objects.PhysicsRigidBody rebuildRigidBody
INFORMATION: Created 28ef97573d0.
Sept. 13, 2026 3:09:06 PM com.jme3.bullet.objects.PhysicsRigidBody rebuildRigidBody
INFORMATION: Created 28ef97570a0.
Sept. 13, 2026 3:09:06 PM com.jme3.bullet.objects.PhysicsRigidBody rebuildRigidBody
INFORMATION: Created 28ef9759d40.
Sept. 13, 2026 3:09:06 PM com.jme3.bullet.objects.PhysicsRigidBody rebuildRigidBody
INFORMATION: Created 28ef975a070.
Sept. 13, 2026 3:09:06 PM com.jme3.bullet.objects.PhysicsRigidBody rebuildRigidBody
INFORMATION: Created 28ef975a3a0.
Sept. 13, 2026 3:09:06 PM com.jme3.bullet.objects.PhysicsRigidBody rebuildRigidBody
INFORMATION: Created 28ef975a6d0.
Sept. 13, 2026 3:09:06 PM com.jme3.bullet.objects.PhysicsRigidBody rebuildRigidBody
INFORMATION: Created 28ef9756a40.
Sept. 13, 2026 3:09:06 PM com.jme3.bullet.objects.PhysicsRigidBody rebuildRigidBody
INFORMATION: Created 28ef975aa00.
Sept. 13, 2026 3:09:06 PM com.jme3.bullet.objects.PhysicsRigidBody rebuildRigidBody
INFORMATION: Created 28ef975ad30.
Sept. 13, 2026 3:09:06 PM com.jme3.bullet.objects.PhysicsRigidBody rebuildRigidBody
INFORMATION: Created 28ef975b060.
Sept. 13, 2026 3:09:06 PM com.jme3.bullet.objects.PhysicsRigidBody rebuildRigidBody
INFORMATION: Created 28ef975b390.
Sept. 13, 2026 3:09:06 PM com.jme3.bullet.objects.PhysicsRigidBody rebuildRigidBody
INFORMATION: Created 28ef975b6c0.
Sept. 13, 2026 3:09:06 PM com.jme3.bullet.objects.PhysicsRigidBody rebuildRigidBody
INFORMATION: Created 28ef975b9f0.
Sept. 13, 2026 3:09:06 PM com.jme3.bullet.objects.PhysicsRigidBody rebuildRigidBody
INFORMATION: Created 28ef975bd20.
Sept. 13, 2026 3:09:06 PM com.jme3.bullet.objects.PhysicsRigidBody rebuildRigidBody
INFORMATION: Created 28ef975c050.
Sept. 13, 2026 3:09:06 PM com.jme3.bullet.objects.PhysicsRigidBody rebuildRigidBody
INFORMATION: Created 28ef975c380.
Sept. 13, 2026 3:09:06 PM com.jme3.bullet.objects.PhysicsRigidBody rebuildRigidBody
INFORMATION: Created 28ef39588e0.
Sept. 13, 2026 3:09:06 PM com.jme3.bullet.objects.PhysicsRigidBody rebuildRigidBody
INFORMATION: Created 28ef3957f50.
Sept. 13, 2026 3:09:06 PM com.jme3.bullet.objects.PhysicsRigidBody rebuildRigidBody
INFORMATION: Created 28ef3959f30.
Sept. 13, 2026 3:09:06 PM com.jme3.bullet.objects.PhysicsRigidBody rebuildRigidBody
INFORMATION: Created 28ef395a8c0.
Sept. 13, 2026 3:09:06 PM com.jme3.bullet.objects.PhysicsRigidBody rebuildRigidBody
INFORMATION: Created 28ef3958280.
Sept. 13, 2026 3:09:06 PM com.jme3.bullet.objects.PhysicsRigidBody rebuildRigidBody
INFORMATION: Created 28ef3957c20.
Sept. 13, 2026 3:09:06 PM com.jme3.bullet.objects.PhysicsRigidBody rebuildRigidBody
INFORMATION: Created 28ef39598d0.
Sept. 13, 2026 3:09:06 PM com.jme3.bullet.objects.PhysicsRigidBody rebuildRigidBody
INFORMATION: Created 28ef395abf0.
Sept. 13, 2026 3:09:06 PM com.jme3.bullet.objects.PhysicsRigidBody rebuildRigidBody
INFORMATION: Created 28ef3959c00.
Sept. 13, 2026 3:09:06 PM com.jme3.bullet.objects.PhysicsRigidBody rebuildRigidBody
INFORMATION: Created 28ef39585b0.
Sept. 13, 2026 3:09:06 PM com.jme3.bullet.objects.PhysicsRigidBody rebuildRigidBody
INFORMATION: Created 28ef3958c10.
Sept. 13, 2026 3:09:06 PM com.jme3.bullet.objects.PhysicsRigidBody rebuildRigidBody
INFORMATION: Created 28ef3959270.
Sept. 13, 2026 3:09:06 PM com.jme3.bullet.objects.PhysicsRigidBody rebuildRigidBody
INFORMATION: Created 28ef3956f60.
Sept. 13, 2026 3:09:06 PM com.jme3.bullet.objects.PhysicsRigidBody rebuildRigidBody
INFORMATION: Created 28ef3958f40.
Sept. 13, 2026 3:09:06 PM com.jme3.bullet.objects.PhysicsRigidBody rebuildRigidBody
INFORMATION: Created 28ef395a590.
Sept. 13, 2026 3:09:06 PM com.jme3.bullet.objects.PhysicsRigidBody rebuildRigidBody
INFORMATION: Created 28ef39595a0.
Sept. 13, 2026 3:09:06 PM com.jme3.bullet.objects.PhysicsRigidBody rebuildRigidBody
INFORMATION: Created 28ef395a260.
Sept. 13, 2026 3:09:06 PM com.jme3.bullet.objects.PhysicsRigidBody rebuildRigidBody
INFORMATION: Created 28ef395af20.
Sept. 13, 2026 3:09:06 PM com.jme3.bullet.objects.PhysicsRigidBody rebuildRigidBody
INFORMATION: Created 28ef3957290.
Sept. 13, 2026 3:09:06 PM com.jme3.bullet.objects.PhysicsRigidBody rebuildRigidBody
INFORMATION: Created 28ef395b250.
Sept. 13, 2026 3:09:06 PM com.jme3.bullet.objects.PhysicsRigidBody rebuildRigidBody
INFORMATION: Created 28ef39575c0.
Sept. 13, 2026 3:09:06 PM com.jme3.bullet.objects.PhysicsRigidBody rebuildRigidBody
INFORMATION: Created 28ef39578f0.
Sept. 13, 2026 3:09:06 PM com.jme3.bullet.objects.PhysicsRigidBody rebuildRigidBody
INFORMATION: Created 28ef395d890.
Sept. 13, 2026 3:09:06 PM com.jme3.bullet.objects.PhysicsRigidBody rebuildRigidBody
INFORMATION: Created 28ef395bf10.
Sept. 13, 2026 3:09:06 PM com.jme3.bullet.objects.PhysicsRigidBody rebuildRigidBody
INFORMATION: Created 28ef395b580.
Sept. 13, 2026 3:09:06 PM com.jme3.bullet.objects.PhysicsRigidBody rebuildRigidBody
INFORMATION: Created 28ef395cf00.
Sept. 13, 2026 3:09:06 PM com.jme3.bullet.objects.PhysicsRigidBody rebuildRigidBody
INFORMATION: Created 28ef395ebb0.
Sept. 13, 2026 3:09:06 PM com.jme3.bullet.objects.PhysicsRigidBody rebuildRigidBody
INFORMATION: Created 28ef395e880.
Sept. 13, 2026 3:09:06 PM com.jme3.bullet.objects.PhysicsRigidBody rebuildRigidBody
INFORMATION: Created 28ef395b8b0.
Sept. 13, 2026 3:09:06 PM com.jme3.bullet.objects.PhysicsRigidBody rebuildRigidBody
INFORMATION: Created 28ef395c240.
Sept. 13, 2026 3:09:06 PM com.jme3.bullet.objects.PhysicsRigidBody rebuildRigidBody
INFORMATION: Created 28ef395dbc0.
Sept. 13, 2026 3:09:06 PM com.jme3.bullet.objects.PhysicsRigidBody rebuildRigidBody
INFORMATION: Created 28ef395def0.
Sept. 13, 2026 3:09:06 PM com.jme3.bullet.objects.PhysicsRigidBody rebuildRigidBody
INFORMATION: Created 28ef395bbe0.
Sept. 13, 2026 3:09:06 PM com.jme3.bullet.objects.PhysicsRigidBody rebuildRigidBody
INFORMATION: Created 28ef395d560.
Sept. 13, 2026 3:09:06 PM com.jme3.bullet.objects.PhysicsRigidBody rebuildRigidBody
INFORMATION: Created 28ef395c570.
Sept. 13, 2026 3:09:06 PM com.jme3.bullet.objects.PhysicsRigidBody rebuildRigidBody
INFORMATION: Created 28ef395c8a0.
Sept. 13, 2026 3:09:06 PM com.jme3.bullet.objects.PhysicsRigidBody rebuildRigidBody
INFORMATION: Created 28ef395cbd0.
Sept. 13, 2026 3:09:06 PM com.jme3.bullet.objects.PhysicsRigidBody rebuildRigidBody
INFORMATION: Created 28ef395e220.
Sept. 13, 2026 3:09:06 PM com.jme3.bullet.objects.PhysicsRigidBody rebuildRigidBody
INFORMATION: Created 28ef395d230.
Sept. 13, 2026 3:09:06 PM com.jme3.bullet.objects.PhysicsRigidBody rebuildRigidBody
INFORMATION: Created 28ef395e550.
Sept. 13, 2026 3:09:06 PM com.jme3.bullet.objects.PhysicsRigidBody rebuildRigidBody
INFORMATION: Created 28ec1084dc0.
Sept. 13, 2026 3:09:06 PM com.jme3.bullet.objects.PhysicsRigidBody rebuildRigidBody
INFORMATION: Created 28ec1084760.
Sept. 13, 2026 3:09:06 PM com.jme3.bullet.objects.PhysicsRigidBody rebuildRigidBody
INFORMATION: Created 28ec1081df0.
Sept. 13, 2026 3:09:06 PM com.jme3.bullet.objects.PhysicsRigidBody rebuildRigidBody
INFORMATION: Created 28ec1082120.
Sept. 13, 2026 3:09:06 PM com.jme3.bullet.objects.PhysicsRigidBody rebuildRigidBody
INFORMATION: Created 28ec1082450.
Sept. 13, 2026 3:09:06 PM com.jme3.bullet.objects.PhysicsRigidBody rebuildRigidBody
INFORMATION: Created 28ec1083110.
Sept. 13, 2026 3:09:06 PM com.jme3.bullet.objects.PhysicsRigidBody rebuildRigidBody
INFORMATION: Created 28ec1082780.
Sept. 13, 2026 3:09:06 PM com.jme3.bullet.objects.PhysicsRigidBody rebuildRigidBody
INFORMATION: Created 28ec10850f0.
Sept. 13, 2026 3:09:06 PM com.jme3.bullet.objects.PhysicsRigidBody rebuildRigidBody
INFORMATION: Created 28ec1082ab0.
Sept. 13, 2026 3:09:06 PM com.jme3.bullet.objects.PhysicsRigidBody rebuildRigidBody
INFORMATION: Created 28ec1084430.
Sept. 13, 2026 3:09:06 PM com.jme3.bullet.objects.PhysicsRigidBody rebuildRigidBody
INFORMATION: Created 28ec1082de0.
Sept. 13, 2026 3:09:06 PM com.jme3.bullet.objects.PhysicsRigidBody rebuildRigidBody
INFORMATION: Created 28ec1083aa0.
Sept. 13, 2026 3:09:06 PM com.jme3.bullet.objects.PhysicsRigidBody rebuildRigidBody
INFORMATION: Created 28ec1084100.
Sept. 13, 2026 3:09:06 PM com.jme3.bullet.objects.PhysicsRigidBody rebuildRigidBody
INFORMATION: Created 28ec1084a90.
Sept. 13, 2026 3:09:06 PM com.jme3.bullet.objects.PhysicsRigidBody rebuildRigidBody
INFORMATION: Created 28ec1081460.
Sept. 13, 2026 3:09:06 PM com.jme3.bullet.objects.PhysicsRigidBody rebuildRigidBody
INFORMATION: Created 28ec1083440.
Sept. 13, 2026 3:09:06 PM com.jme3.bullet.objects.PhysicsRigidBody rebuildRigidBody
INFORMATION: Created 28ec1083770.
Sept. 13, 2026 3:09:06 PM com.jme3.bullet.objects.PhysicsRigidBody rebuildRigidBody
INFORMATION: Created 28ec1085420.
Sept. 13, 2026 3:09:06 PM com.jme3.bullet.objects.PhysicsRigidBody rebuildRigidBody
INFORMATION: Created 28ec1083dd0.
Sept. 13, 2026 3:09:06 PM com.jme3.bullet.objects.PhysicsRigidBody rebuildRigidBody
INFORMATION: Created 28ec1081790.
Sept. 13, 2026 3:09:06 PM com.jme3.bullet.objects.PhysicsRigidBody rebuildRigidBody
INFORMATION: Created 28ec1085750.
Sept. 13, 2026 3:09:06 PM com.jme3.bullet.objects.PhysicsRigidBody rebuildRigidBody
INFORMATION: Created 28ec1081ac0.
Sept. 13, 2026 3:09:06 PM com.jme3.bullet.objects.PhysicsRigidBody rebuildRigidBody
INFORMATION: Created 28ec1086740.
Sept. 13, 2026 3:09:06 PM com.jme3.bullet.objects.PhysicsRigidBody rebuildRigidBody
INFORMATION: Created 28ec1085a80.
Sept. 13, 2026 3:09:06 PM com.jme3.bullet.objects.PhysicsRigidBody rebuildRigidBody
INFORMATION: Created 28ec1086da0.
Sept. 13, 2026 3:09:06 PM com.jme3.bullet.objects.PhysicsRigidBody rebuildRigidBody
INFORMATION: Created 28ec1088a50.
Sept. 13, 2026 3:09:06 PM com.jme3.bullet.objects.PhysicsRigidBody rebuildRigidBody
INFORMATION: Created 28ec1085db0.
Sept. 13, 2026 3:09:06 PM com.jme3.bullet.objects.PhysicsRigidBody rebuildRigidBody
INFORMATION: Created 28ec10883f0.
Sept. 13, 2026 3:09:06 PM com.jme3.bullet.objects.PhysicsRigidBody rebuildRigidBody
INFORMATION: Created 28ec1086a70.
Sept. 13, 2026 3:09:06 PM com.jme3.bullet.objects.PhysicsRigidBody rebuildRigidBody
INFORMATION: Created 28ec10860e0.
Sept. 13, 2026 3:09:06 PM com.jme3.bullet.objects.PhysicsRigidBody rebuildRigidBody
INFORMATION: Created 28ec1087400.
Sept. 13, 2026 3:09:06 PM com.jme3.bullet.objects.PhysicsRigidBody rebuildRigidBody
INFORMATION: Created 28ec10870d0.
Sept. 13, 2026 3:09:06 PM com.jme3.bullet.objects.PhysicsRigidBody rebuildRigidBody
INFORMATION: Created 28ec1087730.
Sept. 13, 2026 3:09:06 PM com.jme3.bullet.objects.PhysicsRigidBody rebuildRigidBody
INFORMATION: Created 28ec10880c0.
Sept. 13, 2026 3:09:06 PM com.jme3.bullet.objects.PhysicsRigidBody rebuildRigidBody
INFORMATION: Created 28ec1086410.
Sept. 13, 2026 3:09:06 PM com.jme3.bullet.objects.PhysicsRigidBody rebuildRigidBody
INFORMATION: Created 28ec1087a60.
Sept. 13, 2026 3:09:06 PM com.jme3.bullet.objects.PhysicsRigidBody rebuildRigidBody
INFORMATION: Created 28ec1087d90.
Sept. 13, 2026 3:09:06 PM com.jme3.bullet.objects.PhysicsRigidBody rebuildRigidBody
INFORMATION: Created 28ec1088720.
Sept. 13, 2026 3:09:06 PM com.jme3.bullet.objects.PhysicsRigidBody rebuildRigidBody
INFORMATION: Created 28ec1088d80.
Sept. 13, 2026 3:09:06 PM com.jme3.bullet.objects.PhysicsRigidBody rebuildRigidBody
INFORMATION: Created 28ec10890b0.
Sept. 13, 2026 3:09:06 PM com.jme3.bullet.objects.PhysicsRigidBody rebuildRigidBody
INFORMATION: Created 28ef8a13810.
Sept. 13, 2026 3:09:06 PM com.jme3.bullet.objects.PhysicsRigidBody rebuildRigidBody
INFORMATION: Created 28ef8a0feb0.
Sept. 13, 2026 3:09:06 PM com.jme3.bullet.objects.PhysicsRigidBody rebuildRigidBody
INFORMATION: Created 28efd1d3050.
Sept. 13, 2026 3:09:06 PM com.jme3.bullet.objects.PhysicsRigidBody rebuildRigidBody
INFORMATION: Created 28efd1d5030.
Sept. 13, 2026 3:09:06 PM com.jme3.bullet.objects.PhysicsRigidBody rebuildRigidBody
INFORMATION: Created 28efd1d5690.
Sept. 13, 2026 3:09:06 PM com.jme3.bullet.objects.PhysicsRigidBody rebuildRigidBody
INFORMATION: Created 28efd1d59c0.
Sept. 13, 2026 3:09:06 PM com.jme3.bullet.objects.PhysicsRigidBody rebuildRigidBody
INFORMATION: Created 28efd1d2060.
Sept. 13, 2026 3:09:06 PM com.jme3.bullet.objects.PhysicsRigidBody rebuildRigidBody
INFORMATION: Created 28efd1d3380.
Sept. 13, 2026 3:09:06 PM com.jme3.bullet.objects.PhysicsRigidBody rebuildRigidBody
INFORMATION: Created 28f16d669b0.
Sept. 13, 2026 3:09:06 PM com.jme3.bullet.objects.PhysicsRigidBody rebuildRigidBody
INFORMATION: Created 28f16d65690.
Sept. 13, 2026 3:09:06 PM com.jme3.bullet.objects.PhysicsRigidBody rebuildRigidBody
INFORMATION: Created 28f16d65360.
[GAME] Das Kettenverlies
Sept. 13, 2026 3:09:06 PM com.jme3.anim.SkinningControl controlRender
INFORMATION: Hardware skinning engaged for Scene (Node)
Sept. 13, 2026 3:09:06 PM com.jme3.anim.SkinningControl controlRender
INFORMATION: Hardware skinning engaged for Scene (Node)
Sept. 13, 2026 3:09:06 PM com.jme3.anim.SkinningControl controlRender
INFORMATION: Hardware skinning engaged for Scene (Node)
Sept. 13, 2026 3:09:06 PM com.jme3.anim.SkinningControl controlRender
INFORMATION: Hardware skinning engaged for Scene (Node)
Sept. 13, 2026 3:09:06 PM com.jme3.anim.SkinningControl controlRender
INFORMATION: Hardware skinning engaged for Scene (Node)
Sept. 13, 2026 3:09:06 PM com.jme3.anim.SkinningControl controlRender
INFORMATION: Hardware skinning engaged for Scene (Node)
Sept. 13, 2026 3:09:06 PM com.jme3.anim.SkinningControl controlRender
INFORMATION: Hardware skinning engaged for Scene (Node)
[SMOKE] stage 20
[CHECK] Both seals unlock prison
[GAME] Goblin besiegt  +35 EP  +8 Gold
[GAME] Ork-Brecher besiegt  +70 EP  +13 Gold
[GAME] Ork-Brecher besiegt  +70 EP  +13 Gold
[GAME] Ork-Brecher besiegt  +70 EP  +13 Gold
[GAME] Aschenrufer besiegt  +65 EP  +23 Gold
[GAME] Eiserner Wächter besiegt  +115 EP  +18 Gold
[GAME] Eiserner Wächter besiegt  +115 EP  +18 Gold
[GAME] STUFE 7  -  Fähigkeitspunkt erhalten [K]
[GAME] Eiserner Wächter besiegt  +115 EP  +18 Gold
[GAME] Schlüssel des Kerkermeisters erhalten.
[GAME] Auftrag erfüllt: Der letzte Kerkermeister  +160 EP
[GAME] Die Gefangenen sind frei. Der König verliert 20% seiner Lebenskraft.
[GAME] Auftrag erfüllt: Der Preis der Freiheit  +180 EP
[CHECK] Prisoner branch
[CHECK] Keeper drops key
Sept. 13, 2026 3:09:08 PM com.jme3.bullet.objects.PhysicsRigidBody rebuildRigidBody
INFORMATION: Created 28ef8a121c0.
Sept. 13, 2026 3:09:08 PM com.jme3.bullet.objects.PhysicsRigidBody rebuildRigidBody
INFORMATION: Created 28ef8a111d0.
Sept. 13, 2026 3:09:08 PM com.jme3.bullet.objects.PhysicsRigidBody rebuildRigidBody
INFORMATION: Created 28ef8a10510.
Sept. 13, 2026 3:09:08 PM com.jme3.bullet.objects.PhysicsRigidBody rebuildRigidBody
INFORMATION: Created 28ef8a13b40.
Sept. 13, 2026 3:09:08 PM com.jme3.bullet.objects.PhysicsRigidBody rebuildRigidBody
INFORMATION: Created 28ef8a11b60.
Sept. 13, 2026 3:09:08 PM com.jme3.bullet.objects.PhysicsRigidBody rebuildRigidBody
INFORMATION: Created 28ef8a10ea0.
Sept. 13, 2026 3:09:08 PM com.jme3.bullet.objects.PhysicsRigidBody rebuildRigidBody
INFORMATION: Created 28ef8a134e0.
Sept. 13, 2026 3:09:08 PM com.jme3.bullet.objects.PhysicsRigidBody rebuildRigidBody
INFORMATION: Created 28ef8a11500.
Sept. 13, 2026 3:09:08 PM com.jme3.bullet.objects.PhysicsRigidBody rebuildRigidBody
INFORMATION: Created 28ef8a13e70.
Sept. 13, 2026 3:09:08 PM com.jme3.bullet.objects.PhysicsRigidBody rebuildRigidBody
INFORMATION: Created 28ef8a11e90.
Sept. 13, 2026 3:09:08 PM com.jme3.bullet.objects.PhysicsRigidBody rebuildRigidBody
INFORMATION: Created 28ef8a124f0.
Sept. 13, 2026 3:09:08 PM com.jme3.bullet.objects.PhysicsRigidBody rebuildRigidBody
INFORMATION: Created 28ef8a12820.
Sept. 13, 2026 3:09:08 PM com.jme3.bullet.objects.PhysicsRigidBody rebuildRigidBody
INFORMATION: Created 28ef8a101e0.
Sept. 13, 2026 3:09:08 PM com.jme3.bullet.objects.PhysicsRigidBody rebuildRigidBody
INFORMATION: Created 28ef8a144d0.
Sept. 13, 2026 3:09:08 PM com.jme3.bullet.objects.PhysicsRigidBody rebuildRigidBody
INFORMATION: Created 28ef8a141a0.
Sept. 13, 2026 3:09:08 PM com.jme3.bullet.objects.PhysicsRigidBody rebuildRigidBody
INFORMATION: Created 28ef8a10b70.
Sept. 13, 2026 3:09:08 PM com.jme3.bullet.objects.PhysicsRigidBody rebuildRigidBody
INFORMATION: Created 28ef8a10840.
Sept. 13, 2026 3:09:08 PM com.jme3.bullet.objects.PhysicsRigidBody rebuildRigidBody
INFORMATION: Created 28ef8a14800.
Sept. 13, 2026 3:09:08 PM com.jme3.bullet.objects.PhysicsRigidBody rebuildRigidBody
INFORMATION: Created 28ef8a15190.
Sept. 13, 2026 3:09:08 PM com.jme3.bullet.objects.PhysicsRigidBody rebuildRigidBody
INFORMATION: Created 28ef8a14b30.
Sept. 13, 2026 3:09:08 PM com.jme3.bullet.objects.PhysicsRigidBody rebuildRigidBody
INFORMATION: Created 28ef8a12b50.
Sept. 13, 2026 3:09:08 PM com.jme3.bullet.objects.PhysicsRigidBody rebuildRigidBody
INFORMATION: Created 28ef8a14e60.
Sept. 13, 2026 3:09:08 PM com.jme3.bullet.objects.PhysicsRigidBody rebuildRigidBody
INFORMATION: Created 28ef8a12e80.
Sept. 13, 2026 3:09:08 PM com.jme3.bullet.objects.PhysicsRigidBody rebuildRigidBody
INFORMATION: Created 28ef8a154c0.
Sept. 13, 2026 3:09:08 PM com.jme3.bullet.objects.PhysicsRigidBody rebuildRigidBody
INFORMATION: Created 28ef8a11830.
Sept. 13, 2026 3:09:08 PM com.jme3.bullet.objects.PhysicsRigidBody rebuildRigidBody
INFORMATION: Created 28ef8a157f0.
Sept. 13, 2026 3:09:08 PM com.jme3.bullet.objects.PhysicsRigidBody rebuildRigidBody
INFORMATION: Created 28ef8a15b20.
Sept. 13, 2026 3:09:08 PM com.jme3.bullet.objects.PhysicsRigidBody rebuildRigidBody
INFORMATION: Created 28ef8a15e50.
Sept. 13, 2026 3:09:08 PM com.jme3.bullet.objects.PhysicsRigidBody rebuildRigidBody
INFORMATION: Created 28ef8a16180.
Sept. 13, 2026 3:09:08 PM com.jme3.bullet.objects.PhysicsRigidBody rebuildRigidBody
INFORMATION: Created 28ef8a164b0.
Sept. 13, 2026 3:09:08 PM com.jme3.bullet.objects.PhysicsRigidBody rebuildRigidBody
INFORMATION: Created 28ef8a167e0.
Sept. 13, 2026 3:09:08 PM com.jme3.bullet.objects.PhysicsRigidBody rebuildRigidBody
INFORMATION: Created 28ef8a16b10.
Sept. 13, 2026 3:09:08 PM com.jme3.bullet.objects.PhysicsRigidBody rebuildRigidBody
INFORMATION: Created 28ef8a16e40.
Sept. 13, 2026 3:09:08 PM com.jme3.bullet.objects.PhysicsRigidBody rebuildRigidBody
INFORMATION: Created 28ef8a131b0.
Sept. 13, 2026 3:09:08 PM com.jme3.bullet.objects.PhysicsRigidBody rebuildRigidBody
INFORMATION: Created 28ef8a17170.
Sept. 13, 2026 3:09:08 PM com.jme3.bullet.objects.PhysicsRigidBody rebuildRigidBody
INFORMATION: Created 28ef8a174a0.
Sept. 13, 2026 3:09:08 PM com.jme3.bullet.objects.PhysicsRigidBody rebuildRigidBody
INFORMATION: Created 28ef8a177d0.
Sept. 13, 2026 3:09:08 PM com.jme3.bullet.objects.PhysicsRigidBody rebuildRigidBody
INFORMATION: Created 28ef8a17b00.
Sept. 13, 2026 3:09:08 PM com.jme3.bullet.objects.PhysicsRigidBody rebuildRigidBody
INFORMATION: Created 28efabe2500.
Sept. 13, 2026 3:09:08 PM com.jme3.bullet.objects.PhysicsRigidBody rebuildRigidBody
INFORMATION: Created 28efabe0b80.
Sept. 13, 2026 3:09:08 PM com.jme3.bullet.objects.PhysicsRigidBody rebuildRigidBody
INFORMATION: Created 28efabe11e0.
Sept. 13, 2026 3:09:08 PM com.jme3.bullet.objects.PhysicsRigidBody rebuildRigidBody
INFORMATION: Created 28efabe2b60.
Sept. 13, 2026 3:09:08 PM com.jme3.bullet.objects.PhysicsRigidBody rebuildRigidBody
INFORMATION: Created 28efabe21d0.
Sept. 13, 2026 3:09:08 PM com.jme3.bullet.objects.PhysicsRigidBody rebuildRigidBody
INFORMATION: Created 28efabe31c0.
Sept. 13, 2026 3:09:08 PM com.jme3.bullet.objects.PhysicsRigidBody rebuildRigidBody
INFORMATION: Created 28efabe2830.
Sept. 13, 2026 3:09:08 PM com.jme3.bullet.objects.PhysicsRigidBody rebuildRigidBody
INFORMATION: Created 28efabe1510.
Sept. 13, 2026 3:09:08 PM com.jme3.bullet.objects.PhysicsRigidBody rebuildRigidBody
INFORMATION: Created 28efabe1b70.
Sept. 13, 2026 3:09:08 PM com.jme3.bullet.objects.PhysicsRigidBody rebuildRigidBody
INFORMATION: Created 28efabe34f0.
Sept. 13, 2026 3:09:08 PM com.jme3.bullet.objects.PhysicsRigidBody rebuildRigidBody
INFORMATION: Created 28efabe1840.
Sept. 13, 2026 3:09:08 PM com.jme3.bullet.objects.PhysicsRigidBody rebuildRigidBody
INFORMATION: Created 28efabe1ea0.
Sept. 13, 2026 3:09:08 PM com.jme3.bullet.objects.PhysicsRigidBody rebuildRigidBody
INFORMATION: Created 28efabe2e90.
Sept. 13, 2026 3:09:08 PM com.jme3.bullet.objects.PhysicsRigidBody rebuildRigidBody
INFORMATION: Created 28efabe3820.
Sept. 13, 2026 3:09:08 PM com.jme3.bullet.objects.PhysicsRigidBody rebuildRigidBody
INFORMATION: Created 28efabe3b50.
Sept. 13, 2026 3:09:08 PM com.jme3.bullet.objects.PhysicsRigidBody rebuildRigidBody
INFORMATION: Created 28efabe3e80.
Sept. 13, 2026 3:09:08 PM com.jme3.bullet.objects.PhysicsRigidBody rebuildRigidBody
INFORMATION: Created 28efabe0520.
Sept. 13, 2026 3:09:08 PM com.jme3.bullet.objects.PhysicsRigidBody rebuildRigidBody
INFORMATION: Created 28efabe0eb0.
Sept. 13, 2026 3:09:08 PM com.jme3.bullet.objects.PhysicsRigidBody rebuildRigidBody
INFORMATION: Created 28f003779c0.
Sept. 13, 2026 3:09:08 PM com.jme3.bullet.objects.PhysicsRigidBody rebuildRigidBody
INFORMATION: Created 28f003789b0.
Sept. 13, 2026 3:09:08 PM com.jme3.bullet.objects.PhysicsRigidBody rebuildRigidBody
INFORMATION: Created 28f00379010.
Sept. 13, 2026 3:09:08 PM com.jme3.bullet.objects.PhysicsRigidBody rebuildRigidBody
INFORMATION: Created 28f00378ce0.
Sept. 13, 2026 3:09:08 PM com.jme3.bullet.objects.PhysicsRigidBody rebuildRigidBody
INFORMATION: Created 28f003759e0.
Sept. 13, 2026 3:09:08 PM com.jme3.bullet.objects.PhysicsRigidBody rebuildRigidBody
INFORMATION: Created 28f003756b0.
Sept. 13, 2026 3:09:08 PM com.jme3.bullet.objects.PhysicsRigidBody rebuildRigidBody
INFORMATION: Created 28f00378680.
Sept. 13, 2026 3:09:08 PM com.jme3.bullet.objects.PhysicsRigidBody rebuildRigidBody
INFORMATION: Created 28f00375d10.
Sept. 13, 2026 3:09:08 PM com.jme3.bullet.objects.PhysicsRigidBody rebuildRigidBody
INFORMATION: Created 28f00376040.
Sept. 13, 2026 3:09:08 PM com.jme3.bullet.objects.PhysicsRigidBody rebuildRigidBody
INFORMATION: Created 28f003766a0.
Sept. 13, 2026 3:09:08 PM com.jme3.bullet.objects.PhysicsRigidBody rebuildRigidBody
INFORMATION: Created 28f003769d0.
Sept. 13, 2026 3:09:08 PM com.jme3.bullet.objects.PhysicsRigidBody rebuildRigidBody
INFORMATION: Created 28f00376d00.
Sept. 13, 2026 3:09:08 PM com.jme3.bullet.objects.PhysicsRigidBody rebuildRigidBody
INFORMATION: Created 28f00377690.
Sept. 13, 2026 3:09:08 PM com.jme3.bullet.objects.PhysicsRigidBody rebuildRigidBody
INFORMATION: Created 28f00377cf0.
Sept. 13, 2026 3:09:08 PM com.jme3.bullet.objects.PhysicsRigidBody rebuildRigidBody
INFORMATION: Created 28f00378020.
Sept. 13, 2026 3:09:08 PM com.jme3.bullet.objects.PhysicsRigidBody rebuildRigidBody
INFORMATION: Created 28f16c00ef0.
Sept. 13, 2026 3:09:08 PM com.jme3.bullet.objects.PhysicsRigidBody rebuildRigidBody
INFORMATION: Created 28f16c01220.
Sept. 13, 2026 3:09:08 PM com.jme3.bullet.objects.PhysicsRigidBody rebuildRigidBody
INFORMATION: Created 28f16c01bb0.
Sept. 13, 2026 3:09:08 PM com.jme3.bullet.objects.PhysicsRigidBody rebuildRigidBody
INFORMATION: Created 28f16c01880.
Sept. 13, 2026 3:09:08 PM com.jme3.bullet.objects.PhysicsRigidBody rebuildRigidBody
INFORMATION: Created 28f16c03200.
Sept. 13, 2026 3:09:08 PM com.jme3.bullet.objects.PhysicsRigidBody rebuildRigidBody
INFORMATION: Created 28f16c01ee0.
Sept. 13, 2026 3:09:08 PM com.jme3.bullet.objects.PhysicsRigidBody rebuildRigidBody
INFORMATION: Created 28f16c02ed0.
Sept. 13, 2026 3:09:08 PM com.jme3.bullet.objects.PhysicsRigidBody rebuildRigidBody
INFORMATION: Created 28f16c03860.
Sept. 13, 2026 3:09:08 PM com.jme3.bullet.objects.PhysicsRigidBody rebuildRigidBody
INFORMATION: Created 28f16c02870.
Sept. 13, 2026 3:09:08 PM com.jme3.bullet.objects.PhysicsRigidBody rebuildRigidBody
INFORMATION: Created 28f16bfff00.
Sept. 13, 2026 3:09:08 PM com.jme3.bullet.objects.PhysicsRigidBody rebuildRigidBody
INFORMATION: Created 28f16c02ba0.
Sept. 13, 2026 3:09:08 PM com.jme3.bullet.objects.PhysicsRigidBody rebuildRigidBody
INFORMATION: Created 28f168767e0.
Sept. 13, 2026 3:09:08 PM com.jme3.bullet.objects.PhysicsRigidBody rebuildRigidBody
INFORMATION: Created 28f16876b10.
Sept. 13, 2026 3:09:08 PM com.jme3.bullet.objects.PhysicsRigidBody rebuildRigidBody
INFORMATION: Created 28f16876e40.
Sept. 13, 2026 3:09:08 PM com.jme3.bullet.objects.PhysicsRigidBody rebuildRigidBody
INFORMATION: Created 28f16877170.
Sept. 13, 2026 3:09:08 PM com.jme3.bullet.objects.PhysicsRigidBody rebuildRigidBody
INFORMATION: Created 28f16878160.
Sept. 13, 2026 3:09:08 PM com.jme3.bullet.objects.PhysicsRigidBody rebuildRigidBody
INFORMATION: Created 28f16877e30.
Sept. 13, 2026 3:09:08 PM com.jme3.bullet.objects.PhysicsRigidBody rebuildRigidBody
INFORMATION: Created 28f168777d0.
Sept. 13, 2026 3:09:08 PM com.jme3.bullet.objects.PhysicsRigidBody rebuildRigidBody
INFORMATION: Created 28f16877b00.
Sept. 13, 2026 3:09:08 PM com.jme3.bullet.objects.PhysicsRigidBody rebuildRigidBody
INFORMATION: Created 28ef98a5480.
Sept. 13, 2026 3:09:08 PM com.jme3.bullet.objects.PhysicsRigidBody rebuildRigidBody
INFORMATION: Created 28ef98a4e20.
Sept. 13, 2026 3:09:08 PM com.jme3.bullet.objects.PhysicsRigidBody rebuildRigidBody
INFORMATION: Created 28ef98a5150.
Sept. 13, 2026 3:09:08 PM com.jme3.bullet.objects.PhysicsRigidBody rebuildRigidBody
INFORMATION: Created 28f16d64040.
Sept. 13, 2026 3:09:08 PM com.jme3.bullet.objects.PhysicsRigidBody rebuildRigidBody
INFORMATION: Created 28f16d646a0.
Sept. 13, 2026 3:09:08 PM com.jme3.bullet.objects.PhysicsRigidBody rebuildRigidBody
INFORMATION: Created 28f16d649d0.
Sept. 13, 2026 3:09:08 PM com.jme3.bullet.objects.PhysicsRigidBody rebuildRigidBody
INFORMATION: Created 28f16d63050.
[GAME] Der Aschenthron
Sept. 13, 2026 3:09:08 PM com.jme3.anim.SkinningControl controlRender
INFORMATION: Hardware skinning engaged for Scene (Node)
Sept. 13, 2026 3:09:08 PM com.jme3.anim.SkinningControl controlRender
INFORMATION: Hardware skinning engaged for Scene (Node)
Sept. 13, 2026 3:09:08 PM com.jme3.anim.SkinningControl controlRender
INFORMATION: Hardware skinning engaged for Scene (Node)
Sept. 13, 2026 3:09:08 PM com.jme3.anim.SkinningControl controlRender
INFORMATION: Hardware skinning engaged for Scene (Node)
[SMOKE] stage 21
[CHECK] Keeper key opens throne
[CHECK] Prisoner rescue weakens boss
[GAME] Ork-Brecher besiegt  +70 EP  +13 Gold
[GAME] Aschenrufer besiegt  +65 EP  +23 Gold
[GAME] STUFE 8  -  Fähigkeitspunkt erhalten [K]
[GAME] Auftrag erfüllt: Erinnerung an die Fünf  +220 EP
[GAME] ORK-KÖNIG  -  PHASE 2  |  Die Erde bebt
[SMOKE] stage 22
[CHECK] Boss enters second phase (mode PLAYING, hero 245.0, king 792.0 / 1200.0 state CHASE)
[CHECK] Death clip runs once and holds
[CHECK] Dead enemy lies on the floor
[CHECK] Death clip runs once and holds
[CHECK] Dead enemy lies on the floor
[GAME] ORK-KÖNIG  -  PHASE 3  |  Die Krone brennt
[SMOKE] stage 23
[CHECK] Boss enters third phase
[GAME] Ork-König besiegt  +500 EP  +100 Gold
[GAME] Die Krone faellt. Dein Urteil steht noch aus.
[GAME] Auftrag erfüllt: Unter einer Aschenkrone  +500 EP
[GAME] Stufe 9 erreicht! K: Fähigkeiten verbessern.
[SMOKE] stage 24
[CHECK] Boss death unlocks epilogue
[GAME] Auftrag erfüllt: Was vom Feuer bleibt  +0 EP
[CHECK] Seal ending plays its closing sequence
[CHECK] All ten quests can be completed
[SMOKE] stage 25
[CHECK] Closing sequence shows its subtitles
[CHECK] Closing sequence circles the throne
[CHECK] Closing sequence ends on the Ending page
[CHECK] Alternative crown ending has its own sequence
[SMOKE] stage 26
Sept. 13, 2026 3:09:23 PM com.jme3.bullet.objects.PhysicsRigidBody rebuildRigidBody
INFORMATION: Created 28f16c02540.
Sept. 13, 2026 3:09:23 PM com.jme3.bullet.objects.PhysicsRigidBody rebuildRigidBody
INFORMATION: Created 28f16c03530.
Sept. 13, 2026 3:09:23 PM com.jme3.bullet.objects.PhysicsRigidBody rebuildRigidBody
INFORMATION: Created 28f16c00230.
Sept. 13, 2026 3:09:23 PM com.jme3.bullet.objects.PhysicsRigidBody rebuildRigidBody
INFORMATION: Created 28f16c00560.
Sept. 13, 2026 3:09:23 PM com.jme3.bullet.objects.PhysicsRigidBody rebuildRigidBody
INFORMATION: Created 28f16c02210.
Sept. 13, 2026 3:09:23 PM com.jme3.bullet.objects.PhysicsRigidBody rebuildRigidBody
INFORMATION: Created 28f16c00890.
Sept. 13, 2026 3:09:23 PM com.jme3.bullet.objects.PhysicsRigidBody rebuildRigidBody
INFORMATION: Created 28f16c00bc0.
Sept. 13, 2026 3:09:23 PM com.jme3.bullet.objects.PhysicsRigidBody rebuildRigidBody
INFORMATION: Created 28f16c01550.
Sept. 13, 2026 3:09:23 PM com.jme3.bullet.objects.PhysicsRigidBody rebuildRigidBody
INFORMATION: Created 28ef98a57b0.
Sept. 13, 2026 3:09:23 PM com.jme3.bullet.objects.PhysicsRigidBody rebuildRigidBody
INFORMATION: Created 28ef98a5e10.
Sept. 13, 2026 3:09:23 PM com.jme3.bullet.objects.PhysicsRigidBody rebuildRigidBody
INFORMATION: Created 28ef98a5ae0.
Sept. 13, 2026 3:09:23 PM com.jme3.bullet.objects.PhysicsRigidBody rebuildRigidBody
INFORMATION: Created 28ef98a6140.
Sept. 13, 2026 3:09:23 PM com.jme3.bullet.objects.PhysicsRigidBody rebuildRigidBody
INFORMATION: Created 28ef98a6470.
Sept. 13, 2026 3:09:23 PM com.jme3.bullet.objects.PhysicsRigidBody rebuildRigidBody
INFORMATION: Created 28ef98a4af0.
Sept. 13, 2026 3:09:23 PM com.jme3.bullet.objects.PhysicsRigidBody rebuildRigidBody
INFORMATION: Created 28f00378350.
Sept. 13, 2026 3:09:23 PM com.jme3.bullet.objects.PhysicsRigidBody rebuildRigidBody
INFORMATION: Created 28f00377360.
Sept. 13, 2026 3:09:23 PM com.jme3.bullet.objects.PhysicsRigidBody rebuildRigidBody
INFORMATION: Created 28f00376370.
Sept. 13, 2026 3:09:23 PM com.jme3.bullet.objects.PhysicsRigidBody rebuildRigidBody
INFORMATION: Created 28f00377030.
Sept. 13, 2026 3:09:23 PM com.jme3.bullet.objects.PhysicsRigidBody rebuildRigidBody
INFORMATION: Created 28efb95d110.
Sept. 13, 2026 3:09:23 PM com.jme3.bullet.objects.PhysicsRigidBody rebuildRigidBody
INFORMATION: Created 28efb95d440.
Sept. 13, 2026 3:09:23 PM com.jme3.bullet.objects.PhysicsRigidBody rebuildRigidBody
INFORMATION: Created 28efb95d770.
Sept. 13, 2026 3:09:23 PM com.jme3.bullet.objects.PhysicsRigidBody rebuildRigidBody
INFORMATION: Created 28ef8a13810.
Sept. 13, 2026 3:09:23 PM com.jme3.bullet.objects.PhysicsRigidBody rebuildRigidBody
INFORMATION: Created 28ef8a0feb0.
Sept. 13, 2026 3:09:23 PM com.jme3.bullet.objects.PhysicsRigidBody rebuildRigidBody
INFORMATION: Created 28f168774a0.
Sept. 13, 2026 3:09:23 PM com.jme3.bullet.objects.PhysicsRigidBody rebuildRigidBody
INFORMATION: Created 28efad70080.
Sept. 13, 2026 3:09:23 PM com.jme3.bullet.objects.PhysicsRigidBody rebuildRigidBody
INFORMATION: Created 28efad72060.
Sept. 13, 2026 3:09:23 PM com.jme3.bullet.objects.PhysicsRigidBody rebuildRigidBody
INFORMATION: Created 28efad706e0.
Sept. 13, 2026 3:09:23 PM com.jme3.bullet.objects.PhysicsRigidBody rebuildRigidBody
INFORMATION: Created 28efad72d20.
Sept. 13, 2026 3:09:23 PM com.jme3.bullet.objects.PhysicsRigidBody rebuildRigidBody
INFORMATION: Created 28efad73380.
Sept. 13, 2026 3:09:23 PM com.jme3.bullet.objects.PhysicsRigidBody rebuildRigidBody
INFORMATION: Created 28efad736b0.
Sept. 13, 2026 3:09:23 PM com.jme3.bullet.objects.PhysicsRigidBody rebuildRigidBody
INFORMATION: Created 28efad713a0.
Sept. 13, 2026 3:09:23 PM com.jme3.bullet.objects.PhysicsRigidBody rebuildRigidBody
INFORMATION: Created 28efad729f0.
Sept. 13, 2026 3:09:23 PM com.jme3.bullet.objects.PhysicsRigidBody rebuildRigidBody
INFORMATION: Created 28efad739e0.
Sept. 13, 2026 3:09:23 PM com.jme3.bullet.objects.PhysicsRigidBody rebuildRigidBody
INFORMATION: Created 28efad72390.
Sept. 13, 2026 3:09:23 PM com.jme3.bullet.objects.PhysicsRigidBody rebuildRigidBody
INFORMATION: Created 28efad73050.
Sept. 13, 2026 3:09:23 PM com.jme3.bullet.objects.PhysicsRigidBody rebuildRigidBody
INFORMATION: Created 28efad71d30.
Sept. 13, 2026 3:09:23 PM com.jme3.bullet.objects.PhysicsRigidBody rebuildRigidBody
INFORMATION: Created 28efad703b0.
Sept. 13, 2026 3:09:23 PM com.jme3.bullet.objects.PhysicsRigidBody rebuildRigidBody
INFORMATION: Created 28efad716d0.
Sept. 13, 2026 3:09:23 PM com.jme3.bullet.objects.PhysicsRigidBody rebuildRigidBody
INFORMATION: Created 28efad70a10.
Sept. 13, 2026 3:09:23 PM com.jme3.bullet.objects.PhysicsRigidBody rebuildRigidBody
INFORMATION: Created 28efad71a00.
Sept. 13, 2026 3:09:23 PM com.jme3.bullet.objects.PhysicsRigidBody rebuildRigidBody
INFORMATION: Created 28efad70d40.
Sept. 13, 2026 3:09:23 PM com.jme3.bullet.objects.PhysicsRigidBody rebuildRigidBody
INFORMATION: Created 28efad71070.
Sept. 13, 2026 3:09:23 PM com.jme3.bullet.objects.PhysicsRigidBody rebuildRigidBody
INFORMATION: Created 28efad726c0.
Sept. 13, 2026 3:09:23 PM com.jme3.bullet.objects.PhysicsRigidBody rebuildRigidBody
INFORMATION: Created 28ef3fbd820.
Sept. 13, 2026 3:09:23 PM com.jme3.bullet.objects.PhysicsRigidBody rebuildRigidBody
INFORMATION: Created 28ef3fbe810.
Sept. 13, 2026 3:09:23 PM com.jme3.bullet.objects.PhysicsRigidBody rebuildRigidBody
INFORMATION: Created 28ef3fc0e50.
Sept. 13, 2026 3:09:23 PM com.jme3.bullet.objects.PhysicsRigidBody rebuildRigidBody
INFORMATION: Created 28ef3fbde80.
Sept. 13, 2026 3:09:23 PM com.jme3.bullet.objects.PhysicsRigidBody rebuildRigidBody
INFORMATION: Created 28ef3fc0190.
Sept. 13, 2026 3:09:23 PM com.jme3.bullet.objects.PhysicsRigidBody rebuildRigidBody
INFORMATION: Created 28ef3fbf4d0.
Sept. 13, 2026 3:09:23 PM com.jme3.bullet.objects.PhysicsRigidBody rebuildRigidBody
INFORMATION: Created 28ef3fc04c0.
Sept. 13, 2026 3:09:23 PM com.jme3.bullet.objects.PhysicsRigidBody rebuildRigidBody
INFORMATION: Created 28ef3fbeb40.
Sept. 13, 2026 3:09:23 PM com.jme3.bullet.objects.PhysicsRigidBody rebuildRigidBody
INFORMATION: Created 28ef3fc07f0.
Sept. 13, 2026 3:09:23 PM com.jme3.bullet.objects.PhysicsRigidBody rebuildRigidBody
INFORMATION: Created 28ef3fbf800.
Sept. 13, 2026 3:09:23 PM com.jme3.bullet.objects.PhysicsRigidBody rebuildRigidBody
INFORMATION: Created 28ef3fbee70.
Sept. 13, 2026 3:09:23 PM com.jme3.bullet.objects.PhysicsRigidBody rebuildRigidBody
INFORMATION: Created 28ef3fbe1b0.
Sept. 13, 2026 3:09:23 PM com.jme3.bullet.objects.PhysicsRigidBody rebuildRigidBody
INFORMATION: Created 28ef3fbdb50.
Sept. 13, 2026 3:09:23 PM com.jme3.bullet.objects.PhysicsRigidBody rebuildRigidBody
INFORMATION: Created 28ef3fbfe60.
Sept. 13, 2026 3:09:23 PM com.jme3.bullet.objects.PhysicsRigidBody rebuildRigidBody
INFORMATION: Created 28ef3fbf1a0.
Sept. 13, 2026 3:09:23 PM com.jme3.bullet.objects.PhysicsRigidBody rebuildRigidBody
INFORMATION: Created 28ef3fbfb30.
Sept. 13, 2026 3:09:23 PM com.jme3.bullet.objects.PhysicsRigidBody rebuildRigidBody
INFORMATION: Created 28ef3fc0b20.
Sept. 13, 2026 3:09:23 PM com.jme3.bullet.objects.PhysicsRigidBody rebuildRigidBody
INFORMATION: Created 28ef3fbd4f0.
Sept. 13, 2026 3:09:23 PM com.jme3.bullet.objects.PhysicsRigidBody rebuildRigidBody
INFORMATION: Created 28ef3fbe4e0.
Sept. 13, 2026 3:09:23 PM com.jme3.bullet.objects.PhysicsRigidBody rebuildRigidBody
INFORMATION: Created 28efb0ecd20.
Sept. 13, 2026 3:09:23 PM com.jme3.bullet.objects.PhysicsRigidBody rebuildRigidBody
INFORMATION: Created 28efb0ed050.
Sept. 13, 2026 3:09:23 PM com.jme3.bullet.objects.PhysicsRigidBody rebuildRigidBody
INFORMATION: Created 28efb0ed6b0.
Sept. 13, 2026 3:09:23 PM com.jme3.bullet.objects.PhysicsRigidBody rebuildRigidBody
INFORMATION: Created 28efb0ec060.
Sept. 13, 2026 3:09:23 PM com.jme3.bullet.objects.PhysicsRigidBody rebuildRigidBody
INFORMATION: Created 28efb0ec390.
Sept. 13, 2026 3:09:23 PM com.jme3.bullet.objects.PhysicsRigidBody rebuildRigidBody
INFORMATION: Created 28efb0eb6d0.
Sept. 13, 2026 3:09:23 PM com.jme3.bullet.objects.PhysicsRigidBody rebuildRigidBody
INFORMATION: Created 28efb0ee9d0.
Sept. 13, 2026 3:09:23 PM com.jme3.bullet.objects.PhysicsRigidBody rebuildRigidBody
INFORMATION: Created 28efb0ee370.
Sept. 13, 2026 3:09:23 PM com.jme3.bullet.objects.PhysicsRigidBody rebuildRigidBody
INFORMATION: Created 28efb0eba00.
Sept. 13, 2026 3:09:23 PM com.jme3.bullet.objects.PhysicsRigidBody rebuildRigidBody
INFORMATION: Created 28efb0ed380.
Sept. 13, 2026 3:09:23 PM com.jme3.bullet.objects.PhysicsRigidBody rebuildRigidBody
INFORMATION: Created 28efb0ec6c0.
Sept. 13, 2026 3:09:23 PM com.jme3.bullet.objects.PhysicsRigidBody rebuildRigidBody
INFORMATION: Created 28efb0ec9f0.
Sept. 13, 2026 3:09:23 PM com.jme3.bullet.objects.PhysicsRigidBody rebuildRigidBody
INFORMATION: Created 28efb0edd10.
Sept. 13, 2026 3:09:23 PM com.jme3.bullet.objects.PhysicsRigidBody rebuildRigidBody
INFORMATION: Created 28efb0ed9e0.
Sept. 13, 2026 3:09:23 PM com.jme3.bullet.objects.PhysicsRigidBody rebuildRigidBody
INFORMATION: Created 28efb0ee040.
Sept. 13, 2026 3:09:23 PM com.jme3.bullet.objects.PhysicsRigidBody rebuildRigidBody
INFORMATION: Created 28efb0ee6a0.
Sept. 13, 2026 3:09:23 PM com.jme3.bullet.objects.PhysicsRigidBody rebuildRigidBody
INFORMATION: Created 28efb0eb070.
Sept. 13, 2026 3:09:23 PM com.jme3.bullet.objects.PhysicsRigidBody rebuildRigidBody
INFORMATION: Created 28efb0eb3a0.
Sept. 13, 2026 3:09:23 PM com.jme3.bullet.objects.PhysicsRigidBody rebuildRigidBody
INFORMATION: Created 28efb0ebd30.
Sept. 13, 2026 3:09:23 PM com.jme3.bullet.objects.PhysicsRigidBody rebuildRigidBody
INFORMATION: Created 28ef97560b0.
Sept. 13, 2026 3:09:23 PM com.jme3.bullet.objects.PhysicsRigidBody rebuildRigidBody
INFORMATION: Created 28ef97573d0.
Sept. 13, 2026 3:09:23 PM com.jme3.bullet.objects.PhysicsRigidBody rebuildRigidBody
INFORMATION: Created 28ef9756710.
Sept. 13, 2026 3:09:23 PM com.jme3.bullet.objects.PhysicsRigidBody rebuildRigidBody
INFORMATION: Created 28ef9757700.
Sept. 13, 2026 3:09:23 PM com.jme3.bullet.objects.PhysicsRigidBody rebuildRigidBody
INFORMATION: Created 28ef9757d60.
Sept. 13, 2026 3:09:23 PM com.jme3.bullet.objects.PhysicsRigidBody rebuildRigidBody
INFORMATION: Created 28ef9755d80.
Sept. 13, 2026 3:09:23 PM com.jme3.bullet.objects.PhysicsRigidBody rebuildRigidBody
INFORMATION: Created 28ef97563e0.
Sept. 13, 2026 3:09:23 PM com.jme3.bullet.objects.PhysicsRigidBody rebuildRigidBody
INFORMATION: Created 28ef9754730.
Sept. 13, 2026 3:09:23 PM com.jme3.bullet.objects.PhysicsRigidBody rebuildRigidBody
INFORMATION: Created 28ef9756a40.
Sept. 13, 2026 3:09:23 PM com.jme3.bullet.objects.PhysicsRigidBody rebuildRigidBody
INFORMATION: Created 28ef9755720.
Sept. 13, 2026 3:09:23 PM com.jme3.bullet.objects.PhysicsRigidBody rebuildRigidBody
INFORMATION: Created 28ef97583c0.
Sept. 13, 2026 3:09:23 PM com.jme3.bullet.objects.PhysicsRigidBody rebuildRigidBody
INFORMATION: Created 28ef9754d90.
Sept. 13, 2026 3:09:23 PM com.jme3.bullet.objects.PhysicsRigidBody rebuildRigidBody
INFORMATION: Created 28ef97553f0.
Sept. 13, 2026 3:09:23 PM com.jme3.bullet.objects.PhysicsRigidBody rebuildRigidBody
INFORMATION: Created 28ef9756d70.
Sept. 13, 2026 3:09:23 PM com.jme3.bullet.objects.PhysicsRigidBody rebuildRigidBody
INFORMATION: Created 28ef97550c0.
Sept. 13, 2026 3:09:23 PM com.jme3.bullet.objects.PhysicsRigidBody rebuildRigidBody
INFORMATION: Created 28ef97570a0.
Sept. 13, 2026 3:09:23 PM com.jme3.bullet.objects.PhysicsRigidBody rebuildRigidBody
INFORMATION: Created 28ef9757a30.
Sept. 13, 2026 3:09:23 PM com.jme3.bullet.objects.PhysicsRigidBody rebuildRigidBody
INFORMATION: Created 28ef9758090.
Sept. 13, 2026 3:09:23 PM com.jme3.bullet.objects.PhysicsRigidBody rebuildRigidBody
INFORMATION: Created 28ef9755a50.
Sept. 13, 2026 3:09:23 PM com.jme3.bullet.objects.PhysicsRigidBody rebuildRigidBody
INFORMATION: Created 28ef97586f0.
Sept. 13, 2026 3:09:23 PM com.jme3.bullet.objects.PhysicsRigidBody rebuildRigidBody
INFORMATION: Created 28ef9754a60.
Sept. 13, 2026 3:09:23 PM com.jme3.bullet.objects.PhysicsRigidBody rebuildRigidBody
INFORMATION: Created 28ef9758a20.
Sept. 13, 2026 3:09:23 PM com.jme3.bullet.objects.PhysicsRigidBody rebuildRigidBody
INFORMATION: Created 28ef975a6d0.
Sept. 13, 2026 3:09:23 PM com.jme3.bullet.objects.PhysicsRigidBody rebuildRigidBody
INFORMATION: Created 28ef975b9f0.
Sept. 13, 2026 3:09:23 PM com.jme3.bullet.objects.PhysicsRigidBody rebuildRigidBody
INFORMATION: Created 28ef9758d50.
Sept. 13, 2026 3:09:23 PM com.jme3.bullet.objects.PhysicsRigidBody rebuildRigidBody
INFORMATION: Created 28ef975c050.
Sept. 13, 2026 3:09:23 PM com.jme3.bullet.objects.PhysicsRigidBody rebuildRigidBody
INFORMATION: Created 28ef975bd20.
Sept. 13, 2026 3:09:23 PM com.jme3.bullet.objects.PhysicsRigidBody rebuildRigidBody
INFORMATION: Created 28ef975ad30.
Sept. 13, 2026 3:09:23 PM com.jme3.bullet.objects.PhysicsRigidBody rebuildRigidBody
INFORMATION: Created 28ef97596e0.
Sept. 13, 2026 3:09:23 PM com.jme3.bullet.objects.PhysicsRigidBody rebuildRigidBody
INFORMATION: Created 28ef975aa00.
Sept. 13, 2026 3:09:23 PM com.jme3.bullet.objects.PhysicsRigidBody rebuildRigidBody
INFORMATION: Created 28ef975b060.
Sept. 13, 2026 3:09:23 PM com.jme3.bullet.objects.PhysicsRigidBody rebuildRigidBody
INFORMATION: Created 28ef975b390.
Sept. 13, 2026 3:09:23 PM com.jme3.bullet.objects.PhysicsRigidBody rebuildRigidBody
INFORMATION: Created 28ef975b6c0.
Sept. 13, 2026 3:09:23 PM com.jme3.bullet.objects.PhysicsRigidBody rebuildRigidBody
INFORMATION: Created 28ef975c380.
Sept. 13, 2026 3:09:23 PM com.jme3.bullet.objects.PhysicsRigidBody rebuildRigidBody
INFORMATION: Created 28ef9759080.
Sept. 13, 2026 3:09:23 PM com.jme3.bullet.objects.PhysicsRigidBody rebuildRigidBody
INFORMATION: Created 28ef97593b0.
Sept. 13, 2026 3:09:23 PM com.jme3.bullet.objects.PhysicsRigidBody rebuildRigidBody
INFORMATION: Created 28ef9759a10.
Sept. 13, 2026 3:09:23 PM com.jme3.bullet.objects.PhysicsRigidBody rebuildRigidBody
INFORMATION: Created 28ef9759d40.
Sept. 13, 2026 3:09:23 PM com.jme3.bullet.objects.PhysicsRigidBody rebuildRigidBody
INFORMATION: Created 28ef975a070.
Sept. 13, 2026 3:09:23 PM com.jme3.bullet.objects.PhysicsRigidBody rebuildRigidBody
INFORMATION: Created 28ef975a3a0.
Sept. 13, 2026 3:09:23 PM com.jme3.bullet.objects.PhysicsRigidBody rebuildRigidBody
INFORMATION: Created 28ef3957290.
Sept. 13, 2026 3:09:23 PM com.jme3.bullet.objects.PhysicsRigidBody rebuildRigidBody
INFORMATION: Created 28ef39598d0.
Sept. 13, 2026 3:09:23 PM com.jme3.bullet.objects.PhysicsRigidBody rebuildRigidBody
INFORMATION: Created 28ef3956f60.
Sept. 13, 2026 3:09:23 PM com.jme3.bullet.objects.PhysicsRigidBody rebuildRigidBody
INFORMATION: Created 28ef3959f30.
Sept. 13, 2026 3:09:23 PM com.jme3.bullet.objects.PhysicsRigidBody rebuildRigidBody
INFORMATION: Created 28ef395b250.
Sept. 13, 2026 3:09:23 PM com.jme3.bullet.objects.PhysicsRigidBody rebuildRigidBody
INFORMATION: Created 28ef3957f50.
Sept. 13, 2026 3:09:23 PM com.jme3.bullet.objects.PhysicsRigidBody rebuildRigidBody
INFORMATION: Created 28ef3958280.
Sept. 13, 2026 3:09:23 PM com.jme3.bullet.objects.PhysicsRigidBody rebuildRigidBody
INFORMATION: Created 28ef3959270.
Sept. 13, 2026 3:09:23 PM com.jme3.bullet.objects.PhysicsRigidBody rebuildRigidBody
INFORMATION: Created 28ef39595a0.
Sept. 13, 2026 3:09:23 PM com.jme3.bullet.objects.PhysicsRigidBody rebuildRigidBody
INFORMATION: Created 28ef39575c0.
Sept. 13, 2026 3:09:23 PM com.jme3.bullet.objects.PhysicsRigidBody rebuildRigidBody
INFORMATION: Created 28ef3959c00.
Sept. 13, 2026 3:09:23 PM com.jme3.bullet.objects.PhysicsRigidBody rebuildRigidBody
INFORMATION: Created 28ef39588e0.
Sept. 13, 2026 3:09:23 PM com.jme3.bullet.objects.PhysicsRigidBody rebuildRigidBody
INFORMATION: Created 28ef3957c20.
Sept. 13, 2026 3:09:23 PM com.jme3.bullet.objects.PhysicsRigidBody rebuildRigidBody
INFORMATION: Created 28ef395a260.
Sept. 13, 2026 3:09:23 PM com.jme3.bullet.objects.PhysicsRigidBody rebuildRigidBody
INFORMATION: Created 28ef395a590.
Sept. 13, 2026 3:09:23 PM com.jme3.bullet.objects.PhysicsRigidBody rebuildRigidBody
INFORMATION: Created 28ef3958c10.
Sept. 13, 2026 3:09:23 PM com.jme3.bullet.objects.PhysicsRigidBody rebuildRigidBody
INFORMATION: Created 28ef395a8c0.
Sept. 13, 2026 3:09:23 PM com.jme3.bullet.objects.PhysicsRigidBody rebuildRigidBody
INFORMATION: Created 28ef39578f0.
Sept. 13, 2026 3:09:23 PM com.jme3.bullet.objects.PhysicsRigidBody rebuildRigidBody
INFORMATION: Created 28ef39585b0.
Sept. 13, 2026 3:09:23 PM com.jme3.bullet.objects.PhysicsRigidBody rebuildRigidBody
INFORMATION: Created 28ef395abf0.
Sept. 13, 2026 3:09:23 PM com.jme3.bullet.objects.PhysicsRigidBody rebuildRigidBody
INFORMATION: Created 28ef395bbe0.
Sept. 13, 2026 3:09:23 PM com.jme3.bullet.objects.PhysicsRigidBody rebuildRigidBody
INFORMATION: Created 28ef395af20.
Sept. 13, 2026 3:09:23 PM com.jme3.bullet.objects.PhysicsRigidBody rebuildRigidBody
INFORMATION: Created 28ef395bf10.
Sept. 13, 2026 3:09:23 PM com.jme3.bullet.objects.PhysicsRigidBody rebuildRigidBody
INFORMATION: Created 28ef395c570.
Sept. 13, 2026 3:09:23 PM com.jme3.bullet.objects.PhysicsRigidBody rebuildRigidBody
INFORMATION: Created 28ef395b580.
Sept. 13, 2026 3:09:23 PM com.jme3.bullet.objects.PhysicsRigidBody rebuildRigidBody
INFORMATION: Created 28ef395b8b0.
Sept. 13, 2026 3:09:23 PM com.jme3.bullet.objects.PhysicsRigidBody rebuildRigidBody
INFORMATION: Created 28ef3958f40.
Sept. 13, 2026 3:09:23 PM com.jme3.bullet.objects.PhysicsRigidBody rebuildRigidBody
INFORMATION: Created 28ef395def0.
Sept. 13, 2026 3:09:23 PM com.jme3.bullet.objects.PhysicsRigidBody rebuildRigidBody
INFORMATION: Created 28efb275a70.
Sept. 13, 2026 3:09:23 PM com.jme3.bullet.objects.PhysicsRigidBody rebuildRigidBody
INFORMATION: Created 28efb5008a0.
Sept. 13, 2026 3:09:23 PM com.jme3.bullet.objects.PhysicsRigidBody rebuildRigidBody
INFORMATION: Created 28efb500bd0.
[GAME] Willkommen im Ödland. Folge dem Feuer zu Mira. [E]
Sept. 13, 2026 3:09:23 PM com.jme3.anim.SkinningControl controlRender
INFORMATION: Hardware skinning engaged for Scene (Node)
Sept. 13, 2026 3:09:23 PM com.jme3.anim.SkinningControl controlRender
INFORMATION: Hardware skinning engaged for Scene (Node)
Sept. 13, 2026 3:09:23 PM com.jme3.anim.SkinningControl controlRender
INFORMATION: Hardware skinning engaged for Scene (Node)
Sept. 13, 2026 3:09:23 PM com.jme3.anim.SkinningControl controlRender
INFORMATION: Hardware skinning engaged for Scene (Node)
[SMOKE] stage 27
[CHECK] Camera retracts against walls
[GAME] Sicht: Erste Person
Sept. 13, 2026 3:09:25 PM com.jme3.bullet.objects.PhysicsRigidBody rebuildRigidBody
INFORMATION: Created 28efb501890.
Sept. 13, 2026 3:09:25 PM com.jme3.bullet.objects.PhysicsRigidBody rebuildRigidBody
INFORMATION: Created 28efb500f00.
Sept. 13, 2026 3:09:25 PM com.jme3.bullet.objects.PhysicsRigidBody rebuildRigidBody
INFORMATION: Created 28efb501230.
Sept. 13, 2026 3:09:25 PM com.jme3.bullet.objects.PhysicsRigidBody rebuildRigidBody
INFORMATION: Created 28efb4fff10.
Sept. 13, 2026 3:09:25 PM com.jme3.bullet.objects.PhysicsRigidBody rebuildRigidBody
INFORMATION: Created 28efb501560.
Sept. 13, 2026 3:09:25 PM com.jme3.bullet.objects.PhysicsRigidBody rebuildRigidBody
INFORMATION: Created 28efb500240.
Sept. 13, 2026 3:09:25 PM com.jme3.bullet.objects.PhysicsRigidBody rebuildRigidBody
INFORMATION: Created 28efb500570.
Sept. 13, 2026 3:09:25 PM com.jme3.bullet.objects.PhysicsRigidBody rebuildRigidBody
INFORMATION: Created 28f204846d0.
Sept. 13, 2026 3:09:25 PM com.jme3.bullet.objects.PhysicsRigidBody rebuildRigidBody
INFORMATION: Created 28f204859f0.
Sept. 13, 2026 3:09:25 PM com.jme3.bullet.objects.PhysicsRigidBody rebuildRigidBody
INFORMATION: Created 28f20485060.
Sept. 13, 2026 3:09:25 PM com.jme3.bullet.objects.PhysicsRigidBody rebuildRigidBody
INFORMATION: Created 28f204843a0.
Sept. 13, 2026 3:09:25 PM com.jme3.bullet.objects.PhysicsRigidBody rebuildRigidBody
INFORMATION: Created 28f20484d30.
Sept. 13, 2026 3:09:25 PM com.jme3.bullet.objects.PhysicsRigidBody rebuildRigidBody
INFORMATION: Created 28f20484070.
Sept. 13, 2026 3:09:25 PM com.jme3.bullet.objects.PhysicsRigidBody rebuildRigidBody
INFORMATION: Created 28f20485390.
Sept. 13, 2026 3:09:25 PM com.jme3.bullet.objects.PhysicsRigidBody rebuildRigidBody
INFORMATION: Created 28f204856c0.
Sept. 13, 2026 3:09:25 PM com.jme3.bullet.objects.PhysicsRigidBody rebuildRigidBody
INFORMATION: Created 28f20484a00.
Sept. 13, 2026 3:09:25 PM com.jme3.bullet.objects.PhysicsRigidBody rebuildRigidBody
INFORMATION: Created 28f1739c030.
Sept. 13, 2026 3:09:25 PM com.jme3.bullet.objects.PhysicsRigidBody rebuildRigidBody
INFORMATION: Created 28f1739c360.
Sept. 13, 2026 3:09:25 PM com.jme3.bullet.objects.PhysicsRigidBody rebuildRigidBody
INFORMATION: Created 28f1739c9c0.
Sept. 13, 2026 3:09:25 PM com.jme3.bullet.objects.PhysicsRigidBody rebuildRigidBody
INFORMATION: Created 28f1739b9d0.
Sept. 13, 2026 3:09:25 PM com.jme3.bullet.objects.PhysicsRigidBody rebuildRigidBody
INFORMATION: Created 28f1739b6a0.
Sept. 13, 2026 3:09:25 PM com.jme3.bullet.objects.PhysicsRigidBody rebuildRigidBody
INFORMATION: Created 28f1739c690.
Sept. 13, 2026 3:09:25 PM com.jme3.bullet.objects.PhysicsRigidBody rebuildRigidBody
INFORMATION: Created 28f1739b040.
Sept. 13, 2026 3:09:25 PM com.jme3.bullet.objects.PhysicsRigidBody rebuildRigidBody
INFORMATION: Created 28f1739b370.
Sept. 13, 2026 3:09:25 PM com.jme3.bullet.objects.PhysicsRigidBody rebuildRigidBody
INFORMATION: Created 28f1739bd00.
Sept. 13, 2026 3:09:25 PM com.jme3.bullet.objects.PhysicsRigidBody rebuildRigidBody
INFORMATION: Created 28ef3b47ee0.
Sept. 13, 2026 3:09:25 PM com.jme3.bullet.objects.PhysicsRigidBody rebuildRigidBody
INFORMATION: Created 28ef3b47220.
Sept. 13, 2026 3:09:25 PM com.jme3.bullet.objects.PhysicsRigidBody rebuildRigidBody
INFORMATION: Created 28ef3b48540.
Sept. 13, 2026 3:09:25 PM com.jme3.bullet.objects.PhysicsRigidBody rebuildRigidBody
INFORMATION: Created 28ef3b47550.
Sept. 13, 2026 3:09:25 PM com.jme3.bullet.objects.PhysicsRigidBody rebuildRigidBody
INFORMATION: Created 28ef3b47bb0.
Sept. 13, 2026 3:09:25 PM com.jme3.bullet.objects.PhysicsRigidBody rebuildRigidBody
INFORMATION: Created 28ef3b48870.
Sept. 13, 2026 3:09:25 PM com.jme3.bullet.objects.PhysicsRigidBody rebuildRigidBody
INFORMATION: Created 28ef3b48ba0.
Sept. 13, 2026 3:09:25 PM com.jme3.bullet.objects.PhysicsRigidBody rebuildRigidBody
INFORMATION: Created 28ef3b47880.
Sept. 13, 2026 3:09:25 PM com.jme3.bullet.objects.PhysicsRigidBody rebuildRigidBody
INFORMATION: Created 28ef3b48210.
Sept. 13, 2026 3:09:25 PM com.jme3.bullet.objects.PhysicsRigidBody rebuildRigidBody
INFORMATION: Created 28ef46db8d0.
Sept. 13, 2026 3:09:25 PM com.jme3.bullet.objects.PhysicsRigidBody rebuildRigidBody
INFORMATION: Created 28ef46dc8c0.
Sept. 13, 2026 3:09:25 PM com.jme3.bullet.objects.PhysicsRigidBody rebuildRigidBody
INFORMATION: Created 28ef46dcbf0.
Sept. 13, 2026 3:09:25 PM com.jme3.bullet.objects.PhysicsRigidBody rebuildRigidBody
INFORMATION: Created 28ef46db5a0.
Sept. 13, 2026 3:09:25 PM com.jme3.bullet.objects.PhysicsRigidBody rebuildRigidBody
INFORMATION: Created 28ef46dbc00.
Sept. 13, 2026 3:09:25 PM com.jme3.bullet.objects.PhysicsRigidBody rebuildRigidBody
INFORMATION: Created 28ef46db270.
Sept. 13, 2026 3:09:25 PM com.jme3.bullet.objects.PhysicsRigidBody rebuildRigidBody
INFORMATION: Created 28ef46dc260.
Sept. 13, 2026 3:09:25 PM com.jme3.bullet.objects.PhysicsRigidBody rebuildRigidBody
INFORMATION: Created 28ef46dbf30.
Sept. 13, 2026 3:09:25 PM com.jme3.bullet.objects.PhysicsRigidBody rebuildRigidBody
INFORMATION: Created 28ef46dc590.
Sept. 13, 2026 3:09:25 PM com.jme3.bullet.objects.PhysicsRigidBody rebuildRigidBody
INFORMATION: Created 28efb06ebc0.
Sept. 13, 2026 3:09:25 PM com.jme3.bullet.objects.PhysicsRigidBody rebuildRigidBody
INFORMATION: Created 28efb06eef0.
Sept. 13, 2026 3:09:25 PM com.jme3.bullet.objects.PhysicsRigidBody rebuildRigidBody
INFORMATION: Created 28efb06f220.
Sept. 13, 2026 3:09:25 PM com.jme3.bullet.objects.PhysicsRigidBody rebuildRigidBody
INFORMATION: Created 28efb06f550.
Sept. 13, 2026 3:09:25 PM com.jme3.bullet.objects.PhysicsRigidBody rebuildRigidBody
INFORMATION: Created 28efd12c860.
Sept. 13, 2026 3:09:25 PM com.jme3.bullet.objects.PhysicsRigidBody rebuildRigidBody
INFORMATION: Created 28efd12bed0.
Sept. 13, 2026 3:09:25 PM com.jme3.bullet.objects.PhysicsRigidBody rebuildRigidBody
INFORMATION: Created 28efd12c200.
Sept. 13, 2026 3:09:25 PM com.jme3.bullet.objects.PhysicsRigidBody rebuildRigidBody
INFORMATION: Created 28efd12c530.
Sept. 13, 2026 3:09:25 PM com.jme3.bullet.objects.PhysicsRigidBody rebuildRigidBody
INFORMATION: Created 28efb4b9870.
Sept. 13, 2026 3:09:25 PM com.jme3.bullet.objects.PhysicsRigidBody rebuildRigidBody
INFORMATION: Created 28efb4b9ba0.
Sept. 13, 2026 3:09:25 PM com.jme3.bullet.objects.PhysicsRigidBody rebuildRigidBody
INFORMATION: Created 28efb4ba530.
Sept. 13, 2026 3:09:25 PM com.jme3.bullet.objects.PhysicsRigidBody rebuildRigidBody
INFORMATION: Created 28efb4b9210.
Sept. 13, 2026 3:09:25 PM com.jme3.bullet.objects.PhysicsRigidBody rebuildRigidBody
INFORMATION: Created 28efb4b9ed0.
Sept. 13, 2026 3:09:25 PM com.jme3.bullet.objects.PhysicsRigidBody rebuildRigidBody
INFORMATION: Created 28efb4ba860.
Sept. 13, 2026 3:09:25 PM com.jme3.bullet.objects.PhysicsRigidBody rebuildRigidBody
INFORMATION: Created 28efb4bab90.
Sept. 13, 2026 3:09:25 PM com.jme3.bullet.objects.PhysicsRigidBody rebuildRigidBody
INFORMATION: Created 28efb4b9540.
Sept. 13, 2026 3:09:25 PM com.jme3.bullet.objects.PhysicsRigidBody rebuildRigidBody
INFORMATION: Created 28efb4ba200.
Sept. 13, 2026 3:09:25 PM com.jme3.bullet.objects.PhysicsRigidBody rebuildRigidBody
INFORMATION: Created 28efb4fcee0.
Sept. 13, 2026 3:09:25 PM com.jme3.bullet.objects.PhysicsRigidBody rebuildRigidBody
INFORMATION: Created 28efb4fcbb0.
Sept. 13, 2026 3:09:25 PM com.jme3.bullet.objects.PhysicsRigidBody rebuildRigidBody
INFORMATION: Created 28efb4fd210.
Sept. 13, 2026 3:09:25 PM com.jme3.bullet.objects.PhysicsRigidBody rebuildRigidBody
INFORMATION: Created 28efb4fd870.
Sept. 13, 2026 3:09:25 PM com.jme3.bullet.objects.PhysicsRigidBody rebuildRigidBody
INFORMATION: Created 28efb4fd540.
Sept. 13, 2026 3:09:25 PM com.jme3.bullet.objects.PhysicsRigidBody rebuildRigidBody
INFORMATION: Created 28efb4fbef0.
Sept. 13, 2026 3:09:25 PM com.jme3.bullet.objects.PhysicsRigidBody rebuildRigidBody
INFORMATION: Created 28efb4fc220.
Sept. 13, 2026 3:09:25 PM com.jme3.bullet.objects.PhysicsRigidBody rebuildRigidBody
INFORMATION: Created 28efb4fc550.
Sept. 13, 2026 3:09:25 PM com.jme3.bullet.objects.PhysicsRigidBody rebuildRigidBody
INFORMATION: Created 28efb4fc880.
Sept. 13, 2026 3:09:25 PM com.jme3.bullet.objects.PhysicsRigidBody rebuildRigidBody
INFORMATION: Created 28f16d8f620.
Sept. 13, 2026 3:09:25 PM com.jme3.bullet.objects.PhysicsRigidBody rebuildRigidBody
INFORMATION: Created 28f16d90940.
Sept. 13, 2026 3:09:25 PM com.jme3.bullet.objects.PhysicsRigidBody rebuildRigidBody
INFORMATION: Created 28f16d90fa0.
Sept. 13, 2026 3:09:25 PM com.jme3.bullet.objects.PhysicsRigidBody rebuildRigidBody
INFORMATION: Created 28f16d8f950.
Sept. 13, 2026 3:09:25 PM com.jme3.bullet.objects.PhysicsRigidBody rebuildRigidBody
INFORMATION: Created 28f16d8fc80.
Sept. 13, 2026 3:09:25 PM com.jme3.bullet.objects.PhysicsRigidBody rebuildRigidBody
INFORMATION: Created 28f16d8ffb0.
Sept. 13, 2026 3:09:25 PM com.jme3.bullet.objects.PhysicsRigidBody rebuildRigidBody
INFORMATION: Created 28f16d902e0.
Sept. 13, 2026 3:09:25 PM com.jme3.bullet.objects.PhysicsRigidBody rebuildRigidBody
INFORMATION: Created 28f16d90c70.
Sept. 13, 2026 3:09:25 PM com.jme3.bullet.objects.PhysicsRigidBody rebuildRigidBody
INFORMATION: Created 28f16d90610.
Sept. 13, 2026 3:09:25 PM com.jme3.bullet.objects.PhysicsRigidBody rebuildRigidBody
INFORMATION: Created 28efb230090.
Sept. 13, 2026 3:09:25 PM com.jme3.bullet.objects.PhysicsRigidBody rebuildRigidBody
INFORMATION: Created 28efb2306f0.
Sept. 13, 2026 3:09:25 PM com.jme3.bullet.objects.PhysicsRigidBody rebuildRigidBody
INFORMATION: Created 28efb231a10.
Sept. 13, 2026 3:09:25 PM com.jme3.bullet.objects.PhysicsRigidBody rebuildRigidBody
INFORMATION: Created 28efb230a20.
Sept. 13, 2026 3:09:25 PM com.jme3.bullet.objects.PhysicsRigidBody rebuildRigidBody
INFORMATION: Created 28efb2303c0.
Sept. 13, 2026 3:09:25 PM com.jme3.bullet.objects.PhysicsRigidBody rebuildRigidBody
INFORMATION: Created 28efb2313b0.
Sept. 13, 2026 3:09:25 PM com.jme3.bullet.objects.PhysicsRigidBody rebuildRigidBody
INFORMATION: Created 28efb230d50.
Sept. 13, 2026 3:09:25 PM com.jme3.bullet.objects.PhysicsRigidBody rebuildRigidBody
INFORMATION: Created 28efb231d40.
Sept. 13, 2026 3:09:25 PM com.jme3.bullet.objects.PhysicsRigidBody rebuildRigidBody
INFORMATION: Created 28efb2336c0.
Sept. 13, 2026 3:09:25 PM com.jme3.bullet.objects.PhysicsRigidBody rebuildRigidBody
INFORMATION: Created 28efb2316e0.
Sept. 13, 2026 3:09:25 PM com.jme3.bullet.objects.PhysicsRigidBody rebuildRigidBody
INFORMATION: Created 28efb231080.
Sept. 13, 2026 3:09:25 PM com.jme3.bullet.objects.PhysicsRigidBody rebuildRigidBody
INFORMATION: Created 28efb232a00.
Sept. 13, 2026 3:09:25 PM com.jme3.bullet.objects.PhysicsRigidBody rebuildRigidBody
INFORMATION: Created 28efb232d30.
Sept. 13, 2026 3:09:25 PM com.jme3.bullet.objects.PhysicsRigidBody rebuildRigidBody
INFORMATION: Created 28efb232070.
Sept. 13, 2026 3:09:25 PM com.jme3.bullet.objects.PhysicsRigidBody rebuildRigidBody
INFORMATION: Created 28efb233390.
Sept. 13, 2026 3:09:25 PM com.jme3.bullet.objects.PhysicsRigidBody rebuildRigidBody
INFORMATION: Created 28efb2339f0.
Sept. 13, 2026 3:09:25 PM com.jme3.bullet.objects.PhysicsRigidBody rebuildRigidBody
INFORMATION: Created 28efb2323a0.
Sept. 13, 2026 3:09:25 PM com.jme3.bullet.objects.PhysicsRigidBody rebuildRigidBody
INFORMATION: Created 28efb2326d0.
Sept. 13, 2026 3:09:25 PM com.jme3.bullet.objects.PhysicsRigidBody rebuildRigidBody
INFORMATION: Created 28efb233060.
Sept. 13, 2026 3:09:25 PM com.jme3.bullet.objects.PhysicsRigidBody rebuildRigidBody
INFORMATION: Created 28efb606770.
Sept. 13, 2026 3:09:25 PM com.jme3.bullet.objects.PhysicsRigidBody rebuildRigidBody
INFORMATION: Created 28efb605780.
Sept. 13, 2026 3:09:25 PM com.jme3.bullet.objects.PhysicsRigidBody rebuildRigidBody
INFORMATION: Created 28efb606110.
Sept. 13, 2026 3:09:25 PM com.jme3.bullet.objects.PhysicsRigidBody rebuildRigidBody
INFORMATION: Created 28efb605ab0.
Sept. 13, 2026 3:09:25 PM com.jme3.bullet.objects.PhysicsRigidBody rebuildRigidBody
INFORMATION: Created 28efb604460.
Sept. 13, 2026 3:09:25 PM com.jme3.bullet.objects.PhysicsRigidBody rebuildRigidBody
INFORMATION: Created 28efb605450.
Sept. 13, 2026 3:09:25 PM com.jme3.bullet.objects.PhysicsRigidBody rebuildRigidBody
INFORMATION: Created 28efb605de0.
Sept. 13, 2026 3:09:25 PM com.jme3.bullet.objects.PhysicsRigidBody rebuildRigidBody
INFORMATION: Created 28efb603470.
Sept. 13, 2026 3:09:25 PM com.jme3.bullet.objects.PhysicsRigidBody rebuildRigidBody
INFORMATION: Created 28efb604130.
Sept. 13, 2026 3:09:25 PM com.jme3.bullet.objects.PhysicsRigidBody rebuildRigidBody
INFORMATION: Created 28efb606440.
Sept. 13, 2026 3:09:25 PM com.jme3.bullet.objects.PhysicsRigidBody rebuildRigidBody
INFORMATION: Created 28efb606aa0.
Sept. 13, 2026 3:09:25 PM com.jme3.bullet.objects.PhysicsRigidBody rebuildRigidBody
INFORMATION: Created 28efb603140.
Sept. 13, 2026 3:09:25 PM com.jme3.bullet.objects.PhysicsRigidBody rebuildRigidBody
INFORMATION: Created 28efb604790.
Sept. 13, 2026 3:09:25 PM com.jme3.bullet.objects.PhysicsRigidBody rebuildRigidBody
INFORMATION: Created 28efb6037a0.
Sept. 13, 2026 3:09:25 PM com.jme3.bullet.objects.PhysicsRigidBody rebuildRigidBody
INFORMATION: Created 28efb603ad0.
Sept. 13, 2026 3:09:25 PM com.jme3.bullet.objects.PhysicsRigidBody rebuildRigidBody
INFORMATION: Created 28efb603e00.
Sept. 13, 2026 3:09:25 PM com.jme3.bullet.objects.PhysicsRigidBody rebuildRigidBody
INFORMATION: Created 28efb604ac0.
Sept. 13, 2026 3:09:25 PM com.jme3.bullet.objects.PhysicsRigidBody rebuildRigidBody
INFORMATION: Created 28efb604df0.
Sept. 13, 2026 3:09:25 PM com.jme3.bullet.objects.PhysicsRigidBody rebuildRigidBody
INFORMATION: Created 28efb605120.
Sept. 13, 2026 3:09:25 PM com.jme3.bullet.objects.PhysicsRigidBody rebuildRigidBody
INFORMATION: Created 28ef957b340.
Sept. 13, 2026 3:09:25 PM com.jme3.bullet.objects.PhysicsRigidBody rebuildRigidBody
INFORMATION: Created 28ef95786a0.
Sept. 13, 2026 3:09:25 PM com.jme3.bullet.objects.PhysicsRigidBody rebuildRigidBody
INFORMATION: Created 28ef957a9b0.
Sept. 13, 2026 3:09:25 PM com.jme3.bullet.objects.PhysicsRigidBody rebuildRigidBody
INFORMATION: Created 28ef9579cf0.
Sept. 13, 2026 3:09:25 PM com.jme3.bullet.objects.PhysicsRigidBody rebuildRigidBody
INFORMATION: Created 28ef9578d00.
Sept. 13, 2026 3:09:25 PM com.jme3.bullet.objects.PhysicsRigidBody rebuildRigidBody
INFORMATION: Created 28ef957a020.
Sept. 13, 2026 3:09:25 PM com.jme3.bullet.objects.PhysicsRigidBody rebuildRigidBody
INFORMATION: Created 28ef95799c0.
Sept. 13, 2026 3:09:25 PM com.jme3.bullet.objects.PhysicsRigidBody rebuildRigidBody
INFORMATION: Created 28ef9578040.
Sept. 13, 2026 3:09:25 PM com.jme3.bullet.objects.PhysicsRigidBody rebuildRigidBody
INFORMATION: Created 28ef957ace0.
Sept. 13, 2026 3:09:25 PM com.jme3.bullet.objects.PhysicsRigidBody rebuildRigidBody
INFORMATION: Created 28ef957b670.
Sept. 13, 2026 3:09:25 PM com.jme3.bullet.objects.PhysicsRigidBody rebuildRigidBody
INFORMATION: Created 28ef9578370.
Sept. 13, 2026 3:09:25 PM com.jme3.bullet.objects.PhysicsRigidBody rebuildRigidBody
INFORMATION: Created 28ef95789d0.
Sept. 13, 2026 3:09:25 PM com.jme3.bullet.objects.PhysicsRigidBody rebuildRigidBody
INFORMATION: Created 28ef957b9a0.
Sept. 13, 2026 3:09:25 PM com.jme3.bullet.objects.PhysicsRigidBody rebuildRigidBody
INFORMATION: Created 28ef957b010.
Sept. 13, 2026 3:09:25 PM com.jme3.bullet.objects.PhysicsRigidBody rebuildRigidBody
INFORMATION: Created 28ef957a350.
Sept. 13, 2026 3:09:25 PM com.jme3.bullet.objects.PhysicsRigidBody rebuildRigidBody
INFORMATION: Created 28ef9579030.
Sept. 13, 2026 3:09:25 PM com.jme3.bullet.objects.PhysicsRigidBody rebuildRigidBody
INFORMATION: Created 28ef9579360.
Sept. 13, 2026 3:09:25 PM com.jme3.bullet.objects.PhysicsRigidBody rebuildRigidBody
INFORMATION: Created 28ef9579690.
Sept. 13, 2026 3:09:25 PM com.jme3.bullet.objects.PhysicsRigidBody rebuildRigidBody
INFORMATION: Created 28ef957a680.
Sept. 13, 2026 3:09:25 PM com.jme3.bullet.objects.PhysicsRigidBody rebuildRigidBody
INFORMATION: Created 28ec11a03b0.
Sept. 13, 2026 3:09:25 PM com.jme3.bullet.objects.PhysicsRigidBody rebuildRigidBody
INFORMATION: Created 28ec11a2060.
Sept. 13, 2026 3:09:25 PM com.jme3.bullet.objects.PhysicsRigidBody rebuildRigidBody
INFORMATION: Created 28ec11a36b0.
Sept. 13, 2026 3:09:25 PM com.jme3.bullet.objects.PhysicsRigidBody rebuildRigidBody
INFORMATION: Created 28ec11a39e0.
Sept. 13, 2026 3:09:25 PM com.jme3.bullet.objects.PhysicsRigidBody rebuildRigidBody
INFORMATION: Created 28ec11a13a0.
Sept. 13, 2026 3:09:25 PM com.jme3.bullet.objects.PhysicsRigidBody rebuildRigidBody
INFORMATION: Created 28ec11a2390.
Sept. 13, 2026 3:09:25 PM com.jme3.bullet.objects.PhysicsRigidBody rebuildRigidBody
INFORMATION: Created 28ec11a06e0.
Sept. 13, 2026 3:09:25 PM com.jme3.bullet.objects.PhysicsRigidBody rebuildRigidBody
INFORMATION: Created 28ec11a1070.
Sept. 13, 2026 3:09:25 PM com.jme3.bullet.objects.PhysicsRigidBody rebuildRigidBody
INFORMATION: Created 28ec11a16d0.
Sept. 13, 2026 3:09:25 PM com.jme3.bullet.objects.PhysicsRigidBody rebuildRigidBody
INFORMATION: Created 28ec11a1a00.
Sept. 13, 2026 3:09:25 PM com.jme3.bullet.objects.PhysicsRigidBody rebuildRigidBody
INFORMATION: Created 28ec11a0a10.
Sept. 13, 2026 3:09:25 PM com.jme3.bullet.objects.PhysicsRigidBody rebuildRigidBody
INFORMATION: Created 28ec11a0080.
Sept. 13, 2026 3:09:25 PM com.jme3.bullet.objects.PhysicsRigidBody rebuildRigidBody
INFORMATION: Created 28ec11a0d40.
Sept. 13, 2026 3:09:25 PM com.jme3.bullet.objects.PhysicsRigidBody rebuildRigidBody
INFORMATION: Created 28ec11a1d30.
Sept. 13, 2026 3:09:25 PM com.jme3.bullet.objects.PhysicsRigidBody rebuildRigidBody
INFORMATION: Created 28ec11a26c0.
Sept. 13, 2026 3:09:25 PM com.jme3.bullet.objects.PhysicsRigidBody rebuildRigidBody
INFORMATION: Created 28ec11a29f0.
Sept. 13, 2026 3:09:25 PM com.jme3.bullet.objects.PhysicsRigidBody rebuildRigidBody
INFORMATION: Created 28ec11a2d20.
Sept. 13, 2026 3:09:25 PM com.jme3.bullet.objects.PhysicsRigidBody rebuildRigidBody
INFORMATION: Created 28ec11a3050.
[GAME] Goblin besiegt  +35 EP  +8 Gold
[GAME] Ork-Brecher besiegt  +70 EP  +13 Gold
[GAME] STUFE 2  -  Fähigkeitspunkt erhalten [K]
[GAME] Ork-Brecher besiegt  +70 EP  +13 Gold
[GAME] Ork-Brecher besiegt  +70 EP  +13 Gold
[GAME] Aschenrufer besiegt  +65 EP  +23 Gold
[GAME] STUFE 3  -  Fähigkeitspunkt erhalten [K]
[GAME] Eiserner Wächter besiegt  +115 EP  +18 Gold
[GAME] Eiserner Wächter besiegt  +115 EP  +18 Gold
[GAME] Eiserner Wächter besiegt  +115 EP  +18 Gold
[GAME] STUFE 4  -  Fähigkeitspunkt erhalten [K]
[GAME] Schlüssel des Kerkermeisters erhalten.
[GAME] Auftrag erfüllt: Der letzte Kerkermeister  +160 EP
[GAME] Aschenklinge erhalten. Erens Blick folgt dir.
[GAME] Auftrag erfüllt: Der Preis der Freiheit  +180 EP
[CHECK] Prisoner bargain is mutually exclusive
[CHECK] Bargain grants the unique blade
Sept. 13, 2026 3:09:25 PM com.jme3.bullet.objects.PhysicsRigidBody rebuildRigidBody
INFORMATION: Created 28ec11a3380.
Sept. 13, 2026 3:09:25 PM com.jme3.bullet.objects.PhysicsRigidBody rebuildRigidBody
INFORMATION: Created 28ec1083770.
Sept. 13, 2026 3:09:25 PM com.jme3.bullet.objects.PhysicsRigidBody rebuildRigidBody
INFORMATION: Created 28ec10850f0.
Sept. 13, 2026 3:09:25 PM com.jme3.bullet.objects.PhysicsRigidBody rebuildRigidBody
INFORMATION: Created 28ec1081df0.
Sept. 13, 2026 3:09:25 PM com.jme3.bullet.objects.PhysicsRigidBody rebuildRigidBody
INFORMATION: Created 28ec1083440.
Sept. 13, 2026 3:09:25 PM com.jme3.bullet.objects.PhysicsRigidBody rebuildRigidBody
INFORMATION: Created 28ec1082120.
Sept. 13, 2026 3:09:25 PM com.jme3.bullet.objects.PhysicsRigidBody rebuildRigidBody
INFORMATION: Created 28ec1083aa0.
Sept. 13, 2026 3:09:25 PM com.jme3.bullet.objects.PhysicsRigidBody rebuildRigidBody
INFORMATION: Created 28ec1082450.
Sept. 13, 2026 3:09:25 PM com.jme3.bullet.objects.PhysicsRigidBody rebuildRigidBody
INFORMATION: Created 28ec1081460.
Sept. 13, 2026 3:09:25 PM com.jme3.bullet.objects.PhysicsRigidBody rebuildRigidBody
INFORMATION: Created 28ec1082780.
Sept. 13, 2026 3:09:25 PM com.jme3.bullet.objects.PhysicsRigidBody rebuildRigidBody
INFORMATION: Created 28ec1082ab0.
Sept. 13, 2026 3:09:25 PM com.jme3.bullet.objects.PhysicsRigidBody rebuildRigidBody
INFORMATION: Created 28ec1083dd0.
Sept. 13, 2026 3:09:25 PM com.jme3.bullet.objects.PhysicsRigidBody rebuildRigidBody
INFORMATION: Created 28ec1082de0.
Sept. 13, 2026 3:09:25 PM com.jme3.bullet.objects.PhysicsRigidBody rebuildRigidBody
INFORMATION: Created 28ec1083110.
Sept. 13, 2026 3:09:25 PM com.jme3.bullet.objects.PhysicsRigidBody rebuildRigidBody
INFORMATION: Created 28ec1084760.
Sept. 13, 2026 3:09:25 PM com.jme3.bullet.objects.PhysicsRigidBody rebuildRigidBody
INFORMATION: Created 28ec1084100.
Sept. 13, 2026 3:09:25 PM com.jme3.bullet.objects.PhysicsRigidBody rebuildRigidBody
INFORMATION: Created 28ec1084430.
Sept. 13, 2026 3:09:25 PM com.jme3.bullet.objects.PhysicsRigidBody rebuildRigidBody
INFORMATION: Created 28ec1081ac0.
Sept. 13, 2026 3:09:25 PM com.jme3.bullet.objects.PhysicsRigidBody rebuildRigidBody
INFORMATION: Created 28ec1084a90.
Sept. 13, 2026 3:09:25 PM com.jme3.bullet.objects.PhysicsRigidBody rebuildRigidBody
INFORMATION: Created 28ec1085420.
Sept. 13, 2026 3:09:25 PM com.jme3.bullet.objects.PhysicsRigidBody rebuildRigidBody
INFORMATION: Created 28ec1084dc0.
Sept. 13, 2026 3:09:25 PM com.jme3.bullet.objects.PhysicsRigidBody rebuildRigidBody
INFORMATION: Created 28ec1081790.
Sept. 13, 2026 3:09:25 PM com.jme3.bullet.objects.PhysicsRigidBody rebuildRigidBody
INFORMATION: Created 28ec1087a60.
Sept. 13, 2026 3:09:25 PM com.jme3.bullet.objects.PhysicsRigidBody rebuildRigidBody
INFORMATION: Created 28ec1085db0.
Sept. 13, 2026 3:09:25 PM com.jme3.bullet.objects.PhysicsRigidBody rebuildRigidBody
INFORMATION: Created 28ec10870d0.
Sept. 13, 2026 3:09:25 PM com.jme3.bullet.objects.PhysicsRigidBody rebuildRigidBody
INFORMATION: Created 28ec1087400.
Sept. 13, 2026 3:09:25 PM com.jme3.bullet.objects.PhysicsRigidBody rebuildRigidBody
INFORMATION: Created 28ec1087d90.
Sept. 13, 2026 3:09:25 PM com.jme3.bullet.objects.PhysicsRigidBody rebuildRigidBody
INFORMATION: Created 28ec1085750.
Sept. 13, 2026 3:09:25 PM com.jme3.bullet.objects.PhysicsRigidBody rebuildRigidBody
INFORMATION: Created 28ec1085a80.
Sept. 13, 2026 3:09:25 PM com.jme3.bullet.objects.PhysicsRigidBody rebuildRigidBody
INFORMATION: Created 28ec1088a50.
Sept. 13, 2026 3:09:25 PM com.jme3.bullet.objects.PhysicsRigidBody rebuildRigidBody
INFORMATION: Created 28ec10860e0.
Sept. 13, 2026 3:09:25 PM com.jme3.bullet.objects.PhysicsRigidBody rebuildRigidBody
INFORMATION: Created 28ec1086740.
Sept. 13, 2026 3:09:25 PM com.jme3.bullet.objects.PhysicsRigidBody rebuildRigidBody
INFORMATION: Created 28ec10880c0.
Sept. 13, 2026 3:09:25 PM com.jme3.bullet.objects.PhysicsRigidBody rebuildRigidBody
INFORMATION: Created 28ec1086da0.
Sept. 13, 2026 3:09:25 PM com.jme3.bullet.objects.PhysicsRigidBody rebuildRigidBody
INFORMATION: Created 28ec1086410.
Sept. 13, 2026 3:09:25 PM com.jme3.bullet.objects.PhysicsRigidBody rebuildRigidBody
INFORMATION: Created 28ec1087730.
Sept. 13, 2026 3:09:25 PM com.jme3.bullet.objects.PhysicsRigidBody rebuildRigidBody
INFORMATION: Created 28ec1086a70.
Sept. 13, 2026 3:09:25 PM com.jme3.bullet.objects.PhysicsRigidBody rebuildRigidBody
INFORMATION: Created 28ec10883f0.
Sept. 13, 2026 3:09:25 PM com.jme3.bullet.objects.PhysicsRigidBody rebuildRigidBody
INFORMATION: Created 28ec1088720.
Sept. 13, 2026 3:09:25 PM com.jme3.bullet.objects.PhysicsRigidBody rebuildRigidBody
INFORMATION: Created 28ec1088d80.
Sept. 13, 2026 3:09:25 PM com.jme3.bullet.objects.PhysicsRigidBody rebuildRigidBody
INFORMATION: Created 28ec10890b0.
Sept. 13, 2026 3:09:25 PM com.jme3.bullet.objects.PhysicsRigidBody rebuildRigidBody
INFORMATION: Created 28ef4683010.
Sept. 13, 2026 3:09:25 PM com.jme3.bullet.objects.PhysicsRigidBody rebuildRigidBody
INFORMATION: Created 28ef4683cd0.
Sept. 13, 2026 3:09:25 PM com.jme3.bullet.objects.PhysicsRigidBody rebuildRigidBody
INFORMATION: Created 28ef4681690.
Sept. 13, 2026 3:09:25 PM com.jme3.bullet.objects.PhysicsRigidBody rebuildRigidBody
INFORMATION: Created 28ef4681030.
Sept. 13, 2026 3:09:25 PM com.jme3.bullet.objects.PhysicsRigidBody rebuildRigidBody
INFORMATION: Created 28ef4682350.
Sept. 13, 2026 3:09:25 PM com.jme3.bullet.objects.PhysicsRigidBody rebuildRigidBody
INFORMATION: Created 28ef4684000.
Sept. 13, 2026 3:09:25 PM com.jme3.bullet.objects.PhysicsRigidBody rebuildRigidBody
INFORMATION: Created 28ef4682680.
Sept. 13, 2026 3:09:25 PM com.jme3.bullet.objects.PhysicsRigidBody rebuildRigidBody
INFORMATION: Created 28ef4683340.
Sept. 13, 2026 3:09:25 PM com.jme3.bullet.objects.PhysicsRigidBody rebuildRigidBody
INFORMATION: Created 28ef4680d00.
Sept. 13, 2026 3:09:25 PM com.jme3.bullet.objects.PhysicsRigidBody rebuildRigidBody
INFORMATION: Created 28ef4684660.
Sept. 13, 2026 3:09:25 PM com.jme3.bullet.objects.PhysicsRigidBody rebuildRigidBody
INFORMATION: Created 28ef4684330.
Sept. 13, 2026 3:09:25 PM com.jme3.bullet.objects.PhysicsRigidBody rebuildRigidBody
INFORMATION: Created 28ef4683670.
Sept. 13, 2026 3:09:25 PM com.jme3.bullet.objects.PhysicsRigidBody rebuildRigidBody
INFORMATION: Created 28ef46829b0.
Sept. 13, 2026 3:09:25 PM com.jme3.bullet.objects.PhysicsRigidBody rebuildRigidBody
INFORMATION: Created 28ef46819c0.
Sept. 13, 2026 3:09:25 PM com.jme3.bullet.objects.PhysicsRigidBody rebuildRigidBody
INFORMATION: Created 28ef4684990.
Sept. 13, 2026 3:09:25 PM com.jme3.bullet.objects.PhysicsRigidBody rebuildRigidBody
INFORMATION: Created 28ef4684cc0.
Sept. 13, 2026 3:09:25 PM com.jme3.bullet.objects.PhysicsRigidBody rebuildRigidBody
INFORMATION: Created 28ef4682ce0.
Sept. 13, 2026 3:09:25 PM com.jme3.bullet.objects.PhysicsRigidBody rebuildRigidBody
INFORMATION: Created 28ef46839a0.
Sept. 13, 2026 3:09:25 PM com.jme3.bullet.objects.PhysicsRigidBody rebuildRigidBody
INFORMATION: Created 28ef4681cf0.
Sept. 13, 2026 3:09:25 PM com.jme3.bullet.objects.PhysicsRigidBody rebuildRigidBody
INFORMATION: Created 28ef4684ff0.
Sept. 13, 2026 3:09:25 PM com.jme3.bullet.objects.PhysicsRigidBody rebuildRigidBody
INFORMATION: Created 28ef4681360.
Sept. 13, 2026 3:09:25 PM com.jme3.bullet.objects.PhysicsRigidBody rebuildRigidBody
INFORMATION: Created 28ef4685320.
Sept. 13, 2026 3:09:25 PM com.jme3.bullet.objects.PhysicsRigidBody rebuildRigidBody
INFORMATION: Created 28ef3f1d660.
Sept. 13, 2026 3:09:25 PM com.jme3.bullet.objects.PhysicsRigidBody rebuildRigidBody
INFORMATION: Created 28ef3f1b9b0.
Sept. 13, 2026 3:09:25 PM com.jme3.bullet.objects.PhysicsRigidBody rebuildRigidBody
INFORMATION: Created 28ef3f1acf0.
Sept. 13, 2026 3:09:25 PM com.jme3.bullet.objects.PhysicsRigidBody rebuildRigidBody
INFORMATION: Created 28ef3f1d000.
Sept. 13, 2026 3:09:25 PM com.jme3.bullet.objects.PhysicsRigidBody rebuildRigidBody
INFORMATION: Created 28ef3f1bce0.
Sept. 13, 2026 3:09:25 PM com.jme3.bullet.objects.PhysicsRigidBody rebuildRigidBody
INFORMATION: Created 28ef3f1c010.
Sept. 13, 2026 3:09:25 PM com.jme3.bullet.objects.PhysicsRigidBody rebuildRigidBody
INFORMATION: Created 28ef3f1d330.
Sept. 13, 2026 3:09:25 PM com.jme3.bullet.objects.PhysicsRigidBody rebuildRigidBody
INFORMATION: Created 28ef3f19d00.
Sept. 13, 2026 3:09:25 PM com.jme3.bullet.objects.PhysicsRigidBody rebuildRigidBody
INFORMATION: Created 28ef3f1b020.
Sept. 13, 2026 3:09:25 PM com.jme3.bullet.objects.PhysicsRigidBody rebuildRigidBody
INFORMATION: Created 28ef3f199d0.
Sept. 13, 2026 3:09:25 PM com.jme3.bullet.objects.PhysicsRigidBody rebuildRigidBody
INFORMATION: Created 28ef3f1d990.
Sept. 13, 2026 3:09:25 PM com.jme3.bullet.objects.PhysicsRigidBody rebuildRigidBody
INFORMATION: Created 28ef3f1c670.
Sept. 13, 2026 3:09:25 PM com.jme3.bullet.objects.PhysicsRigidBody rebuildRigidBody
INFORMATION: Created 28ef3f1c340.
Sept. 13, 2026 3:09:25 PM com.jme3.bullet.objects.PhysicsRigidBody rebuildRigidBody
INFORMATION: Created 28ef3f1dcc0.
Sept. 13, 2026 3:09:25 PM com.jme3.bullet.objects.PhysicsRigidBody rebuildRigidBody
INFORMATION: Created 28ef3f1a030.
Sept. 13, 2026 3:09:25 PM com.jme3.bullet.objects.PhysicsRigidBody rebuildRigidBody
INFORMATION: Created 28ef3f1dff0.
Sept. 13, 2026 3:09:25 PM com.jme3.bullet.objects.PhysicsRigidBody rebuildRigidBody
INFORMATION: Created 28ef3f1a360.
Sept. 13, 2026 3:09:25 PM com.jme3.bullet.objects.PhysicsRigidBody rebuildRigidBody
INFORMATION: Created 28ef3f1c9a0.
Sept. 13, 2026 3:09:25 PM com.jme3.bullet.objects.PhysicsRigidBody rebuildRigidBody
INFORMATION: Created 28ef3f1e320.
Sept. 13, 2026 3:09:25 PM com.jme3.bullet.objects.PhysicsRigidBody rebuildRigidBody
INFORMATION: Created 28ef3f1a690.
Sept. 13, 2026 3:09:25 PM com.jme3.bullet.objects.PhysicsRigidBody rebuildRigidBody
INFORMATION: Created 28ef3f1e650.
Sept. 13, 2026 3:09:25 PM com.jme3.bullet.objects.PhysicsRigidBody rebuildRigidBody
INFORMATION: Created 28ef3f1a9c0.
Sept. 13, 2026 3:09:25 PM com.jme3.bullet.objects.PhysicsRigidBody rebuildRigidBody
INFORMATION: Created 28ef3f1b680.
Sept. 13, 2026 3:09:25 PM com.jme3.bullet.objects.PhysicsRigidBody rebuildRigidBody
INFORMATION: Created 28ef3f1ccd0.
Sept. 13, 2026 3:09:25 PM com.jme3.bullet.objects.PhysicsRigidBody rebuildRigidBody
INFORMATION: Created 28ef3f1e980.
Sept. 13, 2026 3:09:25 PM com.jme3.bullet.objects.PhysicsRigidBody rebuildRigidBody
INFORMATION: Created 28ef3f1b350.
Sept. 13, 2026 3:09:25 PM com.jme3.bullet.objects.PhysicsRigidBody rebuildRigidBody
INFORMATION: Created 28ef3f1ecb0.
Sept. 13, 2026 3:09:25 PM com.jme3.bullet.objects.PhysicsRigidBody rebuildRigidBody
INFORMATION: Created 28ef3f212f0.
Sept. 13, 2026 3:09:25 PM com.jme3.bullet.objects.PhysicsRigidBody rebuildRigidBody
INFORMATION: Created 28ef3f1f970.
Sept. 13, 2026 3:09:25 PM com.jme3.bullet.objects.PhysicsRigidBody rebuildRigidBody
INFORMATION: Created 28ef3f1efe0.
Sept. 13, 2026 3:09:25 PM com.jme3.bullet.objects.PhysicsRigidBody rebuildRigidBody
INFORMATION: Created 28ef3f1fca0.
Sept. 13, 2026 3:09:25 PM com.jme3.bullet.objects.PhysicsRigidBody rebuildRigidBody
INFORMATION: Created 28ef3f1f640.
Sept. 13, 2026 3:09:25 PM com.jme3.bullet.objects.PhysicsRigidBody rebuildRigidBody
INFORMATION: Created 28ef3f20300.
Sept. 13, 2026 3:09:25 PM com.jme3.bullet.objects.PhysicsRigidBody rebuildRigidBody
INFORMATION: Created 28ef3f1ffd0.
Sept. 13, 2026 3:09:25 PM com.jme3.anim.SkinningControl controlRender
INFORMATION: Hardware skinning engaged for Scene (Node)
Sept. 13, 2026 3:09:25 PM com.jme3.anim.SkinningControl controlRender
INFORMATION: Hardware skinning engaged for Scene (Node)
Sept. 13, 2026 3:09:25 PM com.jme3.anim.SkinningControl controlRender
INFORMATION: Hardware skinning engaged for Scene (Node)
Sept. 13, 2026 3:09:25 PM com.jme3.anim.SkinningControl controlRender
INFORMATION: Hardware skinning engaged for Scene (Node)
[SMOKE] stage 28
[CHECK] Bargain preserves the king's full strength
[CHECK] First person puts the camera behind the hero's collapsed head and keeps his arms
[GAME] Sicht: Verfolgerkamera
[GAME] Schwierigkeit: Mittel
[GAME] Schwierigkeit: Sehr schwer
[CHECK] Difficulty setting cycles to very hard
[CHECK] Very hard: a king's blow takes 60-70 % of the bar, never all of it (127.5)
[GAME] Schwierigkeit: Einfach
[CHECK] Back to easy
[SMOKE] stage 29
[CHECK] Death animation reaches Game Over
[CHECK] Hero is on the floor at Game Over
Sept. 13, 2026 3:09:30 PM com.jme3.bullet.objects.PhysicsRigidBody rebuildRigidBody
INFORMATION: Created 28f16d66020.
Sept. 13, 2026 3:09:30 PM com.jme3.bullet.objects.PhysicsRigidBody rebuildRigidBody
INFORMATION: Created 28f16d636b0.
Sept. 13, 2026 3:09:30 PM com.jme3.bullet.objects.PhysicsRigidBody rebuildRigidBody
INFORMATION: Created 28f16d63380.
Sept. 13, 2026 3:09:30 PM com.jme3.bullet.objects.PhysicsRigidBody rebuildRigidBody
INFORMATION: Created 28f16d65cf0.
Sept. 13, 2026 3:09:30 PM com.jme3.bullet.objects.PhysicsRigidBody rebuildRigidBody
INFORMATION: Created 28f16d64040.
Sept. 13, 2026 3:09:30 PM com.jme3.bullet.objects.PhysicsRigidBody rebuildRigidBody
INFORMATION: Created 28f16d669b0.
Sept. 13, 2026 3:09:30 PM com.jme3.bullet.objects.PhysicsRigidBody rebuildRigidBody
INFORMATION: Created 28f16d64370.
Sept. 13, 2026 3:09:30 PM com.jme3.bullet.objects.PhysicsRigidBody rebuildRigidBody
INFORMATION: Created 28f16d646a0.
Sept. 13, 2026 3:09:30 PM com.jme3.bullet.objects.PhysicsRigidBody rebuildRigidBody
INFORMATION: Created 28f16d63d10.
Sept. 13, 2026 3:09:30 PM com.jme3.bullet.objects.PhysicsRigidBody rebuildRigidBody
INFORMATION: Created 28f16d639e0.
Sept. 13, 2026 3:09:30 PM com.jme3.bullet.objects.PhysicsRigidBody rebuildRigidBody
INFORMATION: Created 28f16d66350.
Sept. 13, 2026 3:09:30 PM com.jme3.bullet.objects.PhysicsRigidBody rebuildRigidBody
INFORMATION: Created 28f16d65030.
Sept. 13, 2026 3:09:30 PM com.jme3.bullet.objects.PhysicsRigidBody rebuildRigidBody
INFORMATION: Created 28f16d65360.
Sept. 13, 2026 3:09:30 PM com.jme3.bullet.objects.PhysicsRigidBody rebuildRigidBody
INFORMATION: Created 28f16d66680.
Sept. 13, 2026 3:09:30 PM com.jme3.bullet.objects.PhysicsRigidBody rebuildRigidBody
INFORMATION: Created 28f16d649d0.
Sept. 13, 2026 3:09:30 PM com.jme3.bullet.objects.PhysicsRigidBody rebuildRigidBody
INFORMATION: Created 28f16d64d00.
Sept. 13, 2026 3:09:30 PM com.jme3.bullet.objects.PhysicsRigidBody rebuildRigidBody
INFORMATION: Created 28f16d65690.
Sept. 13, 2026 3:09:30 PM com.jme3.bullet.objects.PhysicsRigidBody rebuildRigidBody
INFORMATION: Created 28f16d659c0.
Sept. 13, 2026 3:09:30 PM com.jme3.bullet.objects.PhysicsRigidBody rebuildRigidBody
INFORMATION: Created 28f002a1560.
Sept. 13, 2026 3:09:30 PM com.jme3.bullet.objects.PhysicsRigidBody rebuildRigidBody
INFORMATION: Created 28f002a0f00.
Sept. 13, 2026 3:09:30 PM com.jme3.bullet.objects.PhysicsRigidBody rebuildRigidBody
INFORMATION: Created 28f002a1890.
Sept. 13, 2026 3:09:30 PM com.jme3.bullet.objects.PhysicsRigidBody rebuildRigidBody
INFORMATION: Created 28f173a2350.
Sept. 13, 2026 3:09:30 PM com.jme3.bullet.objects.PhysicsRigidBody rebuildRigidBody
INFORMATION: Created 28f173a19c0.
Sept. 13, 2026 3:09:30 PM com.jme3.bullet.objects.PhysicsRigidBody rebuildRigidBody
INFORMATION: Created 28f173a1cf0.
Sept. 13, 2026 3:09:30 PM com.jme3.bullet.objects.PhysicsRigidBody rebuildRigidBody
INFORMATION: Created 28f173a2020.
Sept. 13, 2026 3:09:30 PM com.jme3.bullet.objects.PhysicsRigidBody rebuildRigidBody
INFORMATION: Created 28efb06ebc0.
Sept. 13, 2026 3:09:30 PM com.jme3.bullet.objects.PhysicsRigidBody rebuildRigidBody
INFORMATION: Created 28efb06f220.
Sept. 13, 2026 3:09:30 PM com.jme3.bullet.objects.PhysicsRigidBody rebuildRigidBody
INFORMATION: Created 28efb06eef0.
Sept. 13, 2026 3:09:30 PM com.jme3.bullet.objects.PhysicsRigidBody rebuildRigidBody
INFORMATION: Created 28efb06f550.
Sept. 13, 2026 3:09:30 PM com.jme3.bullet.objects.PhysicsRigidBody rebuildRigidBody
INFORMATION: Created 28efd12c200.
Sept. 13, 2026 3:09:30 PM com.jme3.bullet.objects.PhysicsRigidBody rebuildRigidBody
INFORMATION: Created 28efd12c530.
Sept. 13, 2026 3:09:30 PM com.jme3.bullet.objects.PhysicsRigidBody rebuildRigidBody
INFORMATION: Created 28efd12c860.
Sept. 13, 2026 3:09:30 PM com.jme3.bullet.objects.PhysicsRigidBody rebuildRigidBody
INFORMATION: Created 28efd12bed0.
Sept. 13, 2026 3:09:30 PM com.jme3.bullet.objects.PhysicsRigidBody rebuildRigidBody
INFORMATION: Created 28effd24ec0.
Sept. 13, 2026 3:09:30 PM com.jme3.bullet.objects.PhysicsRigidBody rebuildRigidBody
INFORMATION: Created 28effd251f0.
Sept. 13, 2026 3:09:30 PM com.jme3.bullet.objects.PhysicsRigidBody rebuildRigidBody
INFORMATION: Created 28effd25520.
Sept. 13, 2026 3:09:30 PM com.jme3.bullet.objects.PhysicsRigidBody rebuildRigidBody
INFORMATION: Created 28effd25850.
Sept. 13, 2026 3:09:30 PM com.jme3.bullet.objects.PhysicsRigidBody rebuildRigidBody
INFORMATION: Created 28efb4fcbb0.
Sept. 13, 2026 3:09:30 PM com.jme3.bullet.objects.PhysicsRigidBody rebuildRigidBody
INFORMATION: Created 28efb4fd870.
Sept. 13, 2026 3:09:30 PM com.jme3.bullet.objects.PhysicsRigidBody rebuildRigidBody
INFORMATION: Created 28efb4fc550.
Sept. 13, 2026 3:09:30 PM com.jme3.bullet.objects.PhysicsRigidBody rebuildRigidBody
INFORMATION: Created 28efb4fbef0.
Sept. 13, 2026 3:09:30 PM com.jme3.bullet.objects.PhysicsRigidBody rebuildRigidBody
INFORMATION: Created 28efb4fc220.
Sept. 13, 2026 3:09:30 PM com.jme3.bullet.objects.PhysicsRigidBody rebuildRigidBody
INFORMATION: Created 28efb4fc880.
Sept. 13, 2026 3:09:30 PM com.jme3.bullet.objects.PhysicsRigidBody rebuildRigidBody
INFORMATION: Created 28efb4fcee0.
Sept. 13, 2026 3:09:30 PM com.jme3.bullet.objects.PhysicsRigidBody rebuildRigidBody
INFORMATION: Created 28efb4fd210.
Sept. 13, 2026 3:09:30 PM com.jme3.bullet.objects.PhysicsRigidBody rebuildRigidBody
INFORMATION: Created 28efb4fd540.
Sept. 13, 2026 3:09:30 PM com.jme3.bullet.objects.PhysicsRigidBody rebuildRigidBody
INFORMATION: Created 28effba4d30.
Sept. 13, 2026 3:09:30 PM com.jme3.bullet.objects.PhysicsRigidBody rebuildRigidBody
INFORMATION: Created 28effba59f0.
Sept. 13, 2026 3:09:30 PM com.jme3.bullet.objects.PhysicsRigidBody rebuildRigidBody
INFORMATION: Created 28effba4a00.
Sept. 13, 2026 3:09:30 PM com.jme3.bullet.objects.PhysicsRigidBody rebuildRigidBody
INFORMATION: Created 28effba5390.
Sept. 13, 2026 3:09:30 PM com.jme3.bullet.objects.PhysicsRigidBody rebuildRigidBody
INFORMATION: Created 28effba56c0.
Sept. 13, 2026 3:09:30 PM com.jme3.bullet.objects.PhysicsRigidBody rebuildRigidBody
INFORMATION: Created 28effba4070.
Sept. 13, 2026 3:09:30 PM com.jme3.bullet.objects.PhysicsRigidBody rebuildRigidBody
INFORMATION: Created 28effba43a0.
Sept. 13, 2026 3:09:30 PM com.jme3.bullet.objects.PhysicsRigidBody rebuildRigidBody
INFORMATION: Created 28effba46d0.
Sept. 13, 2026 3:09:30 PM com.jme3.bullet.objects.PhysicsRigidBody rebuildRigidBody
INFORMATION: Created 28effba5060.
Sept. 13, 2026 3:09:30 PM com.jme3.bullet.objects.PhysicsRigidBody rebuildRigidBody
INFORMATION: Created 28efdcbed30.
Sept. 13, 2026 3:09:30 PM com.jme3.bullet.objects.PhysicsRigidBody rebuildRigidBody
INFORMATION: Created 28efdcc0380.
Sept. 13, 2026 3:09:30 PM com.jme3.bullet.objects.PhysicsRigidBody rebuildRigidBody
INFORMATION: Created 28efdcbfd20.
Sept. 13, 2026 3:09:30 PM com.jme3.bullet.objects.PhysicsRigidBody rebuildRigidBody
INFORMATION: Created 28efdcc06b0.
Sept. 13, 2026 3:09:30 PM com.jme3.bullet.objects.PhysicsRigidBody rebuildRigidBody
INFORMATION: Created 28efdcbf060.
Sept. 13, 2026 3:09:30 PM com.jme3.bullet.objects.PhysicsRigidBody rebuildRigidBody
INFORMATION: Created 28efdcc0050.
Sept. 13, 2026 3:09:30 PM com.jme3.bullet.objects.PhysicsRigidBody rebuildRigidBody
INFORMATION: Created 28efdcbf390.
Sept. 13, 2026 3:09:30 PM com.jme3.bullet.objects.PhysicsRigidBody rebuildRigidBody
INFORMATION: Created 28efdcbf6c0.
Sept. 13, 2026 3:09:30 PM com.jme3.bullet.objects.PhysicsRigidBody rebuildRigidBody
INFORMATION: Created 28efdcbf9f0.
Sept. 13, 2026 3:09:30 PM com.jme3.bullet.objects.PhysicsRigidBody rebuildRigidBody
INFORMATION: Created 28ef98a6440.
Sept. 13, 2026 3:09:30 PM com.jme3.bullet.objects.PhysicsRigidBody rebuildRigidBody
INFORMATION: Created 28ef98a4ac0.
Sept. 13, 2026 3:09:30 PM com.jme3.bullet.objects.PhysicsRigidBody rebuildRigidBody
INFORMATION: Created 28ef98a4df0.
Sept. 13, 2026 3:09:30 PM com.jme3.bullet.objects.PhysicsRigidBody rebuildRigidBody
INFORMATION: Created 28ef98a5120.
Sept. 13, 2026 3:09:30 PM com.jme3.bullet.objects.PhysicsRigidBody rebuildRigidBody
INFORMATION: Created 28ef98a5780.
Sept. 13, 2026 3:09:30 PM com.jme3.bullet.objects.PhysicsRigidBody rebuildRigidBody
INFORMATION: Created 28ef98a6110.
Sept. 13, 2026 3:09:30 PM com.jme3.bullet.objects.PhysicsRigidBody rebuildRigidBody
INFORMATION: Created 28ef98a5450.
Sept. 13, 2026 3:09:30 PM com.jme3.bullet.objects.PhysicsRigidBody rebuildRigidBody
INFORMATION: Created 28ef98a5ab0.
Sept. 13, 2026 3:09:30 PM com.jme3.bullet.objects.PhysicsRigidBody rebuildRigidBody
INFORMATION: Created 28ef98a5de0.
Sept. 13, 2026 3:09:30 PM com.jme3.bullet.objects.PhysicsRigidBody rebuildRigidBody
INFORMATION: Created 28efd8bc5f0.
Sept. 13, 2026 3:09:30 PM com.jme3.bullet.objects.PhysicsRigidBody rebuildRigidBody
INFORMATION: Created 28efd8bc920.
Sept. 13, 2026 3:09:30 PM com.jme3.bullet.objects.PhysicsRigidBody rebuildRigidBody
INFORMATION: Created 28efd8bd910.
Sept. 13, 2026 3:09:30 PM com.jme3.bullet.objects.PhysicsRigidBody rebuildRigidBody
INFORMATION: Created 28efd8bd5e0.
Sept. 13, 2026 3:09:30 PM com.jme3.bullet.objects.PhysicsRigidBody rebuildRigidBody
INFORMATION: Created 28efd8bbf90.
Sept. 13, 2026 3:09:30 PM com.jme3.bullet.objects.PhysicsRigidBody rebuildRigidBody
INFORMATION: Created 28efd8bcc50.
Sept. 13, 2026 3:09:30 PM com.jme3.bullet.objects.PhysicsRigidBody rebuildRigidBody
INFORMATION: Created 28efd8bcf80.
Sept. 13, 2026 3:09:30 PM com.jme3.bullet.objects.PhysicsRigidBody rebuildRigidBody
INFORMATION: Created 28efd8bc2c0.
Sept. 13, 2026 3:09:30 PM com.jme3.bullet.objects.PhysicsRigidBody rebuildRigidBody
INFORMATION: Created 28efd8bd2b0.
Sept. 13, 2026 3:09:30 PM com.jme3.bullet.objects.PhysicsRigidBody rebuildRigidBody
INFORMATION: Created 28efb0f6710.
Sept. 13, 2026 3:09:30 PM com.jme3.bullet.objects.PhysicsRigidBody rebuildRigidBody
INFORMATION: Created 28efb0f7a30.
Sept. 13, 2026 3:09:30 PM com.jme3.bullet.objects.PhysicsRigidBody rebuildRigidBody
INFORMATION: Created 28efb0f4d90.
Sept. 13, 2026 3:09:30 PM com.jme3.bullet.objects.PhysicsRigidBody rebuildRigidBody
INFORMATION: Created 28efb0f73d0.
Sept. 13, 2026 3:09:30 PM com.jme3.bullet.objects.PhysicsRigidBody rebuildRigidBody
INFORMATION: Created 28efb0f70a0.
Sept. 13, 2026 3:09:30 PM com.jme3.bullet.objects.PhysicsRigidBody rebuildRigidBody
INFORMATION: Created 28efb0f53f0.
Sept. 13, 2026 3:09:30 PM com.jme3.bullet.objects.PhysicsRigidBody rebuildRigidBody
INFORMATION: Created 28efb0f40d0.
Sept. 13, 2026 3:09:30 PM com.jme3.bullet.objects.PhysicsRigidBody rebuildRigidBody
INFORMATION: Created 28efb0f5d80.
Sept. 13, 2026 3:09:30 PM com.jme3.bullet.objects.PhysicsRigidBody rebuildRigidBody
INFORMATION: Created 28efb0f63e0.
Sept. 13, 2026 3:09:30 PM com.jme3.bullet.objects.PhysicsRigidBody rebuildRigidBody
INFORMATION: Created 28efb0f4730.
Sept. 13, 2026 3:09:30 PM com.jme3.bullet.objects.PhysicsRigidBody rebuildRigidBody
INFORMATION: Created 28efb0f7700.
Sept. 13, 2026 3:09:30 PM com.jme3.bullet.objects.PhysicsRigidBody rebuildRigidBody
INFORMATION: Created 28efb0f5a50.
Sept. 13, 2026 3:09:30 PM com.jme3.bullet.objects.PhysicsRigidBody rebuildRigidBody
INFORMATION: Created 28efb0f60b0.
Sept. 13, 2026 3:09:30 PM com.jme3.bullet.objects.PhysicsRigidBody rebuildRigidBody
INFORMATION: Created 28efb0f6a40.
Sept. 13, 2026 3:09:30 PM com.jme3.bullet.objects.PhysicsRigidBody rebuildRigidBody
INFORMATION: Created 28efb0f5720.
Sept. 13, 2026 3:09:30 PM com.jme3.bullet.objects.PhysicsRigidBody rebuildRigidBody
INFORMATION: Created 28efb0f6d70.
Sept. 13, 2026 3:09:30 PM com.jme3.bullet.objects.PhysicsRigidBody rebuildRigidBody
INFORMATION: Created 28efb0f4400.
Sept. 13, 2026 3:09:30 PM com.jme3.bullet.objects.PhysicsRigidBody rebuildRigidBody
INFORMATION: Created 28efb0f4a60.
Sept. 13, 2026 3:09:30 PM com.jme3.bullet.objects.PhysicsRigidBody rebuildRigidBody
INFORMATION: Created 28efb0f50c0.
Sept. 13, 2026 3:09:30 PM com.jme3.bullet.objects.PhysicsRigidBody rebuildRigidBody
INFORMATION: Created 28ef8e04770.
Sept. 13, 2026 3:09:30 PM com.jme3.bullet.objects.PhysicsRigidBody rebuildRigidBody
INFORMATION: Created 28ef8e05a90.
Sept. 13, 2026 3:09:30 PM com.jme3.bullet.objects.PhysicsRigidBody rebuildRigidBody
INFORMATION: Created 28ef8e04110.
Sept. 13, 2026 3:09:30 PM com.jme3.bullet.objects.PhysicsRigidBody rebuildRigidBody
INFORMATION: Created 28ef8e04440.
Sept. 13, 2026 3:09:30 PM com.jme3.bullet.objects.PhysicsRigidBody rebuildRigidBody
INFORMATION: Created 28ef8e04aa0.
Sept. 13, 2026 3:09:30 PM com.jme3.bullet.objects.PhysicsRigidBody rebuildRigidBody
INFORMATION: Created 28ef8e03ab0.
Sept. 13, 2026 3:09:30 PM com.jme3.bullet.objects.PhysicsRigidBody rebuildRigidBody
INFORMATION: Created 28ef8e04dd0.
Sept. 13, 2026 3:09:30 PM com.jme3.bullet.objects.PhysicsRigidBody rebuildRigidBody
INFORMATION: Created 28ef8e05100.
Sept. 13, 2026 3:09:30 PM com.jme3.bullet.objects.PhysicsRigidBody rebuildRigidBody
INFORMATION: Created 28ef8e03450.
Sept. 13, 2026 3:09:30 PM com.jme3.bullet.objects.PhysicsRigidBody rebuildRigidBody
INFORMATION: Created 28ef8e05760.
Sept. 13, 2026 3:09:30 PM com.jme3.bullet.objects.PhysicsRigidBody rebuildRigidBody
INFORMATION: Created 28ef8e05dc0.
Sept. 13, 2026 3:09:30 PM com.jme3.bullet.objects.PhysicsRigidBody rebuildRigidBody
INFORMATION: Created 28ef8e03de0.
Sept. 13, 2026 3:09:30 PM com.jme3.bullet.objects.PhysicsRigidBody rebuildRigidBody
INFORMATION: Created 28ef8e060f0.
Sept. 13, 2026 3:09:30 PM com.jme3.bullet.objects.PhysicsRigidBody rebuildRigidBody
INFORMATION: Created 28ef8e05430.
Sept. 13, 2026 3:09:30 PM com.jme3.bullet.objects.PhysicsRigidBody rebuildRigidBody
INFORMATION: Created 28ef8e02df0.
Sept. 13, 2026 3:09:30 PM com.jme3.bullet.objects.PhysicsRigidBody rebuildRigidBody
INFORMATION: Created 28ef8e06420.
Sept. 13, 2026 3:09:30 PM com.jme3.bullet.objects.PhysicsRigidBody rebuildRigidBody
INFORMATION: Created 28ef8e02ac0.
Sept. 13, 2026 3:09:30 PM com.jme3.bullet.objects.PhysicsRigidBody rebuildRigidBody
INFORMATION: Created 28ef8e03780.
Sept. 13, 2026 3:09:30 PM com.jme3.bullet.objects.PhysicsRigidBody rebuildRigidBody
INFORMATION: Created 28ef8e03120.
Sept. 13, 2026 3:09:30 PM com.jme3.bullet.objects.PhysicsRigidBody rebuildRigidBody
INFORMATION: Created 28efb0ecd20.
Sept. 13, 2026 3:09:30 PM com.jme3.bullet.objects.PhysicsRigidBody rebuildRigidBody
INFORMATION: Created 28efb0edd10.
Sept. 13, 2026 3:09:30 PM com.jme3.bullet.objects.PhysicsRigidBody rebuildRigidBody
INFORMATION: Created 28efb0eb6d0.
Sept. 13, 2026 3:09:30 PM com.jme3.bullet.objects.PhysicsRigidBody rebuildRigidBody
INFORMATION: Created 28efb0ec9f0.
Sept. 13, 2026 3:09:30 PM com.jme3.bullet.objects.PhysicsRigidBody rebuildRigidBody
INFORMATION: Created 28efb0ee040.
Sept. 13, 2026 3:09:30 PM com.jme3.bullet.objects.PhysicsRigidBody rebuildRigidBody
INFORMATION: Created 28efb0ee9d0.
Sept. 13, 2026 3:09:30 PM com.jme3.bullet.objects.PhysicsRigidBody rebuildRigidBody
INFORMATION: Created 28efb0ec6c0.
Sept. 13, 2026 3:09:30 PM com.jme3.bullet.objects.PhysicsRigidBody rebuildRigidBody
INFORMATION: Created 28efb0eb070.
Sept. 13, 2026 3:09:30 PM com.jme3.bullet.objects.PhysicsRigidBody rebuildRigidBody
INFORMATION: Created 28efb0ed050.
Sept. 13, 2026 3:09:30 PM com.jme3.bullet.objects.PhysicsRigidBody rebuildRigidBody
INFORMATION: Created 28efb0eba00.
Sept. 13, 2026 3:09:30 PM com.jme3.bullet.objects.PhysicsRigidBody rebuildRigidBody
INFORMATION: Created 28efb0ed380.
Sept. 13, 2026 3:09:30 PM com.jme3.bullet.objects.PhysicsRigidBody rebuildRigidBody
INFORMATION: Created 28efb0eb3a0.
Sept. 13, 2026 3:09:30 PM com.jme3.bullet.objects.PhysicsRigidBody rebuildRigidBody
INFORMATION: Created 28efb0ed6b0.
Sept. 13, 2026 3:09:30 PM com.jme3.bullet.objects.PhysicsRigidBody rebuildRigidBody
INFORMATION: Created 28efb0ee370.
Sept. 13, 2026 3:09:30 PM com.jme3.bullet.objects.PhysicsRigidBody rebuildRigidBody
INFORMATION: Created 28efb0ed9e0.
Sept. 13, 2026 3:09:30 PM com.jme3.bullet.objects.PhysicsRigidBody rebuildRigidBody
INFORMATION: Created 28efb0ebd30.
Sept. 13, 2026 3:09:30 PM com.jme3.bullet.objects.PhysicsRigidBody rebuildRigidBody
INFORMATION: Created 28efb0ee6a0.
Sept. 13, 2026 3:09:30 PM com.jme3.bullet.objects.PhysicsRigidBody rebuildRigidBody
INFORMATION: Created 28efb0ec060.
Sept. 13, 2026 3:09:30 PM com.jme3.bullet.objects.PhysicsRigidBody rebuildRigidBody
INFORMATION: Created 28efb0ec390.
Sept. 13, 2026 3:09:30 PM com.jme3.bullet.objects.PhysicsRigidBody rebuildRigidBody
INFORMATION: Created 28f16c02210.
Sept. 13, 2026 3:09:30 PM com.jme3.bullet.objects.PhysicsRigidBody rebuildRigidBody
INFORMATION: Created 28f16c02870.
Sept. 13, 2026 3:09:30 PM com.jme3.bullet.objects.PhysicsRigidBody rebuildRigidBody
INFORMATION: Created 28f16c00890.
Sept. 13, 2026 3:09:30 PM com.jme3.bullet.objects.PhysicsRigidBody rebuildRigidBody
INFORMATION: Created 28f16c00560.
Sept. 13, 2026 3:09:30 PM com.jme3.bullet.objects.PhysicsRigidBody rebuildRigidBody
INFORMATION: Created 28f16c03200.
Sept. 13, 2026 3:09:30 PM com.jme3.bullet.objects.PhysicsRigidBody rebuildRigidBody
INFORMATION: Created 28f16bfff00.
Sept. 13, 2026 3:09:30 PM com.jme3.bullet.objects.PhysicsRigidBody rebuildRigidBody
INFORMATION: Created 28f16c02ba0.
Sept. 13, 2026 3:09:30 PM com.jme3.bullet.objects.PhysicsRigidBody rebuildRigidBody
INFORMATION: Created 28f16c00ef0.
Sept. 13, 2026 3:09:30 PM com.jme3.bullet.objects.PhysicsRigidBody rebuildRigidBody
INFORMATION: Created 28f16c00bc0.
Sept. 13, 2026 3:09:30 PM com.jme3.bullet.objects.PhysicsRigidBody rebuildRigidBody
INFORMATION: Created 28f16c01bb0.
Sept. 13, 2026 3:09:30 PM com.jme3.bullet.objects.PhysicsRigidBody rebuildRigidBody
INFORMATION: Created 28f16c01ee0.
Sept. 13, 2026 3:09:30 PM com.jme3.bullet.objects.PhysicsRigidBody rebuildRigidBody
INFORMATION: Created 28f16c01220.
Sept. 13, 2026 3:09:30 PM com.jme3.bullet.objects.PhysicsRigidBody rebuildRigidBody
INFORMATION: Created 28f16c02540.
[CHECK] Checkpoint respawn restores playable state
Sept. 13, 2026 3:09:30 PM com.jme3.anim.SkinningControl controlRender
INFORMATION: Hardware skinning engaged for Scene (Node)
Sept. 13, 2026 3:09:30 PM com.jme3.anim.SkinningControl controlRender
INFORMATION: Hardware skinning engaged for Scene (Node)
Sept. 13, 2026 3:09:30 PM com.jme3.anim.SkinningControl controlRender
INFORMATION: Hardware skinning engaged for Scene (Node)
Sept. 13, 2026 3:09:30 PM com.jme3.anim.SkinningControl controlRender
INFORMATION: Hardware skinning engaged for Scene (Node)
[SMOKE] stage 30
[CHECK] Fast mode removes the shadow pass
[GAME] Grafik: Atmosphärisch
[SMOKE] stage 31
[CHECK] High quality restores shadows before post-processing
Sept. 13, 2026 3:09:35 PM com.jme3.bullet.objects.PhysicsRigidBody rebuildRigidBody
INFORMATION: Created 28ef3f20630.
Sept. 13, 2026 3:09:35 PM com.jme3.bullet.objects.PhysicsRigidBody rebuildRigidBody
INFORMATION: Created 28ef3f21620.
Sept. 13, 2026 3:09:35 PM com.jme3.bullet.objects.PhysicsRigidBody rebuildRigidBody
INFORMATION: Created 28ef3f20fc0.
Sept. 13, 2026 3:09:35 PM com.jme3.bullet.objects.PhysicsRigidBody rebuildRigidBody
INFORMATION: Created 28ef3f20960.
Sept. 13, 2026 3:09:35 PM com.jme3.bullet.objects.PhysicsRigidBody rebuildRigidBody
INFORMATION: Created 28ef3f20c90.
Sept. 13, 2026 3:09:35 PM com.jme3.bullet.objects.PhysicsRigidBody rebuildRigidBody
INFORMATION: Created 28ef905f050.
Sept. 13, 2026 3:09:35 PM com.jme3.bullet.objects.PhysicsRigidBody rebuildRigidBody
INFORMATION: Created 28ef905f9e0.
Sept. 13, 2026 3:09:35 PM com.jme3.bullet.objects.PhysicsRigidBody rebuildRigidBody
INFORMATION: Created 28ef905f380.
Sept. 13, 2026 3:09:35 PM com.jme3.bullet.objects.PhysicsRigidBody rebuildRigidBody
INFORMATION: Created 28ef90609d0.
Sept. 13, 2026 3:09:35 PM com.jme3.bullet.objects.PhysicsRigidBody rebuildRigidBody
INFORMATION: Created 28ef9060d00.
Sept. 13, 2026 3:09:35 PM com.jme3.bullet.objects.PhysicsRigidBody rebuildRigidBody
INFORMATION: Created 28ef905f6b0.
Sept. 13, 2026 3:09:35 PM com.jme3.bullet.objects.PhysicsRigidBody rebuildRigidBody
INFORMATION: Created 28ef9061690.
Sept. 13, 2026 3:09:35 PM com.jme3.bullet.objects.PhysicsRigidBody rebuildRigidBody
INFORMATION: Created 28ef905fd10.
Sept. 13, 2026 3:09:35 PM com.jme3.bullet.objects.PhysicsRigidBody rebuildRigidBody
INFORMATION: Created 28ef9060040.
Sept. 13, 2026 3:09:35 PM com.jme3.bullet.objects.PhysicsRigidBody rebuildRigidBody
INFORMATION: Created 28ef9062020.
Sept. 13, 2026 3:09:35 PM com.jme3.bullet.objects.PhysicsRigidBody rebuildRigidBody
INFORMATION: Created 28ef90619c0.
Sept. 13, 2026 3:09:35 PM com.jme3.bullet.objects.PhysicsRigidBody rebuildRigidBody
INFORMATION: Created 28ef9060370.
Sept. 13, 2026 3:09:35 PM com.jme3.bullet.objects.PhysicsRigidBody rebuildRigidBody
INFORMATION: Created 28ef9061360.
Sept. 13, 2026 3:09:35 PM com.jme3.bullet.objects.PhysicsRigidBody rebuildRigidBody
INFORMATION: Created 28ef9061cf0.
Sept. 13, 2026 3:09:35 PM com.jme3.bullet.objects.PhysicsRigidBody rebuildRigidBody
INFORMATION: Created 28ef905e9f0.
Sept. 13, 2026 3:09:35 PM com.jme3.bullet.objects.PhysicsRigidBody rebuildRigidBody
INFORMATION: Created 28ef9062350.
Sept. 13, 2026 3:09:35 PM com.jme3.bullet.objects.PhysicsRigidBody rebuildRigidBody
INFORMATION: Created 28ef3f85d80.
Sept. 13, 2026 3:09:35 PM com.jme3.bullet.objects.PhysicsRigidBody rebuildRigidBody
INFORMATION: Created 28ef3f85720.
Sept. 13, 2026 3:09:35 PM com.jme3.bullet.objects.PhysicsRigidBody rebuildRigidBody
INFORMATION: Created 28ef3f863e0.
Sept. 13, 2026 3:09:35 PM com.jme3.bullet.objects.PhysicsRigidBody rebuildRigidBody
INFORMATION: Created 28ef3f86710.
Sept. 13, 2026 3:09:35 PM com.jme3.bullet.objects.PhysicsRigidBody rebuildRigidBody
INFORMATION: Created 28ef3f870a0.
Sept. 13, 2026 3:09:35 PM com.jme3.bullet.objects.PhysicsRigidBody rebuildRigidBody
INFORMATION: Created 28ef3f840d0.
Sept. 13, 2026 3:09:35 PM com.jme3.bullet.objects.PhysicsRigidBody rebuildRigidBody
INFORMATION: Created 28ef3f86a40.
Sept. 13, 2026 3:09:35 PM com.jme3.bullet.objects.PhysicsRigidBody rebuildRigidBody
INFORMATION: Created 28ef3f84400.
Sept. 13, 2026 3:09:35 PM com.jme3.bullet.objects.PhysicsRigidBody rebuildRigidBody
INFORMATION: Created 28ef3f83740.
Sept. 13, 2026 3:09:35 PM com.jme3.bullet.objects.PhysicsRigidBody rebuildRigidBody
INFORMATION: Created 28ef3f84730.
Sept. 13, 2026 3:09:35 PM com.jme3.bullet.objects.PhysicsRigidBody rebuildRigidBody
INFORMATION: Created 28ef3f83a70.
Sept. 13, 2026 3:09:35 PM com.jme3.bullet.objects.PhysicsRigidBody rebuildRigidBody
INFORMATION: Created 28ef3f83da0.
Sept. 13, 2026 3:09:35 PM com.jme3.bullet.objects.PhysicsRigidBody rebuildRigidBody
INFORMATION: Created 28ef3f84a60.
Sept. 13, 2026 3:09:35 PM com.jme3.bullet.objects.PhysicsRigidBody rebuildRigidBody
INFORMATION: Created 28ef3f84d90.
Sept. 13, 2026 3:09:35 PM com.jme3.bullet.objects.PhysicsRigidBody rebuildRigidBody
INFORMATION: Created 28ef3f850c0.
Sept. 13, 2026 3:09:35 PM com.jme3.bullet.objects.PhysicsRigidBody rebuildRigidBody
INFORMATION: Created 28ec121e1c0.
Sept. 13, 2026 3:09:35 PM com.jme3.bullet.objects.PhysicsRigidBody rebuildRigidBody
INFORMATION: Created 28ec121e4f0.
Sept. 13, 2026 3:09:35 PM com.jme3.bullet.objects.PhysicsRigidBody rebuildRigidBody
INFORMATION: Created 28ec121ee80.
Sept. 13, 2026 3:09:35 PM com.jme3.bullet.objects.PhysicsRigidBody rebuildRigidBody
INFORMATION: Created 28ec121f810.
Sept. 13, 2026 3:09:35 PM com.jme3.bullet.objects.PhysicsRigidBody rebuildRigidBody
INFORMATION: Created 28effb7d310.
Sept. 13, 2026 3:09:35 PM com.jme3.bullet.objects.PhysicsRigidBody rebuildRigidBody
INFORMATION: Created 28effb7dfd0.
Sept. 13, 2026 3:09:35 PM com.jme3.bullet.objects.PhysicsRigidBody rebuildRigidBody
INFORMATION: Created 28effb7ffb0.
Sept. 13, 2026 3:09:35 PM com.jme3.bullet.objects.PhysicsRigidBody rebuildRigidBody
INFORMATION: Created 28effb802e0.
Sept. 13, 2026 3:09:35 PM com.jme3.bullet.objects.PhysicsRigidBody rebuildRigidBody
INFORMATION: Created 28effb7d640.
Sept. 13, 2026 3:09:35 PM com.jme3.bullet.objects.PhysicsRigidBody rebuildRigidBody
INFORMATION: Created 28effb7cfe0.
Sept. 13, 2026 3:09:35 PM com.jme3.bullet.objects.PhysicsRigidBody rebuildRigidBody
INFORMATION: Created 28effb7efc0.
Sept. 13, 2026 3:09:35 PM com.jme3.bullet.objects.PhysicsRigidBody rebuildRigidBody
INFORMATION: Created 28effb80610.
Sept. 13, 2026 3:09:35 PM com.jme3.bullet.objects.PhysicsRigidBody rebuildRigidBody
INFORMATION: Created 28effb7f950.
Sept. 13, 2026 3:09:35 PM com.jme3.bullet.objects.PhysicsRigidBody rebuildRigidBody
INFORMATION: Created 28effb7fc80.
Sept. 13, 2026 3:09:35 PM com.jme3.bullet.objects.PhysicsRigidBody rebuildRigidBody
INFORMATION: Created 28effb7ccb0.
Sept. 13, 2026 3:09:35 PM com.jme3.bullet.objects.PhysicsRigidBody rebuildRigidBody
INFORMATION: Created 28effb7d970.
Sept. 13, 2026 3:09:35 PM com.jme3.bullet.objects.PhysicsRigidBody rebuildRigidBody
INFORMATION: Created 28effb7dca0.
Sept. 13, 2026 3:09:35 PM com.jme3.bullet.objects.PhysicsRigidBody rebuildRigidBody
INFORMATION: Created 28effb7e300.
Sept. 13, 2026 3:09:35 PM com.jme3.bullet.objects.PhysicsRigidBody rebuildRigidBody
INFORMATION: Created 28effb7e630.
Sept. 13, 2026 3:09:35 PM com.jme3.bullet.objects.PhysicsRigidBody rebuildRigidBody
INFORMATION: Created 28effb7e960.
Sept. 13, 2026 3:09:35 PM com.jme3.bullet.objects.PhysicsRigidBody rebuildRigidBody
INFORMATION: Created 28effb7ec90.
Sept. 13, 2026 3:09:35 PM com.jme3.bullet.objects.PhysicsRigidBody rebuildRigidBody
INFORMATION: Created 28effb7f2f0.
Sept. 13, 2026 3:09:35 PM com.jme3.bullet.objects.PhysicsRigidBody rebuildRigidBody
INFORMATION: Created 28effb7f620.
Sept. 13, 2026 3:09:35 PM com.jme3.bullet.objects.PhysicsRigidBody rebuildRigidBody
INFORMATION: Created 28ef4049360.
Sept. 13, 2026 3:09:35 PM com.jme3.bullet.objects.PhysicsRigidBody rebuildRigidBody
INFORMATION: Created 28ef40466c0.
Sept. 13, 2026 3:09:35 PM com.jme3.bullet.objects.PhysicsRigidBody rebuildRigidBody
INFORMATION: Created 28ef40499c0.
Sept. 13, 2026 3:09:35 PM com.jme3.bullet.objects.PhysicsRigidBody rebuildRigidBody
INFORMATION: Created 28ef4048370.
Sept. 13, 2026 3:09:35 PM com.jme3.bullet.objects.PhysicsRigidBody rebuildRigidBody
INFORMATION: Created 28ef4049cf0.
Sept. 13, 2026 3:09:35 PM com.jme3.bullet.objects.PhysicsRigidBody rebuildRigidBody
INFORMATION: Created 28ef40469f0.
Sept. 13, 2026 3:09:35 PM com.jme3.bullet.objects.PhysicsRigidBody rebuildRigidBody
INFORMATION: Created 28ef4049690.
Sept. 13, 2026 3:09:35 PM com.jme3.bullet.objects.PhysicsRigidBody rebuildRigidBody
INFORMATION: Created 28ef4047d10.
Sept. 13, 2026 3:09:35 PM com.jme3.bullet.objects.PhysicsRigidBody rebuildRigidBody
INFORMATION: Created 28ef40486a0.
Sept. 13, 2026 3:09:35 PM com.jme3.bullet.objects.PhysicsRigidBody rebuildRigidBody
INFORMATION: Created 28ef4047050.
Sept. 13, 2026 3:09:35 PM com.jme3.bullet.objects.PhysicsRigidBody rebuildRigidBody
INFORMATION: Created 28ef4047380.
Sept. 13, 2026 3:09:35 PM com.jme3.bullet.objects.PhysicsRigidBody rebuildRigidBody
INFORMATION: Created 28ef4049030.
Sept. 13, 2026 3:09:35 PM com.jme3.bullet.objects.PhysicsRigidBody rebuildRigidBody
INFORMATION: Created 28ef404a020.
Sept. 13, 2026 3:09:35 PM com.jme3.bullet.objects.PhysicsRigidBody rebuildRigidBody
INFORMATION: Created 28ef40476b0.
Sept. 13, 2026 3:09:35 PM com.jme3.bullet.objects.PhysicsRigidBody rebuildRigidBody
INFORMATION: Created 28ef40489d0.
Sept. 13, 2026 3:09:35 PM com.jme3.bullet.objects.PhysicsRigidBody rebuildRigidBody
INFORMATION: Created 28ef40479e0.
Sept. 13, 2026 3:09:35 PM com.jme3.bullet.objects.PhysicsRigidBody rebuildRigidBody
INFORMATION: Created 28ef4046390.
Sept. 13, 2026 3:09:35 PM com.jme3.bullet.objects.PhysicsRigidBody rebuildRigidBody
INFORMATION: Created 28ef404a350.
Sept. 13, 2026 3:09:35 PM com.jme3.bullet.objects.PhysicsRigidBody rebuildRigidBody
INFORMATION: Created 28ef404a680.
Sept. 13, 2026 3:09:35 PM com.jme3.bullet.objects.PhysicsRigidBody rebuildRigidBody
INFORMATION: Created 28ef4048d00.
Sept. 13, 2026 3:09:35 PM com.jme3.bullet.objects.PhysicsRigidBody rebuildRigidBody
INFORMATION: Created 28ef404a9b0.
Sept. 13, 2026 3:09:35 PM com.jme3.bullet.objects.PhysicsRigidBody rebuildRigidBody
INFORMATION: Created 28ef4046d20.
Sept. 13, 2026 3:09:35 PM com.jme3.bullet.objects.PhysicsRigidBody rebuildRigidBody
INFORMATION: Created 28ef404ace0.
Sept. 13, 2026 3:09:35 PM com.jme3.bullet.objects.PhysicsRigidBody rebuildRigidBody
INFORMATION: Created 28ef404b010.
Sept. 13, 2026 3:09:35 PM com.jme3.bullet.objects.PhysicsRigidBody rebuildRigidBody
INFORMATION: Created 28ef404b340.
Sept. 13, 2026 3:09:35 PM com.jme3.bullet.objects.PhysicsRigidBody rebuildRigidBody
INFORMATION: Created 28ef404b670.
Sept. 13, 2026 3:09:35 PM com.jme3.bullet.objects.PhysicsRigidBody rebuildRigidBody
INFORMATION: Created 28ef404b9a0.
Sept. 13, 2026 3:09:35 PM com.jme3.bullet.objects.PhysicsRigidBody rebuildRigidBody
INFORMATION: Created 28ef404bcd0.
Sept. 13, 2026 3:09:35 PM com.jme3.bullet.objects.PhysicsRigidBody rebuildRigidBody
INFORMATION: Created 28ef4048040.
Sept. 13, 2026 3:09:35 PM com.jme3.bullet.objects.PhysicsRigidBody rebuildRigidBody
INFORMATION: Created 28ef404d980.
Sept. 13, 2026 3:09:35 PM com.jme3.bullet.objects.PhysicsRigidBody rebuildRigidBody
INFORMATION: Created 28ef404ccc0.
Sept. 13, 2026 3:09:35 PM com.jme3.bullet.objects.PhysicsRigidBody rebuildRigidBody
INFORMATION: Created 28ef404c660.
Sept. 13, 2026 3:09:35 PM com.jme3.bullet.objects.PhysicsRigidBody rebuildRigidBody
INFORMATION: Created 28ef404dfe0.
Sept. 13, 2026 3:09:35 PM com.jme3.bullet.objects.PhysicsRigidBody rebuildRigidBody
INFORMATION: Created 28ef404c000.
Sept. 13, 2026 3:09:35 PM com.jme3.bullet.objects.PhysicsRigidBody rebuildRigidBody
INFORMATION: Created 28ef404c990.
Sept. 13, 2026 3:09:35 PM com.jme3.bullet.objects.PhysicsRigidBody rebuildRigidBody
INFORMATION: Created 28ef404d650.
Sept. 13, 2026 3:09:35 PM com.jme3.bullet.objects.PhysicsRigidBody rebuildRigidBody
INFORMATION: Created 28ef404cff0.
Sept. 13, 2026 3:09:35 PM com.jme3.bullet.objects.PhysicsRigidBody rebuildRigidBody
INFORMATION: Created 28ef404c330.
Sept. 13, 2026 3:09:35 PM com.jme3.bullet.objects.PhysicsRigidBody rebuildRigidBody
INFORMATION: Created 28ef404d320.
Sept. 13, 2026 3:09:35 PM com.jme3.bullet.objects.PhysicsRigidBody rebuildRigidBody
INFORMATION: Created 28ef404dcb0.
Sept. 13, 2026 3:09:35 PM com.jme3.bullet.objects.PhysicsRigidBody rebuildRigidBody
INFORMATION: Created 28ef3b74770.
Sept. 13, 2026 3:09:35 PM com.jme3.bullet.objects.PhysicsRigidBody rebuildRigidBody
INFORMATION: Created 28ef3b74dd0.
Sept. 13, 2026 3:09:35 PM com.jme3.bullet.objects.PhysicsRigidBody rebuildRigidBody
INFORMATION: Created 28ef3b75430.
Sept. 13, 2026 3:09:35 PM com.jme3.bullet.objects.PhysicsRigidBody rebuildRigidBody
INFORMATION: Created 28ef3b75760.
Sept. 13, 2026 3:09:35 PM com.jme3.bullet.objects.PhysicsRigidBody rebuildRigidBody
INFORMATION: Created 28ef3b72460.
Sept. 13, 2026 3:09:35 PM com.jme3.bullet.objects.PhysicsRigidBody rebuildRigidBody
INFORMATION: Created 28ef3b73de0.
Sept. 13, 2026 3:09:35 PM com.jme3.bullet.objects.PhysicsRigidBody rebuildRigidBody
INFORMATION: Created 28ef3b72790.
Sept. 13, 2026 3:09:35 PM com.jme3.bullet.objects.PhysicsRigidBody rebuildRigidBody
INFORMATION: Created 28ef3b72130.
Sept. 13, 2026 3:09:35 PM com.jme3.bullet.objects.PhysicsRigidBody rebuildRigidBody
INFORMATION: Created 28ef3b75a90.
Sept. 13, 2026 3:09:35 PM com.jme3.bullet.objects.PhysicsRigidBody rebuildRigidBody
INFORMATION: Created 28ef3b74110.
Sept. 13, 2026 3:09:35 PM com.jme3.bullet.objects.PhysicsRigidBody rebuildRigidBody
INFORMATION: Created 28ef3b74440.
Sept. 13, 2026 3:09:35 PM com.jme3.bullet.objects.PhysicsRigidBody rebuildRigidBody
INFORMATION: Created 28ef3b74aa0.
Sept. 13, 2026 3:09:35 PM com.jme3.bullet.objects.PhysicsRigidBody rebuildRigidBody
INFORMATION: Created 28ef3b75100.
Sept. 13, 2026 3:09:35 PM com.jme3.bullet.objects.PhysicsRigidBody rebuildRigidBody
INFORMATION: Created 28ef3b72ac0.
Sept. 13, 2026 3:09:35 PM com.jme3.bullet.objects.PhysicsRigidBody rebuildRigidBody
INFORMATION: Created 28ef3b72df0.
Sept. 13, 2026 3:09:35 PM com.jme3.bullet.objects.PhysicsRigidBody rebuildRigidBody
INFORMATION: Created 28ef3b71e00.
Sept. 13, 2026 3:09:35 PM com.jme3.bullet.objects.PhysicsRigidBody rebuildRigidBody
INFORMATION: Created 28ef3b76db0.
Sept. 13, 2026 3:09:35 PM com.jme3.bullet.objects.PhysicsRigidBody rebuildRigidBody
INFORMATION: Created 28ef3b75dc0.
Sept. 13, 2026 3:09:35 PM com.jme3.bullet.objects.PhysicsRigidBody rebuildRigidBody
INFORMATION: Created 28ef3b76420.
Sept. 13, 2026 3:09:35 PM com.jme3.bullet.objects.PhysicsRigidBody rebuildRigidBody
INFORMATION: Created 28ef3b76750.
Sept. 13, 2026 3:09:35 PM com.jme3.bullet.objects.PhysicsRigidBody rebuildRigidBody
INFORMATION: Created 28ef3b760f0.
Sept. 13, 2026 3:09:35 PM com.jme3.bullet.objects.PhysicsRigidBody rebuildRigidBody
INFORMATION: Created 28ef3b76a80.
Sept. 13, 2026 3:09:35 PM com.jme3.bullet.objects.PhysicsRigidBody rebuildRigidBody
INFORMATION: Created 28ef3b73120.
Sept. 13, 2026 3:09:35 PM com.jme3.bullet.objects.PhysicsRigidBody rebuildRigidBody
INFORMATION: Created 28ef3b770e0.
Sept. 13, 2026 3:09:35 PM com.jme3.bullet.objects.PhysicsRigidBody rebuildRigidBody
INFORMATION: Created 28ef3b73450.
Sept. 13, 2026 3:09:35 PM com.jme3.bullet.objects.PhysicsRigidBody rebuildRigidBody
INFORMATION: Created 28ef3b77410.
Sept. 13, 2026 3:09:35 PM com.jme3.bullet.objects.PhysicsRigidBody rebuildRigidBody
INFORMATION: Created 28ef3b73780.
Sept. 13, 2026 3:09:35 PM com.jme3.bullet.objects.PhysicsRigidBody rebuildRigidBody
INFORMATION: Created 28ef3b73ab0.
Sept. 13, 2026 3:09:35 PM com.jme3.bullet.objects.PhysicsRigidBody rebuildRigidBody
INFORMATION: Created 28ef3b77740.
Sept. 13, 2026 3:09:35 PM com.jme3.bullet.objects.PhysicsRigidBody rebuildRigidBody
INFORMATION: Created 28ef3b77a70.
Sept. 13, 2026 3:09:35 PM com.jme3.bullet.objects.PhysicsRigidBody rebuildRigidBody
INFORMATION: Created 28ef3b793f0.
Sept. 13, 2026 3:09:35 PM com.jme3.bullet.objects.PhysicsRigidBody rebuildRigidBody
INFORMATION: Created 28ef3b78d90.
Sept. 13, 2026 3:09:35 PM com.jme3.bullet.objects.PhysicsRigidBody rebuildRigidBody
INFORMATION: Created 28ef3b77da0.
Sept. 13, 2026 3:09:35 PM com.jme3.bullet.objects.PhysicsRigidBody rebuildRigidBody
INFORMATION: Created 28ef3b780d0.
Sept. 13, 2026 3:09:35 PM com.jme3.bullet.objects.PhysicsRigidBody rebuildRigidBody
INFORMATION: Created 28ef3b78400.
Sept. 13, 2026 3:09:35 PM com.jme3.bullet.objects.PhysicsRigidBody rebuildRigidBody
INFORMATION: Created 28ef3b78730.
Sept. 13, 2026 3:09:35 PM com.jme3.bullet.objects.PhysicsRigidBody rebuildRigidBody
INFORMATION: Created 28ef3b790c0.
Sept. 13, 2026 3:09:35 PM com.jme3.bullet.objects.PhysicsRigidBody rebuildRigidBody
INFORMATION: Created 28ef3b78a60.
Sept. 13, 2026 3:09:35 PM com.jme3.bullet.objects.PhysicsRigidBody rebuildRigidBody
INFORMATION: Created 28ef3b79720.
Sept. 13, 2026 3:09:35 PM com.jme3.bullet.objects.PhysicsRigidBody rebuildRigidBody
INFORMATION: Created 28ef3b79a50.
Sept. 13, 2026 3:09:35 PM com.jme3.bullet.objects.PhysicsRigidBody rebuildRigidBody
INFORMATION: Created 28efd4b6000.
Sept. 13, 2026 3:09:35 PM com.jme3.bullet.objects.PhysicsRigidBody rebuildRigidBody
INFORMATION: Created 28efd4b7980.
Sept. 13, 2026 3:09:35 PM com.jme3.bullet.objects.PhysicsRigidBody rebuildRigidBody
INFORMATION: Created 28efd4b8970.
Sept. 13, 2026 3:09:35 PM com.jme3.bullet.objects.PhysicsRigidBody rebuildRigidBody
INFORMATION: Created 28efd4b6330.
Sept. 13, 2026 3:09:35 PM com.jme3.bullet.objects.PhysicsRigidBody rebuildRigidBody
INFORMATION: Created 28efd4b6ff0.
Sept. 13, 2026 3:09:35 PM com.jme3.bullet.objects.PhysicsRigidBody rebuildRigidBody
INFORMATION: Created 28efd4b4ce0.
Sept. 13, 2026 3:09:35 PM com.jme3.bullet.objects.PhysicsRigidBody rebuildRigidBody
INFORMATION: Created 28efd4b5340.
Sept. 13, 2026 3:09:35 PM com.jme3.bullet.objects.PhysicsRigidBody rebuildRigidBody
INFORMATION: Created 28efd4b5010.
Sept. 13, 2026 3:09:35 PM com.jme3.bullet.objects.PhysicsRigidBody rebuildRigidBody
INFORMATION: Created 28efd4b7650.
Sept. 13, 2026 3:09:35 PM com.jme3.bullet.objects.PhysicsRigidBody rebuildRigidBody
INFORMATION: Created 28efd4b7cb0.
Sept. 13, 2026 3:09:35 PM com.jme3.bullet.objects.PhysicsRigidBody rebuildRigidBody
INFORMATION: Created 28efd4b7fe0.
Sept. 13, 2026 3:09:35 PM com.jme3.bullet.objects.PhysicsRigidBody rebuildRigidBody
INFORMATION: Created 28efd4b59a0.
Sept. 13, 2026 3:09:35 PM com.jme3.bullet.objects.PhysicsRigidBody rebuildRigidBody
INFORMATION: Created 28efd4b5cd0.
[GAME] Willkommen im Ödland. Folge dem Feuer zu Mira. [E]
[GAME] Goblin besiegt  +35 EP  +8 Gold
[GAME] Goblin besiegt  +35 EP  +8 Gold
Sept. 13, 2026 3:09:35 PM com.jme3.anim.SkinningControl controlRender
INFORMATION: Hardware skinning engaged for Scene (Node)
Sept. 13, 2026 3:09:35 PM com.jme3.anim.SkinningControl controlRender
INFORMATION: Hardware skinning engaged for Scene (Node)
Sept. 13, 2026 3:09:35 PM com.jme3.anim.SkinningControl controlRender
INFORMATION: Hardware skinning engaged for Scene (Node)
Sept. 13, 2026 3:09:35 PM com.jme3.anim.SkinningControl controlRender
INFORMATION: Hardware skinning engaged for Scene (Node)
[SMOKE] stage 32
[CHECK] Trap fires when the player comes near
[CHECK] Trap does not reach a player who stopped short of it
[GAME] Dornengang  -  die Klingen fahren aus!
[SMOKE] stage 33
[CHECK] Re-armed trap catches a player standing on it
[SMOKE] stage 34
