[INFO] Scanning for projects...
[INFO] 
[INFO] ----------------------< de.pentagon:aschensiegel >----------------------
[INFO] Building Pentagon: Das Aschensiegel 1.0.0
[INFO]   from pom.xml
[INFO] --------------------------------[ jar ]---------------------------------
[INFO] 
[INFO] --- clean:3.2.0:clean (default-clean) @ aschensiegel ---
[INFO] Deleting C:\Users\kkfre\Daten\IdeaProjects\PentagonQuestRemastered\target
[INFO] 
[INFO] --- resources:3.3.1:resources (default-resources) @ aschensiegel ---
[INFO] Copying 76 resources from src\main\resources to target\classes
[INFO] 
[INFO] --- compiler:3.14.0:compile (default-compile) @ aschensiegel ---
[INFO] Recompiling the module because of changed source code.
[INFO] Compiling 37 source files with javac [debug release 17] to target\classes
[INFO] /C:/Users/kkfre/Daten/IdeaProjects/PentagonQuestRemastered/src/main/java/de/pentagon/assets/CharacterFactory.java: Einige Eingabedateien verwenden oder überschreiben eine veraltete API.
[INFO] /C:/Users/kkfre/Daten/IdeaProjects/PentagonQuestRemastered/src/main/java/de/pentagon/assets/CharacterFactory.java: Wiederholen Sie die Kompilierung mit -Xlint:deprecation, um Details zu erhalten.
[INFO] 
[INFO] --- resources:3.3.1:testResources (default-testResources) @ aschensiegel ---
[INFO] skip non existing resourceDirectory C:\Users\kkfre\Daten\IdeaProjects\PentagonQuestRemastered\src\test\resources
[INFO] 
[INFO] --- compiler:3.14.0:testCompile (default-testCompile) @ aschensiegel ---
[INFO] Recompiling the module because of changed dependency.
[INFO] Compiling 6 source files with javac [debug release 17] to target\test-classes
[INFO] 
[INFO] --- surefire:3.5.3:test (default-test) @ aschensiegel ---
[INFO] Using auto detected provider org.apache.maven.surefire.junitplatform.JUnitPlatformProvider
[INFO] 
[INFO] -------------------------------------------------------
[INFO]  T E S T S
[INFO] -------------------------------------------------------
[INFO] Running de.pentagon.AssetTest
[INFO] Tests run: 13, Failures: 0, Errors: 0, Skipped: 0, Time elapsed: 4.522 s -- in de.pentagon.AssetTest
[INFO] Running de.pentagon.CampaignTest
[INFO] Tests run: 19, Failures: 0, Errors: 0, Skipped: 0, Time elapsed: 0.176 s -- in de.pentagon.CampaignTest
[INFO] Running de.pentagon.CombatTest
[INFO] Tests run: 13, Failures: 0, Errors: 0, Skipped: 0, Time elapsed: 0.033 s -- in de.pentagon.CombatTest
[INFO] Running de.pentagon.ProgressionTest
[INFO] Tests run: 8, Failures: 0, Errors: 0, Skipped: 0, Time elapsed: 0.016 s -- in de.pentagon.ProgressionTest
[INFO] Running de.pentagon.SaveTest
[INFO] Tests run: 7, Failures: 0, Errors: 0, Skipped: 0, Time elapsed: 0.267 s -- in de.pentagon.SaveTest
[INFO] Running de.pentagon.SettingsTest
[INFO] Tests run: 8, Failures: 0, Errors: 0, Skipped: 0, Time elapsed: 0.060 s -- in de.pentagon.SettingsTest
[INFO] 
[INFO] Results:
[INFO] 
[INFO] Tests run: 68, Failures: 0, Errors: 0, Skipped: 0
[INFO] 
[INFO] 
[INFO] --- jar:3.4.1:jar (default-jar) @ aschensiegel ---
[INFO] Building jar: C:\Users\kkfre\Daten\IdeaProjects\PentagonQuestRemastered\target\aschensiegel-1.0.0.jar
[INFO] 
[INFO] --- shade:3.6.0:shade (default) @ aschensiegel ---
[INFO] Including org.jmonkeyengine:jme3-core:jar:3.8.1-stable in the shaded jar.
[INFO] Including org.jmonkeyengine:jme3-desktop:jar:3.8.1-stable in the shaded jar.
[INFO] Including org.jmonkeyengine:jme3-lwjgl3:jar:3.8.1-stable in the shaded jar.
[INFO] Including org.lwjglx:lwjgl3-awt:jar:0.2.3 in the shaded jar.
[INFO] Including org.lwjgl:lwjgl:jar:3.3.6 in the shaded jar.
[INFO] Including org.lwjgl:lwjgl-glfw:jar:3.3.6 in the shaded jar.
[INFO] Including org.lwjgl:lwjgl-jawt:jar:3.3.6 in the shaded jar.
[INFO] Including org.lwjgl:lwjgl-jemalloc:jar:3.3.6 in the shaded jar.
[INFO] Including org.lwjgl:lwjgl-openal:jar:3.3.6 in the shaded jar.
[INFO] Including org.lwjgl:lwjgl-opencl:jar:3.3.6 in the shaded jar.
[INFO] Including org.lwjgl:lwjgl-opengl:jar:3.3.6 in the shaded jar.
[INFO] Including org.lwjgl:lwjgl:jar:natives-windows:3.3.6 in the shaded jar.
[INFO] Including org.lwjgl:lwjgl:jar:natives-windows-x86:3.3.6 in the shaded jar.
[INFO] Including org.lwjgl:lwjgl:jar:natives-linux:3.3.6 in the shaded jar.
[INFO] Including org.lwjgl:lwjgl:jar:natives-linux-arm32:3.3.6 in the shaded jar.
[INFO] Including org.lwjgl:lwjgl:jar:natives-linux-arm64:3.3.6 in the shaded jar.
[INFO] Including org.lwjgl:lwjgl:jar:natives-macos:3.3.6 in the shaded jar.
[INFO] Including org.lwjgl:lwjgl:jar:natives-macos-arm64:3.3.6 in the shaded jar.
[INFO] Including org.lwjgl:lwjgl-glfw:jar:natives-windows:3.3.6 in the shaded jar.
[INFO] Including org.lwjgl:lwjgl-glfw:jar:natives-windows-x86:3.3.6 in the shaded jar.
[INFO] Including org.lwjgl:lwjgl-glfw:jar:natives-linux:3.3.6 in the shaded jar.
[INFO] Including org.lwjgl:lwjgl-glfw:jar:natives-linux-arm32:3.3.6 in the shaded jar.
[INFO] Including org.lwjgl:lwjgl-glfw:jar:natives-linux-arm64:3.3.6 in the shaded jar.
[INFO] Including org.lwjgl:lwjgl-glfw:jar:natives-macos:3.3.6 in the shaded jar.
[INFO] Including org.lwjgl:lwjgl-glfw:jar:natives-macos-arm64:3.3.6 in the shaded jar.
[INFO] Including org.lwjgl:lwjgl-jemalloc:jar:natives-windows:3.3.6 in the shaded jar.
[INFO] Including org.lwjgl:lwjgl-jemalloc:jar:natives-windows-x86:3.3.6 in the shaded jar.
[INFO] Including org.lwjgl:lwjgl-jemalloc:jar:natives-linux:3.3.6 in the shaded jar.
[INFO] Including org.lwjgl:lwjgl-jemalloc:jar:natives-linux-arm32:3.3.6 in the shaded jar.
[INFO] Including org.lwjgl:lwjgl-jemalloc:jar:natives-linux-arm64:3.3.6 in the shaded jar.
[INFO] Including org.lwjgl:lwjgl-jemalloc:jar:natives-macos:3.3.6 in the shaded jar.
[INFO] Including org.lwjgl:lwjgl-jemalloc:jar:natives-macos-arm64:3.3.6 in the shaded jar.
[INFO] Including org.lwjgl:lwjgl-opengl:jar:natives-windows:3.3.6 in the shaded jar.
[INFO] Including org.lwjgl:lwjgl-opengl:jar:natives-windows-x86:3.3.6 in the shaded jar.
[INFO] Including org.lwjgl:lwjgl-opengl:jar:natives-linux:3.3.6 in the shaded jar.
[INFO] Including org.lwjgl:lwjgl-opengl:jar:natives-linux-arm32:3.3.6 in the shaded jar.
[INFO] Including org.lwjgl:lwjgl-opengl:jar:natives-linux-arm64:3.3.6 in the shaded jar.
[INFO] Including org.lwjgl:lwjgl-opengl:jar:natives-macos:3.3.6 in the shaded jar.
[INFO] Including org.lwjgl:lwjgl-opengl:jar:natives-macos-arm64:3.3.6 in the shaded jar.
[INFO] Including org.lwjgl:lwjgl-openal:jar:natives-windows:3.3.6 in the shaded jar.
[INFO] Including org.lwjgl:lwjgl-openal:jar:natives-windows-x86:3.3.6 in the shaded jar.
[INFO] Including org.lwjgl:lwjgl-openal:jar:natives-linux:3.3.6 in the shaded jar.
[INFO] Including org.lwjgl:lwjgl-openal:jar:natives-linux-arm32:3.3.6 in the shaded jar.
[INFO] Including org.lwjgl:lwjgl-openal:jar:natives-linux-arm64:3.3.6 in the shaded jar.
[INFO] Including org.lwjgl:lwjgl-openal:jar:natives-macos:3.3.6 in the shaded jar.
[INFO] Including org.lwjgl:lwjgl-openal:jar:natives-macos-arm64:3.3.6 in the shaded jar.
[INFO] Including org.jmonkeyengine:jme3-effects:jar:3.8.1-stable in the shaded jar.
[INFO] Including org.jmonkeyengine:jme3-plugins:jar:3.8.1-stable in the shaded jar.
[INFO] Including org.jmonkeyengine:jme3-plugins-json:jar:3.8.1-stable in the shaded jar.
[INFO] Including org.jmonkeyengine:jme3-plugins-json-gson:jar:3.8.1-stable in the shaded jar.
[INFO] Including org.jmonkeyengine:jme3-jogg:jar:3.8.1-stable in the shaded jar.
[INFO] Including com.github.stephengold:j-ogg-vorbis:jar:1.0.6 in the shaded jar.
[INFO] Including com.github.stephengold:Minie:jar:9.0.3 in the shaded jar.
[INFO] Including com.github.stephengold:Heart:jar:9.2.0 in the shaded jar.
[INFO] Including com.simsilica:sim-math:jar:1.6.0 in the shaded jar.
[INFO] Including org.slf4j:slf4j-api:jar:1.7.32 in the shaded jar.
[INFO] Including org.jmonkeyengine:jme3-terrain:jar:3.8.1-stable in the shaded jar.
[INFO] Including com.github.stephengold:Libbulletjme-Linux64:jar:SpRelease:22.0.3 in the shaded jar.
[INFO] Including com.github.stephengold:Libbulletjme-Linux_ARM32hf:jar:SpRelease:22.0.3 in the shaded jar.
[INFO] Including com.github.stephengold:Libbulletjme-Linux_ARM64:jar:SpRelease:22.0.3 in the shaded jar.
[INFO] Including com.github.stephengold:Libbulletjme-MacOSX64:jar:SpRelease:22.0.3 in the shaded jar.
[INFO] Including com.github.stephengold:Libbulletjme-MacOSX_ARM64:jar:SpRelease:22.0.3 in the shaded jar.
[INFO] Including com.github.stephengold:Libbulletjme-Windows64:jar:SpRelease:22.0.3 in the shaded jar.
[INFO] Including com.google.code.gson:gson:jar:2.13.1 in the shaded jar.
[INFO] Including com.google.errorprone:error_prone_annotations:jar:2.38.0 in the shaded jar.
[WARNING] lwjgl-openal-3.3.6-natives-macos.jar, lwjgl-openal-3.3.6.jar define 1 overlapping resource: 
[WARNING]   - META-INF/macos/x64/org/lwjgl/openal/libopenal.dylib.sha1
[WARNING] lwjgl-jemalloc-3.3.6-natives-linux.jar, lwjgl-jemalloc-3.3.6.jar define 1 overlapping resource: 
[WARNING]   - META-INF/linux/x64/org/lwjgl/jemalloc/libjemalloc.so.sha1
[WARNING] lwjgl-openal-3.3.6-natives-linux-arm64.jar, lwjgl-openal-3.3.6.jar define 1 overlapping resource: 
[WARNING]   - META-INF/linux/arm64/org/lwjgl/openal/libopenal.so.sha1
[WARNING] lwjgl-opengl-3.3.6-natives-linux-arm64.jar, lwjgl-opengl-3.3.6.jar define 1 overlapping resource: 
[WARNING]   - META-INF/linux/arm64/org/lwjgl/opengl/liblwjgl_opengl.so.sha1
[WARNING] lwjgl-3.3.6-natives-macos.jar, lwjgl-3.3.6.jar define 1 overlapping resource: 
[WARNING]   - META-INF/macos/x64/org/lwjgl/liblwjgl.dylib.sha1
[WARNING] lwjgl-opengl-3.3.6-natives-macos.jar, lwjgl-opengl-3.3.6.jar define 1 overlapping resource: 
[WARNING]   - META-INF/macos/x64/org/lwjgl/opengl/liblwjgl_opengl.dylib.sha1
[WARNING] lwjgl-3.3.6-natives-linux-arm64.jar, lwjgl-3.3.6.jar define 1 overlapping resource: 
[WARNING]   - META-INF/linux/arm64/org/lwjgl/liblwjgl.so.sha1
[WARNING] lwjgl-jemalloc-3.3.6-natives-macos-arm64.jar, lwjgl-jemalloc-3.3.6.jar define 1 overlapping resource: 
[WARNING]   - META-INF/macos/arm64/org/lwjgl/jemalloc/libjemalloc.dylib.sha1
[WARNING] lwjgl-glfw-3.3.6-natives-linux.jar, lwjgl-glfw-3.3.6.jar define 1 overlapping resource: 
[WARNING]   - META-INF/linux/x64/org/lwjgl/glfw/libglfw.so.sha1
[WARNING] lwjgl-jemalloc-3.3.6-natives-windows-x86.jar, lwjgl-jemalloc-3.3.6.jar define 1 overlapping resource: 
[WARNING]   - META-INF/windows/x86/org/lwjgl/jemalloc/jemalloc.dll.sha1
[WARNING] lwjgl-opengl-3.3.6-natives-linux-arm32.jar, lwjgl-opengl-3.3.6.jar define 1 overlapping resource: 
[WARNING]   - META-INF/linux/arm32/org/lwjgl/opengl/liblwjgl_opengl.so.sha1
[WARNING] lwjgl-glfw-3.3.6-natives-windows.jar, lwjgl-glfw-3.3.6.jar define 1 overlapping resource: 
[WARNING]   - META-INF/windows/x64/org/lwjgl/glfw/glfw.dll.sha1
[WARNING] lwjgl-openal-3.3.6-natives-windows.jar, lwjgl-openal-3.3.6.jar define 1 overlapping resource: 
[WARNING]   - META-INF/windows/x64/org/lwjgl/openal/OpenAL.dll.sha1
[WARNING] lwjgl-openal-3.3.6-natives-windows-x86.jar, lwjgl-openal-3.3.6.jar define 1 overlapping resource: 
[WARNING]   - META-INF/windows/x86/org/lwjgl/openal/OpenAL.dll.sha1
[WARNING] lwjgl-openal-3.3.6-natives-linux.jar, lwjgl-openal-3.3.6.jar define 1 overlapping resource: 
[WARNING]   - META-INF/linux/x64/org/lwjgl/openal/libopenal.so.sha1
[WARNING] lwjgl-opengl-3.3.6-natives-windows-x86.jar, lwjgl-opengl-3.3.6.jar define 1 overlapping resource: 
[WARNING]   - META-INF/windows/x86/org/lwjgl/opengl/lwjgl_opengl.dll.sha1
[WARNING] lwjgl-3.3.6-natives-windows.jar, lwjgl-3.3.6.jar define 1 overlapping resource: 
[WARNING]   - META-INF/windows/x64/org/lwjgl/lwjgl.dll.sha1
[WARNING] lwjgl-jemalloc-3.3.6-natives-linux-arm64.jar, lwjgl-jemalloc-3.3.6.jar define 1 overlapping resource: 
[WARNING]   - META-INF/linux/arm64/org/lwjgl/jemalloc/libjemalloc.so.sha1
[WARNING] lwjgl-jemalloc-3.3.6-natives-windows.jar, lwjgl-jemalloc-3.3.6.jar define 1 overlapping resource: 
[WARNING]   - META-INF/windows/x64/org/lwjgl/jemalloc/jemalloc.dll.sha1
[WARNING] lwjgl-glfw-3.3.6-natives-linux-arm32.jar, lwjgl-glfw-3.3.6.jar define 1 overlapping resource: 
[WARNING]   - META-INF/linux/arm32/org/lwjgl/glfw/libglfw.so.sha1
[WARNING] lwjgl-3.3.6-natives-linux-arm32.jar, lwjgl-3.3.6-natives-linux-arm64.jar, lwjgl-3.3.6-natives-linux.jar, lwjgl-3.3.6-natives-macos-arm64.jar, lwjgl-3.3.6-natives-macos.jar, lwjgl-3.3.6-natives-windows-x86.jar, lwjgl-3.3.6-natives-windows.jar, lwjgl-3.3.6.jar, lwjgl-glfw-3.3.6-natives-linux-arm32.jar, lwjgl-glfw-3.3.6-natives-linux-arm64.jar, lwjgl-glfw-3.3.6-natives-linux.jar, lwjgl-glfw-3.3.6-natives-macos-arm64.jar, lwjgl-glfw-3.3.6-natives-macos.jar, lwjgl-glfw-3.3.6-natives-windows-x86.jar, lwjgl-glfw-3.3.6-natives-windows.jar, lwjgl-glfw-3.3.6.jar, lwjgl-jawt-3.3.6.jar, lwjgl-jemalloc-3.3.6-natives-linux-arm32.jar, lwjgl-jemalloc-3.3.6-natives-linux-arm64.jar, lwjgl-jemalloc-3.3.6-natives-linux.jar, lwjgl-jemalloc-3.3.6-natives-macos-arm64.jar, lwjgl-jemalloc-3.3.6-natives-macos.jar, lwjgl-jemalloc-3.3.6-natives-windows-x86.jar, lwjgl-jemalloc-3.3.6-natives-windows.jar, lwjgl-jemalloc-3.3.6.jar, lwjgl-openal-3.3.6-natives-linux-arm32.jar, lwjgl-openal-3.3.6-natives-linux-arm64.jar, lwjgl-openal-3.3.6-natives-linux.jar, lwjgl-openal-3.3.6-natives-macos-arm64.jar, lwjgl-openal-3.3.6-natives-macos.jar, lwjgl-openal-3.3.6-natives-windows-x86.jar, lwjgl-openal-3.3.6-natives-windows.jar, lwjgl-openal-3.3.6.jar, lwjgl-opencl-3.3.6.jar, lwjgl-opengl-3.3.6-natives-linux-arm32.jar, lwjgl-opengl-3.3.6-natives-linux-arm64.jar, lwjgl-opengl-3.3.6-natives-linux.jar, lwjgl-opengl-3.3.6-natives-macos-arm64.jar, lwjgl-opengl-3.3.6-natives-macos.jar, lwjgl-opengl-3.3.6-natives-windows-x86.jar, lwjgl-opengl-3.3.6-natives-windows.jar, lwjgl-opengl-3.3.6.jar define 1 overlapping classes: 
[WARNING]   - META-INF.versions.11.module-info
[WARNING] lwjgl-opengl-3.3.6-natives-linux.jar, lwjgl-opengl-3.3.6.jar define 1 overlapping resource: 
[WARNING]   - META-INF/linux/x64/org/lwjgl/opengl/liblwjgl_opengl.so.sha1
[WARNING] lwjgl-openal-3.3.6-natives-linux-arm32.jar, lwjgl-openal-3.3.6.jar define 1 overlapping resource: 
[WARNING]   - META-INF/linux/arm32/org/lwjgl/openal/libopenal.so.sha1
[WARNING] lwjgl-glfw-3.3.6-natives-windows-x86.jar, lwjgl-glfw-3.3.6.jar define 1 overlapping resource: 
[WARNING]   - META-INF/windows/x86/org/lwjgl/glfw/glfw.dll.sha1
[WARNING] lwjgl-3.3.6-natives-linux-arm32.jar, lwjgl-3.3.6.jar define 1 overlapping resource: 
[WARNING]   - META-INF/linux/arm32/org/lwjgl/liblwjgl.so.sha1
[WARNING] lwjgl-glfw-3.3.6-natives-macos-arm64.jar, lwjgl-glfw-3.3.6.jar define 2 overlapping resources: 
[WARNING]   - META-INF/macos/arm64/org/lwjgl/glfw/libglfw.dylib.sha1
[WARNING]   - META-INF/macos/arm64/org/lwjgl/glfw/libglfw_async.dylib.sha1
[WARNING] Heart-9.2.0.jar, Libbulletjme-Linux64-22.0.3-SpRelease.jar, Libbulletjme-Linux_ARM32hf-22.0.3-SpRelease.jar, Libbulletjme-Linux_ARM64-22.0.3-SpRelease.jar, Libbulletjme-MacOSX64-22.0.3-SpRelease.jar, Libbulletjme-MacOSX_ARM64-22.0.3-SpRelease.jar, Libbulletjme-Windows64-22.0.3-SpRelease.jar, Minie-9.0.3.jar, aschensiegel-1.0.0.jar, error_prone_annotations-2.38.0.jar, gson-2.13.1.jar, j-ogg-vorbis-1.0.6.jar, jme3-core-3.8.1-stable.jar, jme3-desktop-3.8.1-stable.jar, jme3-effects-3.8.1-stable.jar, jme3-jogg-3.8.1-stable.jar, jme3-lwjgl3-3.8.1-stable.jar, jme3-plugins-3.8.1-stable.jar, jme3-plugins-json-3.8.1-stable.jar, jme3-plugins-json-gson-3.8.1-stable.jar, jme3-terrain-3.8.1-stable.jar, lwjgl-3.3.6-natives-linux-arm32.jar, lwjgl-3.3.6-natives-linux-arm64.jar, lwjgl-3.3.6-natives-linux.jar, lwjgl-3.3.6-natives-macos-arm64.jar, lwjgl-3.3.6-natives-macos.jar, lwjgl-3.3.6-natives-windows-x86.jar, lwjgl-3.3.6-natives-windows.jar, lwjgl-3.3.6.jar, lwjgl-glfw-3.3.6-natives-linux-arm32.jar, lwjgl-glfw-3.3.6-natives-linux-arm64.jar, lwjgl-glfw-3.3.6-natives-linux.jar, lwjgl-glfw-3.3.6-natives-macos-arm64.jar, lwjgl-glfw-3.3.6-natives-macos.jar, lwjgl-glfw-3.3.6-natives-windows-x86.jar, lwjgl-glfw-3.3.6-natives-windows.jar, lwjgl-glfw-3.3.6.jar, lwjgl-jawt-3.3.6.jar, lwjgl-jemalloc-3.3.6-natives-linux-arm32.jar, lwjgl-jemalloc-3.3.6-natives-linux-arm64.jar, lwjgl-jemalloc-3.3.6-natives-linux.jar, lwjgl-jemalloc-3.3.6-natives-macos-arm64.jar, lwjgl-jemalloc-3.3.6-natives-macos.jar, lwjgl-jemalloc-3.3.6-natives-windows-x86.jar, lwjgl-jemalloc-3.3.6-natives-windows.jar, lwjgl-jemalloc-3.3.6.jar, lwjgl-openal-3.3.6-natives-linux-arm32.jar, lwjgl-openal-3.3.6-natives-linux-arm64.jar, lwjgl-openal-3.3.6-natives-linux.jar, lwjgl-openal-3.3.6-natives-macos-arm64.jar, lwjgl-openal-3.3.6-natives-macos.jar, lwjgl-openal-3.3.6-natives-windows-x86.jar, lwjgl-openal-3.3.6-natives-windows.jar, lwjgl-openal-3.3.6.jar, lwjgl-opencl-3.3.6.jar, lwjgl-opengl-3.3.6-natives-linux-arm32.jar, lwjgl-opengl-3.3.6-natives-linux-arm64.jar, lwjgl-opengl-3.3.6-natives-linux.jar, lwjgl-opengl-3.3.6-natives-macos-arm64.jar, lwjgl-opengl-3.3.6-natives-macos.jar, lwjgl-opengl-3.3.6-natives-windows-x86.jar, lwjgl-opengl-3.3.6-natives-windows.jar, lwjgl-opengl-3.3.6.jar, lwjgl3-awt-0.2.3.jar, sim-math-1.6.0.jar, slf4j-api-1.7.32.jar define 1 overlapping resource: 
[WARNING]   - META-INF/MANIFEST.MF
[WARNING] error_prone_annotations-2.38.0.jar, gson-2.13.1.jar define 1 overlapping classes: 
[WARNING]   - META-INF.versions.9.module-info
[WARNING] lwjgl-opengl-3.3.6-natives-windows.jar, lwjgl-opengl-3.3.6.jar define 1 overlapping resource: 
[WARNING]   - META-INF/windows/x64/org/lwjgl/opengl/lwjgl_opengl.dll.sha1
[WARNING] lwjgl-glfw-3.3.6-natives-macos.jar, lwjgl-glfw-3.3.6.jar define 2 overlapping resources: 
[WARNING]   - META-INF/macos/x64/org/lwjgl/glfw/libglfw.dylib.sha1
[WARNING]   - META-INF/macos/x64/org/lwjgl/glfw/libglfw_async.dylib.sha1
[WARNING] lwjgl-3.3.6-natives-linux.jar, lwjgl-3.3.6.jar define 1 overlapping resource: 
[WARNING]   - META-INF/linux/x64/org/lwjgl/liblwjgl.so.sha1
[WARNING] lwjgl-opengl-3.3.6-natives-macos-arm64.jar, lwjgl-opengl-3.3.6.jar define 1 overlapping resource: 
[WARNING]   - META-INF/macos/arm64/org/lwjgl/opengl/liblwjgl_opengl.dylib.sha1
[WARNING] lwjgl-openal-3.3.6-natives-macos-arm64.jar, lwjgl-openal-3.3.6.jar define 1 overlapping resource: 
[WARNING]   - META-INF/macos/arm64/org/lwjgl/openal/libopenal.dylib.sha1
[WARNING] lwjgl-jemalloc-3.3.6-natives-macos.jar, lwjgl-jemalloc-3.3.6.jar define 1 overlapping resource: 
[WARNING]   - META-INF/macos/x64/org/lwjgl/jemalloc/libjemalloc.dylib.sha1
[WARNING] lwjgl-jemalloc-3.3.6-natives-linux-arm32.jar, lwjgl-jemalloc-3.3.6.jar define 1 overlapping resource: 
[WARNING]   - META-INF/linux/arm32/org/lwjgl/jemalloc/libjemalloc.so.sha1
[WARNING] lwjgl-3.3.6-natives-macos-arm64.jar, lwjgl-3.3.6.jar define 1 overlapping resource: 
[WARNING]   - META-INF/macos/arm64/org/lwjgl/liblwjgl.dylib.sha1
[WARNING] lwjgl-3.3.6-natives-windows-x86.jar, lwjgl-3.3.6.jar define 1 overlapping resource: 
[WARNING]   - META-INF/windows/x86/org/lwjgl/lwjgl.dll.sha1
[WARNING] lwjgl-glfw-3.3.6-natives-linux-arm64.jar, lwjgl-glfw-3.3.6.jar define 1 overlapping resource: 
[WARNING]   - META-INF/linux/arm64/org/lwjgl/glfw/libglfw.so.sha1
[WARNING] maven-shade-plugin has detected that some files are
[WARNING] present in two or more JARs. When this happens, only one
[WARNING] single version of the file is copied to the uber jar.
[WARNING] Usually this is not harmful and you can skip these warnings,
[WARNING] otherwise try to manually exclude artifacts based on
[WARNING] mvn dependency:tree -Ddetail=true and the above output.
[WARNING] See https://maven.apache.org/plugins/maven-shade-plugin/
[INFO] Replacing original artifact with shaded artifact.
[INFO] Replacing C:\Users\kkfre\Daten\IdeaProjects\PentagonQuestRemastered\target\aschensiegel-1.0.0.jar with C:\Users\kkfre\Daten\IdeaProjects\PentagonQuestRemastered\target\aschensiegel-1.0.0-shaded.jar
[INFO] ------------------------------------------------------------------------
[INFO] BUILD SUCCESS
[INFO] ------------------------------------------------------------------------
[INFO] Total time:  19.644 s
[INFO] Finished at: 2026-09-13T04:41:47+02:00
[INFO] ------------------------------------------------------------------------
Sept. 13, 2026 4:41:47 AM com.jme3.system.JmeDesktopSystem initialize
INFORMATION: Running on jMonkeyEngine 3.8.1-stable
 * Branch: HEAD
 * Git Hash: eca8165
 * Build Date: 2025-05-15
Sept. 13, 2026 4:41:48 AM com.jme3.system.lwjgl.LwjglContext printContextInitInfo
INFORMATION: LWJGL 3.3.6-snapshot context running on thread jME3 Main
 * Graphics Adapter: GLFW 3.5.0 Win32 WGL Null EGL OSMesa VisualC DLL
Sept. 13, 2026 4:41:48 AM com.jme3.renderer.opengl.GLRenderer loadCapabilitiesCommon
INFORMATION: OpenGL Renderer Information
 * Vendor: Intel
 * Renderer: Intel(R) Iris(R) Xe Graphics
 * OpenGL Version: 3.3.0 - Build 31.0.101.4314
 * GLSL Version: 3.30 - Build 31.0.101.4314
 * Profile: Core
Sept. 13, 2026 4:41:48 AM com.jme3.renderer.opengl.GLRenderer setMainFrameBufferSrgb
WARNUNG: Driver claims that default framebuffer is not sRGB capable. Enabling anyway.
Libbulletjme version 22.0.3 initializing
Sept. 13, 2026 4:41:48 AM com.jme3.bullet.objects.PhysicsRigidBody rebuildRigidBody
INFORMATION: Created 1f04c6b13f0.
Sept. 13, 2026 4:41:48 AM com.jme3.bullet.objects.PhysicsRigidBody rebuildRigidBody
INFORMATION: Created 1f04c6b1720.
Sept. 13, 2026 4:41:48 AM com.jme3.bullet.objects.PhysicsRigidBody rebuildRigidBody
INFORMATION: Created 1f04c6b0d90.
Sept. 13, 2026 4:41:48 AM com.jme3.bullet.objects.PhysicsRigidBody rebuildRigidBody
INFORMATION: Created 1f04c6b1d80.
Sept. 13, 2026 4:41:48 AM com.jme3.bullet.objects.PhysicsRigidBody rebuildRigidBody
INFORMATION: Created 1f04c6ae420.
Sept. 13, 2026 4:41:48 AM com.jme3.bullet.objects.PhysicsRigidBody rebuildRigidBody
INFORMATION: Created 1f04c6af410.
Sept. 13, 2026 4:41:48 AM com.jme3.bullet.objects.PhysicsRigidBody rebuildRigidBody
INFORMATION: Created 1f04c6afda0.
Sept. 13, 2026 4:41:48 AM com.jme3.bullet.objects.PhysicsRigidBody rebuildRigidBody
INFORMATION: Created 1f04c6ae750.
Sept. 13, 2026 4:41:48 AM com.jme3.bullet.objects.PhysicsRigidBody rebuildRigidBody
INFORMATION: Created 1f04c6aedb0.
Sept. 13, 2026 4:41:48 AM com.jme3.bullet.objects.PhysicsRigidBody rebuildRigidBody
INFORMATION: Created 1f04c6af0e0.
Sept. 13, 2026 4:41:48 AM com.jme3.bullet.objects.PhysicsRigidBody rebuildRigidBody
INFORMATION: Created 1f09e28fe00.
Sept. 13, 2026 4:41:48 AM com.jme3.bullet.objects.PhysicsRigidBody rebuildRigidBody
INFORMATION: Created 1f09e28e150.
Sept. 13, 2026 4:41:48 AM com.jme3.bullet.objects.PhysicsRigidBody rebuildRigidBody
INFORMATION: Created 1f09e28f7a0.
Sept. 13, 2026 4:41:48 AM com.jme3.bullet.objects.PhysicsRigidBody rebuildRigidBody
INFORMATION: Created 1f09e28d160.
Sept. 13, 2026 4:41:48 AM com.jme3.bullet.objects.PhysicsRigidBody rebuildRigidBody
INFORMATION: Created 1f09e290130.
Sept. 13, 2026 4:41:48 AM com.jme3.bullet.objects.PhysicsRigidBody rebuildRigidBody
INFORMATION: Created 1f09e28e480.
Sept. 13, 2026 4:41:48 AM com.jme3.bullet.objects.PhysicsRigidBody rebuildRigidBody
INFORMATION: Created 1f09e28d490.
Sept. 13, 2026 4:41:48 AM com.jme3.bullet.objects.PhysicsRigidBody rebuildRigidBody
INFORMATION: Created 1f09e28de20.
Sept. 13, 2026 4:41:48 AM com.jme3.bullet.objects.PhysicsRigidBody rebuildRigidBody
INFORMATION: Created 1f09e28cb00.
Sept. 13, 2026 4:41:48 AM com.jme3.bullet.objects.PhysicsRigidBody rebuildRigidBody
INFORMATION: Created 1f09e28ee10.
Sept. 13, 2026 4:41:48 AM com.jme3.bullet.objects.PhysicsRigidBody rebuildRigidBody
INFORMATION: Created 1f09e28d7c0.
Sept. 13, 2026 4:41:48 AM com.jme3.bullet.objects.PhysicsRigidBody rebuildRigidBody
INFORMATION: Created 1f09e28daf0.
Sept. 13, 2026 4:41:48 AM com.jme3.bullet.objects.PhysicsRigidBody rebuildRigidBody
INFORMATION: Created 1f09e28f470.
Sept. 13, 2026 4:41:48 AM com.jme3.bullet.objects.PhysicsRigidBody rebuildRigidBody
INFORMATION: Created 1f09e28e7b0.
Sept. 13, 2026 4:41:48 AM com.jme3.bullet.objects.PhysicsRigidBody rebuildRigidBody
INFORMATION: Created 1f09e28eae0.
Sept. 13, 2026 4:41:48 AM com.jme3.bullet.objects.PhysicsRigidBody rebuildRigidBody
INFORMATION: Created 1f09e28f140.
Sept. 13, 2026 4:41:48 AM com.jme3.bullet.objects.PhysicsRigidBody rebuildRigidBody
INFORMATION: Created 1f09e28fad0.
Sept. 13, 2026 4:41:48 AM com.jme3.bullet.objects.PhysicsRigidBody rebuildRigidBody
INFORMATION: Created 1f09e28c7d0.
Sept. 13, 2026 4:41:48 AM com.jme3.bullet.objects.PhysicsRigidBody rebuildRigidBody
INFORMATION: Created 1f09e28ce30.
Sept. 13, 2026 4:41:48 AM com.jme3.bullet.objects.PhysicsRigidBody rebuildRigidBody
INFORMATION: Created 1f09e1a9c30.
Sept. 13, 2026 4:41:48 AM com.jme3.bullet.objects.PhysicsRigidBody rebuildRigidBody
INFORMATION: Created 1f09e1a8f70.
Sept. 13, 2026 4:41:48 AM com.jme3.bullet.objects.PhysicsRigidBody rebuildRigidBody
INFORMATION: Created 1f09e1aa8f0.
Sept. 13, 2026 4:41:48 AM com.jme3.bullet.objects.PhysicsRigidBody rebuildRigidBody
INFORMATION: Created 1f09e1a8c40.
Sept. 13, 2026 4:41:49 AM com.jme3.bullet.objects.PhysicsRigidBody rebuildRigidBody
INFORMATION: Created 1f09e1a9900.
Sept. 13, 2026 4:41:49 AM com.jme3.bullet.objects.PhysicsRigidBody rebuildRigidBody
INFORMATION: Created 1f09e1a95d0.
Sept. 13, 2026 4:41:49 AM com.jme3.bullet.objects.PhysicsRigidBody rebuildRigidBody
INFORMATION: Created 1f09e1aa5c0.
Sept. 13, 2026 4:41:49 AM com.jme3.bullet.objects.PhysicsRigidBody rebuildRigidBody
INFORMATION: Created 1f09e1ac270.
Sept. 13, 2026 4:41:49 AM com.jme3.bullet.objects.PhysicsRigidBody rebuildRigidBody
INFORMATION: Created 1f09e1aaf50.
Sept. 13, 2026 4:41:49 AM com.jme3.bullet.objects.PhysicsRigidBody rebuildRigidBody
INFORMATION: Created 1f09e1ab280.
Sept. 13, 2026 4:41:49 AM com.jme3.bullet.objects.PhysicsRigidBody rebuildRigidBody
INFORMATION: Created 1f09e1ab5b0.
Sept. 13, 2026 4:41:49 AM com.jme3.bullet.objects.PhysicsRigidBody rebuildRigidBody
INFORMATION: Created 1f09e1ab8e0.
Sept. 13, 2026 4:41:49 AM com.jme3.bullet.objects.PhysicsRigidBody rebuildRigidBody
INFORMATION: Created 1f09e1abc10.
Sept. 13, 2026 4:41:49 AM com.jme3.bullet.objects.PhysicsRigidBody rebuildRigidBody
INFORMATION: Created 1f09e1abf40.
Sept. 13, 2026 4:41:49 AM com.jme3.bullet.objects.PhysicsRigidBody rebuildRigidBody
INFORMATION: Created 1f09e1a8910.
Sept. 13, 2026 4:41:49 AM com.jme3.bullet.objects.PhysicsRigidBody rebuildRigidBody
INFORMATION: Created 1f09e048340.
Sept. 13, 2026 4:41:49 AM com.jme3.bullet.objects.PhysicsRigidBody rebuildRigidBody
INFORMATION: Created 1f09e048670.
Sept. 13, 2026 4:41:49 AM com.jme3.bullet.objects.PhysicsRigidBody rebuildRigidBody
INFORMATION: Created 1f09e0489a0.
Sept. 13, 2026 4:41:49 AM com.jme3.bullet.objects.PhysicsRigidBody rebuildRigidBody
INFORMATION: Created 1f09e048cd0.
Sept. 13, 2026 4:41:49 AM com.jme3.bullet.objects.PhysicsRigidBody rebuildRigidBody
INFORMATION: Created 1f09e049000.
Sept. 13, 2026 4:41:49 AM com.jme3.bullet.objects.PhysicsRigidBody rebuildRigidBody
INFORMATION: Created 1f09e046030.
Sept. 13, 2026 4:41:49 AM com.jme3.bullet.objects.PhysicsRigidBody rebuildRigidBody
INFORMATION: Created 1f09e0459d0.
Sept. 13, 2026 4:41:49 AM com.jme3.bullet.objects.PhysicsRigidBody rebuildRigidBody
INFORMATION: Created 1f09e0456a0.
Sept. 13, 2026 4:41:49 AM com.jme3.bullet.objects.PhysicsRigidBody rebuildRigidBody
INFORMATION: Created 1f09e0479b0.
Sept. 13, 2026 4:41:49 AM com.jme3.bullet.objects.PhysicsRigidBody rebuildRigidBody
INFORMATION: Created 1f09e045d00.
Sept. 13, 2026 4:41:49 AM com.jme3.bullet.objects.PhysicsRigidBody rebuildRigidBody
INFORMATION: Created 1f09e046360.
Sept. 13, 2026 4:41:49 AM com.jme3.bullet.objects.PhysicsRigidBody rebuildRigidBody
INFORMATION: Created 1f09e047020.
Sept. 13, 2026 4:41:49 AM com.jme3.bullet.objects.PhysicsRigidBody rebuildRigidBody
INFORMATION: Created 1f09e046690.
Sept. 13, 2026 4:41:49 AM com.jme3.bullet.objects.PhysicsRigidBody rebuildRigidBody
INFORMATION: Created 1f09e0469c0.
Sept. 13, 2026 4:41:49 AM com.jme3.bullet.objects.PhysicsRigidBody rebuildRigidBody
INFORMATION: Created 1f09e048010.
Sept. 13, 2026 4:41:49 AM com.jme3.bullet.objects.PhysicsRigidBody rebuildRigidBody
INFORMATION: Created 1f09e047350.
Sept. 13, 2026 4:41:49 AM com.jme3.bullet.objects.PhysicsRigidBody rebuildRigidBody
INFORMATION: Created 1f09e047680.
Sept. 13, 2026 4:41:49 AM com.jme3.bullet.objects.PhysicsRigidBody rebuildRigidBody
INFORMATION: Created 1f09e046cf0.
Sept. 13, 2026 4:41:49 AM com.jme3.bullet.objects.PhysicsRigidBody rebuildRigidBody
INFORMATION: Created 1f09e047ce0.
Sept. 13, 2026 4:41:49 AM com.jme3.bullet.objects.PhysicsRigidBody rebuildRigidBody
INFORMATION: Created 1f09e3ed1c0.
Sept. 13, 2026 4:41:49 AM com.jme3.bullet.objects.PhysicsRigidBody rebuildRigidBody
INFORMATION: Created 1f09e3ece90.
Sept. 13, 2026 4:41:49 AM com.jme3.bullet.objects.PhysicsRigidBody rebuildRigidBody
INFORMATION: Created 1f09e3ecb60.
Sept. 13, 2026 4:41:49 AM com.jme3.bullet.objects.PhysicsRigidBody rebuildRigidBody
INFORMATION: Created 1f09e3f0190.
Sept. 13, 2026 4:41:49 AM com.jme3.bullet.objects.PhysicsRigidBody rebuildRigidBody
INFORMATION: Created 1f09e3f04c0.
Sept. 13, 2026 4:41:49 AM com.jme3.bullet.objects.PhysicsRigidBody rebuildRigidBody
INFORMATION: Created 1f09e3ed4f0.
Sept. 13, 2026 4:41:49 AM com.jme3.bullet.objects.PhysicsRigidBody rebuildRigidBody
INFORMATION: Created 1f09e3ede80.
Sept. 13, 2026 4:41:49 AM com.jme3.bullet.objects.PhysicsRigidBody rebuildRigidBody
INFORMATION: Created 1f09e3eeb40.
Sept. 13, 2026 4:41:49 AM com.jme3.bullet.objects.PhysicsRigidBody rebuildRigidBody
INFORMATION: Created 1f09e3ed820.
Sept. 13, 2026 4:41:49 AM com.jme3.bullet.objects.PhysicsRigidBody rebuildRigidBody
INFORMATION: Created 1f09e3edb50.
Sept. 13, 2026 4:41:49 AM com.jme3.bullet.objects.PhysicsRigidBody rebuildRigidBody
INFORMATION: Created 1f09e3ee810.
Sept. 13, 2026 4:41:49 AM com.jme3.bullet.objects.PhysicsRigidBody rebuildRigidBody
INFORMATION: Created 1f09e3ee1b0.
Sept. 13, 2026 4:41:49 AM com.jme3.bullet.objects.PhysicsRigidBody rebuildRigidBody
INFORMATION: Created 1f09e3ee4e0.
Sept. 13, 2026 4:41:49 AM com.jme3.bullet.objects.PhysicsRigidBody rebuildRigidBody
INFORMATION: Created 1f09e3eee70.
Sept. 13, 2026 4:41:49 AM com.jme3.bullet.objects.PhysicsRigidBody rebuildRigidBody
INFORMATION: Created 1f09e3ef1a0.
Sept. 13, 2026 4:41:49 AM com.jme3.bullet.objects.PhysicsRigidBody rebuildRigidBody
INFORMATION: Created 1f09e3ef4d0.
Sept. 13, 2026 4:41:49 AM com.jme3.bullet.objects.PhysicsRigidBody rebuildRigidBody
INFORMATION: Created 1f09e3ef800.
Sept. 13, 2026 4:41:49 AM com.jme3.bullet.objects.PhysicsRigidBody rebuildRigidBody
INFORMATION: Created 1f09e3efb30.
Sept. 13, 2026 4:41:49 AM com.jme3.bullet.objects.PhysicsRigidBody rebuildRigidBody
INFORMATION: Created 1f09e3efe60.
Sept. 13, 2026 4:41:49 AM com.jme3.bullet.objects.PhysicsRigidBody rebuildRigidBody
INFORMATION: Created 1f09e4114e0.
Sept. 13, 2026 4:41:49 AM com.jme3.bullet.objects.PhysicsRigidBody rebuildRigidBody
INFORMATION: Created 1f09e411810.
Sept. 13, 2026 4:41:49 AM com.jme3.bullet.objects.PhysicsRigidBody rebuildRigidBody
INFORMATION: Created 1f09e410820.
Sept. 13, 2026 4:41:49 AM com.jme3.bullet.objects.PhysicsRigidBody rebuildRigidBody
INFORMATION: Created 1f09e4101c0.
Sept. 13, 2026 4:41:49 AM com.jme3.bullet.objects.PhysicsRigidBody rebuildRigidBody
INFORMATION: Created 1f09e40e840.
Sept. 13, 2026 4:41:49 AM com.jme3.bullet.objects.PhysicsRigidBody rebuildRigidBody
INFORMATION: Created 1f09e40deb0.
Sept. 13, 2026 4:41:49 AM com.jme3.bullet.objects.PhysicsRigidBody rebuildRigidBody
INFORMATION: Created 1f09e40e510.
Sept. 13, 2026 4:41:49 AM com.jme3.bullet.objects.PhysicsRigidBody rebuildRigidBody
INFORMATION: Created 1f09e40e1e0.
Sept. 13, 2026 4:41:49 AM com.jme3.bullet.objects.PhysicsRigidBody rebuildRigidBody
INFORMATION: Created 1f09e410b50.
Sept. 13, 2026 4:41:49 AM com.jme3.bullet.objects.PhysicsRigidBody rebuildRigidBody
INFORMATION: Created 1f09e40f500.
Sept. 13, 2026 4:41:49 AM com.jme3.bullet.objects.PhysicsRigidBody rebuildRigidBody
INFORMATION: Created 1f09e40eb70.
Sept. 13, 2026 4:41:49 AM com.jme3.bullet.objects.PhysicsRigidBody rebuildRigidBody
INFORMATION: Created 1f09e4104f0.
Sept. 13, 2026 4:41:49 AM com.jme3.bullet.objects.PhysicsRigidBody rebuildRigidBody
INFORMATION: Created 1f09e40f830.
Sept. 13, 2026 4:41:49 AM com.jme3.bullet.objects.PhysicsRigidBody rebuildRigidBody
INFORMATION: Created 1f09e410e80.
Sept. 13, 2026 4:41:49 AM com.jme3.bullet.objects.PhysicsRigidBody rebuildRigidBody
INFORMATION: Created 1f09e4111b0.
Sept. 13, 2026 4:41:49 AM com.jme3.bullet.objects.PhysicsRigidBody rebuildRigidBody
INFORMATION: Created 1f09e40f1d0.
Sept. 13, 2026 4:41:49 AM com.jme3.bullet.objects.PhysicsRigidBody rebuildRigidBody
INFORMATION: Created 1f09e40eea0.
Sept. 13, 2026 4:41:49 AM com.jme3.bullet.objects.PhysicsRigidBody rebuildRigidBody
INFORMATION: Created 1f09e40fb60.
Sept. 13, 2026 4:41:49 AM com.jme3.bullet.objects.PhysicsRigidBody rebuildRigidBody
INFORMATION: Created 1f09e40fe90.
Sept. 13, 2026 4:41:49 AM com.jme3.bullet.objects.PhysicsRigidBody rebuildRigidBody
INFORMATION: Created 1f09e3db050.
Sept. 13, 2026 4:41:49 AM com.jme3.bullet.objects.PhysicsRigidBody rebuildRigidBody
INFORMATION: Created 1f09e3de680.
Sept. 13, 2026 4:41:49 AM com.jme3.bullet.objects.PhysicsRigidBody rebuildRigidBody
INFORMATION: Created 1f09e3de9b0.
Sept. 13, 2026 4:41:49 AM com.jme3.bullet.objects.PhysicsRigidBody rebuildRigidBody
INFORMATION: Created 1f09e3dd9c0.
Sept. 13, 2026 4:41:49 AM com.jme3.bullet.objects.PhysicsRigidBody rebuildRigidBody
INFORMATION: Created 1f09e3dd360.
Sept. 13, 2026 4:41:49 AM com.jme3.bullet.objects.PhysicsRigidBody rebuildRigidBody
INFORMATION: Created 1f09e3db9e0.
Sept. 13, 2026 4:41:49 AM com.jme3.bullet.objects.PhysicsRigidBody rebuildRigidBody
INFORMATION: Created 1f09e3dad20.
Sept. 13, 2026 4:41:49 AM com.jme3.bullet.objects.PhysicsRigidBody rebuildRigidBody
INFORMATION: Created 1f09e3dbd10.
Sept. 13, 2026 4:41:49 AM com.jme3.bullet.objects.PhysicsRigidBody rebuildRigidBody
INFORMATION: Created 1f09e3df010.
Sept. 13, 2026 4:41:49 AM com.jme3.bullet.objects.PhysicsRigidBody rebuildRigidBody
INFORMATION: Created 1f09e3dd690.
Sept. 13, 2026 4:41:49 AM com.jme3.bullet.objects.PhysicsRigidBody rebuildRigidBody
INFORMATION: Created 1f09e3dc040.
Sept. 13, 2026 4:41:49 AM com.jme3.bullet.objects.PhysicsRigidBody rebuildRigidBody
INFORMATION: Created 1f09e3ddcf0.
Sept. 13, 2026 4:41:49 AM com.jme3.bullet.objects.PhysicsRigidBody rebuildRigidBody
INFORMATION: Created 1f09e3dc9d0.
Sept. 13, 2026 4:41:49 AM com.jme3.bullet.objects.PhysicsRigidBody rebuildRigidBody
INFORMATION: Created 1f09e3dece0.
Sept. 13, 2026 4:41:49 AM com.jme3.bullet.objects.PhysicsRigidBody rebuildRigidBody
INFORMATION: Created 1f09e3db380.
Sept. 13, 2026 4:41:49 AM com.jme3.bullet.objects.PhysicsRigidBody rebuildRigidBody
INFORMATION: Created 1f09e3df340.
Sept. 13, 2026 4:41:49 AM com.jme3.bullet.objects.PhysicsRigidBody rebuildRigidBody
INFORMATION: Created 1f09e3db6b0.
Sept. 13, 2026 4:41:49 AM com.jme3.bullet.objects.PhysicsRigidBody rebuildRigidBody
INFORMATION: Created 1f09e3de020.
Sept. 13, 2026 4:41:49 AM com.jme3.bullet.objects.PhysicsRigidBody rebuildRigidBody
INFORMATION: Created 1f09e3de350.
Sept. 13, 2026 4:41:49 AM com.jme3.bullet.objects.PhysicsRigidBody rebuildRigidBody
INFORMATION: Created 1f09e3dc6a0.
Sept. 13, 2026 4:41:49 AM com.jme3.bullet.objects.PhysicsRigidBody rebuildRigidBody
INFORMATION: Created 1f09e3df670.
Sept. 13, 2026 4:41:49 AM com.jme3.bullet.objects.PhysicsRigidBody rebuildRigidBody
INFORMATION: Created 1f09e3dc370.
Sept. 13, 2026 4:41:49 AM com.jme3.bullet.objects.PhysicsRigidBody rebuildRigidBody
INFORMATION: Created 1f09e3e0660.
Sept. 13, 2026 4:41:49 AM com.jme3.bullet.objects.PhysicsRigidBody rebuildRigidBody
INFORMATION: Created 1f09e3df9a0.
Sept. 13, 2026 4:41:49 AM com.jme3.bullet.objects.PhysicsRigidBody rebuildRigidBody
INFORMATION: Created 1f09e3dfcd0.
Sept. 13, 2026 4:41:49 AM com.jme3.bullet.objects.PhysicsRigidBody rebuildRigidBody
INFORMATION: Created 1f09e3e0000.
Sept. 13, 2026 4:41:49 AM com.jme3.bullet.objects.PhysicsRigidBody rebuildRigidBody
INFORMATION: Created 1f09e3e0990.
Sept. 13, 2026 4:41:49 AM com.jme3.bullet.objects.PhysicsRigidBody rebuildRigidBody
INFORMATION: Created 1f09e3e0330.
Sept. 13, 2026 4:41:49 AM com.jme3.bullet.objects.PhysicsRigidBody rebuildRigidBody
INFORMATION: Created 1f09e3dcd00.
Sept. 13, 2026 4:41:49 AM com.jme3.bullet.objects.PhysicsRigidBody rebuildRigidBody
INFORMATION: Created 1f09e3e0cc0.
Sept. 13, 2026 4:41:49 AM com.jme3.bullet.objects.PhysicsRigidBody rebuildRigidBody
INFORMATION: Created 1f09e3dd030.
Sept. 13, 2026 4:41:49 AM com.jme3.bullet.objects.PhysicsRigidBody rebuildRigidBody
INFORMATION: Created 1f09e3e0ff0.
Sept. 13, 2026 4:41:49 AM com.jme3.bullet.objects.PhysicsRigidBody rebuildRigidBody
INFORMATION: Created 1f09e3e1320.
Sept. 13, 2026 4:41:49 AM com.jme3.bullet.objects.PhysicsRigidBody rebuildRigidBody
INFORMATION: Created 1f09e3e1650.
Sept. 13, 2026 4:41:49 AM com.jme3.bullet.objects.PhysicsRigidBody rebuildRigidBody
INFORMATION: Created 1f09e3e2970.
Sept. 13, 2026 4:41:49 AM com.jme3.bullet.objects.PhysicsRigidBody rebuildRigidBody
INFORMATION: Created 1f09e3e1980.
Sept. 13, 2026 4:41:49 AM com.jme3.bullet.objects.PhysicsRigidBody rebuildRigidBody
INFORMATION: Created 1f09e3e1cb0.
Sept. 13, 2026 4:41:49 AM com.jme3.bullet.objects.PhysicsRigidBody rebuildRigidBody
INFORMATION: Created 1f09e3e1fe0.
Sept. 13, 2026 4:41:49 AM com.jme3.bullet.objects.PhysicsRigidBody rebuildRigidBody
INFORMATION: Created 1f09e3e2640.
Sept. 13, 2026 4:41:49 AM com.jme3.bullet.objects.PhysicsRigidBody rebuildRigidBody
INFORMATION: Created 1f09e3b88e0.
Sept. 13, 2026 4:41:49 AM com.jme3.bullet.objects.PhysicsRigidBody rebuildRigidBody
INFORMATION: Created 1f09e3b62a0.
Sept. 13, 2026 4:41:49 AM com.jme3.bullet.objects.PhysicsRigidBody rebuildRigidBody
INFORMATION: Created 1f09e3b7c20.
Sept. 13, 2026 4:41:49 AM com.jme3.bullet.objects.PhysicsRigidBody rebuildRigidBody
INFORMATION: Created 1f09e3b8280.
Sept. 13, 2026 4:41:49 AM com.jme3.bullet.objects.PhysicsRigidBody rebuildRigidBody
INFORMATION: Created 1f09e3b6c30.
Sept. 13, 2026 4:41:49 AM com.jme3.bullet.objects.PhysicsRigidBody rebuildRigidBody
INFORMATION: Created 1f09e3b7f50.
Sept. 13, 2026 4:41:49 AM com.jme3.bullet.objects.PhysicsRigidBody rebuildRigidBody
INFORMATION: Created 1f09e3b5910.
Sept. 13, 2026 4:41:49 AM com.jme3.bullet.objects.PhysicsRigidBody rebuildRigidBody
INFORMATION: Created 1f09e3b85b0.
Sept. 13, 2026 4:41:49 AM com.jme3.bullet.objects.PhysicsRigidBody rebuildRigidBody
INFORMATION: Created 1f09e3b8c10.
Sept. 13, 2026 4:41:49 AM com.jme3.bullet.objects.PhysicsRigidBody rebuildRigidBody
INFORMATION: Created 1f09e3b52b0.
Sept. 13, 2026 4:41:49 AM com.jme3.bullet.objects.PhysicsRigidBody rebuildRigidBody
INFORMATION: Created 1f09e3b65d0.
Sept. 13, 2026 4:41:49 AM com.jme3.bullet.objects.PhysicsRigidBody rebuildRigidBody
INFORMATION: Created 1f09e3b75c0.
Sept. 13, 2026 4:41:49 AM com.jme3.bullet.objects.PhysicsRigidBody rebuildRigidBody
INFORMATION: Created 1f09e3b5f70.
Sept. 13, 2026 4:41:49 AM com.jme3.bullet.objects.PhysicsRigidBody rebuildRigidBody
INFORMATION: Created 1f09e3b8f40.
Sept. 13, 2026 4:41:49 AM com.jme3.bullet.objects.PhysicsRigidBody rebuildRigidBody
INFORMATION: Created 1f09e3b9270.
Sept. 13, 2026 4:41:49 AM com.jme3.bullet.objects.PhysicsRigidBody rebuildRigidBody
INFORMATION: Created 1f09e3b55e0.
Sept. 13, 2026 4:41:49 AM com.jme3.bullet.objects.PhysicsRigidBody rebuildRigidBody
INFORMATION: Created 1f09e3b6f60.
Sept. 13, 2026 4:41:49 AM com.jme3.bullet.objects.PhysicsRigidBody rebuildRigidBody
INFORMATION: Created 1f09e3b7290.
Sept. 13, 2026 4:41:49 AM com.jme3.bullet.objects.PhysicsRigidBody rebuildRigidBody
INFORMATION: Created 1f09e3b95a0.
Sept. 13, 2026 4:41:49 AM com.jme3.bullet.objects.PhysicsRigidBody rebuildRigidBody
INFORMATION: Created 1f09e3ba590.
Sept. 13, 2026 4:41:49 AM com.jme3.bullet.objects.PhysicsRigidBody rebuildRigidBody
INFORMATION: Created 1f09e3b98d0.
Sept. 13, 2026 4:41:49 AM com.jme3.bullet.objects.PhysicsRigidBody rebuildRigidBody
INFORMATION: Created 1f09e3b78f0.
Sept. 13, 2026 4:41:49 AM com.jme3.bullet.objects.PhysicsRigidBody rebuildRigidBody
INFORMATION: Created 1f09e3b9c00.
Sept. 13, 2026 4:41:49 AM com.jme3.bullet.objects.PhysicsRigidBody rebuildRigidBody
INFORMATION: Created 1f09e3b9f30.
Sept. 13, 2026 4:41:49 AM com.jme3.bullet.objects.PhysicsRigidBody rebuildRigidBody
INFORMATION: Created 1f09e3b6900.
Sept. 13, 2026 4:41:49 AM com.jme3.bullet.objects.PhysicsRigidBody rebuildRigidBody
INFORMATION: Created 1f09e3bcbd0.
Sept. 13, 2026 4:41:49 AM com.jme3.bullet.objects.PhysicsRigidBody rebuildRigidBody
INFORMATION: Created 1f09e3ba8c0.
Sept. 13, 2026 4:41:49 AM com.jme3.bullet.objects.PhysicsRigidBody rebuildRigidBody
INFORMATION: Created 1f09e3bb580.
Sept. 13, 2026 4:41:49 AM com.jme3.bullet.objects.PhysicsRigidBody rebuildRigidBody
INFORMATION: Created 1f09e3babf0.
Sept. 13, 2026 4:41:49 AM com.jme3.bullet.objects.PhysicsRigidBody rebuildRigidBody
INFORMATION: Created 1f09e3baf20.
Sept. 13, 2026 4:41:49 AM com.jme3.bullet.objects.PhysicsRigidBody rebuildRigidBody
INFORMATION: Created 1f09e3bc240.
Sept. 13, 2026 4:41:49 AM com.jme3.bullet.objects.PhysicsRigidBody rebuildRigidBody
INFORMATION: Created 1f09e3bb250.
Sept. 13, 2026 4:41:49 AM com.jme3.bullet.objects.PhysicsRigidBody rebuildRigidBody
INFORMATION: Created 1f09e3bb8b0.
Sept. 13, 2026 4:41:49 AM com.jme3.bullet.objects.PhysicsRigidBody rebuildRigidBody
INFORMATION: Created 1f09e3bbbe0.
Sept. 13, 2026 4:41:49 AM com.jme3.bullet.objects.PhysicsRigidBody rebuildRigidBody
INFORMATION: Created 1f09e3bc570.
Sept. 13, 2026 4:41:49 AM com.jme3.bullet.objects.PhysicsRigidBody rebuildRigidBody
INFORMATION: Created 1f09e3bbf10.
Sept. 13, 2026 4:41:49 AM com.jme3.bullet.objects.PhysicsRigidBody rebuildRigidBody
INFORMATION: Created 1f09e3bc8a0.
Sept. 13, 2026 4:41:49 AM com.jme3.bullet.objects.PhysicsRigidBody rebuildRigidBody
INFORMATION: Created 1f09e3bcf00.
Sept. 13, 2026 4:41:49 AM com.jme3.bullet.objects.PhysicsRigidBody rebuildRigidBody
INFORMATION: Created 1f09e996f50.
Sept. 13, 2026 4:41:49 AM com.jme3.bullet.objects.PhysicsRigidBody rebuildRigidBody
INFORMATION: Created 1f09e9998c0.
Sept. 13, 2026 4:41:49 AM com.jme3.bullet.objects.PhysicsRigidBody rebuildRigidBody
INFORMATION: Created 1f09e996290.
Sept. 13, 2026 4:41:50 AM com.jme3.bullet.objects.PhysicsRigidBody rebuildRigidBody
INFORMATION: Created 1f09e998c00.
Sept. 13, 2026 4:41:50 AM com.jme3.bullet.objects.PhysicsRigidBody rebuildRigidBody
INFORMATION: Created 1f09e9965c0.
Sept. 13, 2026 4:41:50 AM com.jme3.bullet.objects.PhysicsRigidBody rebuildRigidBody
INFORMATION: Created 1f09e996c20.
Sept. 13, 2026 4:41:50 AM com.jme3.anim.SkinningControl controlRender
INFORMATION: Hardware skinning engaged for Scene (Node)
Sept. 13, 2026 4:41:50 AM com.jme3.anim.SkinningControl controlRender
INFORMATION: Hardware skinning engaged for Scene (Node)
Sept. 13, 2026 4:41:50 AM com.jme3.anim.SkinningControl controlRender
INFORMATION: Hardware skinning engaged for Scene (Node)
Sept. 13, 2026 4:41:50 AM com.jme3.anim.SkinningControl controlRender
INFORMATION: Hardware skinning engaged for Scene (Node)
[SMOKE] stage 0
[SMOKE] stage 1
Sept. 13, 2026 4:41:53 AM com.jme3.bullet.objects.PhysicsRigidBody rebuildRigidBody
INFORMATION: Created 1f0a7fa46c0.
Sept. 13, 2026 4:41:53 AM com.jme3.bullet.objects.PhysicsRigidBody rebuildRigidBody
INFORMATION: Created 1f0a7fa5d10.
Sept. 13, 2026 4:41:53 AM com.jme3.bullet.objects.PhysicsRigidBody rebuildRigidBody
INFORMATION: Created 1f0a7fa56b0.
Sept. 13, 2026 4:41:53 AM com.jme3.bullet.objects.PhysicsRigidBody rebuildRigidBody
INFORMATION: Created 1f0a7fa6d00.
Sept. 13, 2026 4:41:53 AM com.jme3.bullet.objects.PhysicsRigidBody rebuildRigidBody
INFORMATION: Created 1f0a7fa6040.
Sept. 13, 2026 4:41:53 AM com.jme3.bullet.objects.PhysicsRigidBody rebuildRigidBody
INFORMATION: Created 1f0a7fa36d0.
Sept. 13, 2026 4:41:53 AM com.jme3.bullet.objects.PhysicsRigidBody rebuildRigidBody
INFORMATION: Created 1f0a7fa6370.
Sept. 13, 2026 4:41:53 AM com.jme3.bullet.objects.PhysicsRigidBody rebuildRigidBody
INFORMATION: Created 1f0a7fa66a0.
Sept. 13, 2026 4:41:53 AM com.jme3.bullet.objects.PhysicsRigidBody rebuildRigidBody
INFORMATION: Created 1f0a7fa69d0.
Sept. 13, 2026 4:41:53 AM com.jme3.bullet.objects.PhysicsRigidBody rebuildRigidBody
INFORMATION: Created 1f0a7fa33a0.
Sept. 13, 2026 4:41:53 AM com.jme3.bullet.objects.PhysicsRigidBody rebuildRigidBody
INFORMATION: Created 1f0a7fa3070.
Sept. 13, 2026 4:41:53 AM com.jme3.bullet.objects.PhysicsRigidBody rebuildRigidBody
INFORMATION: Created 1f0a7fa7030.
Sept. 13, 2026 4:41:53 AM com.jme3.bullet.objects.PhysicsRigidBody rebuildRigidBody
INFORMATION: Created 1f0a7fa4d20.
Sept. 13, 2026 4:41:53 AM com.jme3.bullet.objects.PhysicsRigidBody rebuildRigidBody
INFORMATION: Created 1f0a7fa7690.
Sept. 13, 2026 4:41:53 AM com.jme3.bullet.objects.PhysicsRigidBody rebuildRigidBody
INFORMATION: Created 1f0a7fa79c0.
Sept. 13, 2026 4:41:53 AM com.jme3.bullet.objects.PhysicsRigidBody rebuildRigidBody
INFORMATION: Created 1f0a7fa49f0.
Sept. 13, 2026 4:41:53 AM com.jme3.bullet.objects.PhysicsRigidBody rebuildRigidBody
INFORMATION: Created 1f0a7fa59e0.
Sept. 13, 2026 4:41:53 AM com.jme3.bullet.objects.PhysicsRigidBody rebuildRigidBody
INFORMATION: Created 1f0a7fa7360.
Sept. 13, 2026 4:41:53 AM com.jme3.bullet.objects.PhysicsRigidBody rebuildRigidBody
INFORMATION: Created 1f0a7fa5380.
Sept. 13, 2026 4:41:53 AM com.jme3.bullet.objects.PhysicsRigidBody rebuildRigidBody
INFORMATION: Created 1f0a7fa4060.
Sept. 13, 2026 4:41:53 AM com.jme3.bullet.objects.PhysicsRigidBody rebuildRigidBody
INFORMATION: Created 1f0a7fa3d30.
Sept. 13, 2026 4:41:53 AM com.jme3.bullet.objects.PhysicsRigidBody rebuildRigidBody
INFORMATION: Created 1f0a7fa7cf0.
Sept. 13, 2026 4:41:53 AM com.jme3.bullet.objects.PhysicsRigidBody rebuildRigidBody
INFORMATION: Created 1f0a7fa8020.
Sept. 13, 2026 4:41:53 AM com.jme3.bullet.objects.PhysicsRigidBody rebuildRigidBody
INFORMATION: Created 1f0a7fa8350.
Sept. 13, 2026 4:41:53 AM com.jme3.bullet.objects.PhysicsRigidBody rebuildRigidBody
INFORMATION: Created 1f0a7fa8680.
Sept. 13, 2026 4:41:53 AM com.jme3.bullet.objects.PhysicsRigidBody rebuildRigidBody
INFORMATION: Created 1f0a7fa89b0.
Sept. 13, 2026 4:41:53 AM com.jme3.bullet.objects.PhysicsRigidBody rebuildRigidBody
INFORMATION: Created 1f0a7fa8ce0.
Sept. 13, 2026 4:41:53 AM com.jme3.bullet.objects.PhysicsRigidBody rebuildRigidBody
INFORMATION: Created 1f0a7fa5050.
Sept. 13, 2026 4:41:53 AM com.jme3.bullet.objects.PhysicsRigidBody rebuildRigidBody
INFORMATION: Created 1f0a7fa9010.
Sept. 13, 2026 4:41:53 AM com.jme3.bullet.objects.PhysicsRigidBody rebuildRigidBody
INFORMATION: Created 1f0a7fa9340.
Sept. 13, 2026 4:41:53 AM com.jme3.bullet.objects.PhysicsRigidBody rebuildRigidBody
INFORMATION: Created 1f0a7fa9670.
Sept. 13, 2026 4:41:53 AM com.jme3.bullet.objects.PhysicsRigidBody rebuildRigidBody
INFORMATION: Created 1f0a7fa99a0.
Sept. 13, 2026 4:41:53 AM com.jme3.bullet.objects.PhysicsRigidBody rebuildRigidBody
INFORMATION: Created 1f0a7faa000.
Sept. 13, 2026 4:41:53 AM com.jme3.bullet.objects.PhysicsRigidBody rebuildRigidBody
INFORMATION: Created 1f0a7fa9cd0.
Sept. 13, 2026 4:41:53 AM com.jme3.bullet.objects.PhysicsRigidBody rebuildRigidBody
INFORMATION: Created 1f0a7faa330.
Sept. 13, 2026 4:41:53 AM com.jme3.bullet.objects.PhysicsRigidBody rebuildRigidBody
INFORMATION: Created 1f0a7faa660.
Sept. 13, 2026 4:41:53 AM com.jme3.bullet.objects.PhysicsRigidBody rebuildRigidBody
INFORMATION: Created 1f0a7faa990.
Sept. 13, 2026 4:41:53 AM com.jme3.bullet.objects.PhysicsRigidBody rebuildRigidBody
INFORMATION: Created 1f0a7faacc0.
Sept. 13, 2026 4:41:53 AM com.jme3.bullet.objects.PhysicsRigidBody rebuildRigidBody
INFORMATION: Created 1f09e9ee1d0.
Sept. 13, 2026 4:41:53 AM com.jme3.bullet.objects.PhysicsRigidBody rebuildRigidBody
INFORMATION: Created 1f09e9eee90.
Sept. 13, 2026 4:41:53 AM com.jme3.bullet.objects.PhysicsRigidBody rebuildRigidBody
INFORMATION: Created 1f09e9ed1e0.
Sept. 13, 2026 4:41:53 AM com.jme3.bullet.objects.PhysicsRigidBody rebuildRigidBody
INFORMATION: Created 1f09e9ecb80.
Sept. 13, 2026 4:41:53 AM com.jme3.bullet.objects.PhysicsRigidBody rebuildRigidBody
INFORMATION: Created 1f09e9efb50.
Sept. 13, 2026 4:41:53 AM com.jme3.bullet.objects.PhysicsRigidBody rebuildRigidBody
INFORMATION: Created 1f09e9ee500.
Sept. 13, 2026 4:41:53 AM com.jme3.bullet.objects.PhysicsRigidBody rebuildRigidBody
INFORMATION: Created 1f09e9eceb0.
Sept. 13, 2026 4:41:53 AM com.jme3.bullet.objects.PhysicsRigidBody rebuildRigidBody
INFORMATION: Created 1f09e9ec1f0.
Sept. 13, 2026 4:41:53 AM com.jme3.bullet.objects.PhysicsRigidBody rebuildRigidBody
INFORMATION: Created 1f09e9ef1c0.
Sept. 13, 2026 4:41:53 AM com.jme3.bullet.objects.PhysicsRigidBody rebuildRigidBody
INFORMATION: Created 1f09e9ec520.
Sept. 13, 2026 4:41:53 AM com.jme3.bullet.objects.PhysicsRigidBody rebuildRigidBody
INFORMATION: Created 1f09e9ec850.
Sept. 13, 2026 4:41:53 AM com.jme3.bullet.objects.PhysicsRigidBody rebuildRigidBody
INFORMATION: Created 1f09e9ed510.
Sept. 13, 2026 4:41:53 AM com.jme3.bullet.objects.PhysicsRigidBody rebuildRigidBody
INFORMATION: Created 1f09e9edb70.
Sept. 13, 2026 4:41:53 AM com.jme3.bullet.objects.PhysicsRigidBody rebuildRigidBody
INFORMATION: Created 1f09e9edea0.
Sept. 13, 2026 4:41:53 AM com.jme3.bullet.objects.PhysicsRigidBody rebuildRigidBody
INFORMATION: Created 1f09e9ed840.
Sept. 13, 2026 4:41:53 AM com.jme3.bullet.objects.PhysicsRigidBody rebuildRigidBody
INFORMATION: Created 1f09e9ef4f0.
Sept. 13, 2026 4:41:53 AM com.jme3.bullet.objects.PhysicsRigidBody rebuildRigidBody
INFORMATION: Created 1f09e9ee830.
Sept. 13, 2026 4:41:53 AM com.jme3.bullet.objects.PhysicsRigidBody rebuildRigidBody
INFORMATION: Created 1f09e9ef820.
Sept. 13, 2026 4:41:53 AM com.jme3.bullet.objects.PhysicsRigidBody rebuildRigidBody
INFORMATION: Created 1f09e9eeb60.
Sept. 13, 2026 4:41:53 AM com.jme3.bullet.objects.PhysicsRigidBody rebuildRigidBody
INFORMATION: Created 1f09e9ebec0.
Sept. 13, 2026 4:41:53 AM com.jme3.bullet.objects.PhysicsRigidBody rebuildRigidBody
INFORMATION: Created 1f09e9f2e50.
Sept. 13, 2026 4:41:53 AM com.jme3.bullet.objects.PhysicsRigidBody rebuildRigidBody
INFORMATION: Created 1f09e9f0e70.
Sept. 13, 2026 4:41:53 AM com.jme3.bullet.objects.PhysicsRigidBody rebuildRigidBody
INFORMATION: Created 1f09e9f34b0.
Sept. 13, 2026 4:41:53 AM com.jme3.bullet.objects.PhysicsRigidBody rebuildRigidBody
INFORMATION: Created 1f09e9f3b10.
Sept. 13, 2026 4:41:53 AM com.jme3.bullet.objects.PhysicsRigidBody rebuildRigidBody
INFORMATION: Created 1f09e9f11a0.
Sept. 13, 2026 4:41:53 AM com.jme3.bullet.objects.PhysicsRigidBody rebuildRigidBody
INFORMATION: Created 1f09e9f3180.
Sept. 13, 2026 4:41:53 AM com.jme3.bullet.objects.PhysicsRigidBody rebuildRigidBody
INFORMATION: Created 1f09e9efe80.
Sept. 13, 2026 4:41:53 AM com.jme3.bullet.objects.PhysicsRigidBody rebuildRigidBody
INFORMATION: Created 1f09e9f14d0.
Sept. 13, 2026 4:41:53 AM com.jme3.bullet.objects.PhysicsRigidBody rebuildRigidBody
INFORMATION: Created 1f09e9f1800.
Sept. 13, 2026 4:41:53 AM com.jme3.bullet.objects.PhysicsRigidBody rebuildRigidBody
INFORMATION: Created 1f09e9f24c0.
Sept. 13, 2026 4:41:53 AM com.jme3.bullet.objects.PhysicsRigidBody rebuildRigidBody
INFORMATION: Created 1f09e9f0810.
Sept. 13, 2026 4:41:53 AM com.jme3.bullet.objects.PhysicsRigidBody rebuildRigidBody
INFORMATION: Created 1f09e9f0b40.
Sept. 13, 2026 4:41:53 AM com.jme3.bullet.objects.PhysicsRigidBody rebuildRigidBody
INFORMATION: Created 1f09e9f01b0.
Sept. 13, 2026 4:41:53 AM com.jme3.bullet.objects.PhysicsRigidBody rebuildRigidBody
INFORMATION: Created 1f09e9f04e0.
Sept. 13, 2026 4:41:53 AM com.jme3.bullet.objects.PhysicsRigidBody rebuildRigidBody
INFORMATION: Created 1f09e9f1b30.
Sept. 13, 2026 4:41:53 AM com.jme3.bullet.objects.PhysicsRigidBody rebuildRigidBody
INFORMATION: Created 1f09e9f1e60.
Sept. 13, 2026 4:41:53 AM com.jme3.bullet.objects.PhysicsRigidBody rebuildRigidBody
INFORMATION: Created 1f09e9f2190.
Sept. 13, 2026 4:41:53 AM com.jme3.bullet.objects.PhysicsRigidBody rebuildRigidBody
INFORMATION: Created 1f09e9f27f0.
Sept. 13, 2026 4:41:53 AM com.jme3.bullet.objects.PhysicsRigidBody rebuildRigidBody
INFORMATION: Created 1f09e9f2b20.
Sept. 13, 2026 4:41:53 AM com.jme3.bullet.objects.PhysicsRigidBody rebuildRigidBody
INFORMATION: Created 1f09e9f37e0.
Sept. 13, 2026 4:41:53 AM com.jme3.bullet.objects.PhysicsRigidBody rebuildRigidBody
INFORMATION: Created 1f0a3b2f590.
Sept. 13, 2026 4:41:53 AM com.jme3.bullet.objects.PhysicsRigidBody rebuildRigidBody
INFORMATION: Created 1f0a3b2fbf0.
Sept. 13, 2026 4:41:53 AM com.jme3.bullet.objects.PhysicsRigidBody rebuildRigidBody
INFORMATION: Created 1f0a3b31240.
Sept. 13, 2026 4:41:53 AM com.jme3.bullet.objects.PhysicsRigidBody rebuildRigidBody
INFORMATION: Created 1f0a3b2ff20.
Sept. 13, 2026 4:41:53 AM com.jme3.bullet.objects.PhysicsRigidBody rebuildRigidBody
INFORMATION: Created 1f0a3b2f260.
Sept. 13, 2026 4:41:53 AM com.jme3.bullet.objects.PhysicsRigidBody rebuildRigidBody
INFORMATION: Created 1f0a3b32230.
Sept. 13, 2026 4:41:53 AM com.jme3.bullet.objects.PhysicsRigidBody rebuildRigidBody
INFORMATION: Created 1f0a3b30250.
Sept. 13, 2026 4:41:53 AM com.jme3.bullet.objects.PhysicsRigidBody rebuildRigidBody
INFORMATION: Created 1f0a3b30f10.
Sept. 13, 2026 4:41:53 AM com.jme3.bullet.objects.PhysicsRigidBody rebuildRigidBody
INFORMATION: Created 1f0a3b30580.
Sept. 13, 2026 4:41:53 AM com.jme3.bullet.objects.PhysicsRigidBody rebuildRigidBody
INFORMATION: Created 1f0a3b2f8c0.
Sept. 13, 2026 4:41:53 AM com.jme3.bullet.objects.PhysicsRigidBody rebuildRigidBody
INFORMATION: Created 1f0a3b31570.
Sept. 13, 2026 4:41:53 AM com.jme3.bullet.objects.PhysicsRigidBody rebuildRigidBody
INFORMATION: Created 1f0a3b308b0.
Sept. 13, 2026 4:41:53 AM com.jme3.bullet.objects.PhysicsRigidBody rebuildRigidBody
INFORMATION: Created 1f0a3b30be0.
Sept. 13, 2026 4:41:53 AM com.jme3.bullet.objects.PhysicsRigidBody rebuildRigidBody
INFORMATION: Created 1f0a3b318a0.
Sept. 13, 2026 4:41:53 AM com.jme3.bullet.objects.PhysicsRigidBody rebuildRigidBody
INFORMATION: Created 1f0a3b31bd0.
Sept. 13, 2026 4:41:53 AM com.jme3.bullet.objects.PhysicsRigidBody rebuildRigidBody
INFORMATION: Created 1f0a3b31f00.
Sept. 13, 2026 4:41:53 AM com.jme3.bullet.objects.PhysicsRigidBody rebuildRigidBody
INFORMATION: Created 1f0a3b24640.
Sept. 13, 2026 4:41:53 AM com.jme3.bullet.objects.PhysicsRigidBody rebuildRigidBody
INFORMATION: Created 1f0a3b23980.
Sept. 13, 2026 4:41:53 AM com.jme3.bullet.objects.PhysicsRigidBody rebuildRigidBody
INFORMATION: Created 1f0a3b25c90.
Sept. 13, 2026 4:41:53 AM com.jme3.bullet.objects.PhysicsRigidBody rebuildRigidBody
INFORMATION: Created 1f0a3b25630.
Sept. 13, 2026 4:41:53 AM com.jme3.bullet.objects.PhysicsRigidBody rebuildRigidBody
INFORMATION: Created 1f0a3b24970.
Sept. 13, 2026 4:41:53 AM com.jme3.bullet.objects.PhysicsRigidBody rebuildRigidBody
INFORMATION: Created 1f0a3b25fc0.
Sept. 13, 2026 4:41:53 AM com.jme3.bullet.objects.PhysicsRigidBody rebuildRigidBody
INFORMATION: Created 1f0a3b23fe0.
Sept. 13, 2026 4:41:53 AM com.jme3.bullet.objects.PhysicsRigidBody rebuildRigidBody
INFORMATION: Created 1f0a3b24ca0.
Sept. 13, 2026 4:41:53 AM com.jme3.bullet.objects.PhysicsRigidBody rebuildRigidBody
INFORMATION: Created 1f0a3b24fd0.
Sept. 13, 2026 4:41:53 AM com.jme3.bullet.objects.PhysicsRigidBody rebuildRigidBody
INFORMATION: Created 1f0a3b25300.
Sept. 13, 2026 4:41:53 AM com.jme3.bullet.objects.PhysicsRigidBody rebuildRigidBody
INFORMATION: Created 1f0a3b22660.
Sept. 13, 2026 4:41:53 AM com.jme3.bullet.objects.PhysicsRigidBody rebuildRigidBody
INFORMATION: Created 1f0a3b22ff0.
Sept. 13, 2026 4:41:53 AM com.jme3.bullet.objects.PhysicsRigidBody rebuildRigidBody
INFORMATION: Created 1f0a3b25960.
Sept. 13, 2026 4:41:53 AM com.jme3.bullet.objects.PhysicsRigidBody rebuildRigidBody
INFORMATION: Created 1f0a3b23650.
Sept. 13, 2026 4:41:53 AM com.jme3.bullet.objects.PhysicsRigidBody rebuildRigidBody
INFORMATION: Created 1f0a3b23cb0.
Sept. 13, 2026 4:41:53 AM com.jme3.bullet.objects.PhysicsRigidBody rebuildRigidBody
INFORMATION: Created 1f0a3b22cc0.
Sept. 13, 2026 4:41:53 AM com.jme3.bullet.objects.PhysicsRigidBody rebuildRigidBody
INFORMATION: Created 1f0a3b23320.
Sept. 13, 2026 4:41:53 AM com.jme3.bullet.objects.PhysicsRigidBody rebuildRigidBody
INFORMATION: Created 1f0a3b24310.
Sept. 13, 2026 4:41:53 AM com.jme3.bullet.objects.PhysicsRigidBody rebuildRigidBody
INFORMATION: Created 1f0a3b262f0.
Sept. 13, 2026 4:41:53 AM com.jme3.bullet.objects.PhysicsRigidBody rebuildRigidBody
INFORMATION: Created 1f0a3b26620.
Sept. 13, 2026 4:41:53 AM com.jme3.bullet.objects.PhysicsRigidBody rebuildRigidBody
INFORMATION: Created 1f0a3b22990.
Sept. 13, 2026 4:41:53 AM com.jme3.bullet.objects.PhysicsRigidBody rebuildRigidBody
INFORMATION: Created 1f0a3b28f90.
Sept. 13, 2026 4:41:53 AM com.jme3.bullet.objects.PhysicsRigidBody rebuildRigidBody
INFORMATION: Created 1f0a3b26fb0.
Sept. 13, 2026 4:41:53 AM com.jme3.bullet.objects.PhysicsRigidBody rebuildRigidBody
INFORMATION: Created 1f0a3b28930.
Sept. 13, 2026 4:41:53 AM com.jme3.bullet.objects.PhysicsRigidBody rebuildRigidBody
INFORMATION: Created 1f0a3b27c70.
Sept. 13, 2026 4:41:53 AM com.jme3.bullet.objects.PhysicsRigidBody rebuildRigidBody
INFORMATION: Created 1f0a3b29f80.
Sept. 13, 2026 4:41:53 AM com.jme3.bullet.objects.PhysicsRigidBody rebuildRigidBody
INFORMATION: Created 1f0a3b27fa0.
Sept. 13, 2026 4:41:53 AM com.jme3.bullet.objects.PhysicsRigidBody rebuildRigidBody
INFORMATION: Created 1f0a3b2a2b0.
Sept. 13, 2026 4:41:53 AM com.jme3.bullet.objects.PhysicsRigidBody rebuildRigidBody
INFORMATION: Created 1f0a3b28c60.
Sept. 13, 2026 4:41:53 AM com.jme3.bullet.objects.PhysicsRigidBody rebuildRigidBody
INFORMATION: Created 1f0a3b29c50.
Sept. 13, 2026 4:41:53 AM com.jme3.bullet.objects.PhysicsRigidBody rebuildRigidBody
INFORMATION: Created 1f0a3b27610.
Sept. 13, 2026 4:41:53 AM com.jme3.bullet.objects.PhysicsRigidBody rebuildRigidBody
INFORMATION: Created 1f0a3b282d0.
Sept. 13, 2026 4:41:53 AM com.jme3.bullet.objects.PhysicsRigidBody rebuildRigidBody
INFORMATION: Created 1f0a3b28600.
Sept. 13, 2026 4:41:53 AM com.jme3.bullet.objects.PhysicsRigidBody rebuildRigidBody
INFORMATION: Created 1f0a3b27940.
Sept. 13, 2026 4:41:53 AM com.jme3.bullet.objects.PhysicsRigidBody rebuildRigidBody
INFORMATION: Created 1f0a3b292c0.
Sept. 13, 2026 4:41:53 AM com.jme3.bullet.objects.PhysicsRigidBody rebuildRigidBody
INFORMATION: Created 1f0a3b295f0.
Sept. 13, 2026 4:41:53 AM com.jme3.bullet.objects.PhysicsRigidBody rebuildRigidBody
INFORMATION: Created 1f0a3b29920.
Sept. 13, 2026 4:41:53 AM com.jme3.bullet.objects.PhysicsRigidBody rebuildRigidBody
INFORMATION: Created 1f0a3b272e0.
Sept. 13, 2026 4:41:53 AM com.jme3.bullet.objects.PhysicsRigidBody rebuildRigidBody
INFORMATION: Created 1f0a3b2a5e0.
Sept. 13, 2026 4:41:53 AM com.jme3.bullet.objects.PhysicsRigidBody rebuildRigidBody
INFORMATION: Created 1f0a3b26c80.
Sept. 13, 2026 4:41:53 AM com.jme3.bullet.objects.PhysicsRigidBody rebuildRigidBody
INFORMATION: Created 1f0a3b26950.
Sept. 13, 2026 4:41:53 AM com.jme3.bullet.objects.PhysicsRigidBody rebuildRigidBody
INFORMATION: Created 1f0a3b2af70.
Sept. 13, 2026 4:41:53 AM com.jme3.bullet.objects.PhysicsRigidBody rebuildRigidBody
INFORMATION: Created 1f0a3b2c8f0.
Sept. 13, 2026 4:41:53 AM com.jme3.bullet.objects.PhysicsRigidBody rebuildRigidBody
INFORMATION: Created 1f0a3b2cc20.
Sept. 13, 2026 4:41:53 AM com.jme3.bullet.objects.PhysicsRigidBody rebuildRigidBody
INFORMATION: Created 1f0a3b2df40.
Sept. 13, 2026 4:41:53 AM com.jme3.bullet.objects.PhysicsRigidBody rebuildRigidBody
INFORMATION: Created 1f0a3b2bc30.
Sept. 13, 2026 4:41:53 AM com.jme3.bullet.objects.PhysicsRigidBody rebuildRigidBody
INFORMATION: Created 1f0a3b2c5c0.
Sept. 13, 2026 4:41:53 AM com.jme3.bullet.objects.PhysicsRigidBody rebuildRigidBody
INFORMATION: Created 1f0a3b2cf50.
Sept. 13, 2026 4:41:53 AM com.jme3.bullet.objects.PhysicsRigidBody rebuildRigidBody
INFORMATION: Created 1f0a3b2d280.
Sept. 13, 2026 4:41:53 AM com.jme3.bullet.objects.PhysicsRigidBody rebuildRigidBody
INFORMATION: Created 1f0a3b2bf60.
Sept. 13, 2026 4:41:53 AM com.jme3.bullet.objects.PhysicsRigidBody rebuildRigidBody
INFORMATION: Created 1f0a3b2d5b0.
Sept. 13, 2026 4:41:53 AM com.jme3.bullet.objects.PhysicsRigidBody rebuildRigidBody
INFORMATION: Created 1f0a3b2c290.
Sept. 13, 2026 4:41:53 AM com.jme3.bullet.objects.PhysicsRigidBody rebuildRigidBody
INFORMATION: Created 1f0a3b2a910.
Sept. 13, 2026 4:41:53 AM com.jme3.bullet.objects.PhysicsRigidBody rebuildRigidBody
INFORMATION: Created 1f0a3b2d8e0.
Sept. 13, 2026 4:41:53 AM com.jme3.bullet.objects.PhysicsRigidBody rebuildRigidBody
INFORMATION: Created 1f0a3b2ac40.
Sept. 13, 2026 4:41:53 AM com.jme3.bullet.objects.PhysicsRigidBody rebuildRigidBody
INFORMATION: Created 1f0a3b2e5a0.
Sept. 13, 2026 4:41:53 AM com.jme3.bullet.objects.PhysicsRigidBody rebuildRigidBody
INFORMATION: Created 1f0a3b2ec00.
Sept. 13, 2026 4:41:53 AM com.jme3.bullet.objects.PhysicsRigidBody rebuildRigidBody
INFORMATION: Created 1f0a3b2dc10.
[GAME] Willkommen im Ödland. Folge dem Feuer zu Mira. [E]
Sept. 13, 2026 4:41:53 AM com.jme3.anim.SkinningControl controlRender
INFORMATION: Hardware skinning engaged for Scene (Node)
Sept. 13, 2026 4:41:53 AM com.jme3.anim.SkinningControl controlRender
INFORMATION: Hardware skinning engaged for Scene (Node)
Sept. 13, 2026 4:41:53 AM com.jme3.anim.SkinningControl controlRender
INFORMATION: Hardware skinning engaged for Scene (Node)
Sept. 13, 2026 4:41:53 AM com.jme3.anim.SkinningControl controlRender
INFORMATION: Hardware skinning engaged for Scene (Node)
[SMOKE] stage 2
[SMOKE] stage 3
[CHECK] WASD must move the physical character
[CHECK] Physics space belongs to the render thread
[SMOKE] stage 4
[SMOKE] stage 5
[SMOKE] stage 6
Sept. 13, 2026 4:42:06 AM com.jme3.bullet.objects.PhysicsRigidBody rebuildRigidBody
INFORMATION: Created 1f0c06c3060.
Sept. 13, 2026 4:42:06 AM com.jme3.bullet.objects.PhysicsRigidBody rebuildRigidBody
INFORMATION: Created 1f0c06c4050.
Sept. 13, 2026 4:42:06 AM com.jme3.bullet.objects.PhysicsRigidBody rebuildRigidBody
INFORMATION: Created 1f0c06c56a0.
Sept. 13, 2026 4:42:06 AM com.jme3.bullet.objects.PhysicsRigidBody rebuildRigidBody
INFORMATION: Created 1f0c06c2d30.
Sept. 13, 2026 4:42:06 AM com.jme3.bullet.objects.PhysicsRigidBody rebuildRigidBody
INFORMATION: Created 1f0c06c26d0.
Sept. 13, 2026 4:42:06 AM com.jme3.bullet.objects.PhysicsRigidBody rebuildRigidBody
INFORMATION: Created 1f0c06c4d10.
Sept. 13, 2026 4:42:06 AM com.jme3.bullet.objects.PhysicsRigidBody rebuildRigidBody
INFORMATION: Created 1f0c06c59d0.
Sept. 13, 2026 4:42:06 AM com.jme3.bullet.objects.PhysicsRigidBody rebuildRigidBody
INFORMATION: Created 1f0c06c46b0.
Sept. 13, 2026 4:42:06 AM com.jme3.bullet.objects.PhysicsRigidBody rebuildRigidBody
INFORMATION: Created 1f0c06c36c0.
Sept. 13, 2026 4:42:06 AM com.jme3.bullet.objects.PhysicsRigidBody rebuildRigidBody
INFORMATION: Created 1f0c06c5040.
Sept. 13, 2026 4:42:06 AM com.jme3.bullet.objects.PhysicsRigidBody rebuildRigidBody
INFORMATION: Created 1f0c06c4380.
Sept. 13, 2026 4:42:06 AM com.jme3.bullet.objects.PhysicsRigidBody rebuildRigidBody
INFORMATION: Created 1f0c06c49e0.
Sept. 13, 2026 4:42:06 AM com.jme3.bullet.objects.PhysicsRigidBody rebuildRigidBody
INFORMATION: Created 1f0c06c39f0.
Sept. 13, 2026 4:42:06 AM com.jme3.bullet.objects.PhysicsRigidBody rebuildRigidBody
INFORMATION: Created 1f0c06c3d20.
Sept. 13, 2026 4:42:06 AM com.jme3.bullet.objects.PhysicsRigidBody rebuildRigidBody
INFORMATION: Created 1f0c06c5d00.
Sept. 13, 2026 4:42:06 AM com.jme3.bullet.objects.PhysicsRigidBody rebuildRigidBody
INFORMATION: Created 1f0c06c5370.
Sept. 13, 2026 4:42:06 AM com.jme3.bullet.objects.PhysicsRigidBody rebuildRigidBody
INFORMATION: Created 1f0c06c6030.
Sept. 13, 2026 4:42:06 AM com.jme3.bullet.objects.PhysicsRigidBody rebuildRigidBody
INFORMATION: Created 1f0c06c23a0.
Sept. 13, 2026 4:42:06 AM com.jme3.bullet.objects.PhysicsRigidBody rebuildRigidBody
INFORMATION: Created 1f0c06c9ff0.
Sept. 13, 2026 4:42:06 AM com.jme3.bullet.objects.PhysicsRigidBody rebuildRigidBody
INFORMATION: Created 1f0c06c79b0.
Sept. 13, 2026 4:42:06 AM com.jme3.bullet.objects.PhysicsRigidBody rebuildRigidBody
INFORMATION: Created 1f0c06c8670.
Sept. 13, 2026 4:42:06 AM com.jme3.bullet.objects.PhysicsRigidBody rebuildRigidBody
INFORMATION: Created 1f0c06c7680.
Sept. 13, 2026 4:42:06 AM com.jme3.bullet.objects.PhysicsRigidBody rebuildRigidBody
INFORMATION: Created 1f0c06c7ce0.
Sept. 13, 2026 4:42:06 AM com.jme3.bullet.objects.PhysicsRigidBody rebuildRigidBody
INFORMATION: Created 1f0c06c7020.
Sept. 13, 2026 4:42:06 AM com.jme3.bullet.objects.PhysicsRigidBody rebuildRigidBody
INFORMATION: Created 1f0c06c7350.
Sept. 13, 2026 4:42:06 AM com.jme3.bullet.objects.PhysicsRigidBody rebuildRigidBody
INFORMATION: Created 1f0c06c8010.
Sept. 13, 2026 4:42:06 AM com.jme3.bullet.objects.PhysicsRigidBody rebuildRigidBody
INFORMATION: Created 1f0c06c8340.
Sept. 13, 2026 4:42:06 AM com.jme3.bullet.objects.PhysicsRigidBody rebuildRigidBody
INFORMATION: Created 1f0c06c9660.
Sept. 13, 2026 4:42:06 AM com.jme3.bullet.objects.PhysicsRigidBody rebuildRigidBody
INFORMATION: Created 1f0c06c9330.
Sept. 13, 2026 4:42:06 AM com.jme3.bullet.objects.PhysicsRigidBody rebuildRigidBody
INFORMATION: Created 1f0c06c6690.
Sept. 13, 2026 4:42:06 AM com.jme3.bullet.objects.PhysicsRigidBody rebuildRigidBody
INFORMATION: Created 1f0c06c89a0.
Sept. 13, 2026 4:42:06 AM com.jme3.bullet.objects.PhysicsRigidBody rebuildRigidBody
INFORMATION: Created 1f0c06c8cd0.
Sept. 13, 2026 4:42:06 AM com.jme3.bullet.objects.PhysicsRigidBody rebuildRigidBody
INFORMATION: Created 1f0c06c9000.
Sept. 13, 2026 4:42:06 AM com.jme3.bullet.objects.PhysicsRigidBody rebuildRigidBody
INFORMATION: Created 1f0c06c69c0.
Sept. 13, 2026 4:42:06 AM com.jme3.bullet.objects.PhysicsRigidBody rebuildRigidBody
INFORMATION: Created 1f0c06c9990.
Sept. 13, 2026 4:42:06 AM com.jme3.bullet.objects.PhysicsRigidBody rebuildRigidBody
INFORMATION: Created 1f0c06c6cf0.
Sept. 13, 2026 4:42:06 AM com.jme3.bullet.objects.PhysicsRigidBody rebuildRigidBody
INFORMATION: Created 1f0c06c9cc0.
Sept. 13, 2026 4:42:06 AM com.jme3.bullet.objects.PhysicsRigidBody rebuildRigidBody
INFORMATION: Created 1f0c06c6360.
Sept. 13, 2026 4:42:06 AM com.jme3.bullet.objects.PhysicsRigidBody rebuildRigidBody
INFORMATION: Created 1f0c06ccc90.
Sept. 13, 2026 4:42:06 AM com.jme3.bullet.objects.PhysicsRigidBody rebuildRigidBody
INFORMATION: Created 1f0c06cbca0.
Sept. 13, 2026 4:42:06 AM com.jme3.bullet.objects.PhysicsRigidBody rebuildRigidBody
INFORMATION: Created 1f0c06cafe0.
Sept. 13, 2026 4:42:06 AM com.jme3.bullet.objects.PhysicsRigidBody rebuildRigidBody
INFORMATION: Created 1f0c06cbfd0.
Sept. 13, 2026 4:42:06 AM com.jme3.bullet.objects.PhysicsRigidBody rebuildRigidBody
INFORMATION: Created 1f0c06cb640.
Sept. 13, 2026 4:42:06 AM com.jme3.bullet.objects.PhysicsRigidBody rebuildRigidBody
INFORMATION: Created 1f0c06cd2f0.
Sept. 13, 2026 4:42:06 AM com.jme3.bullet.objects.PhysicsRigidBody rebuildRigidBody
INFORMATION: Created 1f0c06cdfb0.
Sept. 13, 2026 4:42:06 AM com.jme3.bullet.objects.PhysicsRigidBody rebuildRigidBody
INFORMATION: Created 1f0c06ccfc0.
Sept. 13, 2026 4:42:06 AM com.jme3.bullet.objects.PhysicsRigidBody rebuildRigidBody
INFORMATION: Created 1f0c06cd620.
Sept. 13, 2026 4:42:06 AM com.jme3.bullet.objects.PhysicsRigidBody rebuildRigidBody
INFORMATION: Created 1f0c06ca320.
Sept. 13, 2026 4:42:06 AM com.jme3.bullet.objects.PhysicsRigidBody rebuildRigidBody
INFORMATION: Created 1f0c06cd950.
Sept. 13, 2026 4:42:06 AM com.jme3.bullet.objects.PhysicsRigidBody rebuildRigidBody
INFORMATION: Created 1f0c06cb310.
Sept. 13, 2026 4:42:06 AM com.jme3.bullet.objects.PhysicsRigidBody rebuildRigidBody
INFORMATION: Created 1f0c06ca980.
Sept. 13, 2026 4:42:06 AM com.jme3.bullet.objects.PhysicsRigidBody rebuildRigidBody
INFORMATION: Created 1f0c06cc300.
Sept. 13, 2026 4:42:06 AM com.jme3.bullet.objects.PhysicsRigidBody rebuildRigidBody
INFORMATION: Created 1f0c06cc630.
Sept. 13, 2026 4:42:06 AM com.jme3.bullet.objects.PhysicsRigidBody rebuildRigidBody
INFORMATION: Created 1f0c06cc960.
Sept. 13, 2026 4:42:06 AM com.jme3.bullet.objects.PhysicsRigidBody rebuildRigidBody
INFORMATION: Created 1f0c06cacb0.
Sept. 13, 2026 4:42:06 AM com.jme3.bullet.objects.PhysicsRigidBody rebuildRigidBody
INFORMATION: Created 1f0c06cdc80.
Sept. 13, 2026 4:42:06 AM com.jme3.bullet.objects.PhysicsRigidBody rebuildRigidBody
INFORMATION: Created 1f0c06ce2e0.
Sept. 13, 2026 4:42:06 AM com.jme3.bullet.objects.PhysicsRigidBody rebuildRigidBody
INFORMATION: Created 1f0c06ca650.
Sept. 13, 2026 4:42:06 AM com.jme3.bullet.objects.PhysicsRigidBody rebuildRigidBody
INFORMATION: Created 1f0c06cb970.
Sept. 13, 2026 4:42:06 AM com.jme3.bullet.objects.PhysicsRigidBody rebuildRigidBody
INFORMATION: Created 1f0c06ce610.
Sept. 13, 2026 4:42:06 AM com.jme3.bullet.objects.PhysicsRigidBody rebuildRigidBody
INFORMATION: Created 1f0c06ce940.
Sept. 13, 2026 4:42:06 AM com.jme3.bullet.objects.PhysicsRigidBody rebuildRigidBody
INFORMATION: Created 1f0c06d05f0.
Sept. 13, 2026 4:42:06 AM com.jme3.bullet.objects.PhysicsRigidBody rebuildRigidBody
INFORMATION: Created 1f0c06cec70.
Sept. 13, 2026 4:42:06 AM com.jme3.bullet.objects.PhysicsRigidBody rebuildRigidBody
INFORMATION: Created 1f0c06cefa0.
Sept. 13, 2026 4:42:06 AM com.jme3.bullet.objects.PhysicsRigidBody rebuildRigidBody
INFORMATION: Created 1f0c06d12b0.
Sept. 13, 2026 4:42:06 AM com.jme3.bullet.objects.PhysicsRigidBody rebuildRigidBody
INFORMATION: Created 1f0c06cf2d0.
Sept. 13, 2026 4:42:06 AM com.jme3.bullet.objects.PhysicsRigidBody rebuildRigidBody
INFORMATION: Created 1f0c06cf930.
Sept. 13, 2026 4:42:06 AM com.jme3.bullet.objects.PhysicsRigidBody rebuildRigidBody
INFORMATION: Created 1f0c06d15e0.
Sept. 13, 2026 4:42:06 AM com.jme3.bullet.objects.PhysicsRigidBody rebuildRigidBody
INFORMATION: Created 1f0c06cf600.
Sept. 13, 2026 4:42:06 AM com.jme3.bullet.objects.PhysicsRigidBody rebuildRigidBody
INFORMATION: Created 1f0c06d0920.
Sept. 13, 2026 4:42:06 AM com.jme3.bullet.objects.PhysicsRigidBody rebuildRigidBody
INFORMATION: Created 1f0c06d0c50.
Sept. 13, 2026 4:42:06 AM com.jme3.bullet.objects.PhysicsRigidBody rebuildRigidBody
INFORMATION: Created 1f0c06cfc60.
Sept. 13, 2026 4:42:06 AM com.jme3.bullet.objects.PhysicsRigidBody rebuildRigidBody
INFORMATION: Created 1f0c06d0f80.
Sept. 13, 2026 4:42:06 AM com.jme3.bullet.objects.PhysicsRigidBody rebuildRigidBody
INFORMATION: Created 1f0c06cff90.
Sept. 13, 2026 4:42:06 AM com.jme3.bullet.objects.PhysicsRigidBody rebuildRigidBody
INFORMATION: Created 1f0c06d02c0.
Sept. 13, 2026 4:42:06 AM com.jme3.bullet.objects.PhysicsRigidBody rebuildRigidBody
INFORMATION: Created 1f0c06d1910.
Sept. 13, 2026 4:42:06 AM com.jme3.bullet.objects.PhysicsRigidBody rebuildRigidBody
INFORMATION: Created 1f0c06d1c40.
Sept. 13, 2026 4:42:06 AM com.jme3.bullet.objects.PhysicsRigidBody rebuildRigidBody
INFORMATION: Created 1f09e5ffdc0.
Sept. 13, 2026 4:42:06 AM com.jme3.bullet.objects.PhysicsRigidBody rebuildRigidBody
INFORMATION: Created 1f09e601740.
Sept. 13, 2026 4:42:06 AM com.jme3.bullet.objects.PhysicsRigidBody rebuildRigidBody
INFORMATION: Created 1f09e600db0.
Sept. 13, 2026 4:42:06 AM com.jme3.bullet.objects.PhysicsRigidBody rebuildRigidBody
INFORMATION: Created 1f09e6020d0.
Sept. 13, 2026 4:42:06 AM com.jme3.bullet.objects.PhysicsRigidBody rebuildRigidBody
INFORMATION: Created 1f09e602730.
Sept. 13, 2026 4:42:06 AM com.jme3.bullet.objects.PhysicsRigidBody rebuildRigidBody
INFORMATION: Created 1f09e5ff760.
Sept. 13, 2026 4:42:06 AM com.jme3.bullet.objects.PhysicsRigidBody rebuildRigidBody
INFORMATION: Created 1f09e6010e0.
Sept. 13, 2026 4:42:06 AM com.jme3.bullet.objects.PhysicsRigidBody rebuildRigidBody
INFORMATION: Created 1f09e601da0.
Sept. 13, 2026 4:42:06 AM com.jme3.bullet.objects.PhysicsRigidBody rebuildRigidBody
INFORMATION: Created 1f09e602400.
Sept. 13, 2026 4:42:06 AM com.jme3.bullet.objects.PhysicsRigidBody rebuildRigidBody
INFORMATION: Created 1f09e602a60.
Sept. 13, 2026 4:42:06 AM com.jme3.bullet.objects.PhysicsRigidBody rebuildRigidBody
INFORMATION: Created 1f09e5ff430.
Sept. 13, 2026 4:42:06 AM com.jme3.bullet.objects.PhysicsRigidBody rebuildRigidBody
INFORMATION: Created 1f09e602d90.
Sept. 13, 2026 4:42:06 AM com.jme3.bullet.objects.PhysicsRigidBody rebuildRigidBody
INFORMATION: Created 1f09e600750.
Sept. 13, 2026 4:42:06 AM com.jme3.bullet.objects.PhysicsRigidBody rebuildRigidBody
INFORMATION: Created 1f09e6030c0.
Sept. 13, 2026 4:42:06 AM com.jme3.bullet.objects.PhysicsRigidBody rebuildRigidBody
INFORMATION: Created 1f09e603720.
Sept. 13, 2026 4:42:06 AM com.jme3.bullet.objects.PhysicsRigidBody rebuildRigidBody
INFORMATION: Created 1f09e5ffa90.
Sept. 13, 2026 4:42:06 AM com.jme3.bullet.objects.PhysicsRigidBody rebuildRigidBody
INFORMATION: Created 1f09e603a50.
Sept. 13, 2026 4:42:06 AM com.jme3.bullet.objects.PhysicsRigidBody rebuildRigidBody
INFORMATION: Created 1f09e600a80.
Sept. 13, 2026 4:42:06 AM com.jme3.bullet.objects.PhysicsRigidBody rebuildRigidBody
INFORMATION: Created 1f09e603d80.
Sept. 13, 2026 4:42:06 AM com.jme3.bullet.objects.PhysicsRigidBody rebuildRigidBody
INFORMATION: Created 1f09e6000f0.
Sept. 13, 2026 4:42:06 AM com.jme3.bullet.objects.PhysicsRigidBody rebuildRigidBody
INFORMATION: Created 1f09e6040b0.
Sept. 13, 2026 4:42:06 AM com.jme3.bullet.objects.PhysicsRigidBody rebuildRigidBody
INFORMATION: Created 1f09e600420.
Sept. 13, 2026 4:42:06 AM com.jme3.bullet.objects.PhysicsRigidBody rebuildRigidBody
INFORMATION: Created 1f09e6043e0.
Sept. 13, 2026 4:42:06 AM com.jme3.bullet.objects.PhysicsRigidBody rebuildRigidBody
INFORMATION: Created 1f09e604710.
Sept. 13, 2026 4:42:06 AM com.jme3.bullet.objects.PhysicsRigidBody rebuildRigidBody
INFORMATION: Created 1f09e604a40.
Sept. 13, 2026 4:42:06 AM com.jme3.bullet.objects.PhysicsRigidBody rebuildRigidBody
INFORMATION: Created 1f09e604d70.
Sept. 13, 2026 4:42:06 AM com.jme3.bullet.objects.PhysicsRigidBody rebuildRigidBody
INFORMATION: Created 1f09e6050a0.
Sept. 13, 2026 4:42:06 AM com.jme3.bullet.objects.PhysicsRigidBody rebuildRigidBody
INFORMATION: Created 1f09e601410.
Sept. 13, 2026 4:42:06 AM com.jme3.bullet.objects.PhysicsRigidBody rebuildRigidBody
INFORMATION: Created 1f09e6053d0.
Sept. 13, 2026 4:42:06 AM com.jme3.bullet.objects.PhysicsRigidBody rebuildRigidBody
INFORMATION: Created 1f09e605700.
Sept. 13, 2026 4:42:06 AM com.jme3.bullet.objects.PhysicsRigidBody rebuildRigidBody
INFORMATION: Created 1f09e601a70.
Sept. 13, 2026 4:42:06 AM com.jme3.bullet.objects.PhysicsRigidBody rebuildRigidBody
INFORMATION: Created 1f09e607a10.
Sept. 13, 2026 4:42:06 AM com.jme3.bullet.objects.PhysicsRigidBody rebuildRigidBody
INFORMATION: Created 1f09e608070.
Sept. 13, 2026 4:42:06 AM com.jme3.bullet.objects.PhysicsRigidBody rebuildRigidBody
INFORMATION: Created 1f09e607080.
Sept. 13, 2026 4:42:06 AM com.jme3.bullet.objects.PhysicsRigidBody rebuildRigidBody
INFORMATION: Created 1f09e6083a0.
Sept. 13, 2026 4:42:06 AM com.jme3.bullet.objects.PhysicsRigidBody rebuildRigidBody
INFORMATION: Created 1f09e6086d0.
Sept. 13, 2026 4:42:06 AM com.jme3.bullet.objects.PhysicsRigidBody rebuildRigidBody
INFORMATION: Created 1f09e606d50.
Sept. 13, 2026 4:42:06 AM com.jme3.bullet.objects.PhysicsRigidBody rebuildRigidBody
INFORMATION: Created 1f09e607d40.
Sept. 13, 2026 4:42:06 AM com.jme3.bullet.objects.PhysicsRigidBody rebuildRigidBody
INFORMATION: Created 1f09e605a30.
Sept. 13, 2026 4:42:06 AM com.jme3.bullet.objects.PhysicsRigidBody rebuildRigidBody
INFORMATION: Created 1f09e6063c0.
Sept. 13, 2026 4:42:06 AM com.jme3.bullet.objects.PhysicsRigidBody rebuildRigidBody
INFORMATION: Created 1f09e606090.
Sept. 13, 2026 4:42:06 AM com.jme3.bullet.objects.PhysicsRigidBody rebuildRigidBody
INFORMATION: Created 1f09e6066f0.
Sept. 13, 2026 4:42:06 AM com.jme3.bullet.objects.PhysicsRigidBody rebuildRigidBody
INFORMATION: Created 1f09e6073b0.
Sept. 13, 2026 4:42:06 AM com.jme3.bullet.objects.PhysicsRigidBody rebuildRigidBody
INFORMATION: Created 1f09e6076e0.
Sept. 13, 2026 4:42:06 AM com.jme3.bullet.objects.PhysicsRigidBody rebuildRigidBody
INFORMATION: Created 1f09e609390.
Sept. 13, 2026 4:42:06 AM com.jme3.bullet.objects.PhysicsRigidBody rebuildRigidBody
INFORMATION: Created 1f09e606a20.
Sept. 13, 2026 4:42:06 AM com.jme3.bullet.objects.PhysicsRigidBody rebuildRigidBody
INFORMATION: Created 1f09e6099f0.
Sept. 13, 2026 4:42:06 AM com.jme3.bullet.objects.PhysicsRigidBody rebuildRigidBody
INFORMATION: Created 1f09e608a00.
Sept. 13, 2026 4:42:06 AM com.jme3.bullet.objects.PhysicsRigidBody rebuildRigidBody
INFORMATION: Created 1f09e608d30.
Sept. 13, 2026 4:42:06 AM com.jme3.bullet.objects.PhysicsRigidBody rebuildRigidBody
INFORMATION: Created 1f09e609060.
Sept. 13, 2026 4:42:06 AM com.jme3.bullet.objects.PhysicsRigidBody rebuildRigidBody
INFORMATION: Created 1f09e6096c0.
Sept. 13, 2026 4:42:06 AM com.jme3.bullet.objects.PhysicsRigidBody rebuildRigidBody
INFORMATION: Created 1f09e605d60.
Sept. 13, 2026 4:42:06 AM com.jme3.bullet.objects.PhysicsRigidBody rebuildRigidBody
INFORMATION: Created 1f09e60a6b0.
Sept. 13, 2026 4:42:06 AM com.jme3.bullet.objects.PhysicsRigidBody rebuildRigidBody
INFORMATION: Created 1f09e60a9e0.
Sept. 13, 2026 4:42:06 AM com.jme3.bullet.objects.PhysicsRigidBody rebuildRigidBody
INFORMATION: Created 1f09e609d20.
Sept. 13, 2026 4:42:06 AM com.jme3.bullet.objects.PhysicsRigidBody rebuildRigidBody
INFORMATION: Created 1f09e60a380.
Sept. 13, 2026 4:42:06 AM com.jme3.bullet.objects.PhysicsRigidBody rebuildRigidBody
INFORMATION: Created 1f09e60a050.
Sept. 13, 2026 4:42:06 AM com.jme3.bullet.objects.PhysicsRigidBody rebuildRigidBody
INFORMATION: Created 1f09e60ad10.
Sept. 13, 2026 4:42:06 AM com.jme3.bullet.objects.PhysicsRigidBody rebuildRigidBody
INFORMATION: Created 1f09e60b040.
Sept. 13, 2026 4:42:06 AM com.jme3.bullet.objects.PhysicsRigidBody rebuildRigidBody
INFORMATION: Created 1f09e60b370.
Sept. 13, 2026 4:42:06 AM com.jme3.bullet.objects.PhysicsRigidBody rebuildRigidBody
INFORMATION: Created 1f09e60bd00.
Sept. 13, 2026 4:42:06 AM com.jme3.bullet.objects.PhysicsRigidBody rebuildRigidBody
INFORMATION: Created 1f09e60b6a0.
Sept. 13, 2026 4:42:06 AM com.jme3.bullet.objects.PhysicsRigidBody rebuildRigidBody
INFORMATION: Created 1f09e60b9d0.
Sept. 13, 2026 4:42:06 AM com.jme3.bullet.objects.PhysicsRigidBody rebuildRigidBody
INFORMATION: Created 1f09e60c9c0.
Sept. 13, 2026 4:42:06 AM com.jme3.anim.SkinningControl controlRender
INFORMATION: Hardware skinning engaged for Scene (Node)
Sept. 13, 2026 4:42:06 AM com.jme3.anim.SkinningControl controlRender
INFORMATION: Hardware skinning engaged for Scene (Node)
Sept. 13, 2026 4:42:06 AM com.jme3.anim.SkinningControl controlRender
INFORMATION: Hardware skinning engaged for Scene (Node)
Sept. 13, 2026 4:42:06 AM com.jme3.anim.SkinningControl controlRender
INFORMATION: Hardware skinning engaged for Scene (Node)
Sept. 13, 2026 4:42:06 AM com.jme3.anim.SkinningControl controlRender
INFORMATION: Hardware skinning engaged for Scene (Node)
Sept. 13, 2026 4:42:06 AM com.jme3.anim.SkinningControl controlRender
INFORMATION: Hardware skinning engaged for Scene (Node)
Sept. 13, 2026 4:42:06 AM com.jme3.anim.SkinningControl controlRender
INFORMATION: Hardware skinning engaged for Scene (Node)
[SMOKE] stage 7
Sept. 13, 2026 4:42:08 AM com.jme3.bullet.objects.PhysicsRigidBody rebuildRigidBody
INFORMATION: Created 1f09e60e010.
Sept. 13, 2026 4:42:08 AM com.jme3.bullet.objects.PhysicsRigidBody rebuildRigidBody
INFORMATION: Created 1f09e60ccf0.
Sept. 13, 2026 4:42:08 AM com.jme3.bullet.objects.PhysicsRigidBody rebuildRigidBody
INFORMATION: Created 1f09e60d680.
Sept. 13, 2026 4:42:08 AM com.jme3.bullet.objects.PhysicsRigidBody rebuildRigidBody
INFORMATION: Created 1f09e60d020.
Sept. 13, 2026 4:42:08 AM com.jme3.bullet.objects.PhysicsRigidBody rebuildRigidBody
INFORMATION: Created 1f09e60e340.
Sept. 13, 2026 4:42:08 AM com.jme3.bullet.objects.PhysicsRigidBody rebuildRigidBody
INFORMATION: Created 1f09e60c030.
Sept. 13, 2026 4:42:08 AM com.jme3.bullet.objects.PhysicsRigidBody rebuildRigidBody
INFORMATION: Created 1f09e60d350.
Sept. 13, 2026 4:42:08 AM com.jme3.bullet.objects.PhysicsRigidBody rebuildRigidBody
INFORMATION: Created 1f09e60e670.
Sept. 13, 2026 4:42:08 AM com.jme3.bullet.objects.PhysicsRigidBody rebuildRigidBody
INFORMATION: Created 1f09e60d9b0.
Sept. 13, 2026 4:42:08 AM com.jme3.bullet.objects.PhysicsRigidBody rebuildRigidBody
INFORMATION: Created 1f09e60e9a0.
Sept. 13, 2026 4:42:08 AM com.jme3.bullet.objects.PhysicsRigidBody rebuildRigidBody
INFORMATION: Created 1f09e60f000.
Sept. 13, 2026 4:42:08 AM com.jme3.bullet.objects.PhysicsRigidBody rebuildRigidBody
INFORMATION: Created 1f09e60dce0.
Sept. 13, 2026 4:42:08 AM com.jme3.bullet.objects.PhysicsRigidBody rebuildRigidBody
INFORMATION: Created 1f09e60ecd0.
Sept. 13, 2026 4:42:08 AM com.jme3.bullet.objects.PhysicsRigidBody rebuildRigidBody
INFORMATION: Created 1f09e60c360.
Sept. 13, 2026 4:42:08 AM com.jme3.bullet.objects.PhysicsRigidBody rebuildRigidBody
INFORMATION: Created 1f09e60c690.
Sept. 13, 2026 4:42:08 AM com.jme3.bullet.objects.PhysicsRigidBody rebuildRigidBody
INFORMATION: Created 1f0a76dfa00.
Sept. 13, 2026 4:42:08 AM com.jme3.bullet.objects.PhysicsRigidBody rebuildRigidBody
INFORMATION: Created 1f0a76e2040.
Sept. 13, 2026 4:42:08 AM com.jme3.bullet.objects.PhysicsRigidBody rebuildRigidBody
INFORMATION: Created 1f0a76e0390.
Sept. 13, 2026 4:42:08 AM com.jme3.bullet.objects.PhysicsRigidBody rebuildRigidBody
INFORMATION: Created 1f0a76df6d0.
Sept. 13, 2026 4:42:08 AM com.jme3.bullet.objects.PhysicsRigidBody rebuildRigidBody
INFORMATION: Created 1f0a76e19e0.
Sept. 13, 2026 4:42:08 AM com.jme3.bullet.objects.PhysicsRigidBody rebuildRigidBody
INFORMATION: Created 1f0a76e0d20.
Sept. 13, 2026 4:42:08 AM com.jme3.bullet.objects.PhysicsRigidBody rebuildRigidBody
INFORMATION: Created 1f0a76e29d0.
Sept. 13, 2026 4:42:08 AM com.jme3.bullet.objects.PhysicsRigidBody rebuildRigidBody
INFORMATION: Created 1f0a76dfd30.
Sept. 13, 2026 4:42:08 AM com.jme3.bullet.objects.PhysicsRigidBody rebuildRigidBody
INFORMATION: Created 1f0a76e26a0.
Sept. 13, 2026 4:42:08 AM com.jme3.bullet.objects.PhysicsRigidBody rebuildRigidBody
INFORMATION: Created 1f0a76e0060.
Sept. 13, 2026 4:42:08 AM com.jme3.bullet.objects.PhysicsRigidBody rebuildRigidBody
INFORMATION: Created 1f0a76df3a0.
Sept. 13, 2026 4:42:08 AM com.jme3.bullet.objects.PhysicsRigidBody rebuildRigidBody
INFORMATION: Created 1f0a76e1d10.
Sept. 13, 2026 4:42:08 AM com.jme3.bullet.objects.PhysicsRigidBody rebuildRigidBody
INFORMATION: Created 1f0a76e09f0.
Sept. 13, 2026 4:42:08 AM com.jme3.bullet.objects.PhysicsRigidBody rebuildRigidBody
INFORMATION: Created 1f0a76e16b0.
Sept. 13, 2026 4:42:08 AM com.jme3.bullet.objects.PhysicsRigidBody rebuildRigidBody
INFORMATION: Created 1f0a76e2d00.
Sept. 13, 2026 4:42:08 AM com.jme3.bullet.objects.PhysicsRigidBody rebuildRigidBody
INFORMATION: Created 1f0a76e2370.
Sept. 13, 2026 4:42:08 AM com.jme3.bullet.objects.PhysicsRigidBody rebuildRigidBody
INFORMATION: Created 1f0a76e06c0.
Sept. 13, 2026 4:42:08 AM com.jme3.bullet.objects.PhysicsRigidBody rebuildRigidBody
INFORMATION: Created 1f0a76e1380.
Sept. 13, 2026 4:42:08 AM com.jme3.bullet.objects.PhysicsRigidBody rebuildRigidBody
INFORMATION: Created 1f0a76e1050.
Sept. 13, 2026 4:42:08 AM com.jme3.bullet.objects.PhysicsRigidBody rebuildRigidBody
INFORMATION: Created 1f0a76df070.
Sept. 13, 2026 4:42:08 AM com.jme3.bullet.objects.PhysicsRigidBody rebuildRigidBody
INFORMATION: Created 1f0a76e6cc0.
Sept. 13, 2026 4:42:08 AM com.jme3.bullet.objects.PhysicsRigidBody rebuildRigidBody
INFORMATION: Created 1f0a76e59a0.
Sept. 13, 2026 4:42:08 AM com.jme3.bullet.objects.PhysicsRigidBody rebuildRigidBody
INFORMATION: Created 1f0a76e5cd0.
Sept. 13, 2026 4:42:08 AM com.jme3.bullet.objects.PhysicsRigidBody rebuildRigidBody
INFORMATION: Created 1f0a76e5010.
Sept. 13, 2026 4:42:08 AM com.jme3.bullet.objects.PhysicsRigidBody rebuildRigidBody
INFORMATION: Created 1f0a76e3cf0.
Sept. 13, 2026 4:42:08 AM com.jme3.bullet.objects.PhysicsRigidBody rebuildRigidBody
INFORMATION: Created 1f0a76e49b0.
Sept. 13, 2026 4:42:08 AM com.jme3.bullet.objects.PhysicsRigidBody rebuildRigidBody
INFORMATION: Created 1f0a76e4350.
Sept. 13, 2026 4:42:08 AM com.jme3.bullet.objects.PhysicsRigidBody rebuildRigidBody
INFORMATION: Created 1f0a76e6000.
Sept. 13, 2026 4:42:08 AM com.jme3.bullet.objects.PhysicsRigidBody rebuildRigidBody
INFORMATION: Created 1f0a76e3360.
Sept. 13, 2026 4:42:08 AM com.jme3.bullet.objects.PhysicsRigidBody rebuildRigidBody
INFORMATION: Created 1f0a76e6330.
Sept. 13, 2026 4:42:08 AM com.jme3.bullet.objects.PhysicsRigidBody rebuildRigidBody
INFORMATION: Created 1f0a76e39c0.
Sept. 13, 2026 4:42:08 AM com.jme3.bullet.objects.PhysicsRigidBody rebuildRigidBody
INFORMATION: Created 1f0a76e6660.
Sept. 13, 2026 4:42:08 AM com.jme3.bullet.objects.PhysicsRigidBody rebuildRigidBody
INFORMATION: Created 1f0a76e4020.
Sept. 13, 2026 4:42:08 AM com.jme3.bullet.objects.PhysicsRigidBody rebuildRigidBody
INFORMATION: Created 1f0a76e6990.
Sept. 13, 2026 4:42:08 AM com.jme3.bullet.objects.PhysicsRigidBody rebuildRigidBody
INFORMATION: Created 1f0a76e3030.
Sept. 13, 2026 4:42:08 AM com.jme3.bullet.objects.PhysicsRigidBody rebuildRigidBody
INFORMATION: Created 1f0a76e3690.
Sept. 13, 2026 4:42:08 AM com.jme3.bullet.objects.PhysicsRigidBody rebuildRigidBody
INFORMATION: Created 1f0a76e4680.
Sept. 13, 2026 4:42:08 AM com.jme3.bullet.objects.PhysicsRigidBody rebuildRigidBody
INFORMATION: Created 1f0a76e4ce0.
Sept. 13, 2026 4:42:08 AM com.jme3.bullet.objects.PhysicsRigidBody rebuildRigidBody
INFORMATION: Created 1f0a76e5340.
Sept. 13, 2026 4:42:08 AM com.jme3.bullet.objects.PhysicsRigidBody rebuildRigidBody
INFORMATION: Created 1f0a76e5670.
Sept. 13, 2026 4:42:08 AM com.jme3.bullet.objects.PhysicsRigidBody rebuildRigidBody
INFORMATION: Created 1f0a732d530.
Sept. 13, 2026 4:42:08 AM com.jme3.bullet.objects.PhysicsRigidBody rebuildRigidBody
INFORMATION: Created 1f0a732dec0.
Sept. 13, 2026 4:42:08 AM com.jme3.bullet.objects.PhysicsRigidBody rebuildRigidBody
INFORMATION: Created 1f0a732e520.
Sept. 13, 2026 4:42:08 AM com.jme3.bullet.objects.PhysicsRigidBody rebuildRigidBody
INFORMATION: Created 1f0a732eb80.
Sept. 13, 2026 4:42:08 AM com.jme3.bullet.objects.PhysicsRigidBody rebuildRigidBody
INFORMATION: Created 1f0a732e1f0.
Sept. 13, 2026 4:42:08 AM com.jme3.bullet.objects.PhysicsRigidBody rebuildRigidBody
INFORMATION: Created 1f0a732d200.
Sept. 13, 2026 4:42:08 AM com.jme3.bullet.objects.PhysicsRigidBody rebuildRigidBody
INFORMATION: Created 1f0a732e850.
Sept. 13, 2026 4:42:08 AM com.jme3.bullet.objects.PhysicsRigidBody rebuildRigidBody
INFORMATION: Created 1f0a732c540.
Sept. 13, 2026 4:42:08 AM com.jme3.bullet.objects.PhysicsRigidBody rebuildRigidBody
INFORMATION: Created 1f0a732f840.
Sept. 13, 2026 4:42:08 AM com.jme3.bullet.objects.PhysicsRigidBody rebuildRigidBody
INFORMATION: Created 1f0a732d860.
Sept. 13, 2026 4:42:08 AM com.jme3.bullet.objects.PhysicsRigidBody rebuildRigidBody
INFORMATION: Created 1f0a732eeb0.
Sept. 13, 2026 4:42:08 AM com.jme3.bullet.objects.PhysicsRigidBody rebuildRigidBody
INFORMATION: Created 1f0a732db90.
Sept. 13, 2026 4:42:08 AM com.jme3.bullet.objects.PhysicsRigidBody rebuildRigidBody
INFORMATION: Created 1f0a732f1e0.
Sept. 13, 2026 4:42:08 AM com.jme3.bullet.objects.PhysicsRigidBody rebuildRigidBody
INFORMATION: Created 1f0a732f510.
Sept. 13, 2026 4:42:08 AM com.jme3.bullet.objects.PhysicsRigidBody rebuildRigidBody
INFORMATION: Created 1f0a732fb70.
Sept. 13, 2026 4:42:08 AM com.jme3.bullet.objects.PhysicsRigidBody rebuildRigidBody
INFORMATION: Created 1f0a732bee0.
Sept. 13, 2026 4:42:08 AM com.jme3.bullet.objects.PhysicsRigidBody rebuildRigidBody
INFORMATION: Created 1f0a732fea0.
Sept. 13, 2026 4:42:08 AM com.jme3.bullet.objects.PhysicsRigidBody rebuildRigidBody
INFORMATION: Created 1f0a732c210.
Sept. 13, 2026 4:42:08 AM com.jme3.bullet.objects.PhysicsRigidBody rebuildRigidBody
INFORMATION: Created 1f0a73301d0.
Sept. 13, 2026 4:42:08 AM com.jme3.bullet.objects.PhysicsRigidBody rebuildRigidBody
INFORMATION: Created 1f0a7330500.
Sept. 13, 2026 4:42:08 AM com.jme3.bullet.objects.PhysicsRigidBody rebuildRigidBody
INFORMATION: Created 1f0a732c870.
Sept. 13, 2026 4:42:08 AM com.jme3.bullet.objects.PhysicsRigidBody rebuildRigidBody
INFORMATION: Created 1f0a7330830.
Sept. 13, 2026 4:42:08 AM com.jme3.bullet.objects.PhysicsRigidBody rebuildRigidBody
INFORMATION: Created 1f0a732cba0.
Sept. 13, 2026 4:42:08 AM com.jme3.bullet.objects.PhysicsRigidBody rebuildRigidBody
INFORMATION: Created 1f0a7330b60.
Sept. 13, 2026 4:42:08 AM com.jme3.bullet.objects.PhysicsRigidBody rebuildRigidBody
INFORMATION: Created 1f0a732ced0.
Sept. 13, 2026 4:42:08 AM com.jme3.bullet.objects.PhysicsRigidBody rebuildRigidBody
INFORMATION: Created 1f0a7332b40.
Sept. 13, 2026 4:42:08 AM com.jme3.bullet.objects.PhysicsRigidBody rebuildRigidBody
INFORMATION: Created 1f0a7332810.
Sept. 13, 2026 4:42:08 AM com.jme3.bullet.objects.PhysicsRigidBody rebuildRigidBody
INFORMATION: Created 1f0a7331e80.
Sept. 13, 2026 4:42:08 AM com.jme3.bullet.objects.PhysicsRigidBody rebuildRigidBody
INFORMATION: Created 1f0a73334d0.
Sept. 13, 2026 4:42:08 AM com.jme3.bullet.objects.PhysicsRigidBody rebuildRigidBody
INFORMATION: Created 1f0a73311c0.
Sept. 13, 2026 4:42:08 AM com.jme3.bullet.objects.PhysicsRigidBody rebuildRigidBody
INFORMATION: Created 1f0a73324e0.
Sept. 13, 2026 4:42:08 AM com.jme3.bullet.objects.PhysicsRigidBody rebuildRigidBody
INFORMATION: Created 1f0a73314f0.
Sept. 13, 2026 4:42:08 AM com.jme3.bullet.objects.PhysicsRigidBody rebuildRigidBody
INFORMATION: Created 1f0a7331b50.
Sept. 13, 2026 4:42:08 AM com.jme3.bullet.objects.PhysicsRigidBody rebuildRigidBody
INFORMATION: Created 1f0a73321b0.
Sept. 13, 2026 4:42:08 AM com.jme3.bullet.objects.PhysicsRigidBody rebuildRigidBody
INFORMATION: Created 1f0a7332e70.
Sept. 13, 2026 4:42:08 AM com.jme3.bullet.objects.PhysicsRigidBody rebuildRigidBody
INFORMATION: Created 1f0a7333800.
Sept. 13, 2026 4:42:08 AM com.jme3.bullet.objects.PhysicsRigidBody rebuildRigidBody
INFORMATION: Created 1f0a7331820.
Sept. 13, 2026 4:42:08 AM com.jme3.bullet.objects.PhysicsRigidBody rebuildRigidBody
INFORMATION: Created 1f0a73331a0.
Sept. 13, 2026 4:42:08 AM com.jme3.bullet.objects.PhysicsRigidBody rebuildRigidBody
INFORMATION: Created 1f0a7333b30.
Sept. 13, 2026 4:42:08 AM com.jme3.bullet.objects.PhysicsRigidBody rebuildRigidBody
INFORMATION: Created 1f0a7333e60.
Sept. 13, 2026 4:42:08 AM com.jme3.bullet.objects.PhysicsRigidBody rebuildRigidBody
INFORMATION: Created 1f0a7334190.
Sept. 13, 2026 4:42:08 AM com.jme3.bullet.objects.PhysicsRigidBody rebuildRigidBody
INFORMATION: Created 1f0a7330e90.
Sept. 13, 2026 4:42:08 AM com.jme3.bullet.objects.PhysicsRigidBody rebuildRigidBody
INFORMATION: Created 1f0a7336e30.
Sept. 13, 2026 4:42:08 AM com.jme3.bullet.objects.PhysicsRigidBody rebuildRigidBody
INFORMATION: Created 1f0a73357e0.
Sept. 13, 2026 4:42:08 AM com.jme3.bullet.objects.PhysicsRigidBody rebuildRigidBody
INFORMATION: Created 1f0a73354b0.
Sept. 13, 2026 4:42:08 AM com.jme3.bullet.objects.PhysicsRigidBody rebuildRigidBody
INFORMATION: Created 1f0a7338150.
Sept. 13, 2026 4:42:08 AM com.jme3.bullet.objects.PhysicsRigidBody rebuildRigidBody
INFORMATION: Created 1f0a7336b00.
Sept. 13, 2026 4:42:08 AM com.jme3.bullet.objects.PhysicsRigidBody rebuildRigidBody
INFORMATION: Created 1f0a7335180.
Sept. 13, 2026 4:42:08 AM com.jme3.bullet.objects.PhysicsRigidBody rebuildRigidBody
INFORMATION: Created 1f0a7337af0.
Sept. 13, 2026 4:42:08 AM com.jme3.bullet.objects.PhysicsRigidBody rebuildRigidBody
INFORMATION: Created 1f0a7336170.
Sept. 13, 2026 4:42:08 AM com.jme3.bullet.objects.PhysicsRigidBody rebuildRigidBody
INFORMATION: Created 1f0a73344c0.
Sept. 13, 2026 4:42:08 AM com.jme3.bullet.objects.PhysicsRigidBody rebuildRigidBody
INFORMATION: Created 1f0a7334e50.
Sept. 13, 2026 4:42:08 AM com.jme3.bullet.objects.PhysicsRigidBody rebuildRigidBody
INFORMATION: Created 1f0a7337160.
Sept. 13, 2026 4:42:08 AM com.jme3.bullet.objects.PhysicsRigidBody rebuildRigidBody
INFORMATION: Created 1f0a7335b10.
Sept. 13, 2026 4:42:08 AM com.jme3.bullet.objects.PhysicsRigidBody rebuildRigidBody
INFORMATION: Created 1f0a7335e40.
Sept. 13, 2026 4:42:08 AM com.jme3.bullet.objects.PhysicsRigidBody rebuildRigidBody
INFORMATION: Created 1f0a73364a0.
Sept. 13, 2026 4:42:08 AM com.jme3.bullet.objects.PhysicsRigidBody rebuildRigidBody
INFORMATION: Created 1f0a7337e20.
Sept. 13, 2026 4:42:08 AM com.jme3.bullet.objects.PhysicsRigidBody rebuildRigidBody
INFORMATION: Created 1f0a7337490.
Sept. 13, 2026 4:42:08 AM com.jme3.bullet.objects.PhysicsRigidBody rebuildRigidBody
INFORMATION: Created 1f0a7338480.
Sept. 13, 2026 4:42:08 AM com.jme3.bullet.objects.PhysicsRigidBody rebuildRigidBody
INFORMATION: Created 1f0a7334b20.
Sept. 13, 2026 4:42:08 AM com.jme3.bullet.objects.PhysicsRigidBody rebuildRigidBody
INFORMATION: Created 1f0a73367d0.
Sept. 13, 2026 4:42:08 AM com.jme3.bullet.objects.PhysicsRigidBody rebuildRigidBody
INFORMATION: Created 1f0a73377c0.
Sept. 13, 2026 4:42:08 AM com.jme3.bullet.objects.PhysicsRigidBody rebuildRigidBody
INFORMATION: Created 1f0a73347f0.
Sept. 13, 2026 4:42:08 AM com.jme3.bullet.objects.PhysicsRigidBody rebuildRigidBody
INFORMATION: Created 1f0a73387b0.
Sept. 13, 2026 4:42:08 AM com.jme3.bullet.objects.PhysicsRigidBody rebuildRigidBody
INFORMATION: Created 1f0a733a130.
Sept. 13, 2026 4:42:08 AM com.jme3.bullet.objects.PhysicsRigidBody rebuildRigidBody
INFORMATION: Created 1f0a733bab0.
Sept. 13, 2026 4:42:08 AM com.jme3.bullet.objects.PhysicsRigidBody rebuildRigidBody
INFORMATION: Created 1f0a7339470.
Sept. 13, 2026 4:42:08 AM com.jme3.bullet.objects.PhysicsRigidBody rebuildRigidBody
INFORMATION: Created 1f0a733adf0.
Sept. 13, 2026 4:42:08 AM com.jme3.bullet.objects.PhysicsRigidBody rebuildRigidBody
INFORMATION: Created 1f0a733a460.
Sept. 13, 2026 4:42:08 AM com.jme3.bullet.objects.PhysicsRigidBody rebuildRigidBody
INFORMATION: Created 1f0a733b780.
Sept. 13, 2026 4:42:08 AM com.jme3.bullet.objects.PhysicsRigidBody rebuildRigidBody
INFORMATION: Created 1f0a733a790.
Sept. 13, 2026 4:42:08 AM com.jme3.bullet.objects.PhysicsRigidBody rebuildRigidBody
INFORMATION: Created 1f0a733aac0.
Sept. 13, 2026 4:42:08 AM com.jme3.bullet.objects.PhysicsRigidBody rebuildRigidBody
INFORMATION: Created 1f0a733b450.
Sept. 13, 2026 4:42:08 AM com.jme3.bullet.objects.PhysicsRigidBody rebuildRigidBody
INFORMATION: Created 1f0a73397a0.
Sept. 13, 2026 4:42:08 AM com.jme3.bullet.objects.PhysicsRigidBody rebuildRigidBody
INFORMATION: Created 1f0a7339ad0.
Sept. 13, 2026 4:42:08 AM com.jme3.bullet.objects.PhysicsRigidBody rebuildRigidBody
INFORMATION: Created 1f0a733b120.
Sept. 13, 2026 4:42:08 AM com.jme3.bullet.objects.PhysicsRigidBody rebuildRigidBody
INFORMATION: Created 1f0a7339e00.
Sept. 13, 2026 4:42:08 AM com.jme3.bullet.objects.PhysicsRigidBody rebuildRigidBody
INFORMATION: Created 1f0a7338ae0.
Sept. 13, 2026 4:42:08 AM com.jme3.bullet.objects.PhysicsRigidBody rebuildRigidBody
INFORMATION: Created 1f0a7338e10.
Sept. 13, 2026 4:42:08 AM com.jme3.bullet.objects.PhysicsRigidBody rebuildRigidBody
INFORMATION: Created 1f0a7339140.
Sept. 13, 2026 4:42:08 AM com.jme3.bullet.objects.PhysicsRigidBody rebuildRigidBody
INFORMATION: Created 1f0a37c1ae0.
Sept. 13, 2026 4:42:09 AM com.jme3.anim.SkinningControl controlRender
INFORMATION: Hardware skinning engaged for Scene (Node)
Sept. 13, 2026 4:42:09 AM com.jme3.anim.SkinningControl controlRender
INFORMATION: Hardware skinning engaged for Scene (Node)
Sept. 13, 2026 4:42:09 AM com.jme3.anim.SkinningControl controlRender
INFORMATION: Hardware skinning engaged for Scene (Node)
Sept. 13, 2026 4:42:09 AM com.jme3.anim.SkinningControl controlRender
INFORMATION: Hardware skinning engaged for Scene (Node)
Sept. 13, 2026 4:42:09 AM com.jme3.anim.SkinningControl controlRender
INFORMATION: Hardware skinning engaged for Scene (Node)
Sept. 13, 2026 4:42:09 AM com.jme3.anim.SkinningControl controlRender
INFORMATION: Hardware skinning engaged for Scene (Node)
Sept. 13, 2026 4:42:09 AM com.jme3.anim.SkinningControl controlRender
INFORMATION: Hardware skinning engaged for Scene (Node)
[SMOKE] stage 8
Sept. 13, 2026 4:42:11 AM com.jme3.bullet.objects.PhysicsRigidBody rebuildRigidBody
INFORMATION: Created 1f0a37c1480.
Sept. 13, 2026 4:42:11 AM com.jme3.bullet.objects.PhysicsRigidBody rebuildRigidBody
INFORMATION: Created 1f0a37c0e20.
Sept. 13, 2026 4:42:11 AM com.jme3.bullet.objects.PhysicsRigidBody rebuildRigidBody
INFORMATION: Created 1f0a37c1e10.
Sept. 13, 2026 4:42:11 AM com.jme3.bullet.objects.PhysicsRigidBody rebuildRigidBody
INFORMATION: Created 1f0a37c17b0.
Sept. 13, 2026 4:42:11 AM com.jme3.bullet.objects.PhysicsRigidBody rebuildRigidBody
INFORMATION: Created 1f0a37c2470.
Sept. 13, 2026 4:42:11 AM com.jme3.bullet.objects.PhysicsRigidBody rebuildRigidBody
INFORMATION: Created 1f0a37bee40.
Sept. 13, 2026 4:42:11 AM com.jme3.bullet.objects.PhysicsRigidBody rebuildRigidBody
INFORMATION: Created 1f0a37c1150.
Sept. 13, 2026 4:42:11 AM com.jme3.bullet.objects.PhysicsRigidBody rebuildRigidBody
INFORMATION: Created 1f0a37beb10.
Sept. 13, 2026 4:42:11 AM com.jme3.bullet.objects.PhysicsRigidBody rebuildRigidBody
INFORMATION: Created 1f0a37c27a0.
Sept. 13, 2026 4:42:11 AM com.jme3.bullet.objects.PhysicsRigidBody rebuildRigidBody
INFORMATION: Created 1f0a37bf4a0.
Sept. 13, 2026 4:42:11 AM com.jme3.bullet.objects.PhysicsRigidBody rebuildRigidBody
INFORMATION: Created 1f0a37c07c0.
Sept. 13, 2026 4:42:11 AM com.jme3.bullet.objects.PhysicsRigidBody rebuildRigidBody
INFORMATION: Created 1f0a37c0160.
Sept. 13, 2026 4:42:11 AM com.jme3.bullet.objects.PhysicsRigidBody rebuildRigidBody
INFORMATION: Created 1f0a37bf170.
Sept. 13, 2026 4:42:11 AM com.jme3.bullet.objects.PhysicsRigidBody rebuildRigidBody
INFORMATION: Created 1f0a37c2ad0.
Sept. 13, 2026 4:42:11 AM com.jme3.bullet.objects.PhysicsRigidBody rebuildRigidBody
INFORMATION: Created 1f0a37c2e00.
Sept. 13, 2026 4:42:11 AM com.jme3.bullet.objects.PhysicsRigidBody rebuildRigidBody
INFORMATION: Created 1f0a37c3130.
Sept. 13, 2026 4:42:11 AM com.jme3.bullet.objects.PhysicsRigidBody rebuildRigidBody
INFORMATION: Created 1f0a37bfe30.
Sept. 13, 2026 4:42:11 AM com.jme3.bullet.objects.PhysicsRigidBody rebuildRigidBody
INFORMATION: Created 1f0a37c3460.
Sept. 13, 2026 4:42:11 AM com.jme3.bullet.objects.PhysicsRigidBody rebuildRigidBody
INFORMATION: Created 1f0a37bf7d0.
Sept. 13, 2026 4:42:11 AM com.jme3.bullet.objects.PhysicsRigidBody rebuildRigidBody
INFORMATION: Created 1f0a37c3790.
Sept. 13, 2026 4:42:11 AM com.jme3.bullet.objects.PhysicsRigidBody rebuildRigidBody
INFORMATION: Created 1f0a37bfb00.
Sept. 13, 2026 4:42:11 AM com.jme3.bullet.objects.PhysicsRigidBody rebuildRigidBody
INFORMATION: Created 1f0a37c0af0.
Sept. 13, 2026 4:42:11 AM com.jme3.bullet.objects.PhysicsRigidBody rebuildRigidBody
INFORMATION: Created 1f0a37c3ac0.
Sept. 13, 2026 4:42:11 AM com.jme3.bullet.objects.PhysicsRigidBody rebuildRigidBody
INFORMATION: Created 1f0a37c3df0.
Sept. 13, 2026 4:42:11 AM com.jme3.bullet.objects.PhysicsRigidBody rebuildRigidBody
INFORMATION: Created 1f0a37c4120.
Sept. 13, 2026 4:42:11 AM com.jme3.bullet.objects.PhysicsRigidBody rebuildRigidBody
INFORMATION: Created 1f0a37c0490.
Sept. 13, 2026 4:42:11 AM com.jme3.bullet.objects.PhysicsRigidBody rebuildRigidBody
INFORMATION: Created 1f0a37c7db0.
Sept. 13, 2026 4:42:11 AM com.jme3.bullet.objects.PhysicsRigidBody rebuildRigidBody
INFORMATION: Created 1f0a37c80e0.
Sept. 13, 2026 4:42:11 AM com.jme3.bullet.objects.PhysicsRigidBody rebuildRigidBody
INFORMATION: Created 1f0a37c7750.
Sept. 13, 2026 4:42:11 AM com.jme3.bullet.objects.PhysicsRigidBody rebuildRigidBody
INFORMATION: Created 1f0a37c5440.
Sept. 13, 2026 4:42:11 AM com.jme3.bullet.objects.PhysicsRigidBody rebuildRigidBody
INFORMATION: Created 1f0a37c4ab0.
Sept. 13, 2026 4:42:11 AM com.jme3.bullet.objects.PhysicsRigidBody rebuildRigidBody
INFORMATION: Created 1f0a37c70f0.
Sept. 13, 2026 4:42:11 AM com.jme3.bullet.objects.PhysicsRigidBody rebuildRigidBody
INFORMATION: Created 1f0a37c4450.
Sept. 13, 2026 4:42:11 AM com.jme3.bullet.objects.PhysicsRigidBody rebuildRigidBody
INFORMATION: Created 1f0a37c6430.
Sept. 13, 2026 4:42:11 AM com.jme3.bullet.objects.PhysicsRigidBody rebuildRigidBody
INFORMATION: Created 1f0a37c4de0.
Sept. 13, 2026 4:42:11 AM com.jme3.bullet.objects.PhysicsRigidBody rebuildRigidBody
INFORMATION: Created 1f0a37c6100.
Sept. 13, 2026 4:42:11 AM com.jme3.bullet.objects.PhysicsRigidBody rebuildRigidBody
INFORMATION: Created 1f0a37c5110.
Sept. 13, 2026 4:42:11 AM com.jme3.bullet.objects.PhysicsRigidBody rebuildRigidBody
INFORMATION: Created 1f0a37c6a90.
Sept. 13, 2026 4:42:11 AM com.jme3.bullet.objects.PhysicsRigidBody rebuildRigidBody
INFORMATION: Created 1f0a37c5dd0.
Sept. 13, 2026 4:42:11 AM com.jme3.bullet.objects.PhysicsRigidBody rebuildRigidBody
INFORMATION: Created 1f0a37c6760.
Sept. 13, 2026 4:42:11 AM com.jme3.bullet.objects.PhysicsRigidBody rebuildRigidBody
INFORMATION: Created 1f0a37c8410.
Sept. 13, 2026 4:42:11 AM com.jme3.bullet.objects.PhysicsRigidBody rebuildRigidBody
INFORMATION: Created 1f0a37c4780.
Sept. 13, 2026 4:42:11 AM com.jme3.bullet.objects.PhysicsRigidBody rebuildRigidBody
INFORMATION: Created 1f0a37c7420.
Sept. 13, 2026 4:42:11 AM com.jme3.bullet.objects.PhysicsRigidBody rebuildRigidBody
INFORMATION: Created 1f0a37c7a80.
Sept. 13, 2026 4:42:11 AM com.jme3.bullet.objects.PhysicsRigidBody rebuildRigidBody
INFORMATION: Created 1f0a37c8740.
Sept. 13, 2026 4:42:11 AM com.jme3.bullet.objects.PhysicsRigidBody rebuildRigidBody
INFORMATION: Created 1f0a37c5aa0.
Sept. 13, 2026 4:42:11 AM com.jme3.bullet.objects.PhysicsRigidBody rebuildRigidBody
INFORMATION: Created 1f0a37c90d0.
Sept. 13, 2026 4:42:11 AM com.jme3.bullet.objects.PhysicsRigidBody rebuildRigidBody
INFORMATION: Created 1f0a37c8a70.
Sept. 13, 2026 4:42:11 AM com.jme3.bullet.objects.PhysicsRigidBody rebuildRigidBody
INFORMATION: Created 1f0a37c6dc0.
Sept. 13, 2026 4:42:11 AM com.jme3.bullet.objects.PhysicsRigidBody rebuildRigidBody
INFORMATION: Created 1f0a37c8da0.
Sept. 13, 2026 4:42:11 AM com.jme3.bullet.objects.PhysicsRigidBody rebuildRigidBody
INFORMATION: Created 1f0a37c9400.
Sept. 13, 2026 4:42:11 AM com.jme3.bullet.objects.PhysicsRigidBody rebuildRigidBody
INFORMATION: Created 1f0a37c5770.
Sept. 13, 2026 4:42:11 AM com.jme3.bullet.objects.PhysicsRigidBody rebuildRigidBody
INFORMATION: Created 1f0a37c9730.
Sept. 13, 2026 4:42:11 AM com.jme3.bullet.objects.PhysicsRigidBody rebuildRigidBody
INFORMATION: Created 1f0a37c9a60.
Sept. 13, 2026 4:42:11 AM com.jme3.bullet.objects.PhysicsRigidBody rebuildRigidBody
INFORMATION: Created 1f0a37c9d90.
Sept. 13, 2026 4:42:11 AM com.jme3.bullet.objects.PhysicsRigidBody rebuildRigidBody
INFORMATION: Created 1f0a37ca0c0.
Sept. 13, 2026 4:42:11 AM com.jme3.bullet.objects.PhysicsRigidBody rebuildRigidBody
INFORMATION: Created 1f0a37ca3f0.
Sept. 13, 2026 4:42:11 AM com.jme3.bullet.objects.PhysicsRigidBody rebuildRigidBody
INFORMATION: Created 1f0a37ca720.
Sept. 13, 2026 4:42:11 AM com.jme3.bullet.objects.PhysicsRigidBody rebuildRigidBody
INFORMATION: Created 1f0a37caa50.
Sept. 13, 2026 4:42:11 AM com.jme3.bullet.objects.PhysicsRigidBody rebuildRigidBody
INFORMATION: Created 1f0a37cad80.
Sept. 13, 2026 4:42:11 AM com.jme3.bullet.objects.PhysicsRigidBody rebuildRigidBody
INFORMATION: Created 1f0a37cb0b0.
Sept. 13, 2026 4:42:11 AM com.jme3.bullet.objects.PhysicsRigidBody rebuildRigidBody
INFORMATION: Created 1f0a37cb3e0.
Sept. 13, 2026 4:42:11 AM com.jme3.bullet.objects.PhysicsRigidBody rebuildRigidBody
INFORMATION: Created 1f0a37cc0a0.
Sept. 13, 2026 4:42:11 AM com.jme3.bullet.objects.PhysicsRigidBody rebuildRigidBody
INFORMATION: Created 1f0a37cf070.
Sept. 13, 2026 4:42:11 AM com.jme3.bullet.objects.PhysicsRigidBody rebuildRigidBody
INFORMATION: Created 1f0a37cc700.
Sept. 13, 2026 4:42:11 AM com.jme3.bullet.objects.PhysicsRigidBody rebuildRigidBody
INFORMATION: Created 1f0a37ce3b0.
Sept. 13, 2026 4:42:11 AM com.jme3.bullet.objects.PhysicsRigidBody rebuildRigidBody
INFORMATION: Created 1f0a37cea10.
Sept. 13, 2026 4:42:11 AM com.jme3.bullet.objects.PhysicsRigidBody rebuildRigidBody
INFORMATION: Created 1f0a37ccd60.
Sept. 13, 2026 4:42:11 AM com.jme3.bullet.objects.PhysicsRigidBody rebuildRigidBody
INFORMATION: Created 1f0a37ced40.
Sept. 13, 2026 4:42:11 AM com.jme3.bullet.objects.PhysicsRigidBody rebuildRigidBody
INFORMATION: Created 1f0a37cc3d0.
Sept. 13, 2026 4:42:11 AM com.jme3.bullet.objects.PhysicsRigidBody rebuildRigidBody
INFORMATION: Created 1f0a37cf3a0.
Sept. 13, 2026 4:42:11 AM com.jme3.bullet.objects.PhysicsRigidBody rebuildRigidBody
INFORMATION: Created 1f0a37cdd50.
Sept. 13, 2026 4:42:11 AM com.jme3.bullet.objects.PhysicsRigidBody rebuildRigidBody
INFORMATION: Created 1f0a37cd6f0.
Sept. 13, 2026 4:42:11 AM com.jme3.bullet.objects.PhysicsRigidBody rebuildRigidBody
INFORMATION: Created 1f0a37cbd70.
Sept. 13, 2026 4:42:11 AM com.jme3.bullet.objects.PhysicsRigidBody rebuildRigidBody
INFORMATION: Created 1f0a37cba40.
Sept. 13, 2026 4:42:11 AM com.jme3.bullet.objects.PhysicsRigidBody rebuildRigidBody
INFORMATION: Created 1f0a37ce080.
Sept. 13, 2026 4:42:11 AM com.jme3.bullet.objects.PhysicsRigidBody rebuildRigidBody
INFORMATION: Created 1f0a37cca30.
Sept. 13, 2026 4:42:11 AM com.jme3.bullet.objects.PhysicsRigidBody rebuildRigidBody
INFORMATION: Created 1f0a37ce6e0.
Sept. 13, 2026 4:42:11 AM com.jme3.bullet.objects.PhysicsRigidBody rebuildRigidBody
INFORMATION: Created 1f0a37cd090.
Sept. 13, 2026 4:42:11 AM com.jme3.bullet.objects.PhysicsRigidBody rebuildRigidBody
INFORMATION: Created 1f0a37cda20.
Sept. 13, 2026 4:42:11 AM com.jme3.bullet.objects.PhysicsRigidBody rebuildRigidBody
INFORMATION: Created 1f0a37cd3c0.
Sept. 13, 2026 4:42:11 AM com.jme3.bullet.objects.PhysicsRigidBody rebuildRigidBody
INFORMATION: Created 1f0a37cb710.
Sept. 13, 2026 4:42:11 AM com.jme3.bullet.objects.PhysicsRigidBody rebuildRigidBody
INFORMATION: Created 1f0a37d16b0.
Sept. 13, 2026 4:42:11 AM com.jme3.bullet.objects.PhysicsRigidBody rebuildRigidBody
INFORMATION: Created 1f0a37cf6d0.
Sept. 13, 2026 4:42:11 AM com.jme3.bullet.objects.PhysicsRigidBody rebuildRigidBody
INFORMATION: Created 1f0a37cfa00.
Sept. 13, 2026 4:42:11 AM com.jme3.bullet.objects.PhysicsRigidBody rebuildRigidBody
INFORMATION: Created 1f0a37d0390.
Sept. 13, 2026 4:42:11 AM com.jme3.bullet.objects.PhysicsRigidBody rebuildRigidBody
INFORMATION: Created 1f0a37d1050.
Sept. 13, 2026 4:42:11 AM com.jme3.bullet.objects.PhysicsRigidBody rebuildRigidBody
INFORMATION: Created 1f0a37cfd30.
Sept. 13, 2026 4:42:11 AM com.jme3.bullet.objects.PhysicsRigidBody rebuildRigidBody
INFORMATION: Created 1f0a37d0d20.
Sept. 13, 2026 4:42:11 AM com.jme3.bullet.objects.PhysicsRigidBody rebuildRigidBody
INFORMATION: Created 1f0a37d0060.
Sept. 13, 2026 4:42:11 AM com.jme3.bullet.objects.PhysicsRigidBody rebuildRigidBody
INFORMATION: Created 1f0a37d06c0.
Sept. 13, 2026 4:42:11 AM com.jme3.bullet.objects.PhysicsRigidBody rebuildRigidBody
INFORMATION: Created 1f0a37d19e0.
Sept. 13, 2026 4:42:11 AM com.jme3.bullet.objects.PhysicsRigidBody rebuildRigidBody
INFORMATION: Created 1f0a37d1380.
Sept. 13, 2026 4:42:11 AM com.jme3.bullet.objects.PhysicsRigidBody rebuildRigidBody
INFORMATION: Created 1f0a37d09f0.
Sept. 13, 2026 4:42:11 AM com.jme3.bullet.objects.PhysicsRigidBody rebuildRigidBody
INFORMATION: Created 1f0a37b4550.
Sept. 13, 2026 4:42:11 AM com.jme3.bullet.objects.PhysicsRigidBody rebuildRigidBody
INFORMATION: Created 1f0a37b2bd0.
Sept. 13, 2026 4:42:11 AM com.jme3.bullet.objects.PhysicsRigidBody rebuildRigidBody
INFORMATION: Created 1f0a37b5870.
Sept. 13, 2026 4:42:11 AM com.jme3.bullet.objects.PhysicsRigidBody rebuildRigidBody
INFORMATION: Created 1f0a37b4880.
Sept. 13, 2026 4:42:11 AM com.jme3.bullet.objects.PhysicsRigidBody rebuildRigidBody
INFORMATION: Created 1f0a37b2570.
Sept. 13, 2026 4:42:11 AM com.jme3.bullet.objects.PhysicsRigidBody rebuildRigidBody
INFORMATION: Created 1f0a37b3890.
Sept. 13, 2026 4:42:11 AM com.jme3.bullet.objects.PhysicsRigidBody rebuildRigidBody
INFORMATION: Created 1f0a37b4220.
Sept. 13, 2026 4:42:11 AM com.jme3.bullet.objects.PhysicsRigidBody rebuildRigidBody
INFORMATION: Created 1f0a37b5210.
Sept. 13, 2026 4:42:11 AM com.jme3.bullet.objects.PhysicsRigidBody rebuildRigidBody
INFORMATION: Created 1f0a37b3ef0.
Sept. 13, 2026 4:42:11 AM com.jme3.bullet.objects.PhysicsRigidBody rebuildRigidBody
INFORMATION: Created 1f0a37b4bb0.
Sept. 13, 2026 4:42:11 AM com.jme3.bullet.objects.PhysicsRigidBody rebuildRigidBody
INFORMATION: Created 1f0a37b3bc0.
Sept. 13, 2026 4:42:11 AM com.jme3.bullet.objects.PhysicsRigidBody rebuildRigidBody
INFORMATION: Created 1f0a37b5ba0.
Sept. 13, 2026 4:42:11 AM com.jme3.bullet.objects.PhysicsRigidBody rebuildRigidBody
INFORMATION: Created 1f0a37b4ee0.
Sept. 13, 2026 4:42:11 AM com.jme3.bullet.objects.PhysicsRigidBody rebuildRigidBody
INFORMATION: Created 1f0a37b2f00.
Sept. 13, 2026 4:42:11 AM com.jme3.bullet.objects.PhysicsRigidBody rebuildRigidBody
INFORMATION: Created 1f0a37b28a0.
Sept. 13, 2026 4:42:11 AM com.jme3.bullet.objects.PhysicsRigidBody rebuildRigidBody
INFORMATION: Created 1f0a37b3230.
Sept. 13, 2026 4:42:11 AM com.jme3.bullet.objects.PhysicsRigidBody rebuildRigidBody
INFORMATION: Created 1f0a37b5540.
Sept. 13, 2026 4:42:11 AM com.jme3.bullet.objects.PhysicsRigidBody rebuildRigidBody
INFORMATION: Created 1f0a37b1f10.
Sept. 13, 2026 4:42:11 AM com.jme3.bullet.objects.PhysicsRigidBody rebuildRigidBody
INFORMATION: Created 1f0a37b3560.
Sept. 13, 2026 4:42:11 AM com.jme3.bullet.objects.PhysicsRigidBody rebuildRigidBody
INFORMATION: Created 1f0a37b2240.
Sept. 13, 2026 4:42:11 AM com.jme3.bullet.objects.PhysicsRigidBody rebuildRigidBody
INFORMATION: Created 1f0a37b9b60.
Sept. 13, 2026 4:42:11 AM com.jme3.bullet.objects.PhysicsRigidBody rebuildRigidBody
INFORMATION: Created 1f0a37b81e0.
Sept. 13, 2026 4:42:11 AM com.jme3.bullet.objects.PhysicsRigidBody rebuildRigidBody
INFORMATION: Created 1f0a37b91d0.
Sept. 13, 2026 4:42:11 AM com.jme3.bullet.objects.PhysicsRigidBody rebuildRigidBody
INFORMATION: Created 1f0a37b6ec0.
Sept. 13, 2026 4:42:11 AM com.jme3.bullet.objects.PhysicsRigidBody rebuildRigidBody
INFORMATION: Created 1f0a37b8510.
Sept. 13, 2026 4:42:11 AM com.jme3.bullet.objects.PhysicsRigidBody rebuildRigidBody
INFORMATION: Created 1f0a37b6860.
Sept. 13, 2026 4:42:11 AM com.jme3.bullet.objects.PhysicsRigidBody rebuildRigidBody
INFORMATION: Created 1f0a37b8ea0.
Sept. 13, 2026 4:42:11 AM com.jme3.bullet.objects.PhysicsRigidBody rebuildRigidBody
INFORMATION: Created 1f0a37b71f0.
Sept. 13, 2026 4:42:11 AM com.jme3.bullet.objects.PhysicsRigidBody rebuildRigidBody
INFORMATION: Created 1f0a37b9500.
Sept. 13, 2026 4:42:11 AM com.jme3.bullet.objects.PhysicsRigidBody rebuildRigidBody
INFORMATION: Created 1f0a37b6b90.
Sept. 13, 2026 4:42:11 AM com.jme3.bullet.objects.PhysicsRigidBody rebuildRigidBody
INFORMATION: Created 1f0a37b7850.
Sept. 13, 2026 4:42:11 AM com.jme3.bullet.objects.PhysicsRigidBody rebuildRigidBody
INFORMATION: Created 1f0a37b6200.
Sept. 13, 2026 4:42:11 AM com.jme3.bullet.objects.PhysicsRigidBody rebuildRigidBody
INFORMATION: Created 1f0a37b8840.
Sept. 13, 2026 4:42:11 AM com.jme3.bullet.objects.PhysicsRigidBody rebuildRigidBody
INFORMATION: Created 1f0a37b9830.
Sept. 13, 2026 4:42:11 AM com.jme3.bullet.objects.PhysicsRigidBody rebuildRigidBody
INFORMATION: Created 1f0a37b8b70.
Sept. 13, 2026 4:42:11 AM com.jme3.bullet.objects.PhysicsRigidBody rebuildRigidBody
INFORMATION: Created 1f0a37b5ed0.
Sept. 13, 2026 4:42:11 AM com.jme3.bullet.objects.PhysicsRigidBody rebuildRigidBody
INFORMATION: Created 1f0a37b7520.
Sept. 13, 2026 4:42:11 AM com.jme3.bullet.objects.PhysicsRigidBody rebuildRigidBody
INFORMATION: Created 1f0a37b9e90.
Sept. 13, 2026 4:42:11 AM com.jme3.bullet.objects.PhysicsRigidBody rebuildRigidBody
INFORMATION: Created 1f0a37ba1c0.
Sept. 13, 2026 4:42:11 AM com.jme3.bullet.objects.PhysicsRigidBody rebuildRigidBody
INFORMATION: Created 1f0a37b6530.
Sept. 13, 2026 4:42:11 AM com.jme3.bullet.objects.PhysicsRigidBody rebuildRigidBody
INFORMATION: Created 1f0a37bb810.
Sept. 13, 2026 4:42:11 AM com.jme3.bullet.objects.PhysicsRigidBody rebuildRigidBody
INFORMATION: Created 1f0a37ba4f0.
Sept. 13, 2026 4:42:11 AM com.jme3.bullet.objects.PhysicsRigidBody rebuildRigidBody
INFORMATION: Created 1f0a37bb1b0.
Sept. 13, 2026 4:42:11 AM com.jme3.bullet.objects.PhysicsRigidBody rebuildRigidBody
INFORMATION: Created 1f0a37bae80.
Sept. 13, 2026 4:42:11 AM com.jme3.bullet.objects.PhysicsRigidBody rebuildRigidBody
INFORMATION: Created 1f0a37ba820.
Sept. 13, 2026 4:42:11 AM com.jme3.bullet.objects.PhysicsRigidBody rebuildRigidBody
INFORMATION: Created 1f0a37bab50.
Sept. 13, 2026 4:42:11 AM com.jme3.bullet.objects.PhysicsRigidBody rebuildRigidBody
INFORMATION: Created 1f0a37b7b80.
Sept. 13, 2026 4:42:11 AM com.jme3.bullet.objects.PhysicsRigidBody rebuildRigidBody
INFORMATION: Created 1f0a37bb4e0.
Sept. 13, 2026 4:42:11 AM com.jme3.bullet.objects.PhysicsRigidBody rebuildRigidBody
INFORMATION: Created 1f0a37bbb40.
Sept. 13, 2026 4:42:11 AM com.jme3.bullet.objects.PhysicsRigidBody rebuildRigidBody
INFORMATION: Created 1f0a37b7eb0.
Sept. 13, 2026 4:42:11 AM com.jme3.bullet.objects.PhysicsRigidBody rebuildRigidBody
INFORMATION: Created 1f0a732db90.
Sept. 13, 2026 4:42:11 AM com.jme3.bullet.objects.PhysicsRigidBody rebuildRigidBody
INFORMATION: Created 1f0a732f1e0.
Sept. 13, 2026 4:42:11 AM com.jme3.bullet.objects.PhysicsRigidBody rebuildRigidBody
INFORMATION: Created 1f0a732dec0.
Sept. 13, 2026 4:42:11 AM com.jme3.bullet.objects.PhysicsRigidBody rebuildRigidBody
INFORMATION: Created 1f0a732c870.
Sept. 13, 2026 4:42:11 AM com.jme3.bullet.objects.PhysicsRigidBody rebuildRigidBody
INFORMATION: Created 1f0a732ced0.
Sept. 13, 2026 4:42:11 AM com.jme3.bullet.objects.PhysicsRigidBody rebuildRigidBody
INFORMATION: Created 1f0a732c210.
Sept. 13, 2026 4:42:11 AM com.jme3.bullet.objects.PhysicsRigidBody rebuildRigidBody
INFORMATION: Created 1f0a732fb70.
Sept. 13, 2026 4:42:11 AM com.jme3.bullet.objects.PhysicsRigidBody rebuildRigidBody
INFORMATION: Created 1f0a732e850.
Sept. 13, 2026 4:42:11 AM com.jme3.bullet.objects.PhysicsRigidBody rebuildRigidBody
INFORMATION: Created 1f0a732e520.
Sept. 13, 2026 4:42:11 AM com.jme3.anim.SkinningControl controlRender
INFORMATION: Hardware skinning engaged for Scene (Node)
Sept. 13, 2026 4:42:11 AM com.jme3.anim.SkinningControl controlRender
INFORMATION: Hardware skinning engaged for Scene (Node)
Sept. 13, 2026 4:42:11 AM com.jme3.anim.SkinningControl controlRender
INFORMATION: Hardware skinning engaged for Scene (Node)
Sept. 13, 2026 4:42:11 AM com.jme3.anim.SkinningControl controlRender
INFORMATION: Hardware skinning engaged for Scene (Node)
Sept. 13, 2026 4:42:11 AM com.jme3.anim.SkinningControl controlRender
INFORMATION: Hardware skinning engaged for Scene (Node)
Sept. 13, 2026 4:42:11 AM com.jme3.anim.SkinningControl controlRender
INFORMATION: Hardware skinning engaged for Scene (Node)
Sept. 13, 2026 4:42:11 AM com.jme3.anim.SkinningControl controlRender
INFORMATION: Hardware skinning engaged for Scene (Node)
[SMOKE] stage 9
Sept. 13, 2026 4:42:13 AM com.jme3.bullet.objects.PhysicsRigidBody rebuildRigidBody
INFORMATION: Created 1f0a732d200.
Sept. 13, 2026 4:42:13 AM com.jme3.bullet.objects.PhysicsRigidBody rebuildRigidBody
INFORMATION: Created 1f0a732cba0.
Sept. 13, 2026 4:42:13 AM com.jme3.bullet.objects.PhysicsRigidBody rebuildRigidBody
INFORMATION: Created 1f0a732eeb0.
Sept. 13, 2026 4:42:13 AM com.jme3.bullet.objects.PhysicsRigidBody rebuildRigidBody
INFORMATION: Created 1f0a732d530.
Sept. 13, 2026 4:42:13 AM com.jme3.bullet.objects.PhysicsRigidBody rebuildRigidBody
INFORMATION: Created 1f0a732e1f0.
Sept. 13, 2026 4:42:13 AM com.jme3.bullet.objects.PhysicsRigidBody rebuildRigidBody
INFORMATION: Created 1f0a732eb80.
Sept. 13, 2026 4:42:13 AM com.jme3.bullet.objects.PhysicsRigidBody rebuildRigidBody
INFORMATION: Created 1f0a732f510.
Sept. 13, 2026 4:42:13 AM com.jme3.bullet.objects.PhysicsRigidBody rebuildRigidBody
INFORMATION: Created 1f0a732f840.
Sept. 13, 2026 4:42:13 AM com.jme3.bullet.objects.PhysicsRigidBody rebuildRigidBody
INFORMATION: Created 1f0a732bee0.
Sept. 13, 2026 4:42:13 AM com.jme3.bullet.objects.PhysicsRigidBody rebuildRigidBody
INFORMATION: Created 1f0a732d860.
Sept. 13, 2026 4:42:13 AM com.jme3.bullet.objects.PhysicsRigidBody rebuildRigidBody
INFORMATION: Created 1f0a732fea0.
Sept. 13, 2026 4:42:13 AM com.jme3.bullet.objects.PhysicsRigidBody rebuildRigidBody
INFORMATION: Created 1f0a73301d0.
Sept. 13, 2026 4:42:13 AM com.jme3.bullet.objects.PhysicsRigidBody rebuildRigidBody
INFORMATION: Created 1f0a732c540.
Sept. 13, 2026 4:42:13 AM com.jme3.bullet.objects.PhysicsRigidBody rebuildRigidBody
INFORMATION: Created 1f0a73334d0.
Sept. 13, 2026 4:42:13 AM com.jme3.bullet.objects.PhysicsRigidBody rebuildRigidBody
INFORMATION: Created 1f0a7332810.
Sept. 13, 2026 4:42:13 AM com.jme3.bullet.objects.PhysicsRigidBody rebuildRigidBody
INFORMATION: Created 1f0a7333e60.
Sept. 13, 2026 4:42:13 AM com.jme3.bullet.objects.PhysicsRigidBody rebuildRigidBody
INFORMATION: Created 1f0a7332b40.
Sept. 13, 2026 4:42:13 AM com.jme3.bullet.objects.PhysicsRigidBody rebuildRigidBody
INFORMATION: Created 1f0a7331b50.
Sept. 13, 2026 4:42:13 AM com.jme3.bullet.objects.PhysicsRigidBody rebuildRigidBody
INFORMATION: Created 1f0a73311c0.
Sept. 13, 2026 4:42:13 AM com.jme3.bullet.objects.PhysicsRigidBody rebuildRigidBody
INFORMATION: Created 1f0a7330830.
Sept. 13, 2026 4:42:13 AM com.jme3.bullet.objects.PhysicsRigidBody rebuildRigidBody
INFORMATION: Created 1f0a7330b60.
Sept. 13, 2026 4:42:13 AM com.jme3.bullet.objects.PhysicsRigidBody rebuildRigidBody
INFORMATION: Created 1f0a7330500.
Sept. 13, 2026 4:42:13 AM com.jme3.bullet.objects.PhysicsRigidBody rebuildRigidBody
INFORMATION: Created 1f0a73331a0.
Sept. 13, 2026 4:42:13 AM com.jme3.bullet.objects.PhysicsRigidBody rebuildRigidBody
INFORMATION: Created 1f0a7334190.
Sept. 13, 2026 4:42:13 AM com.jme3.bullet.objects.PhysicsRigidBody rebuildRigidBody
INFORMATION: Created 1f0a7330e90.
Sept. 13, 2026 4:42:13 AM com.jme3.bullet.objects.PhysicsRigidBody rebuildRigidBody
INFORMATION: Created 1f0a73321b0.
Sept. 13, 2026 4:42:13 AM com.jme3.bullet.objects.PhysicsRigidBody rebuildRigidBody
INFORMATION: Created 1f0a7333800.
Sept. 13, 2026 4:42:13 AM com.jme3.bullet.objects.PhysicsRigidBody rebuildRigidBody
INFORMATION: Created 1f0a73324e0.
Sept. 13, 2026 4:42:13 AM com.jme3.bullet.objects.PhysicsRigidBody rebuildRigidBody
INFORMATION: Created 1f0a7331820.
Sept. 13, 2026 4:42:13 AM com.jme3.bullet.objects.PhysicsRigidBody rebuildRigidBody
INFORMATION: Created 1f0a73314f0.
Sept. 13, 2026 4:42:13 AM com.jme3.bullet.objects.PhysicsRigidBody rebuildRigidBody
INFORMATION: Created 1f0a7332e70.
Sept. 13, 2026 4:42:13 AM com.jme3.bullet.objects.PhysicsRigidBody rebuildRigidBody
INFORMATION: Created 1f0a7333b30.
Sept. 13, 2026 4:42:13 AM com.jme3.bullet.objects.PhysicsRigidBody rebuildRigidBody
INFORMATION: Created 1f0a7334b20.
Sept. 13, 2026 4:42:13 AM com.jme3.bullet.objects.PhysicsRigidBody rebuildRigidBody
INFORMATION: Created 1f0a73344c0.
Sept. 13, 2026 4:42:13 AM com.jme3.bullet.objects.PhysicsRigidBody rebuildRigidBody
INFORMATION: Created 1f0a73347f0.
Sept. 13, 2026 4:42:13 AM com.jme3.bullet.objects.PhysicsRigidBody rebuildRigidBody
INFORMATION: Created 1f0a7334e50.
Sept. 13, 2026 4:42:13 AM com.jme3.bullet.objects.PhysicsRigidBody rebuildRigidBody
INFORMATION: Created 1f0a7335180.
Sept. 13, 2026 4:42:13 AM com.jme3.bullet.objects.PhysicsRigidBody rebuildRigidBody
INFORMATION: Created 1f0a73357e0.
Sept. 13, 2026 4:42:13 AM com.jme3.bullet.objects.PhysicsRigidBody rebuildRigidBody
INFORMATION: Created 1f0a73354b0.
Sept. 13, 2026 4:42:13 AM com.jme3.bullet.objects.PhysicsRigidBody rebuildRigidBody
INFORMATION: Created 1f0a7335b10.
Sept. 13, 2026 4:42:13 AM com.jme3.bullet.objects.PhysicsRigidBody rebuildRigidBody
INFORMATION: Created 1f0a7331e80.
Sept. 13, 2026 4:42:13 AM com.jme3.bullet.objects.PhysicsRigidBody rebuildRigidBody
INFORMATION: Created 1f0a73377c0.
Sept. 13, 2026 4:42:13 AM com.jme3.bullet.objects.PhysicsRigidBody rebuildRigidBody
INFORMATION: Created 1f0a7335e40.
Sept. 13, 2026 4:42:13 AM com.jme3.bullet.objects.PhysicsRigidBody rebuildRigidBody
INFORMATION: Created 1f0a7337af0.
Sept. 13, 2026 4:42:13 AM com.jme3.bullet.objects.PhysicsRigidBody rebuildRigidBody
INFORMATION: Created 1f0a7337e20.
Sept. 13, 2026 4:42:13 AM com.jme3.bullet.objects.PhysicsRigidBody rebuildRigidBody
INFORMATION: Created 1f0a7338150.
Sept. 13, 2026 4:42:13 AM com.jme3.bullet.objects.PhysicsRigidBody rebuildRigidBody
INFORMATION: Created 1f0a7336170.
Sept. 13, 2026 4:42:13 AM com.jme3.bullet.objects.PhysicsRigidBody rebuildRigidBody
INFORMATION: Created 1f0a7336e30.
Sept. 13, 2026 4:42:13 AM com.jme3.bullet.objects.PhysicsRigidBody rebuildRigidBody
INFORMATION: Created 1f0a73364a0.
Sept. 13, 2026 4:42:13 AM com.jme3.bullet.objects.PhysicsRigidBody rebuildRigidBody
INFORMATION: Created 1f0a7337160.
Sept. 13, 2026 4:42:13 AM com.jme3.bullet.objects.PhysicsRigidBody rebuildRigidBody
INFORMATION: Created 1f0a7338480.
Sept. 13, 2026 4:42:13 AM com.jme3.bullet.objects.PhysicsRigidBody rebuildRigidBody
INFORMATION: Created 1f0a73367d0.
Sept. 13, 2026 4:42:13 AM com.jme3.bullet.objects.PhysicsRigidBody rebuildRigidBody
INFORMATION: Created 1f0a73387b0.
Sept. 13, 2026 4:42:13 AM com.jme3.bullet.objects.PhysicsRigidBody rebuildRigidBody
INFORMATION: Created 1f0a7336b00.
Sept. 13, 2026 4:42:13 AM com.jme3.bullet.objects.PhysicsRigidBody rebuildRigidBody
INFORMATION: Created 1f0a7337490.
Sept. 13, 2026 4:42:13 AM com.jme3.bullet.objects.PhysicsRigidBody rebuildRigidBody
INFORMATION: Created 1f0a733a130.
Sept. 13, 2026 4:42:13 AM com.jme3.bullet.objects.PhysicsRigidBody rebuildRigidBody
INFORMATION: Created 1f0a733a460.
Sept. 13, 2026 4:42:13 AM com.jme3.bullet.objects.PhysicsRigidBody rebuildRigidBody
INFORMATION: Created 1f0a7339470.
Sept. 13, 2026 4:42:13 AM com.jme3.bullet.objects.PhysicsRigidBody rebuildRigidBody
INFORMATION: Created 1f0a733adf0.
Sept. 13, 2026 4:42:13 AM com.jme3.bullet.objects.PhysicsRigidBody rebuildRigidBody
INFORMATION: Created 1f0a733b780.
Sept. 13, 2026 4:42:13 AM com.jme3.bullet.objects.PhysicsRigidBody rebuildRigidBody
INFORMATION: Created 1f0a733bab0.
Sept. 13, 2026 4:42:13 AM com.jme3.bullet.objects.PhysicsRigidBody rebuildRigidBody
INFORMATION: Created 1f09e60d350.
Sept. 13, 2026 4:42:13 AM com.jme3.bullet.objects.PhysicsRigidBody rebuildRigidBody
INFORMATION: Created 1f09e60ecd0.
Sept. 13, 2026 4:42:13 AM com.jme3.bullet.objects.PhysicsRigidBody rebuildRigidBody
INFORMATION: Created 1f09e60e340.
Sept. 13, 2026 4:42:13 AM com.jme3.bullet.objects.PhysicsRigidBody rebuildRigidBody
INFORMATION: Created 1f09e60e670.
Sept. 13, 2026 4:42:13 AM com.jme3.bullet.objects.PhysicsRigidBody rebuildRigidBody
INFORMATION: Created 1f09e60d9b0.
Sept. 13, 2026 4:42:13 AM com.jme3.bullet.objects.PhysicsRigidBody rebuildRigidBody
INFORMATION: Created 1f09e60e9a0.
Sept. 13, 2026 4:42:13 AM com.jme3.bullet.objects.PhysicsRigidBody rebuildRigidBody
INFORMATION: Created 1f09e60f000.
Sept. 13, 2026 4:42:13 AM com.jme3.bullet.objects.PhysicsRigidBody rebuildRigidBody
INFORMATION: Created 1f09e60d020.
Sept. 13, 2026 4:42:13 AM com.jme3.bullet.objects.PhysicsRigidBody rebuildRigidBody
INFORMATION: Created 1f09e60e010.
Sept. 13, 2026 4:42:13 AM com.jme3.bullet.objects.PhysicsRigidBody rebuildRigidBody
INFORMATION: Created 1f09e60c690.
Sept. 13, 2026 4:42:13 AM com.jme3.bullet.objects.PhysicsRigidBody rebuildRigidBody
INFORMATION: Created 1f09e60dce0.
Sept. 13, 2026 4:42:13 AM com.jme3.bullet.objects.PhysicsRigidBody rebuildRigidBody
INFORMATION: Created 1f09e60c030.
Sept. 13, 2026 4:42:13 AM com.jme3.bullet.objects.PhysicsRigidBody rebuildRigidBody
INFORMATION: Created 1f09e60ccf0.
Sept. 13, 2026 4:42:13 AM com.jme3.bullet.objects.PhysicsRigidBody rebuildRigidBody
INFORMATION: Created 1f09e60d680.
Sept. 13, 2026 4:42:13 AM com.jme3.bullet.objects.PhysicsRigidBody rebuildRigidBody
INFORMATION: Created 1f09e60c360.
Sept. 13, 2026 4:42:13 AM com.jme3.bullet.objects.PhysicsRigidBody rebuildRigidBody
INFORMATION: Created 1f0a37bbe70.
Sept. 13, 2026 4:42:13 AM com.jme3.bullet.objects.PhysicsRigidBody rebuildRigidBody
INFORMATION: Created 1f0a37bc1a0.
Sept. 13, 2026 4:42:13 AM com.jme3.bullet.objects.PhysicsRigidBody rebuildRigidBody
INFORMATION: Created 1f0a37be4b0.
Sept. 13, 2026 4:42:13 AM com.jme3.bullet.objects.PhysicsRigidBody rebuildRigidBody
INFORMATION: Created 1f0a37bc4d0.
Sept. 13, 2026 4:42:13 AM com.jme3.bullet.objects.PhysicsRigidBody rebuildRigidBody
INFORMATION: Created 1f0a37bc800.
Sept. 13, 2026 4:42:13 AM com.jme3.bullet.objects.PhysicsRigidBody rebuildRigidBody
INFORMATION: Created 1f0a37bcb30.
Sept. 13, 2026 4:42:13 AM com.jme3.bullet.objects.PhysicsRigidBody rebuildRigidBody
INFORMATION: Created 1f0a37bde50.
Sept. 13, 2026 4:42:13 AM com.jme3.bullet.objects.PhysicsRigidBody rebuildRigidBody
INFORMATION: Created 1f0a37bd7f0.
Sept. 13, 2026 4:42:13 AM com.jme3.bullet.objects.PhysicsRigidBody rebuildRigidBody
INFORMATION: Created 1f0a37bce60.
Sept. 13, 2026 4:42:13 AM com.jme3.bullet.objects.PhysicsRigidBody rebuildRigidBody
INFORMATION: Created 1f0a37bd190.
Sept. 13, 2026 4:42:13 AM com.jme3.bullet.objects.PhysicsRigidBody rebuildRigidBody
INFORMATION: Created 1f0a37be7e0.
Sept. 13, 2026 4:42:13 AM com.jme3.bullet.objects.PhysicsRigidBody rebuildRigidBody
INFORMATION: Created 1f0a37bd4c0.
Sept. 13, 2026 4:42:13 AM com.jme3.bullet.objects.PhysicsRigidBody rebuildRigidBody
INFORMATION: Created 1f0a37bdb20.
Sept. 13, 2026 4:42:13 AM com.jme3.bullet.objects.PhysicsRigidBody rebuildRigidBody
INFORMATION: Created 1f0a37be180.
Sept. 13, 2026 4:42:13 AM com.jme3.bullet.objects.PhysicsRigidBody rebuildRigidBody
INFORMATION: Created 1f0c815f060.
Sept. 13, 2026 4:42:13 AM com.jme3.bullet.objects.PhysicsRigidBody rebuildRigidBody
INFORMATION: Created 1f0c815ca20.
Sept. 13, 2026 4:42:13 AM com.jme3.bullet.objects.PhysicsRigidBody rebuildRigidBody
INFORMATION: Created 1f0c815f390.
Sept. 13, 2026 4:42:13 AM com.jme3.bullet.objects.PhysicsRigidBody rebuildRigidBody
INFORMATION: Created 1f0c815e3a0.
Sept. 13, 2026 4:42:13 AM com.jme3.bullet.objects.PhysicsRigidBody rebuildRigidBody
INFORMATION: Created 1f0c815f6c0.
Sept. 13, 2026 4:42:13 AM com.jme3.bullet.objects.PhysicsRigidBody rebuildRigidBody
INFORMATION: Created 1f0c815f9f0.
Sept. 13, 2026 4:42:13 AM com.jme3.bullet.objects.PhysicsRigidBody rebuildRigidBody
INFORMATION: Created 1f0c815cd50.
Sept. 13, 2026 4:42:13 AM com.jme3.anim.SkinningControl controlRender
INFORMATION: Hardware skinning engaged for Scene (Node)
Sept. 13, 2026 4:42:13 AM com.jme3.anim.SkinningControl controlRender
INFORMATION: Hardware skinning engaged for Scene (Node)
Sept. 13, 2026 4:42:13 AM com.jme3.anim.SkinningControl controlRender
INFORMATION: Hardware skinning engaged for Scene (Node)
Sept. 13, 2026 4:42:13 AM com.jme3.anim.SkinningControl controlRender
INFORMATION: Hardware skinning engaged for Scene (Node)
[SMOKE] stage 10
Sept. 13, 2026 4:42:16 AM com.jme3.bullet.objects.PhysicsRigidBody rebuildRigidBody
INFORMATION: Created 1f0c815c6f0.
Sept. 13, 2026 4:42:16 AM com.jme3.bullet.objects.PhysicsRigidBody rebuildRigidBody
INFORMATION: Created 1f0c815fd20.
Sept. 13, 2026 4:42:16 AM com.jme3.bullet.objects.PhysicsRigidBody rebuildRigidBody
INFORMATION: Created 1f0c815d6e0.
Sept. 13, 2026 4:42:16 AM com.jme3.bullet.objects.PhysicsRigidBody rebuildRigidBody
INFORMATION: Created 1f0c815e6d0.
Sept. 13, 2026 4:42:16 AM com.jme3.bullet.objects.PhysicsRigidBody rebuildRigidBody
INFORMATION: Created 1f0c815c3c0.
Sept. 13, 2026 4:42:16 AM com.jme3.bullet.objects.PhysicsRigidBody rebuildRigidBody
INFORMATION: Created 1f0c815d3b0.
Sept. 13, 2026 4:42:16 AM com.jme3.bullet.objects.PhysicsRigidBody rebuildRigidBody
INFORMATION: Created 1f0c815da10.
Sept. 13, 2026 4:42:16 AM com.jme3.bullet.objects.PhysicsRigidBody rebuildRigidBody
INFORMATION: Created 1f0c815c090.
Sept. 13, 2026 4:42:16 AM com.jme3.bullet.objects.PhysicsRigidBody rebuildRigidBody
INFORMATION: Created 1f0c81616a0.
Sept. 13, 2026 4:42:16 AM com.jme3.bullet.objects.PhysicsRigidBody rebuildRigidBody
INFORMATION: Created 1f0c815ea00.
Sept. 13, 2026 4:42:16 AM com.jme3.bullet.objects.PhysicsRigidBody rebuildRigidBody
INFORMATION: Created 1f0c8160050.
Sept. 13, 2026 4:42:16 AM com.jme3.bullet.objects.PhysicsRigidBody rebuildRigidBody
INFORMATION: Created 1f0c8160380.
Sept. 13, 2026 4:42:16 AM com.jme3.bullet.objects.PhysicsRigidBody rebuildRigidBody
INFORMATION: Created 1f0c8161370.
Sept. 13, 2026 4:42:16 AM com.jme3.bullet.objects.PhysicsRigidBody rebuildRigidBody
INFORMATION: Created 1f0c815e070.
Sept. 13, 2026 4:42:16 AM com.jme3.bullet.objects.PhysicsRigidBody rebuildRigidBody
INFORMATION: Created 1f0c815ed30.
Sept. 13, 2026 4:42:16 AM com.jme3.bullet.objects.PhysicsRigidBody rebuildRigidBody
INFORMATION: Created 1f0c81606b0.
Sept. 13, 2026 4:42:16 AM com.jme3.bullet.objects.PhysicsRigidBody rebuildRigidBody
INFORMATION: Created 1f0c81609e0.
Sept. 13, 2026 4:42:16 AM com.jme3.bullet.objects.PhysicsRigidBody rebuildRigidBody
INFORMATION: Created 1f0c81619d0.
Sept. 13, 2026 4:42:16 AM com.jme3.bullet.objects.PhysicsRigidBody rebuildRigidBody
INFORMATION: Created 1f0c8160d10.
Sept. 13, 2026 4:42:16 AM com.jme3.bullet.objects.PhysicsRigidBody rebuildRigidBody
INFORMATION: Created 1f0c8161040.
Sept. 13, 2026 4:42:16 AM com.jme3.bullet.objects.PhysicsRigidBody rebuildRigidBody
INFORMATION: Created 1f0c815dd40.
Sept. 13, 2026 4:42:16 AM com.jme3.bullet.objects.PhysicsRigidBody rebuildRigidBody
INFORMATION: Created 1f0c8165990.
Sept. 13, 2026 4:42:16 AM com.jme3.bullet.objects.PhysicsRigidBody rebuildRigidBody
INFORMATION: Created 1f0c8163020.
Sept. 13, 2026 4:42:16 AM com.jme3.bullet.objects.PhysicsRigidBody rebuildRigidBody
INFORMATION: Created 1f0c8163350.
Sept. 13, 2026 4:42:16 AM com.jme3.bullet.objects.PhysicsRigidBody rebuildRigidBody
INFORMATION: Created 1f0c8164340.
Sept. 13, 2026 4:42:16 AM com.jme3.bullet.objects.PhysicsRigidBody rebuildRigidBody
INFORMATION: Created 1f0c81649a0.
Sept. 13, 2026 4:42:16 AM com.jme3.bullet.objects.PhysicsRigidBody rebuildRigidBody
INFORMATION: Created 1f0c8165660.
Sept. 13, 2026 4:42:16 AM com.jme3.bullet.objects.PhysicsRigidBody rebuildRigidBody
INFORMATION: Created 1f0c8161d00.
Sept. 13, 2026 4:42:16 AM com.jme3.bullet.objects.PhysicsRigidBody rebuildRigidBody
INFORMATION: Created 1f0c8163680.
Sept. 13, 2026 4:42:16 AM com.jme3.bullet.objects.PhysicsRigidBody rebuildRigidBody
INFORMATION: Created 1f0c8162360.
Sept. 13, 2026 4:42:16 AM com.jme3.bullet.objects.PhysicsRigidBody rebuildRigidBody
INFORMATION: Created 1f0c8164cd0.
Sept. 13, 2026 4:42:16 AM com.jme3.bullet.objects.PhysicsRigidBody rebuildRigidBody
INFORMATION: Created 1f0c8165cc0.
Sept. 13, 2026 4:42:16 AM com.jme3.bullet.objects.PhysicsRigidBody rebuildRigidBody
INFORMATION: Created 1f0c8165000.
Sept. 13, 2026 4:42:16 AM com.jme3.bullet.objects.PhysicsRigidBody rebuildRigidBody
INFORMATION: Created 1f0c8165330.
Sept. 13, 2026 4:42:16 AM com.jme3.bullet.objects.PhysicsRigidBody rebuildRigidBody
INFORMATION: Created 1f0c81639b0.
Sept. 13, 2026 4:42:16 AM com.jme3.bullet.objects.PhysicsRigidBody rebuildRigidBody
INFORMATION: Created 1f0c8162030.
Sept. 13, 2026 4:42:16 AM com.jme3.bullet.objects.PhysicsRigidBody rebuildRigidBody
INFORMATION: Created 1f0c8163ce0.
Sept. 13, 2026 4:42:16 AM com.jme3.bullet.objects.PhysicsRigidBody rebuildRigidBody
INFORMATION: Created 1f0c8164010.
Sept. 13, 2026 4:42:16 AM com.jme3.bullet.objects.PhysicsRigidBody rebuildRigidBody
INFORMATION: Created 1f0c8162690.
Sept. 13, 2026 4:42:16 AM com.jme3.bullet.objects.PhysicsRigidBody rebuildRigidBody
INFORMATION: Created 1f0c81629c0.
Sept. 13, 2026 4:42:16 AM com.jme3.bullet.objects.PhysicsRigidBody rebuildRigidBody
INFORMATION: Created 1f0c8165ff0.
Sept. 13, 2026 4:42:16 AM com.jme3.bullet.objects.PhysicsRigidBody rebuildRigidBody
INFORMATION: Created 1f0c8166320.
Sept. 13, 2026 4:42:16 AM com.jme3.bullet.objects.PhysicsRigidBody rebuildRigidBody
INFORMATION: Created 1f0c8164670.
Sept. 13, 2026 4:42:16 AM com.jme3.bullet.objects.PhysicsRigidBody rebuildRigidBody
INFORMATION: Created 1f0c8166650.
Sept. 13, 2026 4:42:16 AM com.jme3.bullet.objects.PhysicsRigidBody rebuildRigidBody
INFORMATION: Created 1f0c8166980.
Sept. 13, 2026 4:42:16 AM com.jme3.bullet.objects.PhysicsRigidBody rebuildRigidBody
INFORMATION: Created 1f0c8162cf0.
Sept. 13, 2026 4:42:16 AM com.jme3.bullet.objects.PhysicsRigidBody rebuildRigidBody
INFORMATION: Created 1f0c8166cb0.
Sept. 13, 2026 4:42:16 AM com.jme3.bullet.objects.PhysicsRigidBody rebuildRigidBody
INFORMATION: Created 1f0c8166fe0.
Sept. 13, 2026 4:42:16 AM com.jme3.bullet.objects.PhysicsRigidBody rebuildRigidBody
INFORMATION: Created 1f0c8168960.
Sept. 13, 2026 4:42:16 AM com.jme3.bullet.objects.PhysicsRigidBody rebuildRigidBody
INFORMATION: Created 1f0c8167310.
Sept. 13, 2026 4:42:16 AM com.jme3.bullet.objects.PhysicsRigidBody rebuildRigidBody
INFORMATION: Created 1f0c8167640.
Sept. 13, 2026 4:42:16 AM com.jme3.bullet.objects.PhysicsRigidBody rebuildRigidBody
INFORMATION: Created 1f0c8167970.
Sept. 13, 2026 4:42:16 AM com.jme3.bullet.objects.PhysicsRigidBody rebuildRigidBody
INFORMATION: Created 1f0c8168300.
Sept. 13, 2026 4:42:16 AM com.jme3.bullet.objects.PhysicsRigidBody rebuildRigidBody
INFORMATION: Created 1f0c8167ca0.
Sept. 13, 2026 4:42:16 AM com.jme3.bullet.objects.PhysicsRigidBody rebuildRigidBody
INFORMATION: Created 1f0c8167fd0.
Sept. 13, 2026 4:42:16 AM com.jme3.bullet.objects.PhysicsRigidBody rebuildRigidBody
INFORMATION: Created 1f0c8168630.
Sept. 13, 2026 4:42:16 AM com.jme3.bullet.objects.PhysicsRigidBody rebuildRigidBody
INFORMATION: Created 1f0c816b2d0.
Sept. 13, 2026 4:42:16 AM com.jme3.bullet.objects.PhysicsRigidBody rebuildRigidBody
INFORMATION: Created 1f0c816b930.
Sept. 13, 2026 4:42:16 AM com.jme3.bullet.objects.PhysicsRigidBody rebuildRigidBody
INFORMATION: Created 1f0c816c5f0.
Sept. 13, 2026 4:42:16 AM com.jme3.bullet.objects.PhysicsRigidBody rebuildRigidBody
INFORMATION: Created 1f0c816c920.
Sept. 13, 2026 4:42:16 AM com.jme3.bullet.objects.PhysicsRigidBody rebuildRigidBody
INFORMATION: Created 1f0c8169c80.
Sept. 13, 2026 4:42:16 AM com.jme3.bullet.objects.PhysicsRigidBody rebuildRigidBody
INFORMATION: Created 1f0c8168fc0.
Sept. 13, 2026 4:42:16 AM com.jme3.bullet.objects.PhysicsRigidBody rebuildRigidBody
INFORMATION: Created 1f0c816b600.
Sept. 13, 2026 4:42:16 AM com.jme3.bullet.objects.PhysicsRigidBody rebuildRigidBody
INFORMATION: Created 1f0c8168c90.
Sept. 13, 2026 4:42:16 AM com.jme3.bullet.objects.PhysicsRigidBody rebuildRigidBody
INFORMATION: Created 1f0c816c2c0.
Sept. 13, 2026 4:42:16 AM com.jme3.bullet.objects.PhysicsRigidBody rebuildRigidBody
INFORMATION: Created 1f0c816cc50.
Sept. 13, 2026 4:42:16 AM com.jme3.bullet.objects.PhysicsRigidBody rebuildRigidBody
INFORMATION: Created 1f0c816a610.
Sept. 13, 2026 4:42:16 AM com.jme3.bullet.objects.PhysicsRigidBody rebuildRigidBody
INFORMATION: Created 1f0c81692f0.
Sept. 13, 2026 4:42:16 AM com.jme3.bullet.objects.PhysicsRigidBody rebuildRigidBody
INFORMATION: Created 1f0c816a2e0.
Sept. 13, 2026 4:42:16 AM com.jme3.bullet.objects.PhysicsRigidBody rebuildRigidBody
INFORMATION: Created 1f0c8169fb0.
Sept. 13, 2026 4:42:16 AM com.jme3.bullet.objects.PhysicsRigidBody rebuildRigidBody
INFORMATION: Created 1f0c8169620.
Sept. 13, 2026 4:42:16 AM com.jme3.bullet.objects.PhysicsRigidBody rebuildRigidBody
INFORMATION: Created 1f0c8169950.
Sept. 13, 2026 4:42:16 AM com.jme3.bullet.objects.PhysicsRigidBody rebuildRigidBody
INFORMATION: Created 1f0c816dc40.
Sept. 13, 2026 4:42:16 AM com.jme3.bullet.objects.PhysicsRigidBody rebuildRigidBody
INFORMATION: Created 1f0c816d5e0.
Sept. 13, 2026 4:42:16 AM com.jme3.bullet.objects.PhysicsRigidBody rebuildRigidBody
INFORMATION: Created 1f0c816bf90.
Sept. 13, 2026 4:42:16 AM com.jme3.bullet.objects.PhysicsRigidBody rebuildRigidBody
INFORMATION: Created 1f0c816df70.
Sept. 13, 2026 4:42:16 AM com.jme3.bullet.objects.PhysicsRigidBody rebuildRigidBody
INFORMATION: Created 1f0c816cf80.
Sept. 13, 2026 4:42:16 AM com.jme3.bullet.objects.PhysicsRigidBody rebuildRigidBody
INFORMATION: Created 1f0c816bc60.
Sept. 13, 2026 4:42:16 AM com.jme3.bullet.objects.PhysicsRigidBody rebuildRigidBody
INFORMATION: Created 1f0c816e2a0.
Sept. 13, 2026 4:42:16 AM com.jme3.bullet.objects.PhysicsRigidBody rebuildRigidBody
INFORMATION: Created 1f0c816d910.
Sept. 13, 2026 4:42:16 AM com.jme3.bullet.objects.PhysicsRigidBody rebuildRigidBody
INFORMATION: Created 1f0c816d2b0.
Sept. 13, 2026 4:42:16 AM com.jme3.bullet.objects.PhysicsRigidBody rebuildRigidBody
INFORMATION: Created 1f0c816e5d0.
Sept. 13, 2026 4:42:16 AM com.jme3.bullet.objects.PhysicsRigidBody rebuildRigidBody
INFORMATION: Created 1f0c816afa0.
Sept. 13, 2026 4:42:16 AM com.jme3.bullet.objects.PhysicsRigidBody rebuildRigidBody
INFORMATION: Created 1f0c816a940.
Sept. 13, 2026 4:42:16 AM com.jme3.bullet.objects.PhysicsRigidBody rebuildRigidBody
INFORMATION: Created 1f0c816e900.
Sept. 13, 2026 4:42:16 AM com.jme3.bullet.objects.PhysicsRigidBody rebuildRigidBody
INFORMATION: Created 1f0c816ac70.
Sept. 13, 2026 4:42:16 AM com.jme3.bullet.objects.PhysicsRigidBody rebuildRigidBody
INFORMATION: Created 1f0c816ef60.
Sept. 13, 2026 4:42:16 AM com.jme3.bullet.objects.PhysicsRigidBody rebuildRigidBody
INFORMATION: Created 1f0c81705b0.
Sept. 13, 2026 4:42:16 AM com.jme3.bullet.objects.PhysicsRigidBody rebuildRigidBody
INFORMATION: Created 1f0c81718d0.
Sept. 13, 2026 4:42:16 AM com.jme3.bullet.objects.PhysicsRigidBody rebuildRigidBody
INFORMATION: Created 1f0c8171c00.
Sept. 13, 2026 4:42:16 AM com.jme3.bullet.objects.PhysicsRigidBody rebuildRigidBody
INFORMATION: Created 1f0c8171f30.
Sept. 13, 2026 4:42:16 AM com.jme3.bullet.objects.PhysicsRigidBody rebuildRigidBody
INFORMATION: Created 1f0c8172260.
Sept. 13, 2026 4:42:16 AM com.jme3.bullet.objects.PhysicsRigidBody rebuildRigidBody
INFORMATION: Created 1f0c8170f40.
Sept. 13, 2026 4:42:16 AM com.jme3.bullet.objects.PhysicsRigidBody rebuildRigidBody
INFORMATION: Created 1f0c81715a0.
Sept. 13, 2026 4:42:16 AM com.jme3.bullet.objects.PhysicsRigidBody rebuildRigidBody
INFORMATION: Created 1f0c81708e0.
Sept. 13, 2026 4:42:16 AM com.jme3.bullet.objects.PhysicsRigidBody rebuildRigidBody
INFORMATION: Created 1f0c8170c10.
Sept. 13, 2026 4:42:16 AM com.jme3.bullet.objects.PhysicsRigidBody rebuildRigidBody
INFORMATION: Created 1f0c816ff50.
Sept. 13, 2026 4:42:16 AM com.jme3.bullet.objects.PhysicsRigidBody rebuildRigidBody
INFORMATION: Created 1f0c8171270.
Sept. 13, 2026 4:42:16 AM com.jme3.bullet.objects.PhysicsRigidBody rebuildRigidBody
INFORMATION: Created 1f0c816f290.
Sept. 13, 2026 4:42:16 AM com.jme3.bullet.objects.PhysicsRigidBody rebuildRigidBody
INFORMATION: Created 1f0c8170280.
Sept. 13, 2026 4:42:16 AM com.jme3.bullet.objects.PhysicsRigidBody rebuildRigidBody
INFORMATION: Created 1f0c816ec30.
Sept. 13, 2026 4:42:16 AM com.jme3.bullet.objects.PhysicsRigidBody rebuildRigidBody
INFORMATION: Created 1f0c8172590.
Sept. 13, 2026 4:42:16 AM com.jme3.bullet.objects.PhysicsRigidBody rebuildRigidBody
INFORMATION: Created 1f0c81728c0.
Sept. 13, 2026 4:42:16 AM com.jme3.bullet.objects.PhysicsRigidBody rebuildRigidBody
INFORMATION: Created 1f0c8172bf0.
Sept. 13, 2026 4:42:16 AM com.jme3.bullet.objects.PhysicsRigidBody rebuildRigidBody
INFORMATION: Created 1f0c8172f20.
Sept. 13, 2026 4:42:16 AM com.jme3.bullet.objects.PhysicsRigidBody rebuildRigidBody
INFORMATION: Created 1f0c816f5c0.
Sept. 13, 2026 4:42:16 AM com.jme3.bullet.objects.PhysicsRigidBody rebuildRigidBody
INFORMATION: Created 1f0c8173250.
Sept. 13, 2026 4:42:16 AM com.jme3.bullet.objects.PhysicsRigidBody rebuildRigidBody
INFORMATION: Created 1f0c8173580.
Sept. 13, 2026 4:42:16 AM com.jme3.bullet.objects.PhysicsRigidBody rebuildRigidBody
INFORMATION: Created 1f0c816f8f0.
Sept. 13, 2026 4:42:16 AM com.jme3.bullet.objects.PhysicsRigidBody rebuildRigidBody
INFORMATION: Created 1f0c81738b0.
Sept. 13, 2026 4:42:16 AM com.jme3.bullet.objects.PhysicsRigidBody rebuildRigidBody
INFORMATION: Created 1f0c816fc20.
Sept. 13, 2026 4:42:16 AM com.jme3.bullet.objects.PhysicsRigidBody rebuildRigidBody
INFORMATION: Created 1f0c8173be0.
Sept. 13, 2026 4:42:16 AM com.jme3.bullet.objects.PhysicsRigidBody rebuildRigidBody
INFORMATION: Created 1f0c8174bd0.
Sept. 13, 2026 4:42:16 AM com.jme3.bullet.objects.PhysicsRigidBody rebuildRigidBody
INFORMATION: Created 1f0c8174f00.
Sept. 13, 2026 4:42:16 AM com.jme3.bullet.objects.PhysicsRigidBody rebuildRigidBody
INFORMATION: Created 1f0c8175230.
Sept. 13, 2026 4:42:16 AM com.jme3.bullet.objects.PhysicsRigidBody rebuildRigidBody
INFORMATION: Created 1f0c8173f10.
Sept. 13, 2026 4:42:16 AM com.jme3.bullet.objects.PhysicsRigidBody rebuildRigidBody
INFORMATION: Created 1f0c8175560.
Sept. 13, 2026 4:42:16 AM com.jme3.bullet.objects.PhysicsRigidBody rebuildRigidBody
INFORMATION: Created 1f0c8174240.
Sept. 13, 2026 4:42:16 AM com.jme3.bullet.objects.PhysicsRigidBody rebuildRigidBody
INFORMATION: Created 1f0c8174570.
Sept. 13, 2026 4:42:16 AM com.jme3.bullet.objects.PhysicsRigidBody rebuildRigidBody
INFORMATION: Created 1f0c81748a0.
Sept. 13, 2026 4:42:16 AM com.jme3.bullet.objects.PhysicsRigidBody rebuildRigidBody
INFORMATION: Created 1f0c8175890.
Sept. 13, 2026 4:42:16 AM com.jme3.bullet.objects.PhysicsRigidBody rebuildRigidBody
INFORMATION: Created 1f0c8177ba0.
Sept. 13, 2026 4:42:16 AM com.jme3.bullet.objects.PhysicsRigidBody rebuildRigidBody
INFORMATION: Created 1f0c8176ee0.
Sept. 13, 2026 4:42:16 AM com.jme3.bullet.objects.PhysicsRigidBody rebuildRigidBody
INFORMATION: Created 1f0c8178530.
Sept. 13, 2026 4:42:16 AM com.jme3.bullet.objects.PhysicsRigidBody rebuildRigidBody
INFORMATION: Created 1f0c8175ef0.
Sept. 13, 2026 4:42:16 AM com.jme3.bullet.objects.PhysicsRigidBody rebuildRigidBody
INFORMATION: Created 1f0c8177870.
Sept. 13, 2026 4:42:16 AM com.jme3.bullet.objects.PhysicsRigidBody rebuildRigidBody
INFORMATION: Created 1f0c8178ec0.
Sept. 13, 2026 4:42:16 AM com.jme3.bullet.objects.PhysicsRigidBody rebuildRigidBody
INFORMATION: Created 1f0c8176880.
Sept. 13, 2026 4:42:16 AM com.jme3.bullet.objects.PhysicsRigidBody rebuildRigidBody
INFORMATION: Created 1f0c8178860.
Sept. 13, 2026 4:42:16 AM com.jme3.bullet.objects.PhysicsRigidBody rebuildRigidBody
INFORMATION: Created 1f0c8179520.
Sept. 13, 2026 4:42:16 AM com.jme3.bullet.objects.PhysicsRigidBody rebuildRigidBody
INFORMATION: Created 1f0c8178200.
Sept. 13, 2026 4:42:16 AM com.jme3.bullet.objects.PhysicsRigidBody rebuildRigidBody
INFORMATION: Created 1f0c81791f0.
Sept. 13, 2026 4:42:16 AM com.jme3.bullet.objects.PhysicsRigidBody rebuildRigidBody
INFORMATION: Created 1f0c8177ed0.
Sept. 13, 2026 4:42:16 AM com.jme3.bullet.objects.PhysicsRigidBody rebuildRigidBody
INFORMATION: Created 1f0c8179850.
Sept. 13, 2026 4:42:16 AM com.jme3.bullet.objects.PhysicsRigidBody rebuildRigidBody
INFORMATION: Created 1f0c8178b90.
Sept. 13, 2026 4:42:16 AM com.jme3.bullet.objects.PhysicsRigidBody rebuildRigidBody
INFORMATION: Created 1f0c8176220.
Sept. 13, 2026 4:42:16 AM com.jme3.bullet.objects.PhysicsRigidBody rebuildRigidBody
INFORMATION: Created 1f0c8175bc0.
Sept. 13, 2026 4:42:16 AM com.jme3.bullet.objects.PhysicsRigidBody rebuildRigidBody
INFORMATION: Created 1f0c8179b80.
Sept. 13, 2026 4:42:16 AM com.jme3.bullet.objects.PhysicsRigidBody rebuildRigidBody
INFORMATION: Created 1f0c8179eb0.
Sept. 13, 2026 4:42:16 AM com.jme3.bullet.objects.PhysicsRigidBody rebuildRigidBody
INFORMATION: Created 1f0c817a1e0.
Sept. 13, 2026 4:42:16 AM com.jme3.bullet.objects.PhysicsRigidBody rebuildRigidBody
INFORMATION: Created 1f0c8176550.
Sept. 13, 2026 4:42:16 AM com.jme3.bullet.objects.PhysicsRigidBody rebuildRigidBody
INFORMATION: Created 1f0c817a510.
Sept. 13, 2026 4:42:16 AM com.jme3.bullet.objects.PhysicsRigidBody rebuildRigidBody
INFORMATION: Created 1f0c817a840.
Sept. 13, 2026 4:42:16 AM com.jme3.bullet.objects.PhysicsRigidBody rebuildRigidBody
INFORMATION: Created 1f0c8176bb0.
Sept. 13, 2026 4:42:16 AM com.jme3.bullet.objects.PhysicsRigidBody rebuildRigidBody
INFORMATION: Created 1f0c817ab70.
Sept. 13, 2026 4:42:16 AM com.jme3.bullet.objects.PhysicsRigidBody rebuildRigidBody
INFORMATION: Created 1f0c817aea0.
Sept. 13, 2026 4:42:16 AM com.jme3.bullet.objects.PhysicsRigidBody rebuildRigidBody
INFORMATION: Created 1f0c8177210.
Sept. 13, 2026 4:42:16 AM com.jme3.bullet.objects.PhysicsRigidBody rebuildRigidBody
INFORMATION: Created 1f0c817b1d0.
Sept. 13, 2026 4:42:16 AM com.jme3.bullet.objects.PhysicsRigidBody rebuildRigidBody
INFORMATION: Created 1f0c8177540.
Sept. 13, 2026 4:42:16 AM com.jme3.bullet.objects.PhysicsRigidBody rebuildRigidBody
INFORMATION: Created 1f0c817b500.
Sept. 13, 2026 4:42:16 AM com.jme3.bullet.objects.PhysicsRigidBody rebuildRigidBody
INFORMATION: Created 1f0c817b830.
Sept. 13, 2026 4:42:16 AM com.jme3.bullet.objects.PhysicsRigidBody rebuildRigidBody
INFORMATION: Created 1f0c817bb60.
Sept. 13, 2026 4:42:16 AM com.jme3.anim.SkinningControl controlRender
INFORMATION: Hardware skinning engaged for Scene (Node)
Sept. 13, 2026 4:42:16 AM com.jme3.anim.SkinningControl controlRender
INFORMATION: Hardware skinning engaged for Scene (Node)
Sept. 13, 2026 4:42:16 AM com.jme3.anim.SkinningControl controlRender
INFORMATION: Hardware skinning engaged for Scene (Node)
Sept. 13, 2026 4:42:16 AM com.jme3.anim.SkinningControl controlRender
INFORMATION: Hardware skinning engaged for Scene (Node)
[SMOKE] stage 11
[GAME] Spiel gespeichert.
[SMOKE] stage 12
Sept. 13, 2026 4:42:21 AM com.jme3.bullet.objects.PhysicsRigidBody rebuildRigidBody
INFORMATION: Created 1f0a4038d70.
Sept. 13, 2026 4:42:21 AM com.jme3.bullet.objects.PhysicsRigidBody rebuildRigidBody
INFORMATION: Created 1f0a40390a0.
Sept. 13, 2026 4:42:21 AM com.jme3.bullet.objects.PhysicsRigidBody rebuildRigidBody
INFORMATION: Created 1f0a4036730.
Sept. 13, 2026 4:42:21 AM com.jme3.bullet.objects.PhysicsRigidBody rebuildRigidBody
INFORMATION: Created 1f0a4036a60.
Sept. 13, 2026 4:42:21 AM com.jme3.bullet.objects.PhysicsRigidBody rebuildRigidBody
INFORMATION: Created 1f0a40360d0.
Sept. 13, 2026 4:42:21 AM com.jme3.bullet.objects.PhysicsRigidBody rebuildRigidBody
INFORMATION: Created 1f0a4037720.
Sept. 13, 2026 4:42:21 AM com.jme3.bullet.objects.PhysicsRigidBody rebuildRigidBody
INFORMATION: Created 1f0a4037d80.
Sept. 13, 2026 4:42:21 AM com.jme3.bullet.objects.PhysicsRigidBody rebuildRigidBody
INFORMATION: Created 1f0a4036d90.
Sept. 13, 2026 4:42:21 AM com.jme3.bullet.objects.PhysicsRigidBody rebuildRigidBody
INFORMATION: Created 1f0a4037a50.
Sept. 13, 2026 4:42:21 AM com.jme3.bullet.objects.PhysicsRigidBody rebuildRigidBody
INFORMATION: Created 1f0a4035740.
Sept. 13, 2026 4:42:21 AM com.jme3.bullet.objects.PhysicsRigidBody rebuildRigidBody
INFORMATION: Created 1f0a40370c0.
Sept. 13, 2026 4:42:21 AM com.jme3.bullet.objects.PhysicsRigidBody rebuildRigidBody
INFORMATION: Created 1f0a40373f0.
Sept. 13, 2026 4:42:21 AM com.jme3.bullet.objects.PhysicsRigidBody rebuildRigidBody
INFORMATION: Created 1f0a40380b0.
Sept. 13, 2026 4:42:21 AM com.jme3.bullet.objects.PhysicsRigidBody rebuildRigidBody
INFORMATION: Created 1f0a40383e0.
Sept. 13, 2026 4:42:21 AM com.jme3.bullet.objects.PhysicsRigidBody rebuildRigidBody
INFORMATION: Created 1f0a4038710.
Sept. 13, 2026 4:42:21 AM com.jme3.bullet.objects.PhysicsRigidBody rebuildRigidBody
INFORMATION: Created 1f0a4035a70.
Sept. 13, 2026 4:42:21 AM com.jme3.bullet.objects.PhysicsRigidBody rebuildRigidBody
INFORMATION: Created 1f0a4038a40.
Sept. 13, 2026 4:42:21 AM com.jme3.bullet.objects.PhysicsRigidBody rebuildRigidBody
INFORMATION: Created 1f0a4035410.
Sept. 13, 2026 4:42:21 AM com.jme3.bullet.objects.PhysicsRigidBody rebuildRigidBody
INFORMATION: Created 1f0a40393d0.
Sept. 13, 2026 4:42:21 AM com.jme3.bullet.objects.PhysicsRigidBody rebuildRigidBody
INFORMATION: Created 1f0a4039700.
Sept. 13, 2026 4:42:21 AM com.jme3.bullet.objects.PhysicsRigidBody rebuildRigidBody
INFORMATION: Created 1f0a4039a30.
Sept. 13, 2026 4:42:21 AM com.jme3.bullet.objects.PhysicsRigidBody rebuildRigidBody
INFORMATION: Created 1f0a4035da0.
Sept. 13, 2026 4:42:21 AM com.jme3.bullet.objects.PhysicsRigidBody rebuildRigidBody
INFORMATION: Created 1f0a403cd30.
Sept. 13, 2026 4:42:21 AM com.jme3.bullet.objects.PhysicsRigidBody rebuildRigidBody
INFORMATION: Created 1f0a403a090.
Sept. 13, 2026 4:42:21 AM com.jme3.bullet.objects.PhysicsRigidBody rebuildRigidBody
INFORMATION: Created 1f0a403d9f0.
Sept. 13, 2026 4:42:21 AM com.jme3.bullet.objects.PhysicsRigidBody rebuildRigidBody
INFORMATION: Created 1f0a403aa20.
Sept. 13, 2026 4:42:21 AM com.jme3.bullet.objects.PhysicsRigidBody rebuildRigidBody
INFORMATION: Created 1f0a403a3c0.
Sept. 13, 2026 4:42:21 AM com.jme3.bullet.objects.PhysicsRigidBody rebuildRigidBody
INFORMATION: Created 1f0a403ad50.
Sept. 13, 2026 4:42:21 AM com.jme3.bullet.objects.PhysicsRigidBody rebuildRigidBody
INFORMATION: Created 1f0a403b080.
Sept. 13, 2026 4:42:21 AM com.jme3.bullet.objects.PhysicsRigidBody rebuildRigidBody
INFORMATION: Created 1f0a403ca00.
Sept. 13, 2026 4:42:21 AM com.jme3.bullet.objects.PhysicsRigidBody rebuildRigidBody
INFORMATION: Created 1f0a4039d60.
Sept. 13, 2026 4:42:21 AM com.jme3.bullet.objects.PhysicsRigidBody rebuildRigidBody
INFORMATION: Created 1f0a403b6e0.
Sept. 13, 2026 4:42:21 AM com.jme3.bullet.objects.PhysicsRigidBody rebuildRigidBody
INFORMATION: Created 1f0a403b3b0.
Sept. 13, 2026 4:42:21 AM com.jme3.bullet.objects.PhysicsRigidBody rebuildRigidBody
INFORMATION: Created 1f0a403e380.
Sept. 13, 2026 4:42:21 AM com.jme3.bullet.objects.PhysicsRigidBody rebuildRigidBody
INFORMATION: Created 1f0a403c3a0.
Sept. 13, 2026 4:42:21 AM com.jme3.bullet.objects.PhysicsRigidBody rebuildRigidBody
INFORMATION: Created 1f0a403dd20.
Sept. 13, 2026 4:42:21 AM com.jme3.bullet.objects.PhysicsRigidBody rebuildRigidBody
INFORMATION: Created 1f0a403a6f0.
Sept. 13, 2026 4:42:21 AM com.jme3.bullet.objects.PhysicsRigidBody rebuildRigidBody
INFORMATION: Created 1f0a403e050.
Sept. 13, 2026 4:42:21 AM com.jme3.bullet.objects.PhysicsRigidBody rebuildRigidBody
INFORMATION: Created 1f0a403e6b0.
Sept. 13, 2026 4:42:21 AM com.jme3.bullet.objects.PhysicsRigidBody rebuildRigidBody
INFORMATION: Created 1f0a403e9e0.
Sept. 13, 2026 4:42:21 AM com.jme3.bullet.objects.PhysicsRigidBody rebuildRigidBody
INFORMATION: Created 1f0a403d390.
Sept. 13, 2026 4:42:21 AM com.jme3.bullet.objects.PhysicsRigidBody rebuildRigidBody
INFORMATION: Created 1f0a403d060.
Sept. 13, 2026 4:42:21 AM com.jme3.bullet.objects.PhysicsRigidBody rebuildRigidBody
INFORMATION: Created 1f0a403ed10.
Sept. 13, 2026 4:42:21 AM com.jme3.bullet.objects.PhysicsRigidBody rebuildRigidBody
INFORMATION: Created 1f0a403f040.
Sept. 13, 2026 4:42:21 AM com.jme3.bullet.objects.PhysicsRigidBody rebuildRigidBody
INFORMATION: Created 1f0a403d6c0.
Sept. 13, 2026 4:42:21 AM com.jme3.bullet.objects.PhysicsRigidBody rebuildRigidBody
INFORMATION: Created 1f0a403f370.
Sept. 13, 2026 4:42:21 AM com.jme3.bullet.objects.PhysicsRigidBody rebuildRigidBody
INFORMATION: Created 1f0a403f6a0.
Sept. 13, 2026 4:42:21 AM com.jme3.bullet.objects.PhysicsRigidBody rebuildRigidBody
INFORMATION: Created 1f0a403c070.
Sept. 13, 2026 4:42:21 AM com.jme3.bullet.objects.PhysicsRigidBody rebuildRigidBody
INFORMATION: Created 1f0a403ba10.
Sept. 13, 2026 4:42:21 AM com.jme3.bullet.objects.PhysicsRigidBody rebuildRigidBody
INFORMATION: Created 1f0a403bd40.
Sept. 13, 2026 4:42:21 AM com.jme3.bullet.objects.PhysicsRigidBody rebuildRigidBody
INFORMATION: Created 1f0a403f9d0.
Sept. 13, 2026 4:42:21 AM com.jme3.bullet.objects.PhysicsRigidBody rebuildRigidBody
INFORMATION: Created 1f0a403fd00.
Sept. 13, 2026 4:42:21 AM com.jme3.bullet.objects.PhysicsRigidBody rebuildRigidBody
INFORMATION: Created 1f0a4040030.
Sept. 13, 2026 4:42:21 AM com.jme3.bullet.objects.PhysicsRigidBody rebuildRigidBody
INFORMATION: Created 1f0a4040360.
Sept. 13, 2026 4:42:21 AM com.jme3.bullet.objects.PhysicsRigidBody rebuildRigidBody
INFORMATION: Created 1f0a403c6d0.
Sept. 13, 2026 4:42:21 AM com.jme3.bullet.objects.PhysicsRigidBody rebuildRigidBody
INFORMATION: Created 1f0a4040690.
Sept. 13, 2026 4:42:21 AM com.jme3.bullet.objects.PhysicsRigidBody rebuildRigidBody
INFORMATION: Created 1f0a40419b0.
Sept. 13, 2026 4:42:21 AM com.jme3.bullet.objects.PhysicsRigidBody rebuildRigidBody
INFORMATION: Created 1f0a40409c0.
Sept. 13, 2026 4:42:21 AM com.jme3.bullet.objects.PhysicsRigidBody rebuildRigidBody
INFORMATION: Created 1f0a4040cf0.
Sept. 13, 2026 4:42:21 AM com.jme3.bullet.objects.PhysicsRigidBody rebuildRigidBody
INFORMATION: Created 1f0a4041020.
Sept. 13, 2026 4:42:21 AM com.jme3.bullet.objects.PhysicsRigidBody rebuildRigidBody
INFORMATION: Created 1f0a4041ce0.
Sept. 13, 2026 4:42:21 AM com.jme3.bullet.objects.PhysicsRigidBody rebuildRigidBody
INFORMATION: Created 1f0a4041350.
Sept. 13, 2026 4:42:21 AM com.jme3.bullet.objects.PhysicsRigidBody rebuildRigidBody
INFORMATION: Created 1f0a4041680.
Sept. 13, 2026 4:42:21 AM com.jme3.bullet.objects.PhysicsRigidBody rebuildRigidBody
INFORMATION: Created 1f0a4043cc0.
Sept. 13, 2026 4:42:21 AM com.jme3.bullet.objects.PhysicsRigidBody rebuildRigidBody
INFORMATION: Created 1f0a4044980.
Sept. 13, 2026 4:42:21 AM com.jme3.bullet.objects.PhysicsRigidBody rebuildRigidBody
INFORMATION: Created 1f0a4043000.
Sept. 13, 2026 4:42:21 AM com.jme3.bullet.objects.PhysicsRigidBody rebuildRigidBody
INFORMATION: Created 1f0a4044fe0.
Sept. 13, 2026 4:42:21 AM com.jme3.bullet.objects.PhysicsRigidBody rebuildRigidBody
INFORMATION: Created 1f0a4045970.
Sept. 13, 2026 4:42:21 AM com.jme3.bullet.objects.PhysicsRigidBody rebuildRigidBody
INFORMATION: Created 1f0a4042010.
Sept. 13, 2026 4:42:21 AM com.jme3.bullet.objects.PhysicsRigidBody rebuildRigidBody
INFORMATION: Created 1f0a4043660.
Sept. 13, 2026 4:42:21 AM com.jme3.bullet.objects.PhysicsRigidBody rebuildRigidBody
INFORMATION: Created 1f0a4043330.
Sept. 13, 2026 4:42:21 AM com.jme3.bullet.objects.PhysicsRigidBody rebuildRigidBody
INFORMATION: Created 1f0a4043990.
Sept. 13, 2026 4:42:21 AM com.jme3.bullet.objects.PhysicsRigidBody rebuildRigidBody
INFORMATION: Created 1f0a4045310.
Sept. 13, 2026 4:42:21 AM com.jme3.bullet.objects.PhysicsRigidBody rebuildRigidBody
INFORMATION: Created 1f0a4042cd0.
Sept. 13, 2026 4:42:21 AM com.jme3.bullet.objects.PhysicsRigidBody rebuildRigidBody
INFORMATION: Created 1f0a4042340.
Sept. 13, 2026 4:42:21 AM com.jme3.bullet.objects.PhysicsRigidBody rebuildRigidBody
INFORMATION: Created 1f0a4045fd0.
Sept. 13, 2026 4:42:21 AM com.jme3.bullet.objects.PhysicsRigidBody rebuildRigidBody
INFORMATION: Created 1f0a4043ff0.
Sept. 13, 2026 4:42:21 AM com.jme3.bullet.objects.PhysicsRigidBody rebuildRigidBody
INFORMATION: Created 1f0a4044320.
Sept. 13, 2026 4:42:21 AM com.jme3.bullet.objects.PhysicsRigidBody rebuildRigidBody
INFORMATION: Created 1f0a4045640.
Sept. 13, 2026 4:42:21 AM com.jme3.bullet.objects.PhysicsRigidBody rebuildRigidBody
INFORMATION: Created 1f0a4044650.
Sept. 13, 2026 4:42:21 AM com.jme3.bullet.objects.PhysicsRigidBody rebuildRigidBody
INFORMATION: Created 1f0a4045ca0.
Sept. 13, 2026 4:42:21 AM com.jme3.bullet.objects.PhysicsRigidBody rebuildRigidBody
INFORMATION: Created 1f0a4044cb0.
Sept. 13, 2026 4:42:21 AM com.jme3.bullet.objects.PhysicsRigidBody rebuildRigidBody
INFORMATION: Created 1f0a4046300.
Sept. 13, 2026 4:42:21 AM com.jme3.bullet.objects.PhysicsRigidBody rebuildRigidBody
INFORMATION: Created 1f0a4042670.
Sept. 13, 2026 4:42:21 AM com.jme3.bullet.objects.PhysicsRigidBody rebuildRigidBody
INFORMATION: Created 1f0a4046630.
Sept. 13, 2026 4:42:21 AM com.jme3.bullet.objects.PhysicsRigidBody rebuildRigidBody
INFORMATION: Created 1f0a40429a0.
Sept. 13, 2026 4:42:21 AM com.jme3.bullet.objects.PhysicsRigidBody rebuildRigidBody
INFORMATION: Created 1f0a4046960.
Sept. 13, 2026 4:42:21 AM com.jme3.bullet.objects.PhysicsRigidBody rebuildRigidBody
INFORMATION: Created 1f0a404a920.
Sept. 13, 2026 4:42:21 AM com.jme3.bullet.objects.PhysicsRigidBody rebuildRigidBody
INFORMATION: Created 1f0a4049600.
Sept. 13, 2026 4:42:21 AM com.jme3.bullet.objects.PhysicsRigidBody rebuildRigidBody
INFORMATION: Created 1f0a4049930.
Sept. 13, 2026 4:42:21 AM com.jme3.bullet.objects.PhysicsRigidBody rebuildRigidBody
INFORMATION: Created 1f0a404a2c0.
Sept. 13, 2026 4:42:21 AM com.jme3.bullet.objects.PhysicsRigidBody rebuildRigidBody
INFORMATION: Created 1f0a4047c80.
Sept. 13, 2026 4:42:21 AM com.jme3.bullet.objects.PhysicsRigidBody rebuildRigidBody
INFORMATION: Created 1f0a4047950.
Sept. 13, 2026 4:42:21 AM com.jme3.bullet.objects.PhysicsRigidBody rebuildRigidBody
INFORMATION: Created 1f0a4049f90.
Sept. 13, 2026 4:42:21 AM com.jme3.bullet.objects.PhysicsRigidBody rebuildRigidBody
INFORMATION: Created 1f0a4048610.
Sept. 13, 2026 4:42:21 AM com.jme3.bullet.objects.PhysicsRigidBody rebuildRigidBody
INFORMATION: Created 1f0a4047fb0.
Sept. 13, 2026 4:42:21 AM com.jme3.bullet.objects.PhysicsRigidBody rebuildRigidBody
INFORMATION: Created 1f0a4049c60.
Sept. 13, 2026 4:42:21 AM com.jme3.bullet.objects.PhysicsRigidBody rebuildRigidBody
INFORMATION: Created 1f0a404a5f0.
Sept. 13, 2026 4:42:21 AM com.jme3.bullet.objects.PhysicsRigidBody rebuildRigidBody
INFORMATION: Created 1f0a40482e0.
Sept. 13, 2026 4:42:21 AM com.jme3.bullet.objects.PhysicsRigidBody rebuildRigidBody
INFORMATION: Created 1f0a40472f0.
Sept. 13, 2026 4:42:21 AM com.jme3.bullet.objects.PhysicsRigidBody rebuildRigidBody
INFORMATION: Created 1f0a4046c90.
Sept. 13, 2026 4:42:21 AM com.jme3.bullet.objects.PhysicsRigidBody rebuildRigidBody
INFORMATION: Created 1f0a4048940.
Sept. 13, 2026 4:42:21 AM com.jme3.bullet.objects.PhysicsRigidBody rebuildRigidBody
INFORMATION: Created 1f0a4048c70.
Sept. 13, 2026 4:42:21 AM com.jme3.bullet.objects.PhysicsRigidBody rebuildRigidBody
INFORMATION: Created 1f0a404ac50.
Sept. 13, 2026 4:42:21 AM com.jme3.bullet.objects.PhysicsRigidBody rebuildRigidBody
INFORMATION: Created 1f0a4048fa0.
Sept. 13, 2026 4:42:21 AM com.jme3.bullet.objects.PhysicsRigidBody rebuildRigidBody
INFORMATION: Created 1f0a40492d0.
Sept. 13, 2026 4:42:21 AM com.jme3.bullet.objects.PhysicsRigidBody rebuildRigidBody
INFORMATION: Created 1f0a4046fc0.
Sept. 13, 2026 4:42:21 AM com.jme3.bullet.objects.PhysicsRigidBody rebuildRigidBody
INFORMATION: Created 1f0a404af80.
Sept. 13, 2026 4:42:21 AM com.jme3.bullet.objects.PhysicsRigidBody rebuildRigidBody
INFORMATION: Created 1f0a404b2b0.
Sept. 13, 2026 4:42:21 AM com.jme3.bullet.objects.PhysicsRigidBody rebuildRigidBody
INFORMATION: Created 1f0a4047620.
Sept. 13, 2026 4:42:21 AM com.jme3.bullet.objects.PhysicsRigidBody rebuildRigidBody
INFORMATION: Created 1f0a404bf70.
Sept. 13, 2026 4:42:21 AM com.jme3.bullet.objects.PhysicsRigidBody rebuildRigidBody
INFORMATION: Created 1f0a404c900.
Sept. 13, 2026 4:42:21 AM com.jme3.bullet.objects.PhysicsRigidBody rebuildRigidBody
INFORMATION: Created 1f0a404b5e0.
Sept. 13, 2026 4:42:21 AM com.jme3.bullet.objects.PhysicsRigidBody rebuildRigidBody
INFORMATION: Created 1f0a404cc30.
Sept. 13, 2026 4:42:21 AM com.jme3.bullet.objects.PhysicsRigidBody rebuildRigidBody
INFORMATION: Created 1f0a404e8e0.
Sept. 13, 2026 4:42:21 AM com.jme3.bullet.objects.PhysicsRigidBody rebuildRigidBody
INFORMATION: Created 1f0a404cf60.
Sept. 13, 2026 4:42:21 AM com.jme3.bullet.objects.PhysicsRigidBody rebuildRigidBody
INFORMATION: Created 1f0a404b910.
Sept. 13, 2026 4:42:21 AM com.jme3.bullet.objects.PhysicsRigidBody rebuildRigidBody
INFORMATION: Created 1f0a404d290.
Sept. 13, 2026 4:42:21 AM com.jme3.bullet.objects.PhysicsRigidBody rebuildRigidBody
INFORMATION: Created 1f0a404d8f0.
Sept. 13, 2026 4:42:21 AM com.jme3.bullet.objects.PhysicsRigidBody rebuildRigidBody
INFORMATION: Created 1f0a404bc40.
Sept. 13, 2026 4:42:21 AM com.jme3.bullet.objects.PhysicsRigidBody rebuildRigidBody
INFORMATION: Created 1f0a404c2a0.
Sept. 13, 2026 4:42:21 AM com.jme3.bullet.objects.PhysicsRigidBody rebuildRigidBody
INFORMATION: Created 1f0a404d5c0.
Sept. 13, 2026 4:42:21 AM com.jme3.bullet.objects.PhysicsRigidBody rebuildRigidBody
INFORMATION: Created 1f0a404c5d0.
Sept. 13, 2026 4:42:21 AM com.jme3.bullet.objects.PhysicsRigidBody rebuildRigidBody
INFORMATION: Created 1f0a404dc20.
Sept. 13, 2026 4:42:21 AM com.jme3.bullet.objects.PhysicsRigidBody rebuildRigidBody
INFORMATION: Created 1f0a404df50.
Sept. 13, 2026 4:42:21 AM com.jme3.bullet.objects.PhysicsRigidBody rebuildRigidBody
INFORMATION: Created 1f0a404e280.
Sept. 13, 2026 4:42:21 AM com.jme3.bullet.objects.PhysicsRigidBody rebuildRigidBody
INFORMATION: Created 1f0a404e5b0.
Sept. 13, 2026 4:42:21 AM com.jme3.bullet.objects.PhysicsRigidBody rebuildRigidBody
INFORMATION: Created 1f0a404fc00.
Sept. 13, 2026 4:42:21 AM com.jme3.bullet.objects.PhysicsRigidBody rebuildRigidBody
INFORMATION: Created 1f0a404ff30.
Sept. 13, 2026 4:42:21 AM com.jme3.bullet.objects.PhysicsRigidBody rebuildRigidBody
INFORMATION: Created 1f0a4050260.
Sept. 13, 2026 4:42:21 AM com.jme3.bullet.objects.PhysicsRigidBody rebuildRigidBody
INFORMATION: Created 1f0a4050590.
Sept. 13, 2026 4:42:21 AM com.jme3.bullet.objects.PhysicsRigidBody rebuildRigidBody
INFORMATION: Created 1f0a40508c0.
Sept. 13, 2026 4:42:21 AM com.jme3.bullet.objects.PhysicsRigidBody rebuildRigidBody
INFORMATION: Created 1f0a404f5a0.
Sept. 13, 2026 4:42:21 AM com.jme3.bullet.objects.PhysicsRigidBody rebuildRigidBody
INFORMATION: Created 1f0a404ec10.
Sept. 13, 2026 4:42:21 AM com.jme3.bullet.objects.PhysicsRigidBody rebuildRigidBody
INFORMATION: Created 1f0a4050bf0.
Sept. 13, 2026 4:42:21 AM com.jme3.bullet.objects.PhysicsRigidBody rebuildRigidBody
INFORMATION: Created 1f0a4051be0.
Sept. 13, 2026 4:42:21 AM com.jme3.bullet.objects.PhysicsRigidBody rebuildRigidBody
INFORMATION: Created 1f0a4050f20.
Sept. 13, 2026 4:42:21 AM com.jme3.bullet.objects.PhysicsRigidBody rebuildRigidBody
INFORMATION: Created 1f0a4051250.
Sept. 13, 2026 4:42:21 AM com.jme3.bullet.objects.PhysicsRigidBody rebuildRigidBody
INFORMATION: Created 1f0a4051580.
Sept. 13, 2026 4:42:21 AM com.jme3.bullet.objects.PhysicsRigidBody rebuildRigidBody
INFORMATION: Created 1f0a404ef40.
Sept. 13, 2026 4:42:21 AM com.jme3.bullet.objects.PhysicsRigidBody rebuildRigidBody
INFORMATION: Created 1f0a40518b0.
Sept. 13, 2026 4:42:21 AM com.jme3.bullet.objects.PhysicsRigidBody rebuildRigidBody
INFORMATION: Created 1f0a40528a0.
Sept. 13, 2026 4:42:21 AM com.jme3.bullet.objects.PhysicsRigidBody rebuildRigidBody
INFORMATION: Created 1f0a4052bd0.
Sept. 13, 2026 4:42:21 AM com.jme3.bullet.objects.PhysicsRigidBody rebuildRigidBody
INFORMATION: Created 1f0a404f270.
Sept. 13, 2026 4:42:21 AM com.jme3.bullet.objects.PhysicsRigidBody rebuildRigidBody
INFORMATION: Created 1f0a4051f10.
Sept. 13, 2026 4:42:21 AM com.jme3.bullet.objects.PhysicsRigidBody rebuildRigidBody
INFORMATION: Created 1f0a4052240.
Sept. 13, 2026 4:42:21 AM com.jme3.bullet.objects.PhysicsRigidBody rebuildRigidBody
INFORMATION: Created 1f0a4052570.
Sept. 13, 2026 4:42:21 AM com.jme3.bullet.objects.PhysicsRigidBody rebuildRigidBody
INFORMATION: Created 1f0a4052f00.
Sept. 13, 2026 4:42:21 AM com.jme3.bullet.objects.PhysicsRigidBody rebuildRigidBody
INFORMATION: Created 1f0a4053230.
Sept. 13, 2026 4:42:21 AM com.jme3.bullet.objects.PhysicsRigidBody rebuildRigidBody
INFORMATION: Created 1f0a4053560.
Sept. 13, 2026 4:42:21 AM com.jme3.bullet.objects.PhysicsRigidBody rebuildRigidBody
INFORMATION: Created 1f0a404f8d0.
Sept. 13, 2026 4:42:21 AM com.jme3.bullet.objects.PhysicsRigidBody rebuildRigidBody
INFORMATION: Created 1f0a4053890.
[GAME] Spielstand geladen.
Sept. 13, 2026 4:42:21 AM com.jme3.anim.SkinningControl controlRender
INFORMATION: Hardware skinning engaged for Scene (Node)
Sept. 13, 2026 4:42:21 AM com.jme3.anim.SkinningControl controlRender
INFORMATION: Hardware skinning engaged for Scene (Node)
Sept. 13, 2026 4:42:21 AM com.jme3.anim.SkinningControl controlRender
INFORMATION: Hardware skinning engaged for Scene (Node)
Sept. 13, 2026 4:42:21 AM com.jme3.anim.SkinningControl controlRender
INFORMATION: Hardware skinning engaged for Scene (Node)
[SMOKE] stage 13
Sept. 13, 2026 4:42:23 AM com.jme3.bullet.objects.PhysicsRigidBody rebuildRigidBody
INFORMATION: Created 1f0a4053bc0.
Sept. 13, 2026 4:42:23 AM com.jme3.bullet.objects.PhysicsRigidBody rebuildRigidBody
INFORMATION: Created 1f0a4053ef0.
Sept. 13, 2026 4:42:23 AM com.jme3.bullet.objects.PhysicsRigidBody rebuildRigidBody
INFORMATION: Created 1f0a4054220.
Sept. 13, 2026 4:42:23 AM com.jme3.bullet.objects.PhysicsRigidBody rebuildRigidBody
INFORMATION: Created 1f0a4054550.
Sept. 13, 2026 4:42:23 AM com.jme3.bullet.objects.PhysicsRigidBody rebuildRigidBody
INFORMATION: Created 1f0a4054880.
Sept. 13, 2026 4:42:23 AM com.jme3.bullet.objects.PhysicsRigidBody rebuildRigidBody
INFORMATION: Created 1f0a4054bb0.
Sept. 13, 2026 4:42:23 AM com.jme3.bullet.objects.PhysicsRigidBody rebuildRigidBody
INFORMATION: Created 1f0a4054ee0.
Sept. 13, 2026 4:42:23 AM com.jme3.bullet.objects.PhysicsRigidBody rebuildRigidBody
INFORMATION: Created 1f0c816c920.
Sept. 13, 2026 4:42:23 AM com.jme3.bullet.objects.PhysicsRigidBody rebuildRigidBody
INFORMATION: Created 1f0c8169950.
Sept. 13, 2026 4:42:23 AM com.jme3.bullet.objects.PhysicsRigidBody rebuildRigidBody
INFORMATION: Created 1f0c8169c80.
Sept. 13, 2026 4:42:23 AM com.jme3.bullet.objects.PhysicsRigidBody rebuildRigidBody
INFORMATION: Created 1f0c816afa0.
Sept. 13, 2026 4:42:23 AM com.jme3.bullet.objects.PhysicsRigidBody rebuildRigidBody
INFORMATION: Created 1f0c816b2d0.
Sept. 13, 2026 4:42:23 AM com.jme3.bullet.objects.PhysicsRigidBody rebuildRigidBody
INFORMATION: Created 1f0c816bc60.
Sept. 13, 2026 4:42:23 AM com.jme3.bullet.objects.PhysicsRigidBody rebuildRigidBody
INFORMATION: Created 1f0c816b600.
Sept. 13, 2026 4:42:23 AM com.jme3.bullet.objects.PhysicsRigidBody rebuildRigidBody
INFORMATION: Created 1f0c816b930.
Sept. 13, 2026 4:42:23 AM com.jme3.bullet.objects.PhysicsRigidBody rebuildRigidBody
INFORMATION: Created 1f0c8168c90.
Sept. 13, 2026 4:42:23 AM com.jme3.bullet.objects.PhysicsRigidBody rebuildRigidBody
INFORMATION: Created 1f0c816cc50.
Sept. 13, 2026 4:42:23 AM com.jme3.bullet.objects.PhysicsRigidBody rebuildRigidBody
INFORMATION: Created 1f0c816bf90.
Sept. 13, 2026 4:42:23 AM com.jme3.bullet.objects.PhysicsRigidBody rebuildRigidBody
INFORMATION: Created 1f0c8168fc0.
Sept. 13, 2026 4:42:23 AM com.jme3.bullet.objects.PhysicsRigidBody rebuildRigidBody
INFORMATION: Created 1f0c816c2c0.
Sept. 13, 2026 4:42:23 AM com.jme3.bullet.objects.PhysicsRigidBody rebuildRigidBody
INFORMATION: Created 1f0c816a940.
Sept. 13, 2026 4:42:23 AM com.jme3.bullet.objects.PhysicsRigidBody rebuildRigidBody
INFORMATION: Created 1f0c816cf80.
Sept. 13, 2026 4:42:23 AM com.jme3.bullet.objects.PhysicsRigidBody rebuildRigidBody
INFORMATION: Created 1f0c816c5f0.
Sept. 13, 2026 4:42:23 AM com.jme3.bullet.objects.PhysicsRigidBody rebuildRigidBody
INFORMATION: Created 1f0c816ac70.
Sept. 13, 2026 4:42:23 AM com.jme3.bullet.objects.PhysicsRigidBody rebuildRigidBody
INFORMATION: Created 1f0c81692f0.
Sept. 13, 2026 4:42:23 AM com.jme3.bullet.objects.PhysicsRigidBody rebuildRigidBody
INFORMATION: Created 1f0c8169fb0.
Sept. 13, 2026 4:42:23 AM com.jme3.bullet.objects.PhysicsRigidBody rebuildRigidBody
INFORMATION: Created 1f0c816d2b0.
Sept. 13, 2026 4:42:23 AM com.jme3.bullet.objects.PhysicsRigidBody rebuildRigidBody
INFORMATION: Created 1f0c8169620.
Sept. 13, 2026 4:42:23 AM com.jme3.bullet.objects.PhysicsRigidBody rebuildRigidBody
INFORMATION: Created 1f0c816df70.
Sept. 13, 2026 4:42:23 AM com.jme3.bullet.objects.PhysicsRigidBody rebuildRigidBody
INFORMATION: Created 1f0c816d5e0.
Sept. 13, 2026 4:42:23 AM com.jme3.bullet.objects.PhysicsRigidBody rebuildRigidBody
INFORMATION: Created 1f0c816d910.
Sept. 13, 2026 4:42:23 AM com.jme3.bullet.objects.PhysicsRigidBody rebuildRigidBody
INFORMATION: Created 1f0c816dc40.
Sept. 13, 2026 4:42:23 AM com.jme3.bullet.objects.PhysicsRigidBody rebuildRigidBody
INFORMATION: Created 1f0c816a2e0.
Sept. 13, 2026 4:42:23 AM com.jme3.bullet.objects.PhysicsRigidBody rebuildRigidBody
INFORMATION: Created 1f0c816e2a0.
Sept. 13, 2026 4:42:23 AM com.jme3.bullet.objects.PhysicsRigidBody rebuildRigidBody
INFORMATION: Created 1f0c816a610.
Sept. 13, 2026 4:42:23 AM com.jme3.bullet.objects.PhysicsRigidBody rebuildRigidBody
INFORMATION: Created 1f0c8171f30.
Sept. 13, 2026 4:42:23 AM com.jme3.bullet.objects.PhysicsRigidBody rebuildRigidBody
INFORMATION: Created 1f0c81718d0.
Sept. 13, 2026 4:42:23 AM com.jme3.bullet.objects.PhysicsRigidBody rebuildRigidBody
INFORMATION: Created 1f0c8172260.
Sept. 13, 2026 4:42:23 AM com.jme3.bullet.objects.PhysicsRigidBody rebuildRigidBody
INFORMATION: Created 1f0c81708e0.
Sept. 13, 2026 4:42:23 AM com.jme3.bullet.objects.PhysicsRigidBody rebuildRigidBody
INFORMATION: Created 1f0c8170c10.
Sept. 13, 2026 4:42:23 AM com.jme3.bullet.objects.PhysicsRigidBody rebuildRigidBody
INFORMATION: Created 1f0c816ff50.
Sept. 13, 2026 4:42:23 AM com.jme3.bullet.objects.PhysicsRigidBody rebuildRigidBody
INFORMATION: Created 1f0c8171c00.
Sept. 13, 2026 4:42:23 AM com.jme3.bullet.objects.PhysicsRigidBody rebuildRigidBody
INFORMATION: Created 1f0c816e5d0.
Sept. 13, 2026 4:42:23 AM com.jme3.bullet.objects.PhysicsRigidBody rebuildRigidBody
INFORMATION: Created 1f0c8170280.
Sept. 13, 2026 4:42:23 AM com.jme3.bullet.objects.PhysicsRigidBody rebuildRigidBody
INFORMATION: Created 1f0c8172590.
Sept. 13, 2026 4:42:23 AM com.jme3.bullet.objects.PhysicsRigidBody rebuildRigidBody
INFORMATION: Created 1f0c816ef60.
Sept. 13, 2026 4:42:23 AM com.jme3.bullet.objects.PhysicsRigidBody rebuildRigidBody
INFORMATION: Created 1f0c8170f40.
Sept. 13, 2026 4:42:23 AM com.jme3.bullet.objects.PhysicsRigidBody rebuildRigidBody
INFORMATION: Created 1f0c8171270.
Sept. 13, 2026 4:42:23 AM com.jme3.bullet.objects.PhysicsRigidBody rebuildRigidBody
INFORMATION: Created 1f0c816f5c0.
Sept. 13, 2026 4:42:23 AM com.jme3.bullet.objects.PhysicsRigidBody rebuildRigidBody
INFORMATION: Created 1f0c816f8f0.
Sept. 13, 2026 4:42:23 AM com.jme3.bullet.objects.PhysicsRigidBody rebuildRigidBody
INFORMATION: Created 1f0c81715a0.
Sept. 13, 2026 4:42:23 AM com.jme3.bullet.objects.PhysicsRigidBody rebuildRigidBody
INFORMATION: Created 1f0c81705b0.
Sept. 13, 2026 4:42:23 AM com.jme3.bullet.objects.PhysicsRigidBody rebuildRigidBody
INFORMATION: Created 1f0c816fc20.
Sept. 13, 2026 4:42:23 AM com.jme3.bullet.objects.PhysicsRigidBody rebuildRigidBody
INFORMATION: Created 1f0c816e900.
Sept. 13, 2026 4:42:23 AM com.jme3.bullet.objects.PhysicsRigidBody rebuildRigidBody
INFORMATION: Created 1f0c81728c0.
Sept. 13, 2026 4:42:23 AM com.jme3.bullet.objects.PhysicsRigidBody rebuildRigidBody
INFORMATION: Created 1f0c816ec30.
Sept. 13, 2026 4:42:23 AM com.jme3.bullet.objects.PhysicsRigidBody rebuildRigidBody
INFORMATION: Created 1f0c8172bf0.
Sept. 13, 2026 4:42:23 AM com.jme3.bullet.objects.PhysicsRigidBody rebuildRigidBody
INFORMATION: Created 1f0c8172f20.
Sept. 13, 2026 4:42:23 AM com.jme3.bullet.objects.PhysicsRigidBody rebuildRigidBody
INFORMATION: Created 1f0c816f290.
Sept. 13, 2026 4:42:23 AM com.jme3.bullet.objects.PhysicsRigidBody rebuildRigidBody
INFORMATION: Created 1f0c8174f00.
Sept. 13, 2026 4:42:23 AM com.jme3.bullet.objects.PhysicsRigidBody rebuildRigidBody
INFORMATION: Created 1f0c8173250.
Sept. 13, 2026 4:42:23 AM com.jme3.bullet.objects.PhysicsRigidBody rebuildRigidBody
INFORMATION: Created 1f0c81748a0.
Sept. 13, 2026 4:42:23 AM com.jme3.bullet.objects.PhysicsRigidBody rebuildRigidBody
INFORMATION: Created 1f0c8173580.
Sept. 13, 2026 4:42:23 AM com.jme3.bullet.objects.PhysicsRigidBody rebuildRigidBody
INFORMATION: Created 1f0c8175230.
Sept. 13, 2026 4:42:23 AM com.jme3.bullet.objects.PhysicsRigidBody rebuildRigidBody
INFORMATION: Created 1f0c8174570.
Sept. 13, 2026 4:42:23 AM com.jme3.bullet.objects.PhysicsRigidBody rebuildRigidBody
INFORMATION: Created 1f0c81738b0.
Sept. 13, 2026 4:42:23 AM com.jme3.bullet.objects.PhysicsRigidBody rebuildRigidBody
INFORMATION: Created 1f0c8175560.
Sept. 13, 2026 4:42:23 AM com.jme3.bullet.objects.PhysicsRigidBody rebuildRigidBody
INFORMATION: Created 1f0c8173be0.
Sept. 13, 2026 4:42:23 AM com.jme3.bullet.objects.PhysicsRigidBody rebuildRigidBody
INFORMATION: Created 1f0c8174bd0.
Sept. 13, 2026 4:42:23 AM com.jme3.bullet.objects.PhysicsRigidBody rebuildRigidBody
INFORMATION: Created 1f0c8173f10.
Sept. 13, 2026 4:42:23 AM com.jme3.bullet.objects.PhysicsRigidBody rebuildRigidBody
INFORMATION: Created 1f0c8174240.
Sept. 13, 2026 4:42:23 AM com.jme3.bullet.objects.PhysicsRigidBody rebuildRigidBody
INFORMATION: Created 1f0c8177ed0.
Sept. 13, 2026 4:42:23 AM com.jme3.bullet.objects.PhysicsRigidBody rebuildRigidBody
INFORMATION: Created 1f0c81791f0.
Sept. 13, 2026 4:42:23 AM com.jme3.bullet.objects.PhysicsRigidBody rebuildRigidBody
INFORMATION: Created 1f0c8176550.
Sept. 13, 2026 4:42:23 AM com.jme3.bullet.objects.PhysicsRigidBody rebuildRigidBody
INFORMATION: Created 1f0c8177870.
Sept. 13, 2026 4:42:23 AM com.jme3.bullet.objects.PhysicsRigidBody rebuildRigidBody
INFORMATION: Created 1f0c8178200.
Sept. 13, 2026 4:42:23 AM com.jme3.bullet.objects.PhysicsRigidBody rebuildRigidBody
INFORMATION: Created 1f0c8178530.
Sept. 13, 2026 4:42:23 AM com.jme3.bullet.objects.PhysicsRigidBody rebuildRigidBody
INFORMATION: Created 1f0c8175ef0.
Sept. 13, 2026 4:42:23 AM com.jme3.bullet.objects.PhysicsRigidBody rebuildRigidBody
INFORMATION: Created 1f0c8176bb0.
Sept. 13, 2026 4:42:23 AM com.jme3.bullet.objects.PhysicsRigidBody rebuildRigidBody
INFORMATION: Created 1f0c8175bc0.
Sept. 13, 2026 4:42:23 AM com.jme3.bullet.objects.PhysicsRigidBody rebuildRigidBody
INFORMATION: Created 1f0c8178860.
Sept. 13, 2026 4:42:23 AM com.jme3.bullet.objects.PhysicsRigidBody rebuildRigidBody
INFORMATION: Created 1f0c8177210.
Sept. 13, 2026 4:42:23 AM com.jme3.bullet.objects.PhysicsRigidBody rebuildRigidBody
INFORMATION: Created 1f0c8178b90.
Sept. 13, 2026 4:42:23 AM com.jme3.bullet.objects.PhysicsRigidBody rebuildRigidBody
INFORMATION: Created 1f0c8179520.
Sept. 13, 2026 4:42:23 AM com.jme3.bullet.objects.PhysicsRigidBody rebuildRigidBody
INFORMATION: Created 1f0c8176880.
Sept. 13, 2026 4:42:23 AM com.jme3.bullet.objects.PhysicsRigidBody rebuildRigidBody
INFORMATION: Created 1f0c8178ec0.
Sept. 13, 2026 4:42:23 AM com.jme3.bullet.objects.PhysicsRigidBody rebuildRigidBody
INFORMATION: Created 1f0c8175890.
Sept. 13, 2026 4:42:23 AM com.jme3.bullet.objects.PhysicsRigidBody rebuildRigidBody
INFORMATION: Created 1f0c8179850.
Sept. 13, 2026 4:42:23 AM com.jme3.bullet.objects.PhysicsRigidBody rebuildRigidBody
INFORMATION: Created 1f0c8177540.
Sept. 13, 2026 4:42:23 AM com.jme3.bullet.objects.PhysicsRigidBody rebuildRigidBody
INFORMATION: Created 1f0c8176ee0.
Sept. 13, 2026 4:42:23 AM com.jme3.bullet.objects.PhysicsRigidBody rebuildRigidBody
INFORMATION: Created 1f0c8177ba0.
Sept. 13, 2026 4:42:23 AM com.jme3.bullet.objects.PhysicsRigidBody rebuildRigidBody
INFORMATION: Created 1f0c8179b80.
Sept. 13, 2026 4:42:23 AM com.jme3.bullet.objects.PhysicsRigidBody rebuildRigidBody
INFORMATION: Created 1f0c8179eb0.
Sept. 13, 2026 4:42:23 AM com.jme3.bullet.objects.PhysicsRigidBody rebuildRigidBody
INFORMATION: Created 1f0c8176220.
Sept. 13, 2026 4:42:23 AM com.jme3.bullet.objects.PhysicsRigidBody rebuildRigidBody
INFORMATION: Created 1f0c817a1e0.
Sept. 13, 2026 4:42:23 AM com.jme3.bullet.objects.PhysicsRigidBody rebuildRigidBody
INFORMATION: Created 1f0c817a510.
Sept. 13, 2026 4:42:23 AM com.jme3.bullet.objects.PhysicsRigidBody rebuildRigidBody
INFORMATION: Created 1f0c817a840.
Sept. 13, 2026 4:42:23 AM com.jme3.bullet.objects.PhysicsRigidBody rebuildRigidBody
INFORMATION: Created 1f0c817ab70.
Sept. 13, 2026 4:42:23 AM com.jme3.bullet.objects.PhysicsRigidBody rebuildRigidBody
INFORMATION: Created 1f0c817b1d0.
Sept. 13, 2026 4:42:23 AM com.jme3.bullet.objects.PhysicsRigidBody rebuildRigidBody
INFORMATION: Created 1f0c817aea0.
Sept. 13, 2026 4:42:23 AM com.jme3.bullet.objects.PhysicsRigidBody rebuildRigidBody
INFORMATION: Created 1f0c815ea00.
Sept. 13, 2026 4:42:23 AM com.jme3.bullet.objects.PhysicsRigidBody rebuildRigidBody
INFORMATION: Created 1f0c815dd40.
Sept. 13, 2026 4:42:23 AM com.jme3.bullet.objects.PhysicsRigidBody rebuildRigidBody
INFORMATION: Created 1f0c815e070.
Sept. 13, 2026 4:42:23 AM com.jme3.bullet.objects.PhysicsRigidBody rebuildRigidBody
INFORMATION: Created 1f0c815c6f0.
Sept. 13, 2026 4:42:23 AM com.jme3.bullet.objects.PhysicsRigidBody rebuildRigidBody
INFORMATION: Created 1f0c815d3b0.
Sept. 13, 2026 4:42:23 AM com.jme3.bullet.objects.PhysicsRigidBody rebuildRigidBody
INFORMATION: Created 1f0c815e6d0.
Sept. 13, 2026 4:42:23 AM com.jme3.bullet.objects.PhysicsRigidBody rebuildRigidBody
INFORMATION: Created 1f0c815ed30.
Sept. 13, 2026 4:42:23 AM com.jme3.bullet.objects.PhysicsRigidBody rebuildRigidBody
INFORMATION: Created 1f0c815c3c0.
Sept. 13, 2026 4:42:23 AM com.jme3.bullet.objects.PhysicsRigidBody rebuildRigidBody
INFORMATION: Created 1f0c815fd20.
Sept. 13, 2026 4:42:23 AM com.jme3.bullet.objects.PhysicsRigidBody rebuildRigidBody
INFORMATION: Created 1f0c815d6e0.
Sept. 13, 2026 4:42:23 AM com.jme3.bullet.objects.PhysicsRigidBody rebuildRigidBody
INFORMATION: Created 1f0c815da10.
Sept. 13, 2026 4:42:23 AM com.jme3.bullet.objects.PhysicsRigidBody rebuildRigidBody
INFORMATION: Created 1f0c815c090.
Sept. 13, 2026 4:42:23 AM com.jme3.bullet.objects.PhysicsRigidBody rebuildRigidBody
INFORMATION: Created 1f0c81619d0.
Sept. 13, 2026 4:42:23 AM com.jme3.bullet.objects.PhysicsRigidBody rebuildRigidBody
INFORMATION: Created 1f0c8161370.
Sept. 13, 2026 4:42:23 AM com.jme3.bullet.objects.PhysicsRigidBody rebuildRigidBody
INFORMATION: Created 1f0c8161040.
Sept. 13, 2026 4:42:23 AM com.jme3.bullet.objects.PhysicsRigidBody rebuildRigidBody
INFORMATION: Created 1f0c81616a0.
Sept. 13, 2026 4:42:23 AM com.jme3.bullet.objects.PhysicsRigidBody rebuildRigidBody
INFORMATION: Created 1f0c8163680.
Sept. 13, 2026 4:42:23 AM com.jme3.bullet.objects.PhysicsRigidBody rebuildRigidBody
INFORMATION: Created 1f0c8161d00.
Sept. 13, 2026 4:42:23 AM com.jme3.bullet.objects.PhysicsRigidBody rebuildRigidBody
INFORMATION: Created 1f0c8162030.
Sept. 13, 2026 4:42:23 AM com.jme3.bullet.objects.PhysicsRigidBody rebuildRigidBody
INFORMATION: Created 1f0c81606b0.
Sept. 13, 2026 4:42:23 AM com.jme3.bullet.objects.PhysicsRigidBody rebuildRigidBody
INFORMATION: Created 1f0c8162360.
Sept. 13, 2026 4:42:23 AM com.jme3.bullet.objects.PhysicsRigidBody rebuildRigidBody
INFORMATION: Created 1f0c8163ce0.
Sept. 13, 2026 4:42:23 AM com.jme3.bullet.objects.PhysicsRigidBody rebuildRigidBody
INFORMATION: Created 1f0c8162690.
Sept. 13, 2026 4:42:23 AM com.jme3.bullet.objects.PhysicsRigidBody rebuildRigidBody
INFORMATION: Created 1f0c8163350.
Sept. 13, 2026 4:42:23 AM com.jme3.bullet.objects.PhysicsRigidBody rebuildRigidBody
INFORMATION: Created 1f0c81609e0.
Sept. 13, 2026 4:42:23 AM com.jme3.bullet.objects.PhysicsRigidBody rebuildRigidBody
INFORMATION: Created 1f0c81629c0.
Sept. 13, 2026 4:42:23 AM com.jme3.bullet.objects.PhysicsRigidBody rebuildRigidBody
INFORMATION: Created 1f0c8162cf0.
Sept. 13, 2026 4:42:23 AM com.jme3.bullet.objects.PhysicsRigidBody rebuildRigidBody
INFORMATION: Created 1f0c8160d10.
Sept. 13, 2026 4:42:23 AM com.jme3.bullet.objects.PhysicsRigidBody rebuildRigidBody
INFORMATION: Created 1f0c8163020.
Sept. 13, 2026 4:42:23 AM com.jme3.bullet.objects.PhysicsRigidBody rebuildRigidBody
INFORMATION: Created 1f0c81639b0.
Sept. 13, 2026 4:42:23 AM com.jme3.bullet.objects.PhysicsRigidBody rebuildRigidBody
INFORMATION: Created 1f0c8160050.
Sept. 13, 2026 4:42:23 AM com.jme3.bullet.objects.PhysicsRigidBody rebuildRigidBody
INFORMATION: Created 1f0c8164010.
Sept. 13, 2026 4:42:23 AM com.jme3.bullet.objects.PhysicsRigidBody rebuildRigidBody
INFORMATION: Created 1f0c8160380.
Sept. 13, 2026 4:42:23 AM com.jme3.bullet.objects.PhysicsRigidBody rebuildRigidBody
INFORMATION: Created 1f0c81649a0.
Sept. 13, 2026 4:42:23 AM com.jme3.bullet.objects.PhysicsRigidBody rebuildRigidBody
INFORMATION: Created 1f0c8166650.
Sept. 13, 2026 4:42:23 AM com.jme3.bullet.objects.PhysicsRigidBody rebuildRigidBody
INFORMATION: Created 1f0c8166980.
Sept. 13, 2026 4:42:23 AM com.jme3.bullet.objects.PhysicsRigidBody rebuildRigidBody
INFORMATION: Created 1f0c8167310.
Sept. 13, 2026 4:42:23 AM com.jme3.bullet.objects.PhysicsRigidBody rebuildRigidBody
INFORMATION: Created 1f0c8166cb0.
Sept. 13, 2026 4:42:23 AM com.jme3.bullet.objects.PhysicsRigidBody rebuildRigidBody
INFORMATION: Created 1f0c8166fe0.
Sept. 13, 2026 4:42:23 AM com.jme3.bullet.objects.PhysicsRigidBody rebuildRigidBody
INFORMATION: Created 1f0c8164cd0.
Sept. 13, 2026 4:42:23 AM com.jme3.bullet.objects.PhysicsRigidBody rebuildRigidBody
INFORMATION: Created 1f0c8167fd0.
Sept. 13, 2026 4:42:23 AM com.jme3.bullet.objects.PhysicsRigidBody rebuildRigidBody
INFORMATION: Created 1f0c8167640.
Sept. 13, 2026 4:42:23 AM com.jme3.bullet.objects.PhysicsRigidBody rebuildRigidBody
INFORMATION: Created 1f0c8164340.
Sept. 13, 2026 4:42:23 AM com.jme3.bullet.objects.PhysicsRigidBody rebuildRigidBody
INFORMATION: Created 1f0c8167970.
Sept. 13, 2026 4:42:23 AM com.jme3.bullet.objects.PhysicsRigidBody rebuildRigidBody
INFORMATION: Created 1f0c8165cc0.
Sept. 13, 2026 4:42:23 AM com.jme3.bullet.objects.PhysicsRigidBody rebuildRigidBody
INFORMATION: Created 1f0c8168300.
Sept. 13, 2026 4:42:23 AM com.jme3.bullet.objects.PhysicsRigidBody rebuildRigidBody
INFORMATION: Created 1f0c8167ca0.
Sept. 13, 2026 4:42:23 AM com.jme3.bullet.objects.PhysicsRigidBody rebuildRigidBody
INFORMATION: Created 1f0c8165ff0.
Sept. 13, 2026 4:42:23 AM com.jme3.bullet.objects.PhysicsRigidBody rebuildRigidBody
INFORMATION: Created 1f0c8164670.
Sept. 13, 2026 4:42:23 AM com.jme3.bullet.objects.PhysicsRigidBody rebuildRigidBody
INFORMATION: Created 1f0c8165330.
Sept. 13, 2026 4:42:23 AM com.jme3.bullet.objects.PhysicsRigidBody rebuildRigidBody
INFORMATION: Created 1f0c8168630.
Sept. 13, 2026 4:42:23 AM com.jme3.bullet.objects.PhysicsRigidBody rebuildRigidBody
INFORMATION: Created 1f0c8168960.
[GAME] Willkommen im Ödland. Folge dem Feuer zu Mira. [E]
Sept. 13, 2026 4:42:23 AM com.jme3.bullet.objects.PhysicsRigidBody rebuildRigidBody
INFORMATION: Created 1f0c8165000.
Sept. 13, 2026 4:42:23 AM com.jme3.bullet.objects.PhysicsRigidBody rebuildRigidBody
INFORMATION: Created 1f0c8165660.
Sept. 13, 2026 4:42:23 AM com.jme3.bullet.objects.PhysicsRigidBody rebuildRigidBody
INFORMATION: Created 1f0c8165990.
Sept. 13, 2026 4:42:23 AM com.jme3.bullet.objects.PhysicsRigidBody rebuildRigidBody
INFORMATION: Created 1f0c8166320.
Sept. 13, 2026 4:42:23 AM com.jme3.bullet.objects.PhysicsRigidBody rebuildRigidBody
INFORMATION: Created 1f0a7cecf90.
Sept. 13, 2026 4:42:23 AM com.jme3.bullet.objects.PhysicsRigidBody rebuildRigidBody
INFORMATION: Created 1f0a7ced2c0.
Sept. 13, 2026 4:42:23 AM com.jme3.bullet.objects.PhysicsRigidBody rebuildRigidBody
INFORMATION: Created 1f0a7cee5e0.
Sept. 13, 2026 4:42:23 AM com.jme3.bullet.objects.PhysicsRigidBody rebuildRigidBody
INFORMATION: Created 1f0a7ceef70.
Sept. 13, 2026 4:42:23 AM com.jme3.bullet.objects.PhysicsRigidBody rebuildRigidBody
INFORMATION: Created 1f0a7ced5f0.
Sept. 13, 2026 4:42:23 AM com.jme3.bullet.objects.PhysicsRigidBody rebuildRigidBody
INFORMATION: Created 1f0a7ced920.
Sept. 13, 2026 4:42:23 AM com.jme3.bullet.objects.PhysicsRigidBody rebuildRigidBody
INFORMATION: Created 1f0a7cef2a0.
Sept. 13, 2026 4:42:23 AM com.jme3.bullet.objects.PhysicsRigidBody rebuildRigidBody
INFORMATION: Created 1f0a7cee910.
Sept. 13, 2026 4:42:23 AM com.jme3.bullet.objects.PhysicsRigidBody rebuildRigidBody
INFORMATION: Created 1f0a7cedc50.
Sept. 13, 2026 4:42:23 AM com.jme3.bullet.objects.PhysicsRigidBody rebuildRigidBody
INFORMATION: Created 1f0a7cec2d0.
Sept. 13, 2026 4:42:23 AM com.jme3.bullet.objects.PhysicsRigidBody rebuildRigidBody
INFORMATION: Created 1f0a7cedf80.
Sept. 13, 2026 4:42:23 AM com.jme3.bullet.objects.PhysicsRigidBody rebuildRigidBody
INFORMATION: Created 1f0a7cef5d0.
Sept. 13, 2026 4:42:23 AM com.jme3.bullet.objects.PhysicsRigidBody rebuildRigidBody
INFORMATION: Created 1f0a7cec600.
Sept. 13, 2026 4:42:23 AM com.jme3.bullet.objects.PhysicsRigidBody rebuildRigidBody
INFORMATION: Created 1f0a7cec930.
Sept. 13, 2026 4:42:23 AM com.jme3.bullet.objects.PhysicsRigidBody rebuildRigidBody
INFORMATION: Created 1f0a7cef900.
Sept. 13, 2026 4:42:23 AM com.jme3.bullet.objects.PhysicsRigidBody rebuildRigidBody
INFORMATION: Created 1f0a7ceec40.
Sept. 13, 2026 4:42:23 AM com.jme3.bullet.objects.PhysicsRigidBody rebuildRigidBody
INFORMATION: Created 1f0a7cefc30.
Sept. 13, 2026 4:42:23 AM com.jme3.bullet.objects.PhysicsRigidBody rebuildRigidBody
INFORMATION: Created 1f0a7cebfa0.
Sept. 13, 2026 4:42:23 AM com.jme3.bullet.objects.PhysicsRigidBody rebuildRigidBody
INFORMATION: Created 1f0a7cee2b0.
Sept. 13, 2026 4:42:23 AM com.jme3.bullet.objects.PhysicsRigidBody rebuildRigidBody
INFORMATION: Created 1f0a7ceff60.
Sept. 13, 2026 4:42:23 AM com.jme3.bullet.objects.PhysicsRigidBody rebuildRigidBody
INFORMATION: Created 1f0a7cecc60.
Sept. 13, 2026 4:42:23 AM com.jme3.bullet.objects.PhysicsRigidBody rebuildRigidBody
INFORMATION: Created 1f0a7cf2f30.
Sept. 13, 2026 4:42:23 AM com.jme3.bullet.objects.PhysicsRigidBody rebuildRigidBody
INFORMATION: Created 1f0a7cf38c0.
Sept. 13, 2026 4:42:23 AM com.jme3.bullet.objects.PhysicsRigidBody rebuildRigidBody
INFORMATION: Created 1f0a7cf1280.
Sept. 13, 2026 4:42:23 AM com.jme3.bullet.objects.PhysicsRigidBody rebuildRigidBody
INFORMATION: Created 1f0a7cf3260.
Sept. 13, 2026 4:42:23 AM com.jme3.bullet.objects.PhysicsRigidBody rebuildRigidBody
INFORMATION: Created 1f0a7cf3f20.
Sept. 13, 2026 4:42:23 AM com.jme3.bullet.objects.PhysicsRigidBody rebuildRigidBody
INFORMATION: Created 1f0a7cf25a0.
Sept. 13, 2026 4:42:23 AM com.jme3.bullet.objects.PhysicsRigidBody rebuildRigidBody
INFORMATION: Created 1f0a7cf0f50.
Sept. 13, 2026 4:42:23 AM com.jme3.bullet.objects.PhysicsRigidBody rebuildRigidBody
INFORMATION: Created 1f0a7cf3590.
Sept. 13, 2026 4:42:23 AM com.jme3.bullet.objects.PhysicsRigidBody rebuildRigidBody
INFORMATION: Created 1f0a7cf28d0.
Sept. 13, 2026 4:42:23 AM com.jme3.bullet.objects.PhysicsRigidBody rebuildRigidBody
INFORMATION: Created 1f0a7cf2c00.
Sept. 13, 2026 4:42:23 AM com.jme3.bullet.objects.PhysicsRigidBody rebuildRigidBody
INFORMATION: Created 1f0a7cf18e0.
Sept. 13, 2026 4:42:23 AM com.jme3.bullet.objects.PhysicsRigidBody rebuildRigidBody
INFORMATION: Created 1f0a7cf0c20.
Sept. 13, 2026 4:42:23 AM com.jme3.bullet.objects.PhysicsRigidBody rebuildRigidBody
INFORMATION: Created 1f0a7cf1f40.
Sept. 13, 2026 4:42:23 AM com.jme3.bullet.objects.PhysicsRigidBody rebuildRigidBody
INFORMATION: Created 1f0a7cf1c10.
Sept. 13, 2026 4:42:23 AM com.jme3.bullet.objects.PhysicsRigidBody rebuildRigidBody
INFORMATION: Created 1f0a7cf0290.
Sept. 13, 2026 4:42:23 AM com.jme3.bullet.objects.PhysicsRigidBody rebuildRigidBody
INFORMATION: Created 1f0a7cf4250.
Sept. 13, 2026 4:42:23 AM com.jme3.bullet.objects.PhysicsRigidBody rebuildRigidBody
INFORMATION: Created 1f0a7cf3bf0.
Sept. 13, 2026 4:42:23 AM com.jme3.bullet.objects.PhysicsRigidBody rebuildRigidBody
INFORMATION: Created 1f0a7cf15b0.
Sept. 13, 2026 4:42:23 AM com.jme3.bullet.objects.PhysicsRigidBody rebuildRigidBody
INFORMATION: Created 1f0a7cf2270.
Sept. 13, 2026 4:42:23 AM com.jme3.bullet.objects.PhysicsRigidBody rebuildRigidBody
INFORMATION: Created 1f0a7cf05c0.
Sept. 13, 2026 4:42:23 AM com.jme3.bullet.objects.PhysicsRigidBody rebuildRigidBody
INFORMATION: Created 1f0a7cf4580.
Sept. 13, 2026 4:42:23 AM com.jme3.bullet.objects.PhysicsRigidBody rebuildRigidBody
INFORMATION: Created 1f0a7cf08f0.
Sept. 13, 2026 4:42:23 AM com.jme3.bullet.objects.PhysicsRigidBody rebuildRigidBody
INFORMATION: Created 1f0a7cf58a0.
Sept. 13, 2026 4:42:23 AM com.jme3.bullet.objects.PhysicsRigidBody rebuildRigidBody
INFORMATION: Created 1f0a7cf5f00.
Sept. 13, 2026 4:42:23 AM com.jme3.bullet.objects.PhysicsRigidBody rebuildRigidBody
INFORMATION: Created 1f0a7cf6ef0.
Sept. 13, 2026 4:42:23 AM com.jme3.bullet.objects.PhysicsRigidBody rebuildRigidBody
INFORMATION: Created 1f0a7cf5bd0.
Sept. 13, 2026 4:42:23 AM com.jme3.bullet.objects.PhysicsRigidBody rebuildRigidBody
INFORMATION: Created 1f0a7cf6bc0.
Sept. 13, 2026 4:42:23 AM com.jme3.bullet.objects.PhysicsRigidBody rebuildRigidBody
INFORMATION: Created 1f0a7cf4be0.
Sept. 13, 2026 4:42:23 AM com.jme3.bullet.objects.PhysicsRigidBody rebuildRigidBody
INFORMATION: Created 1f0a7cf7220.
Sept. 13, 2026 4:42:23 AM com.jme3.bullet.objects.PhysicsRigidBody rebuildRigidBody
INFORMATION: Created 1f0a7cf7550.
Sept. 13, 2026 4:42:23 AM com.jme3.bullet.objects.PhysicsRigidBody rebuildRigidBody
INFORMATION: Created 1f0a7cf7880.
Sept. 13, 2026 4:42:23 AM com.jme3.bullet.objects.PhysicsRigidBody rebuildRigidBody
INFORMATION: Created 1f0a7cf6890.
Sept. 13, 2026 4:42:23 AM com.jme3.bullet.objects.PhysicsRigidBody rebuildRigidBody
INFORMATION: Created 1f0a7cf4f10.
Sept. 13, 2026 4:42:23 AM com.jme3.bullet.objects.PhysicsRigidBody rebuildRigidBody
INFORMATION: Created 1f0a7cf8210.
Sept. 13, 2026 4:42:23 AM com.jme3.bullet.objects.PhysicsRigidBody rebuildRigidBody
INFORMATION: Created 1f0a7cf5570.
Sept. 13, 2026 4:42:23 AM com.jme3.bullet.objects.PhysicsRigidBody rebuildRigidBody
INFORMATION: Created 1f0a7cf7bb0.
Sept. 13, 2026 4:42:23 AM com.jme3.bullet.objects.PhysicsRigidBody rebuildRigidBody
INFORMATION: Created 1f0a7cf7ee0.
Sept. 13, 2026 4:42:23 AM com.jme3.bullet.objects.PhysicsRigidBody rebuildRigidBody
INFORMATION: Created 1f0a7cf8540.
Sept. 13, 2026 4:42:23 AM com.jme3.bullet.objects.PhysicsRigidBody rebuildRigidBody
INFORMATION: Created 1f0a7cf6230.
Sept. 13, 2026 4:42:23 AM com.jme3.bullet.objects.PhysicsRigidBody rebuildRigidBody
INFORMATION: Created 1f0a7cf6560.
Sept. 13, 2026 4:42:23 AM com.jme3.bullet.objects.PhysicsRigidBody rebuildRigidBody
INFORMATION: Created 1f0a7cf5240.
Sept. 13, 2026 4:42:23 AM com.jme3.bullet.objects.PhysicsRigidBody rebuildRigidBody
INFORMATION: Created 1f0a7cf48b0.
Sept. 13, 2026 4:42:23 AM com.jme3.bullet.objects.PhysicsRigidBody rebuildRigidBody
INFORMATION: Created 1f0a7cf8870.
Sept. 13, 2026 4:42:23 AM com.jme3.bullet.objects.PhysicsRigidBody rebuildRigidBody
INFORMATION: Created 1f0a7cfbb70.
Sept. 13, 2026 4:42:23 AM com.jme3.bullet.objects.PhysicsRigidBody rebuildRigidBody
INFORMATION: Created 1f0a7cfc830.
Sept. 13, 2026 4:42:23 AM com.jme3.bullet.objects.PhysicsRigidBody rebuildRigidBody
INFORMATION: Created 1f0a7cf9b90.
Sept. 13, 2026 4:42:23 AM com.jme3.bullet.objects.PhysicsRigidBody rebuildRigidBody
INFORMATION: Created 1f0a7cfbea0.
Sept. 13, 2026 4:42:23 AM com.jme3.bullet.objects.PhysicsRigidBody rebuildRigidBody
INFORMATION: Created 1f0a7cf8ba0.
Sept. 13, 2026 4:42:23 AM com.jme3.bullet.objects.PhysicsRigidBody rebuildRigidBody
INFORMATION: Created 1f0a7cfb840.
Sept. 13, 2026 4:42:23 AM com.jme3.bullet.objects.PhysicsRigidBody rebuildRigidBody
INFORMATION: Created 1f0a7cfb510.
Sept. 13, 2026 4:42:23 AM com.jme3.bullet.objects.PhysicsRigidBody rebuildRigidBody
INFORMATION: Created 1f0a7cfaeb0.
Sept. 13, 2026 4:42:23 AM com.jme3.bullet.objects.PhysicsRigidBody rebuildRigidBody
INFORMATION: Created 1f0a7cf9530.
Sept. 13, 2026 4:42:23 AM com.jme3.bullet.objects.PhysicsRigidBody rebuildRigidBody
INFORMATION: Created 1f0a7cfcb60.
Sept. 13, 2026 4:42:23 AM com.jme3.bullet.objects.PhysicsRigidBody rebuildRigidBody
INFORMATION: Created 1f0a7cf9ec0.
Sept. 13, 2026 4:42:23 AM com.jme3.bullet.objects.PhysicsRigidBody rebuildRigidBody
INFORMATION: Created 1f0a7cfb1e0.
Sept. 13, 2026 4:42:23 AM com.jme3.bullet.objects.PhysicsRigidBody rebuildRigidBody
INFORMATION: Created 1f0a7cfc1d0.
Sept. 13, 2026 4:42:23 AM com.jme3.bullet.objects.PhysicsRigidBody rebuildRigidBody
INFORMATION: Created 1f0a7cfc500.
Sept. 13, 2026 4:42:23 AM com.jme3.bullet.objects.PhysicsRigidBody rebuildRigidBody
INFORMATION: Created 1f0a7cfa1f0.
Sept. 13, 2026 4:42:23 AM com.jme3.bullet.objects.PhysicsRigidBody rebuildRigidBody
INFORMATION: Created 1f0a7cfa520.
Sept. 13, 2026 4:42:23 AM com.jme3.bullet.objects.PhysicsRigidBody rebuildRigidBody
INFORMATION: Created 1f0a7cf9200.
Sept. 13, 2026 4:42:23 AM com.jme3.bullet.objects.PhysicsRigidBody rebuildRigidBody
INFORMATION: Created 1f0a7cf8ed0.
Sept. 13, 2026 4:42:23 AM com.jme3.bullet.objects.PhysicsRigidBody rebuildRigidBody
INFORMATION: Created 1f0a7cfce90.
Sept. 13, 2026 4:42:23 AM com.jme3.bullet.objects.PhysicsRigidBody rebuildRigidBody
INFORMATION: Created 1f0a7cfd1c0.
Sept. 13, 2026 4:42:23 AM com.jme3.bullet.objects.PhysicsRigidBody rebuildRigidBody
INFORMATION: Created 1f0a7cfd4f0.
Sept. 13, 2026 4:42:23 AM com.jme3.bullet.objects.PhysicsRigidBody rebuildRigidBody
INFORMATION: Created 1f0a7cfa850.
Sept. 13, 2026 4:42:23 AM com.jme3.bullet.objects.PhysicsRigidBody rebuildRigidBody
INFORMATION: Created 1f0a7cfab80.
Sept. 13, 2026 4:42:23 AM com.jme3.bullet.objects.PhysicsRigidBody rebuildRigidBody
INFORMATION: Created 1f0a7cf9860.
Sept. 13, 2026 4:42:23 AM com.jme3.bullet.objects.PhysicsRigidBody rebuildRigidBody
INFORMATION: Created 1f0a7cfd820.
Sept. 13, 2026 4:42:23 AM com.jme3.bullet.objects.PhysicsRigidBody rebuildRigidBody
INFORMATION: Created 1f0a7cfdb50.
Sept. 13, 2026 4:42:23 AM com.jme3.bullet.objects.PhysicsRigidBody rebuildRigidBody
INFORMATION: Created 1f0a7d00b20.
Sept. 13, 2026 4:42:23 AM com.jme3.bullet.objects.PhysicsRigidBody rebuildRigidBody
INFORMATION: Created 1f0a7cff1a0.
Sept. 13, 2026 4:42:23 AM com.jme3.bullet.objects.PhysicsRigidBody rebuildRigidBody
INFORMATION: Created 1f0a7cfe810.
Sept. 13, 2026 4:42:23 AM com.jme3.bullet.objects.PhysicsRigidBody rebuildRigidBody
INFORMATION: Created 1f0a7d00190.
Sept. 13, 2026 4:42:23 AM com.jme3.bullet.objects.PhysicsRigidBody rebuildRigidBody
INFORMATION: Created 1f0a7cff4d0.
Sept. 13, 2026 4:42:23 AM com.jme3.bullet.objects.PhysicsRigidBody rebuildRigidBody
INFORMATION: Created 1f0a7d004c0.
Sept. 13, 2026 4:42:23 AM com.jme3.bullet.objects.PhysicsRigidBody rebuildRigidBody
INFORMATION: Created 1f0a7cfee70.
Sept. 13, 2026 4:42:23 AM com.jme3.bullet.objects.PhysicsRigidBody rebuildRigidBody
INFORMATION: Created 1f0a7cfeb40.
Sept. 13, 2026 4:42:23 AM com.jme3.bullet.objects.PhysicsRigidBody rebuildRigidBody
INFORMATION: Created 1f0a7cff800.
Sept. 13, 2026 4:42:23 AM com.jme3.bullet.objects.PhysicsRigidBody rebuildRigidBody
INFORMATION: Created 1f0a7cffb30.
Sept. 13, 2026 4:42:23 AM com.jme3.bullet.objects.PhysicsRigidBody rebuildRigidBody
INFORMATION: Created 1f0a7d00e50.
Sept. 13, 2026 4:42:23 AM com.jme3.bullet.objects.PhysicsRigidBody rebuildRigidBody
INFORMATION: Created 1f0a7cffe60.
Sept. 13, 2026 4:42:23 AM com.jme3.bullet.objects.PhysicsRigidBody rebuildRigidBody
INFORMATION: Created 1f0a7d007f0.
Sept. 13, 2026 4:42:23 AM com.jme3.bullet.objects.PhysicsRigidBody rebuildRigidBody
INFORMATION: Created 1f0a7cfe4e0.
Sept. 13, 2026 4:42:23 AM com.jme3.bullet.objects.PhysicsRigidBody rebuildRigidBody
INFORMATION: Created 1f0a7d01180.
Sept. 13, 2026 4:42:23 AM com.jme3.bullet.objects.PhysicsRigidBody rebuildRigidBody
INFORMATION: Created 1f0a7d014b0.
Sept. 13, 2026 4:42:23 AM com.jme3.bullet.objects.PhysicsRigidBody rebuildRigidBody
INFORMATION: Created 1f0a7cfe1b0.
Sept. 13, 2026 4:42:23 AM com.jme3.bullet.objects.PhysicsRigidBody rebuildRigidBody
INFORMATION: Created 1f0a7cfde80.
Sept. 13, 2026 4:42:23 AM com.jme3.bullet.objects.PhysicsRigidBody rebuildRigidBody
INFORMATION: Created 1f0a7d04ae0.
Sept. 13, 2026 4:42:23 AM com.jme3.bullet.objects.PhysicsRigidBody rebuildRigidBody
INFORMATION: Created 1f0a7d02e30.
Sept. 13, 2026 4:42:23 AM com.jme3.bullet.objects.PhysicsRigidBody rebuildRigidBody
INFORMATION: Created 1f0a7d037c0.
Sept. 13, 2026 4:42:23 AM com.jme3.bullet.objects.PhysicsRigidBody rebuildRigidBody
INFORMATION: Created 1f0a7d05470.
Sept. 13, 2026 4:42:23 AM com.jme3.bullet.objects.PhysicsRigidBody rebuildRigidBody
INFORMATION: Created 1f0a7d03af0.
Sept. 13, 2026 4:42:23 AM com.jme3.bullet.objects.PhysicsRigidBody rebuildRigidBody
INFORMATION: Created 1f0a7d01b10.
Sept. 13, 2026 4:42:23 AM com.jme3.bullet.objects.PhysicsRigidBody rebuildRigidBody
INFORMATION: Created 1f0a7d024a0.
Sept. 13, 2026 4:42:23 AM com.jme3.bullet.objects.PhysicsRigidBody rebuildRigidBody
INFORMATION: Created 1f0a7d04150.
Sept. 13, 2026 4:42:23 AM com.jme3.bullet.objects.PhysicsRigidBody rebuildRigidBody
INFORMATION: Created 1f0a7d05140.
Sept. 13, 2026 4:42:23 AM com.jme3.bullet.objects.PhysicsRigidBody rebuildRigidBody
INFORMATION: Created 1f0a7d03490.
Sept. 13, 2026 4:42:23 AM com.jme3.bullet.objects.PhysicsRigidBody rebuildRigidBody
INFORMATION: Created 1f0a7d027d0.
Sept. 13, 2026 4:42:23 AM com.jme3.bullet.objects.PhysicsRigidBody rebuildRigidBody
INFORMATION: Created 1f0a7d03e20.
Sept. 13, 2026 4:42:23 AM com.jme3.bullet.objects.PhysicsRigidBody rebuildRigidBody
INFORMATION: Created 1f0a7d03160.
Sept. 13, 2026 4:42:23 AM com.jme3.bullet.objects.PhysicsRigidBody rebuildRigidBody
INFORMATION: Created 1f0a7d02b00.
Sept. 13, 2026 4:42:23 AM com.jme3.bullet.objects.PhysicsRigidBody rebuildRigidBody
INFORMATION: Created 1f0a7d04480.
Sept. 13, 2026 4:42:23 AM com.jme3.bullet.objects.PhysicsRigidBody rebuildRigidBody
INFORMATION: Created 1f0a7d047b0.
Sept. 13, 2026 4:42:23 AM com.jme3.bullet.objects.PhysicsRigidBody rebuildRigidBody
INFORMATION: Created 1f0a7d04e10.
Sept. 13, 2026 4:42:23 AM com.jme3.bullet.objects.PhysicsRigidBody rebuildRigidBody
INFORMATION: Created 1f0a7d017e0.
Sept. 13, 2026 4:42:23 AM com.jme3.bullet.objects.PhysicsRigidBody rebuildRigidBody
INFORMATION: Created 1f0a7d02170.
Sept. 13, 2026 4:42:23 AM com.jme3.bullet.objects.PhysicsRigidBody rebuildRigidBody
INFORMATION: Created 1f0a7d01e40.
Sept. 13, 2026 4:42:23 AM com.jme3.bullet.objects.PhysicsRigidBody rebuildRigidBody
INFORMATION: Created 1f0a7d07780.
Sept. 13, 2026 4:42:23 AM com.jme3.bullet.objects.PhysicsRigidBody rebuildRigidBody
INFORMATION: Created 1f0a7d057a0.
Sept. 13, 2026 4:42:23 AM com.jme3.bullet.objects.PhysicsRigidBody rebuildRigidBody
INFORMATION: Created 1f0a7d08110.
Sept. 13, 2026 4:42:23 AM com.jme3.bullet.objects.PhysicsRigidBody rebuildRigidBody
INFORMATION: Created 1f0a7d07450.
Sept. 13, 2026 4:42:23 AM com.jme3.bullet.objects.PhysicsRigidBody rebuildRigidBody
INFORMATION: Created 1f0a7d09430.
Sept. 13, 2026 4:42:23 AM com.jme3.bullet.objects.PhysicsRigidBody rebuildRigidBody
INFORMATION: Created 1f0a7d08aa0.
Sept. 13, 2026 4:42:23 AM com.jme3.bullet.objects.PhysicsRigidBody rebuildRigidBody
INFORMATION: Created 1f0a7d07de0.
Sept. 13, 2026 4:42:23 AM com.jme3.bullet.objects.PhysicsRigidBody rebuildRigidBody
INFORMATION: Created 1f0a7d06790.
Sept. 13, 2026 4:42:23 AM com.jme3.bullet.objects.PhysicsRigidBody rebuildRigidBody
INFORMATION: Created 1f0a7d08770.
Sept. 13, 2026 4:42:23 AM com.jme3.bullet.objects.PhysicsRigidBody rebuildRigidBody
INFORMATION: Created 1f0a7d08440.
Sept. 13, 2026 4:42:23 AM com.jme3.bullet.objects.PhysicsRigidBody rebuildRigidBody
INFORMATION: Created 1f0a7d08dd0.
Sept. 13, 2026 4:42:23 AM com.jme3.bullet.objects.PhysicsRigidBody rebuildRigidBody
INFORMATION: Created 1f0a7d07120.
Sept. 13, 2026 4:42:23 AM com.jme3.bullet.objects.PhysicsRigidBody rebuildRigidBody
INFORMATION: Created 1f0a7d06460.
Sept. 13, 2026 4:42:23 AM com.jme3.bullet.objects.PhysicsRigidBody rebuildRigidBody
INFORMATION: Created 1f0a7d07ab0.
Sept. 13, 2026 4:42:23 AM com.jme3.bullet.objects.PhysicsRigidBody rebuildRigidBody
INFORMATION: Created 1f0a7d06ac0.
Sept. 13, 2026 4:42:23 AM com.jme3.bullet.objects.PhysicsRigidBody rebuildRigidBody
INFORMATION: Created 1f0a7d06df0.
Sept. 13, 2026 4:42:23 AM com.jme3.bullet.objects.PhysicsRigidBody rebuildRigidBody
INFORMATION: Created 1f0a7d05ad0.
Sept. 13, 2026 4:42:23 AM com.jme3.bullet.objects.PhysicsRigidBody rebuildRigidBody
INFORMATION: Created 1f0a7d05e00.
Sept. 13, 2026 4:42:23 AM com.jme3.bullet.objects.PhysicsRigidBody rebuildRigidBody
INFORMATION: Created 1f0a7d09100.
Sept. 13, 2026 4:42:23 AM com.jme3.bullet.objects.PhysicsRigidBody rebuildRigidBody
INFORMATION: Created 1f0a7d09760.
[CHECK] A new campaign must not respawn into the previous save
Sept. 13, 2026 4:42:23 AM com.jme3.anim.SkinningControl controlRender
INFORMATION: Hardware skinning engaged for Scene (Node)
Sept. 13, 2026 4:42:23 AM com.jme3.anim.SkinningControl controlRender
INFORMATION: Hardware skinning engaged for Scene (Node)
Sept. 13, 2026 4:42:23 AM com.jme3.anim.SkinningControl controlRender
INFORMATION: Hardware skinning engaged for Scene (Node)
Sept. 13, 2026 4:42:23 AM com.jme3.anim.SkinningControl controlRender
INFORMATION: Hardware skinning engaged for Scene (Node)
[SMOKE] stage 14
[GAME] Treffer  +22
[SMOKE] stage 15
[CHECK] Physical melee must hit the enemy
[GAME] Goblin besiegt  +35 EP  +8 Gold
[GAME] Goblin besiegt  +35 EP  +8 Gold
[GAME] Auftrag erfüllt: Ein Licht im Ödland  +40 EP
[GAME] Stufe 2 erreicht! K: Fähigkeiten verbessern.
[CHECK] Mira opens a dialogue
[CHECK] Mira starts the campaign
Sept. 13, 2026 4:42:29 AM com.jme3.bullet.objects.PhysicsRigidBody rebuildRigidBody
INFORMATION: Created 1f0a7d09a90.
Sept. 13, 2026 4:42:29 AM com.jme3.bullet.objects.PhysicsRigidBody rebuildRigidBody
INFORMATION: Created 1f0a7d06130.
Sept. 13, 2026 4:42:29 AM com.jme3.bullet.objects.PhysicsRigidBody rebuildRigidBody
INFORMATION: Created 1f0a7d0a0f0.
Sept. 13, 2026 4:42:29 AM com.jme3.bullet.objects.PhysicsRigidBody rebuildRigidBody
INFORMATION: Created 1f0a7d0b410.
Sept. 13, 2026 4:42:29 AM com.jme3.bullet.objects.PhysicsRigidBody rebuildRigidBody
INFORMATION: Created 1f0a7d0b740.
Sept. 13, 2026 4:42:29 AM com.jme3.bullet.objects.PhysicsRigidBody rebuildRigidBody
INFORMATION: Created 1f0a7d0a420.
Sept. 13, 2026 4:42:29 AM com.jme3.bullet.objects.PhysicsRigidBody rebuildRigidBody
INFORMATION: Created 1f0a7d0a750.
Sept. 13, 2026 4:42:29 AM com.jme3.bullet.objects.PhysicsRigidBody rebuildRigidBody
INFORMATION: Created 1f0a7d0aa80.
Sept. 13, 2026 4:42:29 AM com.jme3.bullet.objects.PhysicsRigidBody rebuildRigidBody
INFORMATION: Created 1f0a7d0adb0.
Sept. 13, 2026 4:42:29 AM com.jme3.bullet.objects.PhysicsRigidBody rebuildRigidBody
INFORMATION: Created 1f0a7d0b0e0.
Sept. 13, 2026 4:42:29 AM com.jme3.bullet.objects.PhysicsRigidBody rebuildRigidBody
INFORMATION: Created 1f0a7d0ba70.
Sept. 13, 2026 4:42:29 AM com.jme3.bullet.objects.PhysicsRigidBody rebuildRigidBody
INFORMATION: Created 1f0c816b930.
Sept. 13, 2026 4:42:29 AM com.jme3.bullet.objects.PhysicsRigidBody rebuildRigidBody
INFORMATION: Created 1f0c816bf90.
Sept. 13, 2026 4:42:29 AM com.jme3.bullet.objects.PhysicsRigidBody rebuildRigidBody
INFORMATION: Created 1f0c816afa0.
Sept. 13, 2026 4:42:29 AM com.jme3.bullet.objects.PhysicsRigidBody rebuildRigidBody
INFORMATION: Created 1f0c8168c90.
Sept. 13, 2026 4:42:29 AM com.jme3.bullet.objects.PhysicsRigidBody rebuildRigidBody
INFORMATION: Created 1f0c8168fc0.
Sept. 13, 2026 4:42:29 AM com.jme3.bullet.objects.PhysicsRigidBody rebuildRigidBody
INFORMATION: Created 1f0c816a940.
Sept. 13, 2026 4:42:29 AM com.jme3.bullet.objects.PhysicsRigidBody rebuildRigidBody
INFORMATION: Created 1f0c816a2e0.
Sept. 13, 2026 4:42:29 AM com.jme3.bullet.objects.PhysicsRigidBody rebuildRigidBody
INFORMATION: Created 1f0c816b2d0.
Sept. 13, 2026 4:42:29 AM com.jme3.bullet.objects.PhysicsRigidBody rebuildRigidBody
INFORMATION: Created 1f0c8169620.
Sept. 13, 2026 4:42:29 AM com.jme3.bullet.objects.PhysicsRigidBody rebuildRigidBody
INFORMATION: Created 1f0c816a610.
Sept. 13, 2026 4:42:29 AM com.jme3.bullet.objects.PhysicsRigidBody rebuildRigidBody
INFORMATION: Created 1f0c816b600.
Sept. 13, 2026 4:42:29 AM com.jme3.bullet.objects.PhysicsRigidBody rebuildRigidBody
INFORMATION: Created 1f0c816cf80.
Sept. 13, 2026 4:42:29 AM com.jme3.bullet.objects.PhysicsRigidBody rebuildRigidBody
INFORMATION: Created 1f0c816c2c0.
Sept. 13, 2026 4:42:29 AM com.jme3.bullet.objects.PhysicsRigidBody rebuildRigidBody
INFORMATION: Created 1f0c816cc50.
Sept. 13, 2026 4:42:29 AM com.jme3.bullet.objects.PhysicsRigidBody rebuildRigidBody
INFORMATION: Created 1f0c8169950.
Sept. 13, 2026 4:42:29 AM com.jme3.bullet.objects.PhysicsRigidBody rebuildRigidBody
INFORMATION: Created 1f0c8169c80.
Sept. 13, 2026 4:42:29 AM com.jme3.bullet.objects.PhysicsRigidBody rebuildRigidBody
INFORMATION: Created 1f0c816bc60.
Sept. 13, 2026 4:42:29 AM com.jme3.bullet.objects.PhysicsRigidBody rebuildRigidBody
INFORMATION: Created 1f0c8169fb0.
Sept. 13, 2026 4:42:29 AM com.jme3.bullet.objects.PhysicsRigidBody rebuildRigidBody
INFORMATION: Created 1f0c816c5f0.
Sept. 13, 2026 4:42:29 AM com.jme3.bullet.objects.PhysicsRigidBody rebuildRigidBody
INFORMATION: Created 1f0c816c920.
Sept. 13, 2026 4:42:29 AM com.jme3.bullet.objects.PhysicsRigidBody rebuildRigidBody
INFORMATION: Created 1f0c816ac70.
Sept. 13, 2026 4:42:29 AM com.jme3.bullet.objects.PhysicsRigidBody rebuildRigidBody
INFORMATION: Created 1f0c81692f0.
Sept. 13, 2026 4:42:29 AM com.jme3.bullet.objects.PhysicsRigidBody rebuildRigidBody
INFORMATION: Created 1f0c816d2b0.
Sept. 13, 2026 4:42:29 AM com.jme3.bullet.objects.PhysicsRigidBody rebuildRigidBody
INFORMATION: Created 1f0c816fc20.
Sept. 13, 2026 4:42:29 AM com.jme3.bullet.objects.PhysicsRigidBody rebuildRigidBody
INFORMATION: Created 1f0c816ec30.
Sept. 13, 2026 4:42:29 AM com.jme3.bullet.objects.PhysicsRigidBody rebuildRigidBody
INFORMATION: Created 1f0c816ef60.
Sept. 13, 2026 4:42:29 AM com.jme3.bullet.objects.PhysicsRigidBody rebuildRigidBody
INFORMATION: Created 1f0c816d5e0.
Sept. 13, 2026 4:42:29 AM com.jme3.bullet.objects.PhysicsRigidBody rebuildRigidBody
INFORMATION: Created 1f0c816e2a0.
Sept. 13, 2026 4:42:29 AM com.jme3.bullet.objects.PhysicsRigidBody rebuildRigidBody
INFORMATION: Created 1f0c816f8f0.
Sept. 13, 2026 4:42:29 AM com.jme3.bullet.objects.PhysicsRigidBody rebuildRigidBody
INFORMATION: Created 1f0c816df70.
Sept. 13, 2026 4:42:29 AM com.jme3.bullet.objects.PhysicsRigidBody rebuildRigidBody
INFORMATION: Created 1f0c816f290.
Sept. 13, 2026 4:42:29 AM com.jme3.bullet.objects.PhysicsRigidBody rebuildRigidBody
INFORMATION: Created 1f0c816e5d0.
Sept. 13, 2026 4:42:29 AM com.jme3.bullet.objects.PhysicsRigidBody rebuildRigidBody
INFORMATION: Created 1f0c816ff50.
Sept. 13, 2026 4:42:29 AM com.jme3.bullet.objects.PhysicsRigidBody rebuildRigidBody
INFORMATION: Created 1f0c8171270.
Sept. 13, 2026 4:42:29 AM com.jme3.bullet.objects.PhysicsRigidBody rebuildRigidBody
INFORMATION: Created 1f0c816d910.
Sept. 13, 2026 4:42:29 AM com.jme3.bullet.objects.PhysicsRigidBody rebuildRigidBody
INFORMATION: Created 1f0c816f5c0.
Sept. 13, 2026 4:42:29 AM com.jme3.bullet.objects.PhysicsRigidBody rebuildRigidBody
INFORMATION: Created 1f0c81715a0.
Sept. 13, 2026 4:42:29 AM com.jme3.bullet.objects.PhysicsRigidBody rebuildRigidBody
INFORMATION: Created 1f0c8170280.
Sept. 13, 2026 4:42:29 AM com.jme3.bullet.objects.PhysicsRigidBody rebuildRigidBody
INFORMATION: Created 1f0c816e900.
Sept. 13, 2026 4:42:29 AM com.jme3.bullet.objects.PhysicsRigidBody rebuildRigidBody
INFORMATION: Created 1f0c81705b0.
Sept. 13, 2026 4:42:29 AM com.jme3.bullet.objects.PhysicsRigidBody rebuildRigidBody
INFORMATION: Created 1f0c8170c10.
Sept. 13, 2026 4:42:29 AM com.jme3.bullet.objects.PhysicsRigidBody rebuildRigidBody
INFORMATION: Created 1f0c81708e0.
Sept. 13, 2026 4:42:29 AM com.jme3.bullet.objects.PhysicsRigidBody rebuildRigidBody
INFORMATION: Created 1f0c8170f40.
Sept. 13, 2026 4:42:29 AM com.jme3.bullet.objects.PhysicsRigidBody rebuildRigidBody
INFORMATION: Created 1f0c81718d0.
Sept. 13, 2026 4:42:29 AM com.jme3.bullet.objects.PhysicsRigidBody rebuildRigidBody
INFORMATION: Created 1f0c816dc40.
Sept. 13, 2026 4:42:29 AM com.jme3.bullet.objects.PhysicsRigidBody rebuildRigidBody
INFORMATION: Created 1f0c8175560.
Sept. 13, 2026 4:42:29 AM com.jme3.bullet.objects.PhysicsRigidBody rebuildRigidBody
INFORMATION: Created 1f0c8175230.
Sept. 13, 2026 4:42:29 AM com.jme3.bullet.objects.PhysicsRigidBody rebuildRigidBody
INFORMATION: Created 1f0c81738b0.
Sept. 13, 2026 4:42:29 AM com.jme3.bullet.objects.PhysicsRigidBody rebuildRigidBody
INFORMATION: Created 1f0c8173f10.
Sept. 13, 2026 4:42:29 AM com.jme3.bullet.objects.PhysicsRigidBody rebuildRigidBody
INFORMATION: Created 1f0c8171c00.
Sept. 13, 2026 4:42:29 AM com.jme3.bullet.objects.PhysicsRigidBody rebuildRigidBody
INFORMATION: Created 1f0c8171f30.
Sept. 13, 2026 4:42:29 AM com.jme3.bullet.objects.PhysicsRigidBody rebuildRigidBody
INFORMATION: Created 1f0c8172260.
Sept. 13, 2026 4:42:29 AM com.jme3.bullet.objects.PhysicsRigidBody rebuildRigidBody
INFORMATION: Created 1f0c8173250.
Sept. 13, 2026 4:42:29 AM com.jme3.bullet.objects.PhysicsRigidBody rebuildRigidBody
INFORMATION: Created 1f0c8173be0.
Sept. 13, 2026 4:42:29 AM com.jme3.bullet.objects.PhysicsRigidBody rebuildRigidBody
INFORMATION: Created 1f0c8172590.
Sept. 13, 2026 4:42:29 AM com.jme3.bullet.objects.PhysicsRigidBody rebuildRigidBody
INFORMATION: Created 1f0c8173580.
Sept. 13, 2026 4:42:29 AM com.jme3.bullet.objects.PhysicsRigidBody rebuildRigidBody
INFORMATION: Created 1f0c81728c0.
Sept. 13, 2026 4:42:29 AM com.jme3.bullet.objects.PhysicsRigidBody rebuildRigidBody
INFORMATION: Created 1f0c8172bf0.
Sept. 13, 2026 4:42:29 AM com.jme3.bullet.objects.PhysicsRigidBody rebuildRigidBody
INFORMATION: Created 1f0c8172f20.
Sept. 13, 2026 4:42:29 AM com.jme3.bullet.objects.PhysicsRigidBody rebuildRigidBody
INFORMATION: Created 1f0c8174240.
Sept. 13, 2026 4:42:29 AM com.jme3.bullet.objects.PhysicsRigidBody rebuildRigidBody
INFORMATION: Created 1f0c8174570.
Sept. 13, 2026 4:42:29 AM com.jme3.bullet.objects.PhysicsRigidBody rebuildRigidBody
INFORMATION: Created 1f0c81748a0.
Sept. 13, 2026 4:42:29 AM com.jme3.bullet.objects.PhysicsRigidBody rebuildRigidBody
INFORMATION: Created 1f0c8174bd0.
Sept. 13, 2026 4:42:29 AM com.jme3.bullet.objects.PhysicsRigidBody rebuildRigidBody
INFORMATION: Created 1f0c8174f00.
Sept. 13, 2026 4:42:29 AM com.jme3.bullet.objects.PhysicsRigidBody rebuildRigidBody
INFORMATION: Created 1f0c8175890.
Sept. 13, 2026 4:42:29 AM com.jme3.bullet.objects.PhysicsRigidBody rebuildRigidBody
INFORMATION: Created 1f0c8178530.
Sept. 13, 2026 4:42:29 AM com.jme3.bullet.objects.PhysicsRigidBody rebuildRigidBody
INFORMATION: Created 1f0c8177870.
Sept. 13, 2026 4:42:29 AM com.jme3.bullet.objects.PhysicsRigidBody rebuildRigidBody
INFORMATION: Created 1f0c8178860.
Sept. 13, 2026 4:42:29 AM com.jme3.bullet.objects.PhysicsRigidBody rebuildRigidBody
INFORMATION: Created 1f0c8178b90.
Sept. 13, 2026 4:42:29 AM com.jme3.bullet.objects.PhysicsRigidBody rebuildRigidBody
INFORMATION: Created 1f0c8177ed0.
Sept. 13, 2026 4:42:29 AM com.jme3.bullet.objects.PhysicsRigidBody rebuildRigidBody
INFORMATION: Created 1f0c8177540.
Sept. 13, 2026 4:42:29 AM com.jme3.bullet.objects.PhysicsRigidBody rebuildRigidBody
INFORMATION: Created 1f0c8179520.
Sept. 13, 2026 4:42:29 AM com.jme3.bullet.objects.PhysicsRigidBody rebuildRigidBody
INFORMATION: Created 1f0c8175ef0.
Sept. 13, 2026 4:42:29 AM com.jme3.bullet.objects.PhysicsRigidBody rebuildRigidBody
INFORMATION: Created 1f0c8177210.
Sept. 13, 2026 4:42:29 AM com.jme3.bullet.objects.PhysicsRigidBody rebuildRigidBody
INFORMATION: Created 1f0c8176550.
Sept. 13, 2026 4:42:29 AM com.jme3.bullet.objects.PhysicsRigidBody rebuildRigidBody
INFORMATION: Created 1f0c8176bb0.
Sept. 13, 2026 4:42:29 AM com.jme3.bullet.objects.PhysicsRigidBody rebuildRigidBody
INFORMATION: Created 1f0c8179850.
Sept. 13, 2026 4:42:29 AM com.jme3.bullet.objects.PhysicsRigidBody rebuildRigidBody
INFORMATION: Created 1f0c8178ec0.
Sept. 13, 2026 4:42:29 AM com.jme3.bullet.objects.PhysicsRigidBody rebuildRigidBody
INFORMATION: Created 1f0c81791f0.
Sept. 13, 2026 4:42:29 AM com.jme3.bullet.objects.PhysicsRigidBody rebuildRigidBody
INFORMATION: Created 1f0c8177ba0.
Sept. 13, 2026 4:42:29 AM com.jme3.bullet.objects.PhysicsRigidBody rebuildRigidBody
INFORMATION: Created 1f0c8175bc0.
Sept. 13, 2026 4:42:29 AM com.jme3.bullet.objects.PhysicsRigidBody rebuildRigidBody
INFORMATION: Created 1f0c8176ee0.
Sept. 13, 2026 4:42:29 AM com.jme3.bullet.objects.PhysicsRigidBody rebuildRigidBody
INFORMATION: Created 1f0c8178200.
Sept. 13, 2026 4:42:29 AM com.jme3.bullet.objects.PhysicsRigidBody rebuildRigidBody
INFORMATION: Created 1f0c8179b80.
Sept. 13, 2026 4:42:29 AM com.jme3.bullet.objects.PhysicsRigidBody rebuildRigidBody
INFORMATION: Created 1f0c8179eb0.
Sept. 13, 2026 4:42:29 AM com.jme3.bullet.objects.PhysicsRigidBody rebuildRigidBody
INFORMATION: Created 1f0c8176220.
Sept. 13, 2026 4:42:29 AM com.jme3.bullet.objects.PhysicsRigidBody rebuildRigidBody
INFORMATION: Created 1f0c817a1e0.
Sept. 13, 2026 4:42:29 AM com.jme3.bullet.objects.PhysicsRigidBody rebuildRigidBody
INFORMATION: Created 1f0c817a510.
Sept. 13, 2026 4:42:29 AM com.jme3.bullet.objects.PhysicsRigidBody rebuildRigidBody
INFORMATION: Created 1f0c8176880.
Sept. 13, 2026 4:42:29 AM com.jme3.bullet.objects.PhysicsRigidBody rebuildRigidBody
INFORMATION: Created 1f0c817a840.
Sept. 13, 2026 4:42:29 AM com.jme3.bullet.objects.PhysicsRigidBody rebuildRigidBody
INFORMATION: Created 1f0c817ab70.
Sept. 13, 2026 4:42:29 AM com.jme3.bullet.objects.PhysicsRigidBody rebuildRigidBody
INFORMATION: Created 1f0c817aea0.
Sept. 13, 2026 4:42:29 AM com.jme3.bullet.objects.PhysicsRigidBody rebuildRigidBody
INFORMATION: Created 1f0c817b1d0.
Sept. 13, 2026 4:42:29 AM com.jme3.bullet.objects.PhysicsRigidBody rebuildRigidBody
INFORMATION: Created 1f0c815fd20.
Sept. 13, 2026 4:42:29 AM com.jme3.bullet.objects.PhysicsRigidBody rebuildRigidBody
INFORMATION: Created 1f0c815d3b0.
Sept. 13, 2026 4:42:29 AM com.jme3.bullet.objects.PhysicsRigidBody rebuildRigidBody
INFORMATION: Created 1f0c815e070.
Sept. 13, 2026 4:42:29 AM com.jme3.bullet.objects.PhysicsRigidBody rebuildRigidBody
INFORMATION: Created 1f0c815c3c0.
Sept. 13, 2026 4:42:29 AM com.jme3.bullet.objects.PhysicsRigidBody rebuildRigidBody
INFORMATION: Created 1f0c815c090.
Sept. 13, 2026 4:42:29 AM com.jme3.bullet.objects.PhysicsRigidBody rebuildRigidBody
INFORMATION: Created 1f0c815e6d0.
Sept. 13, 2026 4:42:29 AM com.jme3.bullet.objects.PhysicsRigidBody rebuildRigidBody
INFORMATION: Created 1f0c815ed30.
Sept. 13, 2026 4:42:29 AM com.jme3.bullet.objects.PhysicsRigidBody rebuildRigidBody
INFORMATION: Created 1f0c815ea00.
Sept. 13, 2026 4:42:29 AM com.jme3.bullet.objects.PhysicsRigidBody rebuildRigidBody
INFORMATION: Created 1f0c8160050.
Sept. 13, 2026 4:42:29 AM com.jme3.bullet.objects.PhysicsRigidBody rebuildRigidBody
INFORMATION: Created 1f0c8160380.
Sept. 13, 2026 4:42:29 AM com.jme3.bullet.objects.PhysicsRigidBody rebuildRigidBody
INFORMATION: Created 1f0c815c6f0.
Sept. 13, 2026 4:42:29 AM com.jme3.bullet.objects.PhysicsRigidBody rebuildRigidBody
INFORMATION: Created 1f0c81606b0.
Sept. 13, 2026 4:42:29 AM com.jme3.bullet.objects.PhysicsRigidBody rebuildRigidBody
INFORMATION: Created 1f0c81609e0.
Sept. 13, 2026 4:42:29 AM com.jme3.bullet.objects.PhysicsRigidBody rebuildRigidBody
INFORMATION: Created 1f0c8160d10.
Sept. 13, 2026 4:42:29 AM com.jme3.bullet.objects.PhysicsRigidBody rebuildRigidBody
INFORMATION: Created 1f0c8161040.
Sept. 13, 2026 4:42:29 AM com.jme3.bullet.objects.PhysicsRigidBody rebuildRigidBody
INFORMATION: Created 1f0c8161370.
Sept. 13, 2026 4:42:29 AM com.jme3.bullet.objects.PhysicsRigidBody rebuildRigidBody
INFORMATION: Created 1f0c815d6e0.
Sept. 13, 2026 4:42:29 AM com.jme3.bullet.objects.PhysicsRigidBody rebuildRigidBody
INFORMATION: Created 1f0c81616a0.
Sept. 13, 2026 4:42:29 AM com.jme3.bullet.objects.PhysicsRigidBody rebuildRigidBody
INFORMATION: Created 1f0c815da10.
Sept. 13, 2026 4:42:29 AM com.jme3.bullet.objects.PhysicsRigidBody rebuildRigidBody
INFORMATION: Created 1f0c81619d0.
Sept. 13, 2026 4:42:29 AM com.jme3.bullet.objects.PhysicsRigidBody rebuildRigidBody
INFORMATION: Created 1f0c815dd40.
Sept. 13, 2026 4:42:29 AM com.jme3.bullet.objects.PhysicsRigidBody rebuildRigidBody
INFORMATION: Created 1f0c8163680.
Sept. 13, 2026 4:42:29 AM com.jme3.bullet.objects.PhysicsRigidBody rebuildRigidBody
INFORMATION: Created 1f0c8165330.
Sept. 13, 2026 4:42:29 AM com.jme3.bullet.objects.PhysicsRigidBody rebuildRigidBody
INFORMATION: Created 1f0c8163020.
Sept. 13, 2026 4:42:29 AM com.jme3.bullet.objects.PhysicsRigidBody rebuildRigidBody
INFORMATION: Created 1f0c8163ce0.
Sept. 13, 2026 4:42:29 AM com.jme3.bullet.objects.PhysicsRigidBody rebuildRigidBody
INFORMATION: Created 1f0c8162030.
Sept. 13, 2026 4:42:29 AM com.jme3.bullet.objects.PhysicsRigidBody rebuildRigidBody
INFORMATION: Created 1f0c8163350.
Sept. 13, 2026 4:42:29 AM com.jme3.bullet.objects.PhysicsRigidBody rebuildRigidBody
INFORMATION: Created 1f0c81639b0.
Sept. 13, 2026 4:42:29 AM com.jme3.bullet.objects.PhysicsRigidBody rebuildRigidBody
INFORMATION: Created 1f0c8161d00.
Sept. 13, 2026 4:42:29 AM com.jme3.bullet.objects.PhysicsRigidBody rebuildRigidBody
INFORMATION: Created 1f0c8164670.
Sept. 13, 2026 4:42:29 AM com.jme3.bullet.objects.PhysicsRigidBody rebuildRigidBody
INFORMATION: Created 1f0c8162360.
Sept. 13, 2026 4:42:29 AM com.jme3.bullet.objects.PhysicsRigidBody rebuildRigidBody
INFORMATION: Created 1f0c81649a0.
Sept. 13, 2026 4:42:29 AM com.jme3.bullet.objects.PhysicsRigidBody rebuildRigidBody
INFORMATION: Created 1f0c8164010.
Sept. 13, 2026 4:42:29 AM com.jme3.bullet.objects.PhysicsRigidBody rebuildRigidBody
INFORMATION: Created 1f0c8164340.
Sept. 13, 2026 4:42:29 AM com.jme3.bullet.objects.PhysicsRigidBody rebuildRigidBody
INFORMATION: Created 1f0c8165cc0.
Sept. 13, 2026 4:42:29 AM com.jme3.bullet.objects.PhysicsRigidBody rebuildRigidBody
INFORMATION: Created 1f0c8162690.
Sept. 13, 2026 4:42:29 AM com.jme3.bullet.objects.PhysicsRigidBody rebuildRigidBody
INFORMATION: Created 1f0c8164cd0.
[GAME] Krypta der Eide
Sept. 13, 2026 4:42:29 AM com.jme3.anim.SkinningControl controlRender
INFORMATION: Hardware skinning engaged for Scene (Node)
Sept. 13, 2026 4:42:29 AM com.jme3.anim.SkinningControl controlRender
INFORMATION: Hardware skinning engaged for Scene (Node)
Sept. 13, 2026 4:42:29 AM com.jme3.anim.SkinningControl controlRender
INFORMATION: Hardware skinning engaged for Scene (Node)
Sept. 13, 2026 4:42:29 AM com.jme3.anim.SkinningControl controlRender
INFORMATION: Hardware skinning engaged for Scene (Node)
Sept. 13, 2026 4:42:29 AM com.jme3.anim.SkinningControl controlRender
INFORMATION: Hardware skinning engaged for Scene (Node)
Sept. 13, 2026 4:42:29 AM com.jme3.anim.SkinningControl controlRender
INFORMATION: Hardware skinning engaged for Scene (Node)
Sept. 13, 2026 4:42:29 AM com.jme3.anim.SkinningControl controlRender
INFORMATION: Hardware skinning engaged for Scene (Node)
[SMOKE] stage 16
[CHECK] Crypt portal transition
[GAME] Goblin besiegt  +35 EP  +8 Gold
[GAME] Goblin besiegt  +35 EP  +8 Gold
[GAME] Goblin besiegt  +35 EP  +8 Gold
[GAME] Goblin besiegt  +35 EP  +8 Gold
[GAME] Goblin besiegt  +35 EP  +8 Gold
[GAME] Ork-Brecher besiegt  +70 EP  +13 Gold
[GAME] STUFE 3  -  Fähigkeitspunkt erhalten [K]
[GAME] Aschenrufer besiegt  +65 EP  +23 Gold
[GAME] Eiserner Wächter besiegt  +115 EP  +18 Gold
[GAME] Der Eid verstummt. Beginne mit der Sonne.
[CHECK] Wrong rune resets the puzzle
[GAME] Rune der Sonne antwortet. 1 / 3
[GAME] Rune des Mondes antwortet. 2 / 3
[GAME] Rune des Sterns antwortet. 3 / 3
[GAME] Der Altar im Norden ist erwacht.
[GAME] Auftrag erfüllt: Die Stimmen der Toten  +130 EP
[GAME] Stufe 4 erreicht! K: Fähigkeiten verbessern.
[GAME] Siegel der Toten erhalten!
[CHECK] Crypt seal reward
Sept. 13, 2026 4:42:31 AM com.jme3.bullet.objects.PhysicsRigidBody rebuildRigidBody
INFORMATION: Created 1f0c8166650.
Sept. 13, 2026 4:42:31 AM com.jme3.bullet.objects.PhysicsRigidBody rebuildRigidBody
INFORMATION: Created 1f0c81629c0.
Sept. 13, 2026 4:42:31 AM com.jme3.bullet.objects.PhysicsRigidBody rebuildRigidBody
INFORMATION: Created 1f0c8166980.
Sept. 13, 2026 4:42:31 AM com.jme3.bullet.objects.PhysicsRigidBody rebuildRigidBody
INFORMATION: Created 1f0c8162cf0.
Sept. 13, 2026 4:42:31 AM com.jme3.bullet.objects.PhysicsRigidBody rebuildRigidBody
INFORMATION: Created 1f0c8166fe0.
Sept. 13, 2026 4:42:31 AM com.jme3.bullet.objects.PhysicsRigidBody rebuildRigidBody
INFORMATION: Created 1f0c8167fd0.
Sept. 13, 2026 4:42:31 AM com.jme3.bullet.objects.PhysicsRigidBody rebuildRigidBody
INFORMATION: Created 1f0c8166cb0.
Sept. 13, 2026 4:42:31 AM com.jme3.bullet.objects.PhysicsRigidBody rebuildRigidBody
INFORMATION: Created 1f0c8168960.
Sept. 13, 2026 4:42:31 AM com.jme3.bullet.objects.PhysicsRigidBody rebuildRigidBody
INFORMATION: Created 1f0c8167310.
Sept. 13, 2026 4:42:31 AM com.jme3.bullet.objects.PhysicsRigidBody rebuildRigidBody
INFORMATION: Created 1f0c8167640.
Sept. 13, 2026 4:42:31 AM com.jme3.bullet.objects.PhysicsRigidBody rebuildRigidBody
INFORMATION: Created 1f0c8168630.
Sept. 13, 2026 4:42:31 AM com.jme3.bullet.objects.PhysicsRigidBody rebuildRigidBody
INFORMATION: Created 1f0c8168300.
Sept. 13, 2026 4:42:31 AM com.jme3.bullet.objects.PhysicsRigidBody rebuildRigidBody
INFORMATION: Created 1f0c8167970.
Sept. 13, 2026 4:42:31 AM com.jme3.bullet.objects.PhysicsRigidBody rebuildRigidBody
INFORMATION: Created 1f0c8167ca0.
Sept. 13, 2026 4:42:31 AM com.jme3.bullet.objects.PhysicsRigidBody rebuildRigidBody
INFORMATION: Created 1f0a40528a0.
Sept. 13, 2026 4:42:31 AM com.jme3.bullet.objects.PhysicsRigidBody rebuildRigidBody
INFORMATION: Created 1f0a404fc00.
Sept. 13, 2026 4:42:31 AM com.jme3.bullet.objects.PhysicsRigidBody rebuildRigidBody
INFORMATION: Created 1f0a4051250.
Sept. 13, 2026 4:42:31 AM com.jme3.bullet.objects.PhysicsRigidBody rebuildRigidBody
INFORMATION: Created 1f0a4051580.
Sept. 13, 2026 4:42:31 AM com.jme3.bullet.objects.PhysicsRigidBody rebuildRigidBody
INFORMATION: Created 1f0a4052570.
Sept. 13, 2026 4:42:31 AM com.jme3.bullet.objects.PhysicsRigidBody rebuildRigidBody
INFORMATION: Created 1f0a4051be0.
Sept. 13, 2026 4:42:31 AM com.jme3.bullet.objects.PhysicsRigidBody rebuildRigidBody
INFORMATION: Created 1f0a4050260.
Sept. 13, 2026 4:42:31 AM com.jme3.bullet.objects.PhysicsRigidBody rebuildRigidBody
INFORMATION: Created 1f0a404ec10.
Sept. 13, 2026 4:42:31 AM com.jme3.bullet.objects.PhysicsRigidBody rebuildRigidBody
INFORMATION: Created 1f0a40508c0.
Sept. 13, 2026 4:42:31 AM com.jme3.bullet.objects.PhysicsRigidBody rebuildRigidBody
INFORMATION: Created 1f0a4052240.
Sept. 13, 2026 4:42:31 AM com.jme3.bullet.objects.PhysicsRigidBody rebuildRigidBody
INFORMATION: Created 1f0a404ff30.
Sept. 13, 2026 4:42:31 AM com.jme3.bullet.objects.PhysicsRigidBody rebuildRigidBody
INFORMATION: Created 1f0a40518b0.
Sept. 13, 2026 4:42:31 AM com.jme3.bullet.objects.PhysicsRigidBody rebuildRigidBody
INFORMATION: Created 1f0a4050590.
Sept. 13, 2026 4:42:31 AM com.jme3.bullet.objects.PhysicsRigidBody rebuildRigidBody
INFORMATION: Created 1f0a4051f10.
Sept. 13, 2026 4:42:31 AM com.jme3.bullet.objects.PhysicsRigidBody rebuildRigidBody
INFORMATION: Created 1f0a4052bd0.
Sept. 13, 2026 4:42:31 AM com.jme3.bullet.objects.PhysicsRigidBody rebuildRigidBody
INFORMATION: Created 1f0a4050bf0.
Sept. 13, 2026 4:42:31 AM com.jme3.bullet.objects.PhysicsRigidBody rebuildRigidBody
INFORMATION: Created 1f0a4050f20.
Sept. 13, 2026 4:42:31 AM com.jme3.bullet.objects.PhysicsRigidBody rebuildRigidBody
INFORMATION: Created 1f0a404f8d0.
Sept. 13, 2026 4:42:31 AM com.jme3.bullet.objects.PhysicsRigidBody rebuildRigidBody
INFORMATION: Created 1f0a404ef40.
Sept. 13, 2026 4:42:31 AM com.jme3.bullet.objects.PhysicsRigidBody rebuildRigidBody
INFORMATION: Created 1f0a404f5a0.
Sept. 13, 2026 4:42:31 AM com.jme3.bullet.objects.PhysicsRigidBody rebuildRigidBody
INFORMATION: Created 1f0a4052f00.
Sept. 13, 2026 4:42:31 AM com.jme3.bullet.objects.PhysicsRigidBody rebuildRigidBody
INFORMATION: Created 1f0a404f270.
Sept. 13, 2026 4:42:31 AM com.jme3.bullet.objects.PhysicsRigidBody rebuildRigidBody
INFORMATION: Created 1f0a4053230.
Sept. 13, 2026 4:42:31 AM com.jme3.bullet.objects.PhysicsRigidBody rebuildRigidBody
INFORMATION: Created 1f0a4053560.
Sept. 13, 2026 4:42:31 AM com.jme3.bullet.objects.PhysicsRigidBody rebuildRigidBody
INFORMATION: Created 1f0a4053890.
Sept. 13, 2026 4:42:31 AM com.jme3.bullet.objects.PhysicsRigidBody rebuildRigidBody
INFORMATION: Created 1f0a4053bc0.
Sept. 13, 2026 4:42:31 AM com.jme3.bullet.objects.PhysicsRigidBody rebuildRigidBody
INFORMATION: Created 1f0a4053ef0.
Sept. 13, 2026 4:42:31 AM com.jme3.bullet.objects.PhysicsRigidBody rebuildRigidBody
INFORMATION: Created 1f0a4054220.
Sept. 13, 2026 4:42:31 AM com.jme3.bullet.objects.PhysicsRigidBody rebuildRigidBody
INFORMATION: Created 1f0a4054550.
Sept. 13, 2026 4:42:31 AM com.jme3.bullet.objects.PhysicsRigidBody rebuildRigidBody
INFORMATION: Created 1f0a4054880.
Sept. 13, 2026 4:42:31 AM com.jme3.bullet.objects.PhysicsRigidBody rebuildRigidBody
INFORMATION: Created 1f0a4054bb0.
Sept. 13, 2026 4:42:31 AM com.jme3.bullet.objects.PhysicsRigidBody rebuildRigidBody
INFORMATION: Created 1f0a4054ee0.
Sept. 13, 2026 4:42:31 AM com.jme3.bullet.objects.PhysicsRigidBody rebuildRigidBody
INFORMATION: Created 1f0a404af80.
Sept. 13, 2026 4:42:31 AM com.jme3.bullet.objects.PhysicsRigidBody rebuildRigidBody
INFORMATION: Created 1f0a404b2b0.
Sept. 13, 2026 4:42:31 AM com.jme3.bullet.objects.PhysicsRigidBody rebuildRigidBody
INFORMATION: Created 1f0a4047620.
Sept. 13, 2026 4:42:31 AM com.jme3.bullet.objects.PhysicsRigidBody rebuildRigidBody
INFORMATION: Created 1f0a404c900.
Sept. 13, 2026 4:42:31 AM com.jme3.bullet.objects.PhysicsRigidBody rebuildRigidBody
INFORMATION: Created 1f0a404e5b0.
Sept. 13, 2026 4:42:31 AM com.jme3.bullet.objects.PhysicsRigidBody rebuildRigidBody
INFORMATION: Created 1f0a404e8e0.
Sept. 13, 2026 4:42:31 AM com.jme3.bullet.objects.PhysicsRigidBody rebuildRigidBody
INFORMATION: Created 1f0a404b5e0.
Sept. 13, 2026 4:42:31 AM com.jme3.bullet.objects.PhysicsRigidBody rebuildRigidBody
INFORMATION: Created 1f0a404b910.
Sept. 13, 2026 4:42:31 AM com.jme3.bullet.objects.PhysicsRigidBody rebuildRigidBody
INFORMATION: Created 1f0a404bc40.
Sept. 13, 2026 4:42:31 AM com.jme3.bullet.objects.PhysicsRigidBody rebuildRigidBody
INFORMATION: Created 1f0a404bf70.
Sept. 13, 2026 4:42:31 AM com.jme3.bullet.objects.PhysicsRigidBody rebuildRigidBody
INFORMATION: Created 1f0a404d5c0.
Sept. 13, 2026 4:42:31 AM com.jme3.bullet.objects.PhysicsRigidBody rebuildRigidBody
INFORMATION: Created 1f0a404c2a0.
Sept. 13, 2026 4:42:31 AM com.jme3.bullet.objects.PhysicsRigidBody rebuildRigidBody
INFORMATION: Created 1f0a404c5d0.
Sept. 13, 2026 4:42:31 AM com.jme3.bullet.objects.PhysicsRigidBody rebuildRigidBody
INFORMATION: Created 1f0a404e280.
Sept. 13, 2026 4:42:31 AM com.jme3.bullet.objects.PhysicsRigidBody rebuildRigidBody
INFORMATION: Created 1f0a404cc30.
Sept. 13, 2026 4:42:31 AM com.jme3.bullet.objects.PhysicsRigidBody rebuildRigidBody
INFORMATION: Created 1f0a404cf60.
Sept. 13, 2026 4:42:31 AM com.jme3.bullet.objects.PhysicsRigidBody rebuildRigidBody
INFORMATION: Created 1f0a404d290.
Sept. 13, 2026 4:42:31 AM com.jme3.bullet.objects.PhysicsRigidBody rebuildRigidBody
INFORMATION: Created 1f0a404d8f0.
Sept. 13, 2026 4:42:31 AM com.jme3.bullet.objects.PhysicsRigidBody rebuildRigidBody
INFORMATION: Created 1f0a404df50.
Sept. 13, 2026 4:42:31 AM com.jme3.bullet.objects.PhysicsRigidBody rebuildRigidBody
INFORMATION: Created 1f0a404dc20.
Sept. 13, 2026 4:42:31 AM com.jme3.bullet.objects.PhysicsRigidBody rebuildRigidBody
INFORMATION: Created 1f002db6600.
Sept. 13, 2026 4:42:31 AM com.jme3.bullet.objects.PhysicsRigidBody rebuildRigidBody
INFORMATION: Created 1f002db3c90.
Sept. 13, 2026 4:42:31 AM com.jme3.bullet.objects.PhysicsRigidBody rebuildRigidBody
INFORMATION: Created 1f002db2ca0.
Sept. 13, 2026 4:42:31 AM com.jme3.bullet.objects.PhysicsRigidBody rebuildRigidBody
INFORMATION: Created 1f002db6c60.
Sept. 13, 2026 4:42:31 AM com.jme3.bullet.objects.PhysicsRigidBody rebuildRigidBody
INFORMATION: Created 1f002db42f0.
Sept. 13, 2026 4:42:31 AM com.jme3.bullet.objects.PhysicsRigidBody rebuildRigidBody
INFORMATION: Created 1f002db5610.
Sept. 13, 2026 4:42:31 AM com.jme3.bullet.objects.PhysicsRigidBody rebuildRigidBody
INFORMATION: Created 1f002db3fc0.
Sept. 13, 2026 4:42:31 AM com.jme3.bullet.objects.PhysicsRigidBody rebuildRigidBody
INFORMATION: Created 1f002db4620.
Sept. 13, 2026 4:42:31 AM com.jme3.bullet.objects.PhysicsRigidBody rebuildRigidBody
INFORMATION: Created 1f002db4950.
Sept. 13, 2026 4:42:31 AM com.jme3.bullet.objects.PhysicsRigidBody rebuildRigidBody
INFORMATION: Created 1f002db2fd0.
Sept. 13, 2026 4:42:31 AM com.jme3.bullet.objects.PhysicsRigidBody rebuildRigidBody
INFORMATION: Created 1f002db6f90.
Sept. 13, 2026 4:42:31 AM com.jme3.bullet.objects.PhysicsRigidBody rebuildRigidBody
INFORMATION: Created 1f002db4c80.
Sept. 13, 2026 4:42:31 AM com.jme3.bullet.objects.PhysicsRigidBody rebuildRigidBody
INFORMATION: Created 1f002db3630.
Sept. 13, 2026 4:42:31 AM com.jme3.bullet.objects.PhysicsRigidBody rebuildRigidBody
INFORMATION: Created 1f002db3960.
Sept. 13, 2026 4:42:31 AM com.jme3.bullet.objects.PhysicsRigidBody rebuildRigidBody
INFORMATION: Created 1f002db6930.
Sept. 13, 2026 4:42:31 AM com.jme3.bullet.objects.PhysicsRigidBody rebuildRigidBody
INFORMATION: Created 1f002db4fb0.
Sept. 13, 2026 4:42:31 AM com.jme3.bullet.objects.PhysicsRigidBody rebuildRigidBody
INFORMATION: Created 1f002db3300.
Sept. 13, 2026 4:42:31 AM com.jme3.bullet.objects.PhysicsRigidBody rebuildRigidBody
INFORMATION: Created 1f002db5940.
Sept. 13, 2026 4:42:31 AM com.jme3.bullet.objects.PhysicsRigidBody rebuildRigidBody
INFORMATION: Created 1f002db62d0.
Sept. 13, 2026 4:42:31 AM com.jme3.bullet.objects.PhysicsRigidBody rebuildRigidBody
INFORMATION: Created 1f002db8f70.
Sept. 13, 2026 4:42:31 AM com.jme3.bullet.objects.PhysicsRigidBody rebuildRigidBody
INFORMATION: Created 1f002db5c70.
Sept. 13, 2026 4:42:31 AM com.jme3.bullet.objects.PhysicsRigidBody rebuildRigidBody
INFORMATION: Created 1f002db72c0.
Sept. 13, 2026 4:42:31 AM com.jme3.bullet.objects.PhysicsRigidBody rebuildRigidBody
INFORMATION: Created 1f002db5fa0.
Sept. 13, 2026 4:42:31 AM com.jme3.bullet.objects.PhysicsRigidBody rebuildRigidBody
INFORMATION: Created 1f002db75f0.
Sept. 13, 2026 4:42:31 AM com.jme3.bullet.objects.PhysicsRigidBody rebuildRigidBody
INFORMATION: Created 1f002db52e0.
Sept. 13, 2026 4:42:31 AM com.jme3.bullet.objects.PhysicsRigidBody rebuildRigidBody
INFORMATION: Created 1f002db9900.
Sept. 13, 2026 4:42:31 AM com.jme3.bullet.objects.PhysicsRigidBody rebuildRigidBody
INFORMATION: Created 1f002db8c40.
Sept. 13, 2026 4:42:31 AM com.jme3.bullet.objects.PhysicsRigidBody rebuildRigidBody
INFORMATION: Created 1f002db7920.
Sept. 13, 2026 4:42:31 AM com.jme3.bullet.objects.PhysicsRigidBody rebuildRigidBody
INFORMATION: Created 1f002dba290.
Sept. 13, 2026 4:42:31 AM com.jme3.bullet.objects.PhysicsRigidBody rebuildRigidBody
INFORMATION: Created 1f002dba5c0.
Sept. 13, 2026 4:42:31 AM com.jme3.bullet.objects.PhysicsRigidBody rebuildRigidBody
INFORMATION: Created 1f002dbaf50.
Sept. 13, 2026 4:42:31 AM com.jme3.bullet.objects.PhysicsRigidBody rebuildRigidBody
INFORMATION: Created 1f002db9c30.
Sept. 13, 2026 4:42:31 AM com.jme3.bullet.objects.PhysicsRigidBody rebuildRigidBody
INFORMATION: Created 1f002db95d0.
Sept. 13, 2026 4:42:31 AM com.jme3.bullet.objects.PhysicsRigidBody rebuildRigidBody
INFORMATION: Created 1f002db85e0.
Sept. 13, 2026 4:42:31 AM com.jme3.bullet.objects.PhysicsRigidBody rebuildRigidBody
INFORMATION: Created 1f002dba8f0.
Sept. 13, 2026 4:42:31 AM com.jme3.bullet.objects.PhysicsRigidBody rebuildRigidBody
INFORMATION: Created 1f002db92a0.
Sept. 13, 2026 4:42:31 AM com.jme3.bullet.objects.PhysicsRigidBody rebuildRigidBody
INFORMATION: Created 1f002dbac20.
Sept. 13, 2026 4:42:31 AM com.jme3.bullet.objects.PhysicsRigidBody rebuildRigidBody
INFORMATION: Created 1f002db9f60.
Sept. 13, 2026 4:42:31 AM com.jme3.bullet.objects.PhysicsRigidBody rebuildRigidBody
INFORMATION: Created 1f002dbb280.
Sept. 13, 2026 4:42:31 AM com.jme3.bullet.objects.PhysicsRigidBody rebuildRigidBody
INFORMATION: Created 1f002db7f80.
Sept. 13, 2026 4:42:31 AM com.jme3.bullet.objects.PhysicsRigidBody rebuildRigidBody
INFORMATION: Created 1f002dbb5b0.
Sept. 13, 2026 4:42:31 AM com.jme3.bullet.objects.PhysicsRigidBody rebuildRigidBody
INFORMATION: Created 1f002dbb8e0.
Sept. 13, 2026 4:42:31 AM com.jme3.bullet.objects.PhysicsRigidBody rebuildRigidBody
INFORMATION: Created 1f002db7c50.
Sept. 13, 2026 4:42:31 AM com.jme3.bullet.objects.PhysicsRigidBody rebuildRigidBody
INFORMATION: Created 1f002dbbc10.
Sept. 13, 2026 4:42:31 AM com.jme3.bullet.objects.PhysicsRigidBody rebuildRigidBody
INFORMATION: Created 1f002dbbf40.
Sept. 13, 2026 4:42:31 AM com.jme3.bullet.objects.PhysicsRigidBody rebuildRigidBody
INFORMATION: Created 1f002db82b0.
Sept. 13, 2026 4:42:31 AM com.jme3.bullet.objects.PhysicsRigidBody rebuildRigidBody
INFORMATION: Created 1f002dbc270.
Sept. 13, 2026 4:42:31 AM com.jme3.bullet.objects.PhysicsRigidBody rebuildRigidBody
INFORMATION: Created 1f002dbc5a0.
Sept. 13, 2026 4:42:31 AM com.jme3.bullet.objects.PhysicsRigidBody rebuildRigidBody
INFORMATION: Created 1f002db8910.
Sept. 13, 2026 4:42:31 AM com.jme3.bullet.objects.PhysicsRigidBody rebuildRigidBody
INFORMATION: Created 1f002dbd590.
Sept. 13, 2026 4:42:31 AM com.jme3.bullet.objects.PhysicsRigidBody rebuildRigidBody
INFORMATION: Created 1f002dbe8b0.
Sept. 13, 2026 4:42:31 AM com.jme3.bullet.objects.PhysicsRigidBody rebuildRigidBody
INFORMATION: Created 1f002dbd8c0.
Sept. 13, 2026 4:42:31 AM com.jme3.bullet.objects.PhysicsRigidBody rebuildRigidBody
INFORMATION: Created 1f002dbebe0.
Sept. 13, 2026 4:42:31 AM com.jme3.bullet.objects.PhysicsRigidBody rebuildRigidBody
INFORMATION: Created 1f002dbd260.
Sept. 13, 2026 4:42:31 AM com.jme3.bullet.objects.PhysicsRigidBody rebuildRigidBody
INFORMATION: Created 1f002dbdf20.
Sept. 13, 2026 4:42:31 AM com.jme3.bullet.objects.PhysicsRigidBody rebuildRigidBody
INFORMATION: Created 1f002dbef10.
Sept. 13, 2026 4:42:31 AM com.jme3.bullet.objects.PhysicsRigidBody rebuildRigidBody
INFORMATION: Created 1f002dbf240.
Sept. 13, 2026 4:42:31 AM com.jme3.bullet.objects.PhysicsRigidBody rebuildRigidBody
INFORMATION: Created 1f002dbdbf0.
Sept. 13, 2026 4:42:31 AM com.jme3.bullet.objects.PhysicsRigidBody rebuildRigidBody
INFORMATION: Created 1f002dbc8d0.
Sept. 13, 2026 4:42:31 AM com.jme3.bullet.objects.PhysicsRigidBody rebuildRigidBody
INFORMATION: Created 1f002dbe250.
Sept. 13, 2026 4:42:31 AM com.jme3.bullet.objects.PhysicsRigidBody rebuildRigidBody
INFORMATION: Created 1f002dbe580.
Sept. 13, 2026 4:42:31 AM com.jme3.bullet.objects.PhysicsRigidBody rebuildRigidBody
INFORMATION: Created 1f002dbf570.
Sept. 13, 2026 4:42:31 AM com.jme3.bullet.objects.PhysicsRigidBody rebuildRigidBody
INFORMATION: Created 1f002dbcc00.
Sept. 13, 2026 4:42:31 AM com.jme3.bullet.objects.PhysicsRigidBody rebuildRigidBody
INFORMATION: Created 1f002dbcf30.
Sept. 13, 2026 4:42:31 AM com.jme3.bullet.objects.PhysicsRigidBody rebuildRigidBody
INFORMATION: Created 1f002dc0890.
Sept. 13, 2026 4:42:31 AM com.jme3.bullet.objects.PhysicsRigidBody rebuildRigidBody
INFORMATION: Created 1f002dc0bc0.
Sept. 13, 2026 4:42:31 AM com.jme3.bullet.objects.PhysicsRigidBody rebuildRigidBody
INFORMATION: Created 1f002dc3200.
Sept. 13, 2026 4:42:31 AM com.jme3.bullet.objects.PhysicsRigidBody rebuildRigidBody
INFORMATION: Created 1f002dc1220.
Sept. 13, 2026 4:42:31 AM com.jme3.bullet.objects.PhysicsRigidBody rebuildRigidBody
INFORMATION: Created 1f002dc1880.
Sept. 13, 2026 4:42:31 AM com.jme3.bullet.objects.PhysicsRigidBody rebuildRigidBody
INFORMATION: Created 1f002dc1550.
Sept. 13, 2026 4:42:31 AM com.jme3.bullet.objects.PhysicsRigidBody rebuildRigidBody
INFORMATION: Created 1f002dc2210.
Sept. 13, 2026 4:42:31 AM com.jme3.bullet.objects.PhysicsRigidBody rebuildRigidBody
INFORMATION: Created 1f002dc0ef0.
Sept. 13, 2026 4:42:31 AM com.jme3.bullet.objects.PhysicsRigidBody rebuildRigidBody
INFORMATION: Created 1f002dc2870.
Sept. 13, 2026 4:42:31 AM com.jme3.bullet.objects.PhysicsRigidBody rebuildRigidBody
INFORMATION: Created 1f002dc2ba0.
Sept. 13, 2026 4:42:31 AM com.jme3.bullet.objects.PhysicsRigidBody rebuildRigidBody
INFORMATION: Created 1f002dc3530.
Sept. 13, 2026 4:42:31 AM com.jme3.bullet.objects.PhysicsRigidBody rebuildRigidBody
INFORMATION: Created 1f002dc2ed0.
Sept. 13, 2026 4:42:31 AM com.jme3.bullet.objects.PhysicsRigidBody rebuildRigidBody
INFORMATION: Created 1f002dc0230.
Sept. 13, 2026 4:42:31 AM com.jme3.bullet.objects.PhysicsRigidBody rebuildRigidBody
INFORMATION: Created 1f002dc0560.
Sept. 13, 2026 4:42:31 AM com.jme3.bullet.objects.PhysicsRigidBody rebuildRigidBody
INFORMATION: Created 1f002dc1bb0.
Sept. 13, 2026 4:42:31 AM com.jme3.bullet.objects.PhysicsRigidBody rebuildRigidBody
INFORMATION: Created 1f002dbf8a0.
Sept. 13, 2026 4:42:31 AM com.jme3.bullet.objects.PhysicsRigidBody rebuildRigidBody
INFORMATION: Created 1f002dc2540.
Sept. 13, 2026 4:42:31 AM com.jme3.bullet.objects.PhysicsRigidBody rebuildRigidBody
INFORMATION: Created 1f002dc3860.
Sept. 13, 2026 4:42:31 AM com.jme3.bullet.objects.PhysicsRigidBody rebuildRigidBody
INFORMATION: Created 1f002dbfbd0.
Sept. 13, 2026 4:42:31 AM com.jme3.bullet.objects.PhysicsRigidBody rebuildRigidBody
INFORMATION: Created 1f002dc1ee0.
Sept. 13, 2026 4:42:31 AM com.jme3.bullet.objects.PhysicsRigidBody rebuildRigidBody
INFORMATION: Created 1f002dc3b90.
Sept. 13, 2026 4:42:31 AM com.jme3.bullet.objects.PhysicsRigidBody rebuildRigidBody
INFORMATION: Created 1f002dbff00.
[GAME] Die letzte Zuflucht
Sept. 13, 2026 4:42:31 AM com.jme3.anim.SkinningControl controlRender
INFORMATION: Hardware skinning engaged for Scene (Node)
Sept. 13, 2026 4:42:31 AM com.jme3.anim.SkinningControl controlRender
INFORMATION: Hardware skinning engaged for Scene (Node)
Sept. 13, 2026 4:42:31 AM com.jme3.anim.SkinningControl controlRender
INFORMATION: Hardware skinning engaged for Scene (Node)
Sept. 13, 2026 4:42:31 AM com.jme3.anim.SkinningControl controlRender
INFORMATION: Hardware skinning engaged for Scene (Node)
[SMOKE] stage 17
[CHECK] Return from crypt
Sept. 13, 2026 4:42:34 AM com.jme3.bullet.objects.PhysicsRigidBody rebuildRigidBody
INFORMATION: Created 1f002dc6e90.
Sept. 13, 2026 4:42:34 AM com.jme3.bullet.objects.PhysicsRigidBody rebuildRigidBody
INFORMATION: Created 1f002dbac20.
Sept. 13, 2026 4:42:34 AM com.jme3.bullet.objects.PhysicsRigidBody rebuildRigidBody
INFORMATION: Created 1f002db95d0.
Sept. 13, 2026 4:42:34 AM com.jme3.bullet.objects.PhysicsRigidBody rebuildRigidBody
INFORMATION: Created 1f002db5610.
Sept. 13, 2026 4:42:34 AM com.jme3.bullet.objects.PhysicsRigidBody rebuildRigidBody
INFORMATION: Created 1f002db72c0.
Sept. 13, 2026 4:42:34 AM com.jme3.bullet.objects.PhysicsRigidBody rebuildRigidBody
INFORMATION: Created 1f002db3630.
Sept. 13, 2026 4:42:34 AM com.jme3.bullet.objects.PhysicsRigidBody rebuildRigidBody
INFORMATION: Created 1f002db75f0.
Sept. 13, 2026 4:42:34 AM com.jme3.bullet.objects.PhysicsRigidBody rebuildRigidBody
INFORMATION: Created 1f002dbb5b0.
Sept. 13, 2026 4:42:34 AM com.jme3.bullet.objects.PhysicsRigidBody rebuildRigidBody
INFORMATION: Created 1f002dbd590.
Sept. 13, 2026 4:42:34 AM com.jme3.bullet.objects.PhysicsRigidBody rebuildRigidBody
INFORMATION: Created 1f002dbbc10.
Sept. 13, 2026 4:42:34 AM com.jme3.bullet.objects.PhysicsRigidBody rebuildRigidBody
INFORMATION: Created 1f002dbf570.
Sept. 13, 2026 4:42:34 AM com.jme3.bullet.objects.PhysicsRigidBody rebuildRigidBody
INFORMATION: Created 1f002dbb8e0.
Sept. 13, 2026 4:42:34 AM com.jme3.bullet.objects.PhysicsRigidBody rebuildRigidBody
INFORMATION: Created 1f002dc3530.
Sept. 13, 2026 4:42:34 AM com.jme3.bullet.objects.PhysicsRigidBody rebuildRigidBody
INFORMATION: Created 1f002dc1550.
Sept. 13, 2026 4:42:34 AM com.jme3.bullet.objects.PhysicsRigidBody rebuildRigidBody
INFORMATION: Created 1f002dc3ec0.
Sept. 13, 2026 4:42:34 AM com.jme3.bullet.objects.PhysicsRigidBody rebuildRigidBody
INFORMATION: Created 1f002dc41f0.
Sept. 13, 2026 4:42:34 AM com.jme3.bullet.objects.PhysicsRigidBody rebuildRigidBody
INFORMATION: Created 1f002dc4520.
Sept. 13, 2026 4:42:34 AM com.jme3.bullet.objects.PhysicsRigidBody rebuildRigidBody
INFORMATION: Created 1f002dc0890.
Sept. 13, 2026 4:42:34 AM com.jme3.bullet.objects.PhysicsRigidBody rebuildRigidBody
INFORMATION: Created 1f002dc7b50.
Sept. 13, 2026 4:42:34 AM com.jme3.bullet.objects.PhysicsRigidBody rebuildRigidBody
INFORMATION: Created 1f002dc51e0.
Sept. 13, 2026 4:42:34 AM com.jme3.bullet.objects.PhysicsRigidBody rebuildRigidBody
INFORMATION: Created 1f002dc7e80.
Sept. 13, 2026 4:42:34 AM com.jme3.bullet.objects.PhysicsRigidBody rebuildRigidBody
INFORMATION: Created 1f002dc5510.
Sept. 13, 2026 4:42:34 AM com.jme3.bullet.objects.PhysicsRigidBody rebuildRigidBody
INFORMATION: Created 1f002dc5840.
Sept. 13, 2026 4:42:34 AM com.jme3.bullet.objects.PhysicsRigidBody rebuildRigidBody
INFORMATION: Created 1f002dc81b0.
Sept. 13, 2026 4:42:34 AM com.jme3.bullet.objects.PhysicsRigidBody rebuildRigidBody
INFORMATION: Created 1f002dc71c0.
Sept. 13, 2026 4:42:34 AM com.jme3.bullet.objects.PhysicsRigidBody rebuildRigidBody
INFORMATION: Created 1f002dc5b70.
Sept. 13, 2026 4:42:34 AM com.jme3.bullet.objects.PhysicsRigidBody rebuildRigidBody
INFORMATION: Created 1f002dc84e0.
Sept. 13, 2026 4:42:34 AM com.jme3.bullet.objects.PhysicsRigidBody rebuildRigidBody
INFORMATION: Created 1f002dc6b60.
Sept. 13, 2026 4:42:34 AM com.jme3.bullet.objects.PhysicsRigidBody rebuildRigidBody
INFORMATION: Created 1f002dc7820.
Sept. 13, 2026 4:42:34 AM com.jme3.bullet.objects.PhysicsRigidBody rebuildRigidBody
INFORMATION: Created 1f002dc4850.
Sept. 13, 2026 4:42:34 AM com.jme3.bullet.objects.PhysicsRigidBody rebuildRigidBody
INFORMATION: Created 1f002dc4eb0.
Sept. 13, 2026 4:42:34 AM com.jme3.bullet.objects.PhysicsRigidBody rebuildRigidBody
INFORMATION: Created 1f002dc6830.
Sept. 13, 2026 4:42:34 AM com.jme3.bullet.objects.PhysicsRigidBody rebuildRigidBody
INFORMATION: Created 1f002db52e0.
Sept. 13, 2026 4:42:34 AM com.jme3.bullet.objects.PhysicsRigidBody rebuildRigidBody
INFORMATION: Created 1f002dc4b80.
Sept. 13, 2026 4:42:34 AM com.jme3.bullet.objects.PhysicsRigidBody rebuildRigidBody
INFORMATION: Created 1f002dc0ef0.
Sept. 13, 2026 4:42:34 AM com.jme3.bullet.objects.PhysicsRigidBody rebuildRigidBody
INFORMATION: Created 1f002dc1220.
Sept. 13, 2026 4:42:34 AM com.jme3.bullet.objects.PhysicsRigidBody rebuildRigidBody
INFORMATION: Created 1f002dc5ea0.
Sept. 13, 2026 4:42:34 AM com.jme3.bullet.objects.PhysicsRigidBody rebuildRigidBody
INFORMATION: Created 1f002dc61d0.
Sept. 13, 2026 4:42:34 AM com.jme3.bullet.objects.PhysicsRigidBody rebuildRigidBody
INFORMATION: Created 1f002dc6500.
Sept. 13, 2026 4:42:34 AM com.jme3.bullet.objects.PhysicsRigidBody rebuildRigidBody
INFORMATION: Created 1f002dc2870.
Sept. 13, 2026 4:42:34 AM com.jme3.bullet.objects.PhysicsRigidBody rebuildRigidBody
INFORMATION: Created 1f002dc2ed0.
Sept. 13, 2026 4:42:34 AM com.jme3.bullet.objects.PhysicsRigidBody rebuildRigidBody
INFORMATION: Created 1f002dc94d0.
Sept. 13, 2026 4:42:34 AM com.jme3.bullet.objects.PhysicsRigidBody rebuildRigidBody
INFORMATION: Created 1f002dcae50.
Sept. 13, 2026 4:42:34 AM com.jme3.bullet.objects.PhysicsRigidBody rebuildRigidBody
INFORMATION: Created 1f002dc8810.
Sept. 13, 2026 4:42:34 AM com.jme3.bullet.objects.PhysicsRigidBody rebuildRigidBody
INFORMATION: Created 1f002dc8b40.
Sept. 13, 2026 4:42:34 AM com.jme3.bullet.objects.PhysicsRigidBody rebuildRigidBody
INFORMATION: Created 1f002dcb180.
Sept. 13, 2026 4:42:34 AM com.jme3.bullet.objects.PhysicsRigidBody rebuildRigidBody
INFORMATION: Created 1f002dcab20.
Sept. 13, 2026 4:42:34 AM com.jme3.bullet.objects.PhysicsRigidBody rebuildRigidBody
INFORMATION: Created 1f002dca190.
Sept. 13, 2026 4:42:34 AM com.jme3.bullet.objects.PhysicsRigidBody rebuildRigidBody
INFORMATION: Created 1f002dc74f0.
Sept. 13, 2026 4:42:34 AM com.jme3.bullet.objects.PhysicsRigidBody rebuildRigidBody
INFORMATION: Created 1f002dc8e70.
Sept. 13, 2026 4:42:34 AM com.jme3.bullet.objects.PhysicsRigidBody rebuildRigidBody
INFORMATION: Created 1f002dc91a0.
Sept. 13, 2026 4:42:34 AM com.jme3.bullet.objects.PhysicsRigidBody rebuildRigidBody
INFORMATION: Created 1f002dc9800.
Sept. 13, 2026 4:42:34 AM com.jme3.bullet.objects.PhysicsRigidBody rebuildRigidBody
INFORMATION: Created 1f002dcc170.
Sept. 13, 2026 4:42:34 AM com.jme3.bullet.objects.PhysicsRigidBody rebuildRigidBody
INFORMATION: Created 1f002dc9b30.
Sept. 13, 2026 4:42:34 AM com.jme3.bullet.objects.PhysicsRigidBody rebuildRigidBody
INFORMATION: Created 1f002dc9e60.
Sept. 13, 2026 4:42:34 AM com.jme3.bullet.objects.PhysicsRigidBody rebuildRigidBody
INFORMATION: Created 1f002dca4c0.
Sept. 13, 2026 4:42:34 AM com.jme3.bullet.objects.PhysicsRigidBody rebuildRigidBody
INFORMATION: Created 1f002dcb4b0.
Sept. 13, 2026 4:42:34 AM com.jme3.bullet.objects.PhysicsRigidBody rebuildRigidBody
INFORMATION: Created 1f002dcbb10.
Sept. 13, 2026 4:42:34 AM com.jme3.bullet.objects.PhysicsRigidBody rebuildRigidBody
INFORMATION: Created 1f002dca7f0.
Sept. 13, 2026 4:42:34 AM com.jme3.bullet.objects.PhysicsRigidBody rebuildRigidBody
INFORMATION: Created 1f002dcb7e0.
Sept. 13, 2026 4:42:34 AM com.jme3.bullet.objects.PhysicsRigidBody rebuildRigidBody
INFORMATION: Created 1f002dcbe40.
Sept. 13, 2026 4:42:34 AM com.jme3.bullet.objects.PhysicsRigidBody rebuildRigidBody
INFORMATION: Created 1f002dccb00.
Sept. 13, 2026 4:42:34 AM com.jme3.bullet.objects.PhysicsRigidBody rebuildRigidBody
INFORMATION: Created 1f002db4950.
Sept. 13, 2026 4:42:34 AM com.jme3.bullet.objects.PhysicsRigidBody rebuildRigidBody
INFORMATION: Created 1f002dc0bc0.
Sept. 13, 2026 4:42:34 AM com.jme3.bullet.objects.PhysicsRigidBody rebuildRigidBody
INFORMATION: Created 1f002dc2ba0.
Sept. 13, 2026 4:42:34 AM com.jme3.bullet.objects.PhysicsRigidBody rebuildRigidBody
INFORMATION: Created 1f002dc0560.
Sept. 13, 2026 4:42:34 AM com.jme3.bullet.objects.PhysicsRigidBody rebuildRigidBody
INFORMATION: Created 1f002dc2540.
Sept. 13, 2026 4:42:34 AM com.jme3.bullet.objects.PhysicsRigidBody rebuildRigidBody
INFORMATION: Created 1f002dceae0.
Sept. 13, 2026 4:42:34 AM com.jme3.bullet.objects.PhysicsRigidBody rebuildRigidBody
INFORMATION: Created 1f002db62d0.
Sept. 13, 2026 4:42:34 AM com.jme3.bullet.objects.PhysicsRigidBody rebuildRigidBody
INFORMATION: Created 1f002db2ca0.
Sept. 13, 2026 4:42:34 AM com.jme3.bullet.objects.PhysicsRigidBody rebuildRigidBody
INFORMATION: Created 1f002dc0230.
Sept. 13, 2026 4:42:34 AM com.jme3.bullet.objects.PhysicsRigidBody rebuildRigidBody
INFORMATION: Created 1f002db4c80.
Sept. 13, 2026 4:42:34 AM com.jme3.bullet.objects.PhysicsRigidBody rebuildRigidBody
INFORMATION: Created 1f002db6600.
Sept. 13, 2026 4:42:34 AM com.jme3.bullet.objects.PhysicsRigidBody rebuildRigidBody
INFORMATION: Created 1f002dc1880.
Sept. 13, 2026 4:42:34 AM com.jme3.bullet.objects.PhysicsRigidBody rebuildRigidBody
INFORMATION: Created 1f002db3300.
Sept. 13, 2026 4:42:34 AM com.jme3.bullet.objects.PhysicsRigidBody rebuildRigidBody
INFORMATION: Created 1f002db3c90.
Sept. 13, 2026 4:42:34 AM com.jme3.bullet.objects.PhysicsRigidBody rebuildRigidBody
INFORMATION: Created 1f002db3fc0.
Sept. 13, 2026 4:42:34 AM com.jme3.bullet.objects.PhysicsRigidBody rebuildRigidBody
INFORMATION: Created 1f002dc2210.
Sept. 13, 2026 4:42:34 AM com.jme3.bullet.objects.PhysicsRigidBody rebuildRigidBody
INFORMATION: Created 1f002dc1bb0.
Sept. 13, 2026 4:42:34 AM com.jme3.bullet.objects.PhysicsRigidBody rebuildRigidBody
INFORMATION: Created 1f002db6c60.
Sept. 13, 2026 4:42:34 AM com.jme3.bullet.objects.PhysicsRigidBody rebuildRigidBody
INFORMATION: Created 1f002db5940.
Sept. 13, 2026 4:42:34 AM com.jme3.bullet.objects.PhysicsRigidBody rebuildRigidBody
INFORMATION: Created 1f002db2fd0.
Sept. 13, 2026 4:42:34 AM com.jme3.bullet.objects.PhysicsRigidBody rebuildRigidBody
INFORMATION: Created 1f002dc3200.
Sept. 13, 2026 4:42:34 AM com.jme3.bullet.objects.PhysicsRigidBody rebuildRigidBody
INFORMATION: Created 1f002dbf8a0.
Sept. 13, 2026 4:42:34 AM com.jme3.bullet.objects.PhysicsRigidBody rebuildRigidBody
INFORMATION: Created 1f002dc3860.
Sept. 13, 2026 4:42:34 AM com.jme3.bullet.objects.PhysicsRigidBody rebuildRigidBody
INFORMATION: Created 1f002dbfbd0.
Sept. 13, 2026 4:42:34 AM com.jme3.bullet.objects.PhysicsRigidBody rebuildRigidBody
INFORMATION: Created 1f002dcce30.
Sept. 13, 2026 4:42:34 AM com.jme3.bullet.objects.PhysicsRigidBody rebuildRigidBody
INFORMATION: Created 1f002dce480.
Sept. 13, 2026 4:42:34 AM com.jme3.bullet.objects.PhysicsRigidBody rebuildRigidBody
INFORMATION: Created 1f002dd0130.
Sept. 13, 2026 4:42:34 AM com.jme3.bullet.objects.PhysicsRigidBody rebuildRigidBody
INFORMATION: Created 1f002dcde20.
Sept. 13, 2026 4:42:34 AM com.jme3.bullet.objects.PhysicsRigidBody rebuildRigidBody
INFORMATION: Created 1f002dcee10.
Sept. 13, 2026 4:42:34 AM com.jme3.bullet.objects.PhysicsRigidBody rebuildRigidBody
INFORMATION: Created 1f002dcdaf0.
Sept. 13, 2026 4:42:34 AM com.jme3.bullet.objects.PhysicsRigidBody rebuildRigidBody
INFORMATION: Created 1f002dcfad0.
Sept. 13, 2026 4:42:34 AM com.jme3.bullet.objects.PhysicsRigidBody rebuildRigidBody
INFORMATION: Created 1f002dcf470.
Sept. 13, 2026 4:42:34 AM com.jme3.bullet.objects.PhysicsRigidBody rebuildRigidBody
INFORMATION: Created 1f002dcf7a0.
Sept. 13, 2026 4:42:34 AM com.jme3.bullet.objects.PhysicsRigidBody rebuildRigidBody
INFORMATION: Created 1f002dcfe00.
Sept. 13, 2026 4:42:34 AM com.jme3.bullet.objects.PhysicsRigidBody rebuildRigidBody
INFORMATION: Created 1f002dce150.
Sept. 13, 2026 4:42:34 AM com.jme3.bullet.objects.PhysicsRigidBody rebuildRigidBody
INFORMATION: Created 1f002dcf140.
Sept. 13, 2026 4:42:34 AM com.jme3.bullet.objects.PhysicsRigidBody rebuildRigidBody
INFORMATION: Created 1f002dce7b0.
Sept. 13, 2026 4:42:34 AM com.jme3.bullet.objects.PhysicsRigidBody rebuildRigidBody
INFORMATION: Created 1f002dcd160.
Sept. 13, 2026 4:42:34 AM com.jme3.bullet.objects.PhysicsRigidBody rebuildRigidBody
INFORMATION: Created 1f002dcc4a0.
Sept. 13, 2026 4:42:34 AM com.jme3.bullet.objects.PhysicsRigidBody rebuildRigidBody
INFORMATION: Created 1f002dd0460.
Sept. 13, 2026 4:42:34 AM com.jme3.bullet.objects.PhysicsRigidBody rebuildRigidBody
INFORMATION: Created 1f002dcd490.
Sept. 13, 2026 4:42:34 AM com.jme3.bullet.objects.PhysicsRigidBody rebuildRigidBody
INFORMATION: Created 1f002dcd7c0.
Sept. 13, 2026 4:42:34 AM com.jme3.bullet.objects.PhysicsRigidBody rebuildRigidBody
INFORMATION: Created 1f002dcc7d0.
Sept. 13, 2026 4:42:34 AM com.jme3.bullet.objects.PhysicsRigidBody rebuildRigidBody
INFORMATION: Created 1f002dd2dd0.
Sept. 13, 2026 4:42:34 AM com.jme3.bullet.objects.PhysicsRigidBody rebuildRigidBody
INFORMATION: Created 1f002dd40f0.
Sept. 13, 2026 4:42:34 AM com.jme3.bullet.objects.PhysicsRigidBody rebuildRigidBody
INFORMATION: Created 1f002dd4420.
Sept. 13, 2026 4:42:34 AM com.jme3.bullet.objects.PhysicsRigidBody rebuildRigidBody
INFORMATION: Created 1f002dd0df0.
Sept. 13, 2026 4:42:34 AM com.jme3.bullet.objects.PhysicsRigidBody rebuildRigidBody
INFORMATION: Created 1f002dd1120.
Sept. 13, 2026 4:42:34 AM com.jme3.bullet.objects.PhysicsRigidBody rebuildRigidBody
INFORMATION: Created 1f002dd1780.
Sept. 13, 2026 4:42:34 AM com.jme3.bullet.objects.PhysicsRigidBody rebuildRigidBody
INFORMATION: Created 1f002dd1450.
Sept. 13, 2026 4:42:34 AM com.jme3.bullet.objects.PhysicsRigidBody rebuildRigidBody
INFORMATION: Created 1f002dd1ab0.
Sept. 13, 2026 4:42:34 AM com.jme3.bullet.objects.PhysicsRigidBody rebuildRigidBody
INFORMATION: Created 1f002dd3100.
Sept. 13, 2026 4:42:34 AM com.jme3.bullet.objects.PhysicsRigidBody rebuildRigidBody
INFORMATION: Created 1f002dd2440.
Sept. 13, 2026 4:42:34 AM com.jme3.bullet.objects.PhysicsRigidBody rebuildRigidBody
INFORMATION: Created 1f002dd1de0.
Sept. 13, 2026 4:42:34 AM com.jme3.bullet.objects.PhysicsRigidBody rebuildRigidBody
INFORMATION: Created 1f002dd0790.
Sept. 13, 2026 4:42:34 AM com.jme3.bullet.objects.PhysicsRigidBody rebuildRigidBody
INFORMATION: Created 1f002dd3760.
Sept. 13, 2026 4:42:34 AM com.jme3.bullet.objects.PhysicsRigidBody rebuildRigidBody
INFORMATION: Created 1f002dd4750.
Sept. 13, 2026 4:42:34 AM com.jme3.bullet.objects.PhysicsRigidBody rebuildRigidBody
INFORMATION: Created 1f002dd2110.
Sept. 13, 2026 4:42:34 AM com.jme3.bullet.objects.PhysicsRigidBody rebuildRigidBody
INFORMATION: Created 1f002dd2770.
Sept. 13, 2026 4:42:34 AM com.jme3.bullet.objects.PhysicsRigidBody rebuildRigidBody
INFORMATION: Created 1f002dd2aa0.
Sept. 13, 2026 4:42:34 AM com.jme3.bullet.objects.PhysicsRigidBody rebuildRigidBody
INFORMATION: Created 1f002dd3430.
Sept. 13, 2026 4:42:34 AM com.jme3.bullet.objects.PhysicsRigidBody rebuildRigidBody
INFORMATION: Created 1f002dd3a90.
Sept. 13, 2026 4:42:34 AM com.jme3.bullet.objects.PhysicsRigidBody rebuildRigidBody
INFORMATION: Created 1f002dd3dc0.
Sept. 13, 2026 4:42:34 AM com.jme3.bullet.objects.PhysicsRigidBody rebuildRigidBody
INFORMATION: Created 1f002dd0ac0.
Sept. 13, 2026 4:42:34 AM com.jme3.bullet.objects.PhysicsRigidBody rebuildRigidBody
INFORMATION: Created 1f002dd6400.
Sept. 13, 2026 4:42:34 AM com.jme3.bullet.objects.PhysicsRigidBody rebuildRigidBody
INFORMATION: Created 1f002dd80b0.
Sept. 13, 2026 4:42:34 AM com.jme3.bullet.objects.PhysicsRigidBody rebuildRigidBody
INFORMATION: Created 1f002dd5a70.
Sept. 13, 2026 4:42:34 AM com.jme3.bullet.objects.PhysicsRigidBody rebuildRigidBody
INFORMATION: Created 1f002dd83e0.
Sept. 13, 2026 4:42:34 AM com.jme3.bullet.objects.PhysicsRigidBody rebuildRigidBody
INFORMATION: Created 1f002dd7d80.
Sept. 13, 2026 4:42:34 AM com.jme3.bullet.objects.PhysicsRigidBody rebuildRigidBody
INFORMATION: Created 1f002dd70c0.
Sept. 13, 2026 4:42:34 AM com.jme3.bullet.objects.PhysicsRigidBody rebuildRigidBody
INFORMATION: Created 1f002dd4db0.
Sept. 13, 2026 4:42:34 AM com.jme3.bullet.objects.PhysicsRigidBody rebuildRigidBody
INFORMATION: Created 1f002dd5da0.
Sept. 13, 2026 4:42:34 AM com.jme3.bullet.objects.PhysicsRigidBody rebuildRigidBody
INFORMATION: Created 1f002dd6a60.
Sept. 13, 2026 4:42:34 AM com.jme3.bullet.objects.PhysicsRigidBody rebuildRigidBody
INFORMATION: Created 1f002dd73f0.
[GAME] Die gläserne Tiefe
Sept. 13, 2026 4:42:34 AM com.jme3.anim.SkinningControl controlRender
INFORMATION: Hardware skinning engaged for Scene (Node)
Sept. 13, 2026 4:42:34 AM com.jme3.anim.SkinningControl controlRender
INFORMATION: Hardware skinning engaged for Scene (Node)
Sept. 13, 2026 4:42:34 AM com.jme3.anim.SkinningControl controlRender
INFORMATION: Hardware skinning engaged for Scene (Node)
Sept. 13, 2026 4:42:34 AM com.jme3.anim.SkinningControl controlRender
INFORMATION: Hardware skinning engaged for Scene (Node)
Sept. 13, 2026 4:42:34 AM com.jme3.anim.SkinningControl controlRender
INFORMATION: Hardware skinning engaged for Scene (Node)
Sept. 13, 2026 4:42:34 AM com.jme3.anim.SkinningControl controlRender
INFORMATION: Hardware skinning engaged for Scene (Node)
Sept. 13, 2026 4:42:34 AM com.jme3.anim.SkinningControl controlRender
INFORMATION: Hardware skinning engaged for Scene (Node)
[SMOKE] stage 18
[CHECK] Cavern portal transition
[GAME] Goblin besiegt  +35 EP  +8 Gold
[GAME] Goblin besiegt  +35 EP  +8 Gold
[GAME] Goblin besiegt  +35 EP  +8 Gold
[GAME] Goblin besiegt  +35 EP  +8 Gold
[GAME] Goblin besiegt  +35 EP  +8 Gold
[GAME] Goblin besiegt  +35 EP  +8 Gold
[GAME] Aschenrufer besiegt  +65 EP  +23 Gold
[GAME] Aschenrufer besiegt  +65 EP  +23 Gold
[GAME] STUFE 5  -  Fähigkeitspunkt erhalten [K]
[GAME] Ork-Brecher besiegt  +70 EP  +13 Gold
[GAME] Ork-Brecher besiegt  +70 EP  +13 Gold
[GAME] Auftrag erfüllt: Die Straßen werden still  +150 EP
[GAME] Kristallader gereinigt. 1 / 3
[GAME] Kristallader gereinigt. 2 / 3
[GAME] Kristallader gereinigt. 3 / 3
[GAME] Kristallherz erhalten!
[GAME] Auftrag erfüllt: Die zwei Eide  +150 EP
[GAME] Stufe 6 erreicht! K: Fähigkeiten verbessern.
[GAME] Auftrag erfüllt: Das Herz des Berges  +120 EP
[CHECK] Both parallel paths award their keys
Sept. 13, 2026 4:42:36 AM com.jme3.bullet.objects.PhysicsRigidBody rebuildRigidBody
INFORMATION: Created 1f002dd50e0.
Sept. 13, 2026 4:42:36 AM com.jme3.bullet.objects.PhysicsRigidBody rebuildRigidBody
INFORMATION: Created 1f002dd8710.
Sept. 13, 2026 4:42:36 AM com.jme3.bullet.objects.PhysicsRigidBody rebuildRigidBody
INFORMATION: Created 1f002dd4a80.
Sept. 13, 2026 4:42:36 AM com.jme3.bullet.objects.PhysicsRigidBody rebuildRigidBody
INFORMATION: Created 1f002dd8a40.
Sept. 13, 2026 4:42:36 AM com.jme3.bullet.objects.PhysicsRigidBody rebuildRigidBody
INFORMATION: Created 1f002dd6730.
Sept. 13, 2026 4:42:36 AM com.jme3.bullet.objects.PhysicsRigidBody rebuildRigidBody
INFORMATION: Created 1f002dd7720.
Sept. 13, 2026 4:42:36 AM com.jme3.bullet.objects.PhysicsRigidBody rebuildRigidBody
INFORMATION: Created 1f002dd5410.
Sept. 13, 2026 4:42:36 AM com.jme3.bullet.objects.PhysicsRigidBody rebuildRigidBody
INFORMATION: Created 1f002dd8d70.
Sept. 13, 2026 4:42:36 AM com.jme3.bullet.objects.PhysicsRigidBody rebuildRigidBody
INFORMATION: Created 1f002dd6d90.
Sept. 13, 2026 4:42:36 AM com.jme3.bullet.objects.PhysicsRigidBody rebuildRigidBody
INFORMATION: Created 1f002dd5740.
Sept. 13, 2026 4:42:36 AM com.jme3.bullet.objects.PhysicsRigidBody rebuildRigidBody
INFORMATION: Created 1f002dd60d0.
Sept. 13, 2026 4:42:36 AM com.jme3.bullet.objects.PhysicsRigidBody rebuildRigidBody
INFORMATION: Created 1f002dd7a50.
Sept. 13, 2026 4:42:36 AM com.jme3.bullet.objects.PhysicsRigidBody rebuildRigidBody
INFORMATION: Created 1f002ddb3b0.
Sept. 13, 2026 4:42:36 AM com.jme3.bullet.objects.PhysicsRigidBody rebuildRigidBody
INFORMATION: Created 1f002dd9d60.
Sept. 13, 2026 4:42:36 AM com.jme3.bullet.objects.PhysicsRigidBody rebuildRigidBody
INFORMATION: Created 1f002ddb6e0.
Sept. 13, 2026 4:42:36 AM com.jme3.bullet.objects.PhysicsRigidBody rebuildRigidBody
INFORMATION: Created 1f002ddaa20.
Sept. 13, 2026 4:42:36 AM com.jme3.bullet.objects.PhysicsRigidBody rebuildRigidBody
INFORMATION: Created 1f002ddba10.
Sept. 13, 2026 4:42:36 AM com.jme3.bullet.objects.PhysicsRigidBody rebuildRigidBody
INFORMATION: Created 1f002dda090.
Sept. 13, 2026 4:42:36 AM com.jme3.bullet.objects.PhysicsRigidBody rebuildRigidBody
INFORMATION: Created 1f002dda3c0.
Sept. 13, 2026 4:42:36 AM com.jme3.bullet.objects.PhysicsRigidBody rebuildRigidBody
INFORMATION: Created 1f002ddbd40.
Sept. 13, 2026 4:42:36 AM com.jme3.bullet.objects.PhysicsRigidBody rebuildRigidBody
INFORMATION: Created 1f002ddcd30.
Sept. 13, 2026 4:42:36 AM com.jme3.bullet.objects.PhysicsRigidBody rebuildRigidBody
INFORMATION: Created 1f002ddc3a0.
Sept. 13, 2026 4:42:36 AM com.jme3.bullet.objects.PhysicsRigidBody rebuildRigidBody
INFORMATION: Created 1f002ddc070.
Sept. 13, 2026 4:42:36 AM com.jme3.bullet.objects.PhysicsRigidBody rebuildRigidBody
INFORMATION: Created 1f002dda6f0.
Sept. 13, 2026 4:42:36 AM com.jme3.bullet.objects.PhysicsRigidBody rebuildRigidBody
INFORMATION: Created 1f002ddb080.
Sept. 13, 2026 4:42:36 AM com.jme3.bullet.objects.PhysicsRigidBody rebuildRigidBody
INFORMATION: Created 1f002ddc6d0.
Sept. 13, 2026 4:42:36 AM com.jme3.bullet.objects.PhysicsRigidBody rebuildRigidBody
INFORMATION: Created 1f002ddca00.
Sept. 13, 2026 4:42:36 AM com.jme3.bullet.objects.PhysicsRigidBody rebuildRigidBody
INFORMATION: Created 1f002dd93d0.
Sept. 13, 2026 4:42:36 AM com.jme3.bullet.objects.PhysicsRigidBody rebuildRigidBody
INFORMATION: Created 1f002dd90a0.
Sept. 13, 2026 4:42:36 AM com.jme3.bullet.objects.PhysicsRigidBody rebuildRigidBody
INFORMATION: Created 1f002ddad50.
Sept. 13, 2026 4:42:36 AM com.jme3.bullet.objects.PhysicsRigidBody rebuildRigidBody
INFORMATION: Created 1f002ddd060.
Sept. 13, 2026 4:42:36 AM com.jme3.bullet.objects.PhysicsRigidBody rebuildRigidBody
INFORMATION: Created 1f002ddd390.
Sept. 13, 2026 4:42:36 AM com.jme3.bullet.objects.PhysicsRigidBody rebuildRigidBody
INFORMATION: Created 1f002dd9700.
Sept. 13, 2026 4:42:36 AM com.jme3.bullet.objects.PhysicsRigidBody rebuildRigidBody
INFORMATION: Created 1f002ddd6c0.
Sept. 13, 2026 4:42:36 AM com.jme3.bullet.objects.PhysicsRigidBody rebuildRigidBody
INFORMATION: Created 1f002dd9a30.
Sept. 13, 2026 4:42:36 AM com.jme3.bullet.objects.PhysicsRigidBody rebuildRigidBody
INFORMATION: Created 1f002ddd9f0.
Sept. 13, 2026 4:42:36 AM com.jme3.bullet.objects.PhysicsRigidBody rebuildRigidBody
INFORMATION: Created 1f002de0030.
Sept. 13, 2026 4:42:36 AM com.jme3.bullet.objects.PhysicsRigidBody rebuildRigidBody
INFORMATION: Created 1f002dde6b0.
Sept. 13, 2026 4:42:36 AM com.jme3.bullet.objects.PhysicsRigidBody rebuildRigidBody
INFORMATION: Created 1f002de0360.
Sept. 13, 2026 4:42:36 AM com.jme3.bullet.objects.PhysicsRigidBody rebuildRigidBody
INFORMATION: Created 1f002dddd20.
Sept. 13, 2026 4:42:36 AM com.jme3.bullet.objects.PhysicsRigidBody rebuildRigidBody
INFORMATION: Created 1f002de0690.
Sept. 13, 2026 4:42:36 AM com.jme3.bullet.objects.PhysicsRigidBody rebuildRigidBody
INFORMATION: Created 1f002de09c0.
Sept. 13, 2026 4:42:36 AM com.jme3.bullet.objects.PhysicsRigidBody rebuildRigidBody
INFORMATION: Created 1f002de0cf0.
Sept. 13, 2026 4:42:36 AM com.jme3.bullet.objects.PhysicsRigidBody rebuildRigidBody
INFORMATION: Created 1f002dded10.
Sept. 13, 2026 4:42:36 AM com.jme3.bullet.objects.PhysicsRigidBody rebuildRigidBody
INFORMATION: Created 1f002de1ce0.
Sept. 13, 2026 4:42:36 AM com.jme3.bullet.objects.PhysicsRigidBody rebuildRigidBody
INFORMATION: Created 1f002dde9e0.
Sept. 13, 2026 4:42:36 AM com.jme3.bullet.objects.PhysicsRigidBody rebuildRigidBody
INFORMATION: Created 1f002de1020.
Sept. 13, 2026 4:42:36 AM com.jme3.bullet.objects.PhysicsRigidBody rebuildRigidBody
INFORMATION: Created 1f002de1350.
Sept. 13, 2026 4:42:36 AM com.jme3.bullet.objects.PhysicsRigidBody rebuildRigidBody
INFORMATION: Created 1f002de1680.
Sept. 13, 2026 4:42:36 AM com.jme3.bullet.objects.PhysicsRigidBody rebuildRigidBody
INFORMATION: Created 1f002de19b0.
Sept. 13, 2026 4:42:36 AM com.jme3.bullet.objects.PhysicsRigidBody rebuildRigidBody
INFORMATION: Created 1f002dde050.
Sept. 13, 2026 4:42:36 AM com.jme3.bullet.objects.PhysicsRigidBody rebuildRigidBody
INFORMATION: Created 1f002de2010.
Sept. 13, 2026 4:42:36 AM com.jme3.bullet.objects.PhysicsRigidBody rebuildRigidBody
INFORMATION: Created 1f002dde380.
Sept. 13, 2026 4:42:36 AM com.jme3.bullet.objects.PhysicsRigidBody rebuildRigidBody
INFORMATION: Created 1f002de29a0.
Sept. 13, 2026 4:42:36 AM com.jme3.bullet.objects.PhysicsRigidBody rebuildRigidBody
INFORMATION: Created 1f002de2340.
Sept. 13, 2026 4:42:36 AM com.jme3.bullet.objects.PhysicsRigidBody rebuildRigidBody
INFORMATION: Created 1f002de2670.
Sept. 13, 2026 4:42:36 AM com.jme3.bullet.objects.PhysicsRigidBody rebuildRigidBody
INFORMATION: Created 1f002ddfd00.
Sept. 13, 2026 4:42:36 AM com.jme3.bullet.objects.PhysicsRigidBody rebuildRigidBody
INFORMATION: Created 1f002ddf6a0.
Sept. 13, 2026 4:42:36 AM com.jme3.bullet.objects.PhysicsRigidBody rebuildRigidBody
INFORMATION: Created 1f002de2cd0.
Sept. 13, 2026 4:42:36 AM com.jme3.bullet.objects.PhysicsRigidBody rebuildRigidBody
INFORMATION: Created 1f002ddf040.
Sept. 13, 2026 4:42:36 AM com.jme3.bullet.objects.PhysicsRigidBody rebuildRigidBody
INFORMATION: Created 1f002de3000.
Sept. 13, 2026 4:42:36 AM com.jme3.bullet.objects.PhysicsRigidBody rebuildRigidBody
INFORMATION: Created 1f002ddf370.
Sept. 13, 2026 4:42:36 AM com.jme3.bullet.objects.PhysicsRigidBody rebuildRigidBody
INFORMATION: Created 1f002de3330.
Sept. 13, 2026 4:42:36 AM com.jme3.bullet.objects.PhysicsRigidBody rebuildRigidBody
INFORMATION: Created 1f002de3660.
Sept. 13, 2026 4:42:36 AM com.jme3.bullet.objects.PhysicsRigidBody rebuildRigidBody
INFORMATION: Created 1f002ddf9d0.
Sept. 13, 2026 4:42:36 AM com.jme3.bullet.objects.PhysicsRigidBody rebuildRigidBody
INFORMATION: Created 1f002de5970.
Sept. 13, 2026 4:42:36 AM com.jme3.bullet.objects.PhysicsRigidBody rebuildRigidBody
INFORMATION: Created 1f002de5640.
Sept. 13, 2026 4:42:36 AM com.jme3.bullet.objects.PhysicsRigidBody rebuildRigidBody
INFORMATION: Created 1f002de4cb0.
Sept. 13, 2026 4:42:36 AM com.jme3.bullet.objects.PhysicsRigidBody rebuildRigidBody
INFORMATION: Created 1f002de3990.
Sept. 13, 2026 4:42:36 AM com.jme3.bullet.objects.PhysicsRigidBody rebuildRigidBody
INFORMATION: Created 1f002de3cc0.
Sept. 13, 2026 4:42:36 AM com.jme3.bullet.objects.PhysicsRigidBody rebuildRigidBody
INFORMATION: Created 1f002de5310.
Sept. 13, 2026 4:42:36 AM com.jme3.bullet.objects.PhysicsRigidBody rebuildRigidBody
INFORMATION: Created 1f002de3ff0.
Sept. 13, 2026 4:42:36 AM com.jme3.bullet.objects.PhysicsRigidBody rebuildRigidBody
INFORMATION: Created 1f002de4320.
Sept. 13, 2026 4:42:36 AM com.jme3.bullet.objects.PhysicsRigidBody rebuildRigidBody
INFORMATION: Created 1f002de4650.
Sept. 13, 2026 4:42:36 AM com.jme3.bullet.objects.PhysicsRigidBody rebuildRigidBody
INFORMATION: Created 1f002de4980.
Sept. 13, 2026 4:42:36 AM com.jme3.bullet.objects.PhysicsRigidBody rebuildRigidBody
INFORMATION: Created 1f002de4fe0.
Sept. 13, 2026 4:42:36 AM com.jme3.bullet.objects.PhysicsRigidBody rebuildRigidBody
INFORMATION: Created 1f002de6630.
Sept. 13, 2026 4:42:36 AM com.jme3.bullet.objects.PhysicsRigidBody rebuildRigidBody
INFORMATION: Created 1f002de5ca0.
Sept. 13, 2026 4:42:36 AM com.jme3.bullet.objects.PhysicsRigidBody rebuildRigidBody
INFORMATION: Created 1f002de6960.
Sept. 13, 2026 4:42:36 AM com.jme3.bullet.objects.PhysicsRigidBody rebuildRigidBody
INFORMATION: Created 1f002de6c90.
Sept. 13, 2026 4:42:36 AM com.jme3.bullet.objects.PhysicsRigidBody rebuildRigidBody
INFORMATION: Created 1f002de5fd0.
Sept. 13, 2026 4:42:36 AM com.jme3.bullet.objects.PhysicsRigidBody rebuildRigidBody
INFORMATION: Created 1f002de6300.
Sept. 13, 2026 4:42:36 AM com.jme3.bullet.objects.PhysicsRigidBody rebuildRigidBody
INFORMATION: Created 1f002da9d30.
Sept. 13, 2026 4:42:36 AM com.jme3.bullet.objects.PhysicsRigidBody rebuildRigidBody
INFORMATION: Created 1f002da6700.
Sept. 13, 2026 4:42:36 AM com.jme3.bullet.objects.PhysicsRigidBody rebuildRigidBody
INFORMATION: Created 1f002da86e0.
Sept. 13, 2026 4:42:36 AM com.jme3.bullet.objects.PhysicsRigidBody rebuildRigidBody
INFORMATION: Created 1f002da83b0.
Sept. 13, 2026 4:42:36 AM com.jme3.bullet.objects.PhysicsRigidBody rebuildRigidBody
INFORMATION: Created 1f002da8a10.
Sept. 13, 2026 4:42:36 AM com.jme3.bullet.objects.PhysicsRigidBody rebuildRigidBody
INFORMATION: Created 1f002da8d40.
Sept. 13, 2026 4:42:36 AM com.jme3.bullet.objects.PhysicsRigidBody rebuildRigidBody
INFORMATION: Created 1f002da9070.
Sept. 13, 2026 4:42:36 AM com.jme3.bullet.objects.PhysicsRigidBody rebuildRigidBody
INFORMATION: Created 1f002da7d50.
Sept. 13, 2026 4:42:36 AM com.jme3.bullet.objects.PhysicsRigidBody rebuildRigidBody
INFORMATION: Created 1f002da93a0.
Sept. 13, 2026 4:42:36 AM com.jme3.bullet.objects.PhysicsRigidBody rebuildRigidBody
INFORMATION: Created 1f002da9a00.
Sept. 13, 2026 4:42:36 AM com.jme3.bullet.objects.PhysicsRigidBody rebuildRigidBody
INFORMATION: Created 1f002da96d0.
Sept. 13, 2026 4:42:36 AM com.jme3.bullet.objects.PhysicsRigidBody rebuildRigidBody
INFORMATION: Created 1f002da60a0.
Sept. 13, 2026 4:42:36 AM com.jme3.bullet.objects.PhysicsRigidBody rebuildRigidBody
INFORMATION: Created 1f002da7090.
Sept. 13, 2026 4:42:36 AM com.jme3.bullet.objects.PhysicsRigidBody rebuildRigidBody
INFORMATION: Created 1f002da6a30.
Sept. 13, 2026 4:42:36 AM com.jme3.bullet.objects.PhysicsRigidBody rebuildRigidBody
INFORMATION: Created 1f002daa060.
Sept. 13, 2026 4:42:36 AM com.jme3.bullet.objects.PhysicsRigidBody rebuildRigidBody
INFORMATION: Created 1f002da63d0.
Sept. 13, 2026 4:42:36 AM com.jme3.bullet.objects.PhysicsRigidBody rebuildRigidBody
INFORMATION: Created 1f002daa390.
Sept. 13, 2026 4:42:36 AM com.jme3.bullet.objects.PhysicsRigidBody rebuildRigidBody
INFORMATION: Created 1f002daa6c0.
Sept. 13, 2026 4:42:36 AM com.jme3.bullet.objects.PhysicsRigidBody rebuildRigidBody
INFORMATION: Created 1f002da8080.
Sept. 13, 2026 4:42:36 AM com.jme3.bullet.objects.PhysicsRigidBody rebuildRigidBody
INFORMATION: Created 1f002daa9f0.
Sept. 13, 2026 4:42:36 AM com.jme3.bullet.objects.PhysicsRigidBody rebuildRigidBody
INFORMATION: Created 1f002da6d60.
Sept. 13, 2026 4:42:36 AM com.jme3.bullet.objects.PhysicsRigidBody rebuildRigidBody
INFORMATION: Created 1f002daad20.
Sept. 13, 2026 4:42:36 AM com.jme3.bullet.objects.PhysicsRigidBody rebuildRigidBody
INFORMATION: Created 1f002dab050.
Sept. 13, 2026 4:42:36 AM com.jme3.bullet.objects.PhysicsRigidBody rebuildRigidBody
INFORMATION: Created 1f002da73c0.
Sept. 13, 2026 4:42:36 AM com.jme3.bullet.objects.PhysicsRigidBody rebuildRigidBody
INFORMATION: Created 1f002dab380.
Sept. 13, 2026 4:42:36 AM com.jme3.bullet.objects.PhysicsRigidBody rebuildRigidBody
INFORMATION: Created 1f002da76f0.
Sept. 13, 2026 4:42:36 AM com.jme3.bullet.objects.PhysicsRigidBody rebuildRigidBody
INFORMATION: Created 1f002dab6b0.
Sept. 13, 2026 4:42:36 AM com.jme3.bullet.objects.PhysicsRigidBody rebuildRigidBody
INFORMATION: Created 1f002da7a20.
Sept. 13, 2026 4:42:36 AM com.jme3.bullet.objects.PhysicsRigidBody rebuildRigidBody
INFORMATION: Created 1f002dac6a0.
Sept. 13, 2026 4:42:36 AM com.jme3.bullet.objects.PhysicsRigidBody rebuildRigidBody
INFORMATION: Created 1f002dab9e0.
Sept. 13, 2026 4:42:36 AM com.jme3.bullet.objects.PhysicsRigidBody rebuildRigidBody
INFORMATION: Created 1f002daf340.
Sept. 13, 2026 4:42:36 AM com.jme3.bullet.objects.PhysicsRigidBody rebuildRigidBody
INFORMATION: Created 1f002dad9c0.
Sept. 13, 2026 4:42:36 AM com.jme3.bullet.objects.PhysicsRigidBody rebuildRigidBody
INFORMATION: Created 1f002dae350.
Sept. 13, 2026 4:42:36 AM com.jme3.bullet.objects.PhysicsRigidBody rebuildRigidBody
INFORMATION: Created 1f002daf9a0.
Sept. 13, 2026 4:42:36 AM com.jme3.bullet.objects.PhysicsRigidBody rebuildRigidBody
INFORMATION: Created 1f002dad690.
Sept. 13, 2026 4:42:36 AM com.jme3.bullet.objects.PhysicsRigidBody rebuildRigidBody
INFORMATION: Created 1f002dadcf0.
Sept. 13, 2026 4:42:36 AM com.jme3.bullet.objects.PhysicsRigidBody rebuildRigidBody
INFORMATION: Created 1f002daf010.
Sept. 13, 2026 4:42:36 AM com.jme3.bullet.objects.PhysicsRigidBody rebuildRigidBody
INFORMATION: Created 1f002daece0.
Sept. 13, 2026 4:42:36 AM com.jme3.bullet.objects.PhysicsRigidBody rebuildRigidBody
INFORMATION: Created 1f002dad030.
Sept. 13, 2026 4:42:36 AM com.jme3.bullet.objects.PhysicsRigidBody rebuildRigidBody
INFORMATION: Created 1f002dae020.
Sept. 13, 2026 4:42:36 AM com.jme3.bullet.objects.PhysicsRigidBody rebuildRigidBody
INFORMATION: Created 1f002dae9b0.
Sept. 13, 2026 4:42:36 AM com.jme3.bullet.objects.PhysicsRigidBody rebuildRigidBody
INFORMATION: Created 1f002dae680.
Sept. 13, 2026 4:42:36 AM com.jme3.bullet.objects.PhysicsRigidBody rebuildRigidBody
INFORMATION: Created 1f002daf670.
Sept. 13, 2026 4:42:36 AM com.jme3.bullet.objects.PhysicsRigidBody rebuildRigidBody
INFORMATION: Created 1f002dac9d0.
Sept. 13, 2026 4:42:36 AM com.jme3.bullet.objects.PhysicsRigidBody rebuildRigidBody
INFORMATION: Created 1f002dabd10.
Sept. 13, 2026 4:42:36 AM com.jme3.bullet.objects.PhysicsRigidBody rebuildRigidBody
INFORMATION: Created 1f002dafcd0.
Sept. 13, 2026 4:42:36 AM com.jme3.bullet.objects.PhysicsRigidBody rebuildRigidBody
INFORMATION: Created 1f002dac040.
Sept. 13, 2026 4:42:36 AM com.jme3.bullet.objects.PhysicsRigidBody rebuildRigidBody
INFORMATION: Created 1f002db0000.
Sept. 13, 2026 4:42:36 AM com.jme3.bullet.objects.PhysicsRigidBody rebuildRigidBody
INFORMATION: Created 1f002dac370.
Sept. 13, 2026 4:42:36 AM com.jme3.bullet.objects.PhysicsRigidBody rebuildRigidBody
INFORMATION: Created 1f002db0330.
Sept. 13, 2026 4:42:36 AM com.jme3.bullet.objects.PhysicsRigidBody rebuildRigidBody
INFORMATION: Created 1f002db0660.
Sept. 13, 2026 4:42:36 AM com.jme3.bullet.objects.PhysicsRigidBody rebuildRigidBody
INFORMATION: Created 1f002dad360.
Sept. 13, 2026 4:42:36 AM com.jme3.bullet.objects.PhysicsRigidBody rebuildRigidBody
INFORMATION: Created 1f002db0990.
Sept. 13, 2026 4:42:36 AM com.jme3.bullet.objects.PhysicsRigidBody rebuildRigidBody
INFORMATION: Created 1f002dacd00.
Sept. 13, 2026 4:42:36 AM com.jme3.bullet.objects.PhysicsRigidBody rebuildRigidBody
INFORMATION: Created 1f002db0cc0.
Sept. 13, 2026 4:42:36 AM com.jme3.bullet.objects.PhysicsRigidBody rebuildRigidBody
INFORMATION: Created 1f002db0ff0.
Sept. 13, 2026 4:42:36 AM com.jme3.bullet.objects.PhysicsRigidBody rebuildRigidBody
INFORMATION: Created 1f002db1cb0.
Sept. 13, 2026 4:42:36 AM com.jme3.bullet.objects.PhysicsRigidBody rebuildRigidBody
INFORMATION: Created 1f002db1980.
Sept. 13, 2026 4:42:36 AM com.jme3.bullet.objects.PhysicsRigidBody rebuildRigidBody
INFORMATION: Created 1f002db2640.
Sept. 13, 2026 4:42:36 AM com.jme3.bullet.objects.PhysicsRigidBody rebuildRigidBody
INFORMATION: Created 1f002db1320.
Sept. 13, 2026 4:42:36 AM com.jme3.bullet.objects.PhysicsRigidBody rebuildRigidBody
INFORMATION: Created 1f002db1fe0.
Sept. 13, 2026 4:42:36 AM com.jme3.bullet.objects.PhysicsRigidBody rebuildRigidBody
INFORMATION: Created 1f002db2310.
Sept. 13, 2026 4:42:36 AM com.jme3.bullet.objects.PhysicsRigidBody rebuildRigidBody
INFORMATION: Created 1f002db2970.
Sept. 13, 2026 4:42:36 AM com.jme3.bullet.objects.PhysicsRigidBody rebuildRigidBody
INFORMATION: Created 1f002db1650.
Sept. 13, 2026 4:42:36 AM com.jme3.bullet.objects.PhysicsRigidBody rebuildRigidBody
INFORMATION: Created 1f002db6930.
Sept. 13, 2026 4:42:36 AM com.jme3.bullet.objects.PhysicsRigidBody rebuildRigidBody
INFORMATION: Created 1f002db4fb0.
Sept. 13, 2026 4:42:36 AM com.jme3.bullet.objects.PhysicsRigidBody rebuildRigidBody
INFORMATION: Created 1f002db42f0.
Sept. 13, 2026 4:42:36 AM com.jme3.bullet.objects.PhysicsRigidBody rebuildRigidBody
INFORMATION: Created 1f002db5fa0.
Sept. 13, 2026 4:42:36 AM com.jme3.bullet.objects.PhysicsRigidBody rebuildRigidBody
INFORMATION: Created 1f002db5c70.
Sept. 13, 2026 4:42:36 AM com.jme3.bullet.objects.PhysicsRigidBody rebuildRigidBody
INFORMATION: Created 1f002db4620.
[GAME] Die letzte Zuflucht
Sept. 13, 2026 4:42:36 AM com.jme3.anim.SkinningControl controlRender
INFORMATION: Hardware skinning engaged for Scene (Node)
Sept. 13, 2026 4:42:36 AM com.jme3.anim.SkinningControl controlRender
INFORMATION: Hardware skinning engaged for Scene (Node)
Sept. 13, 2026 4:42:36 AM com.jme3.anim.SkinningControl controlRender
INFORMATION: Hardware skinning engaged for Scene (Node)
Sept. 13, 2026 4:42:36 AM com.jme3.anim.SkinningControl controlRender
INFORMATION: Hardware skinning engaged for Scene (Node)
[SMOKE] stage 19
Sept. 13, 2026 4:42:39 AM com.jme3.bullet.objects.PhysicsRigidBody rebuildRigidBody
INFORMATION: Created 1f002db3960.
Sept. 13, 2026 4:42:39 AM com.jme3.bullet.objects.PhysicsRigidBody rebuildRigidBody
INFORMATION: Created 1f002dba290.
Sept. 13, 2026 4:42:39 AM com.jme3.bullet.objects.PhysicsRigidBody rebuildRigidBody
INFORMATION: Created 1f002db9f60.
Sept. 13, 2026 4:42:39 AM com.jme3.bullet.objects.PhysicsRigidBody rebuildRigidBody
INFORMATION: Created 1f002db8c40.
Sept. 13, 2026 4:42:39 AM com.jme3.bullet.objects.PhysicsRigidBody rebuildRigidBody
INFORMATION: Created 1f002db6f90.
Sept. 13, 2026 4:42:39 AM com.jme3.bullet.objects.PhysicsRigidBody rebuildRigidBody
INFORMATION: Created 1f002dba5c0.
Sept. 13, 2026 4:42:39 AM com.jme3.bullet.objects.PhysicsRigidBody rebuildRigidBody
INFORMATION: Created 1f002db9c30.
Sept. 13, 2026 4:42:39 AM com.jme3.bullet.objects.PhysicsRigidBody rebuildRigidBody
INFORMATION: Created 1f002db7c50.
Sept. 13, 2026 4:42:39 AM com.jme3.bullet.objects.PhysicsRigidBody rebuildRigidBody
INFORMATION: Created 1f002db9900.
Sept. 13, 2026 4:42:39 AM com.jme3.bullet.objects.PhysicsRigidBody rebuildRigidBody
INFORMATION: Created 1f002db92a0.
Sept. 13, 2026 4:42:39 AM com.jme3.bullet.objects.PhysicsRigidBody rebuildRigidBody
INFORMATION: Created 1f002dba8f0.
Sept. 13, 2026 4:42:39 AM com.jme3.bullet.objects.PhysicsRigidBody rebuildRigidBody
INFORMATION: Created 1f002db7920.
Sept. 13, 2026 4:42:39 AM com.jme3.bullet.objects.PhysicsRigidBody rebuildRigidBody
INFORMATION: Created 1f002dbaf50.
Sept. 13, 2026 4:42:39 AM com.jme3.bullet.objects.PhysicsRigidBody rebuildRigidBody
INFORMATION: Created 1f002dbb280.
Sept. 13, 2026 4:42:39 AM com.jme3.bullet.objects.PhysicsRigidBody rebuildRigidBody
INFORMATION: Created 1f002db7f80.
Sept. 13, 2026 4:42:39 AM com.jme3.bullet.objects.PhysicsRigidBody rebuildRigidBody
INFORMATION: Created 1f002dbbf40.
Sept. 13, 2026 4:42:39 AM com.jme3.bullet.objects.PhysicsRigidBody rebuildRigidBody
INFORMATION: Created 1f002db82b0.
Sept. 13, 2026 4:42:39 AM com.jme3.bullet.objects.PhysicsRigidBody rebuildRigidBody
INFORMATION: Created 1f002dbc270.
Sept. 13, 2026 4:42:39 AM com.jme3.bullet.objects.PhysicsRigidBody rebuildRigidBody
INFORMATION: Created 1f002db85e0.
Sept. 13, 2026 4:42:39 AM com.jme3.bullet.objects.PhysicsRigidBody rebuildRigidBody
INFORMATION: Created 1f002dbc5a0.
Sept. 13, 2026 4:42:39 AM com.jme3.bullet.objects.PhysicsRigidBody rebuildRigidBody
INFORMATION: Created 1f002db8910.
Sept. 13, 2026 4:42:39 AM com.jme3.bullet.objects.PhysicsRigidBody rebuildRigidBody
INFORMATION: Created 1f002dbc8d0.
Sept. 13, 2026 4:42:39 AM com.jme3.bullet.objects.PhysicsRigidBody rebuildRigidBody
INFORMATION: Created 1f002dbcc00.
Sept. 13, 2026 4:42:39 AM com.jme3.bullet.objects.PhysicsRigidBody rebuildRigidBody
INFORMATION: Created 1f002db8f70.
Sept. 13, 2026 4:42:39 AM com.jme3.bullet.objects.PhysicsRigidBody rebuildRigidBody
INFORMATION: Created 1f002dbcf30.
Sept. 13, 2026 4:42:39 AM com.jme3.bullet.objects.PhysicsRigidBody rebuildRigidBody
INFORMATION: Created 1f002dbd260.
Sept. 13, 2026 4:42:39 AM com.jme3.bullet.objects.PhysicsRigidBody rebuildRigidBody
INFORMATION: Created 1f002dbd8c0.
Sept. 13, 2026 4:42:39 AM com.jme3.bullet.objects.PhysicsRigidBody rebuildRigidBody
INFORMATION: Created 1f002dbdbf0.
Sept. 13, 2026 4:42:39 AM com.jme3.bullet.objects.PhysicsRigidBody rebuildRigidBody
INFORMATION: Created 1f002dbe8b0.
Sept. 13, 2026 4:42:39 AM com.jme3.bullet.objects.PhysicsRigidBody rebuildRigidBody
INFORMATION: Created 1f002dbe250.
Sept. 13, 2026 4:42:39 AM com.jme3.bullet.objects.PhysicsRigidBody rebuildRigidBody
INFORMATION: Created 1f002dbdf20.
Sept. 13, 2026 4:42:39 AM com.jme3.bullet.objects.PhysicsRigidBody rebuildRigidBody
INFORMATION: Created 1f002dbe580.
Sept. 13, 2026 4:42:39 AM com.jme3.bullet.objects.PhysicsRigidBody rebuildRigidBody
INFORMATION: Created 1f002dbebe0.
Sept. 13, 2026 4:42:39 AM com.jme3.bullet.objects.PhysicsRigidBody rebuildRigidBody
INFORMATION: Created 1f002dbf240.
Sept. 13, 2026 4:42:39 AM com.jme3.bullet.objects.PhysicsRigidBody rebuildRigidBody
INFORMATION: Created 1f002dbef10.
Sept. 13, 2026 4:42:39 AM com.jme3.bullet.objects.PhysicsRigidBody rebuildRigidBody
INFORMATION: Created 1f0c816a610.
Sept. 13, 2026 4:42:39 AM com.jme3.bullet.objects.PhysicsRigidBody rebuildRigidBody
INFORMATION: Created 1f0c816b600.
Sept. 13, 2026 4:42:39 AM com.jme3.bullet.objects.PhysicsRigidBody rebuildRigidBody
INFORMATION: Created 1f0c8168c90.
Sept. 13, 2026 4:42:39 AM com.jme3.bullet.objects.PhysicsRigidBody rebuildRigidBody
INFORMATION: Created 1f0c816b930.
Sept. 13, 2026 4:42:39 AM com.jme3.bullet.objects.PhysicsRigidBody rebuildRigidBody
INFORMATION: Created 1f0c816a2e0.
Sept. 13, 2026 4:42:39 AM com.jme3.bullet.objects.PhysicsRigidBody rebuildRigidBody
INFORMATION: Created 1f0c816a940.
Sept. 13, 2026 4:42:39 AM com.jme3.bullet.objects.PhysicsRigidBody rebuildRigidBody
INFORMATION: Created 1f0c816ac70.
Sept. 13, 2026 4:42:39 AM com.jme3.bullet.objects.PhysicsRigidBody rebuildRigidBody
INFORMATION: Created 1f0c8169c80.
Sept. 13, 2026 4:42:39 AM com.jme3.bullet.objects.PhysicsRigidBody rebuildRigidBody
INFORMATION: Created 1f0c816afa0.
Sept. 13, 2026 4:42:39 AM com.jme3.bullet.objects.PhysicsRigidBody rebuildRigidBody
INFORMATION: Created 1f0c8169620.
Sept. 13, 2026 4:42:39 AM com.jme3.bullet.objects.PhysicsRigidBody rebuildRigidBody
INFORMATION: Created 1f0c816c5f0.
Sept. 13, 2026 4:42:39 AM com.jme3.bullet.objects.PhysicsRigidBody rebuildRigidBody
INFORMATION: Created 1f0c816bc60.
Sept. 13, 2026 4:42:39 AM com.jme3.bullet.objects.PhysicsRigidBody rebuildRigidBody
INFORMATION: Created 1f0c8168fc0.
Sept. 13, 2026 4:42:39 AM com.jme3.bullet.objects.PhysicsRigidBody rebuildRigidBody
INFORMATION: Created 1f0c816bf90.
Sept. 13, 2026 4:42:39 AM com.jme3.bullet.objects.PhysicsRigidBody rebuildRigidBody
INFORMATION: Created 1f0c816b2d0.
Sept. 13, 2026 4:42:39 AM com.jme3.bullet.objects.PhysicsRigidBody rebuildRigidBody
INFORMATION: Created 1f0c816c2c0.
Sept. 13, 2026 4:42:39 AM com.jme3.bullet.objects.PhysicsRigidBody rebuildRigidBody
INFORMATION: Created 1f0c816c920.
Sept. 13, 2026 4:42:39 AM com.jme3.bullet.objects.PhysicsRigidBody rebuildRigidBody
INFORMATION: Created 1f0c816cf80.
Sept. 13, 2026 4:42:39 AM com.jme3.bullet.objects.PhysicsRigidBody rebuildRigidBody
INFORMATION: Created 1f0c8169fb0.
Sept. 13, 2026 4:42:39 AM com.jme3.bullet.objects.PhysicsRigidBody rebuildRigidBody
INFORMATION: Created 1f0c816cc50.
Sept. 13, 2026 4:42:39 AM com.jme3.bullet.objects.PhysicsRigidBody rebuildRigidBody
INFORMATION: Created 1f0c81692f0.
Sept. 13, 2026 4:42:39 AM com.jme3.bullet.objects.PhysicsRigidBody rebuildRigidBody
INFORMATION: Created 1f0c816d2b0.
Sept. 13, 2026 4:42:39 AM com.jme3.bullet.objects.PhysicsRigidBody rebuildRigidBody
INFORMATION: Created 1f0c816d5e0.
Sept. 13, 2026 4:42:39 AM com.jme3.bullet.objects.PhysicsRigidBody rebuildRigidBody
INFORMATION: Created 1f0c8169950.
Sept. 13, 2026 4:42:39 AM com.jme3.bullet.objects.PhysicsRigidBody rebuildRigidBody
INFORMATION: Created 1f0c8170f40.
Sept. 13, 2026 4:42:39 AM com.jme3.bullet.objects.PhysicsRigidBody rebuildRigidBody
INFORMATION: Created 1f0c81708e0.
Sept. 13, 2026 4:42:39 AM com.jme3.bullet.objects.PhysicsRigidBody rebuildRigidBody
INFORMATION: Created 1f0c81705b0.
Sept. 13, 2026 4:42:39 AM com.jme3.bullet.objects.PhysicsRigidBody rebuildRigidBody
INFORMATION: Created 1f0c816d910.
Sept. 13, 2026 4:42:39 AM com.jme3.bullet.objects.PhysicsRigidBody rebuildRigidBody
INFORMATION: Created 1f0c816f8f0.
Sept. 13, 2026 4:42:39 AM com.jme3.bullet.objects.PhysicsRigidBody rebuildRigidBody
INFORMATION: Created 1f0c816ef60.
Sept. 13, 2026 4:42:39 AM com.jme3.bullet.objects.PhysicsRigidBody rebuildRigidBody
INFORMATION: Created 1f0c8171270.
Sept. 13, 2026 4:42:39 AM com.jme3.bullet.objects.PhysicsRigidBody rebuildRigidBody
INFORMATION: Created 1f0c816f290.
Sept. 13, 2026 4:42:39 AM com.jme3.bullet.objects.PhysicsRigidBody rebuildRigidBody
INFORMATION: Created 1f0c816e900.
Sept. 13, 2026 4:42:39 AM com.jme3.bullet.objects.PhysicsRigidBody rebuildRigidBody
INFORMATION: Created 1f0c816fc20.
Sept. 13, 2026 4:42:39 AM com.jme3.bullet.objects.PhysicsRigidBody rebuildRigidBody
INFORMATION: Created 1f0c8170280.
Sept. 13, 2026 4:42:39 AM com.jme3.bullet.objects.PhysicsRigidBody rebuildRigidBody
INFORMATION: Created 1f0c816ec30.
Sept. 13, 2026 4:42:39 AM com.jme3.bullet.objects.PhysicsRigidBody rebuildRigidBody
INFORMATION: Created 1f0c8170c10.
Sept. 13, 2026 4:42:39 AM com.jme3.bullet.objects.PhysicsRigidBody rebuildRigidBody
INFORMATION: Created 1f0c81715a0.
Sept. 13, 2026 4:42:39 AM com.jme3.bullet.objects.PhysicsRigidBody rebuildRigidBody
INFORMATION: Created 1f0c81718d0.
Sept. 13, 2026 4:42:39 AM com.jme3.bullet.objects.PhysicsRigidBody rebuildRigidBody
INFORMATION: Created 1f0c816e5d0.
Sept. 13, 2026 4:42:39 AM com.jme3.bullet.objects.PhysicsRigidBody rebuildRigidBody
INFORMATION: Created 1f0c816f5c0.
Sept. 13, 2026 4:42:39 AM com.jme3.bullet.objects.PhysicsRigidBody rebuildRigidBody
INFORMATION: Created 1f0c816dc40.
Sept. 13, 2026 4:42:39 AM com.jme3.bullet.objects.PhysicsRigidBody rebuildRigidBody
INFORMATION: Created 1f0c816ff50.
Sept. 13, 2026 4:42:39 AM com.jme3.bullet.objects.PhysicsRigidBody rebuildRigidBody
INFORMATION: Created 1f0c8171c00.
Sept. 13, 2026 4:42:39 AM com.jme3.bullet.objects.PhysicsRigidBody rebuildRigidBody
INFORMATION: Created 1f0c816df70.
Sept. 13, 2026 4:42:39 AM com.jme3.bullet.objects.PhysicsRigidBody rebuildRigidBody
INFORMATION: Created 1f0c8171f30.
Sept. 13, 2026 4:42:39 AM com.jme3.bullet.objects.PhysicsRigidBody rebuildRigidBody
INFORMATION: Created 1f0c816e2a0.
Sept. 13, 2026 4:42:39 AM com.jme3.bullet.objects.PhysicsRigidBody rebuildRigidBody
INFORMATION: Created 1f0c8174570.
Sept. 13, 2026 4:42:39 AM com.jme3.bullet.objects.PhysicsRigidBody rebuildRigidBody
INFORMATION: Created 1f0c8172260.
Sept. 13, 2026 4:42:39 AM com.jme3.bullet.objects.PhysicsRigidBody rebuildRigidBody
INFORMATION: Created 1f0c8172bf0.
Sept. 13, 2026 4:42:39 AM com.jme3.bullet.objects.PhysicsRigidBody rebuildRigidBody
INFORMATION: Created 1f0c8174bd0.
Sept. 13, 2026 4:42:39 AM com.jme3.bullet.objects.PhysicsRigidBody rebuildRigidBody
INFORMATION: Created 1f0c81738b0.
Sept. 13, 2026 4:42:39 AM com.jme3.bullet.objects.PhysicsRigidBody rebuildRigidBody
INFORMATION: Created 1f0c8173250.
Sept. 13, 2026 4:42:39 AM com.jme3.bullet.objects.PhysicsRigidBody rebuildRigidBody
INFORMATION: Created 1f0c8172590.
Sept. 13, 2026 4:42:39 AM com.jme3.bullet.objects.PhysicsRigidBody rebuildRigidBody
INFORMATION: Created 1f0c81728c0.
Sept. 13, 2026 4:42:39 AM com.jme3.bullet.objects.PhysicsRigidBody rebuildRigidBody
INFORMATION: Created 1f0c8172f20.
Sept. 13, 2026 4:42:39 AM com.jme3.bullet.objects.PhysicsRigidBody rebuildRigidBody
INFORMATION: Created 1f0c8173580.
Sept. 13, 2026 4:42:39 AM com.jme3.bullet.objects.PhysicsRigidBody rebuildRigidBody
INFORMATION: Created 1f0c8173be0.
Sept. 13, 2026 4:42:39 AM com.jme3.bullet.objects.PhysicsRigidBody rebuildRigidBody
INFORMATION: Created 1f0c8175230.
Sept. 13, 2026 4:42:39 AM com.jme3.bullet.objects.PhysicsRigidBody rebuildRigidBody
INFORMATION: Created 1f0c8173f10.
Sept. 13, 2026 4:42:39 AM com.jme3.bullet.objects.PhysicsRigidBody rebuildRigidBody
INFORMATION: Created 1f0c8174240.
Sept. 13, 2026 4:42:39 AM com.jme3.bullet.objects.PhysicsRigidBody rebuildRigidBody
INFORMATION: Created 1f0c81748a0.
Sept. 13, 2026 4:42:39 AM com.jme3.bullet.objects.PhysicsRigidBody rebuildRigidBody
INFORMATION: Created 1f0c8174f00.
Sept. 13, 2026 4:42:39 AM com.jme3.bullet.objects.PhysicsRigidBody rebuildRigidBody
INFORMATION: Created 1f0c8175560.
Sept. 13, 2026 4:42:39 AM com.jme3.bullet.objects.PhysicsRigidBody rebuildRigidBody
INFORMATION: Created 1f0c8178200.
Sept. 13, 2026 4:42:39 AM com.jme3.bullet.objects.PhysicsRigidBody rebuildRigidBody
INFORMATION: Created 1f0c8178ec0.
Sept. 13, 2026 4:42:39 AM com.jme3.bullet.objects.PhysicsRigidBody rebuildRigidBody
INFORMATION: Created 1f0c8178530.
Sept. 13, 2026 4:42:39 AM com.jme3.bullet.objects.PhysicsRigidBody rebuildRigidBody
INFORMATION: Created 1f0c8177ba0.
Sept. 13, 2026 4:42:39 AM com.jme3.bullet.objects.PhysicsRigidBody rebuildRigidBody
INFORMATION: Created 1f0c8175bc0.
Sept. 13, 2026 4:42:39 AM com.jme3.bullet.objects.PhysicsRigidBody rebuildRigidBody
INFORMATION: Created 1f0c81791f0.
Sept. 13, 2026 4:42:39 AM com.jme3.bullet.objects.PhysicsRigidBody rebuildRigidBody
INFORMATION: Created 1f0c8176ee0.
Sept. 13, 2026 4:42:39 AM com.jme3.bullet.objects.PhysicsRigidBody rebuildRigidBody
INFORMATION: Created 1f0c8177210.
Sept. 13, 2026 4:42:39 AM com.jme3.bullet.objects.PhysicsRigidBody rebuildRigidBody
INFORMATION: Created 1f0c8179520.
Sept. 13, 2026 4:42:39 AM com.jme3.bullet.objects.PhysicsRigidBody rebuildRigidBody
INFORMATION: Created 1f0c8178b90.
Sept. 13, 2026 4:42:39 AM com.jme3.bullet.objects.PhysicsRigidBody rebuildRigidBody
INFORMATION: Created 1f0c8177870.
Sept. 13, 2026 4:42:39 AM com.jme3.bullet.objects.PhysicsRigidBody rebuildRigidBody
INFORMATION: Created 1f0c8177ed0.
Sept. 13, 2026 4:42:39 AM com.jme3.bullet.objects.PhysicsRigidBody rebuildRigidBody
INFORMATION: Created 1f0c8175ef0.
Sept. 13, 2026 4:42:39 AM com.jme3.bullet.objects.PhysicsRigidBody rebuildRigidBody
INFORMATION: Created 1f0c8177540.
Sept. 13, 2026 4:42:39 AM com.jme3.bullet.objects.PhysicsRigidBody rebuildRigidBody
INFORMATION: Created 1f0c8178860.
Sept. 13, 2026 4:42:39 AM com.jme3.bullet.objects.PhysicsRigidBody rebuildRigidBody
INFORMATION: Created 1f0c8175890.
Sept. 13, 2026 4:42:39 AM com.jme3.bullet.objects.PhysicsRigidBody rebuildRigidBody
INFORMATION: Created 1f0c8179850.
Sept. 13, 2026 4:42:39 AM com.jme3.bullet.objects.PhysicsRigidBody rebuildRigidBody
INFORMATION: Created 1f0c8179b80.
Sept. 13, 2026 4:42:39 AM com.jme3.bullet.objects.PhysicsRigidBody rebuildRigidBody
INFORMATION: Created 1f0c8179eb0.
Sept. 13, 2026 4:42:39 AM com.jme3.bullet.objects.PhysicsRigidBody rebuildRigidBody
INFORMATION: Created 1f0c8176220.
Sept. 13, 2026 4:42:39 AM com.jme3.bullet.objects.PhysicsRigidBody rebuildRigidBody
INFORMATION: Created 1f0c817a1e0.
Sept. 13, 2026 4:42:39 AM com.jme3.bullet.objects.PhysicsRigidBody rebuildRigidBody
INFORMATION: Created 1f0c8176550.
Sept. 13, 2026 4:42:39 AM com.jme3.bullet.objects.PhysicsRigidBody rebuildRigidBody
INFORMATION: Created 1f0c817a510.
Sept. 13, 2026 4:42:39 AM com.jme3.bullet.objects.PhysicsRigidBody rebuildRigidBody
INFORMATION: Created 1f0c8176880.
Sept. 13, 2026 4:42:39 AM com.jme3.bullet.objects.PhysicsRigidBody rebuildRigidBody
INFORMATION: Created 1f0c817a840.
Sept. 13, 2026 4:42:39 AM com.jme3.bullet.objects.PhysicsRigidBody rebuildRigidBody
INFORMATION: Created 1f0c8176bb0.
Sept. 13, 2026 4:42:39 AM com.jme3.bullet.objects.PhysicsRigidBody rebuildRigidBody
INFORMATION: Created 1f0c817ab70.
Sept. 13, 2026 4:42:39 AM com.jme3.bullet.objects.PhysicsRigidBody rebuildRigidBody
INFORMATION: Created 1f0c817aea0.
Sept. 13, 2026 4:42:39 AM com.jme3.bullet.objects.PhysicsRigidBody rebuildRigidBody
INFORMATION: Created 1f0c817b1d0.
Sept. 13, 2026 4:42:39 AM com.jme3.bullet.objects.PhysicsRigidBody rebuildRigidBody
INFORMATION: Created 1f0c815ea00.
Sept. 13, 2026 4:42:39 AM com.jme3.bullet.objects.PhysicsRigidBody rebuildRigidBody
INFORMATION: Created 1f0c815fd20.
Sept. 13, 2026 4:42:39 AM com.jme3.bullet.objects.PhysicsRigidBody rebuildRigidBody
INFORMATION: Created 1f0c815ed30.
Sept. 13, 2026 4:42:39 AM com.jme3.bullet.objects.PhysicsRigidBody rebuildRigidBody
INFORMATION: Created 1f0c815c6f0.
Sept. 13, 2026 4:42:39 AM com.jme3.bullet.objects.PhysicsRigidBody rebuildRigidBody
INFORMATION: Created 1f0c815c090.
Sept. 13, 2026 4:42:39 AM com.jme3.bullet.objects.PhysicsRigidBody rebuildRigidBody
INFORMATION: Created 1f0c8160050.
Sept. 13, 2026 4:42:39 AM com.jme3.bullet.objects.PhysicsRigidBody rebuildRigidBody
INFORMATION: Created 1f0c815d3b0.
Sept. 13, 2026 4:42:39 AM com.jme3.bullet.objects.PhysicsRigidBody rebuildRigidBody
INFORMATION: Created 1f0c815da10.
Sept. 13, 2026 4:42:39 AM com.jme3.bullet.objects.PhysicsRigidBody rebuildRigidBody
INFORMATION: Created 1f0c815c3c0.
Sept. 13, 2026 4:42:39 AM com.jme3.bullet.objects.PhysicsRigidBody rebuildRigidBody
INFORMATION: Created 1f0c8161370.
Sept. 13, 2026 4:42:39 AM com.jme3.bullet.objects.PhysicsRigidBody rebuildRigidBody
INFORMATION: Created 1f0c8160d10.
Sept. 13, 2026 4:42:39 AM com.jme3.bullet.objects.PhysicsRigidBody rebuildRigidBody
INFORMATION: Created 1f0c8161040.
Sept. 13, 2026 4:42:39 AM com.jme3.bullet.objects.PhysicsRigidBody rebuildRigidBody
INFORMATION: Created 1f0c8160380.
Sept. 13, 2026 4:42:39 AM com.jme3.bullet.objects.PhysicsRigidBody rebuildRigidBody
INFORMATION: Created 1f0c815e070.
Sept. 13, 2026 4:42:39 AM com.jme3.bullet.objects.PhysicsRigidBody rebuildRigidBody
INFORMATION: Created 1f0c815d6e0.
Sept. 13, 2026 4:42:39 AM com.jme3.bullet.objects.PhysicsRigidBody rebuildRigidBody
INFORMATION: Created 1f0c81606b0.
Sept. 13, 2026 4:42:39 AM com.jme3.bullet.objects.PhysicsRigidBody rebuildRigidBody
INFORMATION: Created 1f002db5610.
Sept. 13, 2026 4:42:39 AM com.jme3.bullet.objects.PhysicsRigidBody rebuildRigidBody
INFORMATION: Created 1f002db5940.
Sept. 13, 2026 4:42:39 AM com.jme3.bullet.objects.PhysicsRigidBody rebuildRigidBody
INFORMATION: Created 1f002db4950.
Sept. 13, 2026 4:42:39 AM com.jme3.bullet.objects.PhysicsRigidBody rebuildRigidBody
INFORMATION: Created 1f002db4c80.
Sept. 13, 2026 4:42:39 AM com.jme3.bullet.objects.PhysicsRigidBody rebuildRigidBody
INFORMATION: Created 1f002db3fc0.
Sept. 13, 2026 4:42:39 AM com.jme3.bullet.objects.PhysicsRigidBody rebuildRigidBody
INFORMATION: Created 1f002db2fd0.
Sept. 13, 2026 4:42:39 AM com.jme3.bullet.objects.PhysicsRigidBody rebuildRigidBody
INFORMATION: Created 1f002db52e0.
Sept. 13, 2026 4:42:39 AM com.jme3.bullet.objects.PhysicsRigidBody rebuildRigidBody
INFORMATION: Created 1f002db3c90.
Sept. 13, 2026 4:42:39 AM com.jme3.bullet.objects.PhysicsRigidBody rebuildRigidBody
INFORMATION: Created 1f002db4fb0.
[GAME] Das Kettenverlies
Sept. 13, 2026 4:42:39 AM com.jme3.anim.SkinningControl controlRender
INFORMATION: Hardware skinning engaged for Scene (Node)
Sept. 13, 2026 4:42:39 AM com.jme3.anim.SkinningControl controlRender
INFORMATION: Hardware skinning engaged for Scene (Node)
Sept. 13, 2026 4:42:39 AM com.jme3.anim.SkinningControl controlRender
INFORMATION: Hardware skinning engaged for Scene (Node)
Sept. 13, 2026 4:42:39 AM com.jme3.anim.SkinningControl controlRender
INFORMATION: Hardware skinning engaged for Scene (Node)
Sept. 13, 2026 4:42:39 AM com.jme3.anim.SkinningControl controlRender
INFORMATION: Hardware skinning engaged for Scene (Node)
Sept. 13, 2026 4:42:39 AM com.jme3.anim.SkinningControl controlRender
INFORMATION: Hardware skinning engaged for Scene (Node)
Sept. 13, 2026 4:42:39 AM com.jme3.anim.SkinningControl controlRender
INFORMATION: Hardware skinning engaged for Scene (Node)
[SMOKE] stage 20
[CHECK] Both seals unlock prison
[GAME] Goblin besiegt  +35 EP  +8 Gold
[GAME] Ork-Brecher besiegt  +70 EP  +13 Gold
[GAME] Ork-Brecher besiegt  +70 EP  +13 Gold
[GAME] Ork-Brecher besiegt  +70 EP  +13 Gold
[GAME] Aschenrufer besiegt  +65 EP  +23 Gold
[GAME] Eiserner Wächter besiegt  +115 EP  +18 Gold
[GAME] Eiserner Wächter besiegt  +115 EP  +18 Gold
[GAME] STUFE 7  -  Fähigkeitspunkt erhalten [K]
[GAME] Eiserner Wächter besiegt  +115 EP  +18 Gold
[GAME] Schlüssel des Kerkermeisters erhalten.
[GAME] Auftrag erfüllt: Der letzte Kerkermeister  +160 EP
[GAME] Die Gefangenen sind frei. Der König verliert 20% seiner Lebenskraft.
[GAME] Auftrag erfüllt: Der Preis der Freiheit  +180 EP
[CHECK] Prisoner branch
[CHECK] Keeper drops key
Sept. 13, 2026 4:42:41 AM com.jme3.bullet.objects.PhysicsRigidBody rebuildRigidBody
INFORMATION: Created 1f002db62d0.
Sept. 13, 2026 4:42:41 AM com.jme3.bullet.objects.PhysicsRigidBody rebuildRigidBody
INFORMATION: Created 1f002db6600.
Sept. 13, 2026 4:42:41 AM com.jme3.bullet.objects.PhysicsRigidBody rebuildRigidBody
INFORMATION: Created 1f002db6930.
Sept. 13, 2026 4:42:41 AM com.jme3.bullet.objects.PhysicsRigidBody rebuildRigidBody
INFORMATION: Created 1f002db42f0.
Sept. 13, 2026 4:42:41 AM com.jme3.bullet.objects.PhysicsRigidBody rebuildRigidBody
INFORMATION: Created 1f002db2ca0.
Sept. 13, 2026 4:42:41 AM com.jme3.bullet.objects.PhysicsRigidBody rebuildRigidBody
INFORMATION: Created 1f002db3630.
Sept. 13, 2026 4:42:41 AM com.jme3.bullet.objects.PhysicsRigidBody rebuildRigidBody
INFORMATION: Created 1f002db6c60.
Sept. 13, 2026 4:42:41 AM com.jme3.bullet.objects.PhysicsRigidBody rebuildRigidBody
INFORMATION: Created 1f002db3300.
Sept. 13, 2026 4:42:41 AM com.jme3.bullet.objects.PhysicsRigidBody rebuildRigidBody
INFORMATION: Created 1f002dbac20.
Sept. 13, 2026 4:42:41 AM com.jme3.bullet.objects.PhysicsRigidBody rebuildRigidBody
INFORMATION: Created 1f002db95d0.
Sept. 13, 2026 4:42:41 AM com.jme3.bullet.objects.PhysicsRigidBody rebuildRigidBody
INFORMATION: Created 1f002db72c0.
Sept. 13, 2026 4:42:41 AM com.jme3.bullet.objects.PhysicsRigidBody rebuildRigidBody
INFORMATION: Created 1f002db75f0.
Sept. 13, 2026 4:42:41 AM com.jme3.bullet.objects.PhysicsRigidBody rebuildRigidBody
INFORMATION: Created 1f002dbbc10.
Sept. 13, 2026 4:42:41 AM com.jme3.bullet.objects.PhysicsRigidBody rebuildRigidBody
INFORMATION: Created 1f002dbd590.
Sept. 13, 2026 4:42:41 AM com.jme3.bullet.objects.PhysicsRigidBody rebuildRigidBody
INFORMATION: Created 1f002dbb5b0.
Sept. 13, 2026 4:42:41 AM com.jme3.bullet.objects.PhysicsRigidBody rebuildRigidBody
INFORMATION: Created 1f002dbf570.
Sept. 13, 2026 4:42:41 AM com.jme3.bullet.objects.PhysicsRigidBody rebuildRigidBody
INFORMATION: Created 1f002dbb8e0.
Sept. 13, 2026 4:42:41 AM com.jme3.bullet.objects.PhysicsRigidBody rebuildRigidBody
INFORMATION: Created 1f002dc2ed0.
Sept. 13, 2026 4:42:41 AM com.jme3.bullet.objects.PhysicsRigidBody rebuildRigidBody
INFORMATION: Created 1f002dc0ef0.
Sept. 13, 2026 4:42:41 AM com.jme3.bullet.objects.PhysicsRigidBody rebuildRigidBody
INFORMATION: Created 1f002dc3200.
Sept. 13, 2026 4:42:41 AM com.jme3.bullet.objects.PhysicsRigidBody rebuildRigidBody
INFORMATION: Created 1f002dc2870.
Sept. 13, 2026 4:42:41 AM com.jme3.bullet.objects.PhysicsRigidBody rebuildRigidBody
INFORMATION: Created 1f002dc1880.
Sept. 13, 2026 4:42:41 AM com.jme3.bullet.objects.PhysicsRigidBody rebuildRigidBody
INFORMATION: Created 1f002dc2ba0.
Sept. 13, 2026 4:42:41 AM com.jme3.bullet.objects.PhysicsRigidBody rebuildRigidBody
INFORMATION: Created 1f002dc3530.
Sept. 13, 2026 4:42:41 AM com.jme3.bullet.objects.PhysicsRigidBody rebuildRigidBody
INFORMATION: Created 1f002dc1550.
Sept. 13, 2026 4:42:41 AM com.jme3.bullet.objects.PhysicsRigidBody rebuildRigidBody
INFORMATION: Created 1f002dbf8a0.
Sept. 13, 2026 4:42:41 AM com.jme3.bullet.objects.PhysicsRigidBody rebuildRigidBody
INFORMATION: Created 1f002dc3860.
Sept. 13, 2026 4:42:41 AM com.jme3.bullet.objects.PhysicsRigidBody rebuildRigidBody
INFORMATION: Created 1f002dbfbd0.
Sept. 13, 2026 4:42:41 AM com.jme3.bullet.objects.PhysicsRigidBody rebuildRigidBody
INFORMATION: Created 1f002dc3ec0.
Sept. 13, 2026 4:42:41 AM com.jme3.bullet.objects.PhysicsRigidBody rebuildRigidBody
INFORMATION: Created 1f002dc0230.
Sept. 13, 2026 4:42:41 AM com.jme3.bullet.objects.PhysicsRigidBody rebuildRigidBody
INFORMATION: Created 1f002dc41f0.
Sept. 13, 2026 4:42:41 AM com.jme3.bullet.objects.PhysicsRigidBody rebuildRigidBody
INFORMATION: Created 1f002dc0560.
Sept. 13, 2026 4:42:41 AM com.jme3.bullet.objects.PhysicsRigidBody rebuildRigidBody
INFORMATION: Created 1f002dc4520.
Sept. 13, 2026 4:42:41 AM com.jme3.bullet.objects.PhysicsRigidBody rebuildRigidBody
INFORMATION: Created 1f002dc1bb0.
Sept. 13, 2026 4:42:41 AM com.jme3.bullet.objects.PhysicsRigidBody rebuildRigidBody
INFORMATION: Created 1f002dc0890.
Sept. 13, 2026 4:42:41 AM com.jme3.bullet.objects.PhysicsRigidBody rebuildRigidBody
INFORMATION: Created 1f002dc2210.
Sept. 13, 2026 4:42:41 AM com.jme3.bullet.objects.PhysicsRigidBody rebuildRigidBody
INFORMATION: Created 1f002dc4850.
Sept. 13, 2026 4:42:41 AM com.jme3.bullet.objects.PhysicsRigidBody rebuildRigidBody
INFORMATION: Created 1f002dc0bc0.
Sept. 13, 2026 4:42:41 AM com.jme3.bullet.objects.PhysicsRigidBody rebuildRigidBody
INFORMATION: Created 1f002dc4b80.
Sept. 13, 2026 4:42:41 AM com.jme3.bullet.objects.PhysicsRigidBody rebuildRigidBody
INFORMATION: Created 1f002dc4eb0.
Sept. 13, 2026 4:42:41 AM com.jme3.bullet.objects.PhysicsRigidBody rebuildRigidBody
INFORMATION: Created 1f002dc1220.
Sept. 13, 2026 4:42:41 AM com.jme3.bullet.objects.PhysicsRigidBody rebuildRigidBody
INFORMATION: Created 1f002dc2540.
Sept. 13, 2026 4:42:41 AM com.jme3.bullet.objects.PhysicsRigidBody rebuildRigidBody
INFORMATION: Created 1f002dc74f0.
Sept. 13, 2026 4:42:41 AM com.jme3.bullet.objects.PhysicsRigidBody rebuildRigidBody
INFORMATION: Created 1f002dc8b40.
Sept. 13, 2026 4:42:41 AM com.jme3.bullet.objects.PhysicsRigidBody rebuildRigidBody
INFORMATION: Created 1f002dc7820.
Sept. 13, 2026 4:42:41 AM com.jme3.bullet.objects.PhysicsRigidBody rebuildRigidBody
INFORMATION: Created 1f002dc7b50.
Sept. 13, 2026 4:42:41 AM com.jme3.bullet.objects.PhysicsRigidBody rebuildRigidBody
INFORMATION: Created 1f002dc71c0.
Sept. 13, 2026 4:42:41 AM com.jme3.bullet.objects.PhysicsRigidBody rebuildRigidBody
INFORMATION: Created 1f002dc6500.
Sept. 13, 2026 4:42:41 AM com.jme3.bullet.objects.PhysicsRigidBody rebuildRigidBody
INFORMATION: Created 1f002dc8e70.
Sept. 13, 2026 4:42:41 AM com.jme3.bullet.objects.PhysicsRigidBody rebuildRigidBody
INFORMATION: Created 1f002dc84e0.
Sept. 13, 2026 4:42:41 AM com.jme3.bullet.objects.PhysicsRigidBody rebuildRigidBody
INFORMATION: Created 1f002dc6b60.
Sept. 13, 2026 4:42:41 AM com.jme3.bullet.objects.PhysicsRigidBody rebuildRigidBody
INFORMATION: Created 1f002dc8810.
Sept. 13, 2026 4:42:41 AM com.jme3.bullet.objects.PhysicsRigidBody rebuildRigidBody
INFORMATION: Created 1f002dc7e80.
Sept. 13, 2026 4:42:41 AM com.jme3.bullet.objects.PhysicsRigidBody rebuildRigidBody
INFORMATION: Created 1f002dc5510.
Sept. 13, 2026 4:42:41 AM com.jme3.bullet.objects.PhysicsRigidBody rebuildRigidBody
INFORMATION: Created 1f002dc5840.
Sept. 13, 2026 4:42:41 AM com.jme3.bullet.objects.PhysicsRigidBody rebuildRigidBody
INFORMATION: Created 1f002dc6830.
Sept. 13, 2026 4:42:41 AM com.jme3.bullet.objects.PhysicsRigidBody rebuildRigidBody
INFORMATION: Created 1f002dc51e0.
Sept. 13, 2026 4:42:41 AM com.jme3.bullet.objects.PhysicsRigidBody rebuildRigidBody
INFORMATION: Created 1f002dc81b0.
Sept. 13, 2026 4:42:41 AM com.jme3.bullet.objects.PhysicsRigidBody rebuildRigidBody
INFORMATION: Created 1f002dc91a0.
Sept. 13, 2026 4:42:41 AM com.jme3.bullet.objects.PhysicsRigidBody rebuildRigidBody
INFORMATION: Created 1f002dc94d0.
Sept. 13, 2026 4:42:41 AM com.jme3.bullet.objects.PhysicsRigidBody rebuildRigidBody
INFORMATION: Created 1f002dc5ea0.
Sept. 13, 2026 4:42:41 AM com.jme3.bullet.objects.PhysicsRigidBody rebuildRigidBody
INFORMATION: Created 1f002dc61d0.
Sept. 13, 2026 4:42:41 AM com.jme3.bullet.objects.PhysicsRigidBody rebuildRigidBody
INFORMATION: Created 1f002dc9800.
Sept. 13, 2026 4:42:41 AM com.jme3.bullet.objects.PhysicsRigidBody rebuildRigidBody
INFORMATION: Created 1f002dc5b70.
Sept. 13, 2026 4:42:41 AM com.jme3.bullet.objects.PhysicsRigidBody rebuildRigidBody
INFORMATION: Created 1f002dcc170.
Sept. 13, 2026 4:42:41 AM com.jme3.bullet.objects.PhysicsRigidBody rebuildRigidBody
INFORMATION: Created 1f002dc9b30.
Sept. 13, 2026 4:42:41 AM com.jme3.bullet.objects.PhysicsRigidBody rebuildRigidBody
INFORMATION: Created 1f002dc9e60.
Sept. 13, 2026 4:42:41 AM com.jme3.bullet.objects.PhysicsRigidBody rebuildRigidBody
INFORMATION: Created 1f002dca190.
Sept. 13, 2026 4:42:41 AM com.jme3.bullet.objects.PhysicsRigidBody rebuildRigidBody
INFORMATION: Created 1f002dca7f0.
Sept. 13, 2026 4:42:41 AM com.jme3.bullet.objects.PhysicsRigidBody rebuildRigidBody
INFORMATION: Created 1f002dca4c0.
Sept. 13, 2026 4:42:41 AM com.jme3.bullet.objects.PhysicsRigidBody rebuildRigidBody
INFORMATION: Created 1f002dcab20.
Sept. 13, 2026 4:42:41 AM com.jme3.bullet.objects.PhysicsRigidBody rebuildRigidBody
INFORMATION: Created 1f002dcb7e0.
Sept. 13, 2026 4:42:41 AM com.jme3.bullet.objects.PhysicsRigidBody rebuildRigidBody
INFORMATION: Created 1f002dcae50.
Sept. 13, 2026 4:42:41 AM com.jme3.bullet.objects.PhysicsRigidBody rebuildRigidBody
INFORMATION: Created 1f002dcb180.
Sept. 13, 2026 4:42:41 AM com.jme3.bullet.objects.PhysicsRigidBody rebuildRigidBody
INFORMATION: Created 1f002dcb4b0.
Sept. 13, 2026 4:42:41 AM com.jme3.bullet.objects.PhysicsRigidBody rebuildRigidBody
INFORMATION: Created 1f002dcbb10.
Sept. 13, 2026 4:42:41 AM com.jme3.bullet.objects.PhysicsRigidBody rebuildRigidBody
INFORMATION: Created 1f002dcbe40.
Sept. 13, 2026 4:42:41 AM com.jme3.bullet.objects.PhysicsRigidBody rebuildRigidBody
INFORMATION: Created 1f002dcde20.
Sept. 13, 2026 4:42:41 AM com.jme3.bullet.objects.PhysicsRigidBody rebuildRigidBody
INFORMATION: Created 1f002dcf140.
Sept. 13, 2026 4:42:41 AM com.jme3.bullet.objects.PhysicsRigidBody rebuildRigidBody
INFORMATION: Created 1f002dcee10.
Sept. 13, 2026 4:42:41 AM com.jme3.bullet.objects.PhysicsRigidBody rebuildRigidBody
INFORMATION: Created 1f002dcce30.
Sept. 13, 2026 4:42:41 AM com.jme3.bullet.objects.PhysicsRigidBody rebuildRigidBody
INFORMATION: Created 1f002dce150.
Sept. 13, 2026 4:42:41 AM com.jme3.bullet.objects.PhysicsRigidBody rebuildRigidBody
INFORMATION: Created 1f002dcc7d0.
Sept. 13, 2026 4:42:41 AM com.jme3.bullet.objects.PhysicsRigidBody rebuildRigidBody
INFORMATION: Created 1f002dceae0.
Sept. 13, 2026 4:42:41 AM com.jme3.bullet.objects.PhysicsRigidBody rebuildRigidBody
INFORMATION: Created 1f002dce480.
Sept. 13, 2026 4:42:41 AM com.jme3.bullet.objects.PhysicsRigidBody rebuildRigidBody
INFORMATION: Created 1f002dce7b0.
Sept. 13, 2026 4:42:41 AM com.jme3.bullet.objects.PhysicsRigidBody rebuildRigidBody
INFORMATION: Created 1f002dcfe00.
Sept. 13, 2026 4:42:41 AM com.jme3.bullet.objects.PhysicsRigidBody rebuildRigidBody
INFORMATION: Created 1f002dcd490.
Sept. 13, 2026 4:42:41 AM com.jme3.bullet.objects.PhysicsRigidBody rebuildRigidBody
INFORMATION: Created 1f002dcd160.
Sept. 13, 2026 4:42:41 AM com.jme3.bullet.objects.PhysicsRigidBody rebuildRigidBody
INFORMATION: Created 1f002dcf470.
Sept. 13, 2026 4:42:41 AM com.jme3.bullet.objects.PhysicsRigidBody rebuildRigidBody
INFORMATION: Created 1f002dcf7a0.
Sept. 13, 2026 4:42:41 AM com.jme3.bullet.objects.PhysicsRigidBody rebuildRigidBody
INFORMATION: Created 1f002dcc4a0.
Sept. 13, 2026 4:42:41 AM com.jme3.bullet.objects.PhysicsRigidBody rebuildRigidBody
INFORMATION: Created 1f002dd0130.
Sept. 13, 2026 4:42:41 AM com.jme3.bullet.objects.PhysicsRigidBody rebuildRigidBody
INFORMATION: Created 1f002dcdaf0.
Sept. 13, 2026 4:42:41 AM com.jme3.bullet.objects.PhysicsRigidBody rebuildRigidBody
INFORMATION: Created 1f002dcfad0.
Sept. 13, 2026 4:42:41 AM com.jme3.bullet.objects.PhysicsRigidBody rebuildRigidBody
INFORMATION: Created 1f002dd0460.
Sept. 13, 2026 4:42:41 AM com.jme3.bullet.objects.PhysicsRigidBody rebuildRigidBody
INFORMATION: Created 1f002dd0790.
[GAME] Der Aschenthron
Sept. 13, 2026 4:42:41 AM com.jme3.anim.SkinningControl controlRender
INFORMATION: Hardware skinning engaged for Scene (Node)
Sept. 13, 2026 4:42:41 AM com.jme3.anim.SkinningControl controlRender
INFORMATION: Hardware skinning engaged for Scene (Node)
Sept. 13, 2026 4:42:41 AM com.jme3.anim.SkinningControl controlRender
INFORMATION: Hardware skinning engaged for Scene (Node)
Sept. 13, 2026 4:42:41 AM com.jme3.anim.SkinningControl controlRender
INFORMATION: Hardware skinning engaged for Scene (Node)
[SMOKE] stage 21
[CHECK] Keeper key opens throne
[CHECK] Prisoner rescue weakens boss
[GAME] Ork-Brecher besiegt  +70 EP  +13 Gold
[GAME] Aschenrufer besiegt  +65 EP  +23 Gold
[GAME] STUFE 8  -  Fähigkeitspunkt erhalten [K]
[GAME] Auftrag erfüllt: Erinnerung an die Fünf  +220 EP
[GAME] ORK-KÖNIG  -  PHASE 2  |  Die Erde bebt
[SMOKE] stage 22
[CHECK] Boss enters second phase (mode PLAYING, hero 245.0, king 792.0 / 1200.0 state CHASE)
[CHECK] Death clip runs once and holds
[CHECK] Dead enemy lies on the floor
[CHECK] Death clip runs once and holds
[CHECK] Dead enemy lies on the floor
[GAME] ORK-KÖNIG  -  PHASE 3  |  Die Krone brennt
[SMOKE] stage 23
[CHECK] Boss enters third phase
[GAME] Ork-König besiegt  +500 EP  +100 Gold
[GAME] Die Krone faellt. Dein Urteil steht noch aus.
[GAME] Auftrag erfüllt: Unter einer Aschenkrone  +500 EP
[GAME] Stufe 9 erreicht! K: Fähigkeiten verbessern.
[SMOKE] stage 24
[CHECK] Boss death unlocks epilogue
[GAME] Auftrag erfüllt: Was vom Feuer bleibt  +0 EP
[CHECK] Seal ending plays its closing sequence
[CHECK] All ten quests can be completed
[SMOKE] stage 25
[CHECK] Closing sequence shows its subtitles
[CHECK] Closing sequence circles the throne
[CHECK] Closing sequence ends on the Ending page
[CHECK] Alternative crown ending has its own sequence
[SMOKE] stage 26
Sept. 13, 2026 4:42:56 AM com.jme3.bullet.objects.PhysicsRigidBody rebuildRigidBody
INFORMATION: Created 1f002dccb00.
Sept. 13, 2026 4:42:56 AM com.jme3.bullet.objects.PhysicsRigidBody rebuildRigidBody
INFORMATION: Created 1f002dd0ac0.
Sept. 13, 2026 4:42:56 AM com.jme3.bullet.objects.PhysicsRigidBody rebuildRigidBody
INFORMATION: Created 1f002dd0df0.
Sept. 13, 2026 4:42:56 AM com.jme3.bullet.objects.PhysicsRigidBody rebuildRigidBody
INFORMATION: Created 1f002dd1120.
Sept. 13, 2026 4:42:56 AM com.jme3.bullet.objects.PhysicsRigidBody rebuildRigidBody
INFORMATION: Created 1f002dd1450.
Sept. 13, 2026 4:42:56 AM com.jme3.bullet.objects.PhysicsRigidBody rebuildRigidBody
INFORMATION: Created 1f002dcd7c0.
Sept. 13, 2026 4:42:56 AM com.jme3.bullet.objects.PhysicsRigidBody rebuildRigidBody
INFORMATION: Created 1f002dd2110.
Sept. 13, 2026 4:42:56 AM com.jme3.bullet.objects.PhysicsRigidBody rebuildRigidBody
INFORMATION: Created 1f002dd50e0.
Sept. 13, 2026 4:42:56 AM com.jme3.bullet.objects.PhysicsRigidBody rebuildRigidBody
INFORMATION: Created 1f002dd2aa0.
Sept. 13, 2026 4:42:56 AM com.jme3.bullet.objects.PhysicsRigidBody rebuildRigidBody
INFORMATION: Created 1f002dd2dd0.
Sept. 13, 2026 4:42:56 AM com.jme3.bullet.objects.PhysicsRigidBody rebuildRigidBody
INFORMATION: Created 1f002dd3430.
Sept. 13, 2026 4:42:56 AM com.jme3.bullet.objects.PhysicsRigidBody rebuildRigidBody
INFORMATION: Created 1f002dd4420.
Sept. 13, 2026 4:42:56 AM com.jme3.bullet.objects.PhysicsRigidBody rebuildRigidBody
INFORMATION: Created 1f002dd5410.
Sept. 13, 2026 4:42:56 AM com.jme3.bullet.objects.PhysicsRigidBody rebuildRigidBody
INFORMATION: Created 1f002dd4750.
Sept. 13, 2026 4:42:56 AM com.jme3.bullet.objects.PhysicsRigidBody rebuildRigidBody
INFORMATION: Created 1f002dd40f0.
Sept. 13, 2026 4:42:56 AM com.jme3.bullet.objects.PhysicsRigidBody rebuildRigidBody
INFORMATION: Created 1f002dd3dc0.
Sept. 13, 2026 4:42:56 AM com.jme3.bullet.objects.PhysicsRigidBody rebuildRigidBody
INFORMATION: Created 1f002dd1780.
Sept. 13, 2026 4:42:56 AM com.jme3.bullet.objects.PhysicsRigidBody rebuildRigidBody
INFORMATION: Created 1f002dd5740.
Sept. 13, 2026 4:42:56 AM com.jme3.bullet.objects.PhysicsRigidBody rebuildRigidBody
INFORMATION: Created 1f002dd4a80.
Sept. 13, 2026 4:42:56 AM com.jme3.bullet.objects.PhysicsRigidBody rebuildRigidBody
INFORMATION: Created 1f002dd4db0.
Sept. 13, 2026 4:42:56 AM com.jme3.bullet.objects.PhysicsRigidBody rebuildRigidBody
INFORMATION: Created 1f002dd3a90.
Sept. 13, 2026 4:42:56 AM com.jme3.bullet.objects.PhysicsRigidBody rebuildRigidBody
INFORMATION: Created 1f002dd1ab0.
Sept. 13, 2026 4:42:56 AM com.jme3.bullet.objects.PhysicsRigidBody rebuildRigidBody
INFORMATION: Created 1f002dd5a70.
Sept. 13, 2026 4:42:56 AM com.jme3.bullet.objects.PhysicsRigidBody rebuildRigidBody
INFORMATION: Created 1f002dd1de0.
Sept. 13, 2026 4:42:56 AM com.jme3.bullet.objects.PhysicsRigidBody rebuildRigidBody
INFORMATION: Created 1f002dd5da0.
Sept. 13, 2026 4:42:56 AM com.jme3.bullet.objects.PhysicsRigidBody rebuildRigidBody
INFORMATION: Created 1f002dd3100.
Sept. 13, 2026 4:42:56 AM com.jme3.bullet.objects.PhysicsRigidBody rebuildRigidBody
INFORMATION: Created 1f002dd60d0.
Sept. 13, 2026 4:42:56 AM com.jme3.bullet.objects.PhysicsRigidBody rebuildRigidBody
INFORMATION: Created 1f002dd2770.
Sept. 13, 2026 4:42:56 AM com.jme3.bullet.objects.PhysicsRigidBody rebuildRigidBody
INFORMATION: Created 1f002dd3760.
Sept. 13, 2026 4:42:56 AM com.jme3.bullet.objects.PhysicsRigidBody rebuildRigidBody
INFORMATION: Created 1f002dd2440.
Sept. 13, 2026 4:42:56 AM com.jme3.bullet.objects.PhysicsRigidBody rebuildRigidBody
INFORMATION: Created 1f002dd6730.
Sept. 13, 2026 4:42:56 AM com.jme3.bullet.objects.PhysicsRigidBody rebuildRigidBody
INFORMATION: Created 1f002dd8710.
Sept. 13, 2026 4:42:56 AM com.jme3.bullet.objects.PhysicsRigidBody rebuildRigidBody
INFORMATION: Created 1f002dd83e0.
Sept. 13, 2026 4:42:56 AM com.jme3.bullet.objects.PhysicsRigidBody rebuildRigidBody
INFORMATION: Created 1f002dd6a60.
Sept. 13, 2026 4:42:56 AM com.jme3.bullet.objects.PhysicsRigidBody rebuildRigidBody
INFORMATION: Created 1f002dd7a50.
Sept. 13, 2026 4:42:56 AM com.jme3.bullet.objects.PhysicsRigidBody rebuildRigidBody
INFORMATION: Created 1f002dd6d90.
Sept. 13, 2026 4:42:56 AM com.jme3.bullet.objects.PhysicsRigidBody rebuildRigidBody
INFORMATION: Created 1f002dd70c0.
Sept. 13, 2026 4:42:56 AM com.jme3.bullet.objects.PhysicsRigidBody rebuildRigidBody
INFORMATION: Created 1f002dd73f0.
Sept. 13, 2026 4:42:56 AM com.jme3.bullet.objects.PhysicsRigidBody rebuildRigidBody
INFORMATION: Created 1f002dd7720.
Sept. 13, 2026 4:42:56 AM com.jme3.bullet.objects.PhysicsRigidBody rebuildRigidBody
INFORMATION: Created 1f002dd7d80.
Sept. 13, 2026 4:42:56 AM com.jme3.bullet.objects.PhysicsRigidBody rebuildRigidBody
INFORMATION: Created 1f002dd8a40.
Sept. 13, 2026 4:42:56 AM com.jme3.bullet.objects.PhysicsRigidBody rebuildRigidBody
INFORMATION: Created 1f002dd8d70.
Sept. 13, 2026 4:42:56 AM com.jme3.bullet.objects.PhysicsRigidBody rebuildRigidBody
INFORMATION: Created 1f002dda6f0.
Sept. 13, 2026 4:42:56 AM com.jme3.bullet.objects.PhysicsRigidBody rebuildRigidBody
INFORMATION: Created 1f002dda3c0.
Sept. 13, 2026 4:42:56 AM com.jme3.bullet.objects.PhysicsRigidBody rebuildRigidBody
INFORMATION: Created 1f002ddca00.
Sept. 13, 2026 4:42:56 AM com.jme3.bullet.objects.PhysicsRigidBody rebuildRigidBody
INFORMATION: Created 1f002ddaa20.
Sept. 13, 2026 4:42:56 AM com.jme3.bullet.objects.PhysicsRigidBody rebuildRigidBody
INFORMATION: Created 1f002ddc070.
Sept. 13, 2026 4:42:56 AM com.jme3.bullet.objects.PhysicsRigidBody rebuildRigidBody
INFORMATION: Created 1f002ddbd40.
Sept. 13, 2026 4:42:56 AM com.jme3.bullet.objects.PhysicsRigidBody rebuildRigidBody
INFORMATION: Created 1f002ddb080.
Sept. 13, 2026 4:42:56 AM com.jme3.bullet.objects.PhysicsRigidBody rebuildRigidBody
INFORMATION: Created 1f002ddcd30.
Sept. 13, 2026 4:42:56 AM com.jme3.bullet.objects.PhysicsRigidBody rebuildRigidBody
INFORMATION: Created 1f002ddad50.
Sept. 13, 2026 4:42:56 AM com.jme3.bullet.objects.PhysicsRigidBody rebuildRigidBody
INFORMATION: Created 1f002dd93d0.
Sept. 13, 2026 4:42:56 AM com.jme3.bullet.objects.PhysicsRigidBody rebuildRigidBody
INFORMATION: Created 1f002ddc3a0.
Sept. 13, 2026 4:42:56 AM com.jme3.bullet.objects.PhysicsRigidBody rebuildRigidBody
INFORMATION: Created 1f002ddb3b0.
Sept. 13, 2026 4:42:56 AM com.jme3.bullet.objects.PhysicsRigidBody rebuildRigidBody
INFORMATION: Created 1f002ddc6d0.
Sept. 13, 2026 4:42:56 AM com.jme3.bullet.objects.PhysicsRigidBody rebuildRigidBody
INFORMATION: Created 1f002dd90a0.
Sept. 13, 2026 4:42:56 AM com.jme3.bullet.objects.PhysicsRigidBody rebuildRigidBody
INFORMATION: Created 1f002ddb6e0.
Sept. 13, 2026 4:42:56 AM com.jme3.bullet.objects.PhysicsRigidBody rebuildRigidBody
INFORMATION: Created 1f002dd9d60.
Sept. 13, 2026 4:42:56 AM com.jme3.bullet.objects.PhysicsRigidBody rebuildRigidBody
INFORMATION: Created 1f002ddba10.
Sept. 13, 2026 4:42:56 AM com.jme3.bullet.objects.PhysicsRigidBody rebuildRigidBody
INFORMATION: Created 1f002ddd060.
Sept. 13, 2026 4:42:56 AM com.jme3.bullet.objects.PhysicsRigidBody rebuildRigidBody
INFORMATION: Created 1f002ddd390.
Sept. 13, 2026 4:42:56 AM com.jme3.bullet.objects.PhysicsRigidBody rebuildRigidBody
INFORMATION: Created 1f002dd9700.
Sept. 13, 2026 4:42:56 AM com.jme3.bullet.objects.PhysicsRigidBody rebuildRigidBody
INFORMATION: Created 1f002ddd6c0.
Sept. 13, 2026 4:42:56 AM com.jme3.bullet.objects.PhysicsRigidBody rebuildRigidBody
INFORMATION: Created 1f002dd9a30.
Sept. 13, 2026 4:42:56 AM com.jme3.bullet.objects.PhysicsRigidBody rebuildRigidBody
INFORMATION: Created 1f002dddd20.
Sept. 13, 2026 4:42:56 AM com.jme3.bullet.objects.PhysicsRigidBody rebuildRigidBody
INFORMATION: Created 1f002ddd9f0.
Sept. 13, 2026 4:42:56 AM com.jme3.bullet.objects.PhysicsRigidBody rebuildRigidBody
INFORMATION: Created 1f002dda090.
Sept. 13, 2026 4:42:56 AM com.jme3.bullet.objects.PhysicsRigidBody rebuildRigidBody
INFORMATION: Created 1f002dde380.
Sept. 13, 2026 4:42:56 AM com.jme3.bullet.objects.PhysicsRigidBody rebuildRigidBody
INFORMATION: Created 1f002dded10.
Sept. 13, 2026 4:42:56 AM com.jme3.bullet.objects.PhysicsRigidBody rebuildRigidBody
INFORMATION: Created 1f002de1680.
Sept. 13, 2026 4:42:56 AM com.jme3.bullet.objects.PhysicsRigidBody rebuildRigidBody
INFORMATION: Created 1f002ddf6a0.
Sept. 13, 2026 4:42:56 AM com.jme3.bullet.objects.PhysicsRigidBody rebuildRigidBody
INFORMATION: Created 1f002de1020.
Sept. 13, 2026 4:42:56 AM com.jme3.bullet.objects.PhysicsRigidBody rebuildRigidBody
INFORMATION: Created 1f002de19b0.
Sept. 13, 2026 4:42:56 AM com.jme3.bullet.objects.PhysicsRigidBody rebuildRigidBody
INFORMATION: Created 1f002dde9e0.
Sept. 13, 2026 4:42:56 AM com.jme3.bullet.objects.PhysicsRigidBody rebuildRigidBody
INFORMATION: Created 1f002dde6b0.
Sept. 13, 2026 4:42:56 AM com.jme3.bullet.objects.PhysicsRigidBody rebuildRigidBody
INFORMATION: Created 1f002ddfd00.
Sept. 13, 2026 4:42:56 AM com.jme3.bullet.objects.PhysicsRigidBody rebuildRigidBody
INFORMATION: Created 1f002de0030.
Sept. 13, 2026 4:42:56 AM com.jme3.bullet.objects.PhysicsRigidBody rebuildRigidBody
INFORMATION: Created 1f002de0360.
Sept. 13, 2026 4:42:56 AM com.jme3.bullet.objects.PhysicsRigidBody rebuildRigidBody
INFORMATION: Created 1f002ddf040.
Sept. 13, 2026 4:42:56 AM com.jme3.bullet.objects.PhysicsRigidBody rebuildRigidBody
INFORMATION: Created 1f002de1350.
Sept. 13, 2026 4:42:56 AM com.jme3.bullet.objects.PhysicsRigidBody rebuildRigidBody
INFORMATION: Created 1f002dde050.
Sept. 13, 2026 4:42:56 AM com.jme3.bullet.objects.PhysicsRigidBody rebuildRigidBody
INFORMATION: Created 1f002de0690.
Sept. 13, 2026 4:42:56 AM com.jme3.bullet.objects.PhysicsRigidBody rebuildRigidBody
INFORMATION: Created 1f002de09c0.
Sept. 13, 2026 4:42:56 AM com.jme3.bullet.objects.PhysicsRigidBody rebuildRigidBody
INFORMATION: Created 1f002de3000.
Sept. 13, 2026 4:42:56 AM com.jme3.bullet.objects.PhysicsRigidBody rebuildRigidBody
INFORMATION: Created 1f002ddf370.
Sept. 13, 2026 4:42:56 AM com.jme3.bullet.objects.PhysicsRigidBody rebuildRigidBody
INFORMATION: Created 1f002de0cf0.
Sept. 13, 2026 4:42:56 AM com.jme3.bullet.objects.PhysicsRigidBody rebuildRigidBody
INFORMATION: Created 1f002de1ce0.
Sept. 13, 2026 4:42:56 AM com.jme3.bullet.objects.PhysicsRigidBody rebuildRigidBody
INFORMATION: Created 1f002de2010.
Sept. 13, 2026 4:42:56 AM com.jme3.bullet.objects.PhysicsRigidBody rebuildRigidBody
INFORMATION: Created 1f002de2340.
Sept. 13, 2026 4:42:56 AM com.jme3.bullet.objects.PhysicsRigidBody rebuildRigidBody
INFORMATION: Created 1f002de2cd0.
Sept. 13, 2026 4:42:56 AM com.jme3.bullet.objects.PhysicsRigidBody rebuildRigidBody
INFORMATION: Created 1f002de2670.
Sept. 13, 2026 4:42:56 AM com.jme3.bullet.objects.PhysicsRigidBody rebuildRigidBody
INFORMATION: Created 1f002de29a0.
Sept. 13, 2026 4:42:56 AM com.jme3.bullet.objects.PhysicsRigidBody rebuildRigidBody
INFORMATION: Created 1f002de3330.
Sept. 13, 2026 4:42:56 AM com.jme3.bullet.objects.PhysicsRigidBody rebuildRigidBody
INFORMATION: Created 1f002de3660.
Sept. 13, 2026 4:42:56 AM com.jme3.bullet.objects.PhysicsRigidBody rebuildRigidBody
INFORMATION: Created 1f002ddf9d0.
Sept. 13, 2026 4:42:56 AM com.jme3.bullet.objects.PhysicsRigidBody rebuildRigidBody
INFORMATION: Created 1f002de3990.
Sept. 13, 2026 4:42:56 AM com.jme3.bullet.objects.PhysicsRigidBody rebuildRigidBody
INFORMATION: Created 1f002de3cc0.
Sept. 13, 2026 4:42:56 AM com.jme3.bullet.objects.PhysicsRigidBody rebuildRigidBody
INFORMATION: Created 1f002de4650.
Sept. 13, 2026 4:42:56 AM com.jme3.bullet.objects.PhysicsRigidBody rebuildRigidBody
INFORMATION: Created 1f002de3ff0.
Sept. 13, 2026 4:42:56 AM com.jme3.bullet.objects.PhysicsRigidBody rebuildRigidBody
INFORMATION: Created 1f002de4980.
Sept. 13, 2026 4:42:56 AM com.jme3.bullet.objects.PhysicsRigidBody rebuildRigidBody
INFORMATION: Created 1f002de5970.
Sept. 13, 2026 4:42:56 AM com.jme3.bullet.objects.PhysicsRigidBody rebuildRigidBody
INFORMATION: Created 1f002de4320.
Sept. 13, 2026 4:42:56 AM com.jme3.bullet.objects.PhysicsRigidBody rebuildRigidBody
INFORMATION: Created 1f002de4cb0.
Sept. 13, 2026 4:42:56 AM com.jme3.bullet.objects.PhysicsRigidBody rebuildRigidBody
INFORMATION: Created 1f002de4fe0.
Sept. 13, 2026 4:42:56 AM com.jme3.bullet.objects.PhysicsRigidBody rebuildRigidBody
INFORMATION: Created 1f002de5310.
Sept. 13, 2026 4:42:56 AM com.jme3.bullet.objects.PhysicsRigidBody rebuildRigidBody
INFORMATION: Created 1f002de5640.
Sept. 13, 2026 4:42:56 AM com.jme3.bullet.objects.PhysicsRigidBody rebuildRigidBody
INFORMATION: Created 1f002de6630.
Sept. 13, 2026 4:42:56 AM com.jme3.bullet.objects.PhysicsRigidBody rebuildRigidBody
INFORMATION: Created 1f002de6300.
Sept. 13, 2026 4:42:56 AM com.jme3.bullet.objects.PhysicsRigidBody rebuildRigidBody
INFORMATION: Created 1f002de6960.
Sept. 13, 2026 4:42:56 AM com.jme3.bullet.objects.PhysicsRigidBody rebuildRigidBody
INFORMATION: Created 1f002de6c90.
Sept. 13, 2026 4:42:56 AM com.jme3.bullet.objects.PhysicsRigidBody rebuildRigidBody
INFORMATION: Created 1f002de5ca0.
Sept. 13, 2026 4:42:56 AM com.jme3.bullet.objects.PhysicsRigidBody rebuildRigidBody
INFORMATION: Created 1f002de5fd0.
Sept. 13, 2026 4:42:56 AM com.jme3.bullet.objects.PhysicsRigidBody rebuildRigidBody
INFORMATION: Created 1f002da93a0.
Sept. 13, 2026 4:42:56 AM com.jme3.bullet.objects.PhysicsRigidBody rebuildRigidBody
INFORMATION: Created 1f002da60a0.
Sept. 13, 2026 4:42:56 AM com.jme3.bullet.objects.PhysicsRigidBody rebuildRigidBody
INFORMATION: Created 1f002da73c0.
Sept. 13, 2026 4:42:56 AM com.jme3.bullet.objects.PhysicsRigidBody rebuildRigidBody
INFORMATION: Created 1f002da7a20.
Sept. 13, 2026 4:42:56 AM com.jme3.bullet.objects.PhysicsRigidBody rebuildRigidBody
INFORMATION: Created 1f002daa060.
Sept. 13, 2026 4:42:56 AM com.jme3.bullet.objects.PhysicsRigidBody rebuildRigidBody
INFORMATION: Created 1f002da63d0.
Sept. 13, 2026 4:42:56 AM com.jme3.bullet.objects.PhysicsRigidBody rebuildRigidBody
INFORMATION: Created 1f002da6a30.
Sept. 13, 2026 4:42:56 AM com.jme3.bullet.objects.PhysicsRigidBody rebuildRigidBody
INFORMATION: Created 1f002da6d60.
Sept. 13, 2026 4:42:56 AM com.jme3.bullet.objects.PhysicsRigidBody rebuildRigidBody
INFORMATION: Created 1f002da8a10.
Sept. 13, 2026 4:42:56 AM com.jme3.bullet.objects.PhysicsRigidBody rebuildRigidBody
INFORMATION: Created 1f002da8d40.
Sept. 13, 2026 4:42:56 AM com.jme3.bullet.objects.PhysicsRigidBody rebuildRigidBody
INFORMATION: Created 1f002da9a00.
Sept. 13, 2026 4:42:56 AM com.jme3.bullet.objects.PhysicsRigidBody rebuildRigidBody
INFORMATION: Created 1f002da9070.
Sept. 13, 2026 4:42:56 AM com.jme3.bullet.objects.PhysicsRigidBody rebuildRigidBody
INFORMATION: Created 1f002da86e0.
Sept. 13, 2026 4:42:56 AM com.jme3.bullet.objects.PhysicsRigidBody rebuildRigidBody
INFORMATION: Created 1f002da96d0.
Sept. 13, 2026 4:42:56 AM com.jme3.bullet.objects.PhysicsRigidBody rebuildRigidBody
INFORMATION: Created 1f002da7d50.
Sept. 13, 2026 4:42:56 AM com.jme3.bullet.objects.PhysicsRigidBody rebuildRigidBody
INFORMATION: Created 1f002da76f0.
Sept. 13, 2026 4:42:56 AM com.jme3.bullet.objects.PhysicsRigidBody rebuildRigidBody
INFORMATION: Created 1f002da6700.
Sept. 13, 2026 4:42:56 AM com.jme3.bullet.objects.PhysicsRigidBody rebuildRigidBody
INFORMATION: Created 1f002da7090.
Sept. 13, 2026 4:42:56 AM com.jme3.bullet.objects.PhysicsRigidBody rebuildRigidBody
INFORMATION: Created 1f002da9d30.
Sept. 13, 2026 4:42:56 AM com.jme3.bullet.objects.PhysicsRigidBody rebuildRigidBody
INFORMATION: Created 1f002daad20.
Sept. 13, 2026 4:42:56 AM com.jme3.bullet.objects.PhysicsRigidBody rebuildRigidBody
INFORMATION: Created 1f002da83b0.
Sept. 13, 2026 4:42:56 AM com.jme3.bullet.objects.PhysicsRigidBody rebuildRigidBody
INFORMATION: Created 1f002daa390.
Sept. 13, 2026 4:42:56 AM com.jme3.bullet.objects.PhysicsRigidBody rebuildRigidBody
INFORMATION: Created 1f002dab050.
Sept. 13, 2026 4:42:56 AM com.jme3.bullet.objects.PhysicsRigidBody rebuildRigidBody
INFORMATION: Created 1f002dabd10.
Sept. 13, 2026 4:42:56 AM com.jme3.bullet.objects.PhysicsRigidBody rebuildRigidBody
INFORMATION: Created 1f002daa6c0.
Sept. 13, 2026 4:42:56 AM com.jme3.bullet.objects.PhysicsRigidBody rebuildRigidBody
INFORMATION: Created 1f002dab380.
Sept. 13, 2026 4:42:56 AM com.jme3.bullet.objects.PhysicsRigidBody rebuildRigidBody
INFORMATION: Created 1f002dab9e0.
Sept. 13, 2026 4:42:56 AM com.jme3.bullet.objects.PhysicsRigidBody rebuildRigidBody
INFORMATION: Created 1f002daa9f0.
Sept. 13, 2026 4:42:56 AM com.jme3.bullet.objects.PhysicsRigidBody rebuildRigidBody
INFORMATION: Created 1f002dab6b0.
Sept. 13, 2026 4:42:56 AM com.jme3.bullet.objects.PhysicsRigidBody rebuildRigidBody
INFORMATION: Created 1f002da8080.
Sept. 13, 2026 4:42:56 AM com.jme3.bullet.objects.PhysicsRigidBody rebuildRigidBody
INFORMATION: Created 1f002dae9b0.
Sept. 13, 2026 4:42:56 AM com.jme3.bullet.objects.PhysicsRigidBody rebuildRigidBody
INFORMATION: Created 1f002dad9c0.
Sept. 13, 2026 4:42:56 AM com.jme3.bullet.objects.PhysicsRigidBody rebuildRigidBody
INFORMATION: Created 1f002daf9a0.
Sept. 13, 2026 4:42:56 AM com.jme3.bullet.objects.PhysicsRigidBody rebuildRigidBody
INFORMATION: Created 1f002daf340.
Sept. 13, 2026 4:42:56 AM com.jme3.bullet.objects.PhysicsRigidBody rebuildRigidBody
INFORMATION: Created 1f002daece0.
Sept. 13, 2026 4:42:56 AM com.jme3.bullet.objects.PhysicsRigidBody rebuildRigidBody
INFORMATION: Created 1f002dac040.
Sept. 13, 2026 4:42:56 AM com.jme3.bullet.objects.PhysicsRigidBody rebuildRigidBody
INFORMATION: Created 1f002daf670.
Sept. 13, 2026 4:42:56 AM com.jme3.bullet.objects.PhysicsRigidBody rebuildRigidBody
INFORMATION: Created 1f002dafcd0.
Sept. 13, 2026 4:42:56 AM com.jme3.bullet.objects.PhysicsRigidBody rebuildRigidBody
INFORMATION: Created 1f002dac370.
Sept. 13, 2026 4:42:56 AM com.jme3.bullet.objects.PhysicsRigidBody rebuildRigidBody
INFORMATION: Created 1f002dacd00.
[GAME] Willkommen im Ödland. Folge dem Feuer zu Mira. [E]
Sept. 13, 2026 4:42:56 AM com.jme3.anim.SkinningControl controlRender
INFORMATION: Hardware skinning engaged for Scene (Node)
Sept. 13, 2026 4:42:56 AM com.jme3.anim.SkinningControl controlRender
INFORMATION: Hardware skinning engaged for Scene (Node)
Sept. 13, 2026 4:42:56 AM com.jme3.anim.SkinningControl controlRender
INFORMATION: Hardware skinning engaged for Scene (Node)
Sept. 13, 2026 4:42:56 AM com.jme3.anim.SkinningControl controlRender
INFORMATION: Hardware skinning engaged for Scene (Node)
[SMOKE] stage 27
[CHECK] Camera retracts against walls
Sept. 13, 2026 4:42:58 AM com.jme3.bullet.objects.PhysicsRigidBody rebuildRigidBody
INFORMATION: Created 1f002db0000.
Sept. 13, 2026 4:42:58 AM com.jme3.bullet.objects.PhysicsRigidBody rebuildRigidBody
INFORMATION: Created 1f002dadcf0.
Sept. 13, 2026 4:42:58 AM com.jme3.bullet.objects.PhysicsRigidBody rebuildRigidBody
INFORMATION: Created 1f002dad690.
Sept. 13, 2026 4:42:58 AM com.jme3.bullet.objects.PhysicsRigidBody rebuildRigidBody
INFORMATION: Created 1f002db0330.
Sept. 13, 2026 4:42:58 AM com.jme3.bullet.objects.PhysicsRigidBody rebuildRigidBody
INFORMATION: Created 1f002dae020.
Sept. 13, 2026 4:42:58 AM com.jme3.bullet.objects.PhysicsRigidBody rebuildRigidBody
INFORMATION: Created 1f002dad030.
Sept. 13, 2026 4:42:58 AM com.jme3.bullet.objects.PhysicsRigidBody rebuildRigidBody
INFORMATION: Created 1f002dae350.
Sept. 13, 2026 4:42:58 AM com.jme3.bullet.objects.PhysicsRigidBody rebuildRigidBody
INFORMATION: Created 1f002daf010.
Sept. 13, 2026 4:42:58 AM com.jme3.bullet.objects.PhysicsRigidBody rebuildRigidBody
INFORMATION: Created 1f002dac6a0.
Sept. 13, 2026 4:42:58 AM com.jme3.bullet.objects.PhysicsRigidBody rebuildRigidBody
INFORMATION: Created 1f002dae680.
Sept. 13, 2026 4:42:58 AM com.jme3.bullet.objects.PhysicsRigidBody rebuildRigidBody
INFORMATION: Created 1f002db0660.
Sept. 13, 2026 4:42:58 AM com.jme3.bullet.objects.PhysicsRigidBody rebuildRigidBody
INFORMATION: Created 1f002dac9d0.
Sept. 13, 2026 4:42:58 AM com.jme3.bullet.objects.PhysicsRigidBody rebuildRigidBody
INFORMATION: Created 1f002db0990.
Sept. 13, 2026 4:42:58 AM com.jme3.bullet.objects.PhysicsRigidBody rebuildRigidBody
INFORMATION: Created 1f002db0cc0.
Sept. 13, 2026 4:42:58 AM com.jme3.bullet.objects.PhysicsRigidBody rebuildRigidBody
INFORMATION: Created 1f002db0ff0.
Sept. 13, 2026 4:42:58 AM com.jme3.bullet.objects.PhysicsRigidBody rebuildRigidBody
INFORMATION: Created 1f002dad360.
Sept. 13, 2026 4:42:58 AM com.jme3.bullet.objects.PhysicsRigidBody rebuildRigidBody
INFORMATION: Created 1f002db1320.
Sept. 13, 2026 4:42:58 AM com.jme3.bullet.objects.PhysicsRigidBody rebuildRigidBody
INFORMATION: Created 1f002db1980.
Sept. 13, 2026 4:42:58 AM com.jme3.bullet.objects.PhysicsRigidBody rebuildRigidBody
INFORMATION: Created 1f002db1650.
Sept. 13, 2026 4:42:58 AM com.jme3.bullet.objects.PhysicsRigidBody rebuildRigidBody
INFORMATION: Created 1f002db1cb0.
Sept. 13, 2026 4:42:58 AM com.jme3.bullet.objects.PhysicsRigidBody rebuildRigidBody
INFORMATION: Created 1f002db1fe0.
Sept. 13, 2026 4:42:58 AM com.jme3.bullet.objects.PhysicsRigidBody rebuildRigidBody
INFORMATION: Created 1f002db2310.
Sept. 13, 2026 4:42:58 AM com.jme3.bullet.objects.PhysicsRigidBody rebuildRigidBody
INFORMATION: Created 1f002db2640.
Sept. 13, 2026 4:42:58 AM com.jme3.bullet.objects.PhysicsRigidBody rebuildRigidBody
INFORMATION: Created 1f002db2970.
Sept. 13, 2026 4:42:58 AM com.jme3.bullet.objects.PhysicsRigidBody rebuildRigidBody
INFORMATION: Created 1f0a40383e0.
Sept. 13, 2026 4:42:58 AM com.jme3.bullet.objects.PhysicsRigidBody rebuildRigidBody
INFORMATION: Created 1f0a40380b0.
Sept. 13, 2026 4:42:58 AM com.jme3.bullet.objects.PhysicsRigidBody rebuildRigidBody
INFORMATION: Created 1f0a4036a60.
Sept. 13, 2026 4:42:58 AM com.jme3.bullet.objects.PhysicsRigidBody rebuildRigidBody
INFORMATION: Created 1f0a4038710.
Sept. 13, 2026 4:42:58 AM com.jme3.bullet.objects.PhysicsRigidBody rebuildRigidBody
INFORMATION: Created 1f0a40390a0.
Sept. 13, 2026 4:42:58 AM com.jme3.bullet.objects.PhysicsRigidBody rebuildRigidBody
INFORMATION: Created 1f0a4036d90.
Sept. 13, 2026 4:42:58 AM com.jme3.bullet.objects.PhysicsRigidBody rebuildRigidBody
INFORMATION: Created 1f0a40370c0.
Sept. 13, 2026 4:42:58 AM com.jme3.bullet.objects.PhysicsRigidBody rebuildRigidBody
INFORMATION: Created 1f0a40373f0.
Sept. 13, 2026 4:42:58 AM com.jme3.bullet.objects.PhysicsRigidBody rebuildRigidBody
INFORMATION: Created 1f0a4035740.
Sept. 13, 2026 4:42:58 AM com.jme3.bullet.objects.PhysicsRigidBody rebuildRigidBody
INFORMATION: Created 1f0a40360d0.
Sept. 13, 2026 4:42:58 AM com.jme3.bullet.objects.PhysicsRigidBody rebuildRigidBody
INFORMATION: Created 1f0a4036730.
Sept. 13, 2026 4:42:58 AM com.jme3.bullet.objects.PhysicsRigidBody rebuildRigidBody
INFORMATION: Created 1f0a4035a70.
Sept. 13, 2026 4:42:58 AM com.jme3.bullet.objects.PhysicsRigidBody rebuildRigidBody
INFORMATION: Created 1f0a4035da0.
Sept. 13, 2026 4:42:58 AM com.jme3.bullet.objects.PhysicsRigidBody rebuildRigidBody
INFORMATION: Created 1f0a4035410.
Sept. 13, 2026 4:42:58 AM com.jme3.bullet.objects.PhysicsRigidBody rebuildRigidBody
INFORMATION: Created 1f0a403b080.
Sept. 13, 2026 4:42:58 AM com.jme3.bullet.objects.PhysicsRigidBody rebuildRigidBody
INFORMATION: Created 1f0a403ad50.
Sept. 13, 2026 4:42:58 AM com.jme3.bullet.objects.PhysicsRigidBody rebuildRigidBody
INFORMATION: Created 1f0a403b3b0.
Sept. 13, 2026 4:42:58 AM com.jme3.bullet.objects.PhysicsRigidBody rebuildRigidBody
INFORMATION: Created 1f0a4038a40.
Sept. 13, 2026 4:42:58 AM com.jme3.bullet.objects.PhysicsRigidBody rebuildRigidBody
INFORMATION: Created 1f0a4037720.
Sept. 13, 2026 4:42:58 AM com.jme3.bullet.objects.PhysicsRigidBody rebuildRigidBody
INFORMATION: Created 1f0a4038d70.
Sept. 13, 2026 4:42:58 AM com.jme3.bullet.objects.PhysicsRigidBody rebuildRigidBody
INFORMATION: Created 1f0a40393d0.
Sept. 13, 2026 4:42:58 AM com.jme3.bullet.objects.PhysicsRigidBody rebuildRigidBody
INFORMATION: Created 1f0a4039700.
Sept. 13, 2026 4:42:58 AM com.jme3.bullet.objects.PhysicsRigidBody rebuildRigidBody
INFORMATION: Created 1f0a4039a30.
Sept. 13, 2026 4:42:58 AM com.jme3.bullet.objects.PhysicsRigidBody rebuildRigidBody
INFORMATION: Created 1f0a403a3c0.
Sept. 13, 2026 4:42:58 AM com.jme3.bullet.objects.PhysicsRigidBody rebuildRigidBody
INFORMATION: Created 1f0a4039d60.
Sept. 13, 2026 4:42:58 AM com.jme3.bullet.objects.PhysicsRigidBody rebuildRigidBody
INFORMATION: Created 1f0a403aa20.
Sept. 13, 2026 4:42:58 AM com.jme3.bullet.objects.PhysicsRigidBody rebuildRigidBody
INFORMATION: Created 1f0a403a090.
Sept. 13, 2026 4:42:58 AM com.jme3.bullet.objects.PhysicsRigidBody rebuildRigidBody
INFORMATION: Created 1f0a403a6f0.
Sept. 13, 2026 4:42:58 AM com.jme3.bullet.objects.PhysicsRigidBody rebuildRigidBody
INFORMATION: Created 1f0a403b6e0.
Sept. 13, 2026 4:42:58 AM com.jme3.bullet.objects.PhysicsRigidBody rebuildRigidBody
INFORMATION: Created 1f0a4037a50.
Sept. 13, 2026 4:42:58 AM com.jme3.bullet.objects.PhysicsRigidBody rebuildRigidBody
INFORMATION: Created 1f0a403ba10.
Sept. 13, 2026 4:42:58 AM com.jme3.bullet.objects.PhysicsRigidBody rebuildRigidBody
INFORMATION: Created 1f0a4037d80.
Sept. 13, 2026 4:42:58 AM com.jme3.bullet.objects.PhysicsRigidBody rebuildRigidBody
INFORMATION: Created 1f0a403e050.
Sept. 13, 2026 4:42:58 AM com.jme3.bullet.objects.PhysicsRigidBody rebuildRigidBody
INFORMATION: Created 1f0a403d6c0.
Sept. 13, 2026 4:42:58 AM com.jme3.bullet.objects.PhysicsRigidBody rebuildRigidBody
INFORMATION: Created 1f0a403ed10.
Sept. 13, 2026 4:42:58 AM com.jme3.bullet.objects.PhysicsRigidBody rebuildRigidBody
INFORMATION: Created 1f0a403d9f0.
Sept. 13, 2026 4:42:58 AM com.jme3.bullet.objects.PhysicsRigidBody rebuildRigidBody
INFORMATION: Created 1f0a403cd30.
Sept. 13, 2026 4:42:58 AM com.jme3.bullet.objects.PhysicsRigidBody rebuildRigidBody
INFORMATION: Created 1f0a403d060.
Sept. 13, 2026 4:42:58 AM com.jme3.bullet.objects.PhysicsRigidBody rebuildRigidBody
INFORMATION: Created 1f0a403bd40.
Sept. 13, 2026 4:42:58 AM com.jme3.bullet.objects.PhysicsRigidBody rebuildRigidBody
INFORMATION: Created 1f0a403e380.
Sept. 13, 2026 4:42:58 AM com.jme3.bullet.objects.PhysicsRigidBody rebuildRigidBody
INFORMATION: Created 1f0a403c6d0.
Sept. 13, 2026 4:42:58 AM com.jme3.bullet.objects.PhysicsRigidBody rebuildRigidBody
INFORMATION: Created 1f0a403dd20.
Sept. 13, 2026 4:42:58 AM com.jme3.bullet.objects.PhysicsRigidBody rebuildRigidBody
INFORMATION: Created 1f0a403d390.
Sept. 13, 2026 4:42:58 AM com.jme3.bullet.objects.PhysicsRigidBody rebuildRigidBody
INFORMATION: Created 1f0a403e6b0.
Sept. 13, 2026 4:42:58 AM com.jme3.bullet.objects.PhysicsRigidBody rebuildRigidBody
INFORMATION: Created 1f0a403e9e0.
Sept. 13, 2026 4:42:58 AM com.jme3.bullet.objects.PhysicsRigidBody rebuildRigidBody
INFORMATION: Created 1f0a403ca00.
Sept. 13, 2026 4:42:58 AM com.jme3.bullet.objects.PhysicsRigidBody rebuildRigidBody
INFORMATION: Created 1f0a403f040.
Sept. 13, 2026 4:42:58 AM com.jme3.bullet.objects.PhysicsRigidBody rebuildRigidBody
INFORMATION: Created 1f0a403f9d0.
Sept. 13, 2026 4:42:58 AM com.jme3.bullet.objects.PhysicsRigidBody rebuildRigidBody
INFORMATION: Created 1f0a403f370.
Sept. 13, 2026 4:42:58 AM com.jme3.bullet.objects.PhysicsRigidBody rebuildRigidBody
INFORMATION: Created 1f0a403c070.
Sept. 13, 2026 4:42:58 AM com.jme3.bullet.objects.PhysicsRigidBody rebuildRigidBody
INFORMATION: Created 1f0a403f6a0.
Sept. 13, 2026 4:42:58 AM com.jme3.bullet.objects.PhysicsRigidBody rebuildRigidBody
INFORMATION: Created 1f0a403c3a0.
Sept. 13, 2026 4:42:58 AM com.jme3.bullet.objects.PhysicsRigidBody rebuildRigidBody
INFORMATION: Created 1f0a403fd00.
Sept. 13, 2026 4:42:58 AM com.jme3.bullet.objects.PhysicsRigidBody rebuildRigidBody
INFORMATION: Created 1f0a4040030.
Sept. 13, 2026 4:42:58 AM com.jme3.bullet.objects.PhysicsRigidBody rebuildRigidBody
INFORMATION: Created 1f0a4040cf0.
Sept. 13, 2026 4:42:58 AM com.jme3.bullet.objects.PhysicsRigidBody rebuildRigidBody
INFORMATION: Created 1f0a4040360.
Sept. 13, 2026 4:42:58 AM com.jme3.bullet.objects.PhysicsRigidBody rebuildRigidBody
INFORMATION: Created 1f0a4040690.
Sept. 13, 2026 4:42:58 AM com.jme3.bullet.objects.PhysicsRigidBody rebuildRigidBody
INFORMATION: Created 1f0a40409c0.
Sept. 13, 2026 4:42:58 AM com.jme3.bullet.objects.PhysicsRigidBody rebuildRigidBody
INFORMATION: Created 1f0a4041020.
Sept. 13, 2026 4:42:58 AM com.jme3.bullet.objects.PhysicsRigidBody rebuildRigidBody
INFORMATION: Created 1f0a4041350.
Sept. 13, 2026 4:42:58 AM com.jme3.bullet.objects.PhysicsRigidBody rebuildRigidBody
INFORMATION: Created 1f0a4041680.
Sept. 13, 2026 4:42:58 AM com.jme3.bullet.objects.PhysicsRigidBody rebuildRigidBody
INFORMATION: Created 1f0a40419b0.
Sept. 13, 2026 4:42:58 AM com.jme3.bullet.objects.PhysicsRigidBody rebuildRigidBody
INFORMATION: Created 1f0a4041ce0.
Sept. 13, 2026 4:42:58 AM com.jme3.bullet.objects.PhysicsRigidBody rebuildRigidBody
INFORMATION: Created 1f0a4043000.
Sept. 13, 2026 4:42:58 AM com.jme3.bullet.objects.PhysicsRigidBody rebuildRigidBody
INFORMATION: Created 1f0a4045970.
Sept. 13, 2026 4:42:58 AM com.jme3.bullet.objects.PhysicsRigidBody rebuildRigidBody
INFORMATION: Created 1f0a4042010.
Sept. 13, 2026 4:42:58 AM com.jme3.bullet.objects.PhysicsRigidBody rebuildRigidBody
INFORMATION: Created 1f0a4044980.
Sept. 13, 2026 4:42:58 AM com.jme3.bullet.objects.PhysicsRigidBody rebuildRigidBody
INFORMATION: Created 1f0a4042340.
Sept. 13, 2026 4:42:58 AM com.jme3.bullet.objects.PhysicsRigidBody rebuildRigidBody
INFORMATION: Created 1f0a4044fe0.
Sept. 13, 2026 4:42:58 AM com.jme3.bullet.objects.PhysicsRigidBody rebuildRigidBody
INFORMATION: Created 1f0a4045310.
Sept. 13, 2026 4:42:58 AM com.jme3.bullet.objects.PhysicsRigidBody rebuildRigidBody
INFORMATION: Created 1f0a4044cb0.
Sept. 13, 2026 4:42:58 AM com.jme3.bullet.objects.PhysicsRigidBody rebuildRigidBody
INFORMATION: Created 1f0a4042cd0.
Sept. 13, 2026 4:42:58 AM com.jme3.bullet.objects.PhysicsRigidBody rebuildRigidBody
INFORMATION: Created 1f0a4043ff0.
Sept. 13, 2026 4:42:58 AM com.jme3.bullet.objects.PhysicsRigidBody rebuildRigidBody
INFORMATION: Created 1f0a4045640.
Sept. 13, 2026 4:42:58 AM com.jme3.bullet.objects.PhysicsRigidBody rebuildRigidBody
INFORMATION: Created 1f0a4043cc0.
Sept. 13, 2026 4:42:58 AM com.jme3.bullet.objects.PhysicsRigidBody rebuildRigidBody
INFORMATION: Created 1f0a4046300.
Sept. 13, 2026 4:42:58 AM com.jme3.bullet.objects.PhysicsRigidBody rebuildRigidBody
INFORMATION: Created 1f0a4042670.
Sept. 13, 2026 4:42:58 AM com.jme3.bullet.objects.PhysicsRigidBody rebuildRigidBody
INFORMATION: Created 1f0a4045ca0.
Sept. 13, 2026 4:42:58 AM com.jme3.bullet.objects.PhysicsRigidBody rebuildRigidBody
INFORMATION: Created 1f0a4045fd0.
Sept. 13, 2026 4:42:58 AM com.jme3.bullet.objects.PhysicsRigidBody rebuildRigidBody
INFORMATION: Created 1f0a4046630.
Sept. 13, 2026 4:42:58 AM com.jme3.bullet.objects.PhysicsRigidBody rebuildRigidBody
INFORMATION: Created 1f0a4043330.
Sept. 13, 2026 4:42:58 AM com.jme3.bullet.objects.PhysicsRigidBody rebuildRigidBody
INFORMATION: Created 1f0a4043660.
Sept. 13, 2026 4:42:58 AM com.jme3.bullet.objects.PhysicsRigidBody rebuildRigidBody
INFORMATION: Created 1f0a40429a0.
Sept. 13, 2026 4:42:58 AM com.jme3.bullet.objects.PhysicsRigidBody rebuildRigidBody
INFORMATION: Created 1f0a4046960.
Sept. 13, 2026 4:42:58 AM com.jme3.bullet.objects.PhysicsRigidBody rebuildRigidBody
INFORMATION: Created 1f0a4044320.
Sept. 13, 2026 4:42:58 AM com.jme3.bullet.objects.PhysicsRigidBody rebuildRigidBody
INFORMATION: Created 1f0a4046c90.
Sept. 13, 2026 4:42:58 AM com.jme3.bullet.objects.PhysicsRigidBody rebuildRigidBody
INFORMATION: Created 1f0a4046fc0.
Sept. 13, 2026 4:42:58 AM com.jme3.bullet.objects.PhysicsRigidBody rebuildRigidBody
INFORMATION: Created 1f0a40472f0.
Sept. 13, 2026 4:42:58 AM com.jme3.bullet.objects.PhysicsRigidBody rebuildRigidBody
INFORMATION: Created 1f0a4047620.
Sept. 13, 2026 4:42:58 AM com.jme3.bullet.objects.PhysicsRigidBody rebuildRigidBody
INFORMATION: Created 1f0a4043990.
Sept. 13, 2026 4:42:58 AM com.jme3.bullet.objects.PhysicsRigidBody rebuildRigidBody
INFORMATION: Created 1f0a4047950.
Sept. 13, 2026 4:42:58 AM com.jme3.bullet.objects.PhysicsRigidBody rebuildRigidBody
INFORMATION: Created 1f0a4047c80.
Sept. 13, 2026 4:42:58 AM com.jme3.bullet.objects.PhysicsRigidBody rebuildRigidBody
INFORMATION: Created 1f0a4047fb0.
Sept. 13, 2026 4:42:58 AM com.jme3.bullet.objects.PhysicsRigidBody rebuildRigidBody
INFORMATION: Created 1f0a4044650.
Sept. 13, 2026 4:42:58 AM com.jme3.bullet.objects.PhysicsRigidBody rebuildRigidBody
INFORMATION: Created 1f0a404bc40.
Sept. 13, 2026 4:42:58 AM com.jme3.bullet.objects.PhysicsRigidBody rebuildRigidBody
INFORMATION: Created 1f0a4049930.
Sept. 13, 2026 4:42:58 AM com.jme3.bullet.objects.PhysicsRigidBody rebuildRigidBody
INFORMATION: Created 1f0a404bf70.
Sept. 13, 2026 4:42:58 AM com.jme3.bullet.objects.PhysicsRigidBody rebuildRigidBody
INFORMATION: Created 1f0a404af80.
Sept. 13, 2026 4:42:58 AM com.jme3.bullet.objects.PhysicsRigidBody rebuildRigidBody
INFORMATION: Created 1f0a404b910.
Sept. 13, 2026 4:42:58 AM com.jme3.bullet.objects.PhysicsRigidBody rebuildRigidBody
INFORMATION: Created 1f0a4049f90.
Sept. 13, 2026 4:42:58 AM com.jme3.bullet.objects.PhysicsRigidBody rebuildRigidBody
INFORMATION: Created 1f0a404ac50.
Sept. 13, 2026 4:42:58 AM com.jme3.bullet.objects.PhysicsRigidBody rebuildRigidBody
INFORMATION: Created 1f0a404b5e0.
Sept. 13, 2026 4:42:58 AM com.jme3.bullet.objects.PhysicsRigidBody rebuildRigidBody
INFORMATION: Created 1f0a4049600.
Sept. 13, 2026 4:42:58 AM com.jme3.bullet.objects.PhysicsRigidBody rebuildRigidBody
INFORMATION: Created 1f0a40482e0.
Sept. 13, 2026 4:42:58 AM com.jme3.bullet.objects.PhysicsRigidBody rebuildRigidBody
INFORMATION: Created 1f0a4048fa0.
Sept. 13, 2026 4:42:58 AM com.jme3.bullet.objects.PhysicsRigidBody rebuildRigidBody
INFORMATION: Created 1f0a404b2b0.
Sept. 13, 2026 4:42:58 AM com.jme3.bullet.objects.PhysicsRigidBody rebuildRigidBody
INFORMATION: Created 1f0a404c2a0.
Sept. 13, 2026 4:42:58 AM com.jme3.bullet.objects.PhysicsRigidBody rebuildRigidBody
INFORMATION: Created 1f0a4048610.
Sept. 13, 2026 4:42:58 AM com.jme3.bullet.objects.PhysicsRigidBody rebuildRigidBody
INFORMATION: Created 1f0a404c5d0.
Sept. 13, 2026 4:42:58 AM com.jme3.bullet.objects.PhysicsRigidBody rebuildRigidBody
INFORMATION: Created 1f0a4048940.
Sept. 13, 2026 4:42:58 AM com.jme3.bullet.objects.PhysicsRigidBody rebuildRigidBody
INFORMATION: Created 1f0a4048c70.
Sept. 13, 2026 4:42:58 AM com.jme3.bullet.objects.PhysicsRigidBody rebuildRigidBody
INFORMATION: Created 1f0a404c900.
Sept. 13, 2026 4:42:58 AM com.jme3.bullet.objects.PhysicsRigidBody rebuildRigidBody
INFORMATION: Created 1f0a404cc30.
Sept. 13, 2026 4:42:58 AM com.jme3.bullet.objects.PhysicsRigidBody rebuildRigidBody
INFORMATION: Created 1f0a404a2c0.
Sept. 13, 2026 4:42:58 AM com.jme3.bullet.objects.PhysicsRigidBody rebuildRigidBody
INFORMATION: Created 1f0a404cf60.
Sept. 13, 2026 4:42:58 AM com.jme3.bullet.objects.PhysicsRigidBody rebuildRigidBody
INFORMATION: Created 1f0a4049c60.
Sept. 13, 2026 4:42:58 AM com.jme3.bullet.objects.PhysicsRigidBody rebuildRigidBody
INFORMATION: Created 1f0a404a5f0.
Sept. 13, 2026 4:42:58 AM com.jme3.bullet.objects.PhysicsRigidBody rebuildRigidBody
INFORMATION: Created 1f0a404a920.
Sept. 13, 2026 4:42:58 AM com.jme3.bullet.objects.PhysicsRigidBody rebuildRigidBody
INFORMATION: Created 1f0a40492d0.
Sept. 13, 2026 4:42:58 AM com.jme3.bullet.objects.PhysicsRigidBody rebuildRigidBody
INFORMATION: Created 1f0a404d290.
Sept. 13, 2026 4:42:58 AM com.jme3.bullet.objects.PhysicsRigidBody rebuildRigidBody
INFORMATION: Created 1f0a404d5c0.
Sept. 13, 2026 4:42:58 AM com.jme3.bullet.objects.PhysicsRigidBody rebuildRigidBody
INFORMATION: Created 1f0a404e280.
Sept. 13, 2026 4:42:58 AM com.jme3.bullet.objects.PhysicsRigidBody rebuildRigidBody
INFORMATION: Created 1f0a404d8f0.
Sept. 13, 2026 4:42:58 AM com.jme3.bullet.objects.PhysicsRigidBody rebuildRigidBody
INFORMATION: Created 1f0a404dc20.
Sept. 13, 2026 4:42:58 AM com.jme3.bullet.objects.PhysicsRigidBody rebuildRigidBody
INFORMATION: Created 1f0a404df50.
Sept. 13, 2026 4:42:58 AM com.jme3.bullet.objects.PhysicsRigidBody rebuildRigidBody
INFORMATION: Created 1f0a404e5b0.
Sept. 13, 2026 4:42:58 AM com.jme3.bullet.objects.PhysicsRigidBody rebuildRigidBody
INFORMATION: Created 1f0a404e8e0.
Sept. 13, 2026 4:42:58 AM com.jme3.bullet.objects.PhysicsRigidBody rebuildRigidBody
INFORMATION: Created 1f0a4050260.
Sept. 13, 2026 4:42:58 AM com.jme3.bullet.objects.PhysicsRigidBody rebuildRigidBody
INFORMATION: Created 1f0a4051f10.
[GAME] Goblin besiegt  +35 EP  +8 Gold
[GAME] Ork-Brecher besiegt  +70 EP  +13 Gold
[GAME] STUFE 2  -  Fähigkeitspunkt erhalten [K]
[GAME] Ork-Brecher besiegt  +70 EP  +13 Gold
[GAME] Ork-Brecher besiegt  +70 EP  +13 Gold
[GAME] Aschenrufer besiegt  +65 EP  +23 Gold
[GAME] STUFE 3  -  Fähigkeitspunkt erhalten [K]
[GAME] Eiserner Wächter besiegt  +115 EP  +18 Gold
[GAME] Eiserner Wächter besiegt  +115 EP  +18 Gold
[GAME] Eiserner Wächter besiegt  +115 EP  +18 Gold
[GAME] STUFE 4  -  Fähigkeitspunkt erhalten [K]
[GAME] Schlüssel des Kerkermeisters erhalten.
[GAME] Auftrag erfüllt: Der letzte Kerkermeister  +160 EP
[GAME] Aschenklinge erhalten. Erens Blick folgt dir.
[GAME] Auftrag erfüllt: Der Preis der Freiheit  +180 EP
[CHECK] Prisoner bargain is mutually exclusive
[CHECK] Bargain grants the unique blade
Sept. 13, 2026 4:42:58 AM com.jme3.bullet.objects.PhysicsRigidBody rebuildRigidBody
INFORMATION: Created 1f0a404ec10.
Sept. 13, 2026 4:42:58 AM com.jme3.bullet.objects.PhysicsRigidBody rebuildRigidBody
INFORMATION: Created 1f0a404f270.
Sept. 13, 2026 4:42:58 AM com.jme3.bullet.objects.PhysicsRigidBody rebuildRigidBody
INFORMATION: Created 1f0a4051250.
Sept. 13, 2026 4:42:58 AM com.jme3.bullet.objects.PhysicsRigidBody rebuildRigidBody
INFORMATION: Created 1f0a4052240.
Sept. 13, 2026 4:42:58 AM com.jme3.bullet.objects.PhysicsRigidBody rebuildRigidBody
INFORMATION: Created 1f0a40508c0.
Sept. 13, 2026 4:42:58 AM com.jme3.bullet.objects.PhysicsRigidBody rebuildRigidBody
INFORMATION: Created 1f0a404f5a0.
Sept. 13, 2026 4:42:58 AM com.jme3.bullet.objects.PhysicsRigidBody rebuildRigidBody
INFORMATION: Created 1f0a4051580.
Sept. 13, 2026 4:42:58 AM com.jme3.bullet.objects.PhysicsRigidBody rebuildRigidBody
INFORMATION: Created 1f0a404fc00.
Sept. 13, 2026 4:42:58 AM com.jme3.bullet.objects.PhysicsRigidBody rebuildRigidBody
INFORMATION: Created 1f0a404ff30.
Sept. 13, 2026 4:42:58 AM com.jme3.bullet.objects.PhysicsRigidBody rebuildRigidBody
INFORMATION: Created 1f0a4050bf0.
Sept. 13, 2026 4:42:58 AM com.jme3.bullet.objects.PhysicsRigidBody rebuildRigidBody
INFORMATION: Created 1f0a40528a0.
Sept. 13, 2026 4:42:58 AM com.jme3.bullet.objects.PhysicsRigidBody rebuildRigidBody
INFORMATION: Created 1f0a4050f20.
Sept. 13, 2026 4:42:58 AM com.jme3.bullet.objects.PhysicsRigidBody rebuildRigidBody
INFORMATION: Created 1f0a4052570.
Sept. 13, 2026 4:42:58 AM com.jme3.bullet.objects.PhysicsRigidBody rebuildRigidBody
INFORMATION: Created 1f0a4051be0.
Sept. 13, 2026 4:42:58 AM com.jme3.bullet.objects.PhysicsRigidBody rebuildRigidBody
INFORMATION: Created 1f0a4050590.
Sept. 13, 2026 4:42:58 AM com.jme3.bullet.objects.PhysicsRigidBody rebuildRigidBody
INFORMATION: Created 1f0a4052bd0.
Sept. 13, 2026 4:42:58 AM com.jme3.bullet.objects.PhysicsRigidBody rebuildRigidBody
INFORMATION: Created 1f0a404ef40.
Sept. 13, 2026 4:42:58 AM com.jme3.bullet.objects.PhysicsRigidBody rebuildRigidBody
INFORMATION: Created 1f0a40518b0.
Sept. 13, 2026 4:42:58 AM com.jme3.bullet.objects.PhysicsRigidBody rebuildRigidBody
INFORMATION: Created 1f0a4052f00.
Sept. 13, 2026 4:42:58 AM com.jme3.bullet.objects.PhysicsRigidBody rebuildRigidBody
INFORMATION: Created 1f0a4053230.
Sept. 13, 2026 4:42:58 AM com.jme3.bullet.objects.PhysicsRigidBody rebuildRigidBody
INFORMATION: Created 1f0a404f8d0.
Sept. 13, 2026 4:42:58 AM com.jme3.bullet.objects.PhysicsRigidBody rebuildRigidBody
INFORMATION: Created 1f0a4054bb0.
Sept. 13, 2026 4:42:58 AM com.jme3.bullet.objects.PhysicsRigidBody rebuildRigidBody
INFORMATION: Created 1f0a4054550.
Sept. 13, 2026 4:42:58 AM com.jme3.bullet.objects.PhysicsRigidBody rebuildRigidBody
INFORMATION: Created 1f0a4053560.
Sept. 13, 2026 4:42:58 AM com.jme3.bullet.objects.PhysicsRigidBody rebuildRigidBody
INFORMATION: Created 1f0a4054ee0.
Sept. 13, 2026 4:42:58 AM com.jme3.bullet.objects.PhysicsRigidBody rebuildRigidBody
INFORMATION: Created 1f0a4054220.
Sept. 13, 2026 4:42:58 AM com.jme3.bullet.objects.PhysicsRigidBody rebuildRigidBody
INFORMATION: Created 1f0a4053890.
Sept. 13, 2026 4:42:58 AM com.jme3.bullet.objects.PhysicsRigidBody rebuildRigidBody
INFORMATION: Created 1f0a4053bc0.
Sept. 13, 2026 4:42:58 AM com.jme3.bullet.objects.PhysicsRigidBody rebuildRigidBody
INFORMATION: Created 1f0a4053ef0.
Sept. 13, 2026 4:42:58 AM com.jme3.bullet.objects.PhysicsRigidBody rebuildRigidBody
INFORMATION: Created 1f0a4054880.
Sept. 13, 2026 4:42:58 AM com.jme3.bullet.objects.PhysicsRigidBody rebuildRigidBody
INFORMATION: Created 1f0a37bfe30.
Sept. 13, 2026 4:42:58 AM com.jme3.bullet.objects.PhysicsRigidBody rebuildRigidBody
INFORMATION: Created 1f0a37c0e20.
Sept. 13, 2026 4:42:58 AM com.jme3.bullet.objects.PhysicsRigidBody rebuildRigidBody
INFORMATION: Created 1f0a37c0490.
Sept. 13, 2026 4:42:58 AM com.jme3.bullet.objects.PhysicsRigidBody rebuildRigidBody
INFORMATION: Created 1f0a37c1e10.
Sept. 13, 2026 4:42:58 AM com.jme3.bullet.objects.PhysicsRigidBody rebuildRigidBody
INFORMATION: Created 1f0a37c0160.
Sept. 13, 2026 4:42:58 AM com.jme3.bullet.objects.PhysicsRigidBody rebuildRigidBody
INFORMATION: Created 1f0a37c2470.
Sept. 13, 2026 4:42:58 AM com.jme3.bullet.objects.PhysicsRigidBody rebuildRigidBody
INFORMATION: Created 1f0a37c27a0.
Sept. 13, 2026 4:42:58 AM com.jme3.bullet.objects.PhysicsRigidBody rebuildRigidBody
INFORMATION: Created 1f0a37bf170.
Sept. 13, 2026 4:42:58 AM com.jme3.bullet.objects.PhysicsRigidBody rebuildRigidBody
INFORMATION: Created 1f0a37bf4a0.
Sept. 13, 2026 4:42:58 AM com.jme3.bullet.objects.PhysicsRigidBody rebuildRigidBody
INFORMATION: Created 1f0a37bf7d0.
Sept. 13, 2026 4:42:58 AM com.jme3.bullet.objects.PhysicsRigidBody rebuildRigidBody
INFORMATION: Created 1f0a37bfb00.
Sept. 13, 2026 4:42:58 AM com.jme3.bullet.objects.PhysicsRigidBody rebuildRigidBody
INFORMATION: Created 1f0a37c07c0.
Sept. 13, 2026 4:42:58 AM com.jme3.bullet.objects.PhysicsRigidBody rebuildRigidBody
INFORMATION: Created 1f0a37c1150.
Sept. 13, 2026 4:42:58 AM com.jme3.bullet.objects.PhysicsRigidBody rebuildRigidBody
INFORMATION: Created 1f0a37c0af0.
Sept. 13, 2026 4:42:58 AM com.jme3.bullet.objects.PhysicsRigidBody rebuildRigidBody
INFORMATION: Created 1f0a37c1480.
Sept. 13, 2026 4:42:58 AM com.jme3.bullet.objects.PhysicsRigidBody rebuildRigidBody
INFORMATION: Created 1f0a37bee40.
Sept. 13, 2026 4:42:58 AM com.jme3.bullet.objects.PhysicsRigidBody rebuildRigidBody
INFORMATION: Created 1f0a37c17b0.
Sept. 13, 2026 4:42:58 AM com.jme3.bullet.objects.PhysicsRigidBody rebuildRigidBody
INFORMATION: Created 1f0a37c1ae0.
Sept. 13, 2026 4:42:58 AM com.jme3.bullet.objects.PhysicsRigidBody rebuildRigidBody
INFORMATION: Created 1f0a37beb10.
Sept. 13, 2026 4:42:58 AM com.jme3.bullet.objects.PhysicsRigidBody rebuildRigidBody
INFORMATION: Created 1f0a37c2ad0.
Sept. 13, 2026 4:42:58 AM com.jme3.bullet.objects.PhysicsRigidBody rebuildRigidBody
INFORMATION: Created 1f0a37c3460.
Sept. 13, 2026 4:42:58 AM com.jme3.bullet.objects.PhysicsRigidBody rebuildRigidBody
INFORMATION: Created 1f0a37c5770.
Sept. 13, 2026 4:42:58 AM com.jme3.bullet.objects.PhysicsRigidBody rebuildRigidBody
INFORMATION: Created 1f0a37c3790.
Sept. 13, 2026 4:42:58 AM com.jme3.bullet.objects.PhysicsRigidBody rebuildRigidBody
INFORMATION: Created 1f0a37c5aa0.
Sept. 13, 2026 4:42:58 AM com.jme3.bullet.objects.PhysicsRigidBody rebuildRigidBody
INFORMATION: Created 1f0a37c3ac0.
Sept. 13, 2026 4:42:58 AM com.jme3.bullet.objects.PhysicsRigidBody rebuildRigidBody
INFORMATION: Created 1f0a37c2e00.
Sept. 13, 2026 4:42:58 AM com.jme3.bullet.objects.PhysicsRigidBody rebuildRigidBody
INFORMATION: Created 1f0a37c6760.
Sept. 13, 2026 4:42:58 AM com.jme3.bullet.objects.PhysicsRigidBody rebuildRigidBody
INFORMATION: Created 1f0a37c6a90.
Sept. 13, 2026 4:42:58 AM com.jme3.bullet.objects.PhysicsRigidBody rebuildRigidBody
INFORMATION: Created 1f0a37c5440.
Sept. 13, 2026 4:42:58 AM com.jme3.bullet.objects.PhysicsRigidBody rebuildRigidBody
INFORMATION: Created 1f0a37c4780.
Sept. 13, 2026 4:42:58 AM com.jme3.bullet.objects.PhysicsRigidBody rebuildRigidBody
INFORMATION: Created 1f0a37c3df0.
Sept. 13, 2026 4:42:58 AM com.jme3.bullet.objects.PhysicsRigidBody rebuildRigidBody
INFORMATION: Created 1f0a37c4120.
Sept. 13, 2026 4:42:58 AM com.jme3.bullet.objects.PhysicsRigidBody rebuildRigidBody
INFORMATION: Created 1f0a37c4ab0.
Sept. 13, 2026 4:42:58 AM com.jme3.bullet.objects.PhysicsRigidBody rebuildRigidBody
INFORMATION: Created 1f0a37c4de0.
Sept. 13, 2026 4:42:58 AM com.jme3.bullet.objects.PhysicsRigidBody rebuildRigidBody
INFORMATION: Created 1f0a37c4450.
Sept. 13, 2026 4:42:58 AM com.jme3.bullet.objects.PhysicsRigidBody rebuildRigidBody
INFORMATION: Created 1f0a37c5110.
Sept. 13, 2026 4:42:58 AM com.jme3.bullet.objects.PhysicsRigidBody rebuildRigidBody
INFORMATION: Created 1f0a37c5dd0.
Sept. 13, 2026 4:42:58 AM com.jme3.bullet.objects.PhysicsRigidBody rebuildRigidBody
INFORMATION: Created 1f0a37c6100.
Sept. 13, 2026 4:42:58 AM com.jme3.bullet.objects.PhysicsRigidBody rebuildRigidBody
INFORMATION: Created 1f0a37c6430.
Sept. 13, 2026 4:42:58 AM com.jme3.bullet.objects.PhysicsRigidBody rebuildRigidBody
INFORMATION: Created 1f0a37c6dc0.
Sept. 13, 2026 4:42:58 AM com.jme3.bullet.objects.PhysicsRigidBody rebuildRigidBody
INFORMATION: Created 1f0a37c3130.
Sept. 13, 2026 4:42:58 AM com.jme3.bullet.objects.PhysicsRigidBody rebuildRigidBody
INFORMATION: Created 1f0a37caa50.
Sept. 13, 2026 4:42:58 AM com.jme3.bullet.objects.PhysicsRigidBody rebuildRigidBody
INFORMATION: Created 1f0a37cad80.
Sept. 13, 2026 4:42:58 AM com.jme3.bullet.objects.PhysicsRigidBody rebuildRigidBody
INFORMATION: Created 1f0a37c9400.
Sept. 13, 2026 4:42:58 AM com.jme3.bullet.objects.PhysicsRigidBody rebuildRigidBody
INFORMATION: Created 1f0a37c80e0.
Sept. 13, 2026 4:42:58 AM com.jme3.bullet.objects.PhysicsRigidBody rebuildRigidBody
INFORMATION: Created 1f0a37c7db0.
Sept. 13, 2026 4:42:58 AM com.jme3.bullet.objects.PhysicsRigidBody rebuildRigidBody
INFORMATION: Created 1f0a37ca3f0.
Sept. 13, 2026 4:42:58 AM com.jme3.bullet.objects.PhysicsRigidBody rebuildRigidBody
INFORMATION: Created 1f0a37c7750.
Sept. 13, 2026 4:42:58 AM com.jme3.bullet.objects.PhysicsRigidBody rebuildRigidBody
INFORMATION: Created 1f0a37c8410.
Sept. 13, 2026 4:42:58 AM com.jme3.bullet.objects.PhysicsRigidBody rebuildRigidBody
INFORMATION: Created 1f0a37c8740.
Sept. 13, 2026 4:42:58 AM com.jme3.bullet.objects.PhysicsRigidBody rebuildRigidBody
INFORMATION: Created 1f0a37c9a60.
Sept. 13, 2026 4:42:58 AM com.jme3.bullet.objects.PhysicsRigidBody rebuildRigidBody
INFORMATION: Created 1f0a37c70f0.
Sept. 13, 2026 4:42:58 AM com.jme3.bullet.objects.PhysicsRigidBody rebuildRigidBody
INFORMATION: Created 1f0a37ca0c0.
Sept. 13, 2026 4:42:58 AM com.jme3.bullet.objects.PhysicsRigidBody rebuildRigidBody
INFORMATION: Created 1f0a37c8a70.
Sept. 13, 2026 4:42:58 AM com.jme3.bullet.objects.PhysicsRigidBody rebuildRigidBody
INFORMATION: Created 1f0a37cb0b0.
Sept. 13, 2026 4:42:58 AM com.jme3.bullet.objects.PhysicsRigidBody rebuildRigidBody
INFORMATION: Created 1f0a37c7420.
Sept. 13, 2026 4:42:58 AM com.jme3.bullet.objects.PhysicsRigidBody rebuildRigidBody
INFORMATION: Created 1f0a37cb3e0.
Sept. 13, 2026 4:42:58 AM com.jme3.bullet.objects.PhysicsRigidBody rebuildRigidBody
INFORMATION: Created 1f0a37c7a80.
Sept. 13, 2026 4:42:58 AM com.jme3.bullet.objects.PhysicsRigidBody rebuildRigidBody
INFORMATION: Created 1f0a37ca720.
Sept. 13, 2026 4:42:58 AM com.jme3.bullet.objects.PhysicsRigidBody rebuildRigidBody
INFORMATION: Created 1f0a37c8da0.
Sept. 13, 2026 4:42:58 AM com.jme3.bullet.objects.PhysicsRigidBody rebuildRigidBody
INFORMATION: Created 1f0a37c90d0.
Sept. 13, 2026 4:42:58 AM com.jme3.bullet.objects.PhysicsRigidBody rebuildRigidBody
INFORMATION: Created 1f0a37c9730.
Sept. 13, 2026 4:42:58 AM com.jme3.bullet.objects.PhysicsRigidBody rebuildRigidBody
INFORMATION: Created 1f0a37c9d90.
Sept. 13, 2026 4:42:58 AM com.jme3.bullet.objects.PhysicsRigidBody rebuildRigidBody
INFORMATION: Created 1f0a37cf3a0.
Sept. 13, 2026 4:42:58 AM com.jme3.bullet.objects.PhysicsRigidBody rebuildRigidBody
INFORMATION: Created 1f0a37ce6e0.
Sept. 13, 2026 4:42:58 AM com.jme3.bullet.objects.PhysicsRigidBody rebuildRigidBody
INFORMATION: Created 1f0a37cd3c0.
Sept. 13, 2026 4:42:58 AM com.jme3.bullet.objects.PhysicsRigidBody rebuildRigidBody
INFORMATION: Created 1f0a37cd6f0.
Sept. 13, 2026 4:42:58 AM com.jme3.anim.SkinningControl controlRender
INFORMATION: Hardware skinning engaged for Scene (Node)
Sept. 13, 2026 4:42:58 AM com.jme3.anim.SkinningControl controlRender
INFORMATION: Hardware skinning engaged for Scene (Node)
Sept. 13, 2026 4:42:58 AM com.jme3.anim.SkinningControl controlRender
INFORMATION: Hardware skinning engaged for Scene (Node)
Sept. 13, 2026 4:42:58 AM com.jme3.anim.SkinningControl controlRender
INFORMATION: Hardware skinning engaged for Scene (Node)
[SMOKE] stage 28
[CHECK] Bargain preserves the king's full strength
[SMOKE] stage 29
[CHECK] Death animation reaches Game Over
[CHECK] Hero is on the floor at Game Over
Sept. 13, 2026 4:43:03 AM com.jme3.bullet.objects.PhysicsRigidBody rebuildRigidBody
INFORMATION: Created 1f0a37ce080.
Sept. 13, 2026 4:43:03 AM com.jme3.bullet.objects.PhysicsRigidBody rebuildRigidBody
INFORMATION: Created 1f0a37cda20.
Sept. 13, 2026 4:43:03 AM com.jme3.bullet.objects.PhysicsRigidBody rebuildRigidBody
INFORMATION: Created 1f0a37cea10.
Sept. 13, 2026 4:43:03 AM com.jme3.bullet.objects.PhysicsRigidBody rebuildRigidBody
INFORMATION: Created 1f0a37ce3b0.
Sept. 13, 2026 4:43:03 AM com.jme3.bullet.objects.PhysicsRigidBody rebuildRigidBody
INFORMATION: Created 1f0a37cb710.
Sept. 13, 2026 4:43:03 AM com.jme3.bullet.objects.PhysicsRigidBody rebuildRigidBody
INFORMATION: Created 1f0a37cdd50.
Sept. 13, 2026 4:43:03 AM com.jme3.bullet.objects.PhysicsRigidBody rebuildRigidBody
INFORMATION: Created 1f0a37cf6d0.
Sept. 13, 2026 4:43:03 AM com.jme3.bullet.objects.PhysicsRigidBody rebuildRigidBody
INFORMATION: Created 1f0a37ced40.
Sept. 13, 2026 4:43:03 AM com.jme3.bullet.objects.PhysicsRigidBody rebuildRigidBody
INFORMATION: Created 1f0a37ccd60.
Sept. 13, 2026 4:43:03 AM com.jme3.bullet.objects.PhysicsRigidBody rebuildRigidBody
INFORMATION: Created 1f0a37cf070.
Sept. 13, 2026 4:43:03 AM com.jme3.bullet.objects.PhysicsRigidBody rebuildRigidBody
INFORMATION: Created 1f0a37cba40.
Sept. 13, 2026 4:43:03 AM com.jme3.bullet.objects.PhysicsRigidBody rebuildRigidBody
INFORMATION: Created 1f0a37cfa00.
Sept. 13, 2026 4:43:03 AM com.jme3.bullet.objects.PhysicsRigidBody rebuildRigidBody
INFORMATION: Created 1f0a37cca30.
Sept. 13, 2026 4:43:03 AM com.jme3.bullet.objects.PhysicsRigidBody rebuildRigidBody
INFORMATION: Created 1f0a37cbd70.
Sept. 13, 2026 4:43:03 AM com.jme3.bullet.objects.PhysicsRigidBody rebuildRigidBody
INFORMATION: Created 1f0a37cc3d0.
Sept. 13, 2026 4:43:03 AM com.jme3.bullet.objects.PhysicsRigidBody rebuildRigidBody
INFORMATION: Created 1f0a37cd090.
Sept. 13, 2026 4:43:03 AM com.jme3.bullet.objects.PhysicsRigidBody rebuildRigidBody
INFORMATION: Created 1f0a37cfd30.
Sept. 13, 2026 4:43:03 AM com.jme3.bullet.objects.PhysicsRigidBody rebuildRigidBody
INFORMATION: Created 1f0a37cc0a0.
Sept. 13, 2026 4:43:03 AM com.jme3.bullet.objects.PhysicsRigidBody rebuildRigidBody
INFORMATION: Created 1f0a37d0060.
Sept. 13, 2026 4:43:03 AM com.jme3.bullet.objects.PhysicsRigidBody rebuildRigidBody
INFORMATION: Created 1f0a37d0390.
Sept. 13, 2026 4:43:03 AM com.jme3.bullet.objects.PhysicsRigidBody rebuildRigidBody
INFORMATION: Created 1f0a37cc700.
Sept. 13, 2026 4:43:03 AM com.jme3.bullet.objects.PhysicsRigidBody rebuildRigidBody
INFORMATION: Created 1f0a37d06c0.
Sept. 13, 2026 4:43:03 AM com.jme3.bullet.objects.PhysicsRigidBody rebuildRigidBody
INFORMATION: Created 1f0a37d19e0.
Sept. 13, 2026 4:43:03 AM com.jme3.bullet.objects.PhysicsRigidBody rebuildRigidBody
INFORMATION: Created 1f0a37d09f0.
Sept. 13, 2026 4:43:03 AM com.jme3.bullet.objects.PhysicsRigidBody rebuildRigidBody
INFORMATION: Created 1f0a37d0d20.
Sept. 13, 2026 4:43:03 AM com.jme3.bullet.objects.PhysicsRigidBody rebuildRigidBody
INFORMATION: Created 1f0a37d1050.
Sept. 13, 2026 4:43:03 AM com.jme3.bullet.objects.PhysicsRigidBody rebuildRigidBody
INFORMATION: Created 1f0a37d1380.
Sept. 13, 2026 4:43:03 AM com.jme3.bullet.objects.PhysicsRigidBody rebuildRigidBody
INFORMATION: Created 1f0a37d16b0.
Sept. 13, 2026 4:43:03 AM com.jme3.bullet.objects.PhysicsRigidBody rebuildRigidBody
INFORMATION: Created 1f0a37b5ba0.
Sept. 13, 2026 4:43:03 AM com.jme3.bullet.objects.PhysicsRigidBody rebuildRigidBody
INFORMATION: Created 1f0a37b4ee0.
Sept. 13, 2026 4:43:03 AM com.jme3.bullet.objects.PhysicsRigidBody rebuildRigidBody
INFORMATION: Created 1f0a37b3ef0.
Sept. 13, 2026 4:43:03 AM com.jme3.bullet.objects.PhysicsRigidBody rebuildRigidBody
INFORMATION: Created 1f0a37b1f10.
Sept. 13, 2026 4:43:03 AM com.jme3.bullet.objects.PhysicsRigidBody rebuildRigidBody
INFORMATION: Created 1f0a37b4220.
Sept. 13, 2026 4:43:03 AM com.jme3.bullet.objects.PhysicsRigidBody rebuildRigidBody
INFORMATION: Created 1f0a37b5ed0.
Sept. 13, 2026 4:43:03 AM com.jme3.bullet.objects.PhysicsRigidBody rebuildRigidBody
INFORMATION: Created 1f0a37b4bb0.
Sept. 13, 2026 4:43:03 AM com.jme3.bullet.objects.PhysicsRigidBody rebuildRigidBody
INFORMATION: Created 1f0a37b5210.
Sept. 13, 2026 4:43:03 AM com.jme3.bullet.objects.PhysicsRigidBody rebuildRigidBody
INFORMATION: Created 1f0a37b5870.
Sept. 13, 2026 4:43:03 AM com.jme3.bullet.objects.PhysicsRigidBody rebuildRigidBody
INFORMATION: Created 1f0a37b5540.
Sept. 13, 2026 4:43:03 AM com.jme3.bullet.objects.PhysicsRigidBody rebuildRigidBody
INFORMATION: Created 1f0a37b2240.
Sept. 13, 2026 4:43:03 AM com.jme3.bullet.objects.PhysicsRigidBody rebuildRigidBody
INFORMATION: Created 1f0a37b4550.
Sept. 13, 2026 4:43:03 AM com.jme3.bullet.objects.PhysicsRigidBody rebuildRigidBody
INFORMATION: Created 1f0a37b3230.
Sept. 13, 2026 4:43:03 AM com.jme3.bullet.objects.PhysicsRigidBody rebuildRigidBody
INFORMATION: Created 1f0a37b4880.
Sept. 13, 2026 4:43:03 AM com.jme3.bullet.objects.PhysicsRigidBody rebuildRigidBody
INFORMATION: Created 1f0a37b3560.
Sept. 13, 2026 4:43:03 AM com.jme3.bullet.objects.PhysicsRigidBody rebuildRigidBody
INFORMATION: Created 1f0a37b6200.
Sept. 13, 2026 4:43:03 AM com.jme3.bullet.objects.PhysicsRigidBody rebuildRigidBody
INFORMATION: Created 1f0a37b2570.
Sept. 13, 2026 4:43:03 AM com.jme3.bullet.objects.PhysicsRigidBody rebuildRigidBody
INFORMATION: Created 1f0a37b6530.
Sept. 13, 2026 4:43:03 AM com.jme3.bullet.objects.PhysicsRigidBody rebuildRigidBody
INFORMATION: Created 1f0a37b2f00.
Sept. 13, 2026 4:43:03 AM com.jme3.bullet.objects.PhysicsRigidBody rebuildRigidBody
INFORMATION: Created 1f0a37b28a0.
Sept. 13, 2026 4:43:03 AM com.jme3.bullet.objects.PhysicsRigidBody rebuildRigidBody
INFORMATION: Created 1f0a37b6860.
Sept. 13, 2026 4:43:03 AM com.jme3.bullet.objects.PhysicsRigidBody rebuildRigidBody
INFORMATION: Created 1f0a37b2bd0.
Sept. 13, 2026 4:43:03 AM com.jme3.bullet.objects.PhysicsRigidBody rebuildRigidBody
INFORMATION: Created 1f0a37b6b90.
Sept. 13, 2026 4:43:03 AM com.jme3.bullet.objects.PhysicsRigidBody rebuildRigidBody
INFORMATION: Created 1f0a37b6ec0.
Sept. 13, 2026 4:43:03 AM com.jme3.bullet.objects.PhysicsRigidBody rebuildRigidBody
INFORMATION: Created 1f0a37b71f0.
Sept. 13, 2026 4:43:03 AM com.jme3.bullet.objects.PhysicsRigidBody rebuildRigidBody
INFORMATION: Created 1f0a37b7520.
Sept. 13, 2026 4:43:03 AM com.jme3.bullet.objects.PhysicsRigidBody rebuildRigidBody
INFORMATION: Created 1f0a37b3890.
Sept. 13, 2026 4:43:03 AM com.jme3.bullet.objects.PhysicsRigidBody rebuildRigidBody
INFORMATION: Created 1f0a37b7850.
Sept. 13, 2026 4:43:03 AM com.jme3.bullet.objects.PhysicsRigidBody rebuildRigidBody
INFORMATION: Created 1f0a37b3bc0.
Sept. 13, 2026 4:43:03 AM com.jme3.bullet.objects.PhysicsRigidBody rebuildRigidBody
INFORMATION: Created 1f0a37b8b70.
Sept. 13, 2026 4:43:03 AM com.jme3.bullet.objects.PhysicsRigidBody rebuildRigidBody
INFORMATION: Created 1f0a37b8840.
Sept. 13, 2026 4:43:03 AM com.jme3.bullet.objects.PhysicsRigidBody rebuildRigidBody
INFORMATION: Created 1f0a37ba4f0.
Sept. 13, 2026 4:43:03 AM com.jme3.bullet.objects.PhysicsRigidBody rebuildRigidBody
INFORMATION: Created 1f0a37ba820.
Sept. 13, 2026 4:43:03 AM com.jme3.bullet.objects.PhysicsRigidBody rebuildRigidBody
INFORMATION: Created 1f0a37b81e0.
Sept. 13, 2026 4:43:03 AM com.jme3.bullet.objects.PhysicsRigidBody rebuildRigidBody
INFORMATION: Created 1f0a37bab50.
Sept. 13, 2026 4:43:03 AM com.jme3.bullet.objects.PhysicsRigidBody rebuildRigidBody
INFORMATION: Created 1f0a37bb1b0.
Sept. 13, 2026 4:43:03 AM com.jme3.bullet.objects.PhysicsRigidBody rebuildRigidBody
INFORMATION: Created 1f0a37b91d0.
Sept. 13, 2026 4:43:03 AM com.jme3.bullet.objects.PhysicsRigidBody rebuildRigidBody
INFORMATION: Created 1f0a37bae80.
Sept. 13, 2026 4:43:03 AM com.jme3.bullet.objects.PhysicsRigidBody rebuildRigidBody
INFORMATION: Created 1f0a37b9830.
Sept. 13, 2026 4:43:03 AM com.jme3.bullet.objects.PhysicsRigidBody rebuildRigidBody
INFORMATION: Created 1f0a37b9500.
Sept. 13, 2026 4:43:03 AM com.jme3.bullet.objects.PhysicsRigidBody rebuildRigidBody
INFORMATION: Created 1f0a37bb4e0.
Sept. 13, 2026 4:43:03 AM com.jme3.bullet.objects.PhysicsRigidBody rebuildRigidBody
INFORMATION: Created 1f0a37b8ea0.
Sept. 13, 2026 4:43:03 AM com.jme3.bullet.objects.PhysicsRigidBody rebuildRigidBody
INFORMATION: Created 1f0a37bb810.
Sept. 13, 2026 4:43:03 AM com.jme3.bullet.objects.PhysicsRigidBody rebuildRigidBody
INFORMATION: Created 1f0a37b7b80.
Sept. 13, 2026 4:43:03 AM com.jme3.bullet.objects.PhysicsRigidBody rebuildRigidBody
INFORMATION: Created 1f0a37b9b60.
Sept. 13, 2026 4:43:03 AM com.jme3.bullet.objects.PhysicsRigidBody rebuildRigidBody
INFORMATION: Created 1f0a37ba1c0.
Sept. 13, 2026 4:43:03 AM com.jme3.bullet.objects.PhysicsRigidBody rebuildRigidBody
INFORMATION: Created 1f0a37bbb40.
Sept. 13, 2026 4:43:03 AM com.jme3.bullet.objects.PhysicsRigidBody rebuildRigidBody
INFORMATION: Created 1f0a37b7eb0.
Sept. 13, 2026 4:43:03 AM com.jme3.bullet.objects.PhysicsRigidBody rebuildRigidBody
INFORMATION: Created 1f0a37b9e90.
Sept. 13, 2026 4:43:03 AM com.jme3.bullet.objects.PhysicsRigidBody rebuildRigidBody
INFORMATION: Created 1f0a37bbe70.
Sept. 13, 2026 4:43:03 AM com.jme3.bullet.objects.PhysicsRigidBody rebuildRigidBody
INFORMATION: Created 1f0a37bc1a0.
Sept. 13, 2026 4:43:03 AM com.jme3.bullet.objects.PhysicsRigidBody rebuildRigidBody
INFORMATION: Created 1f0a37b8510.
Sept. 13, 2026 4:43:03 AM com.jme3.bullet.objects.PhysicsRigidBody rebuildRigidBody
INFORMATION: Created 1f0a37bd4c0.
Sept. 13, 2026 4:43:03 AM com.jme3.bullet.objects.PhysicsRigidBody rebuildRigidBody
INFORMATION: Created 1f0a37bcb30.
Sept. 13, 2026 4:43:03 AM com.jme3.bullet.objects.PhysicsRigidBody rebuildRigidBody
INFORMATION: Created 1f0a37bc4d0.
Sept. 13, 2026 4:43:03 AM com.jme3.bullet.objects.PhysicsRigidBody rebuildRigidBody
INFORMATION: Created 1f0a37bde50.
Sept. 13, 2026 4:43:03 AM com.jme3.bullet.objects.PhysicsRigidBody rebuildRigidBody
INFORMATION: Created 1f0a37bc800.
Sept. 13, 2026 4:43:03 AM com.jme3.bullet.objects.PhysicsRigidBody rebuildRigidBody
INFORMATION: Created 1f0a37bce60.
Sept. 13, 2026 4:43:03 AM com.jme3.bullet.objects.PhysicsRigidBody rebuildRigidBody
INFORMATION: Created 1f0a37be180.
Sept. 13, 2026 4:43:03 AM com.jme3.bullet.objects.PhysicsRigidBody rebuildRigidBody
INFORMATION: Created 1f0a37bd190.
Sept. 13, 2026 4:43:03 AM com.jme3.bullet.objects.PhysicsRigidBody rebuildRigidBody
INFORMATION: Created 1f0a37bd7f0.
Sept. 13, 2026 4:43:03 AM com.jme3.bullet.objects.PhysicsRigidBody rebuildRigidBody
INFORMATION: Created 1f0a37bdb20.
Sept. 13, 2026 4:43:03 AM com.jme3.bullet.objects.PhysicsRigidBody rebuildRigidBody
INFORMATION: Created 1f0a37be4b0.
Sept. 13, 2026 4:43:03 AM com.jme3.bullet.objects.PhysicsRigidBody rebuildRigidBody
INFORMATION: Created 1f0a37be7e0.
Sept. 13, 2026 4:43:03 AM com.jme3.bullet.objects.PhysicsRigidBody rebuildRigidBody
INFORMATION: Created 1f0a7cebfa0.
Sept. 13, 2026 4:43:03 AM com.jme3.bullet.objects.PhysicsRigidBody rebuildRigidBody
INFORMATION: Created 1f0a7cedc50.
Sept. 13, 2026 4:43:03 AM com.jme3.bullet.objects.PhysicsRigidBody rebuildRigidBody
INFORMATION: Created 1f0a7cef5d0.
Sept. 13, 2026 4:43:03 AM com.jme3.bullet.objects.PhysicsRigidBody rebuildRigidBody
INFORMATION: Created 1f0a7cefc30.
Sept. 13, 2026 4:43:03 AM com.jme3.bullet.objects.PhysicsRigidBody rebuildRigidBody
INFORMATION: Created 1f0a7ceec40.
Sept. 13, 2026 4:43:03 AM com.jme3.bullet.objects.PhysicsRigidBody rebuildRigidBody
INFORMATION: Created 1f0a7ceff60.
Sept. 13, 2026 4:43:03 AM com.jme3.bullet.objects.PhysicsRigidBody rebuildRigidBody
INFORMATION: Created 1f0a7cec2d0.
Sept. 13, 2026 4:43:03 AM com.jme3.bullet.objects.PhysicsRigidBody rebuildRigidBody
INFORMATION: Created 1f0a7cee5e0.
Sept. 13, 2026 4:43:03 AM com.jme3.bullet.objects.PhysicsRigidBody rebuildRigidBody
INFORMATION: Created 1f0a7cec600.
Sept. 13, 2026 4:43:03 AM com.jme3.bullet.objects.PhysicsRigidBody rebuildRigidBody
INFORMATION: Created 1f0a7cf0290.
Sept. 13, 2026 4:43:03 AM com.jme3.bullet.objects.PhysicsRigidBody rebuildRigidBody
INFORMATION: Created 1f0a7ceef70.
Sept. 13, 2026 4:43:03 AM com.jme3.bullet.objects.PhysicsRigidBody rebuildRigidBody
INFORMATION: Created 1f0a7ced920.
Sept. 13, 2026 4:43:03 AM com.jme3.bullet.objects.PhysicsRigidBody rebuildRigidBody
INFORMATION: Created 1f0a7cee910.
Sept. 13, 2026 4:43:03 AM com.jme3.bullet.objects.PhysicsRigidBody rebuildRigidBody
INFORMATION: Created 1f0a7cedf80.
Sept. 13, 2026 4:43:03 AM com.jme3.bullet.objects.PhysicsRigidBody rebuildRigidBody
INFORMATION: Created 1f0a7cef900.
Sept. 13, 2026 4:43:03 AM com.jme3.bullet.objects.PhysicsRigidBody rebuildRigidBody
INFORMATION: Created 1f0a7cf05c0.
Sept. 13, 2026 4:43:03 AM com.jme3.bullet.objects.PhysicsRigidBody rebuildRigidBody
INFORMATION: Created 1f0a7cef2a0.
Sept. 13, 2026 4:43:03 AM com.jme3.bullet.objects.PhysicsRigidBody rebuildRigidBody
INFORMATION: Created 1f0a7cec930.
Sept. 13, 2026 4:43:03 AM com.jme3.bullet.objects.PhysicsRigidBody rebuildRigidBody
INFORMATION: Created 1f0a7cf08f0.
Sept. 13, 2026 4:43:03 AM com.jme3.bullet.objects.PhysicsRigidBody rebuildRigidBody
INFORMATION: Created 1f0a7cecc60.
Sept. 13, 2026 4:43:03 AM com.jme3.bullet.objects.PhysicsRigidBody rebuildRigidBody
INFORMATION: Created 1f0a7cf0c20.
Sept. 13, 2026 4:43:03 AM com.jme3.bullet.objects.PhysicsRigidBody rebuildRigidBody
INFORMATION: Created 1f0a7cecf90.
Sept. 13, 2026 4:43:03 AM com.jme3.bullet.objects.PhysicsRigidBody rebuildRigidBody
INFORMATION: Created 1f0a7cf0f50.
Sept. 13, 2026 4:43:03 AM com.jme3.bullet.objects.PhysicsRigidBody rebuildRigidBody
INFORMATION: Created 1f0a7ced2c0.
Sept. 13, 2026 4:43:03 AM com.jme3.bullet.objects.PhysicsRigidBody rebuildRigidBody
INFORMATION: Created 1f0a7cee2b0.
Sept. 13, 2026 4:43:03 AM com.jme3.bullet.objects.PhysicsRigidBody rebuildRigidBody
INFORMATION: Created 1f0a7cf1280.
Sept. 13, 2026 4:43:03 AM com.jme3.bullet.objects.PhysicsRigidBody rebuildRigidBody
INFORMATION: Created 1f0a7ced5f0.
Sept. 13, 2026 4:43:03 AM com.jme3.bullet.objects.PhysicsRigidBody rebuildRigidBody
INFORMATION: Created 1f0a7cf1f40.
Sept. 13, 2026 4:43:03 AM com.jme3.bullet.objects.PhysicsRigidBody rebuildRigidBody
INFORMATION: Created 1f0a7cf48b0.
Sept. 13, 2026 4:43:03 AM com.jme3.bullet.objects.PhysicsRigidBody rebuildRigidBody
INFORMATION: Created 1f0a7cf4580.
Sept. 13, 2026 4:43:03 AM com.jme3.bullet.objects.PhysicsRigidBody rebuildRigidBody
INFORMATION: Created 1f0a7cf4be0.
Sept. 13, 2026 4:43:03 AM com.jme3.bullet.objects.PhysicsRigidBody rebuildRigidBody
INFORMATION: Created 1f0a7cf2270.
Sept. 13, 2026 4:43:03 AM com.jme3.bullet.objects.PhysicsRigidBody rebuildRigidBody
INFORMATION: Created 1f0a7cf4f10.
Sept. 13, 2026 4:43:03 AM com.jme3.bullet.objects.PhysicsRigidBody rebuildRigidBody
INFORMATION: Created 1f0a7cf5240.
Sept. 13, 2026 4:43:03 AM com.jme3.bullet.objects.PhysicsRigidBody rebuildRigidBody
INFORMATION: Created 1f0a7cf2f30.
Sept. 13, 2026 4:43:03 AM com.jme3.bullet.objects.PhysicsRigidBody rebuildRigidBody
INFORMATION: Created 1f0a7cf18e0.
Sept. 13, 2026 4:43:03 AM com.jme3.bullet.objects.PhysicsRigidBody rebuildRigidBody
INFORMATION: Created 1f0a7cf15b0.
Sept. 13, 2026 4:43:03 AM com.jme3.bullet.objects.PhysicsRigidBody rebuildRigidBody
INFORMATION: Created 1f0a7cf5570.
Sept. 13, 2026 4:43:03 AM com.jme3.bullet.objects.PhysicsRigidBody rebuildRigidBody
INFORMATION: Created 1f0a7cf58a0.
Sept. 13, 2026 4:43:03 AM com.jme3.bullet.objects.PhysicsRigidBody rebuildRigidBody
INFORMATION: Created 1f0a7cf38c0.
Sept. 13, 2026 4:43:03 AM com.jme3.bullet.objects.PhysicsRigidBody rebuildRigidBody
INFORMATION: Created 1f0a7cf1c10.
Sept. 13, 2026 4:43:03 AM com.jme3.bullet.objects.PhysicsRigidBody rebuildRigidBody
INFORMATION: Created 1f0a7cf3260.
Sept. 13, 2026 4:43:03 AM com.jme3.bullet.objects.PhysicsRigidBody rebuildRigidBody
INFORMATION: Created 1f0a7cf25a0.
Sept. 13, 2026 4:43:03 AM com.jme3.bullet.objects.PhysicsRigidBody rebuildRigidBody
INFORMATION: Created 1f0a7cf5bd0.
Sept. 13, 2026 4:43:03 AM com.jme3.bullet.objects.PhysicsRigidBody rebuildRigidBody
INFORMATION: Created 1f0a7cf3590.
Sept. 13, 2026 4:43:03 AM com.jme3.bullet.objects.PhysicsRigidBody rebuildRigidBody
INFORMATION: Created 1f0a7cf6560.
Sept. 13, 2026 4:43:03 AM com.jme3.bullet.objects.PhysicsRigidBody rebuildRigidBody
INFORMATION: Created 1f0a7cf3f20.
Sept. 13, 2026 4:43:03 AM com.jme3.bullet.objects.PhysicsRigidBody rebuildRigidBody
INFORMATION: Created 1f0a7cf5f00.
Sept. 13, 2026 4:43:03 AM com.jme3.bullet.objects.PhysicsRigidBody rebuildRigidBody
INFORMATION: Created 1f0a7cf4250.
Sept. 13, 2026 4:43:03 AM com.jme3.bullet.objects.PhysicsRigidBody rebuildRigidBody
INFORMATION: Created 1f0a7cf6230.
Sept. 13, 2026 4:43:03 AM com.jme3.bullet.objects.PhysicsRigidBody rebuildRigidBody
INFORMATION: Created 1f0a7cf3bf0.
Sept. 13, 2026 4:43:03 AM com.jme3.bullet.objects.PhysicsRigidBody rebuildRigidBody
INFORMATION: Created 1f0a7cf28d0.
Sept. 13, 2026 4:43:03 AM com.jme3.bullet.objects.PhysicsRigidBody rebuildRigidBody
INFORMATION: Created 1f0a7cf6890.
Sept. 13, 2026 4:43:03 AM com.jme3.bullet.objects.PhysicsRigidBody rebuildRigidBody
INFORMATION: Created 1f0a7cf2c00.
Sept. 13, 2026 4:43:03 AM com.jme3.bullet.objects.PhysicsRigidBody rebuildRigidBody
INFORMATION: Created 1f0a7cf6bc0.
Sept. 13, 2026 4:43:03 AM com.jme3.bullet.objects.PhysicsRigidBody rebuildRigidBody
INFORMATION: Created 1f0a7cf7880.
Sept. 13, 2026 4:43:03 AM com.jme3.bullet.objects.PhysicsRigidBody rebuildRigidBody
INFORMATION: Created 1f0a7cf6ef0.
Sept. 13, 2026 4:43:03 AM com.jme3.bullet.objects.PhysicsRigidBody rebuildRigidBody
INFORMATION: Created 1f0a7cf7220.
Sept. 13, 2026 4:43:03 AM com.jme3.bullet.objects.PhysicsRigidBody rebuildRigidBody
INFORMATION: Created 1f0a7cf7550.
Sept. 13, 2026 4:43:03 AM com.jme3.bullet.objects.PhysicsRigidBody rebuildRigidBody
INFORMATION: Created 1f0a7cf7bb0.
[CHECK] Checkpoint respawn restores playable state
Sept. 13, 2026 4:43:03 AM com.jme3.anim.SkinningControl controlRender
INFORMATION: Hardware skinning engaged for Scene (Node)
Sept. 13, 2026 4:43:03 AM com.jme3.anim.SkinningControl controlRender
INFORMATION: Hardware skinning engaged for Scene (Node)
Sept. 13, 2026 4:43:03 AM com.jme3.anim.SkinningControl controlRender
INFORMATION: Hardware skinning engaged for Scene (Node)
Sept. 13, 2026 4:43:03 AM com.jme3.anim.SkinningControl controlRender
INFORMATION: Hardware skinning engaged for Scene (Node)
[SMOKE] stage 30
[CHECK] Fast mode removes the shadow pass
[GAME] Grafik: Atmosphärisch
[SMOKE] stage 31
[CHECK] High quality restores shadows before post-processing
Sept. 13, 2026 4:43:08 AM com.jme3.bullet.objects.PhysicsRigidBody rebuildRigidBody
INFORMATION: Created 1f0a7cf8210.
Sept. 13, 2026 4:43:08 AM com.jme3.bullet.objects.PhysicsRigidBody rebuildRigidBody
INFORMATION: Created 1f0a7cf8540.
Sept. 13, 2026 4:43:08 AM com.jme3.bullet.objects.PhysicsRigidBody rebuildRigidBody
INFORMATION: Created 1f0a7cfb840.
Sept. 13, 2026 4:43:08 AM com.jme3.bullet.objects.PhysicsRigidBody rebuildRigidBody
INFORMATION: Created 1f0a7cfc830.
Sept. 13, 2026 4:43:08 AM com.jme3.bullet.objects.PhysicsRigidBody rebuildRigidBody
INFORMATION: Created 1f0a7cf9b90.
Sept. 13, 2026 4:43:08 AM com.jme3.bullet.objects.PhysicsRigidBody rebuildRigidBody
INFORMATION: Created 1f0a7cfaeb0.
Sept. 13, 2026 4:43:08 AM com.jme3.bullet.objects.PhysicsRigidBody rebuildRigidBody
INFORMATION: Created 1f0a7cf8ba0.
Sept. 13, 2026 4:43:08 AM com.jme3.bullet.objects.PhysicsRigidBody rebuildRigidBody
INFORMATION: Created 1f0a7cfbea0.
Sept. 13, 2026 4:43:08 AM com.jme3.bullet.objects.PhysicsRigidBody rebuildRigidBody
INFORMATION: Created 1f0a7cf9530.
Sept. 13, 2026 4:43:08 AM com.jme3.bullet.objects.PhysicsRigidBody rebuildRigidBody
INFORMATION: Created 1f0a7cfc1d0.
Sept. 13, 2026 4:43:08 AM com.jme3.bullet.objects.PhysicsRigidBody rebuildRigidBody
INFORMATION: Created 1f0a7cfcb60.
Sept. 13, 2026 4:43:08 AM com.jme3.bullet.objects.PhysicsRigidBody rebuildRigidBody
INFORMATION: Created 1f0a7cf9ec0.
Sept. 13, 2026 4:43:08 AM com.jme3.bullet.objects.PhysicsRigidBody rebuildRigidBody
INFORMATION: Created 1f0a7cfa1f0.
Sept. 13, 2026 4:43:08 AM com.jme3.bullet.objects.PhysicsRigidBody rebuildRigidBody
INFORMATION: Created 1f0a7cfa520.
Sept. 13, 2026 4:43:08 AM com.jme3.bullet.objects.PhysicsRigidBody rebuildRigidBody
INFORMATION: Created 1f0a7cfbb70.
Sept. 13, 2026 4:43:08 AM com.jme3.bullet.objects.PhysicsRigidBody rebuildRigidBody
INFORMATION: Created 1f0a7cf8ed0.
Sept. 13, 2026 4:43:08 AM com.jme3.bullet.objects.PhysicsRigidBody rebuildRigidBody
INFORMATION: Created 1f0a7cf9860.
Sept. 13, 2026 4:43:08 AM com.jme3.bullet.objects.PhysicsRigidBody rebuildRigidBody
INFORMATION: Created 1f0a7cfb510.
Sept. 13, 2026 4:43:08 AM com.jme3.bullet.objects.PhysicsRigidBody rebuildRigidBody
INFORMATION: Created 1f0a7cfc500.
Sept. 13, 2026 4:43:08 AM com.jme3.bullet.objects.PhysicsRigidBody rebuildRigidBody
INFORMATION: Created 1f0a7cfa850.
Sept. 13, 2026 4:43:08 AM com.jme3.bullet.objects.PhysicsRigidBody rebuildRigidBody
INFORMATION: Created 1f0a7cfab80.
Sept. 13, 2026 4:43:08 AM com.jme3.bullet.objects.PhysicsRigidBody rebuildRigidBody
INFORMATION: Created 1f0a7cfb1e0.
Sept. 13, 2026 4:43:08 AM com.jme3.bullet.objects.PhysicsRigidBody rebuildRigidBody
INFORMATION: Created 1f0a7cf9200.
Sept. 13, 2026 4:43:08 AM com.jme3.bullet.objects.PhysicsRigidBody rebuildRigidBody
INFORMATION: Created 1f0a7cfe810.
Sept. 13, 2026 4:43:08 AM com.jme3.bullet.objects.PhysicsRigidBody rebuildRigidBody
INFORMATION: Created 1f0a7cff4d0.
Sept. 13, 2026 4:43:08 AM com.jme3.bullet.objects.PhysicsRigidBody rebuildRigidBody
INFORMATION: Created 1f0a7cfeb40.
Sept. 13, 2026 4:43:08 AM com.jme3.bullet.objects.PhysicsRigidBody rebuildRigidBody
INFORMATION: Created 1f0a7cffe60.
Sept. 13, 2026 4:43:08 AM com.jme3.bullet.objects.PhysicsRigidBody rebuildRigidBody
INFORMATION: Created 1f0a7cfdb50.
Sept. 13, 2026 4:43:08 AM com.jme3.bullet.objects.PhysicsRigidBody rebuildRigidBody
INFORMATION: Created 1f0a7cffb30.
Sept. 13, 2026 4:43:08 AM com.jme3.bullet.objects.PhysicsRigidBody rebuildRigidBody
INFORMATION: Created 1f0a7d004c0.
Sept. 13, 2026 4:43:08 AM com.jme3.bullet.objects.PhysicsRigidBody rebuildRigidBody
INFORMATION: Created 1f0a7cff800.
Sept. 13, 2026 4:43:08 AM com.jme3.bullet.objects.PhysicsRigidBody rebuildRigidBody
INFORMATION: Created 1f0a7d00190.
Sept. 13, 2026 4:43:08 AM com.jme3.bullet.objects.PhysicsRigidBody rebuildRigidBody
INFORMATION: Created 1f0a7d007f0.
Sept. 13, 2026 4:43:08 AM com.jme3.bullet.objects.PhysicsRigidBody rebuildRigidBody
INFORMATION: Created 1f0a7cfee70.
Sept. 13, 2026 4:43:08 AM com.jme3.bullet.objects.PhysicsRigidBody rebuildRigidBody
INFORMATION: Created 1f0a7d00b20.
Sept. 13, 2026 4:43:08 AM com.jme3.bullet.objects.PhysicsRigidBody rebuildRigidBody
INFORMATION: Created 1f0a7cfde80.
Sept. 13, 2026 4:43:08 AM com.jme3.bullet.objects.PhysicsRigidBody rebuildRigidBody
INFORMATION: Created 1f0a7cfd1c0.
Sept. 13, 2026 4:43:08 AM com.jme3.bullet.objects.PhysicsRigidBody rebuildRigidBody
INFORMATION: Created 1f0a7cff1a0.
Sept. 13, 2026 4:43:08 AM com.jme3.bullet.objects.PhysicsRigidBody rebuildRigidBody
INFORMATION: Created 1f0a7cfce90.
Sept. 13, 2026 4:43:08 AM com.jme3.bullet.objects.PhysicsRigidBody rebuildRigidBody
INFORMATION: Created 1f0a7cfe1b0.
Sept. 13, 2026 4:43:08 AM com.jme3.bullet.objects.PhysicsRigidBody rebuildRigidBody
INFORMATION: Created 1f0a7d00e50.
Sept. 13, 2026 4:43:08 AM com.jme3.bullet.objects.PhysicsRigidBody rebuildRigidBody
INFORMATION: Created 1f0a7d01180.
Sept. 13, 2026 4:43:08 AM com.jme3.bullet.objects.PhysicsRigidBody rebuildRigidBody
INFORMATION: Created 1f0a7cfe4e0.
Sept. 13, 2026 4:43:08 AM com.jme3.bullet.objects.PhysicsRigidBody rebuildRigidBody
INFORMATION: Created 1f0a7cfd4f0.
Sept. 13, 2026 4:43:08 AM com.jme3.bullet.objects.PhysicsRigidBody rebuildRigidBody
INFORMATION: Created 1f0a7d014b0.
Sept. 13, 2026 4:43:08 AM com.jme3.bullet.objects.PhysicsRigidBody rebuildRigidBody
INFORMATION: Created 1f0a7cfd820.
Sept. 13, 2026 4:43:08 AM com.jme3.bullet.objects.PhysicsRigidBody rebuildRigidBody
INFORMATION: Created 1f0a7d017e0.
Sept. 13, 2026 4:43:08 AM com.jme3.bullet.objects.PhysicsRigidBody rebuildRigidBody
INFORMATION: Created 1f0a7d04ae0.
Sept. 13, 2026 4:43:08 AM com.jme3.bullet.objects.PhysicsRigidBody rebuildRigidBody
INFORMATION: Created 1f0a7d03e20.
Sept. 13, 2026 4:43:08 AM com.jme3.bullet.objects.PhysicsRigidBody rebuildRigidBody
INFORMATION: Created 1f0a7d047b0.
Sept. 13, 2026 4:43:08 AM com.jme3.bullet.objects.PhysicsRigidBody rebuildRigidBody
INFORMATION: Created 1f0a7d01e40.
Sept. 13, 2026 4:43:08 AM com.jme3.bullet.objects.PhysicsRigidBody rebuildRigidBody
INFORMATION: Created 1f0a7d04e10.
Sept. 13, 2026 4:43:08 AM com.jme3.bullet.objects.PhysicsRigidBody rebuildRigidBody
INFORMATION: Created 1f0a7d024a0.
Sept. 13, 2026 4:43:08 AM com.jme3.bullet.objects.PhysicsRigidBody rebuildRigidBody
INFORMATION: Created 1f0a7d02170.
Sept. 13, 2026 4:43:08 AM com.jme3.bullet.objects.PhysicsRigidBody rebuildRigidBody
INFORMATION: Created 1f0a7d027d0.
Sept. 13, 2026 4:43:08 AM com.jme3.bullet.objects.PhysicsRigidBody rebuildRigidBody
INFORMATION: Created 1f0a7d02b00.
Sept. 13, 2026 4:43:08 AM com.jme3.bullet.objects.PhysicsRigidBody rebuildRigidBody
INFORMATION: Created 1f0a7d05140.
Sept. 13, 2026 4:43:08 AM com.jme3.bullet.objects.PhysicsRigidBody rebuildRigidBody
INFORMATION: Created 1f0a7d02e30.
Sept. 13, 2026 4:43:08 AM com.jme3.bullet.objects.PhysicsRigidBody rebuildRigidBody
INFORMATION: Created 1f0a7d01b10.
Sept. 13, 2026 4:43:08 AM com.jme3.bullet.objects.PhysicsRigidBody rebuildRigidBody
INFORMATION: Created 1f0a7d03160.
Sept. 13, 2026 4:43:08 AM com.jme3.bullet.objects.PhysicsRigidBody rebuildRigidBody
INFORMATION: Created 1f0a7d03490.
Sept. 13, 2026 4:43:08 AM com.jme3.bullet.objects.PhysicsRigidBody rebuildRigidBody
INFORMATION: Created 1f0a7d037c0.
Sept. 13, 2026 4:43:08 AM com.jme3.bullet.objects.PhysicsRigidBody rebuildRigidBody
INFORMATION: Created 1f0a7d03af0.
Sept. 13, 2026 4:43:08 AM com.jme3.bullet.objects.PhysicsRigidBody rebuildRigidBody
INFORMATION: Created 1f0a7d04150.
Sept. 13, 2026 4:43:08 AM com.jme3.bullet.objects.PhysicsRigidBody rebuildRigidBody
INFORMATION: Created 1f0a7d04480.
Sept. 13, 2026 4:43:08 AM com.jme3.bullet.objects.PhysicsRigidBody rebuildRigidBody
INFORMATION: Created 1f0a7d05470.
Sept. 13, 2026 4:43:08 AM com.jme3.bullet.objects.PhysicsRigidBody rebuildRigidBody
INFORMATION: Created 1f0a7d09430.
Sept. 13, 2026 4:43:08 AM com.jme3.bullet.objects.PhysicsRigidBody rebuildRigidBody
INFORMATION: Created 1f0a7d07120.
Sept. 13, 2026 4:43:08 AM com.jme3.bullet.objects.PhysicsRigidBody rebuildRigidBody
INFORMATION: Created 1f0a7d07de0.
Sept. 13, 2026 4:43:08 AM com.jme3.bullet.objects.PhysicsRigidBody rebuildRigidBody
INFORMATION: Created 1f0a7d06460.
Sept. 13, 2026 4:43:08 AM com.jme3.bullet.objects.PhysicsRigidBody rebuildRigidBody
INFORMATION: Created 1f0a7d06130.
Sept. 13, 2026 4:43:08 AM com.jme3.bullet.objects.PhysicsRigidBody rebuildRigidBody
INFORMATION: Created 1f0a7d06790.
Sept. 13, 2026 4:43:08 AM com.jme3.bullet.objects.PhysicsRigidBody rebuildRigidBody
INFORMATION: Created 1f0a7d07780.
Sept. 13, 2026 4:43:08 AM com.jme3.bullet.objects.PhysicsRigidBody rebuildRigidBody
INFORMATION: Created 1f0a7d06ac0.
Sept. 13, 2026 4:43:08 AM com.jme3.bullet.objects.PhysicsRigidBody rebuildRigidBody
INFORMATION: Created 1f0a7d06df0.
Sept. 13, 2026 4:43:08 AM com.jme3.bullet.objects.PhysicsRigidBody rebuildRigidBody
INFORMATION: Created 1f0a7d08770.
Sept. 13, 2026 4:43:08 AM com.jme3.bullet.objects.PhysicsRigidBody rebuildRigidBody
INFORMATION: Created 1f0a7d07450.
Sept. 13, 2026 4:43:08 AM com.jme3.bullet.objects.PhysicsRigidBody rebuildRigidBody
INFORMATION: Created 1f0a7d057a0.
Sept. 13, 2026 4:43:08 AM com.jme3.bullet.objects.PhysicsRigidBody rebuildRigidBody
INFORMATION: Created 1f0a7d07ab0.
Sept. 13, 2026 4:43:08 AM com.jme3.bullet.objects.PhysicsRigidBody rebuildRigidBody
INFORMATION: Created 1f0a7d08dd0.
Sept. 13, 2026 4:43:08 AM com.jme3.bullet.objects.PhysicsRigidBody rebuildRigidBody
INFORMATION: Created 1f0a7d05ad0.
Sept. 13, 2026 4:43:08 AM com.jme3.bullet.objects.PhysicsRigidBody rebuildRigidBody
INFORMATION: Created 1f0a7d09760.
Sept. 13, 2026 4:43:08 AM com.jme3.bullet.objects.PhysicsRigidBody rebuildRigidBody
INFORMATION: Created 1f0a7d08110.
Sept. 13, 2026 4:43:08 AM com.jme3.bullet.objects.PhysicsRigidBody rebuildRigidBody
INFORMATION: Created 1f0a7d08aa0.
Sept. 13, 2026 4:43:08 AM com.jme3.bullet.objects.PhysicsRigidBody rebuildRigidBody
INFORMATION: Created 1f0a7d09a90.
Sept. 13, 2026 4:43:08 AM com.jme3.bullet.objects.PhysicsRigidBody rebuildRigidBody
INFORMATION: Created 1f0a7d08440.
Sept. 13, 2026 4:43:08 AM com.jme3.bullet.objects.PhysicsRigidBody rebuildRigidBody
INFORMATION: Created 1f0a7d05e00.
Sept. 13, 2026 4:43:08 AM com.jme3.bullet.objects.PhysicsRigidBody rebuildRigidBody
INFORMATION: Created 1f0a7d0a0f0.
Sept. 13, 2026 4:43:08 AM com.jme3.bullet.objects.PhysicsRigidBody rebuildRigidBody
INFORMATION: Created 1f0a7d0a420.
Sept. 13, 2026 4:43:08 AM com.jme3.bullet.objects.PhysicsRigidBody rebuildRigidBody
INFORMATION: Created 1f0a7d0a750.
Sept. 13, 2026 4:43:08 AM com.jme3.bullet.objects.PhysicsRigidBody rebuildRigidBody
INFORMATION: Created 1f0a7d0aa80.
Sept. 13, 2026 4:43:08 AM com.jme3.bullet.objects.PhysicsRigidBody rebuildRigidBody
INFORMATION: Created 1f0a7d0adb0.
Sept. 13, 2026 4:43:08 AM com.jme3.bullet.objects.PhysicsRigidBody rebuildRigidBody
INFORMATION: Created 1f0a7d0b0e0.
Sept. 13, 2026 4:43:08 AM com.jme3.bullet.objects.PhysicsRigidBody rebuildRigidBody
INFORMATION: Created 1f0a7d0b410.
Sept. 13, 2026 4:43:08 AM com.jme3.bullet.objects.PhysicsRigidBody rebuildRigidBody
INFORMATION: Created 1f0a7d0b740.
Sept. 13, 2026 4:43:08 AM com.jme3.bullet.objects.PhysicsRigidBody rebuildRigidBody
INFORMATION: Created 1f0a7d0ba70.
Sept. 13, 2026 4:43:08 AM com.jme3.bullet.objects.PhysicsRigidBody rebuildRigidBody
INFORMATION: Created 1f002dda6f0.
Sept. 13, 2026 4:43:08 AM com.jme3.bullet.objects.PhysicsRigidBody rebuildRigidBody
INFORMATION: Created 1f002ddb3b0.
Sept. 13, 2026 4:43:08 AM com.jme3.bullet.objects.PhysicsRigidBody rebuildRigidBody
INFORMATION: Created 1f002ddb6e0.
Sept. 13, 2026 4:43:08 AM com.jme3.bullet.objects.PhysicsRigidBody rebuildRigidBody
INFORMATION: Created 1f002ddad50.
Sept. 13, 2026 4:43:08 AM com.jme3.bullet.objects.PhysicsRigidBody rebuildRigidBody
INFORMATION: Created 1f002ddcd30.
Sept. 13, 2026 4:43:08 AM com.jme3.bullet.objects.PhysicsRigidBody rebuildRigidBody
INFORMATION: Created 1f002dda090.
Sept. 13, 2026 4:43:08 AM com.jme3.bullet.objects.PhysicsRigidBody rebuildRigidBody
INFORMATION: Created 1f002dd90a0.
Sept. 13, 2026 4:43:08 AM com.jme3.bullet.objects.PhysicsRigidBody rebuildRigidBody
INFORMATION: Created 1f002ddba10.
Sept. 13, 2026 4:43:08 AM com.jme3.bullet.objects.PhysicsRigidBody rebuildRigidBody
INFORMATION: Created 1f002ddc3a0.
Sept. 13, 2026 4:43:08 AM com.jme3.bullet.objects.PhysicsRigidBody rebuildRigidBody
INFORMATION: Created 1f002dd9a30.
Sept. 13, 2026 4:43:08 AM com.jme3.bullet.objects.PhysicsRigidBody rebuildRigidBody
INFORMATION: Created 1f002ddc6d0.
Sept. 13, 2026 4:43:08 AM com.jme3.bullet.objects.PhysicsRigidBody rebuildRigidBody
INFORMATION: Created 1f002ddd060.
Sept. 13, 2026 4:43:08 AM com.jme3.bullet.objects.PhysicsRigidBody rebuildRigidBody
INFORMATION: Created 1f002dd9d60.
Sept. 13, 2026 4:43:08 AM com.jme3.bullet.objects.PhysicsRigidBody rebuildRigidBody
INFORMATION: Created 1f002ddb080.
Sept. 13, 2026 4:43:08 AM com.jme3.bullet.objects.PhysicsRigidBody rebuildRigidBody
INFORMATION: Created 1f002ddbd40.
Sept. 13, 2026 4:43:08 AM com.jme3.bullet.objects.PhysicsRigidBody rebuildRigidBody
INFORMATION: Created 1f002dda3c0.
Sept. 13, 2026 4:43:08 AM com.jme3.bullet.objects.PhysicsRigidBody rebuildRigidBody
INFORMATION: Created 1f002ddc070.
Sept. 13, 2026 4:43:08 AM com.jme3.bullet.objects.PhysicsRigidBody rebuildRigidBody
INFORMATION: Created 1f002ddca00.
Sept. 13, 2026 4:43:08 AM com.jme3.bullet.objects.PhysicsRigidBody rebuildRigidBody
INFORMATION: Created 1f002dd93d0.
Sept. 13, 2026 4:43:08 AM com.jme3.bullet.objects.PhysicsRigidBody rebuildRigidBody
INFORMATION: Created 1f002dd9700.
Sept. 13, 2026 4:43:08 AM com.jme3.bullet.objects.PhysicsRigidBody rebuildRigidBody
INFORMATION: Created 1f002ddd390.
Sept. 13, 2026 4:43:08 AM com.jme3.bullet.objects.PhysicsRigidBody rebuildRigidBody
INFORMATION: Created 1f002ddd9f0.
Sept. 13, 2026 4:43:08 AM com.jme3.bullet.objects.PhysicsRigidBody rebuildRigidBody
INFORMATION: Created 1f002ddd6c0.
Sept. 13, 2026 4:43:08 AM com.jme3.bullet.objects.PhysicsRigidBody rebuildRigidBody
INFORMATION: Created 1f002ddaa20.
Sept. 13, 2026 4:43:08 AM com.jme3.bullet.objects.PhysicsRigidBody rebuildRigidBody
INFORMATION: Created 1f002dded10.
Sept. 13, 2026 4:43:08 AM com.jme3.bullet.objects.PhysicsRigidBody rebuildRigidBody
INFORMATION: Created 1f002de1020.
Sept. 13, 2026 4:43:08 AM com.jme3.bullet.objects.PhysicsRigidBody rebuildRigidBody
INFORMATION: Created 1f002dddd20.
Sept. 13, 2026 4:43:08 AM com.jme3.bullet.objects.PhysicsRigidBody rebuildRigidBody
INFORMATION: Created 1f002de1350.
Sept. 13, 2026 4:43:08 AM com.jme3.bullet.objects.PhysicsRigidBody rebuildRigidBody
INFORMATION: Created 1f002ddf040.
Sept. 13, 2026 4:43:08 AM com.jme3.bullet.objects.PhysicsRigidBody rebuildRigidBody
INFORMATION: Created 1f002de0cf0.
Sept. 13, 2026 4:43:08 AM com.jme3.bullet.objects.PhysicsRigidBody rebuildRigidBody
INFORMATION: Created 1f002de1680.
Sept. 13, 2026 4:43:08 AM com.jme3.bullet.objects.PhysicsRigidBody rebuildRigidBody
INFORMATION: Created 1f002ddf370.
Sept. 13, 2026 4:43:08 AM com.jme3.bullet.objects.PhysicsRigidBody rebuildRigidBody
INFORMATION: Created 1f002de09c0.
Sept. 13, 2026 4:43:08 AM com.jme3.bullet.objects.PhysicsRigidBody rebuildRigidBody
INFORMATION: Created 1f002de19b0.
Sept. 13, 2026 4:43:08 AM com.jme3.bullet.objects.PhysicsRigidBody rebuildRigidBody
INFORMATION: Created 1f002de1ce0.
Sept. 13, 2026 4:43:08 AM com.jme3.bullet.objects.PhysicsRigidBody rebuildRigidBody
INFORMATION: Created 1f002dde6b0.
Sept. 13, 2026 4:43:08 AM com.jme3.bullet.objects.PhysicsRigidBody rebuildRigidBody
INFORMATION: Created 1f002dde9e0.
Sept. 13, 2026 4:43:08 AM com.jme3.bullet.objects.PhysicsRigidBody rebuildRigidBody
INFORMATION: Created 1f002dde380.
Sept. 13, 2026 4:43:08 AM com.jme3.bullet.objects.PhysicsRigidBody rebuildRigidBody
INFORMATION: Created 1f002dde050.
Sept. 13, 2026 4:43:08 AM com.jme3.bullet.objects.PhysicsRigidBody rebuildRigidBody
INFORMATION: Created 1f002de0030.
Sept. 13, 2026 4:43:08 AM com.jme3.bullet.objects.PhysicsRigidBody rebuildRigidBody
INFORMATION: Created 1f002de3330.
Sept. 13, 2026 4:43:08 AM com.jme3.bullet.objects.PhysicsRigidBody rebuildRigidBody
INFORMATION: Created 1f002de2010.
Sept. 13, 2026 4:43:08 AM com.jme3.bullet.objects.PhysicsRigidBody rebuildRigidBody
INFORMATION: Created 1f002de3000.
Sept. 13, 2026 4:43:08 AM com.jme3.bullet.objects.PhysicsRigidBody rebuildRigidBody
INFORMATION: Created 1f002ddf6a0.
Sept. 13, 2026 4:43:08 AM com.jme3.bullet.objects.PhysicsRigidBody rebuildRigidBody
INFORMATION: Created 1f002de2670.
Sept. 13, 2026 4:43:08 AM com.jme3.bullet.objects.PhysicsRigidBody rebuildRigidBody
INFORMATION: Created 1f002de2340.
Sept. 13, 2026 4:43:08 AM com.jme3.bullet.objects.PhysicsRigidBody rebuildRigidBody
INFORMATION: Created 1f002de29a0.
Sept. 13, 2026 4:43:08 AM com.jme3.bullet.objects.PhysicsRigidBody rebuildRigidBody
INFORMATION: Created 1f002de2cd0.
Sept. 13, 2026 4:43:08 AM com.jme3.bullet.objects.PhysicsRigidBody rebuildRigidBody
INFORMATION: Created 1f002de3660.
Sept. 13, 2026 4:43:08 AM com.jme3.bullet.objects.PhysicsRigidBody rebuildRigidBody
INFORMATION: Created 1f002ddf9d0.
Sept. 13, 2026 4:43:08 AM com.jme3.bullet.objects.PhysicsRigidBody rebuildRigidBody
INFORMATION: Created 1f002de3990.
Sept. 13, 2026 4:43:08 AM com.jme3.bullet.objects.PhysicsRigidBody rebuildRigidBody
INFORMATION: Created 1f002ddfd00.
Sept. 13, 2026 4:43:08 AM com.jme3.bullet.objects.PhysicsRigidBody rebuildRigidBody
INFORMATION: Created 1f002de3cc0.
Sept. 13, 2026 4:43:08 AM com.jme3.bullet.objects.PhysicsRigidBody rebuildRigidBody
INFORMATION: Created 1f002de3ff0.
Sept. 13, 2026 4:43:08 AM com.jme3.bullet.objects.PhysicsRigidBody rebuildRigidBody
INFORMATION: Created 1f002de0360.
Sept. 13, 2026 4:43:08 AM com.jme3.bullet.objects.PhysicsRigidBody rebuildRigidBody
INFORMATION: Created 1f002de4320.
[GAME] Willkommen im Ödland. Folge dem Feuer zu Mira. [E]
[GAME] Goblin besiegt  +35 EP  +8 Gold
[GAME] Goblin besiegt  +35 EP  +8 Gold
Sept. 13, 2026 4:43:08 AM com.jme3.anim.SkinningControl controlRender
INFORMATION: Hardware skinning engaged for Scene (Node)
Sept. 13, 2026 4:43:08 AM com.jme3.anim.SkinningControl controlRender
INFORMATION: Hardware skinning engaged for Scene (Node)
Sept. 13, 2026 4:43:08 AM com.jme3.anim.SkinningControl controlRender
INFORMATION: Hardware skinning engaged for Scene (Node)
Sept. 13, 2026 4:43:08 AM com.jme3.anim.SkinningControl controlRender
INFORMATION: Hardware skinning engaged for Scene (Node)
[SMOKE] stage 32
[CHECK] Trap fires when the player comes near
[CHECK] Trap does not reach a player who stopped short of it
[GAME] Dornengang  -  die Klingen fahren aus!
[SMOKE] stage 33
[CHECK] Re-armed trap catches a player standing on it
[SMOKE] stage 34
