[INFO] Scanning for projects...
[INFO] 
[INFO] ----------------------< de.pentagon:aschensiegel >----------------------
[INFO] Building Pentagon: Das Aschensiegel 1.0.0
[INFO]   from pom.xml
[INFO] --------------------------------[ jar ]---------------------------------
[INFO] 
[INFO] --- resources:3.3.1:resources (default-resources) @ aschensiegel ---
[INFO] Copying 67 resources from src\main\resources to target\classes
[INFO] 
[INFO] --- compiler:3.14.0:compile (default-compile) @ aschensiegel ---
[INFO] Recompiling the module because of changed source code.
[INFO] Compiling 33 source files with javac [debug release 17] to target\classes
[INFO] /C:/Users/kkfre/Daten/IdeaProjects/PentagonQuestRemastered/src/main/java/de/pentagon/assets/CharacterFactory.java: Einige Eingabedateien verwenden oder überschreiben eine veraltete API.
[INFO] /C:/Users/kkfre/Daten/IdeaProjects/PentagonQuestRemastered/src/main/java/de/pentagon/assets/CharacterFactory.java: Wiederholen Sie die Kompilierung mit -Xlint:deprecation, um Details zu erhalten.
[INFO] 
[INFO] --- resources:3.3.1:testResources (default-testResources) @ aschensiegel ---
[INFO] skip non existing resourceDirectory C:\Users\kkfre\Daten\IdeaProjects\PentagonQuestRemastered\src\test\resources
[INFO] 
[INFO] --- compiler:3.14.0:testCompile (default-testCompile) @ aschensiegel ---
[INFO] Recompiling the module because of changed dependency.
[INFO] Compiling 6 source files with javac [debug release 17] to target\test-classes
[INFO] 
[INFO] --- surefire:3.5.3:test (default-test) @ aschensiegel ---
[INFO] Using auto detected provider org.apache.maven.surefire.junitplatform.JUnitPlatformProvider
[INFO] 
[INFO] -------------------------------------------------------
[INFO]  T E S T S
[INFO] -------------------------------------------------------
[INFO] Running de.pentagon.AssetTest
[INFO] Tests run: 11, Failures: 0, Errors: 0, Skipped: 0, Time elapsed: 5.524 s -- in de.pentagon.AssetTest
[INFO] Running de.pentagon.CampaignTest
[INFO] Tests run: 12, Failures: 0, Errors: 0, Skipped: 0, Time elapsed: 0.154 s -- in de.pentagon.CampaignTest
[INFO] Running de.pentagon.CombatTest
[INFO] Tests run: 9, Failures: 0, Errors: 0, Skipped: 0, Time elapsed: 0.026 s -- in de.pentagon.CombatTest
[INFO] Running de.pentagon.ProgressionTest
[INFO] Tests run: 8, Failures: 0, Errors: 0, Skipped: 0, Time elapsed: 0.019 s -- in de.pentagon.ProgressionTest
[INFO] Running de.pentagon.SaveTest
[INFO] Tests run: 7, Failures: 0, Errors: 0, Skipped: 0, Time elapsed: 0.343 s -- in de.pentagon.SaveTest
[INFO] Running de.pentagon.SettingsTest
[INFO] Tests run: 8, Failures: 0, Errors: 0, Skipped: 0, Time elapsed: 0.079 s -- in de.pentagon.SettingsTest
[INFO] 
[INFO] Results:
[INFO] 
[INFO] Tests run: 55, Failures: 0, Errors: 0, Skipped: 0
[INFO] 
[INFO] 
[INFO] --- jar:3.4.1:jar (default-jar) @ aschensiegel ---
[INFO] Building jar: C:\Users\kkfre\Daten\IdeaProjects\PentagonQuestRemastered\target\aschensiegel-1.0.0.jar
[INFO] 
[INFO] --- shade:3.6.0:shade (default) @ aschensiegel ---
[INFO] Including org.jmonkeyengine:jme3-core:jar:3.8.1-stable in the shaded jar.
[INFO] Including org.jmonkeyengine:jme3-desktop:jar:3.8.1-stable in the shaded jar.
[INFO] Including org.jmonkeyengine:jme3-lwjgl3:jar:3.8.1-stable in the shaded jar.
[INFO] Including org.lwjglx:lwjgl3-awt:jar:0.2.3 in the shaded jar.
[INFO] Including org.lwjgl:lwjgl:jar:3.3.6 in the shaded jar.
[INFO] Including org.lwjgl:lwjgl-glfw:jar:3.3.6 in the shaded jar.
[INFO] Including org.lwjgl:lwjgl-jawt:jar:3.3.6 in the shaded jar.
[INFO] Including org.lwjgl:lwjgl-jemalloc:jar:3.3.6 in the shaded jar.
[INFO] Including org.lwjgl:lwjgl-openal:jar:3.3.6 in the shaded jar.
[INFO] Including org.lwjgl:lwjgl-opencl:jar:3.3.6 in the shaded jar.
[INFO] Including org.lwjgl:lwjgl-opengl:jar:3.3.6 in the shaded jar.
[INFO] Including org.lwjgl:lwjgl:jar:natives-windows:3.3.6 in the shaded jar.
[INFO] Including org.lwjgl:lwjgl:jar:natives-windows-x86:3.3.6 in the shaded jar.
[INFO] Including org.lwjgl:lwjgl:jar:natives-linux:3.3.6 in the shaded jar.
[INFO] Including org.lwjgl:lwjgl:jar:natives-linux-arm32:3.3.6 in the shaded jar.
[INFO] Including org.lwjgl:lwjgl:jar:natives-linux-arm64:3.3.6 in the shaded jar.
[INFO] Including org.lwjgl:lwjgl:jar:natives-macos:3.3.6 in the shaded jar.
[INFO] Including org.lwjgl:lwjgl:jar:natives-macos-arm64:3.3.6 in the shaded jar.
[INFO] Including org.lwjgl:lwjgl-glfw:jar:natives-windows:3.3.6 in the shaded jar.
[INFO] Including org.lwjgl:lwjgl-glfw:jar:natives-windows-x86:3.3.6 in the shaded jar.
[INFO] Including org.lwjgl:lwjgl-glfw:jar:natives-linux:3.3.6 in the shaded jar.
[INFO] Including org.lwjgl:lwjgl-glfw:jar:natives-linux-arm32:3.3.6 in the shaded jar.
[INFO] Including org.lwjgl:lwjgl-glfw:jar:natives-linux-arm64:3.3.6 in the shaded jar.
[INFO] Including org.lwjgl:lwjgl-glfw:jar:natives-macos:3.3.6 in the shaded jar.
[INFO] Including org.lwjgl:lwjgl-glfw:jar:natives-macos-arm64:3.3.6 in the shaded jar.
[INFO] Including org.lwjgl:lwjgl-jemalloc:jar:natives-windows:3.3.6 in the shaded jar.
[INFO] Including org.lwjgl:lwjgl-jemalloc:jar:natives-windows-x86:3.3.6 in the shaded jar.
[INFO] Including org.lwjgl:lwjgl-jemalloc:jar:natives-linux:3.3.6 in the shaded jar.
[INFO] Including org.lwjgl:lwjgl-jemalloc:jar:natives-linux-arm32:3.3.6 in the shaded jar.
[INFO] Including org.lwjgl:lwjgl-jemalloc:jar:natives-linux-arm64:3.3.6 in the shaded jar.
[INFO] Including org.lwjgl:lwjgl-jemalloc:jar:natives-macos:3.3.6 in the shaded jar.
[INFO] Including org.lwjgl:lwjgl-jemalloc:jar:natives-macos-arm64:3.3.6 in the shaded jar.
[INFO] Including org.lwjgl:lwjgl-opengl:jar:natives-windows:3.3.6 in the shaded jar.
[INFO] Including org.lwjgl:lwjgl-opengl:jar:natives-windows-x86:3.3.6 in the shaded jar.
[INFO] Including org.lwjgl:lwjgl-opengl:jar:natives-linux:3.3.6 in the shaded jar.
[INFO] Including org.lwjgl:lwjgl-opengl:jar:natives-linux-arm32:3.3.6 in the shaded jar.
[INFO] Including org.lwjgl:lwjgl-opengl:jar:natives-linux-arm64:3.3.6 in the shaded jar.
[INFO] Including org.lwjgl:lwjgl-opengl:jar:natives-macos:3.3.6 in the shaded jar.
[INFO] Including org.lwjgl:lwjgl-opengl:jar:natives-macos-arm64:3.3.6 in the shaded jar.
[INFO] Including org.lwjgl:lwjgl-openal:jar:natives-windows:3.3.6 in the shaded jar.
[INFO] Including org.lwjgl:lwjgl-openal:jar:natives-windows-x86:3.3.6 in the shaded jar.
[INFO] Including org.lwjgl:lwjgl-openal:jar:natives-linux:3.3.6 in the shaded jar.
[INFO] Including org.lwjgl:lwjgl-openal:jar:natives-linux-arm32:3.3.6 in the shaded jar.
[INFO] Including org.lwjgl:lwjgl-openal:jar:natives-linux-arm64:3.3.6 in the shaded jar.
[INFO] Including org.lwjgl:lwjgl-openal:jar:natives-macos:3.3.6 in the shaded jar.
[INFO] Including org.lwjgl:lwjgl-openal:jar:natives-macos-arm64:3.3.6 in the shaded jar.
[INFO] Including org.jmonkeyengine:jme3-effects:jar:3.8.1-stable in the shaded jar.
[INFO] Including org.jmonkeyengine:jme3-plugins:jar:3.8.1-stable in the shaded jar.
[INFO] Including org.jmonkeyengine:jme3-plugins-json:jar:3.8.1-stable in the shaded jar.
[INFO] Including org.jmonkeyengine:jme3-plugins-json-gson:jar:3.8.1-stable in the shaded jar.
[INFO] Including org.jmonkeyengine:jme3-jogg:jar:3.8.1-stable in the shaded jar.
[INFO] Including com.github.stephengold:j-ogg-vorbis:jar:1.0.6 in the shaded jar.
[INFO] Including com.github.stephengold:Minie:jar:9.0.3 in the shaded jar.
[INFO] Including com.github.stephengold:Heart:jar:9.2.0 in the shaded jar.
[INFO] Including com.simsilica:sim-math:jar:1.6.0 in the shaded jar.
[INFO] Including org.slf4j:slf4j-api:jar:1.7.32 in the shaded jar.
[INFO] Including org.jmonkeyengine:jme3-terrain:jar:3.8.1-stable in the shaded jar.
[INFO] Including com.github.stephengold:Libbulletjme-Linux64:jar:SpRelease:22.0.3 in the shaded jar.
[INFO] Including com.github.stephengold:Libbulletjme-Linux_ARM32hf:jar:SpRelease:22.0.3 in the shaded jar.
[INFO] Including com.github.stephengold:Libbulletjme-Linux_ARM64:jar:SpRelease:22.0.3 in the shaded jar.
[INFO] Including com.github.stephengold:Libbulletjme-MacOSX64:jar:SpRelease:22.0.3 in the shaded jar.
[INFO] Including com.github.stephengold:Libbulletjme-MacOSX_ARM64:jar:SpRelease:22.0.3 in the shaded jar.
[INFO] Including com.github.stephengold:Libbulletjme-Windows64:jar:SpRelease:22.0.3 in the shaded jar.
[INFO] Including com.google.code.gson:gson:jar:2.13.1 in the shaded jar.
[INFO] Including com.google.errorprone:error_prone_annotations:jar:2.38.0 in the shaded jar.
[WARNING] lwjgl-openal-3.3.6-natives-macos.jar, lwjgl-openal-3.3.6.jar define 1 overlapping resource: 
[WARNING]   - META-INF/macos/x64/org/lwjgl/openal/libopenal.dylib.sha1
[WARNING] lwjgl-jemalloc-3.3.6-natives-linux.jar, lwjgl-jemalloc-3.3.6.jar define 1 overlapping resource: 
[WARNING]   - META-INF/linux/x64/org/lwjgl/jemalloc/libjemalloc.so.sha1
[WARNING] lwjgl-openal-3.3.6-natives-linux-arm64.jar, lwjgl-openal-3.3.6.jar define 1 overlapping resource: 
[WARNING]   - META-INF/linux/arm64/org/lwjgl/openal/libopenal.so.sha1
[WARNING] lwjgl-opengl-3.3.6-natives-linux-arm64.jar, lwjgl-opengl-3.3.6.jar define 1 overlapping resource: 
[WARNING]   - META-INF/linux/arm64/org/lwjgl/opengl/liblwjgl_opengl.so.sha1
[WARNING] lwjgl-3.3.6-natives-macos.jar, lwjgl-3.3.6.jar define 1 overlapping resource: 
[WARNING]   - META-INF/macos/x64/org/lwjgl/liblwjgl.dylib.sha1
[WARNING] lwjgl-opengl-3.3.6-natives-macos.jar, lwjgl-opengl-3.3.6.jar define 1 overlapping resource: 
[WARNING]   - META-INF/macos/x64/org/lwjgl/opengl/liblwjgl_opengl.dylib.sha1
[WARNING] lwjgl-3.3.6-natives-linux-arm64.jar, lwjgl-3.3.6.jar define 1 overlapping resource: 
[WARNING]   - META-INF/linux/arm64/org/lwjgl/liblwjgl.so.sha1
[WARNING] lwjgl-jemalloc-3.3.6-natives-macos-arm64.jar, lwjgl-jemalloc-3.3.6.jar define 1 overlapping resource: 
[WARNING]   - META-INF/macos/arm64/org/lwjgl/jemalloc/libjemalloc.dylib.sha1
[WARNING] lwjgl-glfw-3.3.6-natives-linux.jar, lwjgl-glfw-3.3.6.jar define 1 overlapping resource: 
[WARNING]   - META-INF/linux/x64/org/lwjgl/glfw/libglfw.so.sha1
[WARNING] lwjgl-jemalloc-3.3.6-natives-windows-x86.jar, lwjgl-jemalloc-3.3.6.jar define 1 overlapping resource: 
[WARNING]   - META-INF/windows/x86/org/lwjgl/jemalloc/jemalloc.dll.sha1
[WARNING] lwjgl-opengl-3.3.6-natives-linux-arm32.jar, lwjgl-opengl-3.3.6.jar define 1 overlapping resource: 
[WARNING]   - META-INF/linux/arm32/org/lwjgl/opengl/liblwjgl_opengl.so.sha1
[WARNING] lwjgl-glfw-3.3.6-natives-windows.jar, lwjgl-glfw-3.3.6.jar define 1 overlapping resource: 
[WARNING]   - META-INF/windows/x64/org/lwjgl/glfw/glfw.dll.sha1
[WARNING] lwjgl-openal-3.3.6-natives-windows.jar, lwjgl-openal-3.3.6.jar define 1 overlapping resource: 
[WARNING]   - META-INF/windows/x64/org/lwjgl/openal/OpenAL.dll.sha1
[WARNING] lwjgl-openal-3.3.6-natives-windows-x86.jar, lwjgl-openal-3.3.6.jar define 1 overlapping resource: 
[WARNING]   - META-INF/windows/x86/org/lwjgl/openal/OpenAL.dll.sha1
[WARNING] lwjgl-openal-3.3.6-natives-linux.jar, lwjgl-openal-3.3.6.jar define 1 overlapping resource: 
[WARNING]   - META-INF/linux/x64/org/lwjgl/openal/libopenal.so.sha1
[WARNING] lwjgl-opengl-3.3.6-natives-windows-x86.jar, lwjgl-opengl-3.3.6.jar define 1 overlapping resource: 
[WARNING]   - META-INF/windows/x86/org/lwjgl/opengl/lwjgl_opengl.dll.sha1
[WARNING] lwjgl-3.3.6-natives-windows.jar, lwjgl-3.3.6.jar define 1 overlapping resource: 
[WARNING]   - META-INF/windows/x64/org/lwjgl/lwjgl.dll.sha1
[WARNING] lwjgl-jemalloc-3.3.6-natives-linux-arm64.jar, lwjgl-jemalloc-3.3.6.jar define 1 overlapping resource: 
[WARNING]   - META-INF/linux/arm64/org/lwjgl/jemalloc/libjemalloc.so.sha1
[WARNING] lwjgl-jemalloc-3.3.6-natives-windows.jar, lwjgl-jemalloc-3.3.6.jar define 1 overlapping resource: 
[WARNING]   - META-INF/windows/x64/org/lwjgl/jemalloc/jemalloc.dll.sha1
[WARNING] lwjgl-glfw-3.3.6-natives-linux-arm32.jar, lwjgl-glfw-3.3.6.jar define 1 overlapping resource: 
[WARNING]   - META-INF/linux/arm32/org/lwjgl/glfw/libglfw.so.sha1
[WARNING] lwjgl-3.3.6-natives-linux-arm32.jar, lwjgl-3.3.6-natives-linux-arm64.jar, lwjgl-3.3.6-natives-linux.jar, lwjgl-3.3.6-natives-macos-arm64.jar, lwjgl-3.3.6-natives-macos.jar, lwjgl-3.3.6-natives-windows-x86.jar, lwjgl-3.3.6-natives-windows.jar, lwjgl-3.3.6.jar, lwjgl-glfw-3.3.6-natives-linux-arm32.jar, lwjgl-glfw-3.3.6-natives-linux-arm64.jar, lwjgl-glfw-3.3.6-natives-linux.jar, lwjgl-glfw-3.3.6-natives-macos-arm64.jar, lwjgl-glfw-3.3.6-natives-macos.jar, lwjgl-glfw-3.3.6-natives-windows-x86.jar, lwjgl-glfw-3.3.6-natives-windows.jar, lwjgl-glfw-3.3.6.jar, lwjgl-jawt-3.3.6.jar, lwjgl-jemalloc-3.3.6-natives-linux-arm32.jar, lwjgl-jemalloc-3.3.6-natives-linux-arm64.jar, lwjgl-jemalloc-3.3.6-natives-linux.jar, lwjgl-jemalloc-3.3.6-natives-macos-arm64.jar, lwjgl-jemalloc-3.3.6-natives-macos.jar, lwjgl-jemalloc-3.3.6-natives-windows-x86.jar, lwjgl-jemalloc-3.3.6-natives-windows.jar, lwjgl-jemalloc-3.3.6.jar, lwjgl-openal-3.3.6-natives-linux-arm32.jar, lwjgl-openal-3.3.6-natives-linux-arm64.jar, lwjgl-openal-3.3.6-natives-linux.jar, lwjgl-openal-3.3.6-natives-macos-arm64.jar, lwjgl-openal-3.3.6-natives-macos.jar, lwjgl-openal-3.3.6-natives-windows-x86.jar, lwjgl-openal-3.3.6-natives-windows.jar, lwjgl-openal-3.3.6.jar, lwjgl-opencl-3.3.6.jar, lwjgl-opengl-3.3.6-natives-linux-arm32.jar, lwjgl-opengl-3.3.6-natives-linux-arm64.jar, lwjgl-opengl-3.3.6-natives-linux.jar, lwjgl-opengl-3.3.6-natives-macos-arm64.jar, lwjgl-opengl-3.3.6-natives-macos.jar, lwjgl-opengl-3.3.6-natives-windows-x86.jar, lwjgl-opengl-3.3.6-natives-windows.jar, lwjgl-opengl-3.3.6.jar define 1 overlapping classes: 
[WARNING]   - META-INF.versions.11.module-info
[WARNING] lwjgl-opengl-3.3.6-natives-linux.jar, lwjgl-opengl-3.3.6.jar define 1 overlapping resource: 
[WARNING]   - META-INF/linux/x64/org/lwjgl/opengl/liblwjgl_opengl.so.sha1
[WARNING] lwjgl-openal-3.3.6-natives-linux-arm32.jar, lwjgl-openal-3.3.6.jar define 1 overlapping resource: 
[WARNING]   - META-INF/linux/arm32/org/lwjgl/openal/libopenal.so.sha1
[WARNING] lwjgl-glfw-3.3.6-natives-windows-x86.jar, lwjgl-glfw-3.3.6.jar define 1 overlapping resource: 
[WARNING]   - META-INF/windows/x86/org/lwjgl/glfw/glfw.dll.sha1
[WARNING] lwjgl-3.3.6-natives-linux-arm32.jar, lwjgl-3.3.6.jar define 1 overlapping resource: 
[WARNING]   - META-INF/linux/arm32/org/lwjgl/liblwjgl.so.sha1
[WARNING] lwjgl-glfw-3.3.6-natives-macos-arm64.jar, lwjgl-glfw-3.3.6.jar define 2 overlapping resources: 
[WARNING]   - META-INF/macos/arm64/org/lwjgl/glfw/libglfw.dylib.sha1
[WARNING]   - META-INF/macos/arm64/org/lwjgl/glfw/libglfw_async.dylib.sha1
[WARNING] Heart-9.2.0.jar, Libbulletjme-Linux64-22.0.3-SpRelease.jar, Libbulletjme-Linux_ARM32hf-22.0.3-SpRelease.jar, Libbulletjme-Linux_ARM64-22.0.3-SpRelease.jar, Libbulletjme-MacOSX64-22.0.3-SpRelease.jar, Libbulletjme-MacOSX_ARM64-22.0.3-SpRelease.jar, Libbulletjme-Windows64-22.0.3-SpRelease.jar, Minie-9.0.3.jar, aschensiegel-1.0.0.jar, error_prone_annotations-2.38.0.jar, gson-2.13.1.jar, j-ogg-vorbis-1.0.6.jar, jme3-core-3.8.1-stable.jar, jme3-desktop-3.8.1-stable.jar, jme3-effects-3.8.1-stable.jar, jme3-jogg-3.8.1-stable.jar, jme3-lwjgl3-3.8.1-stable.jar, jme3-plugins-3.8.1-stable.jar, jme3-plugins-json-3.8.1-stable.jar, jme3-plugins-json-gson-3.8.1-stable.jar, jme3-terrain-3.8.1-stable.jar, lwjgl-3.3.6-natives-linux-arm32.jar, lwjgl-3.3.6-natives-linux-arm64.jar, lwjgl-3.3.6-natives-linux.jar, lwjgl-3.3.6-natives-macos-arm64.jar, lwjgl-3.3.6-natives-macos.jar, lwjgl-3.3.6-natives-windows-x86.jar, lwjgl-3.3.6-natives-windows.jar, lwjgl-3.3.6.jar, lwjgl-glfw-3.3.6-natives-linux-arm32.jar, lwjgl-glfw-3.3.6-natives-linux-arm64.jar, lwjgl-glfw-3.3.6-natives-linux.jar, lwjgl-glfw-3.3.6-natives-macos-arm64.jar, lwjgl-glfw-3.3.6-natives-macos.jar, lwjgl-glfw-3.3.6-natives-windows-x86.jar, lwjgl-glfw-3.3.6-natives-windows.jar, lwjgl-glfw-3.3.6.jar, lwjgl-jawt-3.3.6.jar, lwjgl-jemalloc-3.3.6-natives-linux-arm32.jar, lwjgl-jemalloc-3.3.6-natives-linux-arm64.jar, lwjgl-jemalloc-3.3.6-natives-linux.jar, lwjgl-jemalloc-3.3.6-natives-macos-arm64.jar, lwjgl-jemalloc-3.3.6-natives-macos.jar, lwjgl-jemalloc-3.3.6-natives-windows-x86.jar, lwjgl-jemalloc-3.3.6-natives-windows.jar, lwjgl-jemalloc-3.3.6.jar, lwjgl-openal-3.3.6-natives-linux-arm32.jar, lwjgl-openal-3.3.6-natives-linux-arm64.jar, lwjgl-openal-3.3.6-natives-linux.jar, lwjgl-openal-3.3.6-natives-macos-arm64.jar, lwjgl-openal-3.3.6-natives-macos.jar, lwjgl-openal-3.3.6-natives-windows-x86.jar, lwjgl-openal-3.3.6-natives-windows.jar, lwjgl-openal-3.3.6.jar, lwjgl-opencl-3.3.6.jar, lwjgl-opengl-3.3.6-natives-linux-arm32.jar, lwjgl-opengl-3.3.6-natives-linux-arm64.jar, lwjgl-opengl-3.3.6-natives-linux.jar, lwjgl-opengl-3.3.6-natives-macos-arm64.jar, lwjgl-opengl-3.3.6-natives-macos.jar, lwjgl-opengl-3.3.6-natives-windows-x86.jar, lwjgl-opengl-3.3.6-natives-windows.jar, lwjgl-opengl-3.3.6.jar, lwjgl3-awt-0.2.3.jar, sim-math-1.6.0.jar, slf4j-api-1.7.32.jar define 1 overlapping resource: 
[WARNING]   - META-INF/MANIFEST.MF
[WARNING] error_prone_annotations-2.38.0.jar, gson-2.13.1.jar define 1 overlapping classes: 
[WARNING]   - META-INF.versions.9.module-info
[WARNING] lwjgl-opengl-3.3.6-natives-windows.jar, lwjgl-opengl-3.3.6.jar define 1 overlapping resource: 
[WARNING]   - META-INF/windows/x64/org/lwjgl/opengl/lwjgl_opengl.dll.sha1
[WARNING] lwjgl-glfw-3.3.6-natives-macos.jar, lwjgl-glfw-3.3.6.jar define 2 overlapping resources: 
[WARNING]   - META-INF/macos/x64/org/lwjgl/glfw/libglfw.dylib.sha1
[WARNING]   - META-INF/macos/x64/org/lwjgl/glfw/libglfw_async.dylib.sha1
[WARNING] lwjgl-3.3.6-natives-linux.jar, lwjgl-3.3.6.jar define 1 overlapping resource: 
[WARNING]   - META-INF/linux/x64/org/lwjgl/liblwjgl.so.sha1
[WARNING] lwjgl-opengl-3.3.6-natives-macos-arm64.jar, lwjgl-opengl-3.3.6.jar define 1 overlapping resource: 
[WARNING]   - META-INF/macos/arm64/org/lwjgl/opengl/liblwjgl_opengl.dylib.sha1
[WARNING] lwjgl-openal-3.3.6-natives-macos-arm64.jar, lwjgl-openal-3.3.6.jar define 1 overlapping resource: 
[WARNING]   - META-INF/macos/arm64/org/lwjgl/openal/libopenal.dylib.sha1
[WARNING] lwjgl-jemalloc-3.3.6-natives-macos.jar, lwjgl-jemalloc-3.3.6.jar define 1 overlapping resource: 
[WARNING]   - META-INF/macos/x64/org/lwjgl/jemalloc/libjemalloc.dylib.sha1
[WARNING] lwjgl-jemalloc-3.3.6-natives-linux-arm32.jar, lwjgl-jemalloc-3.3.6.jar define 1 overlapping resource: 
[WARNING]   - META-INF/linux/arm32/org/lwjgl/jemalloc/libjemalloc.so.sha1
[WARNING] lwjgl-3.3.6-natives-macos-arm64.jar, lwjgl-3.3.6.jar define 1 overlapping resource: 
[WARNING]   - META-INF/macos/arm64/org/lwjgl/liblwjgl.dylib.sha1
[WARNING] lwjgl-3.3.6-natives-windows-x86.jar, lwjgl-3.3.6.jar define 1 overlapping resource: 
[WARNING]   - META-INF/windows/x86/org/lwjgl/lwjgl.dll.sha1
[WARNING] lwjgl-glfw-3.3.6-natives-linux-arm64.jar, lwjgl-glfw-3.3.6.jar define 1 overlapping resource: 
[WARNING]   - META-INF/linux/arm64/org/lwjgl/glfw/libglfw.so.sha1
[WARNING] maven-shade-plugin has detected that some files are
[WARNING] present in two or more JARs. When this happens, only one
[WARNING] single version of the file is copied to the uber jar.
[WARNING] Usually this is not harmful and you can skip these warnings,
[WARNING] otherwise try to manually exclude artifacts based on
[WARNING] mvn dependency:tree -Ddetail=true and the above output.
[WARNING] See https://maven.apache.org/plugins/maven-shade-plugin/
[INFO] Replacing original artifact with shaded artifact.
[INFO] Replacing C:\Users\kkfre\Daten\IdeaProjects\PentagonQuestRemastered\target\aschensiegel-1.0.0.jar with C:\Users\kkfre\Daten\IdeaProjects\PentagonQuestRemastered\target\aschensiegel-1.0.0-shaded.jar
[INFO] ------------------------------------------------------------------------
[INFO] BUILD SUCCESS
[INFO] ------------------------------------------------------------------------
[INFO] Total time:  31.602 s
[INFO] Finished at: 2026-09-13T00:41:14+02:00
[INFO] ------------------------------------------------------------------------
Sept. 13, 2026 12:41:14 AM com.jme3.system.JmeDesktopSystem initialize
INFORMATION: Running on jMonkeyEngine 3.8.1-stable
 * Branch: HEAD
 * Git Hash: eca8165
 * Build Date: 2025-05-15
Sept. 13, 2026 12:41:14 AM com.jme3.system.lwjgl.LwjglContext printContextInitInfo
INFORMATION: LWJGL 3.3.6-snapshot context running on thread jME3 Main
 * Graphics Adapter: GLFW 3.5.0 Win32 WGL Null EGL OSMesa VisualC DLL
Sept. 13, 2026 12:41:15 AM com.jme3.renderer.opengl.GLRenderer loadCapabilitiesCommon
INFORMATION: OpenGL Renderer Information
 * Vendor: Intel
 * Renderer: Intel(R) Iris(R) Xe Graphics
 * OpenGL Version: 3.3.0 - Build 31.0.101.4314
 * GLSL Version: 3.30 - Build 31.0.101.4314
 * Profile: Core
Sept. 13, 2026 12:41:15 AM com.jme3.renderer.opengl.GLRenderer setMainFrameBufferSrgb
WARNUNG: Driver claims that default framebuffer is not sRGB capable. Enabling anyway.
Libbulletjme version 22.0.3 initializing
Sept. 13, 2026 12:41:15 AM com.jme3.bullet.objects.PhysicsRigidBody rebuildRigidBody
INFORMATION: Created 14613860890.
Sept. 13, 2026 12:41:15 AM com.jme3.bullet.objects.PhysicsRigidBody rebuildRigidBody
INFORMATION: Created 1461385ebe0.
Sept. 13, 2026 12:41:15 AM com.jme3.bullet.objects.PhysicsRigidBody rebuildRigidBody
INFORMATION: Created 14613860230.
Sept. 13, 2026 12:41:15 AM com.jme3.bullet.objects.PhysicsRigidBody rebuildRigidBody
INFORMATION: Created 14613860ef0.
Sept. 13, 2026 12:41:15 AM com.jme3.bullet.objects.PhysicsRigidBody rebuildRigidBody
INFORMATION: Created 1461385ef10.
Sept. 13, 2026 12:41:15 AM com.jme3.bullet.objects.PhysicsRigidBody rebuildRigidBody
INFORMATION: Created 14613860560.
Sept. 13, 2026 12:41:15 AM com.jme3.bullet.objects.PhysicsRigidBody rebuildRigidBody
INFORMATION: Created 14613861220.
Sept. 13, 2026 12:41:15 AM com.jme3.bullet.objects.PhysicsRigidBody rebuildRigidBody
INFORMATION: Created 1461385dbf0.
Sept. 13, 2026 12:41:15 AM com.jme3.bullet.objects.PhysicsRigidBody rebuildRigidBody
INFORMATION: Created 1461385df20.
Sept. 13, 2026 12:41:15 AM com.jme3.bullet.objects.PhysicsRigidBody rebuildRigidBody
INFORMATION: Created 1466530fe10.
Sept. 13, 2026 12:41:15 AM com.jme3.bullet.objects.PhysicsRigidBody rebuildRigidBody
INFORMATION: Created 1466530c7e0.
Sept. 13, 2026 12:41:15 AM com.jme3.bullet.objects.PhysicsRigidBody rebuildRigidBody
INFORMATION: Created 1466530d7d0.
Sept. 13, 2026 12:41:15 AM com.jme3.bullet.objects.PhysicsRigidBody rebuildRigidBody
INFORMATION: Created 1466530de30.
Sept. 13, 2026 12:41:15 AM com.jme3.bullet.objects.PhysicsRigidBody rebuildRigidBody
INFORMATION: Created 1466530cb10.
Sept. 13, 2026 12:41:15 AM com.jme3.bullet.objects.PhysicsRigidBody rebuildRigidBody
INFORMATION: Created 14665310140.
Sept. 13, 2026 12:41:15 AM com.jme3.bullet.objects.PhysicsRigidBody rebuildRigidBody
INFORMATION: Created 1466530f480.
Sept. 13, 2026 12:41:15 AM com.jme3.bullet.objects.PhysicsRigidBody rebuildRigidBody
INFORMATION: Created 1466530ce40.
Sept. 13, 2026 12:41:15 AM com.jme3.bullet.objects.PhysicsRigidBody rebuildRigidBody
INFORMATION: Created 1466530f7b0.
Sept. 13, 2026 12:41:15 AM com.jme3.bullet.objects.PhysicsRigidBody rebuildRigidBody
INFORMATION: Created 1466530d170.
Sept. 13, 2026 12:41:15 AM com.jme3.bullet.objects.PhysicsRigidBody rebuildRigidBody
INFORMATION: Created 1466530e160.
Sept. 13, 2026 12:41:15 AM com.jme3.bullet.objects.PhysicsRigidBody rebuildRigidBody
INFORMATION: Created 1466530db00.
Sept. 13, 2026 12:41:15 AM com.jme3.bullet.objects.PhysicsRigidBody rebuildRigidBody
INFORMATION: Created 1466530d4a0.
Sept. 13, 2026 12:41:15 AM com.jme3.bullet.objects.PhysicsRigidBody rebuildRigidBody
INFORMATION: Created 1466530fae0.
Sept. 13, 2026 12:41:15 AM com.jme3.bullet.objects.PhysicsRigidBody rebuildRigidBody
INFORMATION: Created 1466530e490.
Sept. 13, 2026 12:41:15 AM com.jme3.bullet.objects.PhysicsRigidBody rebuildRigidBody
INFORMATION: Created 1466530e7c0.
Sept. 13, 2026 12:41:15 AM com.jme3.bullet.objects.PhysicsRigidBody rebuildRigidBody
INFORMATION: Created 1466530eaf0.
Sept. 13, 2026 12:41:15 AM com.jme3.bullet.objects.PhysicsRigidBody rebuildRigidBody
INFORMATION: Created 1466530ee20.
Sept. 13, 2026 12:41:15 AM com.jme3.bullet.objects.PhysicsRigidBody rebuildRigidBody
INFORMATION: Created 1466530f150.
Sept. 13, 2026 12:41:15 AM com.jme3.bullet.objects.PhysicsRigidBody rebuildRigidBody
INFORMATION: Created 146653f4440.
Sept. 13, 2026 12:41:15 AM com.jme3.bullet.objects.PhysicsRigidBody rebuildRigidBody
INFORMATION: Created 146653f6750.
Sept. 13, 2026 12:41:15 AM com.jme3.bullet.objects.PhysicsRigidBody rebuildRigidBody
INFORMATION: Created 146653f5760.
Sept. 13, 2026 12:41:15 AM com.jme3.bullet.objects.PhysicsRigidBody rebuildRigidBody
INFORMATION: Created 146653f6420.
Sept. 13, 2026 12:41:15 AM com.jme3.bullet.objects.PhysicsRigidBody rebuildRigidBody
INFORMATION: Created 146653f5a90.
Sept. 13, 2026 12:41:15 AM com.jme3.bullet.objects.PhysicsRigidBody rebuildRigidBody
INFORMATION: Created 146653f6a80.
Sept. 13, 2026 12:41:15 AM com.jme3.bullet.objects.PhysicsRigidBody rebuildRigidBody
INFORMATION: Created 146653f4dd0.
Sept. 13, 2026 12:41:15 AM com.jme3.bullet.objects.PhysicsRigidBody rebuildRigidBody
INFORMATION: Created 146653f4aa0.
Sept. 13, 2026 12:41:15 AM com.jme3.bullet.objects.PhysicsRigidBody rebuildRigidBody
INFORMATION: Created 146653f5100.
Sept. 13, 2026 12:41:15 AM com.jme3.bullet.objects.PhysicsRigidBody rebuildRigidBody
INFORMATION: Created 146653f5430.
Sept. 13, 2026 12:41:15 AM com.jme3.bullet.objects.PhysicsRigidBody rebuildRigidBody
INFORMATION: Created 146653f60f0.
Sept. 13, 2026 12:41:15 AM com.jme3.bullet.objects.PhysicsRigidBody rebuildRigidBody
INFORMATION: Created 146653f6db0.
Sept. 13, 2026 12:41:15 AM com.jme3.bullet.objects.PhysicsRigidBody rebuildRigidBody
INFORMATION: Created 146653f70e0.
Sept. 13, 2026 12:41:15 AM com.jme3.bullet.objects.PhysicsRigidBody rebuildRigidBody
INFORMATION: Created 146653f7740.
Sept. 13, 2026 12:41:15 AM com.jme3.bullet.objects.PhysicsRigidBody rebuildRigidBody
INFORMATION: Created 146653f7a70.
Sept. 13, 2026 12:41:15 AM com.jme3.bullet.objects.PhysicsRigidBody rebuildRigidBody
INFORMATION: Created 146653f4110.
Sept. 13, 2026 12:41:15 AM com.jme3.bullet.objects.PhysicsRigidBody rebuildRigidBody
INFORMATION: Created 14665a022e0.
Sept. 13, 2026 12:41:15 AM com.jme3.bullet.objects.PhysicsRigidBody rebuildRigidBody
INFORMATION: Created 14665a012f0.
Sept. 13, 2026 12:41:15 AM com.jme3.bullet.objects.PhysicsRigidBody rebuildRigidBody
INFORMATION: Created 14665a00960.
Sept. 13, 2026 12:41:15 AM com.jme3.bullet.objects.PhysicsRigidBody rebuildRigidBody
INFORMATION: Created 14665a01620.
Sept. 13, 2026 12:41:15 AM com.jme3.bullet.objects.PhysicsRigidBody rebuildRigidBody
INFORMATION: Created 14665a01950.
Sept. 13, 2026 12:41:15 AM com.jme3.bullet.objects.PhysicsRigidBody rebuildRigidBody
INFORMATION: Created 146659ffca0.
Sept. 13, 2026 12:41:15 AM com.jme3.bullet.objects.PhysicsRigidBody rebuildRigidBody
INFORMATION: Created 14665a00c90.
Sept. 13, 2026 12:41:15 AM com.jme3.bullet.objects.PhysicsRigidBody rebuildRigidBody
INFORMATION: Created 14665a02610.
Sept. 13, 2026 12:41:15 AM com.jme3.bullet.objects.PhysicsRigidBody rebuildRigidBody
INFORMATION: Created 14665a02940.
Sept. 13, 2026 12:41:15 AM com.jme3.bullet.objects.PhysicsRigidBody rebuildRigidBody
INFORMATION: Created 146659ff640.
Sept. 13, 2026 12:41:15 AM com.jme3.bullet.objects.PhysicsRigidBody rebuildRigidBody
INFORMATION: Created 14665a01c80.
Sept. 13, 2026 12:41:15 AM com.jme3.bullet.objects.PhysicsRigidBody rebuildRigidBody
INFORMATION: Created 14665a00fc0.
Sept. 13, 2026 12:41:15 AM com.jme3.bullet.objects.PhysicsRigidBody rebuildRigidBody
INFORMATION: Created 14665a02c70.
Sept. 13, 2026 12:41:15 AM com.jme3.bullet.objects.PhysicsRigidBody rebuildRigidBody
INFORMATION: Created 14665a01fb0.
Sept. 13, 2026 12:41:15 AM com.jme3.bullet.objects.PhysicsRigidBody rebuildRigidBody
INFORMATION: Created 146659ff310.
Sept. 13, 2026 12:41:15 AM com.jme3.bullet.objects.PhysicsRigidBody rebuildRigidBody
INFORMATION: Created 146659ff970.
Sept. 13, 2026 12:41:15 AM com.jme3.bullet.objects.PhysicsRigidBody rebuildRigidBody
INFORMATION: Created 146659fffd0.
Sept. 13, 2026 12:41:15 AM com.jme3.bullet.objects.PhysicsRigidBody rebuildRigidBody
INFORMATION: Created 14665a00630.
Sept. 13, 2026 12:41:15 AM com.jme3.bullet.objects.PhysicsRigidBody rebuildRigidBody
INFORMATION: Created 14665a00300.
Sept. 13, 2026 12:41:15 AM com.jme3.bullet.objects.PhysicsRigidBody rebuildRigidBody
INFORMATION: Created 14665555600.
Sept. 13, 2026 12:41:15 AM com.jme3.bullet.objects.PhysicsRigidBody rebuildRigidBody
INFORMATION: Created 146655572b0.
Sept. 13, 2026 12:41:15 AM com.jme3.bullet.objects.PhysicsRigidBody rebuildRigidBody
INFORMATION: Created 14665553fb0.
Sept. 13, 2026 12:41:15 AM com.jme3.bullet.objects.PhysicsRigidBody rebuildRigidBody
INFORMATION: Created 14665553950.
Sept. 13, 2026 12:41:15 AM com.jme3.bullet.objects.PhysicsRigidBody rebuildRigidBody
INFORMATION: Created 14665555930.
Sept. 13, 2026 12:41:15 AM com.jme3.bullet.objects.PhysicsRigidBody rebuildRigidBody
INFORMATION: Created 146655542e0.
Sept. 13, 2026 12:41:15 AM com.jme3.bullet.objects.PhysicsRigidBody rebuildRigidBody
INFORMATION: Created 14665553c80.
Sept. 13, 2026 12:41:15 AM com.jme3.bullet.objects.PhysicsRigidBody rebuildRigidBody
INFORMATION: Created 14665555c60.
Sept. 13, 2026 12:41:15 AM com.jme3.bullet.objects.PhysicsRigidBody rebuildRigidBody
INFORMATION: Created 146655562c0.
Sept. 13, 2026 12:41:15 AM com.jme3.bullet.objects.PhysicsRigidBody rebuildRigidBody
INFORMATION: Created 14665554610.
Sept. 13, 2026 12:41:15 AM com.jme3.bullet.objects.PhysicsRigidBody rebuildRigidBody
INFORMATION: Created 14665556f80.
Sept. 13, 2026 12:41:15 AM com.jme3.bullet.objects.PhysicsRigidBody rebuildRigidBody
INFORMATION: Created 14665556c50.
Sept. 13, 2026 12:41:15 AM com.jme3.bullet.objects.PhysicsRigidBody rebuildRigidBody
INFORMATION: Created 14665554940.
Sept. 13, 2026 12:41:15 AM com.jme3.bullet.objects.PhysicsRigidBody rebuildRigidBody
INFORMATION: Created 146655552d0.
Sept. 13, 2026 12:41:15 AM com.jme3.bullet.objects.PhysicsRigidBody rebuildRigidBody
INFORMATION: Created 146655565f0.
Sept. 13, 2026 12:41:15 AM com.jme3.bullet.objects.PhysicsRigidBody rebuildRigidBody
INFORMATION: Created 14665554c70.
Sept. 13, 2026 12:41:15 AM com.jme3.bullet.objects.PhysicsRigidBody rebuildRigidBody
INFORMATION: Created 14665555f90.
Sept. 13, 2026 12:41:15 AM com.jme3.bullet.objects.PhysicsRigidBody rebuildRigidBody
INFORMATION: Created 14665554fa0.
Sept. 13, 2026 12:41:15 AM com.jme3.bullet.objects.PhysicsRigidBody rebuildRigidBody
INFORMATION: Created 14665556920.
Sept. 13, 2026 12:41:15 AM com.jme3.bullet.objects.PhysicsRigidBody rebuildRigidBody
INFORMATION: Created 14665850c80.
Sept. 13, 2026 12:41:15 AM com.jme3.bullet.objects.PhysicsRigidBody rebuildRigidBody
INFORMATION: Created 1466584e970.
Sept. 13, 2026 12:41:15 AM com.jme3.bullet.objects.PhysicsRigidBody rebuildRigidBody
INFORMATION: Created 1466584efd0.
Sept. 13, 2026 12:41:15 AM com.jme3.bullet.objects.PhysicsRigidBody rebuildRigidBody
INFORMATION: Created 1466584e310.
Sept. 13, 2026 12:41:15 AM com.jme3.bullet.objects.PhysicsRigidBody rebuildRigidBody
INFORMATION: Created 14665851940.
Sept. 13, 2026 12:41:15 AM com.jme3.bullet.objects.PhysicsRigidBody rebuildRigidBody
INFORMATION: Created 14665850fb0.
Sept. 13, 2026 12:41:15 AM com.jme3.bullet.objects.PhysicsRigidBody rebuildRigidBody
INFORMATION: Created 1466584ffc0.
Sept. 13, 2026 12:41:15 AM com.jme3.bullet.objects.PhysicsRigidBody rebuildRigidBody
INFORMATION: Created 1466584f630.
Sept. 13, 2026 12:41:15 AM com.jme3.bullet.objects.PhysicsRigidBody rebuildRigidBody
INFORMATION: Created 146658502f0.
Sept. 13, 2026 12:41:15 AM com.jme3.bullet.objects.PhysicsRigidBody rebuildRigidBody
INFORMATION: Created 14665850620.
Sept. 13, 2026 12:41:15 AM com.jme3.bullet.objects.PhysicsRigidBody rebuildRigidBody
INFORMATION: Created 146658512e0.
Sept. 13, 2026 12:41:15 AM com.jme3.bullet.objects.PhysicsRigidBody rebuildRigidBody
INFORMATION: Created 14665851610.
Sept. 13, 2026 12:41:15 AM com.jme3.bullet.objects.PhysicsRigidBody rebuildRigidBody
INFORMATION: Created 14665850950.
Sept. 13, 2026 12:41:15 AM com.jme3.bullet.objects.PhysicsRigidBody rebuildRigidBody
INFORMATION: Created 1466584dfe0.
Sept. 13, 2026 12:41:15 AM com.jme3.bullet.objects.PhysicsRigidBody rebuildRigidBody
INFORMATION: Created 1466584e640.
Sept. 13, 2026 12:41:15 AM com.jme3.bullet.objects.PhysicsRigidBody rebuildRigidBody
INFORMATION: Created 1466584eca0.
Sept. 13, 2026 12:41:15 AM com.jme3.bullet.objects.PhysicsRigidBody rebuildRigidBody
INFORMATION: Created 1466584f960.
Sept. 13, 2026 12:41:15 AM com.jme3.bullet.objects.PhysicsRigidBody rebuildRigidBody
INFORMATION: Created 1466584f300.
Sept. 13, 2026 12:41:15 AM com.jme3.bullet.objects.PhysicsRigidBody rebuildRigidBody
INFORMATION: Created 1466584fc90.
Sept. 13, 2026 12:41:15 AM com.jme3.bullet.objects.PhysicsRigidBody rebuildRigidBody
INFORMATION: Created 14665182620.
Sept. 13, 2026 12:41:15 AM com.jme3.bullet.objects.PhysicsRigidBody rebuildRigidBody
INFORMATION: Created 1466517eff0.
Sept. 13, 2026 12:41:15 AM com.jme3.bullet.objects.PhysicsRigidBody rebuildRigidBody
INFORMATION: Created 14665180fd0.
Sept. 13, 2026 12:41:15 AM com.jme3.bullet.objects.PhysicsRigidBody rebuildRigidBody
INFORMATION: Created 14665181300.
Sept. 13, 2026 12:41:15 AM com.jme3.bullet.objects.PhysicsRigidBody rebuildRigidBody
INFORMATION: Created 14665181fc0.
Sept. 13, 2026 12:41:15 AM com.jme3.bullet.objects.PhysicsRigidBody rebuildRigidBody
INFORMATION: Created 1466517f320.
Sept. 13, 2026 12:41:15 AM com.jme3.bullet.objects.PhysicsRigidBody rebuildRigidBody
INFORMATION: Created 1466517f980.
Sept. 13, 2026 12:41:15 AM com.jme3.bullet.objects.PhysicsRigidBody rebuildRigidBody
INFORMATION: Created 146651822f0.
Sept. 13, 2026 12:41:15 AM com.jme3.bullet.objects.PhysicsRigidBody rebuildRigidBody
INFORMATION: Created 14665180310.
Sept. 13, 2026 12:41:15 AM com.jme3.bullet.objects.PhysicsRigidBody rebuildRigidBody
INFORMATION: Created 1466517ecc0.
Sept. 13, 2026 12:41:15 AM com.jme3.bullet.objects.PhysicsRigidBody rebuildRigidBody
INFORMATION: Created 14665181c90.
Sept. 13, 2026 12:41:15 AM com.jme3.bullet.objects.PhysicsRigidBody rebuildRigidBody
INFORMATION: Created 1466517f650.
Sept. 13, 2026 12:41:15 AM com.jme3.bullet.objects.PhysicsRigidBody rebuildRigidBody
INFORMATION: Created 1466517e990.
Sept. 13, 2026 12:41:15 AM com.jme3.bullet.objects.PhysicsRigidBody rebuildRigidBody
INFORMATION: Created 14665181960.
Sept. 13, 2026 12:41:15 AM com.jme3.bullet.objects.PhysicsRigidBody rebuildRigidBody
INFORMATION: Created 14665181630.
Sept. 13, 2026 12:41:15 AM com.jme3.bullet.objects.PhysicsRigidBody rebuildRigidBody
INFORMATION: Created 14665182950.
Sept. 13, 2026 12:41:15 AM com.jme3.bullet.objects.PhysicsRigidBody rebuildRigidBody
INFORMATION: Created 14665182c80.
Sept. 13, 2026 12:41:15 AM com.jme3.bullet.objects.PhysicsRigidBody rebuildRigidBody
INFORMATION: Created 14665182fb0.
Sept. 13, 2026 12:41:15 AM com.jme3.bullet.objects.PhysicsRigidBody rebuildRigidBody
INFORMATION: Created 14665183940.
Sept. 13, 2026 12:41:15 AM com.jme3.bullet.objects.PhysicsRigidBody rebuildRigidBody
INFORMATION: Created 1466517ffe0.
Sept. 13, 2026 12:41:15 AM com.jme3.bullet.objects.PhysicsRigidBody rebuildRigidBody
INFORMATION: Created 146651832e0.
Sept. 13, 2026 12:41:15 AM com.jme3.bullet.objects.PhysicsRigidBody rebuildRigidBody
INFORMATION: Created 14665180640.
Sept. 13, 2026 12:41:15 AM com.jme3.bullet.objects.PhysicsRigidBody rebuildRigidBody
INFORMATION: Created 1466517fcb0.
Sept. 13, 2026 12:41:15 AM com.jme3.bullet.objects.PhysicsRigidBody rebuildRigidBody
INFORMATION: Created 14665183610.
Sept. 13, 2026 12:41:15 AM com.jme3.bullet.objects.PhysicsRigidBody rebuildRigidBody
INFORMATION: Created 14665183c70.
Sept. 13, 2026 12:41:15 AM com.jme3.bullet.objects.PhysicsRigidBody rebuildRigidBody
INFORMATION: Created 14665183fa0.
Sept. 13, 2026 12:41:15 AM com.jme3.bullet.objects.PhysicsRigidBody rebuildRigidBody
INFORMATION: Created 146651842d0.
Sept. 13, 2026 12:41:15 AM com.jme3.bullet.objects.PhysicsRigidBody rebuildRigidBody
INFORMATION: Created 14665184600.
Sept. 13, 2026 12:41:15 AM com.jme3.bullet.objects.PhysicsRigidBody rebuildRigidBody
INFORMATION: Created 14665180970.
Sept. 13, 2026 12:41:15 AM com.jme3.bullet.objects.PhysicsRigidBody rebuildRigidBody
INFORMATION: Created 14665184930.
Sept. 13, 2026 12:41:15 AM com.jme3.bullet.objects.PhysicsRigidBody rebuildRigidBody
INFORMATION: Created 14665180ca0.
Sept. 13, 2026 12:41:15 AM com.jme3.bullet.objects.PhysicsRigidBody rebuildRigidBody
INFORMATION: Created 14665184c60.
Sept. 13, 2026 12:41:15 AM com.jme3.bullet.objects.PhysicsRigidBody rebuildRigidBody
INFORMATION: Created 14665184f90.
Sept. 13, 2026 12:41:15 AM com.jme3.bullet.objects.PhysicsRigidBody rebuildRigidBody
INFORMATION: Created 146651852c0.
Sept. 13, 2026 12:41:15 AM com.jme3.bullet.objects.PhysicsRigidBody rebuildRigidBody
INFORMATION: Created 146651855f0.
Sept. 13, 2026 12:41:15 AM com.jme3.bullet.objects.PhysicsRigidBody rebuildRigidBody
INFORMATION: Created 14665185920.
Sept. 13, 2026 12:41:15 AM com.jme3.bullet.objects.PhysicsRigidBody rebuildRigidBody
INFORMATION: Created 14665185c50.
Sept. 13, 2026 12:41:15 AM com.jme3.bullet.objects.PhysicsRigidBody rebuildRigidBody
INFORMATION: Created 14665185f80.
Sept. 13, 2026 12:41:16 AM com.jme3.bullet.objects.PhysicsRigidBody rebuildRigidBody
INFORMATION: Created 146651d90a0.
Sept. 13, 2026 12:41:16 AM com.jme3.bullet.objects.PhysicsRigidBody rebuildRigidBody
INFORMATION: Created 146651dc070.
Sept. 13, 2026 12:41:16 AM com.jme3.bullet.objects.PhysicsRigidBody rebuildRigidBody
INFORMATION: Created 146651dc3a0.
Sept. 13, 2026 12:41:16 AM com.jme3.bullet.objects.PhysicsRigidBody rebuildRigidBody
INFORMATION: Created 146651da090.
Sept. 13, 2026 12:41:16 AM com.jme3.bullet.objects.PhysicsRigidBody rebuildRigidBody
INFORMATION: Created 146651db6e0.
Sept. 13, 2026 12:41:16 AM com.jme3.bullet.objects.PhysicsRigidBody rebuildRigidBody
INFORMATION: Created 146651dba10.
Sept. 13, 2026 12:41:16 AM com.jme3.bullet.objects.PhysicsRigidBody rebuildRigidBody
INFORMATION: Created 146651d9700.
Sept. 13, 2026 12:41:16 AM com.jme3.bullet.objects.PhysicsRigidBody rebuildRigidBody
INFORMATION: Created 146651dcd30.
Sept. 13, 2026 12:41:16 AM com.jme3.bullet.objects.PhysicsRigidBody rebuildRigidBody
INFORMATION: Created 146651d9d60.
Sept. 13, 2026 12:41:16 AM com.jme3.bullet.objects.PhysicsRigidBody rebuildRigidBody
INFORMATION: Created 146651da6f0.
Sept. 13, 2026 12:41:16 AM com.jme3.bullet.objects.PhysicsRigidBody rebuildRigidBody
INFORMATION: Created 146651dbd40.
Sept. 13, 2026 12:41:16 AM com.jme3.bullet.objects.PhysicsRigidBody rebuildRigidBody
INFORMATION: Created 146651daa20.
Sept. 13, 2026 12:41:16 AM com.jme3.bullet.objects.PhysicsRigidBody rebuildRigidBody
INFORMATION: Created 146651db080.
Sept. 13, 2026 12:41:16 AM com.jme3.bullet.objects.PhysicsRigidBody rebuildRigidBody
INFORMATION: Created 146651dc6d0.
Sept. 13, 2026 12:41:16 AM com.jme3.bullet.objects.PhysicsRigidBody rebuildRigidBody
INFORMATION: Created 146651dca00.
Sept. 13, 2026 12:41:16 AM com.jme3.bullet.objects.PhysicsRigidBody rebuildRigidBody
INFORMATION: Created 146651dd060.
Sept. 13, 2026 12:41:16 AM com.jme3.bullet.objects.PhysicsRigidBody rebuildRigidBody
INFORMATION: Created 146651d93d0.
Sept. 13, 2026 12:41:16 AM com.jme3.bullet.objects.PhysicsRigidBody rebuildRigidBody
INFORMATION: Created 146651dd9f0.
Sept. 13, 2026 12:41:16 AM com.jme3.bullet.objects.PhysicsRigidBody rebuildRigidBody
INFORMATION: Created 146651dd390.
Sept. 13, 2026 12:41:16 AM com.jme3.bullet.objects.PhysicsRigidBody rebuildRigidBody
INFORMATION: Created 146651ddd20.
Sept. 13, 2026 12:41:16 AM com.jme3.bullet.objects.PhysicsRigidBody rebuildRigidBody
INFORMATION: Created 146651dd6c0.
Sept. 13, 2026 12:41:16 AM com.jme3.bullet.objects.PhysicsRigidBody rebuildRigidBody
INFORMATION: Created 146651de050.
Sept. 13, 2026 12:41:16 AM com.jme3.bullet.objects.PhysicsRigidBody rebuildRigidBody
INFORMATION: Created 146651da3c0.
Sept. 13, 2026 12:41:16 AM com.jme3.bullet.objects.PhysicsRigidBody rebuildRigidBody
INFORMATION: Created 146651dad50.
Sept. 13, 2026 12:41:16 AM com.jme3.bullet.objects.PhysicsRigidBody rebuildRigidBody
INFORMATION: Created 146651de380.
Sept. 13, 2026 12:41:16 AM com.jme3.bullet.objects.PhysicsRigidBody rebuildRigidBody
INFORMATION: Created 146651de6b0.
Sept. 13, 2026 12:41:16 AM com.jme3.bullet.objects.PhysicsRigidBody rebuildRigidBody
INFORMATION: Created 146651de9e0.
Sept. 13, 2026 12:41:16 AM com.jme3.bullet.objects.PhysicsRigidBody rebuildRigidBody
INFORMATION: Created 146651df040.
Sept. 13, 2026 12:41:16 AM com.jme3.bullet.objects.PhysicsRigidBody rebuildRigidBody
INFORMATION: Created 146651db3b0.
Sept. 13, 2026 12:41:16 AM com.jme3.bullet.objects.PhysicsRigidBody rebuildRigidBody
INFORMATION: Created 146651df370.
Sept. 13, 2026 12:41:16 AM com.jme3.bullet.objects.PhysicsRigidBody rebuildRigidBody
INFORMATION: Created 146651e09c0.
Sept. 13, 2026 12:41:16 AM com.jme3.bullet.objects.PhysicsRigidBody rebuildRigidBody
INFORMATION: Created 146651df6a0.
Sept. 13, 2026 12:41:16 AM com.jme3.bullet.objects.PhysicsRigidBody rebuildRigidBody
INFORMATION: Created 146651e0360.
Sept. 13, 2026 12:41:16 AM com.jme3.bullet.objects.PhysicsRigidBody rebuildRigidBody
INFORMATION: Created 146651e0030.
Sept. 13, 2026 12:41:16 AM com.jme3.bullet.objects.PhysicsRigidBody rebuildRigidBody
INFORMATION: Created 146651df9d0.
Sept. 13, 2026 12:41:16 AM com.jme3.bullet.objects.PhysicsRigidBody rebuildRigidBody
INFORMATION: Created 146651dfd00.
Sept. 13, 2026 12:41:16 AM com.jme3.bullet.objects.PhysicsRigidBody rebuildRigidBody
INFORMATION: Created 146651e0690.
Sept. 13, 2026 12:41:16 AM com.jme3.bullet.objects.PhysicsRigidBody rebuildRigidBody
INFORMATION: Created 146651e0cf0.
Sept. 13, 2026 12:41:16 AM com.jme3.bullet.objects.PhysicsRigidBody rebuildRigidBody
INFORMATION: Created 1466a6b1840.
Sept. 13, 2026 12:41:16 AM com.jme3.bullet.objects.PhysicsRigidBody rebuildRigidBody
INFORMATION: Created 1466a6b1b70.
Sept. 13, 2026 12:41:16 AM com.jme3.bullet.objects.PhysicsRigidBody rebuildRigidBody
INFORMATION: Created 1466a6b1510.
Sept. 13, 2026 12:41:16 AM com.jme3.bullet.objects.PhysicsRigidBody rebuildRigidBody
INFORMATION: Created 1466a6b2500.
Sept. 13, 2026 12:41:17 AM com.jme3.bullet.objects.PhysicsRigidBody rebuildRigidBody
INFORMATION: Created 1466a6b11e0.
Sept. 13, 2026 12:41:17 AM com.jme3.bullet.objects.PhysicsRigidBody rebuildRigidBody
INFORMATION: Created 1466a6b4810.
Sept. 13, 2026 12:41:17 AM com.jme3.bullet.objects.PhysicsRigidBody rebuildRigidBody
INFORMATION: Created 1466a6b51a0.
Sept. 13, 2026 12:41:17 AM com.jme3.anim.SkinningControl controlRender
INFORMATION: Hardware skinning engaged for Scene (Node)
Sept. 13, 2026 12:41:17 AM com.jme3.anim.SkinningControl controlRender
INFORMATION: Hardware skinning engaged for Scene (Node)
Sept. 13, 2026 12:41:17 AM com.jme3.anim.SkinningControl controlRender
INFORMATION: Hardware skinning engaged for Scene (Node)
Sept. 13, 2026 12:41:17 AM com.jme3.anim.SkinningControl controlRender
INFORMATION: Hardware skinning engaged for Scene (Node)
[SMOKE] stage 0
[SMOKE] stage 1
Sept. 13, 2026 12:41:20 AM com.jme3.bullet.objects.PhysicsRigidBody rebuildRigidBody
INFORMATION: Created 1466a6b5e60.
Sept. 13, 2026 12:41:20 AM com.jme3.bullet.objects.PhysicsRigidBody rebuildRigidBody
INFORMATION: Created 1466a6b21d0.
Sept. 13, 2026 12:41:20 AM com.jme3.bullet.objects.PhysicsRigidBody rebuildRigidBody
INFORMATION: Created 1466a6b6190.
Sept. 13, 2026 12:41:20 AM com.jme3.bullet.objects.PhysicsRigidBody rebuildRigidBody
INFORMATION: Created 1466a6b7b10.
Sept. 13, 2026 12:41:20 AM com.jme3.bullet.objects.PhysicsRigidBody rebuildRigidBody
INFORMATION: Created 1466a6b44e0.
Sept. 13, 2026 12:41:20 AM com.jme3.bullet.objects.PhysicsRigidBody rebuildRigidBody
INFORMATION: Created 1466a6b64c0.
Sept. 13, 2026 12:41:20 AM com.jme3.bullet.objects.PhysicsRigidBody rebuildRigidBody
INFORMATION: Created 1466a6b67f0.
Sept. 13, 2026 12:41:20 AM com.jme3.bullet.objects.PhysicsRigidBody rebuildRigidBody
INFORMATION: Created 1466a6b8b00.
Sept. 13, 2026 12:41:20 AM com.jme3.bullet.objects.PhysicsRigidBody rebuildRigidBody
INFORMATION: Created 1466a6b6b20.
Sept. 13, 2026 12:41:20 AM com.jme3.bullet.objects.PhysicsRigidBody rebuildRigidBody
INFORMATION: Created 1466a6b6e50.
Sept. 13, 2026 12:41:20 AM com.jme3.bullet.objects.PhysicsRigidBody rebuildRigidBody
INFORMATION: Created 1466a6b7180.
Sept. 13, 2026 12:41:20 AM com.jme3.bullet.objects.PhysicsRigidBody rebuildRigidBody
INFORMATION: Created 1466a6b74b0.
Sept. 13, 2026 12:41:20 AM com.jme3.bullet.objects.PhysicsRigidBody rebuildRigidBody
INFORMATION: Created 1466a6b77e0.
Sept. 13, 2026 12:41:20 AM com.jme3.bullet.objects.PhysicsRigidBody rebuildRigidBody
INFORMATION: Created 1466a6b7e40.
Sept. 13, 2026 12:41:20 AM com.jme3.bullet.objects.PhysicsRigidBody rebuildRigidBody
INFORMATION: Created 1466a6b87d0.
Sept. 13, 2026 12:41:20 AM com.jme3.bullet.objects.PhysicsRigidBody rebuildRigidBody
INFORMATION: Created 1466a6b8170.
Sept. 13, 2026 12:41:20 AM com.jme3.bullet.objects.PhysicsRigidBody rebuildRigidBody
INFORMATION: Created 1466a6b84a0.
Sept. 13, 2026 12:41:20 AM com.jme3.bullet.objects.PhysicsRigidBody rebuildRigidBody
INFORMATION: Created 1466a6b8e30.
Sept. 13, 2026 12:41:20 AM com.jme3.bullet.objects.PhysicsRigidBody rebuildRigidBody
INFORMATION: Created 1466af8e740.
Sept. 13, 2026 12:41:20 AM com.jme3.bullet.objects.PhysicsRigidBody rebuildRigidBody
INFORMATION: Created 1466af8c430.
Sept. 13, 2026 12:41:20 AM com.jme3.bullet.objects.PhysicsRigidBody rebuildRigidBody
INFORMATION: Created 1466af8f400.
Sept. 13, 2026 12:41:20 AM com.jme3.bullet.objects.PhysicsRigidBody rebuildRigidBody
INFORMATION: Created 1466af8e0e0.
Sept. 13, 2026 12:41:20 AM com.jme3.bullet.objects.PhysicsRigidBody rebuildRigidBody
INFORMATION: Created 1466af8ea70.
Sept. 13, 2026 12:41:20 AM com.jme3.bullet.objects.PhysicsRigidBody rebuildRigidBody
INFORMATION: Created 1466af8f730.
Sept. 13, 2026 12:41:20 AM com.jme3.bullet.objects.PhysicsRigidBody rebuildRigidBody
INFORMATION: Created 1466af8e410.
Sept. 13, 2026 12:41:20 AM com.jme3.bullet.objects.PhysicsRigidBody rebuildRigidBody
INFORMATION: Created 1466af8eda0.
Sept. 13, 2026 12:41:20 AM com.jme3.bullet.objects.PhysicsRigidBody rebuildRigidBody
INFORMATION: Created 1466af8f0d0.
Sept. 13, 2026 12:41:20 AM com.jme3.bullet.objects.PhysicsRigidBody rebuildRigidBody
INFORMATION: Created 1466af903f0.
Sept. 13, 2026 12:41:20 AM com.jme3.bullet.objects.PhysicsRigidBody rebuildRigidBody
INFORMATION: Created 1466af8fa60.
Sept. 13, 2026 12:41:20 AM com.jme3.bullet.objects.PhysicsRigidBody rebuildRigidBody
INFORMATION: Created 1466af8fd90.
Sept. 13, 2026 12:41:20 AM com.jme3.bullet.objects.PhysicsRigidBody rebuildRigidBody
INFORMATION: Created 1466af8c760.
Sept. 13, 2026 12:41:20 AM com.jme3.bullet.objects.PhysicsRigidBody rebuildRigidBody
INFORMATION: Created 1466af900c0.
Sept. 13, 2026 12:41:20 AM com.jme3.bullet.objects.PhysicsRigidBody rebuildRigidBody
INFORMATION: Created 1466af90720.
Sept. 13, 2026 12:41:20 AM com.jme3.bullet.objects.PhysicsRigidBody rebuildRigidBody
INFORMATION: Created 1466af8da80.
Sept. 13, 2026 12:41:20 AM com.jme3.bullet.objects.PhysicsRigidBody rebuildRigidBody
INFORMATION: Created 1466af8ca90.
Sept. 13, 2026 12:41:20 AM com.jme3.bullet.objects.PhysicsRigidBody rebuildRigidBody
INFORMATION: Created 1466af90a50.
Sept. 13, 2026 12:41:20 AM com.jme3.bullet.objects.PhysicsRigidBody rebuildRigidBody
INFORMATION: Created 1466af8cdc0.
Sept. 13, 2026 12:41:20 AM com.jme3.bullet.objects.PhysicsRigidBody rebuildRigidBody
INFORMATION: Created 1466af90d80.
Sept. 13, 2026 12:41:20 AM com.jme3.bullet.objects.PhysicsRigidBody rebuildRigidBody
INFORMATION: Created 1466af8d0f0.
Sept. 13, 2026 12:41:20 AM com.jme3.bullet.objects.PhysicsRigidBody rebuildRigidBody
INFORMATION: Created 1466af910b0.
Sept. 13, 2026 12:41:20 AM com.jme3.bullet.objects.PhysicsRigidBody rebuildRigidBody
INFORMATION: Created 1466af8d420.
Sept. 13, 2026 12:41:20 AM com.jme3.bullet.objects.PhysicsRigidBody rebuildRigidBody
INFORMATION: Created 1466af913e0.
Sept. 13, 2026 12:41:20 AM com.jme3.bullet.objects.PhysicsRigidBody rebuildRigidBody
INFORMATION: Created 1466af8d750.
Sept. 13, 2026 12:41:20 AM com.jme3.bullet.objects.PhysicsRigidBody rebuildRigidBody
INFORMATION: Created 1466af91710.
Sept. 13, 2026 12:41:20 AM com.jme3.bullet.objects.PhysicsRigidBody rebuildRigidBody
INFORMATION: Created 1466af91a40.
Sept. 13, 2026 12:41:20 AM com.jme3.bullet.objects.PhysicsRigidBody rebuildRigidBody
INFORMATION: Created 1466af8ddb0.
Sept. 13, 2026 12:41:20 AM com.jme3.bullet.objects.PhysicsRigidBody rebuildRigidBody
INFORMATION: Created 1466af91d70.
Sept. 13, 2026 12:41:20 AM com.jme3.bullet.objects.PhysicsRigidBody rebuildRigidBody
INFORMATION: Created 1466af93090.
Sept. 13, 2026 12:41:20 AM com.jme3.bullet.objects.PhysicsRigidBody rebuildRigidBody
INFORMATION: Created 1466af923d0.
Sept. 13, 2026 12:41:20 AM com.jme3.bullet.objects.PhysicsRigidBody rebuildRigidBody
INFORMATION: Created 1466af933c0.
Sept. 13, 2026 12:41:20 AM com.jme3.bullet.objects.PhysicsRigidBody rebuildRigidBody
INFORMATION: Created 1466af94080.
Sept. 13, 2026 12:41:20 AM com.jme3.bullet.objects.PhysicsRigidBody rebuildRigidBody
INFORMATION: Created 1466af920a0.
Sept. 13, 2026 12:41:20 AM com.jme3.bullet.objects.PhysicsRigidBody rebuildRigidBody
INFORMATION: Created 1466af93d50.
Sept. 13, 2026 12:41:20 AM com.jme3.bullet.objects.PhysicsRigidBody rebuildRigidBody
INFORMATION: Created 1466af92a30.
Sept. 13, 2026 12:41:20 AM com.jme3.bullet.objects.PhysicsRigidBody rebuildRigidBody
INFORMATION: Created 1466af92d60.
Sept. 13, 2026 12:41:20 AM com.jme3.bullet.objects.PhysicsRigidBody rebuildRigidBody
INFORMATION: Created 1466af92700.
Sept. 13, 2026 12:41:20 AM com.jme3.bullet.objects.PhysicsRigidBody rebuildRigidBody
INFORMATION: Created 1466af93a20.
Sept. 13, 2026 12:41:20 AM com.jme3.bullet.objects.PhysicsRigidBody rebuildRigidBody
INFORMATION: Created 1466af936f0.
Sept. 13, 2026 12:41:20 AM com.jme3.bullet.objects.PhysicsRigidBody rebuildRigidBody
INFORMATION: Created 1466c4b2e80.
Sept. 13, 2026 12:41:20 AM com.jme3.bullet.objects.PhysicsRigidBody rebuildRigidBody
INFORMATION: Created 1466c4b2b50.
Sept. 13, 2026 12:41:20 AM com.jme3.bullet.objects.PhysicsRigidBody rebuildRigidBody
INFORMATION: Created 1466c4b31b0.
Sept. 13, 2026 12:41:20 AM com.jme3.bullet.objects.PhysicsRigidBody rebuildRigidBody
INFORMATION: Created 1466c4b57f0.
Sept. 13, 2026 12:41:20 AM com.jme3.bullet.objects.PhysicsRigidBody rebuildRigidBody
INFORMATION: Created 1466c4b3810.
Sept. 13, 2026 12:41:20 AM com.jme3.bullet.objects.PhysicsRigidBody rebuildRigidBody
INFORMATION: Created 1466c4b1e90.
Sept. 13, 2026 12:41:20 AM com.jme3.bullet.objects.PhysicsRigidBody rebuildRigidBody
INFORMATION: Created 1466c4b2820.
Sept. 13, 2026 12:41:20 AM com.jme3.bullet.objects.PhysicsRigidBody rebuildRigidBody
INFORMATION: Created 1466c4b21c0.
Sept. 13, 2026 12:41:20 AM com.jme3.bullet.objects.PhysicsRigidBody rebuildRigidBody
INFORMATION: Created 1466c4b3e70.
Sept. 13, 2026 12:41:20 AM com.jme3.bullet.objects.PhysicsRigidBody rebuildRigidBody
INFORMATION: Created 1466c4b34e0.
Sept. 13, 2026 12:41:20 AM com.jme3.bullet.objects.PhysicsRigidBody rebuildRigidBody
INFORMATION: Created 1466c4b41a0.
Sept. 13, 2026 12:41:20 AM com.jme3.bullet.objects.PhysicsRigidBody rebuildRigidBody
INFORMATION: Created 1466c4b4800.
Sept. 13, 2026 12:41:20 AM com.jme3.bullet.objects.PhysicsRigidBody rebuildRigidBody
INFORMATION: Created 1466c4b24f0.
Sept. 13, 2026 12:41:20 AM com.jme3.bullet.objects.PhysicsRigidBody rebuildRigidBody
INFORMATION: Created 1466c4b44d0.
Sept. 13, 2026 12:41:20 AM com.jme3.bullet.objects.PhysicsRigidBody rebuildRigidBody
INFORMATION: Created 1466c4b3b40.
Sept. 13, 2026 12:41:20 AM com.jme3.bullet.objects.PhysicsRigidBody rebuildRigidBody
INFORMATION: Created 1466c4b5190.
Sept. 13, 2026 12:41:20 AM com.jme3.bullet.objects.PhysicsRigidBody rebuildRigidBody
INFORMATION: Created 1466c4b1b60.
Sept. 13, 2026 12:41:20 AM com.jme3.bullet.objects.PhysicsRigidBody rebuildRigidBody
INFORMATION: Created 1466c4b4e60.
Sept. 13, 2026 12:41:20 AM com.jme3.bullet.objects.PhysicsRigidBody rebuildRigidBody
INFORMATION: Created 1466c4b8490.
Sept. 13, 2026 12:41:20 AM com.jme3.bullet.objects.PhysicsRigidBody rebuildRigidBody
INFORMATION: Created 1466c4b5e50.
Sept. 13, 2026 12:41:20 AM com.jme3.bullet.objects.PhysicsRigidBody rebuildRigidBody
INFORMATION: Created 1466c4b7170.
Sept. 13, 2026 12:41:20 AM com.jme3.bullet.objects.PhysicsRigidBody rebuildRigidBody
INFORMATION: Created 1466c4b54c0.
Sept. 13, 2026 12:41:20 AM com.jme3.bullet.objects.PhysicsRigidBody rebuildRigidBody
INFORMATION: Created 1466c4b6e40.
Sept. 13, 2026 12:41:20 AM com.jme3.bullet.objects.PhysicsRigidBody rebuildRigidBody
INFORMATION: Created 1466c4b6b10.
Sept. 13, 2026 12:41:20 AM com.jme3.bullet.objects.PhysicsRigidBody rebuildRigidBody
INFORMATION: Created 1466c4b87c0.
Sept. 13, 2026 12:41:20 AM com.jme3.bullet.objects.PhysicsRigidBody rebuildRigidBody
INFORMATION: Created 1466c4b74a0.
Sept. 13, 2026 12:41:20 AM com.jme3.bullet.objects.PhysicsRigidBody rebuildRigidBody
INFORMATION: Created 1466c4b8160.
Sept. 13, 2026 12:41:20 AM com.jme3.bullet.objects.PhysicsRigidBody rebuildRigidBody
INFORMATION: Created 1466c4b7e30.
Sept. 13, 2026 12:41:20 AM com.jme3.bullet.objects.PhysicsRigidBody rebuildRigidBody
INFORMATION: Created 1466c4b4b30.
Sept. 13, 2026 12:41:20 AM com.jme3.bullet.objects.PhysicsRigidBody rebuildRigidBody
INFORMATION: Created 1466c4b7b00.
Sept. 13, 2026 12:41:20 AM com.jme3.bullet.objects.PhysicsRigidBody rebuildRigidBody
INFORMATION: Created 1466c4b8af0.
Sept. 13, 2026 12:41:20 AM com.jme3.bullet.objects.PhysicsRigidBody rebuildRigidBody
INFORMATION: Created 1466c4b8e20.
Sept. 13, 2026 12:41:20 AM com.jme3.bullet.objects.PhysicsRigidBody rebuildRigidBody
INFORMATION: Created 1466c4b77d0.
Sept. 13, 2026 12:41:20 AM com.jme3.bullet.objects.PhysicsRigidBody rebuildRigidBody
INFORMATION: Created 1466c4b6180.
Sept. 13, 2026 12:41:20 AM com.jme3.bullet.objects.PhysicsRigidBody rebuildRigidBody
INFORMATION: Created 1466c4b9150.
Sept. 13, 2026 12:41:20 AM com.jme3.bullet.objects.PhysicsRigidBody rebuildRigidBody
INFORMATION: Created 1466c4b9480.
Sept. 13, 2026 12:41:20 AM com.jme3.bullet.objects.PhysicsRigidBody rebuildRigidBody
INFORMATION: Created 1466c4b64b0.
Sept. 13, 2026 12:41:20 AM com.jme3.bullet.objects.PhysicsRigidBody rebuildRigidBody
INFORMATION: Created 1466c4b97b0.
Sept. 13, 2026 12:41:20 AM com.jme3.bullet.objects.PhysicsRigidBody rebuildRigidBody
INFORMATION: Created 1466c4b5b20.
Sept. 13, 2026 12:41:20 AM com.jme3.bullet.objects.PhysicsRigidBody rebuildRigidBody
INFORMATION: Created 1466c4b67e0.
Sept. 13, 2026 12:41:20 AM com.jme3.bullet.objects.PhysicsRigidBody rebuildRigidBody
INFORMATION: Created 1466aac3fb0.
Sept. 13, 2026 12:41:20 AM com.jme3.bullet.objects.PhysicsRigidBody rebuildRigidBody
INFORMATION: Created 1466aac5930.
Sept. 13, 2026 12:41:20 AM com.jme3.bullet.objects.PhysicsRigidBody rebuildRigidBody
INFORMATION: Created 1466aac52d0.
Sept. 13, 2026 12:41:20 AM com.jme3.bullet.objects.PhysicsRigidBody rebuildRigidBody
INFORMATION: Created 1466aac3c80.
Sept. 13, 2026 12:41:20 AM com.jme3.bullet.objects.PhysicsRigidBody rebuildRigidBody
INFORMATION: Created 1466aac4fa0.
Sept. 13, 2026 12:41:20 AM com.jme3.bullet.objects.PhysicsRigidBody rebuildRigidBody
INFORMATION: Created 1466aac42e0.
Sept. 13, 2026 12:41:20 AM com.jme3.bullet.objects.PhysicsRigidBody rebuildRigidBody
INFORMATION: Created 1466aac4c70.
Sept. 13, 2026 12:41:20 AM com.jme3.bullet.objects.PhysicsRigidBody rebuildRigidBody
INFORMATION: Created 1466aac5c60.
Sept. 13, 2026 12:41:20 AM com.jme3.bullet.objects.PhysicsRigidBody rebuildRigidBody
INFORMATION: Created 1466aac65f0.
Sept. 13, 2026 12:41:20 AM com.jme3.bullet.objects.PhysicsRigidBody rebuildRigidBody
INFORMATION: Created 1466aac5f90.
Sept. 13, 2026 12:41:20 AM com.jme3.bullet.objects.PhysicsRigidBody rebuildRigidBody
INFORMATION: Created 1466aac3950.
Sept. 13, 2026 12:41:20 AM com.jme3.bullet.objects.PhysicsRigidBody rebuildRigidBody
INFORMATION: Created 1466aac5600.
Sept. 13, 2026 12:41:20 AM com.jme3.bullet.objects.PhysicsRigidBody rebuildRigidBody
INFORMATION: Created 1466aac62c0.
Sept. 13, 2026 12:41:20 AM com.jme3.bullet.objects.PhysicsRigidBody rebuildRigidBody
INFORMATION: Created 1466aac4610.
Sept. 13, 2026 12:41:20 AM com.jme3.bullet.objects.PhysicsRigidBody rebuildRigidBody
INFORMATION: Created 1466aac4940.
Sept. 13, 2026 12:41:20 AM com.jme3.bullet.objects.PhysicsRigidBody rebuildRigidBody
INFORMATION: Created 1466aac3620.
Sept. 13, 2026 12:41:20 AM com.jme3.bullet.objects.PhysicsRigidBody rebuildRigidBody
INFORMATION: Created 1466aab7a10.
Sept. 13, 2026 12:41:20 AM com.jme3.bullet.objects.PhysicsRigidBody rebuildRigidBody
INFORMATION: Created 1466aab8a00.
Sept. 13, 2026 12:41:20 AM com.jme3.bullet.objects.PhysicsRigidBody rebuildRigidBody
INFORMATION: Created 1466aab9d20.
Sept. 13, 2026 12:41:20 AM com.jme3.bullet.objects.PhysicsRigidBody rebuildRigidBody
INFORMATION: Created 1466aab99f0.
Sept. 13, 2026 12:41:20 AM com.jme3.bullet.objects.PhysicsRigidBody rebuildRigidBody
INFORMATION: Created 1466aab76e0.
Sept. 13, 2026 12:41:20 AM com.jme3.bullet.objects.PhysicsRigidBody rebuildRigidBody
INFORMATION: Created 1466aaba050.
Sept. 13, 2026 12:41:20 AM com.jme3.bullet.objects.PhysicsRigidBody rebuildRigidBody
INFORMATION: Created 1466aab7d40.
Sept. 13, 2026 12:41:20 AM com.jme3.bullet.objects.PhysicsRigidBody rebuildRigidBody
INFORMATION: Created 1466aab83a0.
Sept. 13, 2026 12:41:20 AM com.jme3.bullet.objects.PhysicsRigidBody rebuildRigidBody
INFORMATION: Created 1466aab96c0.
Sept. 13, 2026 12:41:20 AM com.jme3.bullet.objects.PhysicsRigidBody rebuildRigidBody
INFORMATION: Created 1466aaba380.
Sept. 13, 2026 12:41:20 AM com.jme3.bullet.objects.PhysicsRigidBody rebuildRigidBody
INFORMATION: Created 1466aaba6b0.
Sept. 13, 2026 12:41:20 AM com.jme3.bullet.objects.PhysicsRigidBody rebuildRigidBody
INFORMATION: Created 1466aab8070.
Sept. 13, 2026 12:41:20 AM com.jme3.bullet.objects.PhysicsRigidBody rebuildRigidBody
INFORMATION: Created 1466aab7080.
Sept. 13, 2026 12:41:20 AM com.jme3.bullet.objects.PhysicsRigidBody rebuildRigidBody
INFORMATION: Created 1466aab9060.
Sept. 13, 2026 12:41:20 AM com.jme3.bullet.objects.PhysicsRigidBody rebuildRigidBody
INFORMATION: Created 1466aab6d50.
Sept. 13, 2026 12:41:20 AM com.jme3.bullet.objects.PhysicsRigidBody rebuildRigidBody
INFORMATION: Created 1466aab73b0.
Sept. 13, 2026 12:41:20 AM com.jme3.bullet.objects.PhysicsRigidBody rebuildRigidBody
INFORMATION: Created 1466aab6a20.
Sept. 13, 2026 12:41:20 AM com.jme3.bullet.objects.PhysicsRigidBody rebuildRigidBody
INFORMATION: Created 1466aaba9e0.
Sept. 13, 2026 12:41:20 AM com.jme3.bullet.objects.PhysicsRigidBody rebuildRigidBody
INFORMATION: Created 1466aabc030.
Sept. 13, 2026 12:41:20 AM com.jme3.bullet.objects.PhysicsRigidBody rebuildRigidBody
INFORMATION: Created 1466aab9390.
Sept. 13, 2026 12:41:20 AM com.jme3.bullet.objects.PhysicsRigidBody rebuildRigidBody
INFORMATION: Created 1466aabb040.
Sept. 13, 2026 12:41:20 AM com.jme3.bullet.objects.PhysicsRigidBody rebuildRigidBody
INFORMATION: Created 1466aabb370.
Sept. 13, 2026 12:41:20 AM com.jme3.bullet.objects.PhysicsRigidBody rebuildRigidBody
INFORMATION: Created 1466aabb6a0.
Sept. 13, 2026 12:41:20 AM com.jme3.bullet.objects.PhysicsRigidBody rebuildRigidBody
INFORMATION: Created 1466aab8d30.
Sept. 13, 2026 12:41:20 AM com.jme3.bullet.objects.PhysicsRigidBody rebuildRigidBody
INFORMATION: Created 1466aabb9d0.
Sept. 13, 2026 12:41:20 AM com.jme3.bullet.objects.PhysicsRigidBody rebuildRigidBody
INFORMATION: Created 1466aabad10.
Sept. 13, 2026 12:41:20 AM com.jme3.bullet.objects.PhysicsRigidBody rebuildRigidBody
INFORMATION: Created 1466aabc360.
Sept. 13, 2026 12:41:20 AM com.jme3.bullet.objects.PhysicsRigidBody rebuildRigidBody
INFORMATION: Created 1466aabbd00.
Sept. 13, 2026 12:41:20 AM com.jme3.bullet.objects.PhysicsRigidBody rebuildRigidBody
INFORMATION: Created 1466aab86d0.
Sept. 13, 2026 12:41:20 AM com.jme3.bullet.objects.PhysicsRigidBody rebuildRigidBody
INFORMATION: Created 1466aabe670.
Sept. 13, 2026 12:41:20 AM com.jme3.bullet.objects.PhysicsRigidBody rebuildRigidBody
INFORMATION: Created 1466aabd680.
Sept. 13, 2026 12:41:20 AM com.jme3.bullet.objects.PhysicsRigidBody rebuildRigidBody
INFORMATION: Created 1466aabe340.
Sept. 13, 2026 12:41:20 AM com.jme3.bullet.objects.PhysicsRigidBody rebuildRigidBody
INFORMATION: Created 1466aabecd0.
Sept. 13, 2026 12:41:20 AM com.jme3.bullet.objects.PhysicsRigidBody rebuildRigidBody
INFORMATION: Created 1466aabe9a0.
Sept. 13, 2026 12:41:20 AM com.jme3.bullet.objects.PhysicsRigidBody rebuildRigidBody
INFORMATION: Created 1466aabc9c0.
Sept. 13, 2026 12:41:20 AM com.jme3.bullet.objects.PhysicsRigidBody rebuildRigidBody
INFORMATION: Created 1466aabc690.
Sept. 13, 2026 12:41:20 AM com.jme3.bullet.objects.PhysicsRigidBody rebuildRigidBody
INFORMATION: Created 1466aabd350.
Sept. 13, 2026 12:41:20 AM com.jme3.bullet.objects.PhysicsRigidBody rebuildRigidBody
INFORMATION: Created 1466aabf000.
[GAME] Willkommen im Ödland. Folge dem Feuer zu Mira. [E]
Sept. 13, 2026 12:41:20 AM com.jme3.anim.SkinningControl controlRender
INFORMATION: Hardware skinning engaged for Scene (Node)
Sept. 13, 2026 12:41:20 AM com.jme3.anim.SkinningControl controlRender
INFORMATION: Hardware skinning engaged for Scene (Node)
Sept. 13, 2026 12:41:20 AM com.jme3.anim.SkinningControl controlRender
INFORMATION: Hardware skinning engaged for Scene (Node)
Sept. 13, 2026 12:41:20 AM com.jme3.anim.SkinningControl controlRender
INFORMATION: Hardware skinning engaged for Scene (Node)
[SMOKE] stage 2
[SMOKE] stage 3
[CHECK] WASD must move the physical character
[CHECK] Physics space belongs to the render thread
[SMOKE] stage 4
[SMOKE] stage 5
[SMOKE] stage 6
Sept. 13, 2026 12:41:33 AM com.jme3.bullet.objects.PhysicsRigidBody rebuildRigidBody
INFORMATION: Created 1466aac0650.
Sept. 13, 2026 12:41:33 AM com.jme3.bullet.objects.PhysicsRigidBody rebuildRigidBody
INFORMATION: Created 1466aabfcc0.
Sept. 13, 2026 12:41:33 AM com.jme3.bullet.objects.PhysicsRigidBody rebuildRigidBody
INFORMATION: Created 1466aac0320.
Sept. 13, 2026 12:41:33 AM com.jme3.bullet.objects.PhysicsRigidBody rebuildRigidBody
INFORMATION: Created 1466aac0980.
Sept. 13, 2026 12:41:33 AM com.jme3.bullet.objects.PhysicsRigidBody rebuildRigidBody
INFORMATION: Created 1466aabccf0.
Sept. 13, 2026 12:41:33 AM com.jme3.bullet.objects.PhysicsRigidBody rebuildRigidBody
INFORMATION: Created 1466aabd9b0.
Sept. 13, 2026 12:41:33 AM com.jme3.bullet.objects.PhysicsRigidBody rebuildRigidBody
INFORMATION: Created 1466aac0cb0.
Sept. 13, 2026 12:41:33 AM com.jme3.bullet.objects.PhysicsRigidBody rebuildRigidBody
INFORMATION: Created 1466aabd020.
Sept. 13, 2026 12:41:33 AM com.jme3.bullet.objects.PhysicsRigidBody rebuildRigidBody
INFORMATION: Created 1466aac0fe0.
Sept. 13, 2026 12:41:33 AM com.jme3.bullet.objects.PhysicsRigidBody rebuildRigidBody
INFORMATION: Created 1466aac1310.
Sept. 13, 2026 12:41:33 AM com.jme3.bullet.objects.PhysicsRigidBody rebuildRigidBody
INFORMATION: Created 1466aac1640.
Sept. 13, 2026 12:41:33 AM com.jme3.bullet.objects.PhysicsRigidBody rebuildRigidBody
INFORMATION: Created 1466aac1970.
Sept. 13, 2026 12:41:33 AM com.jme3.bullet.objects.PhysicsRigidBody rebuildRigidBody
INFORMATION: Created 1466aabdce0.
Sept. 13, 2026 12:41:33 AM com.jme3.bullet.objects.PhysicsRigidBody rebuildRigidBody
INFORMATION: Created 1466aac1ca0.
Sept. 13, 2026 12:41:33 AM com.jme3.bullet.objects.PhysicsRigidBody rebuildRigidBody
INFORMATION: Created 1466aabe010.
Sept. 13, 2026 12:41:33 AM com.jme3.bullet.objects.PhysicsRigidBody rebuildRigidBody
INFORMATION: Created 1466aac1fd0.
Sept. 13, 2026 12:41:33 AM com.jme3.bullet.objects.PhysicsRigidBody rebuildRigidBody
INFORMATION: Created 1466aac2300.
Sept. 13, 2026 12:41:33 AM com.jme3.bullet.objects.PhysicsRigidBody rebuildRigidBody
INFORMATION: Created 1466aac2630.
Sept. 13, 2026 12:41:33 AM com.jme3.bullet.objects.PhysicsRigidBody rebuildRigidBody
INFORMATION: Created 1466aac2960.
Sept. 13, 2026 12:41:33 AM com.jme3.bullet.objects.PhysicsRigidBody rebuildRigidBody
INFORMATION: Created 1466aac2c90.
Sept. 13, 2026 12:41:33 AM com.jme3.bullet.objects.PhysicsRigidBody rebuildRigidBody
INFORMATION: Created 1466aac2fc0.
Sept. 13, 2026 12:41:33 AM com.jme3.bullet.objects.PhysicsRigidBody rebuildRigidBody
INFORMATION: Created 1466aac32f0.
Sept. 13, 2026 12:41:33 AM com.jme3.bullet.objects.PhysicsRigidBody rebuildRigidBody
INFORMATION: Created 1466b205470.
Sept. 13, 2026 12:41:33 AM com.jme3.bullet.objects.PhysicsRigidBody rebuildRigidBody
INFORMATION: Created 1466b206130.
Sept. 13, 2026 12:41:33 AM com.jme3.bullet.objects.PhysicsRigidBody rebuildRigidBody
INFORMATION: Created 1466b207780.
Sept. 13, 2026 12:41:33 AM com.jme3.bullet.objects.PhysicsRigidBody rebuildRigidBody
INFORMATION: Created 1466b207ab0.
Sept. 13, 2026 12:41:33 AM com.jme3.bullet.objects.PhysicsRigidBody rebuildRigidBody
INFORMATION: Created 1466b206df0.
Sept. 13, 2026 12:41:33 AM com.jme3.bullet.objects.PhysicsRigidBody rebuildRigidBody
INFORMATION: Created 1466b206790.
Sept. 13, 2026 12:41:33 AM com.jme3.bullet.objects.PhysicsRigidBody rebuildRigidBody
INFORMATION: Created 1466b207de0.
Sept. 13, 2026 12:41:33 AM com.jme3.bullet.objects.PhysicsRigidBody rebuildRigidBody
INFORMATION: Created 1466b2057a0.
Sept. 13, 2026 12:41:33 AM com.jme3.bullet.objects.PhysicsRigidBody rebuildRigidBody
INFORMATION: Created 1466b204480.
Sept. 13, 2026 12:41:33 AM com.jme3.bullet.objects.PhysicsRigidBody rebuildRigidBody
INFORMATION: Created 1466b206ac0.
Sept. 13, 2026 12:41:33 AM com.jme3.bullet.objects.PhysicsRigidBody rebuildRigidBody
INFORMATION: Created 1466b205140.
Sept. 13, 2026 12:41:33 AM com.jme3.bullet.objects.PhysicsRigidBody rebuildRigidBody
INFORMATION: Created 1466b207450.
Sept. 13, 2026 12:41:33 AM com.jme3.bullet.objects.PhysicsRigidBody rebuildRigidBody
INFORMATION: Created 1466b205ad0.
Sept. 13, 2026 12:41:33 AM com.jme3.bullet.objects.PhysicsRigidBody rebuildRigidBody
INFORMATION: Created 1466b207120.
Sept. 13, 2026 12:41:33 AM com.jme3.bullet.objects.PhysicsRigidBody rebuildRigidBody
INFORMATION: Created 1466b208110.
Sept. 13, 2026 12:41:33 AM com.jme3.bullet.objects.PhysicsRigidBody rebuildRigidBody
INFORMATION: Created 1466b204ae0.
Sept. 13, 2026 12:41:33 AM com.jme3.bullet.objects.PhysicsRigidBody rebuildRigidBody
INFORMATION: Created 1466b208440.
Sept. 13, 2026 12:41:33 AM com.jme3.bullet.objects.PhysicsRigidBody rebuildRigidBody
INFORMATION: Created 1466b205e00.
Sept. 13, 2026 12:41:33 AM com.jme3.bullet.objects.PhysicsRigidBody rebuildRigidBody
INFORMATION: Created 1466b206460.
Sept. 13, 2026 12:41:33 AM com.jme3.bullet.objects.PhysicsRigidBody rebuildRigidBody
INFORMATION: Created 1466b2047b0.
Sept. 13, 2026 12:41:33 AM com.jme3.bullet.objects.PhysicsRigidBody rebuildRigidBody
INFORMATION: Created 1466b208770.
Sept. 13, 2026 12:41:33 AM com.jme3.bullet.objects.PhysicsRigidBody rebuildRigidBody
INFORMATION: Created 1466b208aa0.
Sept. 13, 2026 12:41:33 AM com.jme3.bullet.objects.PhysicsRigidBody rebuildRigidBody
INFORMATION: Created 1466b204e10.
Sept. 13, 2026 12:41:33 AM com.jme3.bullet.objects.PhysicsRigidBody rebuildRigidBody
INFORMATION: Created 1466b20b740.
Sept. 13, 2026 12:41:33 AM com.jme3.bullet.objects.PhysicsRigidBody rebuildRigidBody
INFORMATION: Created 1466b20b410.
Sept. 13, 2026 12:41:33 AM com.jme3.bullet.objects.PhysicsRigidBody rebuildRigidBody
INFORMATION: Created 1466b20bda0.
Sept. 13, 2026 12:41:33 AM com.jme3.bullet.objects.PhysicsRigidBody rebuildRigidBody
INFORMATION: Created 1466b209dc0.
Sept. 13, 2026 12:41:33 AM com.jme3.bullet.objects.PhysicsRigidBody rebuildRigidBody
INFORMATION: Created 1466b20a0f0.
Sept. 13, 2026 12:41:33 AM com.jme3.bullet.objects.PhysicsRigidBody rebuildRigidBody
INFORMATION: Created 1466b20aa80.
Sept. 13, 2026 12:41:33 AM com.jme3.bullet.objects.PhysicsRigidBody rebuildRigidBody
INFORMATION: Created 1466b20a420.
Sept. 13, 2026 12:41:33 AM com.jme3.bullet.objects.PhysicsRigidBody rebuildRigidBody
INFORMATION: Created 1466b208dd0.
Sept. 13, 2026 12:41:33 AM com.jme3.bullet.objects.PhysicsRigidBody rebuildRigidBody
INFORMATION: Created 1466b20c0d0.
Sept. 13, 2026 12:41:33 AM com.jme3.bullet.objects.PhysicsRigidBody rebuildRigidBody
INFORMATION: Created 1466b209430.
Sept. 13, 2026 12:41:33 AM com.jme3.bullet.objects.PhysicsRigidBody rebuildRigidBody
INFORMATION: Created 1466b209100.
Sept. 13, 2026 12:41:33 AM com.jme3.bullet.objects.PhysicsRigidBody rebuildRigidBody
INFORMATION: Created 1466b20a750.
Sept. 13, 2026 12:41:33 AM com.jme3.bullet.objects.PhysicsRigidBody rebuildRigidBody
INFORMATION: Created 1466b209760.
Sept. 13, 2026 12:41:33 AM com.jme3.bullet.objects.PhysicsRigidBody rebuildRigidBody
INFORMATION: Created 1466b20ba70.
Sept. 13, 2026 12:41:33 AM com.jme3.bullet.objects.PhysicsRigidBody rebuildRigidBody
INFORMATION: Created 1466b20b0e0.
Sept. 13, 2026 12:41:33 AM com.jme3.bullet.objects.PhysicsRigidBody rebuildRigidBody
INFORMATION: Created 1466b209a90.
Sept. 13, 2026 12:41:33 AM com.jme3.bullet.objects.PhysicsRigidBody rebuildRigidBody
INFORMATION: Created 14613924c00.
Sept. 13, 2026 12:41:33 AM com.jme3.bullet.objects.PhysicsRigidBody rebuildRigidBody
INFORMATION: Created 146139248d0.
Sept. 13, 2026 12:41:33 AM com.jme3.bullet.objects.PhysicsRigidBody rebuildRigidBody
INFORMATION: Created 14613926580.
Sept. 13, 2026 12:41:33 AM com.jme3.bullet.objects.PhysicsRigidBody rebuildRigidBody
INFORMATION: Created 14613924f30.
Sept. 13, 2026 12:41:33 AM com.jme3.bullet.objects.PhysicsRigidBody rebuildRigidBody
INFORMATION: Created 14613925260.
Sept. 13, 2026 12:41:33 AM com.jme3.bullet.objects.PhysicsRigidBody rebuildRigidBody
INFORMATION: Created 14613927240.
Sept. 13, 2026 12:41:33 AM com.jme3.bullet.objects.PhysicsRigidBody rebuildRigidBody
INFORMATION: Created 14613926250.
Sept. 13, 2026 12:41:33 AM com.jme3.bullet.objects.PhysicsRigidBody rebuildRigidBody
INFORMATION: Created 146139268b0.
Sept. 13, 2026 12:41:33 AM com.jme3.bullet.objects.PhysicsRigidBody rebuildRigidBody
INFORMATION: Created 14613925bf0.
Sept. 13, 2026 12:41:33 AM com.jme3.bullet.objects.PhysicsRigidBody rebuildRigidBody
INFORMATION: Created 14613925590.
Sept. 13, 2026 12:41:33 AM com.jme3.bullet.objects.PhysicsRigidBody rebuildRigidBody
INFORMATION: Created 146139278a0.
Sept. 13, 2026 12:41:33 AM com.jme3.bullet.objects.PhysicsRigidBody rebuildRigidBody
INFORMATION: Created 14613926be0.
Sept. 13, 2026 12:41:33 AM com.jme3.bullet.objects.PhysicsRigidBody rebuildRigidBody
INFORMATION: Created 14613926f10.
Sept. 13, 2026 12:41:33 AM com.jme3.bullet.objects.PhysicsRigidBody rebuildRigidBody
INFORMATION: Created 14613927570.
Sept. 13, 2026 12:41:33 AM com.jme3.bullet.objects.PhysicsRigidBody rebuildRigidBody
INFORMATION: Created 146139258c0.
Sept. 13, 2026 12:41:33 AM com.jme3.bullet.objects.PhysicsRigidBody rebuildRigidBody
INFORMATION: Created 14613925f20.
Sept. 13, 2026 12:41:33 AM com.jme3.bullet.objects.PhysicsRigidBody rebuildRigidBody
INFORMATION: Created 14613927bd0.
Sept. 13, 2026 12:41:33 AM com.jme3.bullet.objects.PhysicsRigidBody rebuildRigidBody
INFORMATION: Created 14613927f00.
Sept. 13, 2026 12:41:33 AM com.jme3.bullet.objects.PhysicsRigidBody rebuildRigidBody
INFORMATION: Created 14613928230.
Sept. 13, 2026 12:41:33 AM com.jme3.bullet.objects.PhysicsRigidBody rebuildRigidBody
INFORMATION: Created 146139245a0.
Sept. 13, 2026 12:41:33 AM com.jme3.bullet.objects.PhysicsRigidBody rebuildRigidBody
INFORMATION: Created 1461392a540.
Sept. 13, 2026 12:41:33 AM com.jme3.bullet.objects.PhysicsRigidBody rebuildRigidBody
INFORMATION: Created 14613929220.
Sept. 13, 2026 12:41:33 AM com.jme3.bullet.objects.PhysicsRigidBody rebuildRigidBody
INFORMATION: Created 1461392c1f0.
Sept. 13, 2026 12:41:33 AM com.jme3.bullet.objects.PhysicsRigidBody rebuildRigidBody
INFORMATION: Created 14613929ee0.
Sept. 13, 2026 12:41:33 AM com.jme3.bullet.objects.PhysicsRigidBody rebuildRigidBody
INFORMATION: Created 14613928890.
Sept. 13, 2026 12:41:33 AM com.jme3.bullet.objects.PhysicsRigidBody rebuildRigidBody
INFORMATION: Created 1461392bec0.
Sept. 13, 2026 12:41:33 AM com.jme3.bullet.objects.PhysicsRigidBody rebuildRigidBody
INFORMATION: Created 14613929550.
Sept. 13, 2026 12:41:33 AM com.jme3.bullet.objects.PhysicsRigidBody rebuildRigidBody
INFORMATION: Created 1461392bb90.
Sept. 13, 2026 12:41:33 AM com.jme3.bullet.objects.PhysicsRigidBody rebuildRigidBody
INFORMATION: Created 1461392a210.
Sept. 13, 2026 12:41:33 AM com.jme3.bullet.objects.PhysicsRigidBody rebuildRigidBody
INFORMATION: Created 14613928560.
Sept. 13, 2026 12:41:33 AM com.jme3.bullet.objects.PhysicsRigidBody rebuildRigidBody
INFORMATION: Created 14613929880.
Sept. 13, 2026 12:41:33 AM com.jme3.bullet.objects.PhysicsRigidBody rebuildRigidBody
INFORMATION: Created 1461392aba0.
Sept. 13, 2026 12:41:33 AM com.jme3.bullet.objects.PhysicsRigidBody rebuildRigidBody
INFORMATION: Created 1461392c850.
Sept. 13, 2026 12:41:33 AM com.jme3.bullet.objects.PhysicsRigidBody rebuildRigidBody
INFORMATION: Created 1461392a870.
Sept. 13, 2026 12:41:33 AM com.jme3.bullet.objects.PhysicsRigidBody rebuildRigidBody
INFORMATION: Created 1461392aed0.
Sept. 13, 2026 12:41:33 AM com.jme3.bullet.objects.PhysicsRigidBody rebuildRigidBody
INFORMATION: Created 1461392b200.
Sept. 13, 2026 12:41:33 AM com.jme3.bullet.objects.PhysicsRigidBody rebuildRigidBody
INFORMATION: Created 1461392c520.
Sept. 13, 2026 12:41:33 AM com.jme3.bullet.objects.PhysicsRigidBody rebuildRigidBody
INFORMATION: Created 14613928bc0.
Sept. 13, 2026 12:41:33 AM com.jme3.bullet.objects.PhysicsRigidBody rebuildRigidBody
INFORMATION: Created 14613929bb0.
Sept. 13, 2026 12:41:33 AM com.jme3.bullet.objects.PhysicsRigidBody rebuildRigidBody
INFORMATION: Created 1461392b530.
Sept. 13, 2026 12:41:33 AM com.jme3.bullet.objects.PhysicsRigidBody rebuildRigidBody
INFORMATION: Created 1461392cb80.
Sept. 13, 2026 12:41:33 AM com.jme3.bullet.objects.PhysicsRigidBody rebuildRigidBody
INFORMATION: Created 1461392b860.
Sept. 13, 2026 12:41:33 AM com.jme3.bullet.objects.PhysicsRigidBody rebuildRigidBody
INFORMATION: Created 14613928ef0.
Sept. 13, 2026 12:41:33 AM com.jme3.bullet.objects.PhysicsRigidBody rebuildRigidBody
INFORMATION: Created 1461392db70.
Sept. 13, 2026 12:41:33 AM com.jme3.bullet.objects.PhysicsRigidBody rebuildRigidBody
INFORMATION: Created 1461392d840.
Sept. 13, 2026 12:41:33 AM com.jme3.bullet.objects.PhysicsRigidBody rebuildRigidBody
INFORMATION: Created 1461392f820.
Sept. 13, 2026 12:41:33 AM com.jme3.bullet.objects.PhysicsRigidBody rebuildRigidBody
INFORMATION: Created 1461392ee90.
Sept. 13, 2026 12:41:33 AM com.jme3.bullet.objects.PhysicsRigidBody rebuildRigidBody
INFORMATION: Created 1461392e500.
Sept. 13, 2026 12:41:33 AM com.jme3.bullet.objects.PhysicsRigidBody rebuildRigidBody
INFORMATION: Created 1461392fb50.
Sept. 13, 2026 12:41:33 AM com.jme3.bullet.objects.PhysicsRigidBody rebuildRigidBody
INFORMATION: Created 14613930810.
Sept. 13, 2026 12:41:33 AM com.jme3.bullet.objects.PhysicsRigidBody rebuildRigidBody
INFORMATION: Created 1461392dea0.
Sept. 13, 2026 12:41:33 AM com.jme3.bullet.objects.PhysicsRigidBody rebuildRigidBody
INFORMATION: Created 1461392e1d0.
Sept. 13, 2026 12:41:33 AM com.jme3.bullet.objects.PhysicsRigidBody rebuildRigidBody
INFORMATION: Created 1461392f1c0.
Sept. 13, 2026 12:41:33 AM com.jme3.bullet.objects.PhysicsRigidBody rebuildRigidBody
INFORMATION: Created 1461392f4f0.
Sept. 13, 2026 12:41:33 AM com.jme3.bullet.objects.PhysicsRigidBody rebuildRigidBody
INFORMATION: Created 1461392fe80.
Sept. 13, 2026 12:41:33 AM com.jme3.bullet.objects.PhysicsRigidBody rebuildRigidBody
INFORMATION: Created 1461392eb60.
Sept. 13, 2026 12:41:33 AM com.jme3.bullet.objects.PhysicsRigidBody rebuildRigidBody
INFORMATION: Created 146139301b0.
Sept. 13, 2026 12:41:33 AM com.jme3.bullet.objects.PhysicsRigidBody rebuildRigidBody
INFORMATION: Created 1461392e830.
Sept. 13, 2026 12:41:33 AM com.jme3.bullet.objects.PhysicsRigidBody rebuildRigidBody
INFORMATION: Created 146139304e0.
Sept. 13, 2026 12:41:33 AM com.jme3.bullet.objects.PhysicsRigidBody rebuildRigidBody
INFORMATION: Created 14613930b40.
Sept. 13, 2026 12:41:33 AM com.jme3.bullet.objects.PhysicsRigidBody rebuildRigidBody
INFORMATION: Created 1461392ceb0.
Sept. 13, 2026 12:41:33 AM com.jme3.bullet.objects.PhysicsRigidBody rebuildRigidBody
INFORMATION: Created 14613930e70.
Sept. 13, 2026 12:41:33 AM com.jme3.bullet.objects.PhysicsRigidBody rebuildRigidBody
INFORMATION: Created 1461392d1e0.
Sept. 13, 2026 12:41:33 AM com.jme3.bullet.objects.PhysicsRigidBody rebuildRigidBody
INFORMATION: Created 1461392d510.
Sept. 13, 2026 12:41:33 AM com.jme3.bullet.objects.PhysicsRigidBody rebuildRigidBody
INFORMATION: Created 14613931800.
Sept. 13, 2026 12:41:33 AM com.jme3.bullet.objects.PhysicsRigidBody rebuildRigidBody
INFORMATION: Created 14613931b30.
Sept. 13, 2026 12:41:33 AM com.jme3.bullet.objects.PhysicsRigidBody rebuildRigidBody
INFORMATION: Created 146139334b0.
Sept. 13, 2026 12:41:33 AM com.jme3.bullet.objects.PhysicsRigidBody rebuildRigidBody
INFORMATION: Created 146139327f0.
Sept. 13, 2026 12:41:33 AM com.jme3.bullet.objects.PhysicsRigidBody rebuildRigidBody
INFORMATION: Created 14613932b20.
Sept. 13, 2026 12:41:33 AM com.jme3.bullet.objects.PhysicsRigidBody rebuildRigidBody
INFORMATION: Created 14613932190.
Sept. 13, 2026 12:41:33 AM com.jme3.bullet.objects.PhysicsRigidBody rebuildRigidBody
INFORMATION: Created 146139324c0.
Sept. 13, 2026 12:41:33 AM com.jme3.bullet.objects.PhysicsRigidBody rebuildRigidBody
INFORMATION: Created 14613931e60.
Sept. 13, 2026 12:41:33 AM com.jme3.bullet.objects.PhysicsRigidBody rebuildRigidBody
INFORMATION: Created 146139311a0.
Sept. 13, 2026 12:41:33 AM com.jme3.bullet.objects.PhysicsRigidBody rebuildRigidBody
INFORMATION: Created 14613932e50.
Sept. 13, 2026 12:41:33 AM com.jme3.bullet.objects.PhysicsRigidBody rebuildRigidBody
INFORMATION: Created 14613934170.
Sept. 13, 2026 12:41:33 AM com.jme3.bullet.objects.PhysicsRigidBody rebuildRigidBody
INFORMATION: Created 14613933180.
Sept. 13, 2026 12:41:33 AM com.jme3.bullet.objects.PhysicsRigidBody rebuildRigidBody
INFORMATION: Created 146139337e0.
Sept. 13, 2026 12:41:33 AM com.jme3.bullet.objects.PhysicsRigidBody rebuildRigidBody
INFORMATION: Created 14613933e40.
Sept. 13, 2026 12:41:33 AM com.jme3.bullet.objects.PhysicsRigidBody rebuildRigidBody
INFORMATION: Created 14613933b10.
Sept. 13, 2026 12:41:33 AM com.jme3.bullet.objects.PhysicsRigidBody rebuildRigidBody
INFORMATION: Created 146139314d0.
Sept. 13, 2026 12:41:34 AM com.jme3.anim.SkinningControl controlRender
INFORMATION: Hardware skinning engaged for Scene (Node)
Sept. 13, 2026 12:41:34 AM com.jme3.anim.SkinningControl controlRender
INFORMATION: Hardware skinning engaged for Scene (Node)
Sept. 13, 2026 12:41:34 AM com.jme3.anim.SkinningControl controlRender
INFORMATION: Hardware skinning engaged for Scene (Node)
Sept. 13, 2026 12:41:34 AM com.jme3.anim.SkinningControl controlRender
INFORMATION: Hardware skinning engaged for Scene (Node)
Sept. 13, 2026 12:41:34 AM com.jme3.anim.SkinningControl controlRender
INFORMATION: Hardware skinning engaged for Scene (Node)
Sept. 13, 2026 12:41:34 AM com.jme3.anim.SkinningControl controlRender
INFORMATION: Hardware skinning engaged for Scene (Node)
Sept. 13, 2026 12:41:34 AM com.jme3.anim.SkinningControl controlRender
INFORMATION: Hardware skinning engaged for Scene (Node)
[SMOKE] stage 7
Sept. 13, 2026 12:41:35 AM com.jme3.bullet.objects.PhysicsRigidBody rebuildRigidBody
INFORMATION: Created 146138f4710.
Sept. 13, 2026 12:41:35 AM com.jme3.bullet.objects.PhysicsRigidBody rebuildRigidBody
INFORMATION: Created 146138f53d0.
Sept. 13, 2026 12:41:35 AM com.jme3.bullet.objects.PhysicsRigidBody rebuildRigidBody
INFORMATION: Created 146138f43e0.
Sept. 13, 2026 12:41:35 AM com.jme3.bullet.objects.PhysicsRigidBody rebuildRigidBody
INFORMATION: Created 146138f2730.
Sept. 13, 2026 12:41:35 AM com.jme3.bullet.objects.PhysicsRigidBody rebuildRigidBody
INFORMATION: Created 146138f40b0.
Sept. 13, 2026 12:41:35 AM com.jme3.bullet.objects.PhysicsRigidBody rebuildRigidBody
INFORMATION: Created 146138f2a60.
Sept. 13, 2026 12:41:35 AM com.jme3.bullet.objects.PhysicsRigidBody rebuildRigidBody
INFORMATION: Created 146138f30c0.
Sept. 13, 2026 12:41:35 AM com.jme3.bullet.objects.PhysicsRigidBody rebuildRigidBody
INFORMATION: Created 146138f1740.
Sept. 13, 2026 12:41:35 AM com.jme3.bullet.objects.PhysicsRigidBody rebuildRigidBody
INFORMATION: Created 146138f2d90.
Sept. 13, 2026 12:41:35 AM com.jme3.bullet.objects.PhysicsRigidBody rebuildRigidBody
INFORMATION: Created 146138f33f0.
Sept. 13, 2026 12:41:35 AM com.jme3.bullet.objects.PhysicsRigidBody rebuildRigidBody
INFORMATION: Created 146138f2400.
Sept. 13, 2026 12:41:35 AM com.jme3.bullet.objects.PhysicsRigidBody rebuildRigidBody
INFORMATION: Created 146138f3720.
Sept. 13, 2026 12:41:35 AM com.jme3.bullet.objects.PhysicsRigidBody rebuildRigidBody
INFORMATION: Created 146138f3a50.
Sept. 13, 2026 12:41:35 AM com.jme3.bullet.objects.PhysicsRigidBody rebuildRigidBody
INFORMATION: Created 146138f20d0.
Sept. 13, 2026 12:41:35 AM com.jme3.bullet.objects.PhysicsRigidBody rebuildRigidBody
INFORMATION: Created 146138f4a40.
Sept. 13, 2026 12:41:35 AM com.jme3.bullet.objects.PhysicsRigidBody rebuildRigidBody
INFORMATION: Created 146138f5700.
Sept. 13, 2026 12:41:35 AM com.jme3.bullet.objects.PhysicsRigidBody rebuildRigidBody
INFORMATION: Created 146138f4d70.
Sept. 13, 2026 12:41:35 AM com.jme3.bullet.objects.PhysicsRigidBody rebuildRigidBody
INFORMATION: Created 146138f3d80.
Sept. 13, 2026 12:41:35 AM com.jme3.bullet.objects.PhysicsRigidBody rebuildRigidBody
INFORMATION: Created 146138f1a70.
Sept. 13, 2026 12:41:35 AM com.jme3.bullet.objects.PhysicsRigidBody rebuildRigidBody
INFORMATION: Created 146138f5a30.
Sept. 13, 2026 12:41:35 AM com.jme3.bullet.objects.PhysicsRigidBody rebuildRigidBody
INFORMATION: Created 146138f50a0.
Sept. 13, 2026 12:41:35 AM com.jme3.bullet.objects.PhysicsRigidBody rebuildRigidBody
INFORMATION: Created 146138f1da0.
Sept. 13, 2026 12:41:35 AM com.jme3.bullet.objects.PhysicsRigidBody rebuildRigidBody
INFORMATION: Created 146138f73b0.
Sept. 13, 2026 12:41:35 AM com.jme3.bullet.objects.PhysicsRigidBody rebuildRigidBody
INFORMATION: Created 146138f8d30.
Sept. 13, 2026 12:41:35 AM com.jme3.bullet.objects.PhysicsRigidBody rebuildRigidBody
INFORMATION: Created 146138f76e0.
Sept. 13, 2026 12:41:35 AM com.jme3.bullet.objects.PhysicsRigidBody rebuildRigidBody
INFORMATION: Created 146138f6a20.
Sept. 13, 2026 12:41:35 AM com.jme3.bullet.objects.PhysicsRigidBody rebuildRigidBody
INFORMATION: Created 146138f86d0.
Sept. 13, 2026 12:41:35 AM com.jme3.bullet.objects.PhysicsRigidBody rebuildRigidBody
INFORMATION: Created 146138f63c0.
Sept. 13, 2026 12:41:35 AM com.jme3.bullet.objects.PhysicsRigidBody rebuildRigidBody
INFORMATION: Created 146138f66f0.
Sept. 13, 2026 12:41:35 AM com.jme3.bullet.objects.PhysicsRigidBody rebuildRigidBody
INFORMATION: Created 146138f9390.
Sept. 13, 2026 12:41:35 AM com.jme3.bullet.objects.PhysicsRigidBody rebuildRigidBody
INFORMATION: Created 146138f83a0.
Sept. 13, 2026 12:41:35 AM com.jme3.bullet.objects.PhysicsRigidBody rebuildRigidBody
INFORMATION: Created 146138f7a10.
Sept. 13, 2026 12:41:35 AM com.jme3.bullet.objects.PhysicsRigidBody rebuildRigidBody
INFORMATION: Created 146138f7d40.
Sept. 13, 2026 12:41:35 AM com.jme3.bullet.objects.PhysicsRigidBody rebuildRigidBody
INFORMATION: Created 146138f7080.
Sept. 13, 2026 12:41:35 AM com.jme3.bullet.objects.PhysicsRigidBody rebuildRigidBody
INFORMATION: Created 146138f6d50.
Sept. 13, 2026 12:41:35 AM com.jme3.bullet.objects.PhysicsRigidBody rebuildRigidBody
INFORMATION: Created 146138f9060.
Sept. 13, 2026 12:41:35 AM com.jme3.bullet.objects.PhysicsRigidBody rebuildRigidBody
INFORMATION: Created 146138f8070.
Sept. 13, 2026 12:41:35 AM com.jme3.bullet.objects.PhysicsRigidBody rebuildRigidBody
INFORMATION: Created 146138f8a00.
Sept. 13, 2026 12:41:35 AM com.jme3.bullet.objects.PhysicsRigidBody rebuildRigidBody
INFORMATION: Created 146138f96c0.
Sept. 13, 2026 12:41:35 AM com.jme3.bullet.objects.PhysicsRigidBody rebuildRigidBody
INFORMATION: Created 146138f99f0.
Sept. 13, 2026 12:41:35 AM com.jme3.bullet.objects.PhysicsRigidBody rebuildRigidBody
INFORMATION: Created 146138f5d60.
Sept. 13, 2026 12:41:35 AM com.jme3.bullet.objects.PhysicsRigidBody rebuildRigidBody
INFORMATION: Created 146138f9d20.
Sept. 13, 2026 12:41:35 AM com.jme3.bullet.objects.PhysicsRigidBody rebuildRigidBody
INFORMATION: Created 146138f6090.
Sept. 13, 2026 12:41:35 AM com.jme3.bullet.objects.PhysicsRigidBody rebuildRigidBody
INFORMATION: Created 146138fa380.
Sept. 13, 2026 12:41:35 AM com.jme3.bullet.objects.PhysicsRigidBody rebuildRigidBody
INFORMATION: Created 146138fc9c0.
Sept. 13, 2026 12:41:35 AM com.jme3.bullet.objects.PhysicsRigidBody rebuildRigidBody
INFORMATION: Created 146138fd680.
Sept. 13, 2026 12:41:35 AM com.jme3.bullet.objects.PhysicsRigidBody rebuildRigidBody
INFORMATION: Created 146138fbd00.
Sept. 13, 2026 12:41:35 AM com.jme3.bullet.objects.PhysicsRigidBody rebuildRigidBody
INFORMATION: Created 146138fb6a0.
Sept. 13, 2026 12:41:35 AM com.jme3.bullet.objects.PhysicsRigidBody rebuildRigidBody
INFORMATION: Created 146138fa9e0.
Sept. 13, 2026 12:41:35 AM com.jme3.bullet.objects.PhysicsRigidBody rebuildRigidBody
INFORMATION: Created 146138fb9d0.
Sept. 13, 2026 12:41:35 AM com.jme3.bullet.objects.PhysicsRigidBody rebuildRigidBody
INFORMATION: Created 146138fb040.
Sept. 13, 2026 12:41:35 AM com.jme3.bullet.objects.PhysicsRigidBody rebuildRigidBody
INFORMATION: Created 146138fa6b0.
Sept. 13, 2026 12:41:35 AM com.jme3.bullet.objects.PhysicsRigidBody rebuildRigidBody
INFORMATION: Created 146138fd020.
Sept. 13, 2026 12:41:35 AM com.jme3.bullet.objects.PhysicsRigidBody rebuildRigidBody
INFORMATION: Created 146138fd350.
Sept. 13, 2026 12:41:35 AM com.jme3.bullet.objects.PhysicsRigidBody rebuildRigidBody
INFORMATION: Created 146138fad10.
Sept. 13, 2026 12:41:35 AM com.jme3.bullet.objects.PhysicsRigidBody rebuildRigidBody
INFORMATION: Created 146138fd9b0.
Sept. 13, 2026 12:41:35 AM com.jme3.bullet.objects.PhysicsRigidBody rebuildRigidBody
INFORMATION: Created 146138fc690.
Sept. 13, 2026 12:41:35 AM com.jme3.bullet.objects.PhysicsRigidBody rebuildRigidBody
INFORMATION: Created 146138fb370.
Sept. 13, 2026 12:41:35 AM com.jme3.bullet.objects.PhysicsRigidBody rebuildRigidBody
INFORMATION: Created 146138fc030.
Sept. 13, 2026 12:41:35 AM com.jme3.bullet.objects.PhysicsRigidBody rebuildRigidBody
INFORMATION: Created 146138fc360.
Sept. 13, 2026 12:41:35 AM com.jme3.bullet.objects.PhysicsRigidBody rebuildRigidBody
INFORMATION: Created 146138fdce0.
Sept. 13, 2026 12:41:35 AM com.jme3.bullet.objects.PhysicsRigidBody rebuildRigidBody
INFORMATION: Created 146138fa050.
Sept. 13, 2026 12:41:35 AM com.jme3.bullet.objects.PhysicsRigidBody rebuildRigidBody
INFORMATION: Created 146138fe010.
Sept. 13, 2026 12:41:35 AM com.jme3.bullet.objects.PhysicsRigidBody rebuildRigidBody
INFORMATION: Created 146138fccf0.
Sept. 13, 2026 12:41:35 AM com.jme3.bullet.objects.PhysicsRigidBody rebuildRigidBody
INFORMATION: Created 146138ff000.
Sept. 13, 2026 12:41:35 AM com.jme3.bullet.objects.PhysicsRigidBody rebuildRigidBody
INFORMATION: Created 146138ff990.
Sept. 13, 2026 12:41:35 AM com.jme3.bullet.objects.PhysicsRigidBody rebuildRigidBody
INFORMATION: Created 146138fe9a0.
Sept. 13, 2026 12:41:35 AM com.jme3.bullet.objects.PhysicsRigidBody rebuildRigidBody
INFORMATION: Created 146138fe340.
Sept. 13, 2026 12:41:35 AM com.jme3.bullet.objects.PhysicsRigidBody rebuildRigidBody
INFORMATION: Created 146138fe670.
Sept. 13, 2026 12:41:35 AM com.jme3.bullet.objects.PhysicsRigidBody rebuildRigidBody
INFORMATION: Created 146138fecd0.
Sept. 13, 2026 12:41:35 AM com.jme3.bullet.objects.PhysicsRigidBody rebuildRigidBody
INFORMATION: Created 146138ffcc0.
Sept. 13, 2026 12:41:35 AM com.jme3.bullet.objects.PhysicsRigidBody rebuildRigidBody
INFORMATION: Created 146138ff660.
Sept. 13, 2026 12:41:35 AM com.jme3.bullet.objects.PhysicsRigidBody rebuildRigidBody
INFORMATION: Created 146138ff330.
Sept. 13, 2026 12:41:35 AM com.jme3.bullet.objects.PhysicsRigidBody rebuildRigidBody
INFORMATION: Created 146138ffff0.
Sept. 13, 2026 12:41:35 AM com.jme3.bullet.objects.PhysicsRigidBody rebuildRigidBody
INFORMATION: Created 14613900320.
Sept. 13, 2026 12:41:35 AM com.jme3.bullet.objects.PhysicsRigidBody rebuildRigidBody
INFORMATION: Created 14613900650.
Sept. 13, 2026 12:41:35 AM com.jme3.bullet.objects.PhysicsRigidBody rebuildRigidBody
INFORMATION: Created 14613900980.
Sept. 13, 2026 12:41:35 AM com.jme3.bullet.objects.PhysicsRigidBody rebuildRigidBody
INFORMATION: Created 14613900fe0.
Sept. 13, 2026 12:41:35 AM com.jme3.bullet.objects.PhysicsRigidBody rebuildRigidBody
INFORMATION: Created 14613900cb0.
Sept. 13, 2026 12:41:35 AM com.jme3.bullet.objects.PhysicsRigidBody rebuildRigidBody
INFORMATION: Created 14613901310.
Sept. 13, 2026 12:41:35 AM com.jme3.bullet.objects.PhysicsRigidBody rebuildRigidBody
INFORMATION: Created 1466bb95b20.
Sept. 13, 2026 12:41:35 AM com.jme3.bullet.objects.PhysicsRigidBody rebuildRigidBody
INFORMATION: Created 1466bb96180.
Sept. 13, 2026 12:41:35 AM com.jme3.bullet.objects.PhysicsRigidBody rebuildRigidBody
INFORMATION: Created 1466bb964b0.
Sept. 13, 2026 12:41:35 AM com.jme3.bullet.objects.PhysicsRigidBody rebuildRigidBody
INFORMATION: Created 1466bb95e50.
Sept. 13, 2026 12:41:35 AM com.jme3.bullet.objects.PhysicsRigidBody rebuildRigidBody
INFORMATION: Created 1466bb93e70.
Sept. 13, 2026 12:41:35 AM com.jme3.bullet.objects.PhysicsRigidBody rebuildRigidBody
INFORMATION: Created 1466bb934e0.
Sept. 13, 2026 12:41:35 AM com.jme3.bullet.objects.PhysicsRigidBody rebuildRigidBody
INFORMATION: Created 1466bb94800.
Sept. 13, 2026 12:41:35 AM com.jme3.bullet.objects.PhysicsRigidBody rebuildRigidBody
INFORMATION: Created 1466bb94b30.
Sept. 13, 2026 12:41:35 AM com.jme3.bullet.objects.PhysicsRigidBody rebuildRigidBody
INFORMATION: Created 1466bb93b40.
Sept. 13, 2026 12:41:35 AM com.jme3.bullet.objects.PhysicsRigidBody rebuildRigidBody
INFORMATION: Created 1466bb94e60.
Sept. 13, 2026 12:41:35 AM com.jme3.bullet.objects.PhysicsRigidBody rebuildRigidBody
INFORMATION: Created 1466bb93810.
Sept. 13, 2026 12:41:35 AM com.jme3.bullet.objects.PhysicsRigidBody rebuildRigidBody
INFORMATION: Created 1466bb944d0.
Sept. 13, 2026 12:41:35 AM com.jme3.bullet.objects.PhysicsRigidBody rebuildRigidBody
INFORMATION: Created 1466bb95190.
Sept. 13, 2026 12:41:35 AM com.jme3.bullet.objects.PhysicsRigidBody rebuildRigidBody
INFORMATION: Created 1466bb941a0.
Sept. 13, 2026 12:41:35 AM com.jme3.bullet.objects.PhysicsRigidBody rebuildRigidBody
INFORMATION: Created 1466bb954c0.
Sept. 13, 2026 12:41:35 AM com.jme3.bullet.objects.PhysicsRigidBody rebuildRigidBody
INFORMATION: Created 1466bb957f0.
Sept. 13, 2026 12:41:35 AM com.jme3.bullet.objects.PhysicsRigidBody rebuildRigidBody
INFORMATION: Created 1466bb86c10.
Sept. 13, 2026 12:41:35 AM com.jme3.bullet.objects.PhysicsRigidBody rebuildRigidBody
INFORMATION: Created 1466bb88bf0.
Sept. 13, 2026 12:41:35 AM com.jme3.bullet.objects.PhysicsRigidBody rebuildRigidBody
INFORMATION: Created 1466bb868e0.
Sept. 13, 2026 12:41:35 AM com.jme3.bullet.objects.PhysicsRigidBody rebuildRigidBody
INFORMATION: Created 1466bb878d0.
Sept. 13, 2026 12:41:35 AM com.jme3.bullet.objects.PhysicsRigidBody rebuildRigidBody
INFORMATION: Created 1466bb89580.
Sept. 13, 2026 12:41:35 AM com.jme3.bullet.objects.PhysicsRigidBody rebuildRigidBody
INFORMATION: Created 1466bb87f30.
Sept. 13, 2026 12:41:35 AM com.jme3.bullet.objects.PhysicsRigidBody rebuildRigidBody
INFORMATION: Created 1466bb8a240.
Sept. 13, 2026 12:41:35 AM com.jme3.bullet.objects.PhysicsRigidBody rebuildRigidBody
INFORMATION: Created 1466bb8a570.
Sept. 13, 2026 12:41:35 AM com.jme3.bullet.objects.PhysicsRigidBody rebuildRigidBody
INFORMATION: Created 1466bb87c00.
Sept. 13, 2026 12:41:35 AM com.jme3.bullet.objects.PhysicsRigidBody rebuildRigidBody
INFORMATION: Created 1466bb898b0.
Sept. 13, 2026 12:41:35 AM com.jme3.bullet.objects.PhysicsRigidBody rebuildRigidBody
INFORMATION: Created 1466bb88260.
Sept. 13, 2026 12:41:35 AM com.jme3.bullet.objects.PhysicsRigidBody rebuildRigidBody
INFORMATION: Created 1466bb875a0.
Sept. 13, 2026 12:41:35 AM com.jme3.bullet.objects.PhysicsRigidBody rebuildRigidBody
INFORMATION: Created 1466bb89be0.
Sept. 13, 2026 12:41:35 AM com.jme3.bullet.objects.PhysicsRigidBody rebuildRigidBody
INFORMATION: Created 1466bb88590.
Sept. 13, 2026 12:41:35 AM com.jme3.bullet.objects.PhysicsRigidBody rebuildRigidBody
INFORMATION: Created 1466bb8a8a0.
Sept. 13, 2026 12:41:35 AM com.jme3.bullet.objects.PhysicsRigidBody rebuildRigidBody
INFORMATION: Created 1466bb888c0.
Sept. 13, 2026 12:41:35 AM com.jme3.bullet.objects.PhysicsRigidBody rebuildRigidBody
INFORMATION: Created 1466bb88f20.
Sept. 13, 2026 12:41:35 AM com.jme3.bullet.objects.PhysicsRigidBody rebuildRigidBody
INFORMATION: Created 1466bb8abd0.
Sept. 13, 2026 12:41:35 AM com.jme3.bullet.objects.PhysicsRigidBody rebuildRigidBody
INFORMATION: Created 1466bb89f10.
Sept. 13, 2026 12:41:35 AM com.jme3.bullet.objects.PhysicsRigidBody rebuildRigidBody
INFORMATION: Created 1466bb86f40.
Sept. 13, 2026 12:41:35 AM com.jme3.bullet.objects.PhysicsRigidBody rebuildRigidBody
INFORMATION: Created 1466bb89250.
Sept. 13, 2026 12:41:35 AM com.jme3.bullet.objects.PhysicsRigidBody rebuildRigidBody
INFORMATION: Created 1466bb8af00.
Sept. 13, 2026 12:41:35 AM com.jme3.bullet.objects.PhysicsRigidBody rebuildRigidBody
INFORMATION: Created 1466bb87270.
Sept. 13, 2026 12:41:35 AM com.jme3.bullet.objects.PhysicsRigidBody rebuildRigidBody
INFORMATION: Created 1466bb8c880.
Sept. 13, 2026 12:41:35 AM com.jme3.bullet.objects.PhysicsRigidBody rebuildRigidBody
INFORMATION: Created 1466bb8cbb0.
Sept. 13, 2026 12:41:35 AM com.jme3.bullet.objects.PhysicsRigidBody rebuildRigidBody
INFORMATION: Created 1466bb8d870.
Sept. 13, 2026 12:41:35 AM com.jme3.bullet.objects.PhysicsRigidBody rebuildRigidBody
INFORMATION: Created 1466bb8b230.
Sept. 13, 2026 12:41:35 AM com.jme3.bullet.objects.PhysicsRigidBody rebuildRigidBody
INFORMATION: Created 1466bb8c220.
Sept. 13, 2026 12:41:35 AM com.jme3.bullet.objects.PhysicsRigidBody rebuildRigidBody
INFORMATION: Created 1466bb8e200.
Sept. 13, 2026 12:41:35 AM com.jme3.bullet.objects.PhysicsRigidBody rebuildRigidBody
INFORMATION: Created 1466bb8cee0.
Sept. 13, 2026 12:41:35 AM com.jme3.bullet.objects.PhysicsRigidBody rebuildRigidBody
INFORMATION: Created 1466bb8e530.
Sept. 13, 2026 12:41:35 AM com.jme3.bullet.objects.PhysicsRigidBody rebuildRigidBody
INFORMATION: Created 1466bb8d210.
Sept. 13, 2026 12:41:35 AM com.jme3.bullet.objects.PhysicsRigidBody rebuildRigidBody
INFORMATION: Created 1466bb8d540.
Sept. 13, 2026 12:41:35 AM com.jme3.bullet.objects.PhysicsRigidBody rebuildRigidBody
INFORMATION: Created 1466bb8b560.
Sept. 13, 2026 12:41:35 AM com.jme3.bullet.objects.PhysicsRigidBody rebuildRigidBody
INFORMATION: Created 1466bb8dba0.
Sept. 13, 2026 12:41:35 AM com.jme3.bullet.objects.PhysicsRigidBody rebuildRigidBody
INFORMATION: Created 1466bb8ded0.
Sept. 13, 2026 12:41:35 AM com.jme3.bullet.objects.PhysicsRigidBody rebuildRigidBody
INFORMATION: Created 1466bb8e860.
Sept. 13, 2026 12:41:35 AM com.jme3.bullet.objects.PhysicsRigidBody rebuildRigidBody
INFORMATION: Created 1466bb8eb90.
Sept. 13, 2026 12:41:35 AM com.jme3.bullet.objects.PhysicsRigidBody rebuildRigidBody
INFORMATION: Created 1466bb8eec0.
Sept. 13, 2026 12:41:35 AM com.jme3.bullet.objects.PhysicsRigidBody rebuildRigidBody
INFORMATION: Created 1466bb8f1f0.
Sept. 13, 2026 12:41:35 AM com.jme3.anim.SkinningControl controlRender
INFORMATION: Hardware skinning engaged for Scene (Node)
Sept. 13, 2026 12:41:35 AM com.jme3.anim.SkinningControl controlRender
INFORMATION: Hardware skinning engaged for Scene (Node)
Sept. 13, 2026 12:41:35 AM com.jme3.anim.SkinningControl controlRender
INFORMATION: Hardware skinning engaged for Scene (Node)
Sept. 13, 2026 12:41:35 AM com.jme3.anim.SkinningControl controlRender
INFORMATION: Hardware skinning engaged for Scene (Node)
Sept. 13, 2026 12:41:35 AM com.jme3.anim.SkinningControl controlRender
INFORMATION: Hardware skinning engaged for Scene (Node)
Sept. 13, 2026 12:41:35 AM com.jme3.anim.SkinningControl controlRender
INFORMATION: Hardware skinning engaged for Scene (Node)
Sept. 13, 2026 12:41:35 AM com.jme3.anim.SkinningControl controlRender
INFORMATION: Hardware skinning engaged for Scene (Node)
[SMOKE] stage 8
Sept. 13, 2026 12:41:38 AM com.jme3.bullet.objects.PhysicsRigidBody rebuildRigidBody
INFORMATION: Created 1466bb8f520.
Sept. 13, 2026 12:41:38 AM com.jme3.bullet.objects.PhysicsRigidBody rebuildRigidBody
INFORMATION: Created 1466bb8b890.
Sept. 13, 2026 12:41:38 AM com.jme3.bullet.objects.PhysicsRigidBody rebuildRigidBody
INFORMATION: Created 1466bb8f850.
Sept. 13, 2026 12:41:38 AM com.jme3.bullet.objects.PhysicsRigidBody rebuildRigidBody
INFORMATION: Created 1466bb8bbc0.
Sept. 13, 2026 12:41:38 AM com.jme3.bullet.objects.PhysicsRigidBody rebuildRigidBody
INFORMATION: Created 1466bb8fb80.
Sept. 13, 2026 12:41:38 AM com.jme3.bullet.objects.PhysicsRigidBody rebuildRigidBody
INFORMATION: Created 1466bb8bef0.
Sept. 13, 2026 12:41:38 AM com.jme3.bullet.objects.PhysicsRigidBody rebuildRigidBody
INFORMATION: Created 1466bb8feb0.
Sept. 13, 2026 12:41:38 AM com.jme3.bullet.objects.PhysicsRigidBody rebuildRigidBody
INFORMATION: Created 1466bb901e0.
Sept. 13, 2026 12:41:38 AM com.jme3.bullet.objects.PhysicsRigidBody rebuildRigidBody
INFORMATION: Created 1466bb8c550.
Sept. 13, 2026 12:41:38 AM com.jme3.bullet.objects.PhysicsRigidBody rebuildRigidBody
INFORMATION: Created 1466bb90510.
Sept. 13, 2026 12:41:38 AM com.jme3.bullet.objects.PhysicsRigidBody rebuildRigidBody
INFORMATION: Created 1466bb91b60.
Sept. 13, 2026 12:41:38 AM com.jme3.bullet.objects.PhysicsRigidBody rebuildRigidBody
INFORMATION: Created 1466bb91e90.
Sept. 13, 2026 12:41:38 AM com.jme3.bullet.objects.PhysicsRigidBody rebuildRigidBody
INFORMATION: Created 1466bb90840.
Sept. 13, 2026 12:41:38 AM com.jme3.bullet.objects.PhysicsRigidBody rebuildRigidBody
INFORMATION: Created 1466bb921c0.
Sept. 13, 2026 12:41:38 AM com.jme3.bullet.objects.PhysicsRigidBody rebuildRigidBody
INFORMATION: Created 1466bb92820.
Sept. 13, 2026 12:41:38 AM com.jme3.bullet.objects.PhysicsRigidBody rebuildRigidBody
INFORMATION: Created 1466bb90b70.
Sept. 13, 2026 12:41:38 AM com.jme3.bullet.objects.PhysicsRigidBody rebuildRigidBody
INFORMATION: Created 1466bb91500.
Sept. 13, 2026 12:41:38 AM com.jme3.bullet.objects.PhysicsRigidBody rebuildRigidBody
INFORMATION: Created 1466bb91830.
Sept. 13, 2026 12:41:38 AM com.jme3.bullet.objects.PhysicsRigidBody rebuildRigidBody
INFORMATION: Created 1466bb90ea0.
Sept. 13, 2026 12:41:38 AM com.jme3.bullet.objects.PhysicsRigidBody rebuildRigidBody
INFORMATION: Created 1466bb92e80.
Sept. 13, 2026 12:41:38 AM com.jme3.bullet.objects.PhysicsRigidBody rebuildRigidBody
INFORMATION: Created 1466bb911d0.
Sept. 13, 2026 12:41:38 AM com.jme3.bullet.objects.PhysicsRigidBody rebuildRigidBody
INFORMATION: Created 1466bb924f0.
Sept. 13, 2026 12:41:38 AM com.jme3.bullet.objects.PhysicsRigidBody rebuildRigidBody
INFORMATION: Created 1466bb92b50.
Sept. 13, 2026 12:41:38 AM com.jme3.bullet.objects.PhysicsRigidBody rebuildRigidBody
INFORMATION: Created 1466bb931b0.
Sept. 13, 2026 12:41:38 AM com.jme3.bullet.objects.PhysicsRigidBody rebuildRigidBody
INFORMATION: Created 146137b1e40.
Sept. 13, 2026 12:41:38 AM com.jme3.bullet.objects.PhysicsRigidBody rebuildRigidBody
INFORMATION: Created 146137b37c0.
Sept. 13, 2026 12:41:38 AM com.jme3.bullet.objects.PhysicsRigidBody rebuildRigidBody
INFORMATION: Created 146137b4480.
Sept. 13, 2026 12:41:38 AM com.jme3.bullet.objects.PhysicsRigidBody rebuildRigidBody
INFORMATION: Created 146137b47b0.
Sept. 13, 2026 12:41:38 AM com.jme3.bullet.objects.PhysicsRigidBody rebuildRigidBody
INFORMATION: Created 146137b3490.
Sept. 13, 2026 12:41:38 AM com.jme3.bullet.objects.PhysicsRigidBody rebuildRigidBody
INFORMATION: Created 146137b2170.
Sept. 13, 2026 12:41:38 AM com.jme3.bullet.objects.PhysicsRigidBody rebuildRigidBody
INFORMATION: Created 146137b14b0.
Sept. 13, 2026 12:41:38 AM com.jme3.bullet.objects.PhysicsRigidBody rebuildRigidBody
INFORMATION: Created 146137b3e20.
Sept. 13, 2026 12:41:38 AM com.jme3.bullet.objects.PhysicsRigidBody rebuildRigidBody
INFORMATION: Created 146137b4150.
Sept. 13, 2026 12:41:38 AM com.jme3.bullet.objects.PhysicsRigidBody rebuildRigidBody
INFORMATION: Created 146137b1180.
Sept. 13, 2026 12:41:38 AM com.jme3.bullet.objects.PhysicsRigidBody rebuildRigidBody
INFORMATION: Created 146137b4ae0.
Sept. 13, 2026 12:41:38 AM com.jme3.bullet.objects.PhysicsRigidBody rebuildRigidBody
INFORMATION: Created 146137b24a0.
Sept. 13, 2026 12:41:38 AM com.jme3.bullet.objects.PhysicsRigidBody rebuildRigidBody
INFORMATION: Created 146137b4e10.
Sept. 13, 2026 12:41:38 AM com.jme3.bullet.objects.PhysicsRigidBody rebuildRigidBody
INFORMATION: Created 146137b27d0.
Sept. 13, 2026 12:41:38 AM com.jme3.bullet.objects.PhysicsRigidBody rebuildRigidBody
INFORMATION: Created 146137b3af0.
Sept. 13, 2026 12:41:38 AM com.jme3.bullet.objects.PhysicsRigidBody rebuildRigidBody
INFORMATION: Created 146137b2b00.
Sept. 13, 2026 12:41:38 AM com.jme3.bullet.objects.PhysicsRigidBody rebuildRigidBody
INFORMATION: Created 146137b2e30.
Sept. 13, 2026 12:41:38 AM com.jme3.bullet.objects.PhysicsRigidBody rebuildRigidBody
INFORMATION: Created 146137b3160.
Sept. 13, 2026 12:41:38 AM com.jme3.bullet.objects.PhysicsRigidBody rebuildRigidBody
INFORMATION: Created 146137b5140.
Sept. 13, 2026 12:41:38 AM com.jme3.bullet.objects.PhysicsRigidBody rebuildRigidBody
INFORMATION: Created 146137b1b10.
Sept. 13, 2026 12:41:38 AM com.jme3.bullet.objects.PhysicsRigidBody rebuildRigidBody
INFORMATION: Created 146137b5470.
Sept. 13, 2026 12:41:38 AM com.jme3.bullet.objects.PhysicsRigidBody rebuildRigidBody
INFORMATION: Created 146137b17e0.
Sept. 13, 2026 12:41:38 AM com.jme3.bullet.objects.PhysicsRigidBody rebuildRigidBody
INFORMATION: Created 146137b6ac0.
Sept. 13, 2026 12:41:38 AM com.jme3.bullet.objects.PhysicsRigidBody rebuildRigidBody
INFORMATION: Created 146137b9100.
Sept. 13, 2026 12:41:38 AM com.jme3.bullet.objects.PhysicsRigidBody rebuildRigidBody
INFORMATION: Created 146137b6df0.
Sept. 13, 2026 12:41:38 AM com.jme3.bullet.objects.PhysicsRigidBody rebuildRigidBody
INFORMATION: Created 146137b7450.
Sept. 13, 2026 12:41:38 AM com.jme3.bullet.objects.PhysicsRigidBody rebuildRigidBody
INFORMATION: Created 146137b9430.
Sept. 13, 2026 12:41:38 AM com.jme3.bullet.objects.PhysicsRigidBody rebuildRigidBody
INFORMATION: Created 146137b7de0.
Sept. 13, 2026 12:41:38 AM com.jme3.bullet.objects.PhysicsRigidBody rebuildRigidBody
INFORMATION: Created 146137b57a0.
Sept. 13, 2026 12:41:38 AM com.jme3.bullet.objects.PhysicsRigidBody rebuildRigidBody
INFORMATION: Created 146137b6790.
Sept. 13, 2026 12:41:38 AM com.jme3.bullet.objects.PhysicsRigidBody rebuildRigidBody
INFORMATION: Created 146137b7780.
Sept. 13, 2026 12:41:38 AM com.jme3.bullet.objects.PhysicsRigidBody rebuildRigidBody
INFORMATION: Created 146137b7120.
Sept. 13, 2026 12:41:38 AM com.jme3.bullet.objects.PhysicsRigidBody rebuildRigidBody
INFORMATION: Created 146137b6130.
Sept. 13, 2026 12:41:38 AM com.jme3.bullet.objects.PhysicsRigidBody rebuildRigidBody
INFORMATION: Created 146137b7ab0.
Sept. 13, 2026 12:41:38 AM com.jme3.bullet.objects.PhysicsRigidBody rebuildRigidBody
INFORMATION: Created 146137b8440.
Sept. 13, 2026 12:41:38 AM com.jme3.bullet.objects.PhysicsRigidBody rebuildRigidBody
INFORMATION: Created 146137b5e00.
Sept. 13, 2026 12:41:38 AM com.jme3.bullet.objects.PhysicsRigidBody rebuildRigidBody
INFORMATION: Created 146137b8110.
Sept. 13, 2026 12:41:38 AM com.jme3.bullet.objects.PhysicsRigidBody rebuildRigidBody
INFORMATION: Created 146137b8dd0.
Sept. 13, 2026 12:41:38 AM com.jme3.bullet.objects.PhysicsRigidBody rebuildRigidBody
INFORMATION: Created 146137b8770.
Sept. 13, 2026 12:41:38 AM com.jme3.bullet.objects.PhysicsRigidBody rebuildRigidBody
INFORMATION: Created 146137b9760.
Sept. 13, 2026 12:41:38 AM com.jme3.bullet.objects.PhysicsRigidBody rebuildRigidBody
INFORMATION: Created 146137b8aa0.
Sept. 13, 2026 12:41:38 AM com.jme3.bullet.objects.PhysicsRigidBody rebuildRigidBody
INFORMATION: Created 146137b5ad0.
Sept. 13, 2026 12:41:38 AM com.jme3.bullet.objects.PhysicsRigidBody rebuildRigidBody
INFORMATION: Created 146137b9a90.
Sept. 13, 2026 12:41:38 AM com.jme3.bullet.objects.PhysicsRigidBody rebuildRigidBody
INFORMATION: Created 146137ba0f0.
Sept. 13, 2026 12:41:38 AM com.jme3.bullet.objects.PhysicsRigidBody rebuildRigidBody
INFORMATION: Created 146137b9dc0.
Sept. 13, 2026 12:41:38 AM com.jme3.bullet.objects.PhysicsRigidBody rebuildRigidBody
INFORMATION: Created 146137b6460.
Sept. 13, 2026 12:41:38 AM com.jme3.bullet.objects.PhysicsRigidBody rebuildRigidBody
INFORMATION: Created 146137bcd90.
Sept. 13, 2026 12:41:38 AM com.jme3.bullet.objects.PhysicsRigidBody rebuildRigidBody
INFORMATION: Created 146137bc0d0.
Sept. 13, 2026 12:41:38 AM com.jme3.bullet.objects.PhysicsRigidBody rebuildRigidBody
INFORMATION: Created 146137baa80.
Sept. 13, 2026 12:41:38 AM com.jme3.bullet.objects.PhysicsRigidBody rebuildRigidBody
INFORMATION: Created 146137bca60.
Sept. 13, 2026 12:41:38 AM com.jme3.bullet.objects.PhysicsRigidBody rebuildRigidBody
INFORMATION: Created 146137bd720.
Sept. 13, 2026 12:41:38 AM com.jme3.bullet.objects.PhysicsRigidBody rebuildRigidBody
INFORMATION: Created 146137bda50.
Sept. 13, 2026 12:41:38 AM com.jme3.bullet.objects.PhysicsRigidBody rebuildRigidBody
INFORMATION: Created 146137bc730.
Sept. 13, 2026 12:41:38 AM com.jme3.bullet.objects.PhysicsRigidBody rebuildRigidBody
INFORMATION: Created 146137bb410.
Sept. 13, 2026 12:41:38 AM com.jme3.bullet.objects.PhysicsRigidBody rebuildRigidBody
INFORMATION: Created 146137ba750.
Sept. 13, 2026 12:41:38 AM com.jme3.bullet.objects.PhysicsRigidBody rebuildRigidBody
INFORMATION: Created 146137bd0c0.
Sept. 13, 2026 12:41:38 AM com.jme3.bullet.objects.PhysicsRigidBody rebuildRigidBody
INFORMATION: Created 146137bd3f0.
Sept. 13, 2026 12:41:38 AM com.jme3.bullet.objects.PhysicsRigidBody rebuildRigidBody
INFORMATION: Created 146137bb0e0.
Sept. 13, 2026 12:41:38 AM com.jme3.bullet.objects.PhysicsRigidBody rebuildRigidBody
INFORMATION: Created 146137ba420.
Sept. 13, 2026 12:41:38 AM com.jme3.bullet.objects.PhysicsRigidBody rebuildRigidBody
INFORMATION: Created 146137badb0.
Sept. 13, 2026 12:41:38 AM com.jme3.bullet.objects.PhysicsRigidBody rebuildRigidBody
INFORMATION: Created 146137bb740.
Sept. 13, 2026 12:41:38 AM com.jme3.bullet.objects.PhysicsRigidBody rebuildRigidBody
INFORMATION: Created 146137bba70.
Sept. 13, 2026 12:41:38 AM com.jme3.bullet.objects.PhysicsRigidBody rebuildRigidBody
INFORMATION: Created 146137bbda0.
Sept. 13, 2026 12:41:38 AM com.jme3.bullet.objects.PhysicsRigidBody rebuildRigidBody
INFORMATION: Created 146137bc400.
Sept. 13, 2026 12:41:38 AM com.jme3.bullet.objects.PhysicsRigidBody rebuildRigidBody
INFORMATION: Created 146137c0d50.
Sept. 13, 2026 12:41:38 AM com.jme3.bullet.objects.PhysicsRigidBody rebuildRigidBody
INFORMATION: Created 146137bed70.
Sept. 13, 2026 12:41:38 AM com.jme3.bullet.objects.PhysicsRigidBody rebuildRigidBody
INFORMATION: Created 146137c1a10.
Sept. 13, 2026 12:41:38 AM com.jme3.bullet.objects.PhysicsRigidBody rebuildRigidBody
INFORMATION: Created 146137c0a20.
Sept. 13, 2026 12:41:38 AM com.jme3.bullet.objects.PhysicsRigidBody rebuildRigidBody
INFORMATION: Created 146137c0090.
Sept. 13, 2026 12:41:38 AM com.jme3.bullet.objects.PhysicsRigidBody rebuildRigidBody
INFORMATION: Created 146137c03c0.
Sept. 13, 2026 12:41:38 AM com.jme3.bullet.objects.PhysicsRigidBody rebuildRigidBody
INFORMATION: Created 146137c1080.
Sept. 13, 2026 12:41:38 AM com.jme3.bullet.objects.PhysicsRigidBody rebuildRigidBody
INFORMATION: Created 146137c06f0.
Sept. 13, 2026 12:41:38 AM com.jme3.bullet.objects.PhysicsRigidBody rebuildRigidBody
INFORMATION: Created 146137bf700.
Sept. 13, 2026 12:41:38 AM com.jme3.bullet.objects.PhysicsRigidBody rebuildRigidBody
INFORMATION: Created 146137c16e0.
Sept. 13, 2026 12:41:38 AM com.jme3.bullet.objects.PhysicsRigidBody rebuildRigidBody
INFORMATION: Created 146137c13b0.
Sept. 13, 2026 12:41:38 AM com.jme3.bullet.objects.PhysicsRigidBody rebuildRigidBody
INFORMATION: Created 146137bf0a0.
Sept. 13, 2026 12:41:38 AM com.jme3.bullet.objects.PhysicsRigidBody rebuildRigidBody
INFORMATION: Created 146137bf3d0.
Sept. 13, 2026 12:41:38 AM com.jme3.bullet.objects.PhysicsRigidBody rebuildRigidBody
INFORMATION: Created 146137bdd80.
Sept. 13, 2026 12:41:38 AM com.jme3.bullet.objects.PhysicsRigidBody rebuildRigidBody
INFORMATION: Created 146137be3e0.
Sept. 13, 2026 12:41:38 AM com.jme3.bullet.objects.PhysicsRigidBody rebuildRigidBody
INFORMATION: Created 146137bfa30.
Sept. 13, 2026 12:41:38 AM com.jme3.bullet.objects.PhysicsRigidBody rebuildRigidBody
INFORMATION: Created 146137c1d40.
Sept. 13, 2026 12:41:38 AM com.jme3.bullet.objects.PhysicsRigidBody rebuildRigidBody
INFORMATION: Created 146137bfd60.
Sept. 13, 2026 12:41:38 AM com.jme3.bullet.objects.PhysicsRigidBody rebuildRigidBody
INFORMATION: Created 146137be0b0.
Sept. 13, 2026 12:41:38 AM com.jme3.bullet.objects.PhysicsRigidBody rebuildRigidBody
INFORMATION: Created 146137c2070.
Sept. 13, 2026 12:41:38 AM com.jme3.bullet.objects.PhysicsRigidBody rebuildRigidBody
INFORMATION: Created 146137be710.
Sept. 13, 2026 12:41:38 AM com.jme3.bullet.objects.PhysicsRigidBody rebuildRigidBody
INFORMATION: Created 146137c23a0.
Sept. 13, 2026 12:41:38 AM com.jme3.bullet.objects.PhysicsRigidBody rebuildRigidBody
INFORMATION: Created 146137c26d0.
Sept. 13, 2026 12:41:38 AM com.jme3.bullet.objects.PhysicsRigidBody rebuildRigidBody
INFORMATION: Created 146137bea40.
Sept. 13, 2026 12:41:38 AM com.jme3.bullet.objects.PhysicsRigidBody rebuildRigidBody
INFORMATION: Created 146137c3390.
Sept. 13, 2026 12:41:38 AM com.jme3.bullet.objects.PhysicsRigidBody rebuildRigidBody
INFORMATION: Created 146137c2a00.
Sept. 13, 2026 12:41:38 AM com.jme3.bullet.objects.PhysicsRigidBody rebuildRigidBody
INFORMATION: Created 146137c2d30.
Sept. 13, 2026 12:41:38 AM com.jme3.bullet.objects.PhysicsRigidBody rebuildRigidBody
INFORMATION: Created 146137c4050.
Sept. 13, 2026 12:41:38 AM com.jme3.bullet.objects.PhysicsRigidBody rebuildRigidBody
INFORMATION: Created 146137c3060.
Sept. 13, 2026 12:41:38 AM com.jme3.bullet.objects.PhysicsRigidBody rebuildRigidBody
INFORMATION: Created 146137c36c0.
Sept. 13, 2026 12:41:38 AM com.jme3.bullet.objects.PhysicsRigidBody rebuildRigidBody
INFORMATION: Created 146137c39f0.
Sept. 13, 2026 12:41:38 AM com.jme3.bullet.objects.PhysicsRigidBody rebuildRigidBody
INFORMATION: Created 146137c3d20.
Sept. 13, 2026 12:41:38 AM com.jme3.bullet.objects.PhysicsRigidBody rebuildRigidBody
INFORMATION: Created 146137a6bc0.
Sept. 13, 2026 12:41:38 AM com.jme3.bullet.objects.PhysicsRigidBody rebuildRigidBody
INFORMATION: Created 146137a5240.
Sept. 13, 2026 12:41:38 AM com.jme3.bullet.objects.PhysicsRigidBody rebuildRigidBody
INFORMATION: Created 146137a8210.
Sept. 13, 2026 12:41:38 AM com.jme3.bullet.objects.PhysicsRigidBody rebuildRigidBody
INFORMATION: Created 146137a5570.
Sept. 13, 2026 12:41:38 AM com.jme3.bullet.objects.PhysicsRigidBody rebuildRigidBody
INFORMATION: Created 146137a6230.
Sept. 13, 2026 12:41:38 AM com.jme3.bullet.objects.PhysicsRigidBody rebuildRigidBody
INFORMATION: Created 146137a58a0.
Sept. 13, 2026 12:41:38 AM com.jme3.bullet.objects.PhysicsRigidBody rebuildRigidBody
INFORMATION: Created 146137a4be0.
Sept. 13, 2026 12:41:38 AM com.jme3.bullet.objects.PhysicsRigidBody rebuildRigidBody
INFORMATION: Created 146137a5f00.
Sept. 13, 2026 12:41:38 AM com.jme3.bullet.objects.PhysicsRigidBody rebuildRigidBody
INFORMATION: Created 146137a6ef0.
Sept. 13, 2026 12:41:38 AM com.jme3.bullet.objects.PhysicsRigidBody rebuildRigidBody
INFORMATION: Created 146137a48b0.
Sept. 13, 2026 12:41:38 AM com.jme3.bullet.objects.PhysicsRigidBody rebuildRigidBody
INFORMATION: Created 146137a6560.
Sept. 13, 2026 12:41:38 AM com.jme3.bullet.objects.PhysicsRigidBody rebuildRigidBody
INFORMATION: Created 146137a7880.
Sept. 13, 2026 12:41:38 AM com.jme3.bullet.objects.PhysicsRigidBody rebuildRigidBody
INFORMATION: Created 146137a5bd0.
Sept. 13, 2026 12:41:38 AM com.jme3.bullet.objects.PhysicsRigidBody rebuildRigidBody
INFORMATION: Created 146137a7ee0.
Sept. 13, 2026 12:41:38 AM com.jme3.bullet.objects.PhysicsRigidBody rebuildRigidBody
INFORMATION: Created 146137a6890.
Sept. 13, 2026 12:41:38 AM com.jme3.bullet.objects.PhysicsRigidBody rebuildRigidBody
INFORMATION: Created 146137a7220.
Sept. 13, 2026 12:41:38 AM com.jme3.bullet.objects.PhysicsRigidBody rebuildRigidBody
INFORMATION: Created 146137a7550.
Sept. 13, 2026 12:41:38 AM com.jme3.bullet.objects.PhysicsRigidBody rebuildRigidBody
INFORMATION: Created 146137a4580.
Sept. 13, 2026 12:41:38 AM com.jme3.bullet.objects.PhysicsRigidBody rebuildRigidBody
INFORMATION: Created 146137a7bb0.
Sept. 13, 2026 12:41:38 AM com.jme3.bullet.objects.PhysicsRigidBody rebuildRigidBody
INFORMATION: Created 146137a8540.
Sept. 13, 2026 12:41:38 AM com.jme3.bullet.objects.PhysicsRigidBody rebuildRigidBody
INFORMATION: Created 146137a8870.
Sept. 13, 2026 12:41:38 AM com.jme3.bullet.objects.PhysicsRigidBody rebuildRigidBody
INFORMATION: Created 146137a4f10.
Sept. 13, 2026 12:41:38 AM com.jme3.bullet.objects.PhysicsRigidBody rebuildRigidBody
INFORMATION: Created 146137a8ed0.
Sept. 13, 2026 12:41:38 AM com.jme3.bullet.objects.PhysicsRigidBody rebuildRigidBody
INFORMATION: Created 146137aa1f0.
Sept. 13, 2026 12:41:38 AM com.jme3.bullet.objects.PhysicsRigidBody rebuildRigidBody
INFORMATION: Created 1466bb8a240.
Sept. 13, 2026 12:41:38 AM com.jme3.bullet.objects.PhysicsRigidBody rebuildRigidBody
INFORMATION: Created 1466bb86f40.
Sept. 13, 2026 12:41:38 AM com.jme3.bullet.objects.PhysicsRigidBody rebuildRigidBody
INFORMATION: Created 1466bb89f10.
Sept. 13, 2026 12:41:38 AM com.jme3.bullet.objects.PhysicsRigidBody rebuildRigidBody
INFORMATION: Created 1466bb875a0.
Sept. 13, 2026 12:41:38 AM com.jme3.bullet.objects.PhysicsRigidBody rebuildRigidBody
INFORMATION: Created 1466bb88bf0.
Sept. 13, 2026 12:41:38 AM com.jme3.bullet.objects.PhysicsRigidBody rebuildRigidBody
INFORMATION: Created 1466bb89250.
Sept. 13, 2026 12:41:38 AM com.jme3.bullet.objects.PhysicsRigidBody rebuildRigidBody
INFORMATION: Created 1466bb8a570.
Sept. 13, 2026 12:41:38 AM com.jme3.bullet.objects.PhysicsRigidBody rebuildRigidBody
INFORMATION: Created 1466bb868e0.
Sept. 13, 2026 12:41:38 AM com.jme3.bullet.objects.PhysicsRigidBody rebuildRigidBody
INFORMATION: Created 1466bb88590.
Sept. 13, 2026 12:41:38 AM com.jme3.anim.SkinningControl controlRender
INFORMATION: Hardware skinning engaged for Scene (Node)
Sept. 13, 2026 12:41:38 AM com.jme3.anim.SkinningControl controlRender
INFORMATION: Hardware skinning engaged for Scene (Node)
Sept. 13, 2026 12:41:38 AM com.jme3.anim.SkinningControl controlRender
INFORMATION: Hardware skinning engaged for Scene (Node)
Sept. 13, 2026 12:41:38 AM com.jme3.anim.SkinningControl controlRender
INFORMATION: Hardware skinning engaged for Scene (Node)
Sept. 13, 2026 12:41:38 AM com.jme3.anim.SkinningControl controlRender
INFORMATION: Hardware skinning engaged for Scene (Node)
Sept. 13, 2026 12:41:38 AM com.jme3.anim.SkinningControl controlRender
INFORMATION: Hardware skinning engaged for Scene (Node)
Sept. 13, 2026 12:41:38 AM com.jme3.anim.SkinningControl controlRender
INFORMATION: Hardware skinning engaged for Scene (Node)
[SMOKE] stage 9
Sept. 13, 2026 12:41:40 AM com.jme3.bullet.objects.PhysicsRigidBody rebuildRigidBody
INFORMATION: Created 1466bb89580.
Sept. 13, 2026 12:41:40 AM com.jme3.bullet.objects.PhysicsRigidBody rebuildRigidBody
INFORMATION: Created 1466bb87270.
Sept. 13, 2026 12:41:40 AM com.jme3.bullet.objects.PhysicsRigidBody rebuildRigidBody
INFORMATION: Created 1466bb888c0.
Sept. 13, 2026 12:41:40 AM com.jme3.bullet.objects.PhysicsRigidBody rebuildRigidBody
INFORMATION: Created 1466bb87c00.
Sept. 13, 2026 12:41:40 AM com.jme3.bullet.objects.PhysicsRigidBody rebuildRigidBody
INFORMATION: Created 1466bb8a8a0.
Sept. 13, 2026 12:41:40 AM com.jme3.bullet.objects.PhysicsRigidBody rebuildRigidBody
INFORMATION: Created 1466bb88f20.
Sept. 13, 2026 12:41:40 AM com.jme3.bullet.objects.PhysicsRigidBody rebuildRigidBody
INFORMATION: Created 1466bb86c10.
Sept. 13, 2026 12:41:40 AM com.jme3.bullet.objects.PhysicsRigidBody rebuildRigidBody
INFORMATION: Created 1466bb898b0.
Sept. 13, 2026 12:41:40 AM com.jme3.bullet.objects.PhysicsRigidBody rebuildRigidBody
INFORMATION: Created 1466bb8abd0.
Sept. 13, 2026 12:41:40 AM com.jme3.bullet.objects.PhysicsRigidBody rebuildRigidBody
INFORMATION: Created 1466bb89be0.
Sept. 13, 2026 12:41:40 AM com.jme3.bullet.objects.PhysicsRigidBody rebuildRigidBody
INFORMATION: Created 1466bb8af00.
Sept. 13, 2026 12:41:40 AM com.jme3.bullet.objects.PhysicsRigidBody rebuildRigidBody
INFORMATION: Created 1466bb88260.
Sept. 13, 2026 12:41:40 AM com.jme3.bullet.objects.PhysicsRigidBody rebuildRigidBody
INFORMATION: Created 1466bb8b230.
Sept. 13, 2026 12:41:40 AM com.jme3.bullet.objects.PhysicsRigidBody rebuildRigidBody
INFORMATION: Created 1466bb878d0.
Sept. 13, 2026 12:41:40 AM com.jme3.bullet.objects.PhysicsRigidBody rebuildRigidBody
INFORMATION: Created 1466bb87f30.
Sept. 13, 2026 12:41:40 AM com.jme3.bullet.objects.PhysicsRigidBody rebuildRigidBody
INFORMATION: Created 1466bb8c220.
Sept. 13, 2026 12:41:40 AM com.jme3.bullet.objects.PhysicsRigidBody rebuildRigidBody
INFORMATION: Created 1466bb8c880.
Sept. 13, 2026 12:41:40 AM com.jme3.bullet.objects.PhysicsRigidBody rebuildRigidBody
INFORMATION: Created 1466bb8d870.
Sept. 13, 2026 12:41:40 AM com.jme3.bullet.objects.PhysicsRigidBody rebuildRigidBody
INFORMATION: Created 1466bb8e200.
Sept. 13, 2026 12:41:40 AM com.jme3.bullet.objects.PhysicsRigidBody rebuildRigidBody
INFORMATION: Created 1466bb8cbb0.
Sept. 13, 2026 12:41:40 AM com.jme3.bullet.objects.PhysicsRigidBody rebuildRigidBody
INFORMATION: Created 1466bb93e70.
Sept. 13, 2026 12:41:40 AM com.jme3.bullet.objects.PhysicsRigidBody rebuildRigidBody
INFORMATION: Created 1466bb95e50.
Sept. 13, 2026 12:41:40 AM com.jme3.bullet.objects.PhysicsRigidBody rebuildRigidBody
INFORMATION: Created 1466bb93b40.
Sept. 13, 2026 12:41:40 AM com.jme3.bullet.objects.PhysicsRigidBody rebuildRigidBody
INFORMATION: Created 1466bb941a0.
Sept. 13, 2026 12:41:40 AM com.jme3.bullet.objects.PhysicsRigidBody rebuildRigidBody
INFORMATION: Created 1466bb95b20.
Sept. 13, 2026 12:41:40 AM com.jme3.bullet.objects.PhysicsRigidBody rebuildRigidBody
INFORMATION: Created 1466bb96180.
Sept. 13, 2026 12:41:40 AM com.jme3.bullet.objects.PhysicsRigidBody rebuildRigidBody
INFORMATION: Created 1466bb944d0.
Sept. 13, 2026 12:41:40 AM com.jme3.bullet.objects.PhysicsRigidBody rebuildRigidBody
INFORMATION: Created 1466bb94e60.
Sept. 13, 2026 12:41:40 AM com.jme3.bullet.objects.PhysicsRigidBody rebuildRigidBody
INFORMATION: Created 1466bb934e0.
Sept. 13, 2026 12:41:40 AM com.jme3.bullet.objects.PhysicsRigidBody rebuildRigidBody
INFORMATION: Created 1466bb93810.
Sept. 13, 2026 12:41:40 AM com.jme3.bullet.objects.PhysicsRigidBody rebuildRigidBody
INFORMATION: Created 1466bb94800.
Sept. 13, 2026 12:41:40 AM com.jme3.bullet.objects.PhysicsRigidBody rebuildRigidBody
INFORMATION: Created 1466bb94b30.
Sept. 13, 2026 12:41:40 AM com.jme3.bullet.objects.PhysicsRigidBody rebuildRigidBody
INFORMATION: Created 1466bb95190.
Sept. 13, 2026 12:41:40 AM com.jme3.bullet.objects.PhysicsRigidBody rebuildRigidBody
INFORMATION: Created 1466bb954c0.
Sept. 13, 2026 12:41:40 AM com.jme3.bullet.objects.PhysicsRigidBody rebuildRigidBody
INFORMATION: Created 1466bb957f0.
Sept. 13, 2026 12:41:40 AM com.jme3.bullet.objects.PhysicsRigidBody rebuildRigidBody
INFORMATION: Created 1466bb964b0.
Sept. 13, 2026 12:41:40 AM com.jme3.bullet.objects.PhysicsRigidBody rebuildRigidBody
INFORMATION: Created 146137aab80.
Sept. 13, 2026 12:41:40 AM com.jme3.bullet.objects.PhysicsRigidBody rebuildRigidBody
INFORMATION: Created 146137aa850.
Sept. 13, 2026 12:41:40 AM com.jme3.bullet.objects.PhysicsRigidBody rebuildRigidBody
INFORMATION: Created 146137aaeb0.
Sept. 13, 2026 12:41:40 AM com.jme3.bullet.objects.PhysicsRigidBody rebuildRigidBody
INFORMATION: Created 146137ab1e0.
Sept. 13, 2026 12:41:40 AM com.jme3.bullet.objects.PhysicsRigidBody rebuildRigidBody
INFORMATION: Created 146137a9b90.
Sept. 13, 2026 12:41:40 AM com.jme3.bullet.objects.PhysicsRigidBody rebuildRigidBody
INFORMATION: Created 146137a9ec0.
Sept. 13, 2026 12:41:40 AM com.jme3.bullet.objects.PhysicsRigidBody rebuildRigidBody
INFORMATION: Created 146137ac500.
Sept. 13, 2026 12:41:40 AM com.jme3.bullet.objects.PhysicsRigidBody rebuildRigidBody
INFORMATION: Created 146137a9530.
Sept. 13, 2026 12:41:40 AM com.jme3.bullet.objects.PhysicsRigidBody rebuildRigidBody
INFORMATION: Created 146137aa520.
Sept. 13, 2026 12:41:40 AM com.jme3.bullet.objects.PhysicsRigidBody rebuildRigidBody
INFORMATION: Created 146137ac830.
Sept. 13, 2026 12:41:40 AM com.jme3.bullet.objects.PhysicsRigidBody rebuildRigidBody
INFORMATION: Created 146137ab510.
Sept. 13, 2026 12:41:40 AM com.jme3.bullet.objects.PhysicsRigidBody rebuildRigidBody
INFORMATION: Created 146137a8ba0.
Sept. 13, 2026 12:41:40 AM com.jme3.bullet.objects.PhysicsRigidBody rebuildRigidBody
INFORMATION: Created 146137ab840.
Sept. 13, 2026 12:41:40 AM com.jme3.bullet.objects.PhysicsRigidBody rebuildRigidBody
INFORMATION: Created 146137abb70.
Sept. 13, 2026 12:41:40 AM com.jme3.bullet.objects.PhysicsRigidBody rebuildRigidBody
INFORMATION: Created 146137a9200.
Sept. 13, 2026 12:41:40 AM com.jme3.bullet.objects.PhysicsRigidBody rebuildRigidBody
INFORMATION: Created 146137abea0.
Sept. 13, 2026 12:41:40 AM com.jme3.bullet.objects.PhysicsRigidBody rebuildRigidBody
INFORMATION: Created 146137ac1d0.
Sept. 13, 2026 12:41:40 AM com.jme3.bullet.objects.PhysicsRigidBody rebuildRigidBody
INFORMATION: Created 146137ad4f0.
Sept. 13, 2026 12:41:40 AM com.jme3.bullet.objects.PhysicsRigidBody rebuildRigidBody
INFORMATION: Created 146137acb60.
Sept. 13, 2026 12:41:40 AM com.jme3.bullet.objects.PhysicsRigidBody rebuildRigidBody
INFORMATION: Created 146137ace90.
Sept. 13, 2026 12:41:40 AM com.jme3.bullet.objects.PhysicsRigidBody rebuildRigidBody
INFORMATION: Created 146137ad1c0.
Sept. 13, 2026 12:41:40 AM com.jme3.bullet.objects.PhysicsRigidBody rebuildRigidBody
INFORMATION: Created 146137a9860.
Sept. 13, 2026 12:41:40 AM com.jme3.bullet.objects.PhysicsRigidBody rebuildRigidBody
INFORMATION: Created 146137ae810.
Sept. 13, 2026 12:41:40 AM com.jme3.bullet.objects.PhysicsRigidBody rebuildRigidBody
INFORMATION: Created 146137b0b20.
Sept. 13, 2026 12:41:40 AM com.jme3.bullet.objects.PhysicsRigidBody rebuildRigidBody
INFORMATION: Created 146137b0190.
Sept. 13, 2026 12:41:40 AM com.jme3.bullet.objects.PhysicsRigidBody rebuildRigidBody
INFORMATION: Created 146137af1a0.
Sept. 13, 2026 12:41:40 AM com.jme3.bullet.objects.PhysicsRigidBody rebuildRigidBody
INFORMATION: Created 146137af4d0.
Sept. 13, 2026 12:41:40 AM com.jme3.bullet.objects.PhysicsRigidBody rebuildRigidBody
INFORMATION: Created 146137ad820.
Sept. 13, 2026 12:41:40 AM com.jme3.bullet.objects.PhysicsRigidBody rebuildRigidBody
INFORMATION: Created 146137b04c0.
Sept. 13, 2026 12:41:40 AM com.jme3.bullet.objects.PhysicsRigidBody rebuildRigidBody
INFORMATION: Created 146137ae1b0.
Sept. 13, 2026 12:41:40 AM com.jme3.bullet.objects.PhysicsRigidBody rebuildRigidBody
INFORMATION: Created 146137b07f0.
Sept. 13, 2026 12:41:40 AM com.jme3.bullet.objects.PhysicsRigidBody rebuildRigidBody
INFORMATION: Created 146137b0e50.
Sept. 13, 2026 12:41:40 AM com.jme3.bullet.objects.PhysicsRigidBody rebuildRigidBody
INFORMATION: Created 146137ae4e0.
Sept. 13, 2026 12:41:40 AM com.jme3.bullet.objects.PhysicsRigidBody rebuildRigidBody
INFORMATION: Created 146137adb50.
Sept. 13, 2026 12:41:40 AM com.jme3.bullet.objects.PhysicsRigidBody rebuildRigidBody
INFORMATION: Created 146137ade80.
Sept. 13, 2026 12:41:40 AM com.jme3.bullet.objects.PhysicsRigidBody rebuildRigidBody
INFORMATION: Created 146137aeb40.
Sept. 13, 2026 12:41:40 AM com.jme3.bullet.objects.PhysicsRigidBody rebuildRigidBody
INFORMATION: Created 146137af800.
Sept. 13, 2026 12:41:40 AM com.jme3.bullet.objects.PhysicsRigidBody rebuildRigidBody
INFORMATION: Created 146137aee70.
Sept. 13, 2026 12:41:40 AM com.jme3.bullet.objects.PhysicsRigidBody rebuildRigidBody
INFORMATION: Created 146137afe60.
Sept. 13, 2026 12:41:40 AM com.jme3.bullet.objects.PhysicsRigidBody rebuildRigidBody
INFORMATION: Created 14613933b10.
Sept. 13, 2026 12:41:40 AM com.jme3.bullet.objects.PhysicsRigidBody rebuildRigidBody
INFORMATION: Created 146139314d0.
Sept. 13, 2026 12:41:40 AM com.jme3.bullet.objects.PhysicsRigidBody rebuildRigidBody
INFORMATION: Created 1466b067000.
Sept. 13, 2026 12:41:40 AM com.jme3.bullet.objects.PhysicsRigidBody rebuildRigidBody
INFORMATION: Created 1466b065020.
Sept. 13, 2026 12:41:40 AM com.jme3.bullet.objects.PhysicsRigidBody rebuildRigidBody
INFORMATION: Created 1466b067660.
Sept. 13, 2026 12:41:40 AM com.jme3.bullet.objects.PhysicsRigidBody rebuildRigidBody
INFORMATION: Created 1466b065ce0.
Sept. 13, 2026 12:41:40 AM com.jme3.bullet.objects.PhysicsRigidBody rebuildRigidBody
INFORMATION: Created 1466b0659b0.
Sept. 13, 2026 12:41:40 AM com.jme3.bullet.objects.PhysicsRigidBody rebuildRigidBody
INFORMATION: Created 1466b067330.
Sept. 13, 2026 12:41:40 AM com.jme3.bullet.objects.PhysicsRigidBody rebuildRigidBody
INFORMATION: Created 1466b067990.
Sept. 13, 2026 12:41:40 AM com.jme3.bullet.objects.PhysicsRigidBody rebuildRigidBody
INFORMATION: Created 1466b0649c0.
Sept. 13, 2026 12:41:40 AM com.jme3.bullet.objects.PhysicsRigidBody rebuildRigidBody
INFORMATION: Created 1466b064cf0.
Sept. 13, 2026 12:41:40 AM com.jme3.bullet.objects.PhysicsRigidBody rebuildRigidBody
INFORMATION: Created 1466b066340.
Sept. 13, 2026 12:41:40 AM com.jme3.bullet.objects.PhysicsRigidBody rebuildRigidBody
INFORMATION: Created 1466b065680.
Sept. 13, 2026 12:41:40 AM com.jme3.bullet.objects.PhysicsRigidBody rebuildRigidBody
INFORMATION: Created 1466b067cc0.
Sept. 13, 2026 12:41:40 AM com.jme3.bullet.objects.PhysicsRigidBody rebuildRigidBody
INFORMATION: Created 1466b065350.
Sept. 13, 2026 12:41:40 AM com.jme3.bullet.objects.PhysicsRigidBody rebuildRigidBody
INFORMATION: Created 1466b066010.
Sept. 13, 2026 12:41:40 AM com.jme3.bullet.objects.PhysicsRigidBody rebuildRigidBody
INFORMATION: Created 1466b067ff0.
Sept. 13, 2026 12:41:40 AM com.jme3.bullet.objects.PhysicsRigidBody rebuildRigidBody
INFORMATION: Created 1466b066cd0.
Sept. 13, 2026 12:41:40 AM com.jme3.bullet.objects.PhysicsRigidBody rebuildRigidBody
INFORMATION: Created 1466b068320.
Sept. 13, 2026 12:41:40 AM com.jme3.bullet.objects.PhysicsRigidBody rebuildRigidBody
INFORMATION: Created 1466b064690.
Sept. 13, 2026 12:41:40 AM com.jme3.bullet.objects.PhysicsRigidBody rebuildRigidBody
INFORMATION: Created 1466b068650.
Sept. 13, 2026 12:41:41 AM com.jme3.bullet.objects.PhysicsRigidBody rebuildRigidBody
INFORMATION: Created 1466b06a300.
Sept. 13, 2026 12:41:41 AM com.jme3.anim.SkinningControl controlRender
INFORMATION: Hardware skinning engaged for Scene (Node)
Sept. 13, 2026 12:41:41 AM com.jme3.anim.SkinningControl controlRender
INFORMATION: Hardware skinning engaged for Scene (Node)
Sept. 13, 2026 12:41:41 AM com.jme3.anim.SkinningControl controlRender
INFORMATION: Hardware skinning engaged for Scene (Node)
Sept. 13, 2026 12:41:41 AM com.jme3.anim.SkinningControl controlRender
INFORMATION: Hardware skinning engaged for Scene (Node)
[SMOKE] stage 10
Sept. 13, 2026 12:41:43 AM com.jme3.bullet.objects.PhysicsRigidBody rebuildRigidBody
INFORMATION: Created 1466b068980.
Sept. 13, 2026 12:41:43 AM com.jme3.bullet.objects.PhysicsRigidBody rebuildRigidBody
INFORMATION: Created 1466b068cb0.
Sept. 13, 2026 12:41:43 AM com.jme3.bullet.objects.PhysicsRigidBody rebuildRigidBody
INFORMATION: Created 1466b06a630.
Sept. 13, 2026 12:41:43 AM com.jme3.bullet.objects.PhysicsRigidBody rebuildRigidBody
INFORMATION: Created 1466b068fe0.
Sept. 13, 2026 12:41:43 AM com.jme3.bullet.objects.PhysicsRigidBody rebuildRigidBody
INFORMATION: Created 1466b069310.
Sept. 13, 2026 12:41:43 AM com.jme3.bullet.objects.PhysicsRigidBody rebuildRigidBody
INFORMATION: Created 1466b069640.
Sept. 13, 2026 12:41:43 AM com.jme3.bullet.objects.PhysicsRigidBody rebuildRigidBody
INFORMATION: Created 1466b069970.
Sept. 13, 2026 12:41:43 AM com.jme3.bullet.objects.PhysicsRigidBody rebuildRigidBody
INFORMATION: Created 1466b0669a0.
Sept. 13, 2026 12:41:43 AM com.jme3.bullet.objects.PhysicsRigidBody rebuildRigidBody
INFORMATION: Created 1466b06d600.
Sept. 13, 2026 12:41:43 AM com.jme3.bullet.objects.PhysicsRigidBody rebuildRigidBody
INFORMATION: Created 1466b06c610.
Sept. 13, 2026 12:41:43 AM com.jme3.bullet.objects.PhysicsRigidBody rebuildRigidBody
INFORMATION: Created 1466b069ca0.
Sept. 13, 2026 12:41:43 AM com.jme3.bullet.objects.PhysicsRigidBody rebuildRigidBody
INFORMATION: Created 1466b06d930.
Sept. 13, 2026 12:41:43 AM com.jme3.bullet.objects.PhysicsRigidBody rebuildRigidBody
INFORMATION: Created 1466b06b620.
Sept. 13, 2026 12:41:43 AM com.jme3.bullet.objects.PhysicsRigidBody rebuildRigidBody
INFORMATION: Created 1466b06b2f0.
Sept. 13, 2026 12:41:43 AM com.jme3.bullet.objects.PhysicsRigidBody rebuildRigidBody
INFORMATION: Created 1466b06c2e0.
Sept. 13, 2026 12:41:43 AM com.jme3.bullet.objects.PhysicsRigidBody rebuildRigidBody
INFORMATION: Created 1466b06a960.
Sept. 13, 2026 12:41:43 AM com.jme3.bullet.objects.PhysicsRigidBody rebuildRigidBody
INFORMATION: Created 1466b06d2d0.
Sept. 13, 2026 12:41:43 AM com.jme3.bullet.objects.PhysicsRigidBody rebuildRigidBody
INFORMATION: Created 1466b06b950.
Sept. 13, 2026 12:41:43 AM com.jme3.bullet.objects.PhysicsRigidBody rebuildRigidBody
INFORMATION: Created 1466b06c940.
Sept. 13, 2026 12:41:43 AM com.jme3.bullet.objects.PhysicsRigidBody rebuildRigidBody
INFORMATION: Created 1466b06ac90.
Sept. 13, 2026 12:41:43 AM com.jme3.bullet.objects.PhysicsRigidBody rebuildRigidBody
INFORMATION: Created 1466b06cfa0.
Sept. 13, 2026 12:41:43 AM com.jme3.bullet.objects.PhysicsRigidBody rebuildRigidBody
INFORMATION: Created 1466b06dc60.
Sept. 13, 2026 12:41:43 AM com.jme3.bullet.objects.PhysicsRigidBody rebuildRigidBody
INFORMATION: Created 1466b06afc0.
Sept. 13, 2026 12:41:43 AM com.jme3.bullet.objects.PhysicsRigidBody rebuildRigidBody
INFORMATION: Created 1466b069fd0.
Sept. 13, 2026 12:41:43 AM com.jme3.bullet.objects.PhysicsRigidBody rebuildRigidBody
INFORMATION: Created 1466b06cc70.
Sept. 13, 2026 12:41:43 AM com.jme3.bullet.objects.PhysicsRigidBody rebuildRigidBody
INFORMATION: Created 1466b06e2c0.
Sept. 13, 2026 12:41:43 AM com.jme3.bullet.objects.PhysicsRigidBody rebuildRigidBody
INFORMATION: Created 1466b06df90.
Sept. 13, 2026 12:41:43 AM com.jme3.bullet.objects.PhysicsRigidBody rebuildRigidBody
INFORMATION: Created 1466b06f910.
Sept. 13, 2026 12:41:43 AM com.jme3.bullet.objects.PhysicsRigidBody rebuildRigidBody
INFORMATION: Created 1466b06e5f0.
Sept. 13, 2026 12:41:43 AM com.jme3.bullet.objects.PhysicsRigidBody rebuildRigidBody
INFORMATION: Created 1466b06e920.
Sept. 13, 2026 12:41:43 AM com.jme3.bullet.objects.PhysicsRigidBody rebuildRigidBody
INFORMATION: Created 1466b06ec50.
Sept. 13, 2026 12:41:43 AM com.jme3.bullet.objects.PhysicsRigidBody rebuildRigidBody
INFORMATION: Created 1466b06ef80.
Sept. 13, 2026 12:41:43 AM com.jme3.bullet.objects.PhysicsRigidBody rebuildRigidBody
INFORMATION: Created 1466b06f2b0.
Sept. 13, 2026 12:41:43 AM com.jme3.bullet.objects.PhysicsRigidBody rebuildRigidBody
INFORMATION: Created 1466b06f5e0.
Sept. 13, 2026 12:41:43 AM com.jme3.bullet.objects.PhysicsRigidBody rebuildRigidBody
INFORMATION: Created 1466b06bc80.
Sept. 13, 2026 12:41:43 AM com.jme3.bullet.objects.PhysicsRigidBody rebuildRigidBody
INFORMATION: Created 1466b06fc40.
Sept. 13, 2026 12:41:43 AM com.jme3.bullet.objects.PhysicsRigidBody rebuildRigidBody
INFORMATION: Created 1466b06bfb0.
Sept. 13, 2026 12:41:43 AM com.jme3.bullet.objects.PhysicsRigidBody rebuildRigidBody
INFORMATION: Created 1466b070c30.
Sept. 13, 2026 12:41:43 AM com.jme3.bullet.objects.PhysicsRigidBody rebuildRigidBody
INFORMATION: Created 1466b06ff70.
Sept. 13, 2026 12:41:43 AM com.jme3.bullet.objects.PhysicsRigidBody rebuildRigidBody
INFORMATION: Created 1466b0702a0.
Sept. 13, 2026 12:41:43 AM com.jme3.bullet.objects.PhysicsRigidBody rebuildRigidBody
INFORMATION: Created 1466b070900.
Sept. 13, 2026 12:41:43 AM com.jme3.bullet.objects.PhysicsRigidBody rebuildRigidBody
INFORMATION: Created 1466b0705d0.
Sept. 13, 2026 12:41:43 AM com.jme3.bullet.objects.PhysicsRigidBody rebuildRigidBody
INFORMATION: Created 1466b070f60.
Sept. 13, 2026 12:41:43 AM com.jme3.bullet.objects.PhysicsRigidBody rebuildRigidBody
INFORMATION: Created 1466b0748c0.
Sept. 13, 2026 12:41:43 AM com.jme3.bullet.objects.PhysicsRigidBody rebuildRigidBody
INFORMATION: Created 1466b072f40.
Sept. 13, 2026 12:41:43 AM com.jme3.bullet.objects.PhysicsRigidBody rebuildRigidBody
INFORMATION: Created 1466b074260.
Sept. 13, 2026 12:41:43 AM com.jme3.bullet.objects.PhysicsRigidBody rebuildRigidBody
INFORMATION: Created 1466b074590.
Sept. 13, 2026 12:41:43 AM com.jme3.bullet.objects.PhysicsRigidBody rebuildRigidBody
INFORMATION: Created 1466b0728e0.
Sept. 13, 2026 12:41:43 AM com.jme3.bullet.objects.PhysicsRigidBody rebuildRigidBody
INFORMATION: Created 1466b0738d0.
Sept. 13, 2026 12:41:43 AM com.jme3.bullet.objects.PhysicsRigidBody rebuildRigidBody
INFORMATION: Created 1466b0735a0.
Sept. 13, 2026 12:41:43 AM com.jme3.bullet.objects.PhysicsRigidBody rebuildRigidBody
INFORMATION: Created 1466b073c00.
Sept. 13, 2026 12:41:43 AM com.jme3.bullet.objects.PhysicsRigidBody rebuildRigidBody
INFORMATION: Created 1466b072280.
Sept. 13, 2026 12:41:43 AM com.jme3.bullet.objects.PhysicsRigidBody rebuildRigidBody
INFORMATION: Created 1466b072c10.
Sept. 13, 2026 12:41:43 AM com.jme3.bullet.objects.PhysicsRigidBody rebuildRigidBody
INFORMATION: Created 1466b0725b0.
Sept. 13, 2026 12:41:43 AM com.jme3.bullet.objects.PhysicsRigidBody rebuildRigidBody
INFORMATION: Created 1466b0715c0.
Sept. 13, 2026 12:41:43 AM com.jme3.bullet.objects.PhysicsRigidBody rebuildRigidBody
INFORMATION: Created 1466b074bf0.
Sept. 13, 2026 12:41:43 AM com.jme3.bullet.objects.PhysicsRigidBody rebuildRigidBody
INFORMATION: Created 1466b073270.
Sept. 13, 2026 12:41:43 AM com.jme3.bullet.objects.PhysicsRigidBody rebuildRigidBody
INFORMATION: Created 1466b071290.
Sept. 13, 2026 12:41:43 AM com.jme3.bullet.objects.PhysicsRigidBody rebuildRigidBody
INFORMATION: Created 1466b073f30.
Sept. 13, 2026 12:41:43 AM com.jme3.bullet.objects.PhysicsRigidBody rebuildRigidBody
INFORMATION: Created 1466b074f20.
Sept. 13, 2026 12:41:43 AM com.jme3.bullet.objects.PhysicsRigidBody rebuildRigidBody
INFORMATION: Created 1466b075250.
Sept. 13, 2026 12:41:43 AM com.jme3.bullet.objects.PhysicsRigidBody rebuildRigidBody
INFORMATION: Created 1466b075580.
Sept. 13, 2026 12:41:43 AM com.jme3.bullet.objects.PhysicsRigidBody rebuildRigidBody
INFORMATION: Created 1466b0718f0.
Sept. 13, 2026 12:41:43 AM com.jme3.bullet.objects.PhysicsRigidBody rebuildRigidBody
INFORMATION: Created 1466b0758b0.
Sept. 13, 2026 12:41:43 AM com.jme3.bullet.objects.PhysicsRigidBody rebuildRigidBody
INFORMATION: Created 1466b071c20.
Sept. 13, 2026 12:41:43 AM com.jme3.bullet.objects.PhysicsRigidBody rebuildRigidBody
INFORMATION: Created 1466b075be0.
Sept. 13, 2026 12:41:43 AM com.jme3.bullet.objects.PhysicsRigidBody rebuildRigidBody
INFORMATION: Created 1466b071f50.
Sept. 13, 2026 12:41:43 AM com.jme3.bullet.objects.PhysicsRigidBody rebuildRigidBody
INFORMATION: Created 1466b078880.
Sept. 13, 2026 12:41:43 AM com.jme3.bullet.objects.PhysicsRigidBody rebuildRigidBody
INFORMATION: Created 1466b079870.
Sept. 13, 2026 12:41:43 AM com.jme3.bullet.objects.PhysicsRigidBody rebuildRigidBody
INFORMATION: Created 1466b079210.
Sept. 13, 2026 12:41:43 AM com.jme3.bullet.objects.PhysicsRigidBody rebuildRigidBody
INFORMATION: Created 1466b076f00.
Sept. 13, 2026 12:41:43 AM com.jme3.bullet.objects.PhysicsRigidBody rebuildRigidBody
INFORMATION: Created 1466b077560.
Sept. 13, 2026 12:41:43 AM com.jme3.bullet.objects.PhysicsRigidBody rebuildRigidBody
INFORMATION: Created 1466b076240.
Sept. 13, 2026 12:41:43 AM com.jme3.bullet.objects.PhysicsRigidBody rebuildRigidBody
INFORMATION: Created 1466b078220.
Sept. 13, 2026 12:41:43 AM com.jme3.bullet.objects.PhysicsRigidBody rebuildRigidBody
INFORMATION: Created 1466b076570.
Sept. 13, 2026 12:41:43 AM com.jme3.bullet.objects.PhysicsRigidBody rebuildRigidBody
INFORMATION: Created 1466b078ee0.
Sept. 13, 2026 12:41:43 AM com.jme3.bullet.objects.PhysicsRigidBody rebuildRigidBody
INFORMATION: Created 1466b075f10.
Sept. 13, 2026 12:41:43 AM com.jme3.bullet.objects.PhysicsRigidBody rebuildRigidBody
INFORMATION: Created 1466b077890.
Sept. 13, 2026 12:41:43 AM com.jme3.bullet.objects.PhysicsRigidBody rebuildRigidBody
INFORMATION: Created 1466b078bb0.
Sept. 13, 2026 12:41:43 AM com.jme3.bullet.objects.PhysicsRigidBody rebuildRigidBody
INFORMATION: Created 1466b079540.
Sept. 13, 2026 12:41:43 AM com.jme3.bullet.objects.PhysicsRigidBody rebuildRigidBody
INFORMATION: Created 1466b077ef0.
Sept. 13, 2026 12:41:43 AM com.jme3.bullet.objects.PhysicsRigidBody rebuildRigidBody
INFORMATION: Created 1466b079ba0.
Sept. 13, 2026 12:41:43 AM com.jme3.bullet.objects.PhysicsRigidBody rebuildRigidBody
INFORMATION: Created 1466b077230.
Sept. 13, 2026 12:41:43 AM com.jme3.bullet.objects.PhysicsRigidBody rebuildRigidBody
INFORMATION: Created 1466b076bd0.
Sept. 13, 2026 12:41:43 AM com.jme3.bullet.objects.PhysicsRigidBody rebuildRigidBody
INFORMATION: Created 1466b077bc0.
Sept. 13, 2026 12:41:43 AM com.jme3.bullet.objects.PhysicsRigidBody rebuildRigidBody
INFORMATION: Created 1466b079ed0.
Sept. 13, 2026 12:41:43 AM com.jme3.bullet.objects.PhysicsRigidBody rebuildRigidBody
INFORMATION: Created 1466b07a200.
Sept. 13, 2026 12:41:43 AM com.jme3.bullet.objects.PhysicsRigidBody rebuildRigidBody
INFORMATION: Created 1466b078550.
Sept. 13, 2026 12:41:43 AM com.jme3.bullet.objects.PhysicsRigidBody rebuildRigidBody
INFORMATION: Created 1466b07a530.
Sept. 13, 2026 12:41:43 AM com.jme3.bullet.objects.PhysicsRigidBody rebuildRigidBody
INFORMATION: Created 1466b0768a0.
Sept. 13, 2026 12:41:43 AM com.jme3.bullet.objects.PhysicsRigidBody rebuildRigidBody
INFORMATION: Created 1466b07c840.
Sept. 13, 2026 12:41:43 AM com.jme3.bullet.objects.PhysicsRigidBody rebuildRigidBody
INFORMATION: Created 1466b07d830.
Sept. 13, 2026 12:41:43 AM com.jme3.bullet.objects.PhysicsRigidBody rebuildRigidBody
INFORMATION: Created 1466b07bb80.
Sept. 13, 2026 12:41:43 AM com.jme3.bullet.objects.PhysicsRigidBody rebuildRigidBody
INFORMATION: Created 1466b07cb70.
Sept. 13, 2026 12:41:43 AM com.jme3.bullet.objects.PhysicsRigidBody rebuildRigidBody
INFORMATION: Created 1466b07b1f0.
Sept. 13, 2026 12:41:43 AM com.jme3.bullet.objects.PhysicsRigidBody rebuildRigidBody
INFORMATION: Created 1466b07d500.
Sept. 13, 2026 12:41:43 AM com.jme3.bullet.objects.PhysicsRigidBody rebuildRigidBody
INFORMATION: Created 1466b07b520.
Sept. 13, 2026 12:41:43 AM com.jme3.bullet.objects.PhysicsRigidBody rebuildRigidBody
INFORMATION: Created 1466b07db60.
Sept. 13, 2026 12:41:43 AM com.jme3.bullet.objects.PhysicsRigidBody rebuildRigidBody
INFORMATION: Created 1466b07a860.
Sept. 13, 2026 12:41:43 AM com.jme3.bullet.objects.PhysicsRigidBody rebuildRigidBody
INFORMATION: Created 1466b07aec0.
Sept. 13, 2026 12:41:43 AM com.jme3.bullet.objects.PhysicsRigidBody rebuildRigidBody
INFORMATION: Created 1466b07ab90.
Sept. 13, 2026 12:41:43 AM com.jme3.bullet.objects.PhysicsRigidBody rebuildRigidBody
INFORMATION: Created 1466b07c510.
Sept. 13, 2026 12:41:43 AM com.jme3.bullet.objects.PhysicsRigidBody rebuildRigidBody
INFORMATION: Created 1466b07b850.
Sept. 13, 2026 12:41:43 AM com.jme3.bullet.objects.PhysicsRigidBody rebuildRigidBody
INFORMATION: Created 1466b07beb0.
Sept. 13, 2026 12:41:43 AM com.jme3.bullet.objects.PhysicsRigidBody rebuildRigidBody
INFORMATION: Created 1466b07c1e0.
Sept. 13, 2026 12:41:43 AM com.jme3.bullet.objects.PhysicsRigidBody rebuildRigidBody
INFORMATION: Created 1466b07cea0.
Sept. 13, 2026 12:41:43 AM com.jme3.bullet.objects.PhysicsRigidBody rebuildRigidBody
INFORMATION: Created 1466b07d1d0.
Sept. 13, 2026 12:41:43 AM com.jme3.bullet.objects.PhysicsRigidBody rebuildRigidBody
INFORMATION: Created 1466b07e4f0.
Sept. 13, 2026 12:41:43 AM com.jme3.bullet.objects.PhysicsRigidBody rebuildRigidBody
INFORMATION: Created 1466b07ee80.
Sept. 13, 2026 12:41:43 AM com.jme3.bullet.objects.PhysicsRigidBody rebuildRigidBody
INFORMATION: Created 1466b07f810.
Sept. 13, 2026 12:41:43 AM com.jme3.bullet.objects.PhysicsRigidBody rebuildRigidBody
INFORMATION: Created 1466b07f4e0.
Sept. 13, 2026 12:41:43 AM com.jme3.bullet.objects.PhysicsRigidBody rebuildRigidBody
INFORMATION: Created 1466b0814c0.
Sept. 13, 2026 12:41:43 AM com.jme3.bullet.objects.PhysicsRigidBody rebuildRigidBody
INFORMATION: Created 1466b07fb40.
Sept. 13, 2026 12:41:43 AM com.jme3.bullet.objects.PhysicsRigidBody rebuildRigidBody
INFORMATION: Created 1466b07e1c0.
Sept. 13, 2026 12:41:43 AM com.jme3.bullet.objects.PhysicsRigidBody rebuildRigidBody
INFORMATION: Created 1466b0801a0.
Sept. 13, 2026 12:41:43 AM com.jme3.bullet.objects.PhysicsRigidBody rebuildRigidBody
INFORMATION: Created 1466b081b20.
Sept. 13, 2026 12:41:43 AM com.jme3.bullet.objects.PhysicsRigidBody rebuildRigidBody
INFORMATION: Created 1466b080e60.
Sept. 13, 2026 12:41:43 AM com.jme3.bullet.objects.PhysicsRigidBody rebuildRigidBody
INFORMATION: Created 1466b07eb50.
Sept. 13, 2026 12:41:43 AM com.jme3.bullet.objects.PhysicsRigidBody rebuildRigidBody
INFORMATION: Created 1466b0804d0.
Sept. 13, 2026 12:41:43 AM com.jme3.bullet.objects.PhysicsRigidBody rebuildRigidBody
INFORMATION: Created 1466b07de90.
Sept. 13, 2026 12:41:43 AM com.jme3.bullet.objects.PhysicsRigidBody rebuildRigidBody
INFORMATION: Created 1466b080800.
Sept. 13, 2026 12:41:43 AM com.jme3.bullet.objects.PhysicsRigidBody rebuildRigidBody
INFORMATION: Created 1466b0817f0.
Sept. 13, 2026 12:41:43 AM com.jme3.bullet.objects.PhysicsRigidBody rebuildRigidBody
INFORMATION: Created 1466b07fe70.
Sept. 13, 2026 12:41:43 AM com.jme3.bullet.objects.PhysicsRigidBody rebuildRigidBody
INFORMATION: Created 1466b081190.
Sept. 13, 2026 12:41:43 AM com.jme3.bullet.objects.PhysicsRigidBody rebuildRigidBody
INFORMATION: Created 1466b080b30.
Sept. 13, 2026 12:41:43 AM com.jme3.bullet.objects.PhysicsRigidBody rebuildRigidBody
INFORMATION: Created 1466b0824b0.
Sept. 13, 2026 12:41:43 AM com.jme3.bullet.objects.PhysicsRigidBody rebuildRigidBody
INFORMATION: Created 1466b081e50.
Sept. 13, 2026 12:41:43 AM com.jme3.bullet.objects.PhysicsRigidBody rebuildRigidBody
INFORMATION: Created 1466b082180.
Sept. 13, 2026 12:41:43 AM com.jme3.bullet.objects.PhysicsRigidBody rebuildRigidBody
INFORMATION: Created 1466b07e820.
Sept. 13, 2026 12:41:43 AM com.jme3.bullet.objects.PhysicsRigidBody rebuildRigidBody
INFORMATION: Created 1466b0827e0.
Sept. 13, 2026 12:41:43 AM com.jme3.bullet.objects.PhysicsRigidBody rebuildRigidBody
INFORMATION: Created 1466b082b10.
Sept. 13, 2026 12:41:43 AM com.jme3.bullet.objects.PhysicsRigidBody rebuildRigidBody
INFORMATION: Created 1466b082e40.
Sept. 13, 2026 12:41:43 AM com.jme3.bullet.objects.PhysicsRigidBody rebuildRigidBody
INFORMATION: Created 1466b07f1b0.
Sept. 13, 2026 12:41:43 AM com.jme3.bullet.objects.PhysicsRigidBody rebuildRigidBody
INFORMATION: Created 1466b083170.
Sept. 13, 2026 12:41:43 AM com.jme3.bullet.objects.PhysicsRigidBody rebuildRigidBody
INFORMATION: Created 1466b0834a0.
Sept. 13, 2026 12:41:43 AM com.jme3.bullet.objects.PhysicsRigidBody rebuildRigidBody
INFORMATION: Created 1466b0837d0.
Sept. 13, 2026 12:41:43 AM com.jme3.bullet.objects.PhysicsRigidBody rebuildRigidBody
INFORMATION: Created 1466b083e30.
Sept. 13, 2026 12:41:43 AM com.jme3.bullet.objects.PhysicsRigidBody rebuildRigidBody
INFORMATION: Created 1466b083b00.
Sept. 13, 2026 12:41:43 AM com.jme3.bullet.objects.PhysicsRigidBody rebuildRigidBody
INFORMATION: Created 1466b084160.
Sept. 13, 2026 12:41:43 AM com.jme3.bullet.objects.PhysicsRigidBody rebuildRigidBody
INFORMATION: Created 1466c06e4e0.
Sept. 13, 2026 12:41:43 AM com.jme3.bullet.objects.PhysicsRigidBody rebuildRigidBody
INFORMATION: Created 1466c06eb40.
Sept. 13, 2026 12:41:43 AM com.jme3.bullet.objects.PhysicsRigidBody rebuildRigidBody
INFORMATION: Created 1466c06c1d0.
Sept. 13, 2026 12:41:43 AM com.jme3.bullet.objects.PhysicsRigidBody rebuildRigidBody
INFORMATION: Created 1466c06c830.
Sept. 13, 2026 12:41:43 AM com.jme3.bullet.objects.PhysicsRigidBody rebuildRigidBody
INFORMATION: Created 1466c06cb60.
Sept. 13, 2026 12:41:43 AM com.jme3.bullet.objects.PhysicsRigidBody rebuildRigidBody
INFORMATION: Created 1466c06d820.
Sept. 13, 2026 12:41:43 AM com.jme3.bullet.objects.PhysicsRigidBody rebuildRigidBody
INFORMATION: Created 1466c06de80.
Sept. 13, 2026 12:41:43 AM com.jme3.bullet.objects.PhysicsRigidBody rebuildRigidBody
INFORMATION: Created 1466c06ce90.
Sept. 13, 2026 12:41:43 AM com.jme3.bullet.objects.PhysicsRigidBody rebuildRigidBody
INFORMATION: Created 1466c06db50.
Sept. 13, 2026 12:41:43 AM com.jme3.bullet.objects.PhysicsRigidBody rebuildRigidBody
INFORMATION: Created 1466c06bea0.
Sept. 13, 2026 12:41:43 AM com.jme3.bullet.objects.PhysicsRigidBody rebuildRigidBody
INFORMATION: Created 1466c06e810.
Sept. 13, 2026 12:41:43 AM com.jme3.bullet.objects.PhysicsRigidBody rebuildRigidBody
INFORMATION: Created 1466c06f1a0.
Sept. 13, 2026 12:41:43 AM com.jme3.bullet.objects.PhysicsRigidBody rebuildRigidBody
INFORMATION: Created 1466c06b510.
Sept. 13, 2026 12:41:43 AM com.jme3.anim.SkinningControl controlRender
INFORMATION: Hardware skinning engaged for Scene (Node)
Sept. 13, 2026 12:41:43 AM com.jme3.anim.SkinningControl controlRender
INFORMATION: Hardware skinning engaged for Scene (Node)
Sept. 13, 2026 12:41:43 AM com.jme3.anim.SkinningControl controlRender
INFORMATION: Hardware skinning engaged for Scene (Node)
Sept. 13, 2026 12:41:43 AM com.jme3.anim.SkinningControl controlRender
INFORMATION: Hardware skinning engaged for Scene (Node)
[SMOKE] stage 11
[GAME] Spiel gespeichert.
[SMOKE] stage 12
Sept. 13, 2026 12:41:48 AM com.jme3.bullet.objects.PhysicsRigidBody rebuildRigidBody
INFORMATION: Created 1466c06c500.
Sept. 13, 2026 12:41:48 AM com.jme3.bullet.objects.PhysicsRigidBody rebuildRigidBody
INFORMATION: Created 1466c06f4d0.
Sept. 13, 2026 12:41:48 AM com.jme3.bullet.objects.PhysicsRigidBody rebuildRigidBody
INFORMATION: Created 1466c06d1c0.
Sept. 13, 2026 12:41:48 AM com.jme3.bullet.objects.PhysicsRigidBody rebuildRigidBody
INFORMATION: Created 1466c06e1b0.
Sept. 13, 2026 12:41:48 AM com.jme3.bullet.objects.PhysicsRigidBody rebuildRigidBody
INFORMATION: Created 1466c06ee70.
Sept. 13, 2026 12:41:48 AM com.jme3.bullet.objects.PhysicsRigidBody rebuildRigidBody
INFORMATION: Created 1466c06b840.
Sept. 13, 2026 12:41:48 AM com.jme3.bullet.objects.PhysicsRigidBody rebuildRigidBody
INFORMATION: Created 1466c06d4f0.
Sept. 13, 2026 12:41:48 AM com.jme3.bullet.objects.PhysicsRigidBody rebuildRigidBody
INFORMATION: Created 1466c06f800.
Sept. 13, 2026 12:41:48 AM com.jme3.bullet.objects.PhysicsRigidBody rebuildRigidBody
INFORMATION: Created 1466c06bb70.
Sept. 13, 2026 12:41:48 AM com.jme3.bullet.objects.PhysicsRigidBody rebuildRigidBody
INFORMATION: Created 1466c072b00.
Sept. 13, 2026 12:41:48 AM com.jme3.bullet.objects.PhysicsRigidBody rebuildRigidBody
INFORMATION: Created 1466c0714b0.
Sept. 13, 2026 12:41:48 AM com.jme3.bullet.objects.PhysicsRigidBody rebuildRigidBody
INFORMATION: Created 1466c0727d0.
Sept. 13, 2026 12:41:48 AM com.jme3.bullet.objects.PhysicsRigidBody rebuildRigidBody
INFORMATION: Created 1466c0737c0.
Sept. 13, 2026 12:41:48 AM com.jme3.bullet.objects.PhysicsRigidBody rebuildRigidBody
INFORMATION: Created 1466c070e50.
Sept. 13, 2026 12:41:48 AM com.jme3.bullet.objects.PhysicsRigidBody rebuildRigidBody
INFORMATION: Created 1466c0717e0.
Sept. 13, 2026 12:41:48 AM com.jme3.bullet.objects.PhysicsRigidBody rebuildRigidBody
INFORMATION: Created 1466c071e40.
Sept. 13, 2026 12:41:48 AM com.jme3.bullet.objects.PhysicsRigidBody rebuildRigidBody
INFORMATION: Created 1466c072e30.
Sept. 13, 2026 12:41:48 AM com.jme3.bullet.objects.PhysicsRigidBody rebuildRigidBody
INFORMATION: Created 1466c070b20.
Sept. 13, 2026 12:41:48 AM com.jme3.bullet.objects.PhysicsRigidBody rebuildRigidBody
INFORMATION: Created 1466c0724a0.
Sept. 13, 2026 12:41:48 AM com.jme3.bullet.objects.PhysicsRigidBody rebuildRigidBody
INFORMATION: Created 1466c072170.
Sept. 13, 2026 12:41:48 AM com.jme3.bullet.objects.PhysicsRigidBody rebuildRigidBody
INFORMATION: Created 1466c06fb30.
Sept. 13, 2026 12:41:48 AM com.jme3.bullet.objects.PhysicsRigidBody rebuildRigidBody
INFORMATION: Created 1466c073490.
Sept. 13, 2026 12:41:48 AM com.jme3.bullet.objects.PhysicsRigidBody rebuildRigidBody
INFORMATION: Created 1466c073160.
Sept. 13, 2026 12:41:48 AM com.jme3.bullet.objects.PhysicsRigidBody rebuildRigidBody
INFORMATION: Created 1466c071b10.
Sept. 13, 2026 12:41:48 AM com.jme3.bullet.objects.PhysicsRigidBody rebuildRigidBody
INFORMATION: Created 1466c073af0.
Sept. 13, 2026 12:41:48 AM com.jme3.bullet.objects.PhysicsRigidBody rebuildRigidBody
INFORMATION: Created 1466c071180.
Sept. 13, 2026 12:41:48 AM com.jme3.bullet.objects.PhysicsRigidBody rebuildRigidBody
INFORMATION: Created 1466c06fe60.
Sept. 13, 2026 12:41:48 AM com.jme3.bullet.objects.PhysicsRigidBody rebuildRigidBody
INFORMATION: Created 1466c073e20.
Sept. 13, 2026 12:41:48 AM com.jme3.bullet.objects.PhysicsRigidBody rebuildRigidBody
INFORMATION: Created 1466c070190.
Sept. 13, 2026 12:41:48 AM com.jme3.bullet.objects.PhysicsRigidBody rebuildRigidBody
INFORMATION: Created 1466c074150.
Sept. 13, 2026 12:41:48 AM com.jme3.bullet.objects.PhysicsRigidBody rebuildRigidBody
INFORMATION: Created 1466c0704c0.
Sept. 13, 2026 12:41:48 AM com.jme3.bullet.objects.PhysicsRigidBody rebuildRigidBody
INFORMATION: Created 1466c074480.
Sept. 13, 2026 12:41:48 AM com.jme3.bullet.objects.PhysicsRigidBody rebuildRigidBody
INFORMATION: Created 1466c0707f0.
Sept. 13, 2026 12:41:48 AM com.jme3.bullet.objects.PhysicsRigidBody rebuildRigidBody
INFORMATION: Created 1466c075e00.
Sept. 13, 2026 12:41:48 AM com.jme3.bullet.objects.PhysicsRigidBody rebuildRigidBody
INFORMATION: Created 1466c0747b0.
Sept. 13, 2026 12:41:48 AM com.jme3.bullet.objects.PhysicsRigidBody rebuildRigidBody
INFORMATION: Created 1466c076790.
Sept. 13, 2026 12:41:48 AM com.jme3.bullet.objects.PhysicsRigidBody rebuildRigidBody
INFORMATION: Created 1466c074ae0.
Sept. 13, 2026 12:41:48 AM com.jme3.bullet.objects.PhysicsRigidBody rebuildRigidBody
INFORMATION: Created 1466c0757a0.
Sept. 13, 2026 12:41:48 AM com.jme3.bullet.objects.PhysicsRigidBody rebuildRigidBody
INFORMATION: Created 1466c076130.
Sept. 13, 2026 12:41:48 AM com.jme3.bullet.objects.PhysicsRigidBody rebuildRigidBody
INFORMATION: Created 1466c076460.
Sept. 13, 2026 12:41:48 AM com.jme3.bullet.objects.PhysicsRigidBody rebuildRigidBody
INFORMATION: Created 1466c077ab0.
Sept. 13, 2026 12:41:48 AM com.jme3.bullet.objects.PhysicsRigidBody rebuildRigidBody
INFORMATION: Created 1466c077de0.
Sept. 13, 2026 12:41:48 AM com.jme3.bullet.objects.PhysicsRigidBody rebuildRigidBody
INFORMATION: Created 1466c076ac0.
Sept. 13, 2026 12:41:48 AM com.jme3.bullet.objects.PhysicsRigidBody rebuildRigidBody
INFORMATION: Created 1466c074e10.
Sept. 13, 2026 12:41:48 AM com.jme3.bullet.objects.PhysicsRigidBody rebuildRigidBody
INFORMATION: Created 1466c075140.
Sept. 13, 2026 12:41:48 AM com.jme3.bullet.objects.PhysicsRigidBody rebuildRigidBody
INFORMATION: Created 1466c076df0.
Sept. 13, 2026 12:41:48 AM com.jme3.bullet.objects.PhysicsRigidBody rebuildRigidBody
INFORMATION: Created 1466c077450.
Sept. 13, 2026 12:41:48 AM com.jme3.bullet.objects.PhysicsRigidBody rebuildRigidBody
INFORMATION: Created 1466c075470.
Sept. 13, 2026 12:41:48 AM com.jme3.bullet.objects.PhysicsRigidBody rebuildRigidBody
INFORMATION: Created 1466c077120.
Sept. 13, 2026 12:41:48 AM com.jme3.bullet.objects.PhysicsRigidBody rebuildRigidBody
INFORMATION: Created 1466c075ad0.
Sept. 13, 2026 12:41:48 AM com.jme3.bullet.objects.PhysicsRigidBody rebuildRigidBody
INFORMATION: Created 1466c077780.
Sept. 13, 2026 12:41:48 AM com.jme3.bullet.objects.PhysicsRigidBody rebuildRigidBody
INFORMATION: Created 1466c07adb0.
Sept. 13, 2026 12:41:48 AM com.jme3.bullet.objects.PhysicsRigidBody rebuildRigidBody
INFORMATION: Created 1466c078440.
Sept. 13, 2026 12:41:48 AM com.jme3.bullet.objects.PhysicsRigidBody rebuildRigidBody
INFORMATION: Created 1466c078dd0.
Sept. 13, 2026 12:41:48 AM com.jme3.bullet.objects.PhysicsRigidBody rebuildRigidBody
INFORMATION: Created 1466c07aa80.
Sept. 13, 2026 12:41:48 AM com.jme3.bullet.objects.PhysicsRigidBody rebuildRigidBody
INFORMATION: Created 1466c079760.
Sept. 13, 2026 12:41:48 AM com.jme3.bullet.objects.PhysicsRigidBody rebuildRigidBody
INFORMATION: Created 1466c078110.
Sept. 13, 2026 12:41:48 AM com.jme3.bullet.objects.PhysicsRigidBody rebuildRigidBody
INFORMATION: Created 1466c078aa0.
Sept. 13, 2026 12:41:48 AM com.jme3.bullet.objects.PhysicsRigidBody rebuildRigidBody
INFORMATION: Created 1466c079430.
Sept. 13, 2026 12:41:48 AM com.jme3.bullet.objects.PhysicsRigidBody rebuildRigidBody
INFORMATION: Created 1466c079100.
Sept. 13, 2026 12:41:48 AM com.jme3.bullet.objects.PhysicsRigidBody rebuildRigidBody
INFORMATION: Created 1466c07b410.
Sept. 13, 2026 12:41:48 AM com.jme3.bullet.objects.PhysicsRigidBody rebuildRigidBody
INFORMATION: Created 1466c07ba70.
Sept. 13, 2026 12:41:48 AM com.jme3.bullet.objects.PhysicsRigidBody rebuildRigidBody
INFORMATION: Created 1466c079dc0.
Sept. 13, 2026 12:41:48 AM com.jme3.bullet.objects.PhysicsRigidBody rebuildRigidBody
INFORMATION: Created 1466c07b0e0.
Sept. 13, 2026 12:41:48 AM com.jme3.bullet.objects.PhysicsRigidBody rebuildRigidBody
INFORMATION: Created 1466c078770.
Sept. 13, 2026 12:41:48 AM com.jme3.bullet.objects.PhysicsRigidBody rebuildRigidBody
INFORMATION: Created 1466c07bda0.
Sept. 13, 2026 12:41:48 AM com.jme3.bullet.objects.PhysicsRigidBody rebuildRigidBody
INFORMATION: Created 1466c07c400.
Sept. 13, 2026 12:41:48 AM com.jme3.bullet.objects.PhysicsRigidBody rebuildRigidBody
INFORMATION: Created 1466c07d3f0.
Sept. 13, 2026 12:41:48 AM com.jme3.bullet.objects.PhysicsRigidBody rebuildRigidBody
INFORMATION: Created 1466c07a0f0.
Sept. 13, 2026 12:41:48 AM com.jme3.bullet.objects.PhysicsRigidBody rebuildRigidBody
INFORMATION: Created 1466c07ca60.
Sept. 13, 2026 12:41:48 AM com.jme3.bullet.objects.PhysicsRigidBody rebuildRigidBody
INFORMATION: Created 1466c07d720.
Sept. 13, 2026 12:41:48 AM com.jme3.bullet.objects.PhysicsRigidBody rebuildRigidBody
INFORMATION: Created 1466c07cd90.
Sept. 13, 2026 12:41:48 AM com.jme3.bullet.objects.PhysicsRigidBody rebuildRigidBody
INFORMATION: Created 1466c07a750.
Sept. 13, 2026 12:41:48 AM com.jme3.bullet.objects.PhysicsRigidBody rebuildRigidBody
INFORMATION: Created 1466c07d0c0.
Sept. 13, 2026 12:41:48 AM com.jme3.bullet.objects.PhysicsRigidBody rebuildRigidBody
INFORMATION: Created 1466c07c730.
Sept. 13, 2026 12:41:48 AM com.jme3.bullet.objects.PhysicsRigidBody rebuildRigidBody
INFORMATION: Created 1466c07c0d0.
Sept. 13, 2026 12:41:48 AM com.jme3.bullet.objects.PhysicsRigidBody rebuildRigidBody
INFORMATION: Created 1466c079a90.
Sept. 13, 2026 12:41:48 AM com.jme3.bullet.objects.PhysicsRigidBody rebuildRigidBody
INFORMATION: Created 1466c07da50.
Sept. 13, 2026 12:41:48 AM com.jme3.bullet.objects.PhysicsRigidBody rebuildRigidBody
INFORMATION: Created 1466c07dd80.
Sept. 13, 2026 12:41:48 AM com.jme3.bullet.objects.PhysicsRigidBody rebuildRigidBody
INFORMATION: Created 1466c07b740.
Sept. 13, 2026 12:41:48 AM com.jme3.bullet.objects.PhysicsRigidBody rebuildRigidBody
INFORMATION: Created 1466c07e0b0.
Sept. 13, 2026 12:41:48 AM com.jme3.bullet.objects.PhysicsRigidBody rebuildRigidBody
INFORMATION: Created 1466c07a420.
Sept. 13, 2026 12:41:48 AM com.jme3.bullet.objects.PhysicsRigidBody rebuildRigidBody
INFORMATION: Created 1466c07e3e0.
Sept. 13, 2026 12:41:48 AM com.jme3.bullet.objects.PhysicsRigidBody rebuildRigidBody
INFORMATION: Created 1466c061280.
Sept. 13, 2026 12:41:48 AM com.jme3.bullet.objects.PhysicsRigidBody rebuildRigidBody
INFORMATION: Created 1466c0605c0.
Sept. 13, 2026 12:41:48 AM com.jme3.bullet.objects.PhysicsRigidBody rebuildRigidBody
INFORMATION: Created 1466c05f2a0.
Sept. 13, 2026 12:41:48 AM com.jme3.bullet.objects.PhysicsRigidBody rebuildRigidBody
INFORMATION: Created 1466c060f50.
Sept. 13, 2026 12:41:48 AM com.jme3.bullet.objects.PhysicsRigidBody rebuildRigidBody
INFORMATION: Created 1466c05ef70.
Sept. 13, 2026 12:41:48 AM com.jme3.bullet.objects.PhysicsRigidBody rebuildRigidBody
INFORMATION: Created 1466c060290.
Sept. 13, 2026 12:41:48 AM com.jme3.bullet.objects.PhysicsRigidBody rebuildRigidBody
INFORMATION: Created 1466c060c20.
Sept. 13, 2026 12:41:48 AM com.jme3.bullet.objects.PhysicsRigidBody rebuildRigidBody
INFORMATION: Created 1466c05f900.
Sept. 13, 2026 12:41:48 AM com.jme3.bullet.objects.PhysicsRigidBody rebuildRigidBody
INFORMATION: Created 1466c061c10.
Sept. 13, 2026 12:41:48 AM com.jme3.bullet.objects.PhysicsRigidBody rebuildRigidBody
INFORMATION: Created 1466c05f5d0.
Sept. 13, 2026 12:41:48 AM com.jme3.bullet.objects.PhysicsRigidBody rebuildRigidBody
INFORMATION: Created 1466c05fc30.
Sept. 13, 2026 12:41:48 AM com.jme3.bullet.objects.PhysicsRigidBody rebuildRigidBody
INFORMATION: Created 1466c061f40.
Sept. 13, 2026 12:41:48 AM com.jme3.bullet.objects.PhysicsRigidBody rebuildRigidBody
INFORMATION: Created 1466c0608f0.
Sept. 13, 2026 12:41:48 AM com.jme3.bullet.objects.PhysicsRigidBody rebuildRigidBody
INFORMATION: Created 1466c05ff60.
Sept. 13, 2026 12:41:48 AM com.jme3.bullet.objects.PhysicsRigidBody rebuildRigidBody
INFORMATION: Created 1466c0615b0.
Sept. 13, 2026 12:41:48 AM com.jme3.bullet.objects.PhysicsRigidBody rebuildRigidBody
INFORMATION: Created 1466c062270.
Sept. 13, 2026 12:41:48 AM com.jme3.bullet.objects.PhysicsRigidBody rebuildRigidBody
INFORMATION: Created 1466c05e910.
Sept. 13, 2026 12:41:48 AM com.jme3.bullet.objects.PhysicsRigidBody rebuildRigidBody
INFORMATION: Created 1466c0618e0.
Sept. 13, 2026 12:41:48 AM com.jme3.bullet.objects.PhysicsRigidBody rebuildRigidBody
INFORMATION: Created 1466c0625a0.
Sept. 13, 2026 12:41:48 AM com.jme3.bullet.objects.PhysicsRigidBody rebuildRigidBody
INFORMATION: Created 1466c0628d0.
Sept. 13, 2026 12:41:48 AM com.jme3.bullet.objects.PhysicsRigidBody rebuildRigidBody
INFORMATION: Created 1466c05ec40.
Sept. 13, 2026 12:41:48 AM com.jme3.bullet.objects.PhysicsRigidBody rebuildRigidBody
INFORMATION: Created 1466c062c00.
Sept. 13, 2026 12:41:48 AM com.jme3.bullet.objects.PhysicsRigidBody rebuildRigidBody
INFORMATION: Created 1466c065240.
Sept. 13, 2026 12:41:48 AM com.jme3.bullet.objects.PhysicsRigidBody rebuildRigidBody
INFORMATION: Created 1466c064be0.
Sept. 13, 2026 12:41:48 AM com.jme3.bullet.objects.PhysicsRigidBody rebuildRigidBody
INFORMATION: Created 1466c066230.
Sept. 13, 2026 12:41:48 AM com.jme3.bullet.objects.PhysicsRigidBody rebuildRigidBody
INFORMATION: Created 1466c0638c0.
Sept. 13, 2026 12:41:48 AM com.jme3.bullet.objects.PhysicsRigidBody rebuildRigidBody
INFORMATION: Created 1466c063f20.
Sept. 13, 2026 12:41:48 AM com.jme3.bullet.objects.PhysicsRigidBody rebuildRigidBody
INFORMATION: Created 1466c062f30.
Sept. 13, 2026 12:41:48 AM com.jme3.bullet.objects.PhysicsRigidBody rebuildRigidBody
INFORMATION: Created 1466c063260.
Sept. 13, 2026 12:41:48 AM com.jme3.bullet.objects.PhysicsRigidBody rebuildRigidBody
INFORMATION: Created 1466c064f10.
Sept. 13, 2026 12:41:48 AM com.jme3.bullet.objects.PhysicsRigidBody rebuildRigidBody
INFORMATION: Created 1466c066560.
Sept. 13, 2026 12:41:48 AM com.jme3.bullet.objects.PhysicsRigidBody rebuildRigidBody
INFORMATION: Created 1466c064580.
Sept. 13, 2026 12:41:48 AM com.jme3.bullet.objects.PhysicsRigidBody rebuildRigidBody
INFORMATION: Created 1466c0648b0.
Sept. 13, 2026 12:41:48 AM com.jme3.bullet.objects.PhysicsRigidBody rebuildRigidBody
INFORMATION: Created 1466c063590.
Sept. 13, 2026 12:41:48 AM com.jme3.bullet.objects.PhysicsRigidBody rebuildRigidBody
INFORMATION: Created 1466c063bf0.
Sept. 13, 2026 12:41:48 AM com.jme3.bullet.objects.PhysicsRigidBody rebuildRigidBody
INFORMATION: Created 1466c067220.
Sept. 13, 2026 12:41:48 AM com.jme3.bullet.objects.PhysicsRigidBody rebuildRigidBody
INFORMATION: Created 1466c065570.
Sept. 13, 2026 12:41:48 AM com.jme3.bullet.objects.PhysicsRigidBody rebuildRigidBody
INFORMATION: Created 1466c067880.
Sept. 13, 2026 12:41:48 AM com.jme3.bullet.objects.PhysicsRigidBody rebuildRigidBody
INFORMATION: Created 1466c066890.
Sept. 13, 2026 12:41:48 AM com.jme3.bullet.objects.PhysicsRigidBody rebuildRigidBody
INFORMATION: Created 1466c066bc0.
Sept. 13, 2026 12:41:48 AM com.jme3.bullet.objects.PhysicsRigidBody rebuildRigidBody
INFORMATION: Created 1466c066ef0.
Sept. 13, 2026 12:41:48 AM com.jme3.bullet.objects.PhysicsRigidBody rebuildRigidBody
INFORMATION: Created 1466c064250.
Sept. 13, 2026 12:41:48 AM com.jme3.bullet.objects.PhysicsRigidBody rebuildRigidBody
INFORMATION: Created 1466c067ee0.
Sept. 13, 2026 12:41:48 AM com.jme3.bullet.objects.PhysicsRigidBody rebuildRigidBody
INFORMATION: Created 1466c067550.
Sept. 13, 2026 12:41:48 AM com.jme3.bullet.objects.PhysicsRigidBody rebuildRigidBody
INFORMATION: Created 1466c067bb0.
Sept. 13, 2026 12:41:48 AM com.jme3.bullet.objects.PhysicsRigidBody rebuildRigidBody
INFORMATION: Created 1466c068ed0.
Sept. 13, 2026 12:41:48 AM com.jme3.bullet.objects.PhysicsRigidBody rebuildRigidBody
INFORMATION: Created 1466c068ba0.
Sept. 13, 2026 12:41:48 AM com.jme3.bullet.objects.PhysicsRigidBody rebuildRigidBody
INFORMATION: Created 1466c068210.
Sept. 13, 2026 12:41:48 AM com.jme3.bullet.objects.PhysicsRigidBody rebuildRigidBody
INFORMATION: Created 1466c068540.
Sept. 13, 2026 12:41:48 AM com.jme3.bullet.objects.PhysicsRigidBody rebuildRigidBody
INFORMATION: Created 1466c065f00.
Sept. 13, 2026 12:41:48 AM com.jme3.bullet.objects.PhysicsRigidBody rebuildRigidBody
INFORMATION: Created 1466c068870.
Sept. 13, 2026 12:41:48 AM com.jme3.bullet.objects.PhysicsRigidBody rebuildRigidBody
INFORMATION: Created 1466c069200.
Sept. 13, 2026 12:41:48 AM com.jme3.bullet.objects.PhysicsRigidBody rebuildRigidBody
INFORMATION: Created 1466c069530.
Sept. 13, 2026 12:41:48 AM com.jme3.bullet.objects.PhysicsRigidBody rebuildRigidBody
INFORMATION: Created 1466c0658a0.
Sept. 13, 2026 12:41:48 AM com.jme3.bullet.objects.PhysicsRigidBody rebuildRigidBody
INFORMATION: Created 1466c069860.
Sept. 13, 2026 12:41:48 AM com.jme3.bullet.objects.PhysicsRigidBody rebuildRigidBody
INFORMATION: Created 1466c065bd0.
Sept. 13, 2026 12:41:48 AM com.jme3.bullet.objects.PhysicsRigidBody rebuildRigidBody
INFORMATION: Created 1466c069b90.
Sept. 13, 2026 12:41:48 AM com.jme3.bullet.objects.PhysicsRigidBody rebuildRigidBody
INFORMATION: Created 1466c06b1e0.
Sept. 13, 2026 12:41:48 AM com.jme3.bullet.objects.PhysicsRigidBody rebuildRigidBody
INFORMATION: Created 1466c069ec0.
Sept. 13, 2026 12:41:48 AM com.jme3.bullet.objects.PhysicsRigidBody rebuildRigidBody
INFORMATION: Created 1466c06ab80.
Sept. 13, 2026 12:41:48 AM com.jme3.bullet.objects.PhysicsRigidBody rebuildRigidBody
INFORMATION: Created 1466c06a1f0.
Sept. 13, 2026 12:41:48 AM com.jme3.bullet.objects.PhysicsRigidBody rebuildRigidBody
INFORMATION: Created 1466c06a520.
Sept. 13, 2026 12:41:48 AM com.jme3.bullet.objects.PhysicsRigidBody rebuildRigidBody
INFORMATION: Created 1466c06a850.
Sept. 13, 2026 12:41:48 AM com.jme3.bullet.objects.PhysicsRigidBody rebuildRigidBody
INFORMATION: Created 1466c06aeb0.
Sept. 13, 2026 12:41:48 AM com.jme3.bullet.objects.PhysicsRigidBody rebuildRigidBody
INFORMATION: Created 1466bb35b80.
Sept. 13, 2026 12:41:48 AM com.jme3.bullet.objects.PhysicsRigidBody rebuildRigidBody
INFORMATION: Created 1466bb34530.
Sept. 13, 2026 12:41:48 AM com.jme3.bullet.objects.PhysicsRigidBody rebuildRigidBody
INFORMATION: Created 1466bb351f0.
Sept. 13, 2026 12:41:48 AM com.jme3.bullet.objects.PhysicsRigidBody rebuildRigidBody
INFORMATION: Created 1466bb35520.
Sept. 13, 2026 12:41:48 AM com.jme3.bullet.objects.PhysicsRigidBody rebuildRigidBody
INFORMATION: Created 1466bb35850.
[GAME] Spielstand geladen.
Sept. 13, 2026 12:41:48 AM com.jme3.anim.SkinningControl controlRender
INFORMATION: Hardware skinning engaged for Scene (Node)
Sept. 13, 2026 12:41:48 AM com.jme3.anim.SkinningControl controlRender
INFORMATION: Hardware skinning engaged for Scene (Node)
Sept. 13, 2026 12:41:48 AM com.jme3.anim.SkinningControl controlRender
INFORMATION: Hardware skinning engaged for Scene (Node)
Sept. 13, 2026 12:41:48 AM com.jme3.anim.SkinningControl controlRender
INFORMATION: Hardware skinning engaged for Scene (Node)
[SMOKE] stage 13
Sept. 13, 2026 12:41:50 AM com.jme3.bullet.objects.PhysicsRigidBody rebuildRigidBody
INFORMATION: Created 1466bb33540.
Sept. 13, 2026 12:41:50 AM com.jme3.bullet.objects.PhysicsRigidBody rebuildRigidBody
INFORMATION: Created 1466bb33210.
Sept. 13, 2026 12:41:50 AM com.jme3.bullet.objects.PhysicsRigidBody rebuildRigidBody
INFORMATION: Created 1466bb36510.
Sept. 13, 2026 12:41:50 AM com.jme3.bullet.objects.PhysicsRigidBody rebuildRigidBody
INFORMATION: Created 1466bb36840.
Sept. 13, 2026 12:41:50 AM com.jme3.bullet.objects.PhysicsRigidBody rebuildRigidBody
INFORMATION: Created 1466bb33ba0.
Sept. 13, 2026 12:41:50 AM com.jme3.bullet.objects.PhysicsRigidBody rebuildRigidBody
INFORMATION: Created 1466bb36b70.
Sept. 13, 2026 12:41:50 AM com.jme3.bullet.objects.PhysicsRigidBody rebuildRigidBody
INFORMATION: Created 1466bb35eb0.
Sept. 13, 2026 12:41:50 AM com.jme3.bullet.objects.PhysicsRigidBody rebuildRigidBody
INFORMATION: Created 1466bb34b90.
Sept. 13, 2026 12:41:50 AM com.jme3.bullet.objects.PhysicsRigidBody rebuildRigidBody
INFORMATION: Created 1466bb34860.
Sept. 13, 2026 12:41:50 AM com.jme3.bullet.objects.PhysicsRigidBody rebuildRigidBody
INFORMATION: Created 1466bb33ed0.
Sept. 13, 2026 12:41:50 AM com.jme3.bullet.objects.PhysicsRigidBody rebuildRigidBody
INFORMATION: Created 1466bb34200.
Sept. 13, 2026 12:41:50 AM com.jme3.bullet.objects.PhysicsRigidBody rebuildRigidBody
INFORMATION: Created 1466bb34ec0.
Sept. 13, 2026 12:41:50 AM com.jme3.bullet.objects.PhysicsRigidBody rebuildRigidBody
INFORMATION: Created 1466bb361e0.
Sept. 13, 2026 12:41:50 AM com.jme3.bullet.objects.PhysicsRigidBody rebuildRigidBody
INFORMATION: Created 1466bb33870.
Sept. 13, 2026 12:41:50 AM com.jme3.bullet.objects.PhysicsRigidBody rebuildRigidBody
INFORMATION: Created 1466bb32ee0.
Sept. 13, 2026 12:41:50 AM com.jme3.bullet.objects.PhysicsRigidBody rebuildRigidBody
INFORMATION: Created 1466bb36ea0.
Sept. 13, 2026 12:41:50 AM com.jme3.bullet.objects.PhysicsRigidBody rebuildRigidBody
INFORMATION: Created 1466bb37e90.
Sept. 13, 2026 12:41:50 AM com.jme3.bullet.objects.PhysicsRigidBody rebuildRigidBody
INFORMATION: Created 1466bb39810.
Sept. 13, 2026 12:41:50 AM com.jme3.bullet.objects.PhysicsRigidBody rebuildRigidBody
INFORMATION: Created 1466bb371d0.
Sept. 13, 2026 12:41:50 AM com.jme3.bullet.objects.PhysicsRigidBody rebuildRigidBody
INFORMATION: Created 1466bb394e0.
Sept. 13, 2026 12:41:50 AM com.jme3.bullet.objects.PhysicsRigidBody rebuildRigidBody
INFORMATION: Created 1466bb39b40.
Sept. 13, 2026 12:41:50 AM com.jme3.bullet.objects.PhysicsRigidBody rebuildRigidBody
INFORMATION: Created 1466bb39e70.
Sept. 13, 2026 12:41:50 AM com.jme3.bullet.objects.PhysicsRigidBody rebuildRigidBody
INFORMATION: Created 1466bb3a1a0.
Sept. 13, 2026 12:41:50 AM com.jme3.bullet.objects.PhysicsRigidBody rebuildRigidBody
INFORMATION: Created 1466bb3a4d0.
Sept. 13, 2026 12:41:50 AM com.jme3.bullet.objects.PhysicsRigidBody rebuildRigidBody
INFORMATION: Created 1466bb3a800.
Sept. 13, 2026 12:41:50 AM com.jme3.bullet.objects.PhysicsRigidBody rebuildRigidBody
INFORMATION: Created 1466bb3b190.
Sept. 13, 2026 12:41:50 AM com.jme3.bullet.objects.PhysicsRigidBody rebuildRigidBody
INFORMATION: Created 1466bb3ab30.
Sept. 13, 2026 12:41:50 AM com.jme3.bullet.objects.PhysicsRigidBody rebuildRigidBody
INFORMATION: Created 1466bb37830.
Sept. 13, 2026 12:41:50 AM com.jme3.bullet.objects.PhysicsRigidBody rebuildRigidBody
INFORMATION: Created 1466bb37b60.
Sept. 13, 2026 12:41:50 AM com.jme3.bullet.objects.PhysicsRigidBody rebuildRigidBody
INFORMATION: Created 1466bb3ae60.
Sept. 13, 2026 12:41:50 AM com.jme3.bullet.objects.PhysicsRigidBody rebuildRigidBody
INFORMATION: Created 1466bb38820.
Sept. 13, 2026 12:41:50 AM com.jme3.bullet.objects.PhysicsRigidBody rebuildRigidBody
INFORMATION: Created 1466bb37500.
Sept. 13, 2026 12:41:50 AM com.jme3.bullet.objects.PhysicsRigidBody rebuildRigidBody
INFORMATION: Created 1466bb38b50.
Sept. 13, 2026 12:41:50 AM com.jme3.bullet.objects.PhysicsRigidBody rebuildRigidBody
INFORMATION: Created 1466bb3b4c0.
Sept. 13, 2026 12:41:50 AM com.jme3.bullet.objects.PhysicsRigidBody rebuildRigidBody
INFORMATION: Created 1466bb3be50.
Sept. 13, 2026 12:41:50 AM com.jme3.bullet.objects.PhysicsRigidBody rebuildRigidBody
INFORMATION: Created 1466bb38e80.
Sept. 13, 2026 12:41:50 AM com.jme3.bullet.objects.PhysicsRigidBody rebuildRigidBody
INFORMATION: Created 1466bb381c0.
Sept. 13, 2026 12:41:50 AM com.jme3.bullet.objects.PhysicsRigidBody rebuildRigidBody
INFORMATION: Created 1466bb3b7f0.
Sept. 13, 2026 12:41:50 AM com.jme3.bullet.objects.PhysicsRigidBody rebuildRigidBody
INFORMATION: Created 1466bb3bb20.
Sept. 13, 2026 12:41:50 AM com.jme3.bullet.objects.PhysicsRigidBody rebuildRigidBody
INFORMATION: Created 1466bb391b0.
Sept. 13, 2026 12:41:50 AM com.jme3.bullet.objects.PhysicsRigidBody rebuildRigidBody
INFORMATION: Created 1466bb3c180.
Sept. 13, 2026 12:41:50 AM com.jme3.bullet.objects.PhysicsRigidBody rebuildRigidBody
INFORMATION: Created 1466bb384f0.
Sept. 13, 2026 12:41:50 AM com.jme3.bullet.objects.PhysicsRigidBody rebuildRigidBody
INFORMATION: Created 1466bb3f7b0.
Sept. 13, 2026 12:41:50 AM com.jme3.bullet.objects.PhysicsRigidBody rebuildRigidBody
INFORMATION: Created 1466bb3d170.
Sept. 13, 2026 12:41:50 AM com.jme3.bullet.objects.PhysicsRigidBody rebuildRigidBody
INFORMATION: Created 1466bb3c4b0.
Sept. 13, 2026 12:41:50 AM com.jme3.bullet.objects.PhysicsRigidBody rebuildRigidBody
INFORMATION: Created 1466bb3d4a0.
Sept. 13, 2026 12:41:50 AM com.jme3.bullet.objects.PhysicsRigidBody rebuildRigidBody
INFORMATION: Created 1466bb3cb10.
Sept. 13, 2026 12:41:50 AM com.jme3.bullet.objects.PhysicsRigidBody rebuildRigidBody
INFORMATION: Created 1466bb3c7e0.
Sept. 13, 2026 12:41:50 AM com.jme3.bullet.objects.PhysicsRigidBody rebuildRigidBody
INFORMATION: Created 1466bb3db00.
Sept. 13, 2026 12:41:50 AM com.jme3.bullet.objects.PhysicsRigidBody rebuildRigidBody
INFORMATION: Created 1466bb3de30.
Sept. 13, 2026 12:41:50 AM com.jme3.bullet.objects.PhysicsRigidBody rebuildRigidBody
INFORMATION: Created 1466bb3eaf0.
Sept. 13, 2026 12:41:50 AM com.jme3.bullet.objects.PhysicsRigidBody rebuildRigidBody
INFORMATION: Created 1466bb3e490.
Sept. 13, 2026 12:41:50 AM com.jme3.bullet.objects.PhysicsRigidBody rebuildRigidBody
INFORMATION: Created 1466bb3ce40.
Sept. 13, 2026 12:41:50 AM com.jme3.bullet.objects.PhysicsRigidBody rebuildRigidBody
INFORMATION: Created 1466bb3f150.
Sept. 13, 2026 12:41:50 AM com.jme3.bullet.objects.PhysicsRigidBody rebuildRigidBody
INFORMATION: Created 1466bb3d7d0.
Sept. 13, 2026 12:41:50 AM com.jme3.bullet.objects.PhysicsRigidBody rebuildRigidBody
INFORMATION: Created 1466bb3e160.
Sept. 13, 2026 12:41:50 AM com.jme3.bullet.objects.PhysicsRigidBody rebuildRigidBody
INFORMATION: Created 1466bb3e7c0.
Sept. 13, 2026 12:41:50 AM com.jme3.bullet.objects.PhysicsRigidBody rebuildRigidBody
INFORMATION: Created 1466bb3ee20.
Sept. 13, 2026 12:41:50 AM com.jme3.bullet.objects.PhysicsRigidBody rebuildRigidBody
INFORMATION: Created 1466bb3f480.
Sept. 13, 2026 12:41:50 AM com.jme3.bullet.objects.PhysicsRigidBody rebuildRigidBody
INFORMATION: Created 1466bb42ab0.
Sept. 13, 2026 12:41:50 AM com.jme3.bullet.objects.PhysicsRigidBody rebuildRigidBody
INFORMATION: Created 1466bb43440.
Sept. 13, 2026 12:41:50 AM com.jme3.bullet.objects.PhysicsRigidBody rebuildRigidBody
INFORMATION: Created 1466bb407a0.
Sept. 13, 2026 12:41:50 AM com.jme3.bullet.objects.PhysicsRigidBody rebuildRigidBody
INFORMATION: Created 1466bb40ad0.
Sept. 13, 2026 12:41:50 AM com.jme3.bullet.objects.PhysicsRigidBody rebuildRigidBody
INFORMATION: Created 1466bb42de0.
Sept. 13, 2026 12:41:50 AM com.jme3.bullet.objects.PhysicsRigidBody rebuildRigidBody
INFORMATION: Created 1466bb43770.
Sept. 13, 2026 12:41:50 AM com.jme3.bullet.objects.PhysicsRigidBody rebuildRigidBody
INFORMATION: Created 1466bb41ac0.
Sept. 13, 2026 12:41:50 AM com.jme3.bullet.objects.PhysicsRigidBody rebuildRigidBody
INFORMATION: Created 1466bb42120.
Sept. 13, 2026 12:41:50 AM com.jme3.bullet.objects.PhysicsRigidBody rebuildRigidBody
INFORMATION: Created 1466bb40e00.
Sept. 13, 2026 12:41:50 AM com.jme3.bullet.objects.PhysicsRigidBody rebuildRigidBody
INFORMATION: Created 1466bb3fae0.
Sept. 13, 2026 12:41:50 AM com.jme3.bullet.objects.PhysicsRigidBody rebuildRigidBody
INFORMATION: Created 1466bb43110.
Sept. 13, 2026 12:41:50 AM com.jme3.bullet.objects.PhysicsRigidBody rebuildRigidBody
INFORMATION: Created 1466bb43aa0.
Sept. 13, 2026 12:41:50 AM com.jme3.bullet.objects.PhysicsRigidBody rebuildRigidBody
INFORMATION: Created 1466bb3fe10.
Sept. 13, 2026 12:41:50 AM com.jme3.bullet.objects.PhysicsRigidBody rebuildRigidBody
INFORMATION: Created 1466bb42450.
Sept. 13, 2026 12:41:50 AM com.jme3.bullet.objects.PhysicsRigidBody rebuildRigidBody
INFORMATION: Created 1466bb40470.
Sept. 13, 2026 12:41:50 AM com.jme3.bullet.objects.PhysicsRigidBody rebuildRigidBody
INFORMATION: Created 1466bb41130.
Sept. 13, 2026 12:41:50 AM com.jme3.bullet.objects.PhysicsRigidBody rebuildRigidBody
INFORMATION: Created 1466bb42780.
Sept. 13, 2026 12:41:50 AM com.jme3.bullet.objects.PhysicsRigidBody rebuildRigidBody
INFORMATION: Created 1466bb41460.
Sept. 13, 2026 12:41:50 AM com.jme3.bullet.objects.PhysicsRigidBody rebuildRigidBody
INFORMATION: Created 1466bb43dd0.
Sept. 13, 2026 12:41:50 AM com.jme3.bullet.objects.PhysicsRigidBody rebuildRigidBody
INFORMATION: Created 1466bb41790.
Sept. 13, 2026 12:41:50 AM com.jme3.bullet.objects.PhysicsRigidBody rebuildRigidBody
INFORMATION: Created 1466bb40140.
Sept. 13, 2026 12:41:50 AM com.jme3.bullet.objects.PhysicsRigidBody rebuildRigidBody
INFORMATION: Created 1466bb45a80.
Sept. 13, 2026 12:41:50 AM com.jme3.bullet.objects.PhysicsRigidBody rebuildRigidBody
INFORMATION: Created 1466bb44100.
Sept. 13, 2026 12:41:50 AM com.jme3.bullet.objects.PhysicsRigidBody rebuildRigidBody
INFORMATION: Created 1466bb41df0.
Sept. 13, 2026 12:41:50 AM com.jme3.bullet.objects.PhysicsRigidBody rebuildRigidBody
INFORMATION: Created 1466bb480c0.
Sept. 13, 2026 12:41:50 AM com.jme3.bullet.objects.PhysicsRigidBody rebuildRigidBody
INFORMATION: Created 1466bb46a70.
Sept. 13, 2026 12:41:50 AM com.jme3.bullet.objects.PhysicsRigidBody rebuildRigidBody
INFORMATION: Created 1466bb47400.
Sept. 13, 2026 12:41:50 AM com.jme3.bullet.objects.PhysicsRigidBody rebuildRigidBody
INFORMATION: Created 1466bb45db0.
Sept. 13, 2026 12:41:50 AM com.jme3.bullet.objects.PhysicsRigidBody rebuildRigidBody
INFORMATION: Created 1466bb45420.
Sept. 13, 2026 12:41:50 AM com.jme3.bullet.objects.PhysicsRigidBody rebuildRigidBody
INFORMATION: Created 1466bb45750.
Sept. 13, 2026 12:41:50 AM com.jme3.bullet.objects.PhysicsRigidBody rebuildRigidBody
INFORMATION: Created 1466bb460e0.
Sept. 13, 2026 12:41:50 AM com.jme3.bullet.objects.PhysicsRigidBody rebuildRigidBody
INFORMATION: Created 1466bb46da0.
Sept. 13, 2026 12:41:50 AM com.jme3.bullet.objects.PhysicsRigidBody rebuildRigidBody
INFORMATION: Created 1466bb44760.
Sept. 13, 2026 12:41:50 AM com.jme3.bullet.objects.PhysicsRigidBody rebuildRigidBody
INFORMATION: Created 1466bb46410.
Sept. 13, 2026 12:41:50 AM com.jme3.bullet.objects.PhysicsRigidBody rebuildRigidBody
INFORMATION: Created 1466bb44430.
Sept. 13, 2026 12:41:50 AM com.jme3.bullet.objects.PhysicsRigidBody rebuildRigidBody
INFORMATION: Created 1466bb46740.
Sept. 13, 2026 12:41:50 AM com.jme3.bullet.objects.PhysicsRigidBody rebuildRigidBody
INFORMATION: Created 1466bb470d0.
Sept. 13, 2026 12:41:50 AM com.jme3.bullet.objects.PhysicsRigidBody rebuildRigidBody
INFORMATION: Created 1466bb44a90.
Sept. 13, 2026 12:41:50 AM com.jme3.bullet.objects.PhysicsRigidBody rebuildRigidBody
INFORMATION: Created 1466bb47730.
Sept. 13, 2026 12:41:50 AM com.jme3.bullet.objects.PhysicsRigidBody rebuildRigidBody
INFORMATION: Created 1466bb47a60.
Sept. 13, 2026 12:41:50 AM com.jme3.bullet.objects.PhysicsRigidBody rebuildRigidBody
INFORMATION: Created 1466bb47d90.
Sept. 13, 2026 12:41:50 AM com.jme3.bullet.objects.PhysicsRigidBody rebuildRigidBody
INFORMATION: Created 1466bb483f0.
Sept. 13, 2026 12:41:50 AM com.jme3.bullet.objects.PhysicsRigidBody rebuildRigidBody
INFORMATION: Created 1466bb48720.
Sept. 13, 2026 12:41:50 AM com.jme3.bullet.objects.PhysicsRigidBody rebuildRigidBody
INFORMATION: Created 1466bb48a50.
Sept. 13, 2026 12:41:50 AM com.jme3.bullet.objects.PhysicsRigidBody rebuildRigidBody
INFORMATION: Created 1466bb44dc0.
Sept. 13, 2026 12:41:50 AM com.jme3.bullet.objects.PhysicsRigidBody rebuildRigidBody
INFORMATION: Created 1466bb48d80.
Sept. 13, 2026 12:41:50 AM com.jme3.bullet.objects.PhysicsRigidBody rebuildRigidBody
INFORMATION: Created 1466bb450f0.
Sept. 13, 2026 12:41:50 AM com.jme3.bullet.objects.PhysicsRigidBody rebuildRigidBody
INFORMATION: Created 1466bb49d70.
Sept. 13, 2026 12:41:50 AM com.jme3.bullet.objects.PhysicsRigidBody rebuildRigidBody
INFORMATION: Created 1466bb4ad60.
Sept. 13, 2026 12:41:50 AM com.jme3.bullet.objects.PhysicsRigidBody rebuildRigidBody
INFORMATION: Created 1466bb4bd50.
Sept. 13, 2026 12:41:50 AM com.jme3.bullet.objects.PhysicsRigidBody rebuildRigidBody
INFORMATION: Created 1466bb4b3c0.
Sept. 13, 2026 12:41:50 AM com.jme3.bullet.objects.PhysicsRigidBody rebuildRigidBody
INFORMATION: Created 1466bb4a700.
Sept. 13, 2026 12:41:50 AM com.jme3.bullet.objects.PhysicsRigidBody rebuildRigidBody
INFORMATION: Created 1466bb4a3d0.
Sept. 13, 2026 12:41:50 AM com.jme3.bullet.objects.PhysicsRigidBody rebuildRigidBody
INFORMATION: Created 1466bb49710.
Sept. 13, 2026 12:41:50 AM com.jme3.bullet.objects.PhysicsRigidBody rebuildRigidBody
INFORMATION: Created 1466bb4b6f0.
Sept. 13, 2026 12:41:50 AM com.jme3.bullet.objects.PhysicsRigidBody rebuildRigidBody
INFORMATION: Created 1466bb4c080.
Sept. 13, 2026 12:41:50 AM com.jme3.bullet.objects.PhysicsRigidBody rebuildRigidBody
INFORMATION: Created 1466bb4a0a0.
Sept. 13, 2026 12:41:50 AM com.jme3.bullet.objects.PhysicsRigidBody rebuildRigidBody
INFORMATION: Created 1466bb4b090.
Sept. 13, 2026 12:41:50 AM com.jme3.bullet.objects.PhysicsRigidBody rebuildRigidBody
INFORMATION: Created 1466bb490b0.
Sept. 13, 2026 12:41:50 AM com.jme3.bullet.objects.PhysicsRigidBody rebuildRigidBody
INFORMATION: Created 1466bb493e0.
Sept. 13, 2026 12:41:50 AM com.jme3.bullet.objects.PhysicsRigidBody rebuildRigidBody
INFORMATION: Created 1466bb4aa30.
Sept. 13, 2026 12:41:50 AM com.jme3.bullet.objects.PhysicsRigidBody rebuildRigidBody
INFORMATION: Created 1466bb49a40.
Sept. 13, 2026 12:41:50 AM com.jme3.bullet.objects.PhysicsRigidBody rebuildRigidBody
INFORMATION: Created 1466bb4c3b0.
Sept. 13, 2026 12:41:50 AM com.jme3.bullet.objects.PhysicsRigidBody rebuildRigidBody
INFORMATION: Created 1466bb4ba20.
Sept. 13, 2026 12:41:50 AM com.jme3.bullet.objects.PhysicsRigidBody rebuildRigidBody
INFORMATION: Created 1466bb4e6c0.
Sept. 13, 2026 12:41:50 AM com.jme3.bullet.objects.PhysicsRigidBody rebuildRigidBody
INFORMATION: Created 1466bb4d6d0.
Sept. 13, 2026 12:41:50 AM com.jme3.bullet.objects.PhysicsRigidBody rebuildRigidBody
INFORMATION: Created 1466bb4e060.
Sept. 13, 2026 12:41:50 AM com.jme3.bullet.objects.PhysicsRigidBody rebuildRigidBody
INFORMATION: Created 1466bb4da00.
Sept. 13, 2026 12:41:50 AM com.jme3.bullet.objects.PhysicsRigidBody rebuildRigidBody
INFORMATION: Created 1466bb4f9e0.
Sept. 13, 2026 12:41:50 AM com.jme3.bullet.objects.PhysicsRigidBody rebuildRigidBody
INFORMATION: Created 1466bb4f6b0.
Sept. 13, 2026 12:41:50 AM com.jme3.bullet.objects.PhysicsRigidBody rebuildRigidBody
INFORMATION: Created 1466bb4dd30.
Sept. 13, 2026 12:41:50 AM com.jme3.bullet.objects.PhysicsRigidBody rebuildRigidBody
INFORMATION: Created 1466bb4f050.
Sept. 13, 2026 12:41:50 AM com.jme3.bullet.objects.PhysicsRigidBody rebuildRigidBody
INFORMATION: Created 1466bb4e390.
Sept. 13, 2026 12:41:50 AM com.jme3.bullet.objects.PhysicsRigidBody rebuildRigidBody
INFORMATION: Created 1466bb50370.
Sept. 13, 2026 12:41:50 AM com.jme3.bullet.objects.PhysicsRigidBody rebuildRigidBody
INFORMATION: Created 1466bb4ed20.
Sept. 13, 2026 12:41:50 AM com.jme3.bullet.objects.PhysicsRigidBody rebuildRigidBody
INFORMATION: Created 1466bb4fd10.
Sept. 13, 2026 12:41:50 AM com.jme3.bullet.objects.PhysicsRigidBody rebuildRigidBody
INFORMATION: Created 1466bb4e9f0.
Sept. 13, 2026 12:41:50 AM com.jme3.bullet.objects.PhysicsRigidBody rebuildRigidBody
INFORMATION: Created 1466bb4f380.
Sept. 13, 2026 12:41:50 AM com.jme3.bullet.objects.PhysicsRigidBody rebuildRigidBody
INFORMATION: Created 1466bb50040.
Sept. 13, 2026 12:41:50 AM com.jme3.bullet.objects.PhysicsRigidBody rebuildRigidBody
INFORMATION: Created 1466bb4c6e0.
Sept. 13, 2026 12:41:50 AM com.jme3.bullet.objects.PhysicsRigidBody rebuildRigidBody
INFORMATION: Created 1466bb506a0.
Sept. 13, 2026 12:41:50 AM com.jme3.bullet.objects.PhysicsRigidBody rebuildRigidBody
INFORMATION: Created 1466bb4cd40.
Sept. 13, 2026 12:41:50 AM com.jme3.bullet.objects.PhysicsRigidBody rebuildRigidBody
INFORMATION: Created 1466bb4ca10.
Sept. 13, 2026 12:41:50 AM com.jme3.bullet.objects.PhysicsRigidBody rebuildRigidBody
INFORMATION: Created 1466bb4d070.
Sept. 13, 2026 12:41:50 AM com.jme3.bullet.objects.PhysicsRigidBody rebuildRigidBody
INFORMATION: Created 1466bb509d0.
Sept. 13, 2026 12:41:50 AM com.jme3.bullet.objects.PhysicsRigidBody rebuildRigidBody
INFORMATION: Created 1466bb50d00.
Sept. 13, 2026 12:41:50 AM com.jme3.bullet.objects.PhysicsRigidBody rebuildRigidBody
INFORMATION: Created 1466bb4d3a0.
Sept. 13, 2026 12:41:50 AM com.jme3.bullet.objects.PhysicsRigidBody rebuildRigidBody
INFORMATION: Created 1466bb51030.
Sept. 13, 2026 12:41:50 AM com.jme3.bullet.objects.PhysicsRigidBody rebuildRigidBody
INFORMATION: Created 1466bb51360.
Sept. 13, 2026 12:41:50 AM com.jme3.bullet.objects.PhysicsRigidBody rebuildRigidBody
INFORMATION: Created 1466bb51690.
Sept. 13, 2026 12:41:50 AM com.jme3.bullet.objects.PhysicsRigidBody rebuildRigidBody
INFORMATION: Created 1466bb519c0.
Sept. 13, 2026 12:41:50 AM com.jme3.bullet.objects.PhysicsRigidBody rebuildRigidBody
INFORMATION: Created 1466bb51cf0.
Sept. 13, 2026 12:41:50 AM com.jme3.bullet.objects.PhysicsRigidBody rebuildRigidBody
INFORMATION: Created 1466bb52020.
[GAME] Willkommen im Ödland. Folge dem Feuer zu Mira. [E]
Sept. 13, 2026 12:41:50 AM com.jme3.bullet.objects.PhysicsRigidBody rebuildRigidBody
INFORMATION: Created 1466bb52350.
Sept. 13, 2026 12:41:50 AM com.jme3.bullet.objects.PhysicsRigidBody rebuildRigidBody
INFORMATION: Created 1466bb52680.
Sept. 13, 2026 12:41:50 AM com.jme3.bullet.objects.PhysicsRigidBody rebuildRigidBody
INFORMATION: Created 1466bb529b0.
Sept. 13, 2026 12:41:50 AM com.jme3.bullet.objects.PhysicsRigidBody rebuildRigidBody
INFORMATION: Created 1466e599120.
Sept. 13, 2026 12:41:50 AM com.jme3.bullet.objects.PhysicsRigidBody rebuildRigidBody
INFORMATION: Created 1466e599780.
Sept. 13, 2026 12:41:50 AM com.jme3.bullet.objects.PhysicsRigidBody rebuildRigidBody
INFORMATION: Created 1466e598ac0.
Sept. 13, 2026 12:41:50 AM com.jme3.bullet.objects.PhysicsRigidBody rebuildRigidBody
INFORMATION: Created 1466e599ab0.
Sept. 13, 2026 12:41:50 AM com.jme3.bullet.objects.PhysicsRigidBody rebuildRigidBody
INFORMATION: Created 1466e599450.
Sept. 13, 2026 12:41:50 AM com.jme3.bullet.objects.PhysicsRigidBody rebuildRigidBody
INFORMATION: Created 1466e59add0.
Sept. 13, 2026 12:41:50 AM com.jme3.bullet.objects.PhysicsRigidBody rebuildRigidBody
INFORMATION: Created 1466e599de0.
Sept. 13, 2026 12:41:50 AM com.jme3.bullet.objects.PhysicsRigidBody rebuildRigidBody
INFORMATION: Created 1466e59aaa0.
Sept. 13, 2026 12:41:50 AM com.jme3.bullet.objects.PhysicsRigidBody rebuildRigidBody
INFORMATION: Created 1466e59b100.
Sept. 13, 2026 12:41:50 AM com.jme3.bullet.objects.PhysicsRigidBody rebuildRigidBody
INFORMATION: Created 1466e59a110.
Sept. 13, 2026 12:41:50 AM com.jme3.bullet.objects.PhysicsRigidBody rebuildRigidBody
INFORMATION: Created 1466e59b430.
Sept. 13, 2026 12:41:50 AM com.jme3.bullet.objects.PhysicsRigidBody rebuildRigidBody
INFORMATION: Created 1466e59a440.
Sept. 13, 2026 12:41:50 AM com.jme3.bullet.objects.PhysicsRigidBody rebuildRigidBody
INFORMATION: Created 1466e59b760.
Sept. 13, 2026 12:41:50 AM com.jme3.bullet.objects.PhysicsRigidBody rebuildRigidBody
INFORMATION: Created 1466e59a770.
Sept. 13, 2026 12:41:50 AM com.jme3.bullet.objects.PhysicsRigidBody rebuildRigidBody
INFORMATION: Created 1466e59c750.
Sept. 13, 2026 12:41:50 AM com.jme3.bullet.objects.PhysicsRigidBody rebuildRigidBody
INFORMATION: Created 1466e59ba90.
Sept. 13, 2026 12:41:50 AM com.jme3.bullet.objects.PhysicsRigidBody rebuildRigidBody
INFORMATION: Created 1466e59bdc0.
Sept. 13, 2026 12:41:50 AM com.jme3.bullet.objects.PhysicsRigidBody rebuildRigidBody
INFORMATION: Created 1466e59c0f0.
Sept. 13, 2026 12:41:50 AM com.jme3.bullet.objects.PhysicsRigidBody rebuildRigidBody
INFORMATION: Created 1466e59c420.
Sept. 13, 2026 12:41:50 AM com.jme3.bullet.objects.PhysicsRigidBody rebuildRigidBody
INFORMATION: Created 1466e59ca80.
Sept. 13, 2026 12:41:50 AM com.jme3.bullet.objects.PhysicsRigidBody rebuildRigidBody
INFORMATION: Created 1466e598df0.
Sept. 13, 2026 12:41:50 AM com.jme3.bullet.objects.PhysicsRigidBody rebuildRigidBody
INFORMATION: Created 1466e59dda0.
Sept. 13, 2026 12:41:50 AM com.jme3.bullet.objects.PhysicsRigidBody rebuildRigidBody
INFORMATION: Created 1466e59d0e0.
Sept. 13, 2026 12:41:50 AM com.jme3.bullet.objects.PhysicsRigidBody rebuildRigidBody
INFORMATION: Created 1466e59da70.
Sept. 13, 2026 12:41:50 AM com.jme3.bullet.objects.PhysicsRigidBody rebuildRigidBody
INFORMATION: Created 1466e5a0a40.
Sept. 13, 2026 12:41:50 AM com.jme3.bullet.objects.PhysicsRigidBody rebuildRigidBody
INFORMATION: Created 1466e59e400.
Sept. 13, 2026 12:41:50 AM com.jme3.bullet.objects.PhysicsRigidBody rebuildRigidBody
INFORMATION: Created 1466e59ed90.
Sept. 13, 2026 12:41:50 AM com.jme3.bullet.objects.PhysicsRigidBody rebuildRigidBody
INFORMATION: Created 1466e59d410.
Sept. 13, 2026 12:41:50 AM com.jme3.bullet.objects.PhysicsRigidBody rebuildRigidBody
INFORMATION: Created 1466e59fa50.
Sept. 13, 2026 12:41:50 AM com.jme3.bullet.objects.PhysicsRigidBody rebuildRigidBody
INFORMATION: Created 1466e59cdb0.
Sept. 13, 2026 12:41:50 AM com.jme3.bullet.objects.PhysicsRigidBody rebuildRigidBody
INFORMATION: Created 1466e5a03e0.
Sept. 13, 2026 12:41:50 AM com.jme3.bullet.objects.PhysicsRigidBody rebuildRigidBody
INFORMATION: Created 1466e5a0d70.
Sept. 13, 2026 12:41:50 AM com.jme3.bullet.objects.PhysicsRigidBody rebuildRigidBody
INFORMATION: Created 1466e59e0d0.
Sept. 13, 2026 12:41:50 AM com.jme3.bullet.objects.PhysicsRigidBody rebuildRigidBody
INFORMATION: Created 1466e59fd80.
Sept. 13, 2026 12:41:50 AM com.jme3.bullet.objects.PhysicsRigidBody rebuildRigidBody
INFORMATION: Created 1466e59d740.
Sept. 13, 2026 12:41:50 AM com.jme3.bullet.objects.PhysicsRigidBody rebuildRigidBody
INFORMATION: Created 1466e5a0710.
Sept. 13, 2026 12:41:50 AM com.jme3.bullet.objects.PhysicsRigidBody rebuildRigidBody
INFORMATION: Created 1466e59ea60.
Sept. 13, 2026 12:41:50 AM com.jme3.bullet.objects.PhysicsRigidBody rebuildRigidBody
INFORMATION: Created 1466e5a2090.
Sept. 13, 2026 12:41:50 AM com.jme3.bullet.objects.PhysicsRigidBody rebuildRigidBody
INFORMATION: Created 1466e59f0c0.
Sept. 13, 2026 12:41:50 AM com.jme3.bullet.objects.PhysicsRigidBody rebuildRigidBody
INFORMATION: Created 1466e5a10a0.
Sept. 13, 2026 12:41:50 AM com.jme3.bullet.objects.PhysicsRigidBody rebuildRigidBody
INFORMATION: Created 1466e5a13d0.
Sept. 13, 2026 12:41:50 AM com.jme3.bullet.objects.PhysicsRigidBody rebuildRigidBody
INFORMATION: Created 1466e5a1a30.
Sept. 13, 2026 12:41:50 AM com.jme3.bullet.objects.PhysicsRigidBody rebuildRigidBody
INFORMATION: Created 1466e59f720.
Sept. 13, 2026 12:41:50 AM com.jme3.bullet.objects.PhysicsRigidBody rebuildRigidBody
INFORMATION: Created 1466e59f3f0.
Sept. 13, 2026 12:41:50 AM com.jme3.bullet.objects.PhysicsRigidBody rebuildRigidBody
INFORMATION: Created 1466e5a1700.
Sept. 13, 2026 12:41:50 AM com.jme3.bullet.objects.PhysicsRigidBody rebuildRigidBody
INFORMATION: Created 1466e5a00b0.
Sept. 13, 2026 12:41:50 AM com.jme3.bullet.objects.PhysicsRigidBody rebuildRigidBody
INFORMATION: Created 1466e5a1d60.
Sept. 13, 2026 12:41:50 AM com.jme3.bullet.objects.PhysicsRigidBody rebuildRigidBody
INFORMATION: Created 1466e5a23c0.
Sept. 13, 2026 12:41:50 AM com.jme3.bullet.objects.PhysicsRigidBody rebuildRigidBody
INFORMATION: Created 1466e59e730.
Sept. 13, 2026 12:41:50 AM com.jme3.bullet.objects.PhysicsRigidBody rebuildRigidBody
INFORMATION: Created 1466e5a26f0.
Sept. 13, 2026 12:41:50 AM com.jme3.bullet.objects.PhysicsRigidBody rebuildRigidBody
INFORMATION: Created 1466e5a2a20.
Sept. 13, 2026 12:41:50 AM com.jme3.bullet.objects.PhysicsRigidBody rebuildRigidBody
INFORMATION: Created 1466e5a4070.
Sept. 13, 2026 12:41:50 AM com.jme3.bullet.objects.PhysicsRigidBody rebuildRigidBody
INFORMATION: Created 1466e5a2d50.
Sept. 13, 2026 12:41:50 AM com.jme3.bullet.objects.PhysicsRigidBody rebuildRigidBody
INFORMATION: Created 1466e5a43a0.
Sept. 13, 2026 12:41:50 AM com.jme3.bullet.objects.PhysicsRigidBody rebuildRigidBody
INFORMATION: Created 1466e5a46d0.
Sept. 13, 2026 12:41:50 AM com.jme3.bullet.objects.PhysicsRigidBody rebuildRigidBody
INFORMATION: Created 1466e5a3080.
Sept. 13, 2026 12:41:50 AM com.jme3.bullet.objects.PhysicsRigidBody rebuildRigidBody
INFORMATION: Created 1466e5a33b0.
Sept. 13, 2026 12:41:50 AM com.jme3.bullet.objects.PhysicsRigidBody rebuildRigidBody
INFORMATION: Created 1466e5a36e0.
Sept. 13, 2026 12:41:50 AM com.jme3.bullet.objects.PhysicsRigidBody rebuildRigidBody
INFORMATION: Created 1466e5a5390.
Sept. 13, 2026 12:41:50 AM com.jme3.bullet.objects.PhysicsRigidBody rebuildRigidBody
INFORMATION: Created 1466e5a3d40.
Sept. 13, 2026 12:41:50 AM com.jme3.bullet.objects.PhysicsRigidBody rebuildRigidBody
INFORMATION: Created 1466e5a4d30.
Sept. 13, 2026 12:41:50 AM com.jme3.bullet.objects.PhysicsRigidBody rebuildRigidBody
INFORMATION: Created 1466e5a4a00.
Sept. 13, 2026 12:41:50 AM com.jme3.bullet.objects.PhysicsRigidBody rebuildRigidBody
INFORMATION: Created 1466e5a5060.
Sept. 13, 2026 12:41:50 AM com.jme3.bullet.objects.PhysicsRigidBody rebuildRigidBody
INFORMATION: Created 1466e5a3a10.
Sept. 13, 2026 12:41:50 AM com.jme3.bullet.objects.PhysicsRigidBody rebuildRigidBody
INFORMATION: Created 1466e5a56c0.
Sept. 13, 2026 12:41:50 AM com.jme3.bullet.objects.PhysicsRigidBody rebuildRigidBody
INFORMATION: Created 1466e5a76a0.
Sept. 13, 2026 12:41:50 AM com.jme3.bullet.objects.PhysicsRigidBody rebuildRigidBody
INFORMATION: Created 1466e5a69e0.
Sept. 13, 2026 12:41:50 AM com.jme3.bullet.objects.PhysicsRigidBody rebuildRigidBody
INFORMATION: Created 1466e5a6050.
Sept. 13, 2026 12:41:50 AM com.jme3.bullet.objects.PhysicsRigidBody rebuildRigidBody
INFORMATION: Created 1466e5a6d10.
Sept. 13, 2026 12:41:50 AM com.jme3.bullet.objects.PhysicsRigidBody rebuildRigidBody
INFORMATION: Created 1466e5a5d20.
Sept. 13, 2026 12:41:50 AM com.jme3.bullet.objects.PhysicsRigidBody rebuildRigidBody
INFORMATION: Created 1466e5a79d0.
Sept. 13, 2026 12:41:50 AM com.jme3.bullet.objects.PhysicsRigidBody rebuildRigidBody
INFORMATION: Created 1466e5a7d00.
Sept. 13, 2026 12:41:50 AM com.jme3.bullet.objects.PhysicsRigidBody rebuildRigidBody
INFORMATION: Created 1466e5a7370.
Sept. 13, 2026 12:41:50 AM com.jme3.bullet.objects.PhysicsRigidBody rebuildRigidBody
INFORMATION: Created 1466e5a8360.
Sept. 13, 2026 12:41:50 AM com.jme3.bullet.objects.PhysicsRigidBody rebuildRigidBody
INFORMATION: Created 1466e5a8030.
Sept. 13, 2026 12:41:50 AM com.jme3.bullet.objects.PhysicsRigidBody rebuildRigidBody
INFORMATION: Created 1466e5a7040.
Sept. 13, 2026 12:41:50 AM com.jme3.bullet.objects.PhysicsRigidBody rebuildRigidBody
INFORMATION: Created 1466e5a6380.
Sept. 13, 2026 12:41:50 AM com.jme3.bullet.objects.PhysicsRigidBody rebuildRigidBody
INFORMATION: Created 1466e5a8690.
Sept. 13, 2026 12:41:50 AM com.jme3.bullet.objects.PhysicsRigidBody rebuildRigidBody
INFORMATION: Created 1466e5a59f0.
Sept. 13, 2026 12:41:50 AM com.jme3.bullet.objects.PhysicsRigidBody rebuildRigidBody
INFORMATION: Created 1466e5a66b0.
Sept. 13, 2026 12:41:50 AM com.jme3.bullet.objects.PhysicsRigidBody rebuildRigidBody
INFORMATION: Created 146706f0fa0.
Sept. 13, 2026 12:41:50 AM com.jme3.bullet.objects.PhysicsRigidBody rebuildRigidBody
INFORMATION: Created 146706efc80.
Sept. 13, 2026 12:41:50 AM com.jme3.bullet.objects.PhysicsRigidBody rebuildRigidBody
INFORMATION: Created 146706f02e0.
Sept. 13, 2026 12:41:50 AM com.jme3.bullet.objects.PhysicsRigidBody rebuildRigidBody
INFORMATION: Created 146706f0610.
Sept. 13, 2026 12:41:50 AM com.jme3.bullet.objects.PhysicsRigidBody rebuildRigidBody
INFORMATION: Created 146706ef620.
Sept. 13, 2026 12:41:50 AM com.jme3.bullet.objects.PhysicsRigidBody rebuildRigidBody
INFORMATION: Created 146706eefc0.
Sept. 13, 2026 12:41:50 AM com.jme3.bullet.objects.PhysicsRigidBody rebuildRigidBody
INFORMATION: Created 146706effb0.
Sept. 13, 2026 12:41:50 AM com.jme3.bullet.objects.PhysicsRigidBody rebuildRigidBody
INFORMATION: Created 146706f0940.
Sept. 13, 2026 12:41:50 AM com.jme3.bullet.objects.PhysicsRigidBody rebuildRigidBody
INFORMATION: Created 146706f0c70.
Sept. 13, 2026 12:41:50 AM com.jme3.bullet.objects.PhysicsRigidBody rebuildRigidBody
INFORMATION: Created 146706f12d0.
Sept. 13, 2026 12:41:50 AM com.jme3.bullet.objects.PhysicsRigidBody rebuildRigidBody
INFORMATION: Created 146706f22c0.
Sept. 13, 2026 12:41:50 AM com.jme3.bullet.objects.PhysicsRigidBody rebuildRigidBody
INFORMATION: Created 146706f1f90.
Sept. 13, 2026 12:41:50 AM com.jme3.bullet.objects.PhysicsRigidBody rebuildRigidBody
INFORMATION: Created 146706eec90.
Sept. 13, 2026 12:41:50 AM com.jme3.bullet.objects.PhysicsRigidBody rebuildRigidBody
INFORMATION: Created 146706f1600.
Sept. 13, 2026 12:41:50 AM com.jme3.bullet.objects.PhysicsRigidBody rebuildRigidBody
INFORMATION: Created 146706f25f0.
Sept. 13, 2026 12:41:50 AM com.jme3.bullet.objects.PhysicsRigidBody rebuildRigidBody
INFORMATION: Created 146706f1930.
Sept. 13, 2026 12:41:50 AM com.jme3.bullet.objects.PhysicsRigidBody rebuildRigidBody
INFORMATION: Created 146706f2c50.
Sept. 13, 2026 12:41:50 AM com.jme3.bullet.objects.PhysicsRigidBody rebuildRigidBody
INFORMATION: Created 146706ef950.
Sept. 13, 2026 12:41:50 AM com.jme3.bullet.objects.PhysicsRigidBody rebuildRigidBody
INFORMATION: Created 146706f1c60.
Sept. 13, 2026 12:41:50 AM com.jme3.bullet.objects.PhysicsRigidBody rebuildRigidBody
INFORMATION: Created 146706f2920.
Sept. 13, 2026 12:41:50 AM com.jme3.bullet.objects.PhysicsRigidBody rebuildRigidBody
INFORMATION: Created 146706f2f80.
Sept. 13, 2026 12:41:50 AM com.jme3.bullet.objects.PhysicsRigidBody rebuildRigidBody
INFORMATION: Created 146706ef2f0.
Sept. 13, 2026 12:41:50 AM com.jme3.bullet.objects.PhysicsRigidBody rebuildRigidBody
INFORMATION: Created 146706f58f0.
Sept. 13, 2026 12:41:50 AM com.jme3.bullet.objects.PhysicsRigidBody rebuildRigidBody
INFORMATION: Created 146706f5c20.
Sept. 13, 2026 12:41:50 AM com.jme3.bullet.objects.PhysicsRigidBody rebuildRigidBody
INFORMATION: Created 146706f6f40.
Sept. 13, 2026 12:41:50 AM com.jme3.bullet.objects.PhysicsRigidBody rebuildRigidBody
INFORMATION: Created 146706f45d0.
Sept. 13, 2026 12:41:50 AM com.jme3.bullet.objects.PhysicsRigidBody rebuildRigidBody
INFORMATION: Created 146706f32b0.
Sept. 13, 2026 12:41:50 AM com.jme3.bullet.objects.PhysicsRigidBody rebuildRigidBody
INFORMATION: Created 146706f3910.
Sept. 13, 2026 12:41:50 AM com.jme3.bullet.objects.PhysicsRigidBody rebuildRigidBody
INFORMATION: Created 146706f7270.
Sept. 13, 2026 12:41:50 AM com.jme3.bullet.objects.PhysicsRigidBody rebuildRigidBody
INFORMATION: Created 146706f35e0.
Sept. 13, 2026 12:41:50 AM com.jme3.bullet.objects.PhysicsRigidBody rebuildRigidBody
INFORMATION: Created 146706f6280.
Sept. 13, 2026 12:41:50 AM com.jme3.bullet.objects.PhysicsRigidBody rebuildRigidBody
INFORMATION: Created 146706f6c10.
Sept. 13, 2026 12:41:50 AM com.jme3.bullet.objects.PhysicsRigidBody rebuildRigidBody
INFORMATION: Created 146706f55c0.
Sept. 13, 2026 12:41:50 AM com.jme3.bullet.objects.PhysicsRigidBody rebuildRigidBody
INFORMATION: Created 146706f4c30.
Sept. 13, 2026 12:41:50 AM com.jme3.bullet.objects.PhysicsRigidBody rebuildRigidBody
INFORMATION: Created 146706f4f60.
Sept. 13, 2026 12:41:50 AM com.jme3.bullet.objects.PhysicsRigidBody rebuildRigidBody
INFORMATION: Created 146706f5290.
Sept. 13, 2026 12:41:50 AM com.jme3.bullet.objects.PhysicsRigidBody rebuildRigidBody
INFORMATION: Created 146706f65b0.
Sept. 13, 2026 12:41:50 AM com.jme3.bullet.objects.PhysicsRigidBody rebuildRigidBody
INFORMATION: Created 146706f3f70.
Sept. 13, 2026 12:41:50 AM com.jme3.bullet.objects.PhysicsRigidBody rebuildRigidBody
INFORMATION: Created 146706f68e0.
Sept. 13, 2026 12:41:50 AM com.jme3.bullet.objects.PhysicsRigidBody rebuildRigidBody
INFORMATION: Created 146706f3c40.
Sept. 13, 2026 12:41:50 AM com.jme3.bullet.objects.PhysicsRigidBody rebuildRigidBody
INFORMATION: Created 146706f5f50.
Sept. 13, 2026 12:41:50 AM com.jme3.bullet.objects.PhysicsRigidBody rebuildRigidBody
INFORMATION: Created 146706f75a0.
Sept. 13, 2026 12:41:50 AM com.jme3.bullet.objects.PhysicsRigidBody rebuildRigidBody
INFORMATION: Created 146706f42a0.
Sept. 13, 2026 12:41:50 AM com.jme3.bullet.objects.PhysicsRigidBody rebuildRigidBody
INFORMATION: Created 146706f78d0.
Sept. 13, 2026 12:41:50 AM com.jme3.bullet.objects.PhysicsRigidBody rebuildRigidBody
INFORMATION: Created 146706f7c00.
Sept. 13, 2026 12:41:50 AM com.jme3.bullet.objects.PhysicsRigidBody rebuildRigidBody
INFORMATION: Created 146706f7f30.
Sept. 13, 2026 12:41:50 AM com.jme3.bullet.objects.PhysicsRigidBody rebuildRigidBody
INFORMATION: Created 146706f8260.
Sept. 13, 2026 12:41:50 AM com.jme3.bullet.objects.PhysicsRigidBody rebuildRigidBody
INFORMATION: Created 146706f8590.
Sept. 13, 2026 12:41:50 AM com.jme3.bullet.objects.PhysicsRigidBody rebuildRigidBody
INFORMATION: Created 146706f4900.
Sept. 13, 2026 12:41:50 AM com.jme3.bullet.objects.PhysicsRigidBody rebuildRigidBody
INFORMATION: Created 146706f88c0.
Sept. 13, 2026 12:41:50 AM com.jme3.bullet.objects.PhysicsRigidBody rebuildRigidBody
INFORMATION: Created 146706faf00.
Sept. 13, 2026 12:41:50 AM com.jme3.bullet.objects.PhysicsRigidBody rebuildRigidBody
INFORMATION: Created 146706f8f20.
Sept. 13, 2026 12:41:50 AM com.jme3.bullet.objects.PhysicsRigidBody rebuildRigidBody
INFORMATION: Created 146706fabd0.
Sept. 13, 2026 12:41:50 AM com.jme3.bullet.objects.PhysicsRigidBody rebuildRigidBody
INFORMATION: Created 146706f9580.
Sept. 13, 2026 12:41:50 AM com.jme3.bullet.objects.PhysicsRigidBody rebuildRigidBody
INFORMATION: Created 146706fa570.
Sept. 13, 2026 12:41:50 AM com.jme3.bullet.objects.PhysicsRigidBody rebuildRigidBody
INFORMATION: Created 146706f8bf0.
Sept. 13, 2026 12:41:50 AM com.jme3.bullet.objects.PhysicsRigidBody rebuildRigidBody
INFORMATION: Created 146706fb230.
Sept. 13, 2026 12:41:50 AM com.jme3.bullet.objects.PhysicsRigidBody rebuildRigidBody
INFORMATION: Created 146706f9250.
Sept. 13, 2026 12:41:50 AM com.jme3.bullet.objects.PhysicsRigidBody rebuildRigidBody
INFORMATION: Created 146706fb560.
Sept. 13, 2026 12:41:50 AM com.jme3.bullet.objects.PhysicsRigidBody rebuildRigidBody
INFORMATION: Created 146706f98b0.
Sept. 13, 2026 12:41:50 AM com.jme3.bullet.objects.PhysicsRigidBody rebuildRigidBody
INFORMATION: Created 146706f9be0.
Sept. 13, 2026 12:41:50 AM com.jme3.bullet.objects.PhysicsRigidBody rebuildRigidBody
INFORMATION: Created 146706f9f10.
Sept. 13, 2026 12:41:50 AM com.jme3.bullet.objects.PhysicsRigidBody rebuildRigidBody
INFORMATION: Created 146706fa240.
Sept. 13, 2026 12:41:50 AM com.jme3.bullet.objects.PhysicsRigidBody rebuildRigidBody
INFORMATION: Created 146706fa8a0.
Sept. 13, 2026 12:41:50 AM com.jme3.bullet.objects.PhysicsRigidBody rebuildRigidBody
INFORMATION: Created 146706fdba0.
Sept. 13, 2026 12:41:50 AM com.jme3.bullet.objects.PhysicsRigidBody rebuildRigidBody
INFORMATION: Created 146706fe530.
Sept. 13, 2026 12:41:50 AM com.jme3.bullet.objects.PhysicsRigidBody rebuildRigidBody
INFORMATION: Created 146706fbbc0.
Sept. 13, 2026 12:41:50 AM com.jme3.bullet.objects.PhysicsRigidBody rebuildRigidBody
INFORMATION: Created 146706fc220.
Sept. 13, 2026 12:41:50 AM com.jme3.bullet.objects.PhysicsRigidBody rebuildRigidBody
INFORMATION: Created 146706fbef0.
[CHECK] A new campaign must not respawn into the previous save
Sept. 13, 2026 12:41:51 AM com.jme3.anim.SkinningControl controlRender
INFORMATION: Hardware skinning engaged for Scene (Node)
Sept. 13, 2026 12:41:51 AM com.jme3.anim.SkinningControl controlRender
INFORMATION: Hardware skinning engaged for Scene (Node)
Sept. 13, 2026 12:41:51 AM com.jme3.anim.SkinningControl controlRender
INFORMATION: Hardware skinning engaged for Scene (Node)
Sept. 13, 2026 12:41:51 AM com.jme3.anim.SkinningControl controlRender
INFORMATION: Hardware skinning engaged for Scene (Node)
[SMOKE] stage 14
[GAME] Treffer  +22
[SMOKE] stage 15
[CHECK] Physical melee must hit the enemy
[GAME] Goblin besiegt  +35 EP  +8 Gold
[GAME] Goblin besiegt  +35 EP  +8 Gold
[GAME] Auftrag erfüllt: Ein Licht im Ödland  +40 EP
[GAME] Stufe 2 erreicht! K: Fähigkeiten verbessern.
[CHECK] Mira opens a dialogue
[CHECK] Mira starts the campaign
Sept. 13, 2026 12:41:56 AM com.jme3.bullet.objects.PhysicsRigidBody rebuildRigidBody
INFORMATION: Created 146706fcbb0.
Sept. 13, 2026 12:41:56 AM com.jme3.bullet.objects.PhysicsRigidBody rebuildRigidBody
INFORMATION: Created 146706feb90.
Sept. 13, 2026 12:41:56 AM com.jme3.bullet.objects.PhysicsRigidBody rebuildRigidBody
INFORMATION: Created 146706fcee0.
Sept. 13, 2026 12:41:56 AM com.jme3.bullet.objects.PhysicsRigidBody rebuildRigidBody
INFORMATION: Created 146706fded0.
Sept. 13, 2026 12:41:56 AM com.jme3.bullet.objects.PhysicsRigidBody rebuildRigidBody
INFORMATION: Created 146706fe200.
Sept. 13, 2026 12:41:56 AM com.jme3.bullet.objects.PhysicsRigidBody rebuildRigidBody
INFORMATION: Created 146706ff850.
Sept. 13, 2026 12:41:56 AM com.jme3.bullet.objects.PhysicsRigidBody rebuildRigidBody
INFORMATION: Created 146706ff520.
Sept. 13, 2026 12:41:56 AM com.jme3.bullet.objects.PhysicsRigidBody rebuildRigidBody
INFORMATION: Created 146706feec0.
Sept. 13, 2026 12:41:56 AM com.jme3.bullet.objects.PhysicsRigidBody rebuildRigidBody
INFORMATION: Created 146706ff1f0.
Sept. 13, 2026 12:41:56 AM com.jme3.bullet.objects.PhysicsRigidBody rebuildRigidBody
INFORMATION: Created 146706ffb80.
Sept. 13, 2026 12:41:56 AM com.jme3.bullet.objects.PhysicsRigidBody rebuildRigidBody
INFORMATION: Created 146706ffeb0.
Sept. 13, 2026 12:41:56 AM com.jme3.bullet.objects.PhysicsRigidBody rebuildRigidBody
INFORMATION: Created 146707001e0.
Sept. 13, 2026 12:41:56 AM com.jme3.bullet.objects.PhysicsRigidBody rebuildRigidBody
INFORMATION: Created 146706fd210.
Sept. 13, 2026 12:41:56 AM com.jme3.bullet.objects.PhysicsRigidBody rebuildRigidBody
INFORMATION: Created 146706fd540.
Sept. 13, 2026 12:41:56 AM com.jme3.bullet.objects.PhysicsRigidBody rebuildRigidBody
INFORMATION: Created 146706fc550.
Sept. 13, 2026 12:41:56 AM com.jme3.bullet.objects.PhysicsRigidBody rebuildRigidBody
INFORMATION: Created 14670700510.
Sept. 13, 2026 12:41:56 AM com.jme3.bullet.objects.PhysicsRigidBody rebuildRigidBody
INFORMATION: Created 146706fc880.
Sept. 13, 2026 12:41:56 AM com.jme3.bullet.objects.PhysicsRigidBody rebuildRigidBody
INFORMATION: Created 14670700840.
Sept. 13, 2026 12:41:56 AM com.jme3.bullet.objects.PhysicsRigidBody rebuildRigidBody
INFORMATION: Created 14670700b70.
Sept. 13, 2026 12:41:56 AM com.jme3.bullet.objects.PhysicsRigidBody rebuildRigidBody
INFORMATION: Created 14670701500.
Sept. 13, 2026 12:41:56 AM com.jme3.bullet.objects.PhysicsRigidBody rebuildRigidBody
INFORMATION: Created 14670700ea0.
Sept. 13, 2026 12:41:56 AM com.jme3.bullet.objects.PhysicsRigidBody rebuildRigidBody
INFORMATION: Created 146707011d0.
Sept. 13, 2026 12:41:56 AM com.jme3.bullet.objects.PhysicsRigidBody rebuildRigidBody
INFORMATION: Created 146706fd870.
Sept. 13, 2026 12:41:56 AM com.jme3.bullet.objects.PhysicsRigidBody rebuildRigidBody
INFORMATION: Created 14670703810.
Sept. 13, 2026 12:41:56 AM com.jme3.bullet.objects.PhysicsRigidBody rebuildRigidBody
INFORMATION: Created 146707041a0.
Sept. 13, 2026 12:41:56 AM com.jme3.bullet.objects.PhysicsRigidBody rebuildRigidBody
INFORMATION: Created 14670701830.
Sept. 13, 2026 12:41:56 AM com.jme3.bullet.objects.PhysicsRigidBody rebuildRigidBody
INFORMATION: Created 14670705190.
Sept. 13, 2026 12:41:56 AM com.jme3.bullet.objects.PhysicsRigidBody rebuildRigidBody
INFORMATION: Created 146707044d0.
Sept. 13, 2026 12:41:56 AM com.jme3.bullet.objects.PhysicsRigidBody rebuildRigidBody
INFORMATION: Created 146707024f0.
Sept. 13, 2026 12:41:56 AM com.jme3.bullet.objects.PhysicsRigidBody rebuildRigidBody
INFORMATION: Created 14670704800.
Sept. 13, 2026 12:41:56 AM com.jme3.bullet.objects.PhysicsRigidBody rebuildRigidBody
INFORMATION: Created 14670701b60.
Sept. 13, 2026 12:41:56 AM com.jme3.bullet.objects.PhysicsRigidBody rebuildRigidBody
INFORMATION: Created 14670702820.
Sept. 13, 2026 12:41:56 AM com.jme3.bullet.objects.PhysicsRigidBody rebuildRigidBody
INFORMATION: Created 14670705b20.
Sept. 13, 2026 12:41:56 AM com.jme3.bullet.objects.PhysicsRigidBody rebuildRigidBody
INFORMATION: Created 14670702b50.
Sept. 13, 2026 12:41:56 AM com.jme3.bullet.objects.PhysicsRigidBody rebuildRigidBody
INFORMATION: Created 14670703e70.
Sept. 13, 2026 12:41:56 AM com.jme3.bullet.objects.PhysicsRigidBody rebuildRigidBody
INFORMATION: Created 14670702e80.
Sept. 13, 2026 12:41:56 AM com.jme3.bullet.objects.PhysicsRigidBody rebuildRigidBody
INFORMATION: Created 14670701e90.
Sept. 13, 2026 12:41:56 AM com.jme3.bullet.objects.PhysicsRigidBody rebuildRigidBody
INFORMATION: Created 14670704b30.
Sept. 13, 2026 12:41:56 AM com.jme3.bullet.objects.PhysicsRigidBody rebuildRigidBody
INFORMATION: Created 14670704e60.
Sept. 13, 2026 12:41:56 AM com.jme3.bullet.objects.PhysicsRigidBody rebuildRigidBody
INFORMATION: Created 146707031b0.
Sept. 13, 2026 12:41:56 AM com.jme3.bullet.objects.PhysicsRigidBody rebuildRigidBody
INFORMATION: Created 146707034e0.
Sept. 13, 2026 12:41:56 AM com.jme3.bullet.objects.PhysicsRigidBody rebuildRigidBody
INFORMATION: Created 14670703b40.
Sept. 13, 2026 12:41:56 AM com.jme3.bullet.objects.PhysicsRigidBody rebuildRigidBody
INFORMATION: Created 146707057f0.
Sept. 13, 2026 12:41:56 AM com.jme3.bullet.objects.PhysicsRigidBody rebuildRigidBody
INFORMATION: Created 146707054c0.
Sept. 13, 2026 12:41:56 AM com.jme3.bullet.objects.PhysicsRigidBody rebuildRigidBody
INFORMATION: Created 14670705e50.
Sept. 13, 2026 12:41:56 AM com.jme3.bullet.objects.PhysicsRigidBody rebuildRigidBody
INFORMATION: Created 146707021c0.
Sept. 13, 2026 12:41:56 AM com.jme3.bullet.objects.PhysicsRigidBody rebuildRigidBody
INFORMATION: Created 14670706180.
Sept. 13, 2026 12:41:56 AM com.jme3.bullet.objects.PhysicsRigidBody rebuildRigidBody
INFORMATION: Created 146707064b0.
Sept. 13, 2026 12:41:56 AM com.jme3.bullet.objects.PhysicsRigidBody rebuildRigidBody
INFORMATION: Created 146707067e0.
Sept. 13, 2026 12:41:56 AM com.jme3.bullet.objects.PhysicsRigidBody rebuildRigidBody
INFORMATION: Created 14670707170.
Sept. 13, 2026 12:41:56 AM com.jme3.bullet.objects.PhysicsRigidBody rebuildRigidBody
INFORMATION: Created 14670706b10.
Sept. 13, 2026 12:41:56 AM com.jme3.bullet.objects.PhysicsRigidBody rebuildRigidBody
INFORMATION: Created 14670706e40.
Sept. 13, 2026 12:41:56 AM com.jme3.bullet.objects.PhysicsRigidBody rebuildRigidBody
INFORMATION: Created 146707074a0.
Sept. 13, 2026 12:41:56 AM com.jme3.bullet.objects.PhysicsRigidBody rebuildRigidBody
INFORMATION: Created 146707077d0.
Sept. 13, 2026 12:41:56 AM com.jme3.bullet.objects.PhysicsRigidBody rebuildRigidBody
INFORMATION: Created 14670707b00.
Sept. 13, 2026 12:41:56 AM com.jme3.bullet.objects.PhysicsRigidBody rebuildRigidBody
INFORMATION: Created 14670707e30.
Sept. 13, 2026 12:41:56 AM com.jme3.bullet.objects.PhysicsRigidBody rebuildRigidBody
INFORMATION: Created 14670708160.
Sept. 13, 2026 12:41:56 AM com.jme3.bullet.objects.PhysicsRigidBody rebuildRigidBody
INFORMATION: Created 14670709150.
Sept. 13, 2026 12:41:56 AM com.jme3.bullet.objects.PhysicsRigidBody rebuildRigidBody
INFORMATION: Created 1467070b460.
Sept. 13, 2026 12:41:56 AM com.jme3.bullet.objects.PhysicsRigidBody rebuildRigidBody
INFORMATION: Created 146707087c0.
Sept. 13, 2026 12:41:56 AM com.jme3.bullet.objects.PhysicsRigidBody rebuildRigidBody
INFORMATION: Created 1467070a470.
Sept. 13, 2026 12:41:56 AM com.jme3.bullet.objects.PhysicsRigidBody rebuildRigidBody
INFORMATION: Created 14670708490.
Sept. 13, 2026 12:41:56 AM com.jme3.bullet.objects.PhysicsRigidBody rebuildRigidBody
INFORMATION: Created 1467070c780.
Sept. 13, 2026 12:41:56 AM com.jme3.bullet.objects.PhysicsRigidBody rebuildRigidBody
INFORMATION: Created 1467070bac0.
Sept. 13, 2026 12:41:56 AM com.jme3.bullet.objects.PhysicsRigidBody rebuildRigidBody
INFORMATION: Created 1467070ae00.
Sept. 13, 2026 12:41:56 AM com.jme3.bullet.objects.PhysicsRigidBody rebuildRigidBody
INFORMATION: Created 14670709480.
Sept. 13, 2026 12:41:56 AM com.jme3.bullet.objects.PhysicsRigidBody rebuildRigidBody
INFORMATION: Created 146707097b0.
Sept. 13, 2026 12:41:56 AM com.jme3.bullet.objects.PhysicsRigidBody rebuildRigidBody
INFORMATION: Created 1467070a7a0.
Sept. 13, 2026 12:41:56 AM com.jme3.bullet.objects.PhysicsRigidBody rebuildRigidBody
INFORMATION: Created 14670709ae0.
Sept. 13, 2026 12:41:56 AM com.jme3.bullet.objects.PhysicsRigidBody rebuildRigidBody
INFORMATION: Created 14670709e10.
Sept. 13, 2026 12:41:56 AM com.jme3.bullet.objects.PhysicsRigidBody rebuildRigidBody
INFORMATION: Created 1467070bdf0.
Sept. 13, 2026 12:41:56 AM com.jme3.bullet.objects.PhysicsRigidBody rebuildRigidBody
INFORMATION: Created 14670708af0.
Sept. 13, 2026 12:41:56 AM com.jme3.bullet.objects.PhysicsRigidBody rebuildRigidBody
INFORMATION: Created 1467070cab0.
Sept. 13, 2026 12:41:56 AM com.jme3.bullet.objects.PhysicsRigidBody rebuildRigidBody
INFORMATION: Created 1467070a140.
Sept. 13, 2026 12:41:56 AM com.jme3.bullet.objects.PhysicsRigidBody rebuildRigidBody
INFORMATION: Created 1467070aad0.
Sept. 13, 2026 12:41:56 AM com.jme3.bullet.objects.PhysicsRigidBody rebuildRigidBody
INFORMATION: Created 1467070b790.
Sept. 13, 2026 12:41:56 AM com.jme3.bullet.objects.PhysicsRigidBody rebuildRigidBody
INFORMATION: Created 14670708e20.
Sept. 13, 2026 12:41:56 AM com.jme3.bullet.objects.PhysicsRigidBody rebuildRigidBody
INFORMATION: Created 1467070c450.
Sept. 13, 2026 12:41:56 AM com.jme3.bullet.objects.PhysicsRigidBody rebuildRigidBody
INFORMATION: Created 1467070d770.
Sept. 13, 2026 12:41:56 AM com.jme3.bullet.objects.PhysicsRigidBody rebuildRigidBody
INFORMATION: Created 1467070c120.
Sept. 13, 2026 12:41:56 AM com.jme3.bullet.objects.PhysicsRigidBody rebuildRigidBody
INFORMATION: Created 1467070e760.
Sept. 13, 2026 12:41:56 AM com.jme3.bullet.objects.PhysicsRigidBody rebuildRigidBody
INFORMATION: Created 1467070ea90.
Sept. 13, 2026 12:41:56 AM com.jme3.bullet.objects.PhysicsRigidBody rebuildRigidBody
INFORMATION: Created 1467070cde0.
Sept. 13, 2026 12:41:56 AM com.jme3.bullet.objects.PhysicsRigidBody rebuildRigidBody
INFORMATION: Created 1467070d110.
Sept. 13, 2026 12:41:56 AM com.jme3.bullet.objects.PhysicsRigidBody rebuildRigidBody
INFORMATION: Created 1467070b130.
Sept. 13, 2026 12:41:56 AM com.jme3.bullet.objects.PhysicsRigidBody rebuildRigidBody
INFORMATION: Created 14670710da0.
Sept. 13, 2026 12:41:56 AM com.jme3.bullet.objects.PhysicsRigidBody rebuildRigidBody
INFORMATION: Created 146707110d0.
Sept. 13, 2026 12:41:56 AM com.jme3.bullet.objects.PhysicsRigidBody rebuildRigidBody
INFORMATION: Created 1467070edc0.
Sept. 13, 2026 12:41:56 AM com.jme3.bullet.objects.PhysicsRigidBody rebuildRigidBody
INFORMATION: Created 1467070d440.
Sept. 13, 2026 12:41:56 AM com.jme3.bullet.objects.PhysicsRigidBody rebuildRigidBody
INFORMATION: Created 14670711400.
Sept. 13, 2026 12:41:56 AM com.jme3.bullet.objects.PhysicsRigidBody rebuildRigidBody
INFORMATION: Created 1467070e430.
Sept. 13, 2026 12:41:56 AM com.jme3.bullet.objects.PhysicsRigidBody rebuildRigidBody
INFORMATION: Created 1467070f0f0.
Sept. 13, 2026 12:41:56 AM com.jme3.bullet.objects.PhysicsRigidBody rebuildRigidBody
INFORMATION: Created 14670711730.
Sept. 13, 2026 12:41:56 AM com.jme3.bullet.objects.PhysicsRigidBody rebuildRigidBody
INFORMATION: Created 1467070f420.
Sept. 13, 2026 12:41:56 AM com.jme3.bullet.objects.PhysicsRigidBody rebuildRigidBody
INFORMATION: Created 1467070fdb0.
Sept. 13, 2026 12:41:56 AM com.jme3.bullet.objects.PhysicsRigidBody rebuildRigidBody
INFORMATION: Created 1467070daa0.
Sept. 13, 2026 12:41:56 AM com.jme3.bullet.objects.PhysicsRigidBody rebuildRigidBody
INFORMATION: Created 1467070f750.
Sept. 13, 2026 12:41:56 AM com.jme3.bullet.objects.PhysicsRigidBody rebuildRigidBody
INFORMATION: Created 1467070fa80.
Sept. 13, 2026 12:41:56 AM com.jme3.bullet.objects.PhysicsRigidBody rebuildRigidBody
INFORMATION: Created 146707100e0.
Sept. 13, 2026 12:41:56 AM com.jme3.bullet.objects.PhysicsRigidBody rebuildRigidBody
INFORMATION: Created 14670710740.
Sept. 13, 2026 12:41:56 AM com.jme3.bullet.objects.PhysicsRigidBody rebuildRigidBody
INFORMATION: Created 14670710410.
Sept. 13, 2026 12:41:56 AM com.jme3.bullet.objects.PhysicsRigidBody rebuildRigidBody
INFORMATION: Created 14670711a60.
Sept. 13, 2026 12:41:56 AM com.jme3.bullet.objects.PhysicsRigidBody rebuildRigidBody
INFORMATION: Created 14670710a70.
Sept. 13, 2026 12:41:56 AM com.jme3.bullet.objects.PhysicsRigidBody rebuildRigidBody
INFORMATION: Created 1467070ddd0.
Sept. 13, 2026 12:41:56 AM com.jme3.bullet.objects.PhysicsRigidBody rebuildRigidBody
INFORMATION: Created 14670711d90.
Sept. 13, 2026 12:41:56 AM com.jme3.bullet.objects.PhysicsRigidBody rebuildRigidBody
INFORMATION: Created 1467070e100.
Sept. 13, 2026 12:41:56 AM com.jme3.bullet.objects.PhysicsRigidBody rebuildRigidBody
INFORMATION: Created 14670712a50.
Sept. 13, 2026 12:41:56 AM com.jme3.bullet.objects.PhysicsRigidBody rebuildRigidBody
INFORMATION: Created 146707120c0.
Sept. 13, 2026 12:41:56 AM com.jme3.bullet.objects.PhysicsRigidBody rebuildRigidBody
INFORMATION: Created 146707130b0.
Sept. 13, 2026 12:41:56 AM com.jme3.bullet.objects.PhysicsRigidBody rebuildRigidBody
INFORMATION: Created 14670714a30.
Sept. 13, 2026 12:41:56 AM com.jme3.bullet.objects.PhysicsRigidBody rebuildRigidBody
INFORMATION: Created 14670713a40.
Sept. 13, 2026 12:41:56 AM com.jme3.bullet.objects.PhysicsRigidBody rebuildRigidBody
INFORMATION: Created 146707143d0.
Sept. 13, 2026 12:41:56 AM com.jme3.bullet.objects.PhysicsRigidBody rebuildRigidBody
INFORMATION: Created 14670714d60.
Sept. 13, 2026 12:41:56 AM com.jme3.bullet.objects.PhysicsRigidBody rebuildRigidBody
INFORMATION: Created 146707123f0.
Sept. 13, 2026 12:41:56 AM com.jme3.bullet.objects.PhysicsRigidBody rebuildRigidBody
INFORMATION: Created 14670712d80.
Sept. 13, 2026 12:41:56 AM com.jme3.bullet.objects.PhysicsRigidBody rebuildRigidBody
INFORMATION: Created 14670712720.
Sept. 13, 2026 12:41:56 AM com.jme3.bullet.objects.PhysicsRigidBody rebuildRigidBody
INFORMATION: Created 146707133e0.
Sept. 13, 2026 12:41:56 AM com.jme3.bullet.objects.PhysicsRigidBody rebuildRigidBody
INFORMATION: Created 14670713710.
Sept. 13, 2026 12:41:56 AM com.jme3.bullet.objects.PhysicsRigidBody rebuildRigidBody
INFORMATION: Created 14670713d70.
Sept. 13, 2026 12:41:56 AM com.jme3.bullet.objects.PhysicsRigidBody rebuildRigidBody
INFORMATION: Created 146707140a0.
Sept. 13, 2026 12:41:56 AM com.jme3.bullet.objects.PhysicsRigidBody rebuildRigidBody
INFORMATION: Created 14670714700.
Sept. 13, 2026 12:41:56 AM com.jme3.bullet.objects.PhysicsRigidBody rebuildRigidBody
INFORMATION: Created 14670715a20.
Sept. 13, 2026 12:41:56 AM com.jme3.bullet.objects.PhysicsRigidBody rebuildRigidBody
INFORMATION: Created 146707153c0.
Sept. 13, 2026 12:41:56 AM com.jme3.bullet.objects.PhysicsRigidBody rebuildRigidBody
INFORMATION: Created 14670717a00.
Sept. 13, 2026 12:41:56 AM com.jme3.bullet.objects.PhysicsRigidBody rebuildRigidBody
INFORMATION: Created 146707189f0.
Sept. 13, 2026 12:41:56 AM com.jme3.bullet.objects.PhysicsRigidBody rebuildRigidBody
INFORMATION: Created 146707163b0.
Sept. 13, 2026 12:41:56 AM com.jme3.bullet.objects.PhysicsRigidBody rebuildRigidBody
INFORMATION: Created 146707176d0.
Sept. 13, 2026 12:41:56 AM com.jme3.bullet.objects.PhysicsRigidBody rebuildRigidBody
INFORMATION: Created 14670715d50.
Sept. 13, 2026 12:41:56 AM com.jme3.bullet.objects.PhysicsRigidBody rebuildRigidBody
INFORMATION: Created 146707186c0.
Sept. 13, 2026 12:41:56 AM com.jme3.bullet.objects.PhysicsRigidBody rebuildRigidBody
INFORMATION: Created 14670718d20.
Sept. 13, 2026 12:41:56 AM com.jme3.bullet.objects.PhysicsRigidBody rebuildRigidBody
INFORMATION: Created 14670716080.
Sept. 13, 2026 12:41:56 AM com.jme3.bullet.objects.PhysicsRigidBody rebuildRigidBody
INFORMATION: Created 14670717070.
Sept. 13, 2026 12:41:56 AM com.jme3.bullet.objects.PhysicsRigidBody rebuildRigidBody
INFORMATION: Created 14670717d30.
Sept. 13, 2026 12:41:56 AM com.jme3.bullet.objects.PhysicsRigidBody rebuildRigidBody
INFORMATION: Created 146707173a0.
Sept. 13, 2026 12:41:56 AM com.jme3.bullet.objects.PhysicsRigidBody rebuildRigidBody
INFORMATION: Created 146707166e0.
Sept. 13, 2026 12:41:56 AM com.jme3.bullet.objects.PhysicsRigidBody rebuildRigidBody
INFORMATION: Created 146707156f0.
Sept. 13, 2026 12:41:56 AM com.jme3.bullet.objects.PhysicsRigidBody rebuildRigidBody
INFORMATION: Created 14670718060.
Sept. 13, 2026 12:41:56 AM com.jme3.bullet.objects.PhysicsRigidBody rebuildRigidBody
INFORMATION: Created 14670716a10.
Sept. 13, 2026 12:41:56 AM com.jme3.bullet.objects.PhysicsRigidBody rebuildRigidBody
INFORMATION: Created 14670715090.
Sept. 13, 2026 12:41:56 AM com.jme3.bullet.objects.PhysicsRigidBody rebuildRigidBody
INFORMATION: Created 14670718390.
Sept. 13, 2026 12:41:56 AM com.jme3.bullet.objects.PhysicsRigidBody rebuildRigidBody
INFORMATION: Created 14670719050.
[GAME] Krypta der Eide
Sept. 13, 2026 12:41:56 AM com.jme3.anim.SkinningControl controlRender
INFORMATION: Hardware skinning engaged for Scene (Node)
Sept. 13, 2026 12:41:56 AM com.jme3.anim.SkinningControl controlRender
INFORMATION: Hardware skinning engaged for Scene (Node)
Sept. 13, 2026 12:41:56 AM com.jme3.anim.SkinningControl controlRender
INFORMATION: Hardware skinning engaged for Scene (Node)
Sept. 13, 2026 12:41:56 AM com.jme3.anim.SkinningControl controlRender
INFORMATION: Hardware skinning engaged for Scene (Node)
Sept. 13, 2026 12:41:56 AM com.jme3.anim.SkinningControl controlRender
INFORMATION: Hardware skinning engaged for Scene (Node)
Sept. 13, 2026 12:41:56 AM com.jme3.anim.SkinningControl controlRender
INFORMATION: Hardware skinning engaged for Scene (Node)
Sept. 13, 2026 12:41:56 AM com.jme3.anim.SkinningControl controlRender
INFORMATION: Hardware skinning engaged for Scene (Node)
[SMOKE] stage 16
[CHECK] Crypt portal transition
[GAME] Goblin besiegt  +35 EP  +8 Gold
[GAME] Goblin besiegt  +35 EP  +8 Gold
[GAME] Goblin besiegt  +35 EP  +8 Gold
[GAME] Goblin besiegt  +35 EP  +8 Gold
[GAME] Goblin besiegt  +35 EP  +8 Gold
[GAME] Ork-Brecher besiegt  +70 EP  +13 Gold
[GAME] STUFE 3  -  Fähigkeitspunkt erhalten [K]
[GAME] Aschenrufer besiegt  +65 EP  +23 Gold
[GAME] Eiserner Wächter besiegt  +115 EP  +18 Gold
[GAME] Der Eid verstummt. Beginne mit der Sonne.
[CHECK] Wrong rune resets the puzzle
[GAME] Rune der Sonne antwortet. 1 / 3
[GAME] Rune des Mondes antwortet. 2 / 3
[GAME] Rune des Sterns antwortet. 3 / 3
[GAME] Der Altar im Norden ist erwacht.
[GAME] Auftrag erfüllt: Die Stimmen der Toten  +130 EP
[GAME] Stufe 4 erreicht! K: Fähigkeiten verbessern.
[GAME] Siegel der Toten erhalten!
[CHECK] Crypt seal reward
Sept. 13, 2026 12:41:58 AM com.jme3.bullet.objects.PhysicsRigidBody rebuildRigidBody
INFORMATION: Created 14670719380.
Sept. 13, 2026 12:41:58 AM com.jme3.bullet.objects.PhysicsRigidBody rebuildRigidBody
INFORMATION: Created 146707196b0.
Sept. 13, 2026 12:41:58 AM com.jme3.bullet.objects.PhysicsRigidBody rebuildRigidBody
INFORMATION: Created 146707199e0.
Sept. 13, 2026 12:41:58 AM com.jme3.bullet.objects.PhysicsRigidBody rebuildRigidBody
INFORMATION: Created 14670719d10.
Sept. 13, 2026 12:41:58 AM com.jme3.bullet.objects.PhysicsRigidBody rebuildRigidBody
INFORMATION: Created 1467071a040.
Sept. 13, 2026 12:41:58 AM com.jme3.bullet.objects.PhysicsRigidBody rebuildRigidBody
INFORMATION: Created 1467071a370.
Sept. 13, 2026 12:41:58 AM com.jme3.bullet.objects.PhysicsRigidBody rebuildRigidBody
INFORMATION: Created 1467071a6a0.
Sept. 13, 2026 12:41:58 AM com.jme3.bullet.objects.PhysicsRigidBody rebuildRigidBody
INFORMATION: Created 1467071a9d0.
Sept. 13, 2026 12:41:58 AM com.jme3.bullet.objects.PhysicsRigidBody rebuildRigidBody
INFORMATION: Created 14670716d40.
Sept. 13, 2026 12:41:58 AM com.jme3.bullet.objects.PhysicsRigidBody rebuildRigidBody
INFORMATION: Created 1467071d670.
Sept. 13, 2026 12:41:58 AM com.jme3.bullet.objects.PhysicsRigidBody rebuildRigidBody
INFORMATION: Created 1467071c9b0.
Sept. 13, 2026 12:41:58 AM com.jme3.bullet.objects.PhysicsRigidBody rebuildRigidBody
INFORMATION: Created 1467071e000.
Sept. 13, 2026 12:41:58 AM com.jme3.bullet.objects.PhysicsRigidBody rebuildRigidBody
INFORMATION: Created 1467071dcd0.
Sept. 13, 2026 12:41:58 AM com.jme3.bullet.objects.PhysicsRigidBody rebuildRigidBody
INFORMATION: Created 1467071e990.
Sept. 13, 2026 12:41:58 AM com.jme3.bullet.objects.PhysicsRigidBody rebuildRigidBody
INFORMATION: Created 1467071e330.
Sept. 13, 2026 12:41:58 AM com.jme3.bullet.objects.PhysicsRigidBody rebuildRigidBody
INFORMATION: Created 1467071cce0.
Sept. 13, 2026 12:41:58 AM com.jme3.bullet.objects.PhysicsRigidBody rebuildRigidBody
INFORMATION: Created 1467071d010.
Sept. 13, 2026 12:41:58 AM com.jme3.bullet.objects.PhysicsRigidBody rebuildRigidBody
INFORMATION: Created 1467071d340.
Sept. 13, 2026 12:41:58 AM com.jme3.bullet.objects.PhysicsRigidBody rebuildRigidBody
INFORMATION: Created 1467071c680.
Sept. 13, 2026 12:41:58 AM com.jme3.bullet.objects.PhysicsRigidBody rebuildRigidBody
INFORMATION: Created 1467071b030.
Sept. 13, 2026 12:41:58 AM com.jme3.bullet.objects.PhysicsRigidBody rebuildRigidBody
INFORMATION: Created 1467071d9a0.
Sept. 13, 2026 12:41:58 AM com.jme3.bullet.objects.PhysicsRigidBody rebuildRigidBody
INFORMATION: Created 1467071c350.
Sept. 13, 2026 12:41:58 AM com.jme3.bullet.objects.PhysicsRigidBody rebuildRigidBody
INFORMATION: Created 1467071e660.
Sept. 13, 2026 12:41:58 AM com.jme3.bullet.objects.PhysicsRigidBody rebuildRigidBody
INFORMATION: Created 1467071ad00.
Sept. 13, 2026 12:41:58 AM com.jme3.bullet.objects.PhysicsRigidBody rebuildRigidBody
INFORMATION: Created 1467071ecc0.
Sept. 13, 2026 12:41:58 AM com.jme3.bullet.objects.PhysicsRigidBody rebuildRigidBody
INFORMATION: Created 1467071b9c0.
Sept. 13, 2026 12:41:58 AM com.jme3.bullet.objects.PhysicsRigidBody rebuildRigidBody
INFORMATION: Created 1467071eff0.
Sept. 13, 2026 12:41:58 AM com.jme3.bullet.objects.PhysicsRigidBody rebuildRigidBody
INFORMATION: Created 1467071bcf0.
Sept. 13, 2026 12:41:58 AM com.jme3.bullet.objects.PhysicsRigidBody rebuildRigidBody
INFORMATION: Created 1467071c020.
Sept. 13, 2026 12:41:58 AM com.jme3.bullet.objects.PhysicsRigidBody rebuildRigidBody
INFORMATION: Created 1467071b690.
Sept. 13, 2026 12:41:58 AM com.jme3.bullet.objects.PhysicsRigidBody rebuildRigidBody
INFORMATION: Created 1467071b360.
Sept. 13, 2026 12:41:58 AM com.jme3.bullet.objects.PhysicsRigidBody rebuildRigidBody
INFORMATION: Created 1467071f320.
Sept. 13, 2026 12:41:58 AM com.jme3.bullet.objects.PhysicsRigidBody rebuildRigidBody
INFORMATION: Created 1467071f650.
Sept. 13, 2026 12:41:58 AM com.jme3.bullet.objects.PhysicsRigidBody rebuildRigidBody
INFORMATION: Created 14670721300.
Sept. 13, 2026 12:41:58 AM com.jme3.bullet.objects.PhysicsRigidBody rebuildRigidBody
INFORMATION: Created 14670720640.
Sept. 13, 2026 12:41:58 AM com.jme3.bullet.objects.PhysicsRigidBody rebuildRigidBody
INFORMATION: Created 14670720ca0.
Sept. 13, 2026 12:41:58 AM com.jme3.bullet.objects.PhysicsRigidBody rebuildRigidBody
INFORMATION: Created 14670720970.
Sept. 13, 2026 12:41:58 AM com.jme3.bullet.objects.PhysicsRigidBody rebuildRigidBody
INFORMATION: Created 14670720fd0.
Sept. 13, 2026 12:41:58 AM com.jme3.bullet.objects.PhysicsRigidBody rebuildRigidBody
INFORMATION: Created 14670721630.
Sept. 13, 2026 12:41:58 AM com.jme3.bullet.objects.PhysicsRigidBody rebuildRigidBody
INFORMATION: Created 14670721960.
Sept. 13, 2026 12:41:58 AM com.jme3.bullet.objects.PhysicsRigidBody rebuildRigidBody
INFORMATION: Created 1467071f980.
Sept. 13, 2026 12:41:58 AM com.jme3.bullet.objects.PhysicsRigidBody rebuildRigidBody
INFORMATION: Created 1467071fcb0.
Sept. 13, 2026 12:41:58 AM com.jme3.bullet.objects.PhysicsRigidBody rebuildRigidBody
INFORMATION: Created 1467071ffe0.
Sept. 13, 2026 12:41:58 AM com.jme3.bullet.objects.PhysicsRigidBody rebuildRigidBody
INFORMATION: Created 14670720310.
Sept. 13, 2026 12:41:58 AM com.jme3.bullet.objects.PhysicsRigidBody rebuildRigidBody
INFORMATION: Created 14670721fc0.
Sept. 13, 2026 12:41:58 AM com.jme3.bullet.objects.PhysicsRigidBody rebuildRigidBody
INFORMATION: Created 14670722950.
Sept. 13, 2026 12:41:58 AM com.jme3.bullet.objects.PhysicsRigidBody rebuildRigidBody
INFORMATION: Created 146707222f0.
Sept. 13, 2026 12:41:58 AM com.jme3.bullet.objects.PhysicsRigidBody rebuildRigidBody
INFORMATION: Created 14670722c80.
Sept. 13, 2026 12:41:58 AM com.jme3.bullet.objects.PhysicsRigidBody rebuildRigidBody
INFORMATION: Created 14670721c90.
Sept. 13, 2026 12:41:58 AM com.jme3.bullet.objects.PhysicsRigidBody rebuildRigidBody
INFORMATION: Created 14670722620.
Sept. 13, 2026 12:41:58 AM com.jme3.bullet.objects.PhysicsRigidBody rebuildRigidBody
INFORMATION: Created 146706e36e0.
Sept. 13, 2026 12:41:58 AM com.jme3.bullet.objects.PhysicsRigidBody rebuildRigidBody
INFORMATION: Created 146706e4a00.
Sept. 13, 2026 12:41:58 AM com.jme3.bullet.objects.PhysicsRigidBody rebuildRigidBody
INFORMATION: Created 146706e3d40.
Sept. 13, 2026 12:41:58 AM com.jme3.bullet.objects.PhysicsRigidBody rebuildRigidBody
INFORMATION: Created 146706e4070.
Sept. 13, 2026 12:41:58 AM com.jme3.bullet.objects.PhysicsRigidBody rebuildRigidBody
INFORMATION: Created 146706e5d20.
Sept. 13, 2026 12:41:58 AM com.jme3.bullet.objects.PhysicsRigidBody rebuildRigidBody
INFORMATION: Created 146706e2090.
Sept. 13, 2026 12:41:58 AM com.jme3.bullet.objects.PhysicsRigidBody rebuildRigidBody
INFORMATION: Created 146706e3a10.
Sept. 13, 2026 12:41:58 AM com.jme3.bullet.objects.PhysicsRigidBody rebuildRigidBody
INFORMATION: Created 146706e3080.
Sept. 13, 2026 12:41:58 AM com.jme3.bullet.objects.PhysicsRigidBody rebuildRigidBody
INFORMATION: Created 146706e2a20.
Sept. 13, 2026 12:41:58 AM com.jme3.bullet.objects.PhysicsRigidBody rebuildRigidBody
INFORMATION: Created 146706e4d30.
Sept. 13, 2026 12:41:58 AM com.jme3.bullet.objects.PhysicsRigidBody rebuildRigidBody
INFORMATION: Created 146706e43a0.
Sept. 13, 2026 12:41:58 AM com.jme3.bullet.objects.PhysicsRigidBody rebuildRigidBody
INFORMATION: Created 146706e59f0.
Sept. 13, 2026 12:41:58 AM com.jme3.bullet.objects.PhysicsRigidBody rebuildRigidBody
INFORMATION: Created 146706e46d0.
Sept. 13, 2026 12:41:58 AM com.jme3.bullet.objects.PhysicsRigidBody rebuildRigidBody
INFORMATION: Created 146706e5060.
Sept. 13, 2026 12:41:58 AM com.jme3.bullet.objects.PhysicsRigidBody rebuildRigidBody
INFORMATION: Created 146706e5390.
Sept. 13, 2026 12:41:58 AM com.jme3.bullet.objects.PhysicsRigidBody rebuildRigidBody
INFORMATION: Created 146706e26f0.
Sept. 13, 2026 12:41:58 AM com.jme3.bullet.objects.PhysicsRigidBody rebuildRigidBody
INFORMATION: Created 146706e56c0.
Sept. 13, 2026 12:41:58 AM com.jme3.bullet.objects.PhysicsRigidBody rebuildRigidBody
INFORMATION: Created 146706e6050.
Sept. 13, 2026 12:41:58 AM com.jme3.bullet.objects.PhysicsRigidBody rebuildRigidBody
INFORMATION: Created 146706e23c0.
Sept. 13, 2026 12:41:58 AM com.jme3.bullet.objects.PhysicsRigidBody rebuildRigidBody
INFORMATION: Created 146706e6380.
Sept. 13, 2026 12:41:58 AM com.jme3.bullet.objects.PhysicsRigidBody rebuildRigidBody
INFORMATION: Created 146706e66b0.
Sept. 13, 2026 12:41:58 AM com.jme3.bullet.objects.PhysicsRigidBody rebuildRigidBody
INFORMATION: Created 146706e69e0.
Sept. 13, 2026 12:41:58 AM com.jme3.bullet.objects.PhysicsRigidBody rebuildRigidBody
INFORMATION: Created 146706e2d50.
Sept. 13, 2026 12:41:58 AM com.jme3.bullet.objects.PhysicsRigidBody rebuildRigidBody
INFORMATION: Created 146706e6d10.
Sept. 13, 2026 12:41:58 AM com.jme3.bullet.objects.PhysicsRigidBody rebuildRigidBody
INFORMATION: Created 146706e7040.
Sept. 13, 2026 12:41:58 AM com.jme3.bullet.objects.PhysicsRigidBody rebuildRigidBody
INFORMATION: Created 146706e33b0.
Sept. 13, 2026 12:41:58 AM com.jme3.bullet.objects.PhysicsRigidBody rebuildRigidBody
INFORMATION: Created 146706e7d00.
Sept. 13, 2026 12:41:58 AM com.jme3.bullet.objects.PhysicsRigidBody rebuildRigidBody
INFORMATION: Created 146706e99b0.
Sept. 13, 2026 12:41:58 AM com.jme3.bullet.objects.PhysicsRigidBody rebuildRigidBody
INFORMATION: Created 146706e9680.
Sept. 13, 2026 12:41:58 AM com.jme3.bullet.objects.PhysicsRigidBody rebuildRigidBody
INFORMATION: Created 146706ea670.
Sept. 13, 2026 12:41:58 AM com.jme3.bullet.objects.PhysicsRigidBody rebuildRigidBody
INFORMATION: Created 146706e8030.
Sept. 13, 2026 12:41:58 AM com.jme3.bullet.objects.PhysicsRigidBody rebuildRigidBody
INFORMATION: Created 146706e89c0.
Sept. 13, 2026 12:41:58 AM com.jme3.bullet.objects.PhysicsRigidBody rebuildRigidBody
INFORMATION: Created 146706ea9a0.
Sept. 13, 2026 12:41:58 AM com.jme3.bullet.objects.PhysicsRigidBody rebuildRigidBody
INFORMATION: Created 146706e9ce0.
Sept. 13, 2026 12:41:58 AM com.jme3.bullet.objects.PhysicsRigidBody rebuildRigidBody
INFORMATION: Created 146706e7370.
Sept. 13, 2026 12:41:58 AM com.jme3.bullet.objects.PhysicsRigidBody rebuildRigidBody
INFORMATION: Created 146706e8360.
Sept. 13, 2026 12:41:58 AM com.jme3.bullet.objects.PhysicsRigidBody rebuildRigidBody
INFORMATION: Created 146706e79d0.
Sept. 13, 2026 12:41:58 AM com.jme3.bullet.objects.PhysicsRigidBody rebuildRigidBody
INFORMATION: Created 146706eacd0.
Sept. 13, 2026 12:41:58 AM com.jme3.bullet.objects.PhysicsRigidBody rebuildRigidBody
INFORMATION: Created 146706eb000.
Sept. 13, 2026 12:41:58 AM com.jme3.bullet.objects.PhysicsRigidBody rebuildRigidBody
INFORMATION: Created 146706e9350.
Sept. 13, 2026 12:41:58 AM com.jme3.bullet.objects.PhysicsRigidBody rebuildRigidBody
INFORMATION: Created 146706e8690.
Sept. 13, 2026 12:41:58 AM com.jme3.bullet.objects.PhysicsRigidBody rebuildRigidBody
INFORMATION: Created 146706e8cf0.
Sept. 13, 2026 12:41:58 AM com.jme3.bullet.objects.PhysicsRigidBody rebuildRigidBody
INFORMATION: Created 146706eb330.
Sept. 13, 2026 12:41:58 AM com.jme3.bullet.objects.PhysicsRigidBody rebuildRigidBody
INFORMATION: Created 146706e9020.
Sept. 13, 2026 12:41:58 AM com.jme3.bullet.objects.PhysicsRigidBody rebuildRigidBody
INFORMATION: Created 146706ea010.
Sept. 13, 2026 12:41:58 AM com.jme3.bullet.objects.PhysicsRigidBody rebuildRigidBody
INFORMATION: Created 146706e76a0.
Sept. 13, 2026 12:41:58 AM com.jme3.bullet.objects.PhysicsRigidBody rebuildRigidBody
INFORMATION: Created 146706edfd0.
Sept. 13, 2026 12:41:58 AM com.jme3.bullet.objects.PhysicsRigidBody rebuildRigidBody
INFORMATION: Created 146706eb660.
Sept. 13, 2026 12:41:58 AM com.jme3.bullet.objects.PhysicsRigidBody rebuildRigidBody
INFORMATION: Created 146706eb990.
Sept. 13, 2026 12:41:58 AM com.jme3.bullet.objects.PhysicsRigidBody rebuildRigidBody
INFORMATION: Created 146706ebcc0.
Sept. 13, 2026 12:41:58 AM com.jme3.bullet.objects.PhysicsRigidBody rebuildRigidBody
INFORMATION: Created 146706ec320.
Sept. 13, 2026 12:41:58 AM com.jme3.bullet.objects.PhysicsRigidBody rebuildRigidBody
INFORMATION: Created 146706ebff0.
Sept. 13, 2026 12:41:58 AM com.jme3.bullet.objects.PhysicsRigidBody rebuildRigidBody
INFORMATION: Created 146706ea340.
Sept. 13, 2026 12:41:58 AM com.jme3.bullet.objects.PhysicsRigidBody rebuildRigidBody
INFORMATION: Created 146706ec650.
Sept. 13, 2026 12:41:58 AM com.jme3.bullet.objects.PhysicsRigidBody rebuildRigidBody
INFORMATION: Created 146706ee300.
Sept. 13, 2026 12:41:58 AM com.jme3.bullet.objects.PhysicsRigidBody rebuildRigidBody
INFORMATION: Created 146706ec980.
Sept. 13, 2026 12:41:58 AM com.jme3.bullet.objects.PhysicsRigidBody rebuildRigidBody
INFORMATION: Created 146706eccb0.
Sept. 13, 2026 12:41:58 AM com.jme3.bullet.objects.PhysicsRigidBody rebuildRigidBody
INFORMATION: Created 146706ed310.
Sept. 13, 2026 12:41:58 AM com.jme3.bullet.objects.PhysicsRigidBody rebuildRigidBody
INFORMATION: Created 146706ed970.
Sept. 13, 2026 12:41:58 AM com.jme3.bullet.objects.PhysicsRigidBody rebuildRigidBody
INFORMATION: Created 146706ecfe0.
Sept. 13, 2026 12:41:58 AM com.jme3.bullet.objects.PhysicsRigidBody rebuildRigidBody
INFORMATION: Created 146706ed640.
Sept. 13, 2026 12:41:58 AM com.jme3.bullet.objects.PhysicsRigidBody rebuildRigidBody
INFORMATION: Created 146706edca0.
Sept. 13, 2026 12:41:58 AM com.jme3.bullet.objects.PhysicsRigidBody rebuildRigidBody
INFORMATION: Created 146706ee630.
Sept. 13, 2026 12:41:58 AM com.jme3.bullet.objects.PhysicsRigidBody rebuildRigidBody
INFORMATION: Created 146706ee960.
Sept. 13, 2026 12:41:58 AM com.jme3.bullet.objects.PhysicsRigidBody rebuildRigidBody
INFORMATION: Created 1466bb50370.
Sept. 13, 2026 12:41:58 AM com.jme3.bullet.objects.PhysicsRigidBody rebuildRigidBody
INFORMATION: Created 1466bb4cd40.
Sept. 13, 2026 12:41:58 AM com.jme3.bullet.objects.PhysicsRigidBody rebuildRigidBody
INFORMATION: Created 1466bb4c6e0.
Sept. 13, 2026 12:41:58 AM com.jme3.bullet.objects.PhysicsRigidBody rebuildRigidBody
INFORMATION: Created 1466bb4ed20.
Sept. 13, 2026 12:41:58 AM com.jme3.bullet.objects.PhysicsRigidBody rebuildRigidBody
INFORMATION: Created 1466bb4fd10.
Sept. 13, 2026 12:41:58 AM com.jme3.bullet.objects.PhysicsRigidBody rebuildRigidBody
INFORMATION: Created 1466bb4d070.
Sept. 13, 2026 12:41:58 AM com.jme3.bullet.objects.PhysicsRigidBody rebuildRigidBody
INFORMATION: Created 1466bb4e390.
Sept. 13, 2026 12:41:58 AM com.jme3.bullet.objects.PhysicsRigidBody rebuildRigidBody
INFORMATION: Created 1466bb4ca10.
Sept. 13, 2026 12:41:58 AM com.jme3.bullet.objects.PhysicsRigidBody rebuildRigidBody
INFORMATION: Created 1466bb4f9e0.
Sept. 13, 2026 12:41:58 AM com.jme3.bullet.objects.PhysicsRigidBody rebuildRigidBody
INFORMATION: Created 1466bb4f380.
Sept. 13, 2026 12:41:58 AM com.jme3.bullet.objects.PhysicsRigidBody rebuildRigidBody
INFORMATION: Created 1466bb4e6c0.
Sept. 13, 2026 12:41:58 AM com.jme3.bullet.objects.PhysicsRigidBody rebuildRigidBody
INFORMATION: Created 1466bb51030.
Sept. 13, 2026 12:41:58 AM com.jme3.bullet.objects.PhysicsRigidBody rebuildRigidBody
INFORMATION: Created 1466bb4f6b0.
Sept. 13, 2026 12:41:58 AM com.jme3.bullet.objects.PhysicsRigidBody rebuildRigidBody
INFORMATION: Created 1466bb506a0.
Sept. 13, 2026 12:41:58 AM com.jme3.bullet.objects.PhysicsRigidBody rebuildRigidBody
INFORMATION: Created 1466bb4e9f0.
Sept. 13, 2026 12:41:58 AM com.jme3.bullet.objects.PhysicsRigidBody rebuildRigidBody
INFORMATION: Created 1466bb4d3a0.
Sept. 13, 2026 12:41:58 AM com.jme3.bullet.objects.PhysicsRigidBody rebuildRigidBody
INFORMATION: Created 1466bb509d0.
Sept. 13, 2026 12:41:58 AM com.jme3.bullet.objects.PhysicsRigidBody rebuildRigidBody
INFORMATION: Created 1466bb50040.
Sept. 13, 2026 12:41:58 AM com.jme3.bullet.objects.PhysicsRigidBody rebuildRigidBody
INFORMATION: Created 1466bb50d00.
Sept. 13, 2026 12:41:58 AM com.jme3.bullet.objects.PhysicsRigidBody rebuildRigidBody
INFORMATION: Created 1466bb4e060.
Sept. 13, 2026 12:41:58 AM com.jme3.bullet.objects.PhysicsRigidBody rebuildRigidBody
INFORMATION: Created 1466bb51360.
Sept. 13, 2026 12:41:58 AM com.jme3.bullet.objects.PhysicsRigidBody rebuildRigidBody
INFORMATION: Created 1466bb4d6d0.
Sept. 13, 2026 12:41:58 AM com.jme3.bullet.objects.PhysicsRigidBody rebuildRigidBody
INFORMATION: Created 1466bb4f050.
Sept. 13, 2026 12:41:58 AM com.jme3.bullet.objects.PhysicsRigidBody rebuildRigidBody
INFORMATION: Created 1466bb51690.
Sept. 13, 2026 12:41:58 AM com.jme3.bullet.objects.PhysicsRigidBody rebuildRigidBody
INFORMATION: Created 1466bb4da00.
Sept. 13, 2026 12:41:58 AM com.jme3.bullet.objects.PhysicsRigidBody rebuildRigidBody
INFORMATION: Created 1466bb519c0.
Sept. 13, 2026 12:41:58 AM com.jme3.bullet.objects.PhysicsRigidBody rebuildRigidBody
INFORMATION: Created 1466bb4dd30.
Sept. 13, 2026 12:41:58 AM com.jme3.bullet.objects.PhysicsRigidBody rebuildRigidBody
INFORMATION: Created 1466bb51cf0.
Sept. 13, 2026 12:41:58 AM com.jme3.bullet.objects.PhysicsRigidBody rebuildRigidBody
INFORMATION: Created 1466bb52020.
Sept. 13, 2026 12:41:58 AM com.jme3.bullet.objects.PhysicsRigidBody rebuildRigidBody
INFORMATION: Created 1466bb36b70.
Sept. 13, 2026 12:41:58 AM com.jme3.bullet.objects.PhysicsRigidBody rebuildRigidBody
INFORMATION: Created 1466bb33870.
Sept. 13, 2026 12:41:58 AM com.jme3.bullet.objects.PhysicsRigidBody rebuildRigidBody
INFORMATION: Created 1466bb361e0.
Sept. 13, 2026 12:41:58 AM com.jme3.bullet.objects.PhysicsRigidBody rebuildRigidBody
INFORMATION: Created 1466bb34860.
Sept. 13, 2026 12:41:58 AM com.jme3.bullet.objects.PhysicsRigidBody rebuildRigidBody
INFORMATION: Created 1466bb35eb0.
Sept. 13, 2026 12:41:58 AM com.jme3.bullet.objects.PhysicsRigidBody rebuildRigidBody
INFORMATION: Created 1466bb35b80.
Sept. 13, 2026 12:41:58 AM com.jme3.bullet.objects.PhysicsRigidBody rebuildRigidBody
INFORMATION: Created 1466bb36510.
[GAME] Die letzte Zuflucht
Sept. 13, 2026 12:41:59 AM com.jme3.anim.SkinningControl controlRender
INFORMATION: Hardware skinning engaged for Scene (Node)
Sept. 13, 2026 12:41:59 AM com.jme3.anim.SkinningControl controlRender
INFORMATION: Hardware skinning engaged for Scene (Node)
[SMOKE] stage 17
[CHECK] Return from crypt
Sept. 13, 2026 12:42:01 AM com.jme3.bullet.objects.PhysicsRigidBody rebuildRigidBody
INFORMATION: Created 1466bb33ba0.
Sept. 13, 2026 12:42:01 AM com.jme3.bullet.objects.PhysicsRigidBody rebuildRigidBody
INFORMATION: Created 1466bb36840.
Sept. 13, 2026 12:42:01 AM com.jme3.bullet.objects.PhysicsRigidBody rebuildRigidBody
INFORMATION: Created 1466bb33ed0.
Sept. 13, 2026 12:42:01 AM com.jme3.bullet.objects.PhysicsRigidBody rebuildRigidBody
INFORMATION: Created 1466bb32ee0.
Sept. 13, 2026 12:42:01 AM com.jme3.bullet.objects.PhysicsRigidBody rebuildRigidBody
INFORMATION: Created 1466bb36ea0.
Sept. 13, 2026 12:42:01 AM com.jme3.bullet.objects.PhysicsRigidBody rebuildRigidBody
INFORMATION: Created 1466bb34200.
Sept. 13, 2026 12:42:01 AM com.jme3.bullet.objects.PhysicsRigidBody rebuildRigidBody
INFORMATION: Created 1466bb34b90.
Sept. 13, 2026 12:42:01 AM com.jme3.bullet.objects.PhysicsRigidBody rebuildRigidBody
INFORMATION: Created 1466bb34ec0.
Sept. 13, 2026 12:42:01 AM com.jme3.bullet.objects.PhysicsRigidBody rebuildRigidBody
INFORMATION: Created 1466bb33210.
Sept. 13, 2026 12:42:01 AM com.jme3.bullet.objects.PhysicsRigidBody rebuildRigidBody
INFORMATION: Created 1466bb371d0.
Sept. 13, 2026 12:42:01 AM com.jme3.bullet.objects.PhysicsRigidBody rebuildRigidBody
INFORMATION: Created 1466bb33540.
Sept. 13, 2026 12:42:01 AM com.jme3.bullet.objects.PhysicsRigidBody rebuildRigidBody
INFORMATION: Created 1466bb37500.
Sept. 13, 2026 12:42:01 AM com.jme3.bullet.objects.PhysicsRigidBody rebuildRigidBody
INFORMATION: Created 1466bb37830.
Sept. 13, 2026 12:42:01 AM com.jme3.bullet.objects.PhysicsRigidBody rebuildRigidBody
INFORMATION: Created 1466bb37e90.
Sept. 13, 2026 12:42:01 AM com.jme3.bullet.objects.PhysicsRigidBody rebuildRigidBody
INFORMATION: Created 1466bb37b60.
Sept. 13, 2026 12:42:01 AM com.jme3.bullet.objects.PhysicsRigidBody rebuildRigidBody
INFORMATION: Created 1466bb381c0.
Sept. 13, 2026 12:42:01 AM com.jme3.bullet.objects.PhysicsRigidBody rebuildRigidBody
INFORMATION: Created 1466bb34530.
Sept. 13, 2026 12:42:01 AM com.jme3.bullet.objects.PhysicsRigidBody rebuildRigidBody
INFORMATION: Created 1466bb3a800.
Sept. 13, 2026 12:42:01 AM com.jme3.bullet.objects.PhysicsRigidBody rebuildRigidBody
INFORMATION: Created 1466bb38820.
Sept. 13, 2026 12:42:01 AM com.jme3.bullet.objects.PhysicsRigidBody rebuildRigidBody
INFORMATION: Created 1466bb3bb20.
Sept. 13, 2026 12:42:01 AM com.jme3.bullet.objects.PhysicsRigidBody rebuildRigidBody
INFORMATION: Created 1466bb3ab30.
Sept. 13, 2026 12:42:01 AM com.jme3.bullet.objects.PhysicsRigidBody rebuildRigidBody
INFORMATION: Created 1466bb3b4c0.
Sept. 13, 2026 12:42:01 AM com.jme3.bullet.objects.PhysicsRigidBody rebuildRigidBody
INFORMATION: Created 1466bb3ae60.
Sept. 13, 2026 12:42:01 AM com.jme3.bullet.objects.PhysicsRigidBody rebuildRigidBody
INFORMATION: Created 1466bb3b7f0.
Sept. 13, 2026 12:42:01 AM com.jme3.bullet.objects.PhysicsRigidBody rebuildRigidBody
INFORMATION: Created 1466bb39810.
Sept. 13, 2026 12:42:01 AM com.jme3.bullet.objects.PhysicsRigidBody rebuildRigidBody
INFORMATION: Created 1466bb39b40.
Sept. 13, 2026 12:42:01 AM com.jme3.bullet.objects.PhysicsRigidBody rebuildRigidBody
INFORMATION: Created 1466bb39e70.
Sept. 13, 2026 12:42:01 AM com.jme3.bullet.objects.PhysicsRigidBody rebuildRigidBody
INFORMATION: Created 1466bb3be50.
Sept. 13, 2026 12:42:01 AM com.jme3.bullet.objects.PhysicsRigidBody rebuildRigidBody
INFORMATION: Created 1466bb3a1a0.
Sept. 13, 2026 12:42:01 AM com.jme3.bullet.objects.PhysicsRigidBody rebuildRigidBody
INFORMATION: Created 1466bb3a4d0.
Sept. 13, 2026 12:42:01 AM com.jme3.bullet.objects.PhysicsRigidBody rebuildRigidBody
INFORMATION: Created 1466bb3b190.
Sept. 13, 2026 12:42:01 AM com.jme3.bullet.objects.PhysicsRigidBody rebuildRigidBody
INFORMATION: Created 1466bb38b50.
Sept. 13, 2026 12:42:01 AM com.jme3.bullet.objects.PhysicsRigidBody rebuildRigidBody
INFORMATION: Created 1466bb384f0.
Sept. 13, 2026 12:42:01 AM com.jme3.bullet.objects.PhysicsRigidBody rebuildRigidBody
INFORMATION: Created 1466bb3c180.
Sept. 13, 2026 12:42:01 AM com.jme3.bullet.objects.PhysicsRigidBody rebuildRigidBody
INFORMATION: Created 1466bb3c7e0.
Sept. 13, 2026 12:42:01 AM com.jme3.bullet.objects.PhysicsRigidBody rebuildRigidBody
INFORMATION: Created 1466bb3c4b0.
Sept. 13, 2026 12:42:01 AM com.jme3.bullet.objects.PhysicsRigidBody rebuildRigidBody
INFORMATION: Created 1466bb3cb10.
Sept. 13, 2026 12:42:01 AM com.jme3.bullet.objects.PhysicsRigidBody rebuildRigidBody
INFORMATION: Created 1466bb394e0.
Sept. 13, 2026 12:42:01 AM com.jme3.bullet.objects.PhysicsRigidBody rebuildRigidBody
INFORMATION: Created 1466bb38e80.
Sept. 13, 2026 12:42:01 AM com.jme3.bullet.objects.PhysicsRigidBody rebuildRigidBody
INFORMATION: Created 1466bb391b0.
Sept. 13, 2026 12:42:01 AM com.jme3.bullet.objects.PhysicsRigidBody rebuildRigidBody
INFORMATION: Created 1466bb3d4a0.
Sept. 13, 2026 12:42:01 AM com.jme3.bullet.objects.PhysicsRigidBody rebuildRigidBody
INFORMATION: Created 1466bb3e7c0.
Sept. 13, 2026 12:42:01 AM com.jme3.bullet.objects.PhysicsRigidBody rebuildRigidBody
INFORMATION: Created 1466bb3f480.
Sept. 13, 2026 12:42:01 AM com.jme3.bullet.objects.PhysicsRigidBody rebuildRigidBody
INFORMATION: Created 1466bb3ce40.
Sept. 13, 2026 12:42:01 AM com.jme3.bullet.objects.PhysicsRigidBody rebuildRigidBody
INFORMATION: Created 1466bb3e490.
Sept. 13, 2026 12:42:01 AM com.jme3.bullet.objects.PhysicsRigidBody rebuildRigidBody
INFORMATION: Created 1466bb3d170.
Sept. 13, 2026 12:42:01 AM com.jme3.bullet.objects.PhysicsRigidBody rebuildRigidBody
INFORMATION: Created 1466bb3d7d0.
Sept. 13, 2026 12:42:01 AM com.jme3.bullet.objects.PhysicsRigidBody rebuildRigidBody
INFORMATION: Created 1466bb3f150.
Sept. 13, 2026 12:42:01 AM com.jme3.bullet.objects.PhysicsRigidBody rebuildRigidBody
INFORMATION: Created 1466bb3db00.
Sept. 13, 2026 12:42:01 AM com.jme3.bullet.objects.PhysicsRigidBody rebuildRigidBody
INFORMATION: Created 1466bb3f7b0.
Sept. 13, 2026 12:42:01 AM com.jme3.bullet.objects.PhysicsRigidBody rebuildRigidBody
INFORMATION: Created 1466bb3de30.
Sept. 13, 2026 12:42:01 AM com.jme3.bullet.objects.PhysicsRigidBody rebuildRigidBody
INFORMATION: Created 1466bb3e160.
Sept. 13, 2026 12:42:01 AM com.jme3.bullet.objects.PhysicsRigidBody rebuildRigidBody
INFORMATION: Created 1466bb3eaf0.
Sept. 13, 2026 12:42:01 AM com.jme3.bullet.objects.PhysicsRigidBody rebuildRigidBody
INFORMATION: Created 1466bb3ee20.
Sept. 13, 2026 12:42:01 AM com.jme3.bullet.objects.PhysicsRigidBody rebuildRigidBody
INFORMATION: Created 1466bb42780.
Sept. 13, 2026 12:42:01 AM com.jme3.bullet.objects.PhysicsRigidBody rebuildRigidBody
INFORMATION: Created 1466bb42120.
Sept. 13, 2026 12:42:01 AM com.jme3.bullet.objects.PhysicsRigidBody rebuildRigidBody
INFORMATION: Created 1466bb40e00.
Sept. 13, 2026 12:42:01 AM com.jme3.bullet.objects.PhysicsRigidBody rebuildRigidBody
INFORMATION: Created 1466bb3fe10.
Sept. 13, 2026 12:42:01 AM com.jme3.bullet.objects.PhysicsRigidBody rebuildRigidBody
INFORMATION: Created 1466bb41df0.
Sept. 13, 2026 12:42:01 AM com.jme3.bullet.objects.PhysicsRigidBody rebuildRigidBody
INFORMATION: Created 1466bb42450.
Sept. 13, 2026 12:42:01 AM com.jme3.bullet.objects.PhysicsRigidBody rebuildRigidBody
INFORMATION: Created 1466bb40140.
Sept. 13, 2026 12:42:01 AM com.jme3.bullet.objects.PhysicsRigidBody rebuildRigidBody
INFORMATION: Created 1466bb42ab0.
Sept. 13, 2026 12:42:01 AM com.jme3.bullet.objects.PhysicsRigidBody rebuildRigidBody
INFORMATION: Created 1466bb42de0.
Sept. 13, 2026 12:42:01 AM com.jme3.bullet.objects.PhysicsRigidBody rebuildRigidBody
INFORMATION: Created 1466bb40470.
Sept. 13, 2026 12:42:01 AM com.jme3.bullet.objects.PhysicsRigidBody rebuildRigidBody
INFORMATION: Created 1466bb43110.
Sept. 13, 2026 12:42:01 AM com.jme3.bullet.objects.PhysicsRigidBody rebuildRigidBody
INFORMATION: Created 1466bb43440.
Sept. 13, 2026 12:42:01 AM com.jme3.bullet.objects.PhysicsRigidBody rebuildRigidBody
INFORMATION: Created 1466bb407a0.
Sept. 13, 2026 12:42:01 AM com.jme3.bullet.objects.PhysicsRigidBody rebuildRigidBody
INFORMATION: Created 1466bb43770.
Sept. 13, 2026 12:42:01 AM com.jme3.bullet.objects.PhysicsRigidBody rebuildRigidBody
INFORMATION: Created 1466bb3fae0.
Sept. 13, 2026 12:42:01 AM com.jme3.bullet.objects.PhysicsRigidBody rebuildRigidBody
INFORMATION: Created 1466bb43aa0.
Sept. 13, 2026 12:42:01 AM com.jme3.bullet.objects.PhysicsRigidBody rebuildRigidBody
INFORMATION: Created 1466bb43dd0.
Sept. 13, 2026 12:42:01 AM com.jme3.bullet.objects.PhysicsRigidBody rebuildRigidBody
INFORMATION: Created 1466bb44430.
Sept. 13, 2026 12:42:01 AM com.jme3.bullet.objects.PhysicsRigidBody rebuildRigidBody
INFORMATION: Created 1466bb40ad0.
Sept. 13, 2026 12:42:01 AM com.jme3.bullet.objects.PhysicsRigidBody rebuildRigidBody
INFORMATION: Created 1466bb41130.
Sept. 13, 2026 12:42:01 AM com.jme3.bullet.objects.PhysicsRigidBody rebuildRigidBody
INFORMATION: Created 1466bb41790.
Sept. 13, 2026 12:42:01 AM com.jme3.bullet.objects.PhysicsRigidBody rebuildRigidBody
INFORMATION: Created 1466bb44100.
Sept. 13, 2026 12:42:01 AM com.jme3.bullet.objects.PhysicsRigidBody rebuildRigidBody
INFORMATION: Created 1466bb44760.
Sept. 13, 2026 12:42:01 AM com.jme3.bullet.objects.PhysicsRigidBody rebuildRigidBody
INFORMATION: Created 1466bb44a90.
Sept. 13, 2026 12:42:01 AM com.jme3.bullet.objects.PhysicsRigidBody rebuildRigidBody
INFORMATION: Created 1466bb41460.
Sept. 13, 2026 12:42:01 AM com.jme3.bullet.objects.PhysicsRigidBody rebuildRigidBody
INFORMATION: Created 1466bb44dc0.
Sept. 13, 2026 12:42:01 AM com.jme3.bullet.objects.PhysicsRigidBody rebuildRigidBody
INFORMATION: Created 1466bb45750.
Sept. 13, 2026 12:42:01 AM com.jme3.bullet.objects.PhysicsRigidBody rebuildRigidBody
INFORMATION: Created 1466bb450f0.
Sept. 13, 2026 12:42:01 AM com.jme3.bullet.objects.PhysicsRigidBody rebuildRigidBody
INFORMATION: Created 1466bb45420.
Sept. 13, 2026 12:42:01 AM com.jme3.bullet.objects.PhysicsRigidBody rebuildRigidBody
INFORMATION: Created 1466bb41ac0.
Sept. 13, 2026 12:42:01 AM com.jme3.bullet.objects.PhysicsRigidBody rebuildRigidBody
INFORMATION: Created 1466bb49710.
Sept. 13, 2026 12:42:01 AM com.jme3.bullet.objects.PhysicsRigidBody rebuildRigidBody
INFORMATION: Created 1466bb460e0.
Sept. 13, 2026 12:42:01 AM com.jme3.bullet.objects.PhysicsRigidBody rebuildRigidBody
INFORMATION: Created 1466bb47730.
Sept. 13, 2026 12:42:01 AM com.jme3.bullet.objects.PhysicsRigidBody rebuildRigidBody
INFORMATION: Created 1466bb45a80.
Sept. 13, 2026 12:42:01 AM com.jme3.bullet.objects.PhysicsRigidBody rebuildRigidBody
INFORMATION: Created 1466bb47a60.
Sept. 13, 2026 12:42:01 AM com.jme3.bullet.objects.PhysicsRigidBody rebuildRigidBody
INFORMATION: Created 1466bb46410.
Sept. 13, 2026 12:42:01 AM com.jme3.bullet.objects.PhysicsRigidBody rebuildRigidBody
INFORMATION: Created 1466bb47d90.
Sept. 13, 2026 12:42:01 AM com.jme3.bullet.objects.PhysicsRigidBody rebuildRigidBody
INFORMATION: Created 1466bb48720.
Sept. 13, 2026 12:42:01 AM com.jme3.bullet.objects.PhysicsRigidBody rebuildRigidBody
INFORMATION: Created 1466bb49a40.
Sept. 13, 2026 12:42:01 AM com.jme3.bullet.objects.PhysicsRigidBody rebuildRigidBody
INFORMATION: Created 1466bb46740.
Sept. 13, 2026 12:42:01 AM com.jme3.bullet.objects.PhysicsRigidBody rebuildRigidBody
INFORMATION: Created 1466bb470d0.
Sept. 13, 2026 12:42:01 AM com.jme3.bullet.objects.PhysicsRigidBody rebuildRigidBody
INFORMATION: Created 1466bb45db0.
Sept. 13, 2026 12:42:01 AM com.jme3.bullet.objects.PhysicsRigidBody rebuildRigidBody
INFORMATION: Created 1466bb47400.
Sept. 13, 2026 12:42:01 AM com.jme3.bullet.objects.PhysicsRigidBody rebuildRigidBody
INFORMATION: Created 1466bb480c0.
Sept. 13, 2026 12:42:01 AM com.jme3.bullet.objects.PhysicsRigidBody rebuildRigidBody
INFORMATION: Created 1466bb49d70.
Sept. 13, 2026 12:42:01 AM com.jme3.bullet.objects.PhysicsRigidBody rebuildRigidBody
INFORMATION: Created 1466bb4a700.
Sept. 13, 2026 12:42:01 AM com.jme3.bullet.objects.PhysicsRigidBody rebuildRigidBody
INFORMATION: Created 1466bb48a50.
Sept. 13, 2026 12:42:01 AM com.jme3.bullet.objects.PhysicsRigidBody rebuildRigidBody
INFORMATION: Created 1466bb483f0.
Sept. 13, 2026 12:42:01 AM com.jme3.bullet.objects.PhysicsRigidBody rebuildRigidBody
INFORMATION: Created 1466bb493e0.
Sept. 13, 2026 12:42:01 AM com.jme3.bullet.objects.PhysicsRigidBody rebuildRigidBody
INFORMATION: Created 1466bb4a0a0.
Sept. 13, 2026 12:42:01 AM com.jme3.bullet.objects.PhysicsRigidBody rebuildRigidBody
INFORMATION: Created 1466bb46a70.
Sept. 13, 2026 12:42:01 AM com.jme3.bullet.objects.PhysicsRigidBody rebuildRigidBody
INFORMATION: Created 1466bb48d80.
Sept. 13, 2026 12:42:01 AM com.jme3.bullet.objects.PhysicsRigidBody rebuildRigidBody
INFORMATION: Created 1466bb490b0.
Sept. 13, 2026 12:42:01 AM com.jme3.bullet.objects.PhysicsRigidBody rebuildRigidBody
INFORMATION: Created 1466bb4a3d0.
Sept. 13, 2026 12:42:01 AM com.jme3.bullet.objects.PhysicsRigidBody rebuildRigidBody
INFORMATION: Created 1466bb4aa30.
Sept. 13, 2026 12:42:01 AM com.jme3.bullet.objects.PhysicsRigidBody rebuildRigidBody
INFORMATION: Created 1466bb46da0.
Sept. 13, 2026 12:42:01 AM com.jme3.bullet.objects.PhysicsRigidBody rebuildRigidBody
INFORMATION: Created 1466bb4ad60.
Sept. 13, 2026 12:42:01 AM com.jme3.bullet.objects.PhysicsRigidBody rebuildRigidBody
INFORMATION: Created 1466bb4b090.
Sept. 13, 2026 12:42:01 AM com.jme3.bullet.objects.PhysicsRigidBody rebuildRigidBody
INFORMATION: Created 1466bb4b3c0.
Sept. 13, 2026 12:42:01 AM com.jme3.bullet.objects.PhysicsRigidBody rebuildRigidBody
INFORMATION: Created 1466bb4c3b0.
Sept. 13, 2026 12:42:01 AM com.jme3.bullet.objects.PhysicsRigidBody rebuildRigidBody
INFORMATION: Created 1466bb4b6f0.
Sept. 13, 2026 12:42:01 AM com.jme3.bullet.objects.PhysicsRigidBody rebuildRigidBody
INFORMATION: Created 1466bb4ba20.
Sept. 13, 2026 12:42:01 AM com.jme3.bullet.objects.PhysicsRigidBody rebuildRigidBody
INFORMATION: Created 1466bb4bd50.
Sept. 13, 2026 12:42:01 AM com.jme3.bullet.objects.PhysicsRigidBody rebuildRigidBody
INFORMATION: Created 1466bb4c080.
Sept. 13, 2026 12:42:01 AM com.jme3.bullet.objects.PhysicsRigidBody rebuildRigidBody
INFORMATION: Created 1466c062270.
Sept. 13, 2026 12:42:01 AM com.jme3.bullet.objects.PhysicsRigidBody rebuildRigidBody
INFORMATION: Created 1466c060c20.
Sept. 13, 2026 12:42:01 AM com.jme3.bullet.objects.PhysicsRigidBody rebuildRigidBody
INFORMATION: Created 1466c060f50.
Sept. 13, 2026 12:42:01 AM com.jme3.bullet.objects.PhysicsRigidBody rebuildRigidBody
INFORMATION: Created 1466c05ef70.
Sept. 13, 2026 12:42:01 AM com.jme3.bullet.objects.PhysicsRigidBody rebuildRigidBody
INFORMATION: Created 1466c061c10.
Sept. 13, 2026 12:42:01 AM com.jme3.bullet.objects.PhysicsRigidBody rebuildRigidBody
INFORMATION: Created 1466c0625a0.
Sept. 13, 2026 12:42:01 AM com.jme3.bullet.objects.PhysicsRigidBody rebuildRigidBody
INFORMATION: Created 1466c05ff60.
Sept. 13, 2026 12:42:01 AM com.jme3.bullet.objects.PhysicsRigidBody rebuildRigidBody
INFORMATION: Created 1466c061280.
Sept. 13, 2026 12:42:01 AM com.jme3.bullet.objects.PhysicsRigidBody rebuildRigidBody
INFORMATION: Created 1466c05e910.
Sept. 13, 2026 12:42:01 AM com.jme3.bullet.objects.PhysicsRigidBody rebuildRigidBody
INFORMATION: Created 1466c060290.
Sept. 13, 2026 12:42:01 AM com.jme3.bullet.objects.PhysicsRigidBody rebuildRigidBody
INFORMATION: Created 1466c061f40.
Sept. 13, 2026 12:42:01 AM com.jme3.bullet.objects.PhysicsRigidBody rebuildRigidBody
INFORMATION: Created 1466c05f2a0.
Sept. 13, 2026 12:42:01 AM com.jme3.bullet.objects.PhysicsRigidBody rebuildRigidBody
INFORMATION: Created 1466c0608f0.
Sept. 13, 2026 12:42:01 AM com.jme3.bullet.objects.PhysicsRigidBody rebuildRigidBody
INFORMATION: Created 1466c0628d0.
Sept. 13, 2026 12:42:01 AM com.jme3.bullet.objects.PhysicsRigidBody rebuildRigidBody
INFORMATION: Created 1466c05f5d0.
Sept. 13, 2026 12:42:01 AM com.jme3.bullet.objects.PhysicsRigidBody rebuildRigidBody
INFORMATION: Created 1466c0605c0.
Sept. 13, 2026 12:42:01 AM com.jme3.bullet.objects.PhysicsRigidBody rebuildRigidBody
INFORMATION: Created 1466c05ec40.
Sept. 13, 2026 12:42:01 AM com.jme3.bullet.objects.PhysicsRigidBody rebuildRigidBody
INFORMATION: Created 1466c05f900.
[GAME] Die gläserne Tiefe
Sept. 13, 2026 12:42:01 AM com.jme3.anim.SkinningControl controlRender
INFORMATION: Hardware skinning engaged for Scene (Node)
Sept. 13, 2026 12:42:01 AM com.jme3.anim.SkinningControl controlRender
INFORMATION: Hardware skinning engaged for Scene (Node)
Sept. 13, 2026 12:42:01 AM com.jme3.anim.SkinningControl controlRender
INFORMATION: Hardware skinning engaged for Scene (Node)
Sept. 13, 2026 12:42:01 AM com.jme3.anim.SkinningControl controlRender
INFORMATION: Hardware skinning engaged for Scene (Node)
Sept. 13, 2026 12:42:01 AM com.jme3.anim.SkinningControl controlRender
INFORMATION: Hardware skinning engaged for Scene (Node)
Sept. 13, 2026 12:42:01 AM com.jme3.anim.SkinningControl controlRender
INFORMATION: Hardware skinning engaged for Scene (Node)
Sept. 13, 2026 12:42:01 AM com.jme3.anim.SkinningControl controlRender
INFORMATION: Hardware skinning engaged for Scene (Node)
[SMOKE] stage 18
[CHECK] Cavern portal transition
[GAME] Goblin besiegt  +35 EP  +8 Gold
[GAME] Goblin besiegt  +35 EP  +8 Gold
[GAME] Goblin besiegt  +35 EP  +8 Gold
[GAME] Goblin besiegt  +35 EP  +8 Gold
[GAME] Goblin besiegt  +35 EP  +8 Gold
[GAME] Goblin besiegt  +35 EP  +8 Gold
[GAME] Aschenrufer besiegt  +65 EP  +23 Gold
[GAME] Aschenrufer besiegt  +65 EP  +23 Gold
[GAME] STUFE 5  -  Fähigkeitspunkt erhalten [K]
[GAME] Ork-Brecher besiegt  +70 EP  +13 Gold
[GAME] Ork-Brecher besiegt  +70 EP  +13 Gold
[GAME] Auftrag erfüllt: Die Straßen werden still  +150 EP
[GAME] Kristallader gereinigt. 1 / 3
[GAME] Kristallader gereinigt. 2 / 3
[GAME] Kristallader gereinigt. 3 / 3
[GAME] Kristallherz erhalten!
[GAME] Auftrag erfüllt: Die zwei Eide  +150 EP
[GAME] Stufe 6 erreicht! K: Fähigkeiten verbessern.
[GAME] Auftrag erfüllt: Das Herz des Berges  +120 EP
[CHECK] Both parallel paths award their keys
Sept. 13, 2026 12:42:03 AM com.jme3.bullet.objects.PhysicsRigidBody rebuildRigidBody
INFORMATION: Created 1466c062f30.
Sept. 13, 2026 12:42:03 AM com.jme3.bullet.objects.PhysicsRigidBody rebuildRigidBody
INFORMATION: Created 1466c063260.
Sept. 13, 2026 12:42:03 AM com.jme3.bullet.objects.PhysicsRigidBody rebuildRigidBody
INFORMATION: Created 1466c0615b0.
Sept. 13, 2026 12:42:03 AM com.jme3.bullet.objects.PhysicsRigidBody rebuildRigidBody
INFORMATION: Created 1466c0618e0.
Sept. 13, 2026 12:42:03 AM com.jme3.bullet.objects.PhysicsRigidBody rebuildRigidBody
INFORMATION: Created 1466c062c00.
Sept. 13, 2026 12:42:03 AM com.jme3.bullet.objects.PhysicsRigidBody rebuildRigidBody
INFORMATION: Created 1466c063590.
Sept. 13, 2026 12:42:03 AM com.jme3.bullet.objects.PhysicsRigidBody rebuildRigidBody
INFORMATION: Created 1466c0638c0.
Sept. 13, 2026 12:42:03 AM com.jme3.bullet.objects.PhysicsRigidBody rebuildRigidBody
INFORMATION: Created 1466c05fc30.
Sept. 13, 2026 12:42:03 AM com.jme3.bullet.objects.PhysicsRigidBody rebuildRigidBody
INFORMATION: Created 1466c066ef0.
Sept. 13, 2026 12:42:03 AM com.jme3.bullet.objects.PhysicsRigidBody rebuildRigidBody
INFORMATION: Created 1466c066230.
Sept. 13, 2026 12:42:03 AM com.jme3.bullet.objects.PhysicsRigidBody rebuildRigidBody
INFORMATION: Created 1466c065bd0.
Sept. 13, 2026 12:42:03 AM com.jme3.bullet.objects.PhysicsRigidBody rebuildRigidBody
INFORMATION: Created 1466c064be0.
Sept. 13, 2026 12:42:03 AM com.jme3.bullet.objects.PhysicsRigidBody rebuildRigidBody
INFORMATION: Created 1466c067880.
Sept. 13, 2026 12:42:03 AM com.jme3.bullet.objects.PhysicsRigidBody rebuildRigidBody
INFORMATION: Created 1466c064250.
Sept. 13, 2026 12:42:03 AM com.jme3.bullet.objects.PhysicsRigidBody rebuildRigidBody
INFORMATION: Created 1466c065570.
Sept. 13, 2026 12:42:03 AM com.jme3.bullet.objects.PhysicsRigidBody rebuildRigidBody
INFORMATION: Created 1466c064580.
Sept. 13, 2026 12:42:03 AM com.jme3.bullet.objects.PhysicsRigidBody rebuildRigidBody
INFORMATION: Created 1466c066560.
Sept. 13, 2026 12:42:03 AM com.jme3.bullet.objects.PhysicsRigidBody rebuildRigidBody
INFORMATION: Created 1466c064f10.
Sept. 13, 2026 12:42:03 AM com.jme3.bullet.objects.PhysicsRigidBody rebuildRigidBody
INFORMATION: Created 1466c0648b0.
Sept. 13, 2026 12:42:03 AM com.jme3.bullet.objects.PhysicsRigidBody rebuildRigidBody
INFORMATION: Created 1466c067220.
Sept. 13, 2026 12:42:03 AM com.jme3.bullet.objects.PhysicsRigidBody rebuildRigidBody
INFORMATION: Created 1466c063bf0.
Sept. 13, 2026 12:42:03 AM com.jme3.bullet.objects.PhysicsRigidBody rebuildRigidBody
INFORMATION: Created 1466c065240.
Sept. 13, 2026 12:42:03 AM com.jme3.bullet.objects.PhysicsRigidBody rebuildRigidBody
INFORMATION: Created 1466c065f00.
Sept. 13, 2026 12:42:03 AM com.jme3.bullet.objects.PhysicsRigidBody rebuildRigidBody
INFORMATION: Created 1466c066890.
Sept. 13, 2026 12:42:03 AM com.jme3.bullet.objects.PhysicsRigidBody rebuildRigidBody
INFORMATION: Created 1466c066bc0.
Sept. 13, 2026 12:42:03 AM com.jme3.bullet.objects.PhysicsRigidBody rebuildRigidBody
INFORMATION: Created 1466c0658a0.
Sept. 13, 2026 12:42:03 AM com.jme3.bullet.objects.PhysicsRigidBody rebuildRigidBody
INFORMATION: Created 1466c067550.
Sept. 13, 2026 12:42:03 AM com.jme3.bullet.objects.PhysicsRigidBody rebuildRigidBody
INFORMATION: Created 1466c067bb0.
Sept. 13, 2026 12:42:03 AM com.jme3.bullet.objects.PhysicsRigidBody rebuildRigidBody
INFORMATION: Created 1466c063f20.
Sept. 13, 2026 12:42:03 AM com.jme3.bullet.objects.PhysicsRigidBody rebuildRigidBody
INFORMATION: Created 1466c067ee0.
Sept. 13, 2026 12:42:03 AM com.jme3.bullet.objects.PhysicsRigidBody rebuildRigidBody
INFORMATION: Created 1466c06a1f0.
Sept. 13, 2026 12:42:03 AM com.jme3.bullet.objects.PhysicsRigidBody rebuildRigidBody
INFORMATION: Created 1466c068210.
Sept. 13, 2026 12:42:03 AM com.jme3.bullet.objects.PhysicsRigidBody rebuildRigidBody
INFORMATION: Created 1466c068870.
Sept. 13, 2026 12:42:03 AM com.jme3.bullet.objects.PhysicsRigidBody rebuildRigidBody
INFORMATION: Created 1466c069530.
Sept. 13, 2026 12:42:03 AM com.jme3.bullet.objects.PhysicsRigidBody rebuildRigidBody
INFORMATION: Created 1466c069860.
Sept. 13, 2026 12:42:03 AM com.jme3.bullet.objects.PhysicsRigidBody rebuildRigidBody
INFORMATION: Created 1466c068ba0.
Sept. 13, 2026 12:42:03 AM com.jme3.bullet.objects.PhysicsRigidBody rebuildRigidBody
INFORMATION: Created 1466c068540.
Sept. 13, 2026 12:42:03 AM com.jme3.bullet.objects.PhysicsRigidBody rebuildRigidBody
INFORMATION: Created 1466c068ed0.
Sept. 13, 2026 12:42:03 AM com.jme3.bullet.objects.PhysicsRigidBody rebuildRigidBody
INFORMATION: Created 1466c069200.
Sept. 13, 2026 12:42:03 AM com.jme3.bullet.objects.PhysicsRigidBody rebuildRigidBody
INFORMATION: Created 1466c069b90.
Sept. 13, 2026 12:42:03 AM com.jme3.bullet.objects.PhysicsRigidBody rebuildRigidBody
INFORMATION: Created 1466c069ec0.
Sept. 13, 2026 12:42:03 AM com.jme3.bullet.objects.PhysicsRigidBody rebuildRigidBody
INFORMATION: Created 1466c06a520.
Sept. 13, 2026 12:42:03 AM com.jme3.bullet.objects.PhysicsRigidBody rebuildRigidBody
INFORMATION: Created 1466c06a850.
Sept. 13, 2026 12:42:03 AM com.jme3.bullet.objects.PhysicsRigidBody rebuildRigidBody
INFORMATION: Created 1466c06b1e0.
Sept. 13, 2026 12:42:03 AM com.jme3.bullet.objects.PhysicsRigidBody rebuildRigidBody
INFORMATION: Created 1466c06ab80.
Sept. 13, 2026 12:42:03 AM com.jme3.bullet.objects.PhysicsRigidBody rebuildRigidBody
INFORMATION: Created 1466c06aeb0.
Sept. 13, 2026 12:42:03 AM com.jme3.bullet.objects.PhysicsRigidBody rebuildRigidBody
INFORMATION: Created 1466c06e1b0.
Sept. 13, 2026 12:42:03 AM com.jme3.bullet.objects.PhysicsRigidBody rebuildRigidBody
INFORMATION: Created 1466c06d1c0.
Sept. 13, 2026 12:42:03 AM com.jme3.bullet.objects.PhysicsRigidBody rebuildRigidBody
INFORMATION: Created 1466c06ee70.
Sept. 13, 2026 12:42:03 AM com.jme3.bullet.objects.PhysicsRigidBody rebuildRigidBody
INFORMATION: Created 1466c06b840.
Sept. 13, 2026 12:42:03 AM com.jme3.bullet.objects.PhysicsRigidBody rebuildRigidBody
INFORMATION: Created 1466c06f4d0.
Sept. 13, 2026 12:42:03 AM com.jme3.bullet.objects.PhysicsRigidBody rebuildRigidBody
INFORMATION: Created 1466c06c500.
Sept. 13, 2026 12:42:03 AM com.jme3.bullet.objects.PhysicsRigidBody rebuildRigidBody
INFORMATION: Created 1466c06f800.
Sept. 13, 2026 12:42:03 AM com.jme3.bullet.objects.PhysicsRigidBody rebuildRigidBody
INFORMATION: Created 1466c06bb70.
Sept. 13, 2026 12:42:03 AM com.jme3.bullet.objects.PhysicsRigidBody rebuildRigidBody
INFORMATION: Created 1466c06fb30.
Sept. 13, 2026 12:42:03 AM com.jme3.bullet.objects.PhysicsRigidBody rebuildRigidBody
INFORMATION: Created 1466c070190.
Sept. 13, 2026 12:42:03 AM com.jme3.bullet.objects.PhysicsRigidBody rebuildRigidBody
INFORMATION: Created 1466c0704c0.
Sept. 13, 2026 12:42:03 AM com.jme3.bullet.objects.PhysicsRigidBody rebuildRigidBody
INFORMATION: Created 1466c070e50.
Sept. 13, 2026 12:42:03 AM com.jme3.bullet.objects.PhysicsRigidBody rebuildRigidBody
INFORMATION: Created 1466c06fe60.
Sept. 13, 2026 12:42:03 AM com.jme3.bullet.objects.PhysicsRigidBody rebuildRigidBody
INFORMATION: Created 1466c0707f0.
Sept. 13, 2026 12:42:03 AM com.jme3.bullet.objects.PhysicsRigidBody rebuildRigidBody
INFORMATION: Created 1466c070b20.
Sept. 13, 2026 12:42:03 AM com.jme3.bullet.objects.PhysicsRigidBody rebuildRigidBody
INFORMATION: Created 1466c071180.
Sept. 13, 2026 12:42:03 AM com.jme3.bullet.objects.PhysicsRigidBody rebuildRigidBody
INFORMATION: Created 1466c06d4f0.
Sept. 13, 2026 12:42:03 AM com.jme3.bullet.objects.PhysicsRigidBody rebuildRigidBody
INFORMATION: Created 1466c073af0.
Sept. 13, 2026 12:42:03 AM com.jme3.bullet.objects.PhysicsRigidBody rebuildRigidBody
INFORMATION: Created 1466c073e20.
Sept. 13, 2026 12:42:03 AM com.jme3.bullet.objects.PhysicsRigidBody rebuildRigidBody
INFORMATION: Created 1466c074150.
Sept. 13, 2026 12:42:03 AM com.jme3.bullet.objects.PhysicsRigidBody rebuildRigidBody
INFORMATION: Created 1466c074ae0.
Sept. 13, 2026 12:42:03 AM com.jme3.bullet.objects.PhysicsRigidBody rebuildRigidBody
INFORMATION: Created 1466c075140.
Sept. 13, 2026 12:42:03 AM com.jme3.bullet.objects.PhysicsRigidBody rebuildRigidBody
INFORMATION: Created 1466c0724a0.
Sept. 13, 2026 12:42:03 AM com.jme3.bullet.objects.PhysicsRigidBody rebuildRigidBody
INFORMATION: Created 1466c072b00.
Sept. 13, 2026 12:42:03 AM com.jme3.bullet.objects.PhysicsRigidBody rebuildRigidBody
INFORMATION: Created 1466c074e10.
Sept. 13, 2026 12:42:03 AM com.jme3.bullet.objects.PhysicsRigidBody rebuildRigidBody
INFORMATION: Created 1466c0727d0.
Sept. 13, 2026 12:42:03 AM com.jme3.bullet.objects.PhysicsRigidBody rebuildRigidBody
INFORMATION: Created 1466c074480.
Sept. 13, 2026 12:42:03 AM com.jme3.bullet.objects.PhysicsRigidBody rebuildRigidBody
INFORMATION: Created 1466c072e30.
Sept. 13, 2026 12:42:03 AM com.jme3.bullet.objects.PhysicsRigidBody rebuildRigidBody
INFORMATION: Created 1466c071e40.
Sept. 13, 2026 12:42:03 AM com.jme3.bullet.objects.PhysicsRigidBody rebuildRigidBody
INFORMATION: Created 1466c072170.
Sept. 13, 2026 12:42:03 AM com.jme3.bullet.objects.PhysicsRigidBody rebuildRigidBody
INFORMATION: Created 1466c0714b0.
Sept. 13, 2026 12:42:03 AM com.jme3.bullet.objects.PhysicsRigidBody rebuildRigidBody
INFORMATION: Created 1466c0747b0.
Sept. 13, 2026 12:42:03 AM com.jme3.bullet.objects.PhysicsRigidBody rebuildRigidBody
INFORMATION: Created 1466c073160.
Sept. 13, 2026 12:42:03 AM com.jme3.bullet.objects.PhysicsRigidBody rebuildRigidBody
INFORMATION: Created 1466c071b10.
Sept. 13, 2026 12:42:03 AM com.jme3.bullet.objects.PhysicsRigidBody rebuildRigidBody
INFORMATION: Created 1466c075470.
Sept. 13, 2026 12:42:03 AM com.jme3.bullet.objects.PhysicsRigidBody rebuildRigidBody
INFORMATION: Created 1466c073490.
Sept. 13, 2026 12:42:03 AM com.jme3.bullet.objects.PhysicsRigidBody rebuildRigidBody
INFORMATION: Created 1466c0737c0.
Sept. 13, 2026 12:42:03 AM com.jme3.bullet.objects.PhysicsRigidBody rebuildRigidBody
INFORMATION: Created 1466c0717e0.
Sept. 13, 2026 12:42:03 AM com.jme3.bullet.objects.PhysicsRigidBody rebuildRigidBody
INFORMATION: Created 1466c0757a0.
Sept. 13, 2026 12:42:03 AM com.jme3.bullet.objects.PhysicsRigidBody rebuildRigidBody
INFORMATION: Created 1466c077120.
Sept. 13, 2026 12:42:03 AM com.jme3.bullet.objects.PhysicsRigidBody rebuildRigidBody
INFORMATION: Created 1466c075ad0.
Sept. 13, 2026 12:42:03 AM com.jme3.bullet.objects.PhysicsRigidBody rebuildRigidBody
INFORMATION: Created 1466c075e00.
Sept. 13, 2026 12:42:03 AM com.jme3.bullet.objects.PhysicsRigidBody rebuildRigidBody
INFORMATION: Created 1466c076460.
Sept. 13, 2026 12:42:03 AM com.jme3.bullet.objects.PhysicsRigidBody rebuildRigidBody
INFORMATION: Created 1466c076ac0.
Sept. 13, 2026 12:42:03 AM com.jme3.bullet.objects.PhysicsRigidBody rebuildRigidBody
INFORMATION: Created 1466c076790.
Sept. 13, 2026 12:42:03 AM com.jme3.bullet.objects.PhysicsRigidBody rebuildRigidBody
INFORMATION: Created 1466c076130.
Sept. 13, 2026 12:42:03 AM com.jme3.bullet.objects.PhysicsRigidBody rebuildRigidBody
INFORMATION: Created 1466c077450.
Sept. 13, 2026 12:42:03 AM com.jme3.bullet.objects.PhysicsRigidBody rebuildRigidBody
INFORMATION: Created 1466c076df0.
Sept. 13, 2026 12:42:03 AM com.jme3.bullet.objects.PhysicsRigidBody rebuildRigidBody
INFORMATION: Created 1466c077780.
Sept. 13, 2026 12:42:03 AM com.jme3.bullet.objects.PhysicsRigidBody rebuildRigidBody
INFORMATION: Created 1466c077ab0.
Sept. 13, 2026 12:42:03 AM com.jme3.bullet.objects.PhysicsRigidBody rebuildRigidBody
INFORMATION: Created 1466c077de0.
Sept. 13, 2026 12:42:03 AM com.jme3.bullet.objects.PhysicsRigidBody rebuildRigidBody
INFORMATION: Created 1466c07a420.
Sept. 13, 2026 12:42:03 AM com.jme3.bullet.objects.PhysicsRigidBody rebuildRigidBody
INFORMATION: Created 1466c07aa80.
Sept. 13, 2026 12:42:03 AM com.jme3.bullet.objects.PhysicsRigidBody rebuildRigidBody
INFORMATION: Created 1466c07a750.
Sept. 13, 2026 12:42:03 AM com.jme3.bullet.objects.PhysicsRigidBody rebuildRigidBody
INFORMATION: Created 1466c079dc0.
Sept. 13, 2026 12:42:03 AM com.jme3.bullet.objects.PhysicsRigidBody rebuildRigidBody
INFORMATION: Created 1466c079760.
Sept. 13, 2026 12:42:03 AM com.jme3.bullet.objects.PhysicsRigidBody rebuildRigidBody
INFORMATION: Created 1466c079a90.
Sept. 13, 2026 12:42:03 AM com.jme3.bullet.objects.PhysicsRigidBody rebuildRigidBody
INFORMATION: Created 1466c078110.
Sept. 13, 2026 12:42:03 AM com.jme3.bullet.objects.PhysicsRigidBody rebuildRigidBody
INFORMATION: Created 1466c07adb0.
Sept. 13, 2026 12:42:03 AM com.jme3.bullet.objects.PhysicsRigidBody rebuildRigidBody
INFORMATION: Created 1466c079430.
Sept. 13, 2026 12:42:03 AM com.jme3.bullet.objects.PhysicsRigidBody rebuildRigidBody
INFORMATION: Created 1466c07bda0.
Sept. 13, 2026 12:42:03 AM com.jme3.bullet.objects.PhysicsRigidBody rebuildRigidBody
INFORMATION: Created 1466c07c0d0.
Sept. 13, 2026 12:42:03 AM com.jme3.bullet.objects.PhysicsRigidBody rebuildRigidBody
INFORMATION: Created 1466c078aa0.
Sept. 13, 2026 12:42:03 AM com.jme3.bullet.objects.PhysicsRigidBody rebuildRigidBody
INFORMATION: Created 1466c07b410.
Sept. 13, 2026 12:42:03 AM com.jme3.bullet.objects.PhysicsRigidBody rebuildRigidBody
INFORMATION: Created 1466c07a0f0.
Sept. 13, 2026 12:42:03 AM com.jme3.bullet.objects.PhysicsRigidBody rebuildRigidBody
INFORMATION: Created 1466c07b0e0.
Sept. 13, 2026 12:42:03 AM com.jme3.bullet.objects.PhysicsRigidBody rebuildRigidBody
INFORMATION: Created 1466c07b740.
Sept. 13, 2026 12:42:03 AM com.jme3.bullet.objects.PhysicsRigidBody rebuildRigidBody
INFORMATION: Created 1466c07ba70.
Sept. 13, 2026 12:42:03 AM com.jme3.bullet.objects.PhysicsRigidBody rebuildRigidBody
INFORMATION: Created 1466c078440.
Sept. 13, 2026 12:42:03 AM com.jme3.bullet.objects.PhysicsRigidBody rebuildRigidBody
INFORMATION: Created 1466c079100.
Sept. 13, 2026 12:42:03 AM com.jme3.bullet.objects.PhysicsRigidBody rebuildRigidBody
INFORMATION: Created 1466c07c400.
Sept. 13, 2026 12:42:03 AM com.jme3.bullet.objects.PhysicsRigidBody rebuildRigidBody
INFORMATION: Created 1466c078770.
Sept. 13, 2026 12:42:03 AM com.jme3.bullet.objects.PhysicsRigidBody rebuildRigidBody
INFORMATION: Created 1466c07c730.
Sept. 13, 2026 12:42:03 AM com.jme3.bullet.objects.PhysicsRigidBody rebuildRigidBody
INFORMATION: Created 1466c07ca60.
Sept. 13, 2026 12:42:03 AM com.jme3.bullet.objects.PhysicsRigidBody rebuildRigidBody
INFORMATION: Created 1466c078dd0.
Sept. 13, 2026 12:42:03 AM com.jme3.bullet.objects.PhysicsRigidBody rebuildRigidBody
INFORMATION: Created 1466c07cd90.
Sept. 13, 2026 12:42:03 AM com.jme3.bullet.objects.PhysicsRigidBody rebuildRigidBody
INFORMATION: Created 1466c07d0c0.
Sept. 13, 2026 12:42:03 AM com.jme3.bullet.objects.PhysicsRigidBody rebuildRigidBody
INFORMATION: Created 1466c07d3f0.
Sept. 13, 2026 12:42:03 AM com.jme3.bullet.objects.PhysicsRigidBody rebuildRigidBody
INFORMATION: Created 1466c07d720.
Sept. 13, 2026 12:42:03 AM com.jme3.bullet.objects.PhysicsRigidBody rebuildRigidBody
INFORMATION: Created 1466c07da50.
Sept. 13, 2026 12:42:03 AM com.jme3.bullet.objects.PhysicsRigidBody rebuildRigidBody
INFORMATION: Created 1466c07dd80.
Sept. 13, 2026 12:42:03 AM com.jme3.bullet.objects.PhysicsRigidBody rebuildRigidBody
INFORMATION: Created 1466c07e0b0.
Sept. 13, 2026 12:42:03 AM com.jme3.bullet.objects.PhysicsRigidBody rebuildRigidBody
INFORMATION: Created 1466c07e3e0.
Sept. 13, 2026 12:42:03 AM com.jme3.bullet.objects.PhysicsRigidBody rebuildRigidBody
INFORMATION: Created 14670709ae0.
Sept. 13, 2026 12:42:03 AM com.jme3.bullet.objects.PhysicsRigidBody rebuildRigidBody
INFORMATION: Created 146707097b0.
Sept. 13, 2026 12:42:03 AM com.jme3.bullet.objects.PhysicsRigidBody rebuildRigidBody
INFORMATION: Created 14670708e20.
Sept. 13, 2026 12:42:03 AM com.jme3.bullet.objects.PhysicsRigidBody rebuildRigidBody
INFORMATION: Created 14670709e10.
Sept. 13, 2026 12:42:03 AM com.jme3.bullet.objects.PhysicsRigidBody rebuildRigidBody
INFORMATION: Created 1467070b790.
Sept. 13, 2026 12:42:03 AM com.jme3.bullet.objects.PhysicsRigidBody rebuildRigidBody
INFORMATION: Created 146707087c0.
Sept. 13, 2026 12:42:03 AM com.jme3.bullet.objects.PhysicsRigidBody rebuildRigidBody
INFORMATION: Created 14670709480.
Sept. 13, 2026 12:42:03 AM com.jme3.bullet.objects.PhysicsRigidBody rebuildRigidBody
INFORMATION: Created 1467070a140.
Sept. 13, 2026 12:42:03 AM com.jme3.bullet.objects.PhysicsRigidBody rebuildRigidBody
INFORMATION: Created 1467070a470.
Sept. 13, 2026 12:42:03 AM com.jme3.bullet.objects.PhysicsRigidBody rebuildRigidBody
INFORMATION: Created 1467070a7a0.
Sept. 13, 2026 12:42:03 AM com.jme3.bullet.objects.PhysicsRigidBody rebuildRigidBody
INFORMATION: Created 1467070aad0.
Sept. 13, 2026 12:42:03 AM com.jme3.bullet.objects.PhysicsRigidBody rebuildRigidBody
INFORMATION: Created 1467070ae00.
Sept. 13, 2026 12:42:03 AM com.jme3.bullet.objects.PhysicsRigidBody rebuildRigidBody
INFORMATION: Created 1467070bac0.
Sept. 13, 2026 12:42:03 AM com.jme3.bullet.objects.PhysicsRigidBody rebuildRigidBody
INFORMATION: Created 1467070b130.
Sept. 13, 2026 12:42:03 AM com.jme3.bullet.objects.PhysicsRigidBody rebuildRigidBody
INFORMATION: Created 1467070bdf0.
Sept. 13, 2026 12:42:03 AM com.jme3.bullet.objects.PhysicsRigidBody rebuildRigidBody
INFORMATION: Created 1467070b460.
Sept. 13, 2026 12:42:03 AM com.jme3.bullet.objects.PhysicsRigidBody rebuildRigidBody
INFORMATION: Created 1467070c120.
Sept. 13, 2026 12:42:03 AM com.jme3.bullet.objects.PhysicsRigidBody rebuildRigidBody
INFORMATION: Created 14670708af0.
Sept. 13, 2026 12:42:03 AM com.jme3.bullet.objects.PhysicsRigidBody rebuildRigidBody
INFORMATION: Created 14670708490.
Sept. 13, 2026 12:42:03 AM com.jme3.bullet.objects.PhysicsRigidBody rebuildRigidBody
INFORMATION: Created 14670709150.
Sept. 13, 2026 12:42:03 AM com.jme3.bullet.objects.PhysicsRigidBody rebuildRigidBody
INFORMATION: Created 1467070d110.
[GAME] Die letzte Zuflucht
Sept. 13, 2026 12:42:04 AM com.jme3.anim.SkinningControl controlRender
INFORMATION: Hardware skinning engaged for Scene (Node)
Sept. 13, 2026 12:42:04 AM com.jme3.anim.SkinningControl controlRender
INFORMATION: Hardware skinning engaged for Scene (Node)
[SMOKE] stage 19
Sept. 13, 2026 12:42:06 AM com.jme3.bullet.objects.PhysicsRigidBody rebuildRigidBody
INFORMATION: Created 1467070daa0.
Sept. 13, 2026 12:42:06 AM com.jme3.bullet.objects.PhysicsRigidBody rebuildRigidBody
INFORMATION: Created 1467070a470.
Sept. 13, 2026 12:42:06 AM com.jme3.bullet.objects.PhysicsRigidBody rebuildRigidBody
INFORMATION: Created 14670708490.
Sept. 13, 2026 12:42:06 AM com.jme3.bullet.objects.PhysicsRigidBody rebuildRigidBody
INFORMATION: Created 1467070ae00.
Sept. 13, 2026 12:42:06 AM com.jme3.bullet.objects.PhysicsRigidBody rebuildRigidBody
INFORMATION: Created 1467070c120.
Sept. 13, 2026 12:42:06 AM com.jme3.bullet.objects.PhysicsRigidBody rebuildRigidBody
INFORMATION: Created 1467070b460.
Sept. 13, 2026 12:42:06 AM com.jme3.bullet.objects.PhysicsRigidBody rebuildRigidBody
INFORMATION: Created 14670709480.
Sept. 13, 2026 12:42:06 AM com.jme3.bullet.objects.PhysicsRigidBody rebuildRigidBody
INFORMATION: Created 14670708e20.
Sept. 13, 2026 12:42:06 AM com.jme3.bullet.objects.PhysicsRigidBody rebuildRigidBody
INFORMATION: Created 14670709150.
Sept. 13, 2026 12:42:06 AM com.jme3.bullet.objects.PhysicsRigidBody rebuildRigidBody
INFORMATION: Created 1467070b790.
Sept. 13, 2026 12:42:06 AM com.jme3.bullet.objects.PhysicsRigidBody rebuildRigidBody
INFORMATION: Created 1467070b130.
Sept. 13, 2026 12:42:06 AM com.jme3.bullet.objects.PhysicsRigidBody rebuildRigidBody
INFORMATION: Created 1467070a7a0.
Sept. 13, 2026 12:42:06 AM com.jme3.bullet.objects.PhysicsRigidBody rebuildRigidBody
INFORMATION: Created 1467070c450.
Sept. 13, 2026 12:42:06 AM com.jme3.bullet.objects.PhysicsRigidBody rebuildRigidBody
INFORMATION: Created 1467070bac0.
Sept. 13, 2026 12:42:06 AM com.jme3.bullet.objects.PhysicsRigidBody rebuildRigidBody
INFORMATION: Created 146707087c0.
Sept. 13, 2026 12:42:06 AM com.jme3.bullet.objects.PhysicsRigidBody rebuildRigidBody
INFORMATION: Created 1467070bdf0.
Sept. 13, 2026 12:42:06 AM com.jme3.bullet.objects.PhysicsRigidBody rebuildRigidBody
INFORMATION: Created 1467070c780.
Sept. 13, 2026 12:42:06 AM com.jme3.bullet.objects.PhysicsRigidBody rebuildRigidBody
INFORMATION: Created 14670708af0.
Sept. 13, 2026 12:42:06 AM com.jme3.bullet.objects.PhysicsRigidBody rebuildRigidBody
INFORMATION: Created 1467070d440.
Sept. 13, 2026 12:42:06 AM com.jme3.bullet.objects.PhysicsRigidBody rebuildRigidBody
INFORMATION: Created 1467070cab0.
Sept. 13, 2026 12:42:06 AM com.jme3.bullet.objects.PhysicsRigidBody rebuildRigidBody
INFORMATION: Created 1467070cde0.
Sept. 13, 2026 12:42:06 AM com.jme3.bullet.objects.PhysicsRigidBody rebuildRigidBody
INFORMATION: Created 146707097b0.
Sept. 13, 2026 12:42:06 AM com.jme3.bullet.objects.PhysicsRigidBody rebuildRigidBody
INFORMATION: Created 1467070d770.
Sept. 13, 2026 12:42:06 AM com.jme3.bullet.objects.PhysicsRigidBody rebuildRigidBody
INFORMATION: Created 14670709e10.
Sept. 13, 2026 12:42:06 AM com.jme3.bullet.objects.PhysicsRigidBody rebuildRigidBody
INFORMATION: Created 1467070aad0.
Sept. 13, 2026 12:42:06 AM com.jme3.bullet.objects.PhysicsRigidBody rebuildRigidBody
INFORMATION: Created 14670709ae0.
Sept. 13, 2026 12:42:06 AM com.jme3.bullet.objects.PhysicsRigidBody rebuildRigidBody
INFORMATION: Created 1467070ddd0.
Sept. 13, 2026 12:42:06 AM com.jme3.bullet.objects.PhysicsRigidBody rebuildRigidBody
INFORMATION: Created 1467070a140.
Sept. 13, 2026 12:42:06 AM com.jme3.bullet.objects.PhysicsRigidBody rebuildRigidBody
INFORMATION: Created 1467070e430.
Sept. 13, 2026 12:42:06 AM com.jme3.bullet.objects.PhysicsRigidBody rebuildRigidBody
INFORMATION: Created 1467070f0f0.
Sept. 13, 2026 12:42:06 AM com.jme3.bullet.objects.PhysicsRigidBody rebuildRigidBody
INFORMATION: Created 1467070f420.
Sept. 13, 2026 12:42:06 AM com.jme3.bullet.objects.PhysicsRigidBody rebuildRigidBody
INFORMATION: Created 14670710a70.
Sept. 13, 2026 12:42:06 AM com.jme3.bullet.objects.PhysicsRigidBody rebuildRigidBody
INFORMATION: Created 14670711a60.
Sept. 13, 2026 12:42:06 AM com.jme3.bullet.objects.PhysicsRigidBody rebuildRigidBody
INFORMATION: Created 14670711d90.
Sept. 13, 2026 12:42:06 AM com.jme3.bullet.objects.PhysicsRigidBody rebuildRigidBody
INFORMATION: Created 1467070f750.
Sept. 13, 2026 12:42:06 AM com.jme3.bullet.objects.PhysicsRigidBody rebuildRigidBody
INFORMATION: Created 14670710740.
Sept. 13, 2026 12:42:06 AM com.jme3.bullet.objects.PhysicsRigidBody rebuildRigidBody
INFORMATION: Created 146707100e0.
Sept. 13, 2026 12:42:06 AM com.jme3.bullet.objects.PhysicsRigidBody rebuildRigidBody
INFORMATION: Created 1467070fa80.
Sept. 13, 2026 12:42:06 AM com.jme3.bullet.objects.PhysicsRigidBody rebuildRigidBody
INFORMATION: Created 14670710da0.
Sept. 13, 2026 12:42:06 AM com.jme3.bullet.objects.PhysicsRigidBody rebuildRigidBody
INFORMATION: Created 1467070e100.
Sept. 13, 2026 12:42:06 AM com.jme3.bullet.objects.PhysicsRigidBody rebuildRigidBody
INFORMATION: Created 146707110d0.
Sept. 13, 2026 12:42:06 AM com.jme3.bullet.objects.PhysicsRigidBody rebuildRigidBody
INFORMATION: Created 1467070fdb0.
Sept. 13, 2026 12:42:06 AM com.jme3.bullet.objects.PhysicsRigidBody rebuildRigidBody
INFORMATION: Created 146707120c0.
Sept. 13, 2026 12:42:06 AM com.jme3.bullet.objects.PhysicsRigidBody rebuildRigidBody
INFORMATION: Created 146707123f0.
Sept. 13, 2026 12:42:06 AM com.jme3.bullet.objects.PhysicsRigidBody rebuildRigidBody
INFORMATION: Created 14670711400.
Sept. 13, 2026 12:42:06 AM com.jme3.bullet.objects.PhysicsRigidBody rebuildRigidBody
INFORMATION: Created 14670711730.
Sept. 13, 2026 12:42:06 AM com.jme3.bullet.objects.PhysicsRigidBody rebuildRigidBody
INFORMATION: Created 1467070edc0.
Sept. 13, 2026 12:42:06 AM com.jme3.bullet.objects.PhysicsRigidBody rebuildRigidBody
INFORMATION: Created 1467070e760.
Sept. 13, 2026 12:42:06 AM com.jme3.bullet.objects.PhysicsRigidBody rebuildRigidBody
INFORMATION: Created 14670712720.
Sept. 13, 2026 12:42:06 AM com.jme3.bullet.objects.PhysicsRigidBody rebuildRigidBody
INFORMATION: Created 14670710410.
Sept. 13, 2026 12:42:06 AM com.jme3.bullet.objects.PhysicsRigidBody rebuildRigidBody
INFORMATION: Created 1467070ea90.
Sept. 13, 2026 12:42:06 AM com.jme3.bullet.objects.PhysicsRigidBody rebuildRigidBody
INFORMATION: Created 14670713d70.
Sept. 13, 2026 12:42:06 AM com.jme3.bullet.objects.PhysicsRigidBody rebuildRigidBody
INFORMATION: Created 14670714a30.
Sept. 13, 2026 12:42:06 AM com.jme3.bullet.objects.PhysicsRigidBody rebuildRigidBody
INFORMATION: Created 14670712a50.
Sept. 13, 2026 12:42:06 AM com.jme3.bullet.objects.PhysicsRigidBody rebuildRigidBody
INFORMATION: Created 146707140a0.
Sept. 13, 2026 12:42:06 AM com.jme3.bullet.objects.PhysicsRigidBody rebuildRigidBody
INFORMATION: Created 146707143d0.
Sept. 13, 2026 12:42:06 AM com.jme3.bullet.objects.PhysicsRigidBody rebuildRigidBody
INFORMATION: Created 14670712d80.
Sept. 13, 2026 12:42:06 AM com.jme3.bullet.objects.PhysicsRigidBody rebuildRigidBody
INFORMATION: Created 146707130b0.
Sept. 13, 2026 12:42:06 AM com.jme3.bullet.objects.PhysicsRigidBody rebuildRigidBody
INFORMATION: Created 146707133e0.
Sept. 13, 2026 12:42:06 AM com.jme3.bullet.objects.PhysicsRigidBody rebuildRigidBody
INFORMATION: Created 14670713710.
Sept. 13, 2026 12:42:06 AM com.jme3.bullet.objects.PhysicsRigidBody rebuildRigidBody
INFORMATION: Created 14670714700.
Sept. 13, 2026 12:42:06 AM com.jme3.bullet.objects.PhysicsRigidBody rebuildRigidBody
INFORMATION: Created 14670714d60.
Sept. 13, 2026 12:42:06 AM com.jme3.bullet.objects.PhysicsRigidBody rebuildRigidBody
INFORMATION: Created 14670713a40.
Sept. 13, 2026 12:42:06 AM com.jme3.bullet.objects.PhysicsRigidBody rebuildRigidBody
INFORMATION: Created 14670718d20.
Sept. 13, 2026 12:42:06 AM com.jme3.bullet.objects.PhysicsRigidBody rebuildRigidBody
INFORMATION: Created 14670717070.
Sept. 13, 2026 12:42:06 AM com.jme3.bullet.objects.PhysicsRigidBody rebuildRigidBody
INFORMATION: Created 146707176d0.
Sept. 13, 2026 12:42:06 AM com.jme3.bullet.objects.PhysicsRigidBody rebuildRigidBody
INFORMATION: Created 146707163b0.
Sept. 13, 2026 12:42:06 AM com.jme3.bullet.objects.PhysicsRigidBody rebuildRigidBody
INFORMATION: Created 14670717a00.
Sept. 13, 2026 12:42:06 AM com.jme3.bullet.objects.PhysicsRigidBody rebuildRigidBody
INFORMATION: Created 146707186c0.
Sept. 13, 2026 12:42:06 AM com.jme3.bullet.objects.PhysicsRigidBody rebuildRigidBody
INFORMATION: Created 14670716080.
Sept. 13, 2026 12:42:06 AM com.jme3.bullet.objects.PhysicsRigidBody rebuildRigidBody
INFORMATION: Created 146707189f0.
Sept. 13, 2026 12:42:06 AM com.jme3.bullet.objects.PhysicsRigidBody rebuildRigidBody
INFORMATION: Created 146707153c0.
Sept. 13, 2026 12:42:06 AM com.jme3.bullet.objects.PhysicsRigidBody rebuildRigidBody
INFORMATION: Created 14670715a20.
Sept. 13, 2026 12:42:06 AM com.jme3.bullet.objects.PhysicsRigidBody rebuildRigidBody
INFORMATION: Created 14670715d50.
Sept. 13, 2026 12:42:06 AM com.jme3.bullet.objects.PhysicsRigidBody rebuildRigidBody
INFORMATION: Created 146706fded0.
Sept. 13, 2026 12:42:06 AM com.jme3.bullet.objects.PhysicsRigidBody rebuildRigidBody
INFORMATION: Created 146706feb90.
Sept. 13, 2026 12:42:06 AM com.jme3.bullet.objects.PhysicsRigidBody rebuildRigidBody
INFORMATION: Created 146706feec0.
Sept. 13, 2026 12:42:06 AM com.jme3.bullet.objects.PhysicsRigidBody rebuildRigidBody
INFORMATION: Created 146706ff850.
Sept. 13, 2026 12:42:06 AM com.jme3.bullet.objects.PhysicsRigidBody rebuildRigidBody
INFORMATION: Created 146706ffb80.
Sept. 13, 2026 12:42:06 AM com.jme3.bullet.objects.PhysicsRigidBody rebuildRigidBody
INFORMATION: Created 146706fe200.
Sept. 13, 2026 12:42:06 AM com.jme3.bullet.objects.PhysicsRigidBody rebuildRigidBody
INFORMATION: Created 146706ff1f0.
Sept. 13, 2026 12:42:06 AM com.jme3.bullet.objects.PhysicsRigidBody rebuildRigidBody
INFORMATION: Created 146706fc880.
Sept. 13, 2026 12:42:06 AM com.jme3.bullet.objects.PhysicsRigidBody rebuildRigidBody
INFORMATION: Created 146706ff520.
Sept. 13, 2026 12:42:06 AM com.jme3.bullet.objects.PhysicsRigidBody rebuildRigidBody
INFORMATION: Created 146706ffeb0.
Sept. 13, 2026 12:42:06 AM com.jme3.bullet.objects.PhysicsRigidBody rebuildRigidBody
INFORMATION: Created 146706fd210.
Sept. 13, 2026 12:42:06 AM com.jme3.bullet.objects.PhysicsRigidBody rebuildRigidBody
INFORMATION: Created 146707001e0.
Sept. 13, 2026 12:42:06 AM com.jme3.bullet.objects.PhysicsRigidBody rebuildRigidBody
INFORMATION: Created 146706fc550.
Sept. 13, 2026 12:42:06 AM com.jme3.bullet.objects.PhysicsRigidBody rebuildRigidBody
INFORMATION: Created 14670700510.
Sept. 13, 2026 12:42:06 AM com.jme3.bullet.objects.PhysicsRigidBody rebuildRigidBody
INFORMATION: Created 14670700840.
Sept. 13, 2026 12:42:06 AM com.jme3.bullet.objects.PhysicsRigidBody rebuildRigidBody
INFORMATION: Created 146706fcbb0.
Sept. 13, 2026 12:42:06 AM com.jme3.bullet.objects.PhysicsRigidBody rebuildRigidBody
INFORMATION: Created 14670700b70.
Sept. 13, 2026 12:42:06 AM com.jme3.bullet.objects.PhysicsRigidBody rebuildRigidBody
INFORMATION: Created 146706fcee0.
Sept. 13, 2026 12:42:06 AM com.jme3.bullet.objects.PhysicsRigidBody rebuildRigidBody
INFORMATION: Created 14670700ea0.
Sept. 13, 2026 12:42:06 AM com.jme3.bullet.objects.PhysicsRigidBody rebuildRigidBody
INFORMATION: Created 146707011d0.
Sept. 13, 2026 12:42:06 AM com.jme3.bullet.objects.PhysicsRigidBody rebuildRigidBody
INFORMATION: Created 146706fd540.
Sept. 13, 2026 12:42:06 AM com.jme3.bullet.objects.PhysicsRigidBody rebuildRigidBody
INFORMATION: Created 146706fd870.
Sept. 13, 2026 12:42:06 AM com.jme3.bullet.objects.PhysicsRigidBody rebuildRigidBody
INFORMATION: Created 14670701830.
Sept. 13, 2026 12:42:06 AM com.jme3.bullet.objects.PhysicsRigidBody rebuildRigidBody
INFORMATION: Created 14670705190.
Sept. 13, 2026 12:42:06 AM com.jme3.bullet.objects.PhysicsRigidBody rebuildRigidBody
INFORMATION: Created 146707034e0.
Sept. 13, 2026 12:42:06 AM com.jme3.bullet.objects.PhysicsRigidBody rebuildRigidBody
INFORMATION: Created 146707031b0.
Sept. 13, 2026 12:42:06 AM com.jme3.bullet.objects.PhysicsRigidBody rebuildRigidBody
INFORMATION: Created 14670704b30.
Sept. 13, 2026 12:42:06 AM com.jme3.bullet.objects.PhysicsRigidBody rebuildRigidBody
INFORMATION: Created 14670702b50.
Sept. 13, 2026 12:42:06 AM com.jme3.bullet.objects.PhysicsRigidBody rebuildRigidBody
INFORMATION: Created 14670701b60.
Sept. 13, 2026 12:42:06 AM com.jme3.bullet.objects.PhysicsRigidBody rebuildRigidBody
INFORMATION: Created 14670703b40.
Sept. 13, 2026 12:42:06 AM com.jme3.bullet.objects.PhysicsRigidBody rebuildRigidBody
INFORMATION: Created 146707044d0.
Sept. 13, 2026 12:42:06 AM com.jme3.bullet.objects.PhysicsRigidBody rebuildRigidBody
INFORMATION: Created 14670702e80.
Sept. 13, 2026 12:42:06 AM com.jme3.bullet.objects.PhysicsRigidBody rebuildRigidBody
INFORMATION: Created 146707021c0.
Sept. 13, 2026 12:42:06 AM com.jme3.bullet.objects.PhysicsRigidBody rebuildRigidBody
INFORMATION: Created 14670701e90.
Sept. 13, 2026 12:42:06 AM com.jme3.bullet.objects.PhysicsRigidBody rebuildRigidBody
INFORMATION: Created 14670703e70.
Sept. 13, 2026 12:42:06 AM com.jme3.bullet.objects.PhysicsRigidBody rebuildRigidBody
INFORMATION: Created 14670701500.
Sept. 13, 2026 12:42:06 AM com.jme3.bullet.objects.PhysicsRigidBody rebuildRigidBody
INFORMATION: Created 14670704800.
Sept. 13, 2026 12:42:06 AM com.jme3.bullet.objects.PhysicsRigidBody rebuildRigidBody
INFORMATION: Created 14670704e60.
Sept. 13, 2026 12:42:06 AM com.jme3.bullet.objects.PhysicsRigidBody rebuildRigidBody
INFORMATION: Created 146707057f0.
Sept. 13, 2026 12:42:06 AM com.jme3.bullet.objects.PhysicsRigidBody rebuildRigidBody
INFORMATION: Created 14670705e50.
Sept. 13, 2026 12:42:06 AM com.jme3.bullet.objects.PhysicsRigidBody rebuildRigidBody
INFORMATION: Created 146707041a0.
Sept. 13, 2026 12:42:06 AM com.jme3.bullet.objects.PhysicsRigidBody rebuildRigidBody
INFORMATION: Created 146707054c0.
Sept. 13, 2026 12:42:06 AM com.jme3.bullet.objects.PhysicsRigidBody rebuildRigidBody
INFORMATION: Created 14670706180.
Sept. 13, 2026 12:42:06 AM com.jme3.bullet.objects.PhysicsRigidBody rebuildRigidBody
INFORMATION: Created 14670705b20.
Sept. 13, 2026 12:42:06 AM com.jme3.bullet.objects.PhysicsRigidBody rebuildRigidBody
INFORMATION: Created 146707024f0.
Sept. 13, 2026 12:42:06 AM com.jme3.bullet.objects.PhysicsRigidBody rebuildRigidBody
INFORMATION: Created 14670703810.
Sept. 13, 2026 12:42:06 AM com.jme3.bullet.objects.PhysicsRigidBody rebuildRigidBody
INFORMATION: Created 146707064b0.
Sept. 13, 2026 12:42:06 AM com.jme3.bullet.objects.PhysicsRigidBody rebuildRigidBody
INFORMATION: Created 14670702820.
Sept. 13, 2026 12:42:06 AM com.jme3.bullet.objects.PhysicsRigidBody rebuildRigidBody
INFORMATION: Created 14670707e30.
Sept. 13, 2026 12:42:06 AM com.jme3.bullet.objects.PhysicsRigidBody rebuildRigidBody
INFORMATION: Created 14670707b00.
Sept. 13, 2026 12:42:06 AM com.jme3.bullet.objects.PhysicsRigidBody rebuildRigidBody
INFORMATION: Created 14670706e40.
Sept. 13, 2026 12:42:06 AM com.jme3.bullet.objects.PhysicsRigidBody rebuildRigidBody
INFORMATION: Created 14670708160.
Sept. 13, 2026 12:42:06 AM com.jme3.bullet.objects.PhysicsRigidBody rebuildRigidBody
INFORMATION: Created 146707067e0.
Sept. 13, 2026 12:42:06 AM com.jme3.bullet.objects.PhysicsRigidBody rebuildRigidBody
INFORMATION: Created 146707077d0.
Sept. 13, 2026 12:42:06 AM com.jme3.bullet.objects.PhysicsRigidBody rebuildRigidBody
INFORMATION: Created 14670706b10.
Sept. 13, 2026 12:42:06 AM com.jme3.bullet.objects.PhysicsRigidBody rebuildRigidBody
INFORMATION: Created 14670707170.
Sept. 13, 2026 12:42:06 AM com.jme3.bullet.objects.PhysicsRigidBody rebuildRigidBody
INFORMATION: Created 146707074a0.
Sept. 13, 2026 12:42:06 AM com.jme3.bullet.objects.PhysicsRigidBody rebuildRigidBody
INFORMATION: Created 1466c0628d0.
Sept. 13, 2026 12:42:06 AM com.jme3.bullet.objects.PhysicsRigidBody rebuildRigidBody
INFORMATION: Created 1466c0608f0.
Sept. 13, 2026 12:42:06 AM com.jme3.bullet.objects.PhysicsRigidBody rebuildRigidBody
INFORMATION: Created 1466c060f50.
Sept. 13, 2026 12:42:06 AM com.jme3.bullet.objects.PhysicsRigidBody rebuildRigidBody
INFORMATION: Created 1466c0618e0.
Sept. 13, 2026 12:42:06 AM com.jme3.bullet.objects.PhysicsRigidBody rebuildRigidBody
INFORMATION: Created 1466c060c20.
Sept. 13, 2026 12:42:06 AM com.jme3.bullet.objects.PhysicsRigidBody rebuildRigidBody
INFORMATION: Created 1466c061280.
Sept. 13, 2026 12:42:06 AM com.jme3.bullet.objects.PhysicsRigidBody rebuildRigidBody
INFORMATION: Created 1466c062270.
Sept. 13, 2026 12:42:06 AM com.jme3.bullet.objects.PhysicsRigidBody rebuildRigidBody
INFORMATION: Created 1466c05ef70.
Sept. 13, 2026 12:42:06 AM com.jme3.bullet.objects.PhysicsRigidBody rebuildRigidBody
INFORMATION: Created 1466c0615b0.
Sept. 13, 2026 12:42:06 AM com.jme3.bullet.objects.PhysicsRigidBody rebuildRigidBody
INFORMATION: Created 1466c0625a0.
Sept. 13, 2026 12:42:06 AM com.jme3.bullet.objects.PhysicsRigidBody rebuildRigidBody
INFORMATION: Created 1466c05fc30.
Sept. 13, 2026 12:42:06 AM com.jme3.bullet.objects.PhysicsRigidBody rebuildRigidBody
INFORMATION: Created 1466c05ff60.
Sept. 13, 2026 12:42:06 AM com.jme3.bullet.objects.PhysicsRigidBody rebuildRigidBody
INFORMATION: Created 1466c062c00.
Sept. 13, 2026 12:42:06 AM com.jme3.bullet.objects.PhysicsRigidBody rebuildRigidBody
INFORMATION: Created 1466c062f30.
Sept. 13, 2026 12:42:06 AM com.jme3.bullet.objects.PhysicsRigidBody rebuildRigidBody
INFORMATION: Created 1466c061c10.
Sept. 13, 2026 12:42:06 AM com.jme3.bullet.objects.PhysicsRigidBody rebuildRigidBody
INFORMATION: Created 1466c05f2a0.
Sept. 13, 2026 12:42:06 AM com.jme3.bullet.objects.PhysicsRigidBody rebuildRigidBody
INFORMATION: Created 1466c063590.
Sept. 13, 2026 12:42:06 AM com.jme3.bullet.objects.PhysicsRigidBody rebuildRigidBody
INFORMATION: Created 1466c065240.
Sept. 13, 2026 12:42:06 AM com.jme3.bullet.objects.PhysicsRigidBody rebuildRigidBody
INFORMATION: Created 1466c064580.
Sept. 13, 2026 12:42:06 AM com.jme3.bullet.objects.PhysicsRigidBody rebuildRigidBody
INFORMATION: Created 1466c063bf0.
Sept. 13, 2026 12:42:06 AM com.jme3.bullet.objects.PhysicsRigidBody rebuildRigidBody
INFORMATION: Created 1466c0648b0.
Sept. 13, 2026 12:42:06 AM com.jme3.bullet.objects.PhysicsRigidBody rebuildRigidBody
INFORMATION: Created 1466c064be0.
[GAME] Das Kettenverlies
Sept. 13, 2026 12:42:06 AM com.jme3.anim.SkinningControl controlRender
INFORMATION: Hardware skinning engaged for Scene (Node)
Sept. 13, 2026 12:42:06 AM com.jme3.anim.SkinningControl controlRender
INFORMATION: Hardware skinning engaged for Scene (Node)
Sept. 13, 2026 12:42:06 AM com.jme3.anim.SkinningControl controlRender
INFORMATION: Hardware skinning engaged for Scene (Node)
Sept. 13, 2026 12:42:06 AM com.jme3.anim.SkinningControl controlRender
INFORMATION: Hardware skinning engaged for Scene (Node)
Sept. 13, 2026 12:42:06 AM com.jme3.anim.SkinningControl controlRender
INFORMATION: Hardware skinning engaged for Scene (Node)
Sept. 13, 2026 12:42:06 AM com.jme3.anim.SkinningControl controlRender
INFORMATION: Hardware skinning engaged for Scene (Node)
Sept. 13, 2026 12:42:06 AM com.jme3.anim.SkinningControl controlRender
INFORMATION: Hardware skinning engaged for Scene (Node)
[SMOKE] stage 20
[CHECK] Both seals unlock prison
[GAME] Goblin besiegt  +35 EP  +8 Gold
[GAME] Ork-Brecher besiegt  +70 EP  +13 Gold
[GAME] Ork-Brecher besiegt  +70 EP  +13 Gold
[GAME] Ork-Brecher besiegt  +70 EP  +13 Gold
[GAME] Aschenrufer besiegt  +65 EP  +23 Gold
[GAME] Eiserner Wächter besiegt  +115 EP  +18 Gold
[GAME] Eiserner Wächter besiegt  +115 EP  +18 Gold
[GAME] STUFE 7  -  Fähigkeitspunkt erhalten [K]
[GAME] Eiserner Wächter besiegt  +115 EP  +18 Gold
[GAME] Schlüssel des Kerkermeisters erhalten.
[GAME] Auftrag erfüllt: Der letzte Kerkermeister  +160 EP
[GAME] Die Gefangenen sind frei. Der König verliert 20% seiner Lebenskraft.
[GAME] Auftrag erfüllt: Der Preis der Freiheit  +180 EP
[CHECK] Prisoner branch
[CHECK] Keeper drops key
Sept. 13, 2026 12:42:08 AM com.jme3.bullet.objects.PhysicsRigidBody rebuildRigidBody
INFORMATION: Created 1466c063260.
Sept. 13, 2026 12:42:08 AM com.jme3.bullet.objects.PhysicsRigidBody rebuildRigidBody
INFORMATION: Created 1466c063f20.
Sept. 13, 2026 12:42:08 AM com.jme3.bullet.objects.PhysicsRigidBody rebuildRigidBody
INFORMATION: Created 1466c0638c0.
Sept. 13, 2026 12:42:08 AM com.jme3.bullet.objects.PhysicsRigidBody rebuildRigidBody
INFORMATION: Created 1466c065570.
Sept. 13, 2026 12:42:08 AM com.jme3.bullet.objects.PhysicsRigidBody rebuildRigidBody
INFORMATION: Created 1466c064f10.
Sept. 13, 2026 12:42:08 AM com.jme3.bullet.objects.PhysicsRigidBody rebuildRigidBody
INFORMATION: Created 1466c0658a0.
Sept. 13, 2026 12:42:08 AM com.jme3.bullet.objects.PhysicsRigidBody rebuildRigidBody
INFORMATION: Created 1466c064250.
Sept. 13, 2026 12:42:08 AM com.jme3.bullet.objects.PhysicsRigidBody rebuildRigidBody
INFORMATION: Created 1466c065bd0.
Sept. 13, 2026 12:42:08 AM com.jme3.bullet.objects.PhysicsRigidBody rebuildRigidBody
INFORMATION: Created 1466c061f40.
Sept. 13, 2026 12:42:08 AM com.jme3.bullet.objects.PhysicsRigidBody rebuildRigidBody
INFORMATION: Created 1466c068ed0.
Sept. 13, 2026 12:42:08 AM com.jme3.bullet.objects.PhysicsRigidBody rebuildRigidBody
INFORMATION: Created 1466c068870.
Sept. 13, 2026 12:42:08 AM com.jme3.bullet.objects.PhysicsRigidBody rebuildRigidBody
INFORMATION: Created 1466c067880.
Sept. 13, 2026 12:42:08 AM com.jme3.bullet.objects.PhysicsRigidBody rebuildRigidBody
INFORMATION: Created 1466c069200.
Sept. 13, 2026 12:42:08 AM com.jme3.bullet.objects.PhysicsRigidBody rebuildRigidBody
INFORMATION: Created 1466c067220.
Sept. 13, 2026 12:42:08 AM com.jme3.bullet.objects.PhysicsRigidBody rebuildRigidBody
INFORMATION: Created 1466c066230.
Sept. 13, 2026 12:42:08 AM com.jme3.bullet.objects.PhysicsRigidBody rebuildRigidBody
INFORMATION: Created 1466c066560.
Sept. 13, 2026 12:42:08 AM com.jme3.bullet.objects.PhysicsRigidBody rebuildRigidBody
INFORMATION: Created 1466c066ef0.
Sept. 13, 2026 12:42:08 AM com.jme3.bullet.objects.PhysicsRigidBody rebuildRigidBody
INFORMATION: Created 1466c067550.
Sept. 13, 2026 12:42:08 AM com.jme3.bullet.objects.PhysicsRigidBody rebuildRigidBody
INFORMATION: Created 1466c067bb0.
Sept. 13, 2026 12:42:08 AM com.jme3.bullet.objects.PhysicsRigidBody rebuildRigidBody
INFORMATION: Created 1466c069b90.
Sept. 13, 2026 12:42:08 AM com.jme3.bullet.objects.PhysicsRigidBody rebuildRigidBody
INFORMATION: Created 1466c067ee0.
Sept. 13, 2026 12:42:08 AM com.jme3.bullet.objects.PhysicsRigidBody rebuildRigidBody
INFORMATION: Created 1466c065f00.
Sept. 13, 2026 12:42:08 AM com.jme3.bullet.objects.PhysicsRigidBody rebuildRigidBody
INFORMATION: Created 1466c068ba0.
Sept. 13, 2026 12:42:08 AM com.jme3.bullet.objects.PhysicsRigidBody rebuildRigidBody
INFORMATION: Created 1466c069530.
Sept. 13, 2026 12:42:08 AM com.jme3.bullet.objects.PhysicsRigidBody rebuildRigidBody
INFORMATION: Created 1466c069860.
Sept. 13, 2026 12:42:08 AM com.jme3.bullet.objects.PhysicsRigidBody rebuildRigidBody
INFORMATION: Created 1466c069ec0.
Sept. 13, 2026 12:42:08 AM com.jme3.bullet.objects.PhysicsRigidBody rebuildRigidBody
INFORMATION: Created 1466c066bc0.
Sept. 13, 2026 12:42:08 AM com.jme3.bullet.objects.PhysicsRigidBody rebuildRigidBody
INFORMATION: Created 1466c06a1f0.
Sept. 13, 2026 12:42:08 AM com.jme3.bullet.objects.PhysicsRigidBody rebuildRigidBody
INFORMATION: Created 1466c066890.
Sept. 13, 2026 12:42:08 AM com.jme3.bullet.objects.PhysicsRigidBody rebuildRigidBody
INFORMATION: Created 1466c06a520.
Sept. 13, 2026 12:42:08 AM com.jme3.bullet.objects.PhysicsRigidBody rebuildRigidBody
INFORMATION: Created 1466c068210.
Sept. 13, 2026 12:42:08 AM com.jme3.bullet.objects.PhysicsRigidBody rebuildRigidBody
INFORMATION: Created 1466c06a850.
Sept. 13, 2026 12:42:08 AM com.jme3.bullet.objects.PhysicsRigidBody rebuildRigidBody
INFORMATION: Created 1466c06ab80.
Sept. 13, 2026 12:42:08 AM com.jme3.bullet.objects.PhysicsRigidBody rebuildRigidBody
INFORMATION: Created 1466c06aeb0.
Sept. 13, 2026 12:42:08 AM com.jme3.bullet.objects.PhysicsRigidBody rebuildRigidBody
INFORMATION: Created 1466c068540.
Sept. 13, 2026 12:42:08 AM com.jme3.bullet.objects.PhysicsRigidBody rebuildRigidBody
INFORMATION: Created 1466c06b1e0.
Sept. 13, 2026 12:42:08 AM com.jme3.bullet.objects.PhysicsRigidBody rebuildRigidBody
INFORMATION: Created 1466c06c500.
Sept. 13, 2026 12:42:08 AM com.jme3.bullet.objects.PhysicsRigidBody rebuildRigidBody
INFORMATION: Created 1466c06f4d0.
Sept. 13, 2026 12:42:08 AM com.jme3.bullet.objects.PhysicsRigidBody rebuildRigidBody
INFORMATION: Created 1466c06d1c0.
Sept. 13, 2026 12:42:08 AM com.jme3.bullet.objects.PhysicsRigidBody rebuildRigidBody
INFORMATION: Created 1466c06ee70.
Sept. 13, 2026 12:42:08 AM com.jme3.bullet.objects.PhysicsRigidBody rebuildRigidBody
INFORMATION: Created 1466c06b840.
Sept. 13, 2026 12:42:08 AM com.jme3.bullet.objects.PhysicsRigidBody rebuildRigidBody
INFORMATION: Created 1466c06d4f0.
Sept. 13, 2026 12:42:08 AM com.jme3.bullet.objects.PhysicsRigidBody rebuildRigidBody
INFORMATION: Created 1466c06e1b0.
Sept. 13, 2026 12:42:08 AM com.jme3.bullet.objects.PhysicsRigidBody rebuildRigidBody
INFORMATION: Created 1466c06f800.
Sept. 13, 2026 12:42:08 AM com.jme3.bullet.objects.PhysicsRigidBody rebuildRigidBody
INFORMATION: Created 1466c06bb70.
Sept. 13, 2026 12:42:08 AM com.jme3.bullet.objects.PhysicsRigidBody rebuildRigidBody
INFORMATION: Created 1466c070b20.
Sept. 13, 2026 12:42:08 AM com.jme3.bullet.objects.PhysicsRigidBody rebuildRigidBody
INFORMATION: Created 1466c0714b0.
Sept. 13, 2026 12:42:08 AM com.jme3.bullet.objects.PhysicsRigidBody rebuildRigidBody
INFORMATION: Created 1466c072b00.
Sept. 13, 2026 12:42:08 AM com.jme3.bullet.objects.PhysicsRigidBody rebuildRigidBody
INFORMATION: Created 1466c070e50.
Sept. 13, 2026 12:42:08 AM com.jme3.bullet.objects.PhysicsRigidBody rebuildRigidBody
INFORMATION: Created 1466c071b10.
Sept. 13, 2026 12:42:08 AM com.jme3.bullet.objects.PhysicsRigidBody rebuildRigidBody
INFORMATION: Created 1466c0717e0.
Sept. 13, 2026 12:42:08 AM com.jme3.bullet.objects.PhysicsRigidBody rebuildRigidBody
INFORMATION: Created 1466c0727d0.
Sept. 13, 2026 12:42:08 AM com.jme3.bullet.objects.PhysicsRigidBody rebuildRigidBody
INFORMATION: Created 1466c071e40.
Sept. 13, 2026 12:42:08 AM com.jme3.bullet.objects.PhysicsRigidBody rebuildRigidBody
INFORMATION: Created 1466c073490.
Sept. 13, 2026 12:42:08 AM com.jme3.bullet.objects.PhysicsRigidBody rebuildRigidBody
INFORMATION: Created 1466c0704c0.
Sept. 13, 2026 12:42:08 AM com.jme3.bullet.objects.PhysicsRigidBody rebuildRigidBody
INFORMATION: Created 1466c0707f0.
Sept. 13, 2026 12:42:08 AM com.jme3.bullet.objects.PhysicsRigidBody rebuildRigidBody
INFORMATION: Created 1466c06fe60.
Sept. 13, 2026 12:42:08 AM com.jme3.bullet.objects.PhysicsRigidBody rebuildRigidBody
INFORMATION: Created 1466c072e30.
Sept. 13, 2026 12:42:08 AM com.jme3.bullet.objects.PhysicsRigidBody rebuildRigidBody
INFORMATION: Created 1466c071180.
Sept. 13, 2026 12:42:08 AM com.jme3.bullet.objects.PhysicsRigidBody rebuildRigidBody
INFORMATION: Created 1466c072170.
Sept. 13, 2026 12:42:08 AM com.jme3.bullet.objects.PhysicsRigidBody rebuildRigidBody
INFORMATION: Created 1466c0724a0.
Sept. 13, 2026 12:42:08 AM com.jme3.bullet.objects.PhysicsRigidBody rebuildRigidBody
INFORMATION: Created 1466c073160.
Sept. 13, 2026 12:42:08 AM com.jme3.bullet.objects.PhysicsRigidBody rebuildRigidBody
INFORMATION: Created 1466c0737c0.
Sept. 13, 2026 12:42:08 AM com.jme3.bullet.objects.PhysicsRigidBody rebuildRigidBody
INFORMATION: Created 1466c06fb30.
Sept. 13, 2026 12:42:08 AM com.jme3.bullet.objects.PhysicsRigidBody rebuildRigidBody
INFORMATION: Created 1466c073af0.
Sept. 13, 2026 12:42:08 AM com.jme3.bullet.objects.PhysicsRigidBody rebuildRigidBody
INFORMATION: Created 1466c073e20.
Sept. 13, 2026 12:42:08 AM com.jme3.bullet.objects.PhysicsRigidBody rebuildRigidBody
INFORMATION: Created 1466c070190.
Sept. 13, 2026 12:42:08 AM com.jme3.bullet.objects.PhysicsRigidBody rebuildRigidBody
INFORMATION: Created 1466c076460.
Sept. 13, 2026 12:42:08 AM com.jme3.bullet.objects.PhysicsRigidBody rebuildRigidBody
INFORMATION: Created 1466c074480.
Sept. 13, 2026 12:42:08 AM com.jme3.bullet.objects.PhysicsRigidBody rebuildRigidBody
INFORMATION: Created 1466c076790.
Sept. 13, 2026 12:42:08 AM com.jme3.bullet.objects.PhysicsRigidBody rebuildRigidBody
INFORMATION: Created 1466c077780.
Sept. 13, 2026 12:42:08 AM com.jme3.bullet.objects.PhysicsRigidBody rebuildRigidBody
INFORMATION: Created 1466c076ac0.
Sept. 13, 2026 12:42:08 AM com.jme3.bullet.objects.PhysicsRigidBody rebuildRigidBody
INFORMATION: Created 1466c076df0.
Sept. 13, 2026 12:42:08 AM com.jme3.bullet.objects.PhysicsRigidBody rebuildRigidBody
INFORMATION: Created 1466c074ae0.
Sept. 13, 2026 12:42:08 AM com.jme3.bullet.objects.PhysicsRigidBody rebuildRigidBody
INFORMATION: Created 1466c077de0.
Sept. 13, 2026 12:42:08 AM com.jme3.bullet.objects.PhysicsRigidBody rebuildRigidBody
INFORMATION: Created 1466c077450.
Sept. 13, 2026 12:42:08 AM com.jme3.bullet.objects.PhysicsRigidBody rebuildRigidBody
INFORMATION: Created 1466c077120.
Sept. 13, 2026 12:42:08 AM com.jme3.bullet.objects.PhysicsRigidBody rebuildRigidBody
INFORMATION: Created 1466c077ab0.
Sept. 13, 2026 12:42:08 AM com.jme3.bullet.objects.PhysicsRigidBody rebuildRigidBody
INFORMATION: Created 1466c075470.
Sept. 13, 2026 12:42:08 AM com.jme3.bullet.objects.PhysicsRigidBody rebuildRigidBody
INFORMATION: Created 1466c074150.
Sept. 13, 2026 12:42:08 AM com.jme3.bullet.objects.PhysicsRigidBody rebuildRigidBody
INFORMATION: Created 1466c0747b0.
Sept. 13, 2026 12:42:08 AM com.jme3.bullet.objects.PhysicsRigidBody rebuildRigidBody
INFORMATION: Created 1466c0757a0.
Sept. 13, 2026 12:42:08 AM com.jme3.bullet.objects.PhysicsRigidBody rebuildRigidBody
INFORMATION: Created 1466c074e10.
Sept. 13, 2026 12:42:08 AM com.jme3.bullet.objects.PhysicsRigidBody rebuildRigidBody
INFORMATION: Created 1466c075140.
Sept. 13, 2026 12:42:08 AM com.jme3.bullet.objects.PhysicsRigidBody rebuildRigidBody
INFORMATION: Created 1466c075ad0.
Sept. 13, 2026 12:42:08 AM com.jme3.bullet.objects.PhysicsRigidBody rebuildRigidBody
INFORMATION: Created 1466c075e00.
Sept. 13, 2026 12:42:08 AM com.jme3.bullet.objects.PhysicsRigidBody rebuildRigidBody
INFORMATION: Created 1466c076130.
Sept. 13, 2026 12:42:08 AM com.jme3.bullet.objects.PhysicsRigidBody rebuildRigidBody
INFORMATION: Created 1466c07a420.
Sept. 13, 2026 12:42:08 AM com.jme3.bullet.objects.PhysicsRigidBody rebuildRigidBody
INFORMATION: Created 1466c07aa80.
Sept. 13, 2026 12:42:08 AM com.jme3.bullet.objects.PhysicsRigidBody rebuildRigidBody
INFORMATION: Created 1466c07b0e0.
Sept. 13, 2026 12:42:08 AM com.jme3.bullet.objects.PhysicsRigidBody rebuildRigidBody
INFORMATION: Created 1466c07adb0.
Sept. 13, 2026 12:42:08 AM com.jme3.bullet.objects.PhysicsRigidBody rebuildRigidBody
INFORMATION: Created 1466c078440.
Sept. 13, 2026 12:42:08 AM com.jme3.bullet.objects.PhysicsRigidBody rebuildRigidBody
INFORMATION: Created 1466c07b410.
Sept. 13, 2026 12:42:08 AM com.jme3.bullet.objects.PhysicsRigidBody rebuildRigidBody
INFORMATION: Created 1466c079760.
Sept. 13, 2026 12:42:08 AM com.jme3.bullet.objects.PhysicsRigidBody rebuildRigidBody
INFORMATION: Created 1466c07bda0.
Sept. 13, 2026 12:42:08 AM com.jme3.bullet.objects.PhysicsRigidBody rebuildRigidBody
INFORMATION: Created 1466c07b740.
Sept. 13, 2026 12:42:08 AM com.jme3.bullet.objects.PhysicsRigidBody rebuildRigidBody
INFORMATION: Created 1466c078dd0.
[GAME] Der Aschenthron
Sept. 13, 2026 12:42:09 AM com.jme3.anim.SkinningControl controlRender
INFORMATION: Hardware skinning engaged for Scene (Node)
Sept. 13, 2026 12:42:09 AM com.jme3.anim.SkinningControl controlRender
INFORMATION: Hardware skinning engaged for Scene (Node)
Sept. 13, 2026 12:42:09 AM com.jme3.anim.SkinningControl controlRender
INFORMATION: Hardware skinning engaged for Scene (Node)
Sept. 13, 2026 12:42:09 AM com.jme3.anim.SkinningControl controlRender
INFORMATION: Hardware skinning engaged for Scene (Node)
[SMOKE] stage 21
[CHECK] Keeper key opens throne
[CHECK] Prisoner rescue weakens boss
[GAME] Ork-Brecher besiegt  +70 EP  +13 Gold
[GAME] Aschenrufer besiegt  +65 EP  +23 Gold
[GAME] STUFE 8  -  Fähigkeitspunkt erhalten [K]
[GAME] Auftrag erfüllt: Erinnerung an die Fünf  +220 EP
[GAME] ORK-KÖNIG  -  PHASE 2  |  Die Erde bebt
[SMOKE] stage 22
[CHECK] Boss enters second phase
[CHECK] Death clip runs once and holds
[CHECK] Dead enemy lies on the floor
[CHECK] Death clip runs once and holds
[CHECK] Dead enemy lies on the floor
[GAME] ORK-KÖNIG  -  PHASE 3  |  Die Krone brennt
[SMOKE] stage 23
[CHECK] Boss enters third phase
[GAME] Ork-König besiegt  +500 EP  +100 Gold
[GAME] Die Krone faellt. Dein Urteil steht noch aus.
[GAME] Auftrag erfüllt: Unter einer Aschenkrone  +500 EP
[GAME] Stufe 9 erreicht! K: Fähigkeiten verbessern.
[SMOKE] stage 24
[CHECK] Boss death unlocks epilogue
[GAME] Auftrag erfüllt: Was vom Feuer bleibt  +0 EP
[CHECK] Seal ending
[CHECK] All ten quests can be completed
[SMOKE] stage 25
[CHECK] Alternative crown ending
[SMOKE] stage 26
Sept. 13, 2026 12:42:23 AM com.jme3.bullet.objects.PhysicsRigidBody rebuildRigidBody
INFORMATION: Created 146706e4d30.
Sept. 13, 2026 12:42:23 AM com.jme3.bullet.objects.PhysicsRigidBody rebuildRigidBody
INFORMATION: Created 146706e2090.
Sept. 13, 2026 12:42:23 AM com.jme3.bullet.objects.PhysicsRigidBody rebuildRigidBody
INFORMATION: Created 146706e5390.
Sept. 13, 2026 12:42:23 AM com.jme3.bullet.objects.PhysicsRigidBody rebuildRigidBody
INFORMATION: Created 146706e5d20.
Sept. 13, 2026 12:42:23 AM com.jme3.bullet.objects.PhysicsRigidBody rebuildRigidBody
INFORMATION: Created 146706e36e0.
Sept. 13, 2026 12:42:23 AM com.jme3.bullet.objects.PhysicsRigidBody rebuildRigidBody
INFORMATION: Created 146706e33b0.
Sept. 13, 2026 12:42:23 AM com.jme3.bullet.objects.PhysicsRigidBody rebuildRigidBody
INFORMATION: Created 146706e4070.
Sept. 13, 2026 12:42:23 AM com.jme3.bullet.objects.PhysicsRigidBody rebuildRigidBody
INFORMATION: Created 146706e26f0.
Sept. 13, 2026 12:42:23 AM com.jme3.bullet.objects.PhysicsRigidBody rebuildRigidBody
INFORMATION: Created 146706e43a0.
Sept. 13, 2026 12:42:23 AM com.jme3.bullet.objects.PhysicsRigidBody rebuildRigidBody
INFORMATION: Created 146706e2a20.
Sept. 13, 2026 12:42:23 AM com.jme3.bullet.objects.PhysicsRigidBody rebuildRigidBody
INFORMATION: Created 146706e56c0.
Sept. 13, 2026 12:42:23 AM com.jme3.bullet.objects.PhysicsRigidBody rebuildRigidBody
INFORMATION: Created 146706e3a10.
Sept. 13, 2026 12:42:23 AM com.jme3.bullet.objects.PhysicsRigidBody rebuildRigidBody
INFORMATION: Created 146706e6050.
Sept. 13, 2026 12:42:23 AM com.jme3.bullet.objects.PhysicsRigidBody rebuildRigidBody
INFORMATION: Created 146706e46d0.
Sept. 13, 2026 12:42:23 AM com.jme3.bullet.objects.PhysicsRigidBody rebuildRigidBody
INFORMATION: Created 146706e2d50.
Sept. 13, 2026 12:42:23 AM com.jme3.bullet.objects.PhysicsRigidBody rebuildRigidBody
INFORMATION: Created 146706e3d40.
Sept. 13, 2026 12:42:23 AM com.jme3.bullet.objects.PhysicsRigidBody rebuildRigidBody
INFORMATION: Created 146706e4a00.
Sept. 13, 2026 12:42:23 AM com.jme3.bullet.objects.PhysicsRigidBody rebuildRigidBody
INFORMATION: Created 146706e23c0.
Sept. 13, 2026 12:42:23 AM com.jme3.bullet.objects.PhysicsRigidBody rebuildRigidBody
INFORMATION: Created 146706e6380.
Sept. 13, 2026 12:42:23 AM com.jme3.bullet.objects.PhysicsRigidBody rebuildRigidBody
INFORMATION: Created 146706e5060.
Sept. 13, 2026 12:42:23 AM com.jme3.bullet.objects.PhysicsRigidBody rebuildRigidBody
INFORMATION: Created 146706e59f0.
Sept. 13, 2026 12:42:23 AM com.jme3.bullet.objects.PhysicsRigidBody rebuildRigidBody
INFORMATION: Created 146706e66b0.
Sept. 13, 2026 12:42:23 AM com.jme3.bullet.objects.PhysicsRigidBody rebuildRigidBody
INFORMATION: Created 146706e69e0.
Sept. 13, 2026 12:42:23 AM com.jme3.bullet.objects.PhysicsRigidBody rebuildRigidBody
INFORMATION: Created 146706e6d10.
Sept. 13, 2026 12:42:23 AM com.jme3.bullet.objects.PhysicsRigidBody rebuildRigidBody
INFORMATION: Created 146706e3080.
Sept. 13, 2026 12:42:23 AM com.jme3.bullet.objects.PhysicsRigidBody rebuildRigidBody
INFORMATION: Created 146706ea340.
Sept. 13, 2026 12:42:23 AM com.jme3.bullet.objects.PhysicsRigidBody rebuildRigidBody
INFORMATION: Created 146706e9350.
Sept. 13, 2026 12:42:23 AM com.jme3.bullet.objects.PhysicsRigidBody rebuildRigidBody
INFORMATION: Created 146706e8cf0.
Sept. 13, 2026 12:42:23 AM com.jme3.bullet.objects.PhysicsRigidBody rebuildRigidBody
INFORMATION: Created 146706e9ce0.
Sept. 13, 2026 12:42:23 AM com.jme3.bullet.objects.PhysicsRigidBody rebuildRigidBody
INFORMATION: Created 146706e9680.
Sept. 13, 2026 12:42:23 AM com.jme3.bullet.objects.PhysicsRigidBody rebuildRigidBody
INFORMATION: Created 146706e7040.
Sept. 13, 2026 12:42:23 AM com.jme3.bullet.objects.PhysicsRigidBody rebuildRigidBody
INFORMATION: Created 146706eacd0.
Sept. 13, 2026 12:42:23 AM com.jme3.bullet.objects.PhysicsRigidBody rebuildRigidBody
INFORMATION: Created 146706e99b0.
Sept. 13, 2026 12:42:23 AM com.jme3.bullet.objects.PhysicsRigidBody rebuildRigidBody
INFORMATION: Created 146706ea9a0.
Sept. 13, 2026 12:42:23 AM com.jme3.bullet.objects.PhysicsRigidBody rebuildRigidBody
INFORMATION: Created 146706ea010.
Sept. 13, 2026 12:42:23 AM com.jme3.bullet.objects.PhysicsRigidBody rebuildRigidBody
INFORMATION: Created 146706e8030.
Sept. 13, 2026 12:42:23 AM com.jme3.bullet.objects.PhysicsRigidBody rebuildRigidBody
INFORMATION: Created 146706ea670.
Sept. 13, 2026 12:42:23 AM com.jme3.bullet.objects.PhysicsRigidBody rebuildRigidBody
INFORMATION: Created 146706e8690.
Sept. 13, 2026 12:42:23 AM com.jme3.bullet.objects.PhysicsRigidBody rebuildRigidBody
INFORMATION: Created 146706e9020.
Sept. 13, 2026 12:42:23 AM com.jme3.bullet.objects.PhysicsRigidBody rebuildRigidBody
INFORMATION: Created 146706eb000.
Sept. 13, 2026 12:42:23 AM com.jme3.bullet.objects.PhysicsRigidBody rebuildRigidBody
INFORMATION: Created 146706e7370.
Sept. 13, 2026 12:42:23 AM com.jme3.bullet.objects.PhysicsRigidBody rebuildRigidBody
INFORMATION: Created 146706e8360.
Sept. 13, 2026 12:42:23 AM com.jme3.bullet.objects.PhysicsRigidBody rebuildRigidBody
INFORMATION: Created 146706eb330.
Sept. 13, 2026 12:42:23 AM com.jme3.bullet.objects.PhysicsRigidBody rebuildRigidBody
INFORMATION: Created 146706e76a0.
Sept. 13, 2026 12:42:23 AM com.jme3.bullet.objects.PhysicsRigidBody rebuildRigidBody
INFORMATION: Created 146706eb660.
Sept. 13, 2026 12:42:23 AM com.jme3.bullet.objects.PhysicsRigidBody rebuildRigidBody
INFORMATION: Created 146706e79d0.
Sept. 13, 2026 12:42:23 AM com.jme3.bullet.objects.PhysicsRigidBody rebuildRigidBody
INFORMATION: Created 146706e89c0.
Sept. 13, 2026 12:42:23 AM com.jme3.bullet.objects.PhysicsRigidBody rebuildRigidBody
INFORMATION: Created 146706eb990.
Sept. 13, 2026 12:42:23 AM com.jme3.bullet.objects.PhysicsRigidBody rebuildRigidBody
INFORMATION: Created 146706e7d00.
Sept. 13, 2026 12:42:23 AM com.jme3.bullet.objects.PhysicsRigidBody rebuildRigidBody
INFORMATION: Created 146706ee630.
Sept. 13, 2026 12:42:23 AM com.jme3.bullet.objects.PhysicsRigidBody rebuildRigidBody
INFORMATION: Created 146706eccb0.
Sept. 13, 2026 12:42:23 AM com.jme3.bullet.objects.PhysicsRigidBody rebuildRigidBody
INFORMATION: Created 146706ebff0.
Sept. 13, 2026 12:42:23 AM com.jme3.bullet.objects.PhysicsRigidBody rebuildRigidBody
INFORMATION: Created 146706ed640.
Sept. 13, 2026 12:42:23 AM com.jme3.bullet.objects.PhysicsRigidBody rebuildRigidBody
INFORMATION: Created 146706ec320.
Sept. 13, 2026 12:42:23 AM com.jme3.bullet.objects.PhysicsRigidBody rebuildRigidBody
INFORMATION: Created 146706ebcc0.
Sept. 13, 2026 12:42:23 AM com.jme3.bullet.objects.PhysicsRigidBody rebuildRigidBody
INFORMATION: Created 146706ed310.
Sept. 13, 2026 12:42:23 AM com.jme3.bullet.objects.PhysicsRigidBody rebuildRigidBody
INFORMATION: Created 146706ed970.
Sept. 13, 2026 12:42:23 AM com.jme3.bullet.objects.PhysicsRigidBody rebuildRigidBody
INFORMATION: Created 146706ecfe0.
Sept. 13, 2026 12:42:23 AM com.jme3.bullet.objects.PhysicsRigidBody rebuildRigidBody
INFORMATION: Created 146706ec650.
Sept. 13, 2026 12:42:23 AM com.jme3.bullet.objects.PhysicsRigidBody rebuildRigidBody
INFORMATION: Created 146706edca0.
Sept. 13, 2026 12:42:23 AM com.jme3.bullet.objects.PhysicsRigidBody rebuildRigidBody
INFORMATION: Created 146706ee300.
Sept. 13, 2026 12:42:23 AM com.jme3.bullet.objects.PhysicsRigidBody rebuildRigidBody
INFORMATION: Created 146706edfd0.
Sept. 13, 2026 12:42:23 AM com.jme3.bullet.objects.PhysicsRigidBody rebuildRigidBody
INFORMATION: Created 146706ec980.
Sept. 13, 2026 12:42:23 AM com.jme3.bullet.objects.PhysicsRigidBody rebuildRigidBody
INFORMATION: Created 146706ee960.
Sept. 13, 2026 12:42:23 AM com.jme3.bullet.objects.PhysicsRigidBody rebuildRigidBody
INFORMATION: Created 146706f1930.
Sept. 13, 2026 12:42:23 AM com.jme3.bullet.objects.PhysicsRigidBody rebuildRigidBody
INFORMATION: Created 146706f0fa0.
Sept. 13, 2026 12:42:23 AM com.jme3.bullet.objects.PhysicsRigidBody rebuildRigidBody
INFORMATION: Created 146706f12d0.
Sept. 13, 2026 12:42:23 AM com.jme3.bullet.objects.PhysicsRigidBody rebuildRigidBody
INFORMATION: Created 146706f22c0.
Sept. 13, 2026 12:42:23 AM com.jme3.bullet.objects.PhysicsRigidBody rebuildRigidBody
INFORMATION: Created 146706f02e0.
Sept. 13, 2026 12:42:23 AM com.jme3.bullet.objects.PhysicsRigidBody rebuildRigidBody
INFORMATION: Created 146706ef950.
Sept. 13, 2026 12:42:23 AM com.jme3.bullet.objects.PhysicsRigidBody rebuildRigidBody
INFORMATION: Created 146706f1f90.
Sept. 13, 2026 12:42:23 AM com.jme3.bullet.objects.PhysicsRigidBody rebuildRigidBody
INFORMATION: Created 146706f1600.
Sept. 13, 2026 12:42:23 AM com.jme3.bullet.objects.PhysicsRigidBody rebuildRigidBody
INFORMATION: Created 146706f1c60.
Sept. 13, 2026 12:42:23 AM com.jme3.bullet.objects.PhysicsRigidBody rebuildRigidBody
INFORMATION: Created 146706effb0.
Sept. 13, 2026 12:42:23 AM com.jme3.bullet.objects.PhysicsRigidBody rebuildRigidBody
INFORMATION: Created 146706f25f0.
Sept. 13, 2026 12:42:23 AM com.jme3.bullet.objects.PhysicsRigidBody rebuildRigidBody
INFORMATION: Created 146706eefc0.
Sept. 13, 2026 12:42:23 AM com.jme3.bullet.objects.PhysicsRigidBody rebuildRigidBody
INFORMATION: Created 146706ef620.
Sept. 13, 2026 12:42:23 AM com.jme3.bullet.objects.PhysicsRigidBody rebuildRigidBody
INFORMATION: Created 146706f2920.
Sept. 13, 2026 12:42:23 AM com.jme3.bullet.objects.PhysicsRigidBody rebuildRigidBody
INFORMATION: Created 146706f0940.
Sept. 13, 2026 12:42:23 AM com.jme3.bullet.objects.PhysicsRigidBody rebuildRigidBody
INFORMATION: Created 146706eec90.
Sept. 13, 2026 12:42:23 AM com.jme3.bullet.objects.PhysicsRigidBody rebuildRigidBody
INFORMATION: Created 146706f2c50.
Sept. 13, 2026 12:42:23 AM com.jme3.bullet.objects.PhysicsRigidBody rebuildRigidBody
INFORMATION: Created 146706ef2f0.
Sept. 13, 2026 12:42:23 AM com.jme3.bullet.objects.PhysicsRigidBody rebuildRigidBody
INFORMATION: Created 146706f35e0.
Sept. 13, 2026 12:42:23 AM com.jme3.bullet.objects.PhysicsRigidBody rebuildRigidBody
INFORMATION: Created 146706f2f80.
Sept. 13, 2026 12:42:23 AM com.jme3.bullet.objects.PhysicsRigidBody rebuildRigidBody
INFORMATION: Created 146706f32b0.
Sept. 13, 2026 12:42:23 AM com.jme3.bullet.objects.PhysicsRigidBody rebuildRigidBody
INFORMATION: Created 146706f3910.
Sept. 13, 2026 12:42:23 AM com.jme3.bullet.objects.PhysicsRigidBody rebuildRigidBody
INFORMATION: Created 146706f0c70.
Sept. 13, 2026 12:42:23 AM com.jme3.bullet.objects.PhysicsRigidBody rebuildRigidBody
INFORMATION: Created 146706efc80.
Sept. 13, 2026 12:42:23 AM com.jme3.bullet.objects.PhysicsRigidBody rebuildRigidBody
INFORMATION: Created 146706f3c40.
Sept. 13, 2026 12:42:23 AM com.jme3.bullet.objects.PhysicsRigidBody rebuildRigidBody
INFORMATION: Created 146706f3f70.
Sept. 13, 2026 12:42:23 AM com.jme3.bullet.objects.PhysicsRigidBody rebuildRigidBody
INFORMATION: Created 146706f42a0.
Sept. 13, 2026 12:42:23 AM com.jme3.bullet.objects.PhysicsRigidBody rebuildRigidBody
INFORMATION: Created 146706f0610.
Sept. 13, 2026 12:42:23 AM com.jme3.bullet.objects.PhysicsRigidBody rebuildRigidBody
INFORMATION: Created 146706f5290.
Sept. 13, 2026 12:42:23 AM com.jme3.bullet.objects.PhysicsRigidBody rebuildRigidBody
INFORMATION: Created 146706f6f40.
Sept. 13, 2026 12:42:23 AM com.jme3.bullet.objects.PhysicsRigidBody rebuildRigidBody
INFORMATION: Created 146706f6c10.
Sept. 13, 2026 12:42:23 AM com.jme3.bullet.objects.PhysicsRigidBody rebuildRigidBody
INFORMATION: Created 146706f78d0.
Sept. 13, 2026 12:42:23 AM com.jme3.bullet.objects.PhysicsRigidBody rebuildRigidBody
INFORMATION: Created 146706f65b0.
Sept. 13, 2026 12:42:23 AM com.jme3.bullet.objects.PhysicsRigidBody rebuildRigidBody
INFORMATION: Created 146706f4900.
Sept. 13, 2026 12:42:23 AM com.jme3.bullet.objects.PhysicsRigidBody rebuildRigidBody
INFORMATION: Created 146706f58f0.
Sept. 13, 2026 12:42:23 AM com.jme3.bullet.objects.PhysicsRigidBody rebuildRigidBody
INFORMATION: Created 146706f7270.
Sept. 13, 2026 12:42:23 AM com.jme3.bullet.objects.PhysicsRigidBody rebuildRigidBody
INFORMATION: Created 146706f8260.
Sept. 13, 2026 12:42:23 AM com.jme3.bullet.objects.PhysicsRigidBody rebuildRigidBody
INFORMATION: Created 146706f7c00.
Sept. 13, 2026 12:42:23 AM com.jme3.bullet.objects.PhysicsRigidBody rebuildRigidBody
INFORMATION: Created 146706f6280.
Sept. 13, 2026 12:42:23 AM com.jme3.bullet.objects.PhysicsRigidBody rebuildRigidBody
INFORMATION: Created 146706f55c0.
Sept. 13, 2026 12:42:23 AM com.jme3.bullet.objects.PhysicsRigidBody rebuildRigidBody
INFORMATION: Created 146706f4c30.
Sept. 13, 2026 12:42:23 AM com.jme3.bullet.objects.PhysicsRigidBody rebuildRigidBody
INFORMATION: Created 146706f7f30.
Sept. 13, 2026 12:42:23 AM com.jme3.bullet.objects.PhysicsRigidBody rebuildRigidBody
INFORMATION: Created 146706f4f60.
Sept. 13, 2026 12:42:23 AM com.jme3.bullet.objects.PhysicsRigidBody rebuildRigidBody
INFORMATION: Created 146706f5c20.
Sept. 13, 2026 12:42:23 AM com.jme3.bullet.objects.PhysicsRigidBody rebuildRigidBody
INFORMATION: Created 146706f75a0.
Sept. 13, 2026 12:42:23 AM com.jme3.bullet.objects.PhysicsRigidBody rebuildRigidBody
INFORMATION: Created 146706f5f50.
Sept. 13, 2026 12:42:23 AM com.jme3.bullet.objects.PhysicsRigidBody rebuildRigidBody
INFORMATION: Created 146706f45d0.
Sept. 13, 2026 12:42:23 AM com.jme3.bullet.objects.PhysicsRigidBody rebuildRigidBody
INFORMATION: Created 146706f9f10.
Sept. 13, 2026 12:42:23 AM com.jme3.bullet.objects.PhysicsRigidBody rebuildRigidBody
INFORMATION: Created 146706f8590.
Sept. 13, 2026 12:42:23 AM com.jme3.bullet.objects.PhysicsRigidBody rebuildRigidBody
INFORMATION: Created 146706f98b0.
Sept. 13, 2026 12:42:23 AM com.jme3.bullet.objects.PhysicsRigidBody rebuildRigidBody
INFORMATION: Created 146706fa570.
Sept. 13, 2026 12:42:23 AM com.jme3.bullet.objects.PhysicsRigidBody rebuildRigidBody
INFORMATION: Created 146706f88c0.
Sept. 13, 2026 12:42:23 AM com.jme3.bullet.objects.PhysicsRigidBody rebuildRigidBody
INFORMATION: Created 146706f8bf0.
Sept. 13, 2026 12:42:23 AM com.jme3.bullet.objects.PhysicsRigidBody rebuildRigidBody
INFORMATION: Created 146706f8f20.
Sept. 13, 2026 12:42:23 AM com.jme3.bullet.objects.PhysicsRigidBody rebuildRigidBody
INFORMATION: Created 146706f9250.
Sept. 13, 2026 12:42:23 AM com.jme3.bullet.objects.PhysicsRigidBody rebuildRigidBody
INFORMATION: Created 146706f9580.
Sept. 13, 2026 12:42:23 AM com.jme3.bullet.objects.PhysicsRigidBody rebuildRigidBody
INFORMATION: Created 146706f9be0.
Sept. 13, 2026 12:42:23 AM com.jme3.bullet.objects.PhysicsRigidBody rebuildRigidBody
INFORMATION: Created 146706fa240.
Sept. 13, 2026 12:42:23 AM com.jme3.bullet.objects.PhysicsRigidBody rebuildRigidBody
INFORMATION: Created 146706f68e0.
Sept. 13, 2026 12:42:23 AM com.jme3.bullet.objects.PhysicsRigidBody rebuildRigidBody
INFORMATION: Created 146706fa8a0.
Sept. 13, 2026 12:42:23 AM com.jme3.bullet.objects.PhysicsRigidBody rebuildRigidBody
INFORMATION: Created 146706fabd0.
Sept. 13, 2026 12:42:23 AM com.jme3.bullet.objects.PhysicsRigidBody rebuildRigidBody
INFORMATION: Created 146706faf00.
Sept. 13, 2026 12:42:23 AM com.jme3.bullet.objects.PhysicsRigidBody rebuildRigidBody
INFORMATION: Created 146706fb230.
Sept. 13, 2026 12:42:23 AM com.jme3.bullet.objects.PhysicsRigidBody rebuildRigidBody
INFORMATION: Created 146706fb560.
Sept. 13, 2026 12:42:23 AM com.jme3.bullet.objects.PhysicsRigidBody rebuildRigidBody
INFORMATION: Created 146706fc220.
Sept. 13, 2026 12:42:23 AM com.jme3.bullet.objects.PhysicsRigidBody rebuildRigidBody
INFORMATION: Created 146706fbbc0.
Sept. 13, 2026 12:42:23 AM com.jme3.bullet.objects.PhysicsRigidBody rebuildRigidBody
INFORMATION: Created 146706fcbb0.
Sept. 13, 2026 12:42:23 AM com.jme3.bullet.objects.PhysicsRigidBody rebuildRigidBody
INFORMATION: Created 146706ff1f0.
Sept. 13, 2026 12:42:23 AM com.jme3.bullet.objects.PhysicsRigidBody rebuildRigidBody
INFORMATION: Created 146706fcee0.
Sept. 13, 2026 12:42:23 AM com.jme3.bullet.objects.PhysicsRigidBody rebuildRigidBody
INFORMATION: Created 146706feec0.
Sept. 13, 2026 12:42:23 AM com.jme3.bullet.objects.PhysicsRigidBody rebuildRigidBody
INFORMATION: Created 146706feb90.
Sept. 13, 2026 12:42:23 AM com.jme3.bullet.objects.PhysicsRigidBody rebuildRigidBody
INFORMATION: Created 146706ffb80.
Sept. 13, 2026 12:42:23 AM com.jme3.bullet.objects.PhysicsRigidBody rebuildRigidBody
INFORMATION: Created 146706fd540.
Sept. 13, 2026 12:42:23 AM com.jme3.bullet.objects.PhysicsRigidBody rebuildRigidBody
INFORMATION: Created 146706fd210.
Sept. 13, 2026 12:42:23 AM com.jme3.bullet.objects.PhysicsRigidBody rebuildRigidBody
INFORMATION: Created 146706fbef0.
Sept. 13, 2026 12:42:23 AM com.jme3.bullet.objects.PhysicsRigidBody rebuildRigidBody
INFORMATION: Created 146706fdba0.
Sept. 13, 2026 12:42:23 AM com.jme3.bullet.objects.PhysicsRigidBody rebuildRigidBody
INFORMATION: Created 146706ff850.
Sept. 13, 2026 12:42:23 AM com.jme3.bullet.objects.PhysicsRigidBody rebuildRigidBody
INFORMATION: Created 146706ff520.
Sept. 13, 2026 12:42:23 AM com.jme3.bullet.objects.PhysicsRigidBody rebuildRigidBody
INFORMATION: Created 146706ffeb0.
Sept. 13, 2026 12:42:23 AM com.jme3.bullet.objects.PhysicsRigidBody rebuildRigidBody
INFORMATION: Created 146707001e0.
Sept. 13, 2026 12:42:23 AM com.jme3.bullet.objects.PhysicsRigidBody rebuildRigidBody
INFORMATION: Created 146706fd870.
Sept. 13, 2026 12:42:23 AM com.jme3.bullet.objects.PhysicsRigidBody rebuildRigidBody
INFORMATION: Created 146706fc550.
Sept. 13, 2026 12:42:23 AM com.jme3.bullet.objects.PhysicsRigidBody rebuildRigidBody
INFORMATION: Created 146706fded0.
Sept. 13, 2026 12:42:23 AM com.jme3.bullet.objects.PhysicsRigidBody rebuildRigidBody
INFORMATION: Created 146706fe200.
Sept. 13, 2026 12:42:23 AM com.jme3.bullet.objects.PhysicsRigidBody rebuildRigidBody
INFORMATION: Created 14670700510.
Sept. 13, 2026 12:42:23 AM com.jme3.bullet.objects.PhysicsRigidBody rebuildRigidBody
INFORMATION: Created 146706fc880.
Sept. 13, 2026 12:42:23 AM com.jme3.bullet.objects.PhysicsRigidBody rebuildRigidBody
INFORMATION: Created 146706fe530.
Sept. 13, 2026 12:42:23 AM com.jme3.bullet.objects.PhysicsRigidBody rebuildRigidBody
INFORMATION: Created 14670703b40.
[GAME] Willkommen im Ödland. Folge dem Feuer zu Mira. [E]
Sept. 13, 2026 12:42:23 AM com.jme3.anim.SkinningControl controlRender
INFORMATION: Hardware skinning engaged for Scene (Node)
Sept. 13, 2026 12:42:23 AM com.jme3.anim.SkinningControl controlRender
INFORMATION: Hardware skinning engaged for Scene (Node)
Sept. 13, 2026 12:42:23 AM com.jme3.anim.SkinningControl controlRender
INFORMATION: Hardware skinning engaged for Scene (Node)
Sept. 13, 2026 12:42:23 AM com.jme3.anim.SkinningControl controlRender
INFORMATION: Hardware skinning engaged for Scene (Node)
[SMOKE] stage 27
[CHECK] Camera retracts against walls
Sept. 13, 2026 12:42:25 AM com.jme3.bullet.objects.PhysicsRigidBody rebuildRigidBody
INFORMATION: Created 14670700ea0.
Sept. 13, 2026 12:42:25 AM com.jme3.bullet.objects.PhysicsRigidBody rebuildRigidBody
INFORMATION: Created 14670703810.
Sept. 13, 2026 12:42:25 AM com.jme3.bullet.objects.PhysicsRigidBody rebuildRigidBody
INFORMATION: Created 146707034e0.
Sept. 13, 2026 12:42:25 AM com.jme3.bullet.objects.PhysicsRigidBody rebuildRigidBody
INFORMATION: Created 14670702820.
Sept. 13, 2026 12:42:25 AM com.jme3.bullet.objects.PhysicsRigidBody rebuildRigidBody
INFORMATION: Created 14670702b50.
Sept. 13, 2026 12:42:25 AM com.jme3.bullet.objects.PhysicsRigidBody rebuildRigidBody
INFORMATION: Created 14670702e80.
Sept. 13, 2026 12:42:25 AM com.jme3.bullet.objects.PhysicsRigidBody rebuildRigidBody
INFORMATION: Created 14670700b70.
Sept. 13, 2026 12:42:25 AM com.jme3.bullet.objects.PhysicsRigidBody rebuildRigidBody
INFORMATION: Created 146707031b0.
Sept. 13, 2026 12:42:25 AM com.jme3.bullet.objects.PhysicsRigidBody rebuildRigidBody
INFORMATION: Created 14670701e90.
Sept. 13, 2026 12:42:25 AM com.jme3.bullet.objects.PhysicsRigidBody rebuildRigidBody
INFORMATION: Created 14670703e70.
Sept. 13, 2026 12:42:25 AM com.jme3.bullet.objects.PhysicsRigidBody rebuildRigidBody
INFORMATION: Created 146707041a0.
Sept. 13, 2026 12:42:25 AM com.jme3.bullet.objects.PhysicsRigidBody rebuildRigidBody
INFORMATION: Created 146707044d0.
Sept. 13, 2026 12:42:25 AM com.jme3.bullet.objects.PhysicsRigidBody rebuildRigidBody
INFORMATION: Created 14670700840.
Sept. 13, 2026 12:42:25 AM com.jme3.bullet.objects.PhysicsRigidBody rebuildRigidBody
INFORMATION: Created 14670701830.
Sept. 13, 2026 12:42:25 AM com.jme3.bullet.objects.PhysicsRigidBody rebuildRigidBody
INFORMATION: Created 14670704800.
Sept. 13, 2026 12:42:25 AM com.jme3.bullet.objects.PhysicsRigidBody rebuildRigidBody
INFORMATION: Created 14670704b30.
Sept. 13, 2026 12:42:25 AM com.jme3.bullet.objects.PhysicsRigidBody rebuildRigidBody
INFORMATION: Created 14670704e60.
Sept. 13, 2026 12:42:25 AM com.jme3.bullet.objects.PhysicsRigidBody rebuildRigidBody
INFORMATION: Created 146707011d0.
Sept. 13, 2026 12:42:25 AM com.jme3.bullet.objects.PhysicsRigidBody rebuildRigidBody
INFORMATION: Created 14670705190.
Sept. 13, 2026 12:42:25 AM com.jme3.bullet.objects.PhysicsRigidBody rebuildRigidBody
INFORMATION: Created 14670701500.
Sept. 13, 2026 12:42:25 AM com.jme3.bullet.objects.PhysicsRigidBody rebuildRigidBody
INFORMATION: Created 146707054c0.
Sept. 13, 2026 12:42:25 AM com.jme3.bullet.objects.PhysicsRigidBody rebuildRigidBody
INFORMATION: Created 146707057f0.
Sept. 13, 2026 12:42:25 AM com.jme3.bullet.objects.PhysicsRigidBody rebuildRigidBody
INFORMATION: Created 14670701b60.
Sept. 13, 2026 12:42:25 AM com.jme3.bullet.objects.PhysicsRigidBody rebuildRigidBody
INFORMATION: Created 14670705b20.
Sept. 13, 2026 12:42:25 AM com.jme3.bullet.objects.PhysicsRigidBody rebuildRigidBody
INFORMATION: Created 14670705e50.
Sept. 13, 2026 12:42:25 AM com.jme3.bullet.objects.PhysicsRigidBody rebuildRigidBody
INFORMATION: Created 146707021c0.
Sept. 13, 2026 12:42:25 AM com.jme3.bullet.objects.PhysicsRigidBody rebuildRigidBody
INFORMATION: Created 14670706180.
Sept. 13, 2026 12:42:25 AM com.jme3.bullet.objects.PhysicsRigidBody rebuildRigidBody
INFORMATION: Created 146707024f0.
Sept. 13, 2026 12:42:25 AM com.jme3.bullet.objects.PhysicsRigidBody rebuildRigidBody
INFORMATION: Created 146707064b0.
Sept. 13, 2026 12:42:25 AM com.jme3.bullet.objects.PhysicsRigidBody rebuildRigidBody
INFORMATION: Created 146707067e0.
Sept. 13, 2026 12:42:25 AM com.jme3.bullet.objects.PhysicsRigidBody rebuildRigidBody
INFORMATION: Created 14670706b10.
Sept. 13, 2026 12:42:25 AM com.jme3.bullet.objects.PhysicsRigidBody rebuildRigidBody
INFORMATION: Created 14670707e30.
Sept. 13, 2026 12:42:25 AM com.jme3.bullet.objects.PhysicsRigidBody rebuildRigidBody
INFORMATION: Created 146707074a0.
Sept. 13, 2026 12:42:25 AM com.jme3.bullet.objects.PhysicsRigidBody rebuildRigidBody
INFORMATION: Created 14670708160.
Sept. 13, 2026 12:42:25 AM com.jme3.bullet.objects.PhysicsRigidBody rebuildRigidBody
INFORMATION: Created 14670706e40.
Sept. 13, 2026 12:42:25 AM com.jme3.bullet.objects.PhysicsRigidBody rebuildRigidBody
INFORMATION: Created 14670707170.
Sept. 13, 2026 12:42:25 AM com.jme3.bullet.objects.PhysicsRigidBody rebuildRigidBody
INFORMATION: Created 146707077d0.
Sept. 13, 2026 12:42:25 AM com.jme3.bullet.objects.PhysicsRigidBody rebuildRigidBody
INFORMATION: Created 14670707b00.
Sept. 13, 2026 12:42:25 AM com.jme3.bullet.objects.PhysicsRigidBody rebuildRigidBody
INFORMATION: Created 14670708490.
Sept. 13, 2026 12:42:25 AM com.jme3.bullet.objects.PhysicsRigidBody rebuildRigidBody
INFORMATION: Created 1467070aad0.
Sept. 13, 2026 12:42:25 AM com.jme3.bullet.objects.PhysicsRigidBody rebuildRigidBody
INFORMATION: Created 1467070a7a0.
Sept. 13, 2026 12:42:25 AM com.jme3.bullet.objects.PhysicsRigidBody rebuildRigidBody
INFORMATION: Created 1467070b130.
Sept. 13, 2026 12:42:25 AM com.jme3.bullet.objects.PhysicsRigidBody rebuildRigidBody
INFORMATION: Created 1467070c450.
Sept. 13, 2026 12:42:25 AM com.jme3.bullet.objects.PhysicsRigidBody rebuildRigidBody
INFORMATION: Created 146707097b0.
Sept. 13, 2026 12:42:25 AM com.jme3.bullet.objects.PhysicsRigidBody rebuildRigidBody
INFORMATION: Created 146707087c0.
Sept. 13, 2026 12:42:25 AM com.jme3.bullet.objects.PhysicsRigidBody rebuildRigidBody
INFORMATION: Created 1467070b460.
Sept. 13, 2026 12:42:25 AM com.jme3.bullet.objects.PhysicsRigidBody rebuildRigidBody
INFORMATION: Created 14670708af0.
Sept. 13, 2026 12:42:25 AM com.jme3.bullet.objects.PhysicsRigidBody rebuildRigidBody
INFORMATION: Created 14670708e20.
Sept. 13, 2026 12:42:25 AM com.jme3.bullet.objects.PhysicsRigidBody rebuildRigidBody
INFORMATION: Created 1467070c120.
Sept. 13, 2026 12:42:25 AM com.jme3.bullet.objects.PhysicsRigidBody rebuildRigidBody
INFORMATION: Created 1467070a470.
Sept. 13, 2026 12:42:25 AM com.jme3.bullet.objects.PhysicsRigidBody rebuildRigidBody
INFORMATION: Created 1467070ae00.
Sept. 13, 2026 12:42:25 AM com.jme3.bullet.objects.PhysicsRigidBody rebuildRigidBody
INFORMATION: Created 1467070a140.
Sept. 13, 2026 12:42:25 AM com.jme3.bullet.objects.PhysicsRigidBody rebuildRigidBody
INFORMATION: Created 1467070b790.
Sept. 13, 2026 12:42:25 AM com.jme3.bullet.objects.PhysicsRigidBody rebuildRigidBody
INFORMATION: Created 14670709480.
Sept. 13, 2026 12:42:25 AM com.jme3.bullet.objects.PhysicsRigidBody rebuildRigidBody
INFORMATION: Created 1467070bac0.
Sept. 13, 2026 12:42:25 AM com.jme3.bullet.objects.PhysicsRigidBody rebuildRigidBody
INFORMATION: Created 14670709ae0.
Sept. 13, 2026 12:42:25 AM com.jme3.bullet.objects.PhysicsRigidBody rebuildRigidBody
INFORMATION: Created 1467070c780.
Sept. 13, 2026 12:42:25 AM com.jme3.bullet.objects.PhysicsRigidBody rebuildRigidBody
INFORMATION: Created 1467070bdf0.
Sept. 13, 2026 12:42:25 AM com.jme3.bullet.objects.PhysicsRigidBody rebuildRigidBody
INFORMATION: Created 1467070cab0.
Sept. 13, 2026 12:42:25 AM com.jme3.bullet.objects.PhysicsRigidBody rebuildRigidBody
INFORMATION: Created 1467070cde0.
Sept. 13, 2026 12:42:25 AM com.jme3.bullet.objects.PhysicsRigidBody rebuildRigidBody
INFORMATION: Created 14670709150.
Sept. 13, 2026 12:42:25 AM com.jme3.bullet.objects.PhysicsRigidBody rebuildRigidBody
INFORMATION: Created 1467070d440.
Sept. 13, 2026 12:42:25 AM com.jme3.bullet.objects.PhysicsRigidBody rebuildRigidBody
INFORMATION: Created 1467070d770.
Sept. 13, 2026 12:42:25 AM com.jme3.bullet.objects.PhysicsRigidBody rebuildRigidBody
INFORMATION: Created 14670709e10.
Sept. 13, 2026 12:42:25 AM com.jme3.bullet.objects.PhysicsRigidBody rebuildRigidBody
INFORMATION: Created 1467070f0f0.
Sept. 13, 2026 12:42:25 AM com.jme3.bullet.objects.PhysicsRigidBody rebuildRigidBody
INFORMATION: Created 146707110d0.
Sept. 13, 2026 12:42:25 AM com.jme3.bullet.objects.PhysicsRigidBody rebuildRigidBody
INFORMATION: Created 1467070f420.
Sept. 13, 2026 12:42:25 AM com.jme3.bullet.objects.PhysicsRigidBody rebuildRigidBody
INFORMATION: Created 1467070f750.
Sept. 13, 2026 12:42:25 AM com.jme3.bullet.objects.PhysicsRigidBody rebuildRigidBody
INFORMATION: Created 14670710410.
Sept. 13, 2026 12:42:25 AM com.jme3.bullet.objects.PhysicsRigidBody rebuildRigidBody
INFORMATION: Created 14670711400.
Sept. 13, 2026 12:42:25 AM com.jme3.bullet.objects.PhysicsRigidBody rebuildRigidBody
INFORMATION: Created 1467070ea90.
Sept. 13, 2026 12:42:25 AM com.jme3.bullet.objects.PhysicsRigidBody rebuildRigidBody
INFORMATION: Created 14670710740.
Sept. 13, 2026 12:42:25 AM com.jme3.bullet.objects.PhysicsRigidBody rebuildRigidBody
INFORMATION: Created 14670710a70.
Sept. 13, 2026 12:42:25 AM com.jme3.bullet.objects.PhysicsRigidBody rebuildRigidBody
INFORMATION: Created 14670711730.
Sept. 13, 2026 12:42:25 AM com.jme3.bullet.objects.PhysicsRigidBody rebuildRigidBody
INFORMATION: Created 1467070fdb0.
Sept. 13, 2026 12:42:25 AM com.jme3.bullet.objects.PhysicsRigidBody rebuildRigidBody
INFORMATION: Created 1467070e100.
Sept. 13, 2026 12:42:25 AM com.jme3.bullet.objects.PhysicsRigidBody rebuildRigidBody
INFORMATION: Created 1467070fa80.
Sept. 13, 2026 12:42:25 AM com.jme3.bullet.objects.PhysicsRigidBody rebuildRigidBody
INFORMATION: Created 14670710da0.
Sept. 13, 2026 12:42:25 AM com.jme3.bullet.objects.PhysicsRigidBody rebuildRigidBody
INFORMATION: Created 14670711a60.
Sept. 13, 2026 12:42:25 AM com.jme3.bullet.objects.PhysicsRigidBody rebuildRigidBody
INFORMATION: Created 1467070ddd0.
Sept. 13, 2026 12:42:25 AM com.jme3.bullet.objects.PhysicsRigidBody rebuildRigidBody
INFORMATION: Created 146707100e0.
Sept. 13, 2026 12:42:25 AM com.jme3.bullet.objects.PhysicsRigidBody rebuildRigidBody
INFORMATION: Created 14670711d90.
Sept. 13, 2026 12:42:25 AM com.jme3.bullet.objects.PhysicsRigidBody rebuildRigidBody
INFORMATION: Created 1467070edc0.
Sept. 13, 2026 12:42:25 AM com.jme3.bullet.objects.PhysicsRigidBody rebuildRigidBody
INFORMATION: Created 146707120c0.
Sept. 13, 2026 12:42:25 AM com.jme3.bullet.objects.PhysicsRigidBody rebuildRigidBody
INFORMATION: Created 1467070e760.
Sept. 13, 2026 12:42:25 AM com.jme3.bullet.objects.PhysicsRigidBody rebuildRigidBody
INFORMATION: Created 1467070e430.
Sept. 13, 2026 12:42:25 AM com.jme3.bullet.objects.PhysicsRigidBody rebuildRigidBody
INFORMATION: Created 146707123f0.
Sept. 13, 2026 12:42:25 AM com.jme3.bullet.objects.PhysicsRigidBody rebuildRigidBody
INFORMATION: Created 14670714a30.
Sept. 13, 2026 12:42:25 AM com.jme3.bullet.objects.PhysicsRigidBody rebuildRigidBody
INFORMATION: Created 146707143d0.
Sept. 13, 2026 12:42:25 AM com.jme3.bullet.objects.PhysicsRigidBody rebuildRigidBody
INFORMATION: Created 14670712720.
Sept. 13, 2026 12:42:25 AM com.jme3.bullet.objects.PhysicsRigidBody rebuildRigidBody
INFORMATION: Created 14670714d60.
Sept. 13, 2026 12:42:25 AM com.jme3.bullet.objects.PhysicsRigidBody rebuildRigidBody
INFORMATION: Created 14670712a50.
Sept. 13, 2026 12:42:25 AM com.jme3.bullet.objects.PhysicsRigidBody rebuildRigidBody
INFORMATION: Created 14670712d80.
Sept. 13, 2026 12:42:25 AM com.jme3.bullet.objects.PhysicsRigidBody rebuildRigidBody
INFORMATION: Created 14670713a40.
Sept. 13, 2026 12:42:25 AM com.jme3.bullet.objects.PhysicsRigidBody rebuildRigidBody
INFORMATION: Created 146707130b0.
Sept. 13, 2026 12:42:25 AM com.jme3.bullet.objects.PhysicsRigidBody rebuildRigidBody
INFORMATION: Created 14670713d70.
Sept. 13, 2026 12:42:25 AM com.jme3.bullet.objects.PhysicsRigidBody rebuildRigidBody
INFORMATION: Created 146707133e0.
Sept. 13, 2026 12:42:25 AM com.jme3.bullet.objects.PhysicsRigidBody rebuildRigidBody
INFORMATION: Created 14670713710.
Sept. 13, 2026 12:42:25 AM com.jme3.bullet.objects.PhysicsRigidBody rebuildRigidBody
INFORMATION: Created 146707140a0.
Sept. 13, 2026 12:42:25 AM com.jme3.bullet.objects.PhysicsRigidBody rebuildRigidBody
INFORMATION: Created 14670714700.
Sept. 13, 2026 12:42:25 AM com.jme3.bullet.objects.PhysicsRigidBody rebuildRigidBody
INFORMATION: Created 146707163b0.
Sept. 13, 2026 12:42:25 AM com.jme3.bullet.objects.PhysicsRigidBody rebuildRigidBody
INFORMATION: Created 146707153c0.
Sept. 13, 2026 12:42:26 AM com.jme3.bullet.objects.PhysicsRigidBody rebuildRigidBody
INFORMATION: Created 146706eec90.
Sept. 13, 2026 12:42:26 AM com.jme3.bullet.objects.PhysicsRigidBody rebuildRigidBody
INFORMATION: Created 146706f12d0.
Sept. 13, 2026 12:42:26 AM com.jme3.bullet.objects.PhysicsRigidBody rebuildRigidBody
INFORMATION: Created 146706f0610.
Sept. 13, 2026 12:42:26 AM com.jme3.bullet.objects.PhysicsRigidBody rebuildRigidBody
INFORMATION: Created 146706ef620.
Sept. 13, 2026 12:42:26 AM com.jme3.bullet.objects.PhysicsRigidBody rebuildRigidBody
INFORMATION: Created 146706f25f0.
Sept. 13, 2026 12:42:26 AM com.jme3.bullet.objects.PhysicsRigidBody rebuildRigidBody
INFORMATION: Created 146706eefc0.
Sept. 13, 2026 12:42:26 AM com.jme3.bullet.objects.PhysicsRigidBody rebuildRigidBody
INFORMATION: Created 146706ef2f0.
Sept. 13, 2026 12:42:26 AM com.jme3.bullet.objects.PhysicsRigidBody rebuildRigidBody
INFORMATION: Created 146706f2920.
Sept. 13, 2026 12:42:26 AM com.jme3.bullet.objects.PhysicsRigidBody rebuildRigidBody
INFORMATION: Created 146706f0c70.
Sept. 13, 2026 12:42:26 AM com.jme3.bullet.objects.PhysicsRigidBody rebuildRigidBody
INFORMATION: Created 146706f1930.
Sept. 13, 2026 12:42:26 AM com.jme3.bullet.objects.PhysicsRigidBody rebuildRigidBody
INFORMATION: Created 146706f1600.
Sept. 13, 2026 12:42:26 AM com.jme3.bullet.objects.PhysicsRigidBody rebuildRigidBody
INFORMATION: Created 146706f1c60.
Sept. 13, 2026 12:42:26 AM com.jme3.bullet.objects.PhysicsRigidBody rebuildRigidBody
INFORMATION: Created 146706efc80.
Sept. 13, 2026 12:42:26 AM com.jme3.bullet.objects.PhysicsRigidBody rebuildRigidBody
INFORMATION: Created 146706effb0.
Sept. 13, 2026 12:42:26 AM com.jme3.bullet.objects.PhysicsRigidBody rebuildRigidBody
INFORMATION: Created 146706f02e0.
Sept. 13, 2026 12:42:26 AM com.jme3.bullet.objects.PhysicsRigidBody rebuildRigidBody
INFORMATION: Created 146706f2c50.
Sept. 13, 2026 12:42:26 AM com.jme3.bullet.objects.PhysicsRigidBody rebuildRigidBody
INFORMATION: Created 146706f0fa0.
Sept. 13, 2026 12:42:26 AM com.jme3.bullet.objects.PhysicsRigidBody rebuildRigidBody
INFORMATION: Created 146706f32b0.
Sept. 13, 2026 12:42:26 AM com.jme3.bullet.objects.PhysicsRigidBody rebuildRigidBody
INFORMATION: Created 146706f2f80.
Sept. 13, 2026 12:42:26 AM com.jme3.bullet.objects.PhysicsRigidBody rebuildRigidBody
INFORMATION: Created 146706f35e0.
Sept. 13, 2026 12:42:26 AM com.jme3.bullet.objects.PhysicsRigidBody rebuildRigidBody
INFORMATION: Created 146706ef950.
Sept. 13, 2026 12:42:26 AM com.jme3.bullet.objects.PhysicsRigidBody rebuildRigidBody
INFORMATION: Created 146706f3910.
Sept. 13, 2026 12:42:26 AM com.jme3.bullet.objects.PhysicsRigidBody rebuildRigidBody
INFORMATION: Created 146706f1f90.
Sept. 13, 2026 12:42:26 AM com.jme3.bullet.objects.PhysicsRigidBody rebuildRigidBody
INFORMATION: Created 146706f22c0.
Sept. 13, 2026 12:42:26 AM com.jme3.bullet.objects.PhysicsRigidBody rebuildRigidBody
INFORMATION: Created 146706f3c40.
Sept. 13, 2026 12:42:26 AM com.jme3.bullet.objects.PhysicsRigidBody rebuildRigidBody
INFORMATION: Created 146706f3f70.
Sept. 13, 2026 12:42:26 AM com.jme3.bullet.objects.PhysicsRigidBody rebuildRigidBody
INFORMATION: Created 146706f42a0.
Sept. 13, 2026 12:42:26 AM com.jme3.bullet.objects.PhysicsRigidBody rebuildRigidBody
INFORMATION: Created 146706f45d0.
Sept. 13, 2026 12:42:26 AM com.jme3.bullet.objects.PhysicsRigidBody rebuildRigidBody
INFORMATION: Created 146706f0940.
Sept. 13, 2026 12:42:26 AM com.jme3.bullet.objects.PhysicsRigidBody rebuildRigidBody
INFORMATION: Created 146706f4c30.
Sept. 13, 2026 12:42:26 AM com.jme3.bullet.objects.PhysicsRigidBody rebuildRigidBody
INFORMATION: Created 146706f6c10.
Sept. 13, 2026 12:42:26 AM com.jme3.bullet.objects.PhysicsRigidBody rebuildRigidBody
INFORMATION: Created 146706f68e0.
Sept. 13, 2026 12:42:26 AM com.jme3.bullet.objects.PhysicsRigidBody rebuildRigidBody
INFORMATION: Created 146706f7270.
Sept. 13, 2026 12:42:26 AM com.jme3.bullet.objects.PhysicsRigidBody rebuildRigidBody
INFORMATION: Created 146706f8590.
Sept. 13, 2026 12:42:26 AM com.jme3.bullet.objects.PhysicsRigidBody rebuildRigidBody
INFORMATION: Created 146706f58f0.
Sept. 13, 2026 12:42:26 AM com.jme3.bullet.objects.PhysicsRigidBody rebuildRigidBody
INFORMATION: Created 146706f4f60.
Sept. 13, 2026 12:42:26 AM com.jme3.bullet.objects.PhysicsRigidBody rebuildRigidBody
INFORMATION: Created 146706f4900.
Sept. 13, 2026 12:42:26 AM com.jme3.bullet.objects.PhysicsRigidBody rebuildRigidBody
INFORMATION: Created 146706f5290.
Sept. 13, 2026 12:42:26 AM com.jme3.bullet.objects.PhysicsRigidBody rebuildRigidBody
INFORMATION: Created 146706f6f40.
Sept. 13, 2026 12:42:26 AM com.jme3.bullet.objects.PhysicsRigidBody rebuildRigidBody
INFORMATION: Created 146706f88c0.
Sept. 13, 2026 12:42:26 AM com.jme3.bullet.objects.PhysicsRigidBody rebuildRigidBody
INFORMATION: Created 146706f8260.
Sept. 13, 2026 12:42:26 AM com.jme3.bullet.objects.PhysicsRigidBody rebuildRigidBody
INFORMATION: Created 146706f78d0.
Sept. 13, 2026 12:42:26 AM com.jme3.bullet.objects.PhysicsRigidBody rebuildRigidBody
INFORMATION: Created 146706f7c00.
Sept. 13, 2026 12:42:26 AM com.jme3.bullet.objects.PhysicsRigidBody rebuildRigidBody
INFORMATION: Created 146706f75a0.
Sept. 13, 2026 12:42:26 AM com.jme3.bullet.objects.PhysicsRigidBody rebuildRigidBody
INFORMATION: Created 146706f7f30.
Sept. 13, 2026 12:42:26 AM com.jme3.bullet.objects.PhysicsRigidBody rebuildRigidBody
INFORMATION: Created 146706f8bf0.
Sept. 13, 2026 12:42:26 AM com.jme3.bullet.objects.PhysicsRigidBody rebuildRigidBody
INFORMATION: Created 146706f8f20.
Sept. 13, 2026 12:42:26 AM com.jme3.bullet.objects.PhysicsRigidBody rebuildRigidBody
INFORMATION: Created 146706f9250.
Sept. 13, 2026 12:42:26 AM com.jme3.bullet.objects.PhysicsRigidBody rebuildRigidBody
INFORMATION: Created 146706f55c0.
Sept. 13, 2026 12:42:26 AM com.jme3.bullet.objects.PhysicsRigidBody rebuildRigidBody
INFORMATION: Created 146706f9580.
Sept. 13, 2026 12:42:26 AM com.jme3.bullet.objects.PhysicsRigidBody rebuildRigidBody
INFORMATION: Created 146706f65b0.
[GAME] Goblin besiegt  +35 EP  +8 Gold
[GAME] Ork-Brecher besiegt  +70 EP  +13 Gold
[GAME] STUFE 2  -  Fähigkeitspunkt erhalten [K]
[GAME] Ork-Brecher besiegt  +70 EP  +13 Gold
[GAME] Ork-Brecher besiegt  +70 EP  +13 Gold
[GAME] Aschenrufer besiegt  +65 EP  +23 Gold
[GAME] STUFE 3  -  Fähigkeitspunkt erhalten [K]
[GAME] Eiserner Wächter besiegt  +115 EP  +18 Gold
[GAME] Eiserner Wächter besiegt  +115 EP  +18 Gold
[GAME] Eiserner Wächter besiegt  +115 EP  +18 Gold
[GAME] STUFE 4  -  Fähigkeitspunkt erhalten [K]
[GAME] Schlüssel des Kerkermeisters erhalten.
[GAME] Auftrag erfüllt: Der letzte Kerkermeister  +160 EP
[GAME] Aschenklinge erhalten. Erens Blick folgt dir.
[GAME] Auftrag erfüllt: Der Preis der Freiheit  +180 EP
[CHECK] Prisoner bargain is mutually exclusive
[CHECK] Bargain grants the unique blade
Sept. 13, 2026 12:42:26 AM com.jme3.bullet.objects.PhysicsRigidBody rebuildRigidBody
INFORMATION: Created 146706f6280.
Sept. 13, 2026 12:42:26 AM com.jme3.bullet.objects.PhysicsRigidBody rebuildRigidBody
INFORMATION: Created 146706f98b0.
Sept. 13, 2026 12:42:26 AM com.jme3.bullet.objects.PhysicsRigidBody rebuildRigidBody
INFORMATION: Created 146706f5c20.
Sept. 13, 2026 12:42:26 AM com.jme3.bullet.objects.PhysicsRigidBody rebuildRigidBody
INFORMATION: Created 146706f9be0.
Sept. 13, 2026 12:42:26 AM com.jme3.bullet.objects.PhysicsRigidBody rebuildRigidBody
INFORMATION: Created 146706f5f50.
Sept. 13, 2026 12:42:26 AM com.jme3.bullet.objects.PhysicsRigidBody rebuildRigidBody
INFORMATION: Created 146706f9f10.
Sept. 13, 2026 12:42:26 AM com.jme3.bullet.objects.PhysicsRigidBody rebuildRigidBody
INFORMATION: Created 146706fa240.
Sept. 13, 2026 12:42:26 AM com.jme3.bullet.objects.PhysicsRigidBody rebuildRigidBody
INFORMATION: Created 146706fa570.
Sept. 13, 2026 12:42:26 AM com.jme3.bullet.objects.PhysicsRigidBody rebuildRigidBody
INFORMATION: Created 146706fa8a0.
Sept. 13, 2026 12:42:26 AM com.jme3.bullet.objects.PhysicsRigidBody rebuildRigidBody
INFORMATION: Created 146706fabd0.
Sept. 13, 2026 12:42:26 AM com.jme3.bullet.objects.PhysicsRigidBody rebuildRigidBody
INFORMATION: Created 146706faf00.
Sept. 13, 2026 12:42:26 AM com.jme3.bullet.objects.PhysicsRigidBody rebuildRigidBody
INFORMATION: Created 146706fb230.
Sept. 13, 2026 12:42:26 AM com.jme3.bullet.objects.PhysicsRigidBody rebuildRigidBody
INFORMATION: Created 146706fb560.
Sept. 13, 2026 12:42:26 AM com.jme3.bullet.objects.PhysicsRigidBody rebuildRigidBody
INFORMATION: Created 146706fd210.
Sept. 13, 2026 12:42:26 AM com.jme3.bullet.objects.PhysicsRigidBody rebuildRigidBody
INFORMATION: Created 146706fbef0.
Sept. 13, 2026 12:42:26 AM com.jme3.bullet.objects.PhysicsRigidBody rebuildRigidBody
INFORMATION: Created 146706fd870.
Sept. 13, 2026 12:42:26 AM com.jme3.bullet.objects.PhysicsRigidBody rebuildRigidBody
INFORMATION: Created 146706fd540.
Sept. 13, 2026 12:42:26 AM com.jme3.bullet.objects.PhysicsRigidBody rebuildRigidBody
INFORMATION: Created 146706feb90.
Sept. 13, 2026 12:42:26 AM com.jme3.bullet.objects.PhysicsRigidBody rebuildRigidBody
INFORMATION: Created 146706fcbb0.
Sept. 13, 2026 12:42:26 AM com.jme3.bullet.objects.PhysicsRigidBody rebuildRigidBody
INFORMATION: Created 146706feec0.
Sept. 13, 2026 12:42:26 AM com.jme3.bullet.objects.PhysicsRigidBody rebuildRigidBody
INFORMATION: Created 146706fdba0.
Sept. 13, 2026 12:42:26 AM com.jme3.bullet.objects.PhysicsRigidBody rebuildRigidBody
INFORMATION: Created 146706fc220.
Sept. 13, 2026 12:42:26 AM com.jme3.bullet.objects.PhysicsRigidBody rebuildRigidBody
INFORMATION: Created 146706ff1f0.
Sept. 13, 2026 12:42:26 AM com.jme3.bullet.objects.PhysicsRigidBody rebuildRigidBody
INFORMATION: Created 146706fcee0.
Sept. 13, 2026 12:42:26 AM com.jme3.bullet.objects.PhysicsRigidBody rebuildRigidBody
INFORMATION: Created 146706fded0.
Sept. 13, 2026 12:42:26 AM com.jme3.bullet.objects.PhysicsRigidBody rebuildRigidBody
INFORMATION: Created 146706fc550.
Sept. 13, 2026 12:42:26 AM com.jme3.bullet.objects.PhysicsRigidBody rebuildRigidBody
INFORMATION: Created 146706ff520.
Sept. 13, 2026 12:42:26 AM com.jme3.bullet.objects.PhysicsRigidBody rebuildRigidBody
INFORMATION: Created 146706fe200.
Sept. 13, 2026 12:42:26 AM com.jme3.bullet.objects.PhysicsRigidBody rebuildRigidBody
INFORMATION: Created 146706ff850.
Sept. 13, 2026 12:42:26 AM com.jme3.bullet.objects.PhysicsRigidBody rebuildRigidBody
INFORMATION: Created 146706fbbc0.
Sept. 13, 2026 12:42:26 AM com.jme3.bullet.objects.PhysicsRigidBody rebuildRigidBody
INFORMATION: Created 146706ffb80.
Sept. 13, 2026 12:42:26 AM com.jme3.bullet.objects.PhysicsRigidBody rebuildRigidBody
INFORMATION: Created 146707001e0.
Sept. 13, 2026 12:42:26 AM com.jme3.bullet.objects.PhysicsRigidBody rebuildRigidBody
INFORMATION: Created 146706ffeb0.
Sept. 13, 2026 12:42:26 AM com.jme3.bullet.objects.PhysicsRigidBody rebuildRigidBody
INFORMATION: Created 14670700510.
Sept. 13, 2026 12:42:26 AM com.jme3.bullet.objects.PhysicsRigidBody rebuildRigidBody
INFORMATION: Created 146707173a0.
Sept. 13, 2026 12:42:26 AM com.jme3.bullet.objects.PhysicsRigidBody rebuildRigidBody
INFORMATION: Created 146707176d0.
Sept. 13, 2026 12:42:26 AM com.jme3.bullet.objects.PhysicsRigidBody rebuildRigidBody
INFORMATION: Created 146707166e0.
Sept. 13, 2026 12:42:26 AM com.jme3.bullet.objects.PhysicsRigidBody rebuildRigidBody
INFORMATION: Created 14670715d50.
Sept. 13, 2026 12:42:26 AM com.jme3.bullet.objects.PhysicsRigidBody rebuildRigidBody
INFORMATION: Created 14670718390.
Sept. 13, 2026 12:42:26 AM com.jme3.bullet.objects.PhysicsRigidBody rebuildRigidBody
INFORMATION: Created 14670717a00.
Sept. 13, 2026 12:42:26 AM com.jme3.bullet.objects.PhysicsRigidBody rebuildRigidBody
INFORMATION: Created 14670717d30.
Sept. 13, 2026 12:42:26 AM com.jme3.bullet.objects.PhysicsRigidBody rebuildRigidBody
INFORMATION: Created 14670718d20.
Sept. 13, 2026 12:42:26 AM com.jme3.bullet.objects.PhysicsRigidBody rebuildRigidBody
INFORMATION: Created 14670716a10.
Sept. 13, 2026 12:42:26 AM com.jme3.bullet.objects.PhysicsRigidBody rebuildRigidBody
INFORMATION: Created 14670716080.
Sept. 13, 2026 12:42:26 AM com.jme3.bullet.objects.PhysicsRigidBody rebuildRigidBody
INFORMATION: Created 146707156f0.
Sept. 13, 2026 12:42:26 AM com.jme3.bullet.objects.PhysicsRigidBody rebuildRigidBody
INFORMATION: Created 146707189f0.
Sept. 13, 2026 12:42:26 AM com.jme3.bullet.objects.PhysicsRigidBody rebuildRigidBody
INFORMATION: Created 14670718060.
Sept. 13, 2026 12:42:26 AM com.jme3.bullet.objects.PhysicsRigidBody rebuildRigidBody
INFORMATION: Created 14670716d40.
Sept. 13, 2026 12:42:26 AM com.jme3.bullet.objects.PhysicsRigidBody rebuildRigidBody
INFORMATION: Created 14670715a20.
Sept. 13, 2026 12:42:26 AM com.jme3.bullet.objects.PhysicsRigidBody rebuildRigidBody
INFORMATION: Created 14670717070.
Sept. 13, 2026 12:42:26 AM com.jme3.bullet.objects.PhysicsRigidBody rebuildRigidBody
INFORMATION: Created 14670715090.
Sept. 13, 2026 12:42:26 AM com.jme3.bullet.objects.PhysicsRigidBody rebuildRigidBody
INFORMATION: Created 14670719380.
Sept. 13, 2026 12:42:26 AM com.jme3.bullet.objects.PhysicsRigidBody rebuildRigidBody
INFORMATION: Created 1467071b9c0.
Sept. 13, 2026 12:42:26 AM com.jme3.bullet.objects.PhysicsRigidBody rebuildRigidBody
INFORMATION: Created 1467071b690.
Sept. 13, 2026 12:42:26 AM com.jme3.bullet.objects.PhysicsRigidBody rebuildRigidBody
INFORMATION: Created 1467071bcf0.
Sept. 13, 2026 12:42:26 AM com.jme3.bullet.objects.PhysicsRigidBody rebuildRigidBody
INFORMATION: Created 146707199e0.
Sept. 13, 2026 12:42:26 AM com.jme3.bullet.objects.PhysicsRigidBody rebuildRigidBody
INFORMATION: Created 14670719d10.
Sept. 13, 2026 12:42:26 AM com.jme3.bullet.objects.PhysicsRigidBody rebuildRigidBody
INFORMATION: Created 1467071c020.
Sept. 13, 2026 12:42:26 AM com.jme3.bullet.objects.PhysicsRigidBody rebuildRigidBody
INFORMATION: Created 1467071a040.
Sept. 13, 2026 12:42:26 AM com.jme3.bullet.objects.PhysicsRigidBody rebuildRigidBody
INFORMATION: Created 1467071b360.
Sept. 13, 2026 12:42:26 AM com.jme3.bullet.objects.PhysicsRigidBody rebuildRigidBody
INFORMATION: Created 14670719050.
Sept. 13, 2026 12:42:26 AM com.jme3.bullet.objects.PhysicsRigidBody rebuildRigidBody
INFORMATION: Created 1467071a370.
Sept. 13, 2026 12:42:26 AM com.jme3.bullet.objects.PhysicsRigidBody rebuildRigidBody
INFORMATION: Created 1467071c350.
Sept. 13, 2026 12:42:26 AM com.jme3.bullet.objects.PhysicsRigidBody rebuildRigidBody
INFORMATION: Created 1467071a6a0.
Sept. 13, 2026 12:42:26 AM com.jme3.bullet.objects.PhysicsRigidBody rebuildRigidBody
INFORMATION: Created 1467071a9d0.
Sept. 13, 2026 12:42:26 AM com.jme3.bullet.objects.PhysicsRigidBody rebuildRigidBody
INFORMATION: Created 1467071b030.
Sept. 13, 2026 12:42:26 AM com.jme3.bullet.objects.PhysicsRigidBody rebuildRigidBody
INFORMATION: Created 1467071ad00.
Sept. 13, 2026 12:42:26 AM com.jme3.bullet.objects.PhysicsRigidBody rebuildRigidBody
INFORMATION: Created 146707186c0.
Sept. 13, 2026 12:42:26 AM com.jme3.bullet.objects.PhysicsRigidBody rebuildRigidBody
INFORMATION: Created 1467071c680.
Sept. 13, 2026 12:42:26 AM com.jme3.bullet.objects.PhysicsRigidBody rebuildRigidBody
INFORMATION: Created 1467071c9b0.
Sept. 13, 2026 12:42:26 AM com.jme3.bullet.objects.PhysicsRigidBody rebuildRigidBody
INFORMATION: Created 1467071cce0.
Sept. 13, 2026 12:42:26 AM com.jme3.bullet.objects.PhysicsRigidBody rebuildRigidBody
INFORMATION: Created 1467071d010.
Sept. 13, 2026 12:42:26 AM com.jme3.bullet.objects.PhysicsRigidBody rebuildRigidBody
INFORMATION: Created 1467071d340.
Sept. 13, 2026 12:42:26 AM com.jme3.bullet.objects.PhysicsRigidBody rebuildRigidBody
INFORMATION: Created 146707196b0.
Sept. 13, 2026 12:42:26 AM com.jme3.bullet.objects.PhysicsRigidBody rebuildRigidBody
INFORMATION: Created 14670720ca0.
Sept. 13, 2026 12:42:26 AM com.jme3.bullet.objects.PhysicsRigidBody rebuildRigidBody
INFORMATION: Created 1467071e330.
Sept. 13, 2026 12:42:26 AM com.jme3.bullet.objects.PhysicsRigidBody rebuildRigidBody
INFORMATION: Created 1467071eff0.
Sept. 13, 2026 12:42:26 AM com.jme3.bullet.objects.PhysicsRigidBody rebuildRigidBody
INFORMATION: Created 1467071e660.
Sept. 13, 2026 12:42:26 AM com.jme3.bullet.objects.PhysicsRigidBody rebuildRigidBody
INFORMATION: Created 1467071e990.
Sept. 13, 2026 12:42:26 AM com.jme3.bullet.objects.PhysicsRigidBody rebuildRigidBody
INFORMATION: Created 1467071d9a0.
Sept. 13, 2026 12:42:26 AM com.jme3.bullet.objects.PhysicsRigidBody rebuildRigidBody
INFORMATION: Created 14670720970.
Sept. 13, 2026 12:42:26 AM com.jme3.bullet.objects.PhysicsRigidBody rebuildRigidBody
INFORMATION: Created 1467071fcb0.
Sept. 13, 2026 12:42:26 AM com.jme3.bullet.objects.PhysicsRigidBody rebuildRigidBody
INFORMATION: Created 1467071f980.
Sept. 13, 2026 12:42:26 AM com.jme3.bullet.objects.PhysicsRigidBody rebuildRigidBody
INFORMATION: Created 1467071ecc0.
Sept. 13, 2026 12:42:26 AM com.jme3.bullet.objects.PhysicsRigidBody rebuildRigidBody
INFORMATION: Created 1467071e000.
Sept. 13, 2026 12:42:26 AM com.jme3.bullet.objects.PhysicsRigidBody rebuildRigidBody
INFORMATION: Created 1467071f320.
Sept. 13, 2026 12:42:26 AM com.jme3.bullet.objects.PhysicsRigidBody rebuildRigidBody
INFORMATION: Created 1467071d670.
Sept. 13, 2026 12:42:26 AM com.jme3.bullet.objects.PhysicsRigidBody rebuildRigidBody
INFORMATION: Created 1467071f650.
Sept. 13, 2026 12:42:26 AM com.jme3.bullet.objects.PhysicsRigidBody rebuildRigidBody
INFORMATION: Created 14670720fd0.
Sept. 13, 2026 12:42:26 AM com.jme3.bullet.objects.PhysicsRigidBody rebuildRigidBody
INFORMATION: Created 14670721300.
Sept. 13, 2026 12:42:26 AM com.jme3.bullet.objects.PhysicsRigidBody rebuildRigidBody
INFORMATION: Created 14670721630.
Sept. 13, 2026 12:42:26 AM com.jme3.bullet.objects.PhysicsRigidBody rebuildRigidBody
INFORMATION: Created 1467071ffe0.
Sept. 13, 2026 12:42:26 AM com.jme3.bullet.objects.PhysicsRigidBody rebuildRigidBody
INFORMATION: Created 14670720310.
Sept. 13, 2026 12:42:26 AM com.jme3.bullet.objects.PhysicsRigidBody rebuildRigidBody
INFORMATION: Created 14670720640.
Sept. 13, 2026 12:42:26 AM com.jme3.bullet.objects.PhysicsRigidBody rebuildRigidBody
INFORMATION: Created 14670721960.
Sept. 13, 2026 12:42:26 AM com.jme3.bullet.objects.PhysicsRigidBody rebuildRigidBody
INFORMATION: Created 1467071dcd0.
Sept. 13, 2026 12:42:26 AM com.jme3.bullet.objects.PhysicsRigidBody rebuildRigidBody
INFORMATION: Created 14670722c80.
Sept. 13, 2026 12:42:26 AM com.jme3.anim.SkinningControl controlRender
INFORMATION: Hardware skinning engaged for Scene (Node)
Sept. 13, 2026 12:42:26 AM com.jme3.anim.SkinningControl controlRender
INFORMATION: Hardware skinning engaged for Scene (Node)
Sept. 13, 2026 12:42:26 AM com.jme3.anim.SkinningControl controlRender
INFORMATION: Hardware skinning engaged for Scene (Node)
Sept. 13, 2026 12:42:26 AM com.jme3.anim.SkinningControl controlRender
INFORMATION: Hardware skinning engaged for Scene (Node)
[SMOKE] stage 28
[CHECK] Bargain preserves the king's full strength
[SMOKE] stage 29
[CHECK] Death animation reaches Game Over
[CHECK] Hero is on the floor at Game Over
Sept. 13, 2026 12:42:30 AM com.jme3.bullet.objects.PhysicsRigidBody rebuildRigidBody
INFORMATION: Created 146707222f0.
Sept. 13, 2026 12:42:30 AM com.jme3.bullet.objects.PhysicsRigidBody rebuildRigidBody
INFORMATION: Created 14670721c90.
Sept. 13, 2026 12:42:30 AM com.jme3.bullet.objects.PhysicsRigidBody rebuildRigidBody
INFORMATION: Created 14670722620.
Sept. 13, 2026 12:42:30 AM com.jme3.bullet.objects.PhysicsRigidBody rebuildRigidBody
INFORMATION: Created 14670721fc0.
Sept. 13, 2026 12:42:30 AM com.jme3.bullet.objects.PhysicsRigidBody rebuildRigidBody
INFORMATION: Created 14670722950.
Sept. 13, 2026 12:42:30 AM com.jme3.bullet.objects.PhysicsRigidBody rebuildRigidBody
INFORMATION: Created 146706e46d0.
Sept. 13, 2026 12:42:30 AM com.jme3.bullet.objects.PhysicsRigidBody rebuildRigidBody
INFORMATION: Created 146706e43a0.
Sept. 13, 2026 12:42:30 AM com.jme3.bullet.objects.PhysicsRigidBody rebuildRigidBody
INFORMATION: Created 146706e5060.
Sept. 13, 2026 12:42:30 AM com.jme3.bullet.objects.PhysicsRigidBody rebuildRigidBody
INFORMATION: Created 146706e23c0.
Sept. 13, 2026 12:42:30 AM com.jme3.bullet.objects.PhysicsRigidBody rebuildRigidBody
INFORMATION: Created 146706e36e0.
Sept. 13, 2026 12:42:30 AM com.jme3.bullet.objects.PhysicsRigidBody rebuildRigidBody
INFORMATION: Created 146706e59f0.
Sept. 13, 2026 12:42:30 AM com.jme3.bullet.objects.PhysicsRigidBody rebuildRigidBody
INFORMATION: Created 146706e4a00.
Sept. 13, 2026 12:42:30 AM com.jme3.bullet.objects.PhysicsRigidBody rebuildRigidBody
INFORMATION: Created 146706e3d40.
Sept. 13, 2026 12:42:30 AM com.jme3.bullet.objects.PhysicsRigidBody rebuildRigidBody
INFORMATION: Created 146706e2a20.
Sept. 13, 2026 12:42:30 AM com.jme3.bullet.objects.PhysicsRigidBody rebuildRigidBody
INFORMATION: Created 146706e4d30.
Sept. 13, 2026 12:42:30 AM com.jme3.bullet.objects.PhysicsRigidBody rebuildRigidBody
INFORMATION: Created 146706e33b0.
Sept. 13, 2026 12:42:30 AM com.jme3.bullet.objects.PhysicsRigidBody rebuildRigidBody
INFORMATION: Created 146706e5390.
Sept. 13, 2026 12:42:30 AM com.jme3.bullet.objects.PhysicsRigidBody rebuildRigidBody
INFORMATION: Created 146706e56c0.
Sept. 13, 2026 12:42:30 AM com.jme3.bullet.objects.PhysicsRigidBody rebuildRigidBody
INFORMATION: Created 146706e3080.
Sept. 13, 2026 12:42:30 AM com.jme3.bullet.objects.PhysicsRigidBody rebuildRigidBody
INFORMATION: Created 146706e5d20.
Sept. 13, 2026 12:42:30 AM com.jme3.bullet.objects.PhysicsRigidBody rebuildRigidBody
INFORMATION: Created 146706e2090.
Sept. 13, 2026 12:42:30 AM com.jme3.bullet.objects.PhysicsRigidBody rebuildRigidBody
INFORMATION: Created 146706e6050.
Sept. 13, 2026 12:42:30 AM com.jme3.bullet.objects.PhysicsRigidBody rebuildRigidBody
INFORMATION: Created 146706e6380.
Sept. 13, 2026 12:42:30 AM com.jme3.bullet.objects.PhysicsRigidBody rebuildRigidBody
INFORMATION: Created 146706e26f0.
Sept. 13, 2026 12:42:30 AM com.jme3.bullet.objects.PhysicsRigidBody rebuildRigidBody
INFORMATION: Created 146706e66b0.
Sept. 13, 2026 12:42:30 AM com.jme3.bullet.objects.PhysicsRigidBody rebuildRigidBody
INFORMATION: Created 146706e69e0.
Sept. 13, 2026 12:42:30 AM com.jme3.bullet.objects.PhysicsRigidBody rebuildRigidBody
INFORMATION: Created 146706e2d50.
Sept. 13, 2026 12:42:30 AM com.jme3.bullet.objects.PhysicsRigidBody rebuildRigidBody
INFORMATION: Created 146706e6d10.
Sept. 13, 2026 12:42:30 AM com.jme3.bullet.objects.PhysicsRigidBody rebuildRigidBody
INFORMATION: Created 146706e7040.
Sept. 13, 2026 12:42:30 AM com.jme3.bullet.objects.PhysicsRigidBody rebuildRigidBody
INFORMATION: Created 146706e7370.
Sept. 13, 2026 12:42:30 AM com.jme3.bullet.objects.PhysicsRigidBody rebuildRigidBody
INFORMATION: Created 146706e76a0.
Sept. 13, 2026 12:42:30 AM com.jme3.bullet.objects.PhysicsRigidBody rebuildRigidBody
INFORMATION: Created 146706e4070.
Sept. 13, 2026 12:42:30 AM com.jme3.bullet.objects.PhysicsRigidBody rebuildRigidBody
INFORMATION: Created 146706e3a10.
Sept. 13, 2026 12:42:30 AM com.jme3.bullet.objects.PhysicsRigidBody rebuildRigidBody
INFORMATION: Created 146706e8cf0.
Sept. 13, 2026 12:42:30 AM com.jme3.bullet.objects.PhysicsRigidBody rebuildRigidBody
INFORMATION: Created 146706e99b0.
Sept. 13, 2026 12:42:30 AM com.jme3.bullet.objects.PhysicsRigidBody rebuildRigidBody
INFORMATION: Created 146706ea010.
Sept. 13, 2026 12:42:30 AM com.jme3.bullet.objects.PhysicsRigidBody rebuildRigidBody
INFORMATION: Created 146706eb000.
Sept. 13, 2026 12:42:30 AM com.jme3.bullet.objects.PhysicsRigidBody rebuildRigidBody
INFORMATION: Created 146706e9ce0.
Sept. 13, 2026 12:42:30 AM com.jme3.bullet.objects.PhysicsRigidBody rebuildRigidBody
INFORMATION: Created 146706ea340.
Sept. 13, 2026 12:42:30 AM com.jme3.bullet.objects.PhysicsRigidBody rebuildRigidBody
INFORMATION: Created 146706e9680.
Sept. 13, 2026 12:42:30 AM com.jme3.bullet.objects.PhysicsRigidBody rebuildRigidBody
INFORMATION: Created 146706e9020.
Sept. 13, 2026 12:42:30 AM com.jme3.bullet.objects.PhysicsRigidBody rebuildRigidBody
INFORMATION: Created 146706e9350.
Sept. 13, 2026 12:42:30 AM com.jme3.bullet.objects.PhysicsRigidBody rebuildRigidBody
INFORMATION: Created 146706e8030.
Sept. 13, 2026 12:42:30 AM com.jme3.bullet.objects.PhysicsRigidBody rebuildRigidBody
INFORMATION: Created 146706ea670.
Sept. 13, 2026 12:42:30 AM com.jme3.bullet.objects.PhysicsRigidBody rebuildRigidBody
INFORMATION: Created 146706ea9a0.
Sept. 13, 2026 12:42:30 AM com.jme3.bullet.objects.PhysicsRigidBody rebuildRigidBody
INFORMATION: Created 146706eacd0.
Sept. 13, 2026 12:42:30 AM com.jme3.bullet.objects.PhysicsRigidBody rebuildRigidBody
INFORMATION: Created 146706eb330.
Sept. 13, 2026 12:42:30 AM com.jme3.bullet.objects.PhysicsRigidBody rebuildRigidBody
INFORMATION: Created 146706eb660.
Sept. 13, 2026 12:42:30 AM com.jme3.bullet.objects.PhysicsRigidBody rebuildRigidBody
INFORMATION: Created 146706e79d0.
Sept. 13, 2026 12:42:30 AM com.jme3.bullet.objects.PhysicsRigidBody rebuildRigidBody
INFORMATION: Created 146706eb990.
Sept. 13, 2026 12:42:30 AM com.jme3.bullet.objects.PhysicsRigidBody rebuildRigidBody
INFORMATION: Created 146706e7d00.
Sept. 13, 2026 12:42:30 AM com.jme3.bullet.objects.PhysicsRigidBody rebuildRigidBody
INFORMATION: Created 146706e8690.
Sept. 13, 2026 12:42:30 AM com.jme3.bullet.objects.PhysicsRigidBody rebuildRigidBody
INFORMATION: Created 146706ebcc0.
Sept. 13, 2026 12:42:30 AM com.jme3.bullet.objects.PhysicsRigidBody rebuildRigidBody
INFORMATION: Created 146706ebff0.
Sept. 13, 2026 12:42:30 AM com.jme3.bullet.objects.PhysicsRigidBody rebuildRigidBody
INFORMATION: Created 146706e8360.
Sept. 13, 2026 12:42:30 AM com.jme3.bullet.objects.PhysicsRigidBody rebuildRigidBody
INFORMATION: Created 146706ec320.
Sept. 13, 2026 12:42:30 AM com.jme3.bullet.objects.PhysicsRigidBody rebuildRigidBody
INFORMATION: Created 146706ec650.
Sept. 13, 2026 12:42:30 AM com.jme3.bullet.objects.PhysicsRigidBody rebuildRigidBody
INFORMATION: Created 146706e89c0.
Sept. 13, 2026 12:42:30 AM com.jme3.bullet.objects.PhysicsRigidBody rebuildRigidBody
INFORMATION: Created 146706edca0.
Sept. 13, 2026 12:42:30 AM com.jme3.bullet.objects.PhysicsRigidBody rebuildRigidBody
INFORMATION: Created 146706ec980.
Sept. 13, 2026 12:42:30 AM com.jme3.bullet.objects.PhysicsRigidBody rebuildRigidBody
INFORMATION: Created 146706eccb0.
Sept. 13, 2026 12:42:30 AM com.jme3.bullet.objects.PhysicsRigidBody rebuildRigidBody
INFORMATION: Created 146706edfd0.
Sept. 13, 2026 12:42:30 AM com.jme3.bullet.objects.PhysicsRigidBody rebuildRigidBody
INFORMATION: Created 146706ecfe0.
Sept. 13, 2026 12:42:30 AM com.jme3.bullet.objects.PhysicsRigidBody rebuildRigidBody
INFORMATION: Created 146706ed310.
Sept. 13, 2026 12:42:30 AM com.jme3.bullet.objects.PhysicsRigidBody rebuildRigidBody
INFORMATION: Created 146706ed640.
Sept. 13, 2026 12:42:30 AM com.jme3.bullet.objects.PhysicsRigidBody rebuildRigidBody
INFORMATION: Created 146706ed970.
Sept. 13, 2026 12:42:30 AM com.jme3.bullet.objects.PhysicsRigidBody rebuildRigidBody
INFORMATION: Created 146706ee300.
Sept. 13, 2026 12:42:30 AM com.jme3.bullet.objects.PhysicsRigidBody rebuildRigidBody
INFORMATION: Created 146706ee630.
Sept. 13, 2026 12:42:30 AM com.jme3.bullet.objects.PhysicsRigidBody rebuildRigidBody
INFORMATION: Created 146706ee960.
Sept. 13, 2026 12:42:30 AM com.jme3.bullet.objects.PhysicsRigidBody rebuildRigidBody
INFORMATION: Created 1466bb4f050.
Sept. 13, 2026 12:42:30 AM com.jme3.bullet.objects.PhysicsRigidBody rebuildRigidBody
INFORMATION: Created 1466bb50040.
Sept. 13, 2026 12:42:30 AM com.jme3.bullet.objects.PhysicsRigidBody rebuildRigidBody
INFORMATION: Created 1466bb4da00.
Sept. 13, 2026 12:42:30 AM com.jme3.bullet.objects.PhysicsRigidBody rebuildRigidBody
INFORMATION: Created 1466bb4f6b0.
Sept. 13, 2026 12:42:30 AM com.jme3.bullet.objects.PhysicsRigidBody rebuildRigidBody
INFORMATION: Created 1466bb4f380.
Sept. 13, 2026 12:42:30 AM com.jme3.bullet.objects.PhysicsRigidBody rebuildRigidBody
INFORMATION: Created 1466bb4e390.
Sept. 13, 2026 12:42:30 AM com.jme3.bullet.objects.PhysicsRigidBody rebuildRigidBody
INFORMATION: Created 1466bb4e6c0.
Sept. 13, 2026 12:42:30 AM com.jme3.bullet.objects.PhysicsRigidBody rebuildRigidBody
INFORMATION: Created 1466bb4d070.
Sept. 13, 2026 12:42:30 AM com.jme3.bullet.objects.PhysicsRigidBody rebuildRigidBody
INFORMATION: Created 1466bb4f9e0.
Sept. 13, 2026 12:42:30 AM com.jme3.bullet.objects.PhysicsRigidBody rebuildRigidBody
INFORMATION: Created 1466bb4cd40.
Sept. 13, 2026 12:42:30 AM com.jme3.bullet.objects.PhysicsRigidBody rebuildRigidBody
INFORMATION: Created 1466bb4fd10.
Sept. 13, 2026 12:42:30 AM com.jme3.bullet.objects.PhysicsRigidBody rebuildRigidBody
INFORMATION: Created 1466bb4d3a0.
Sept. 13, 2026 12:42:30 AM com.jme3.bullet.objects.PhysicsRigidBody rebuildRigidBody
INFORMATION: Created 1466bb4e9f0.
Sept. 13, 2026 12:42:30 AM com.jme3.bullet.objects.PhysicsRigidBody rebuildRigidBody
INFORMATION: Created 1466bb4d6d0.
Sept. 13, 2026 12:42:30 AM com.jme3.bullet.objects.PhysicsRigidBody rebuildRigidBody
INFORMATION: Created 1466bb4ed20.
Sept. 13, 2026 12:42:30 AM com.jme3.bullet.objects.PhysicsRigidBody rebuildRigidBody
INFORMATION: Created 1466bb4dd30.
Sept. 13, 2026 12:42:30 AM com.jme3.bullet.objects.PhysicsRigidBody rebuildRigidBody
INFORMATION: Created 1466bb50370.
Sept. 13, 2026 12:42:30 AM com.jme3.bullet.objects.PhysicsRigidBody rebuildRigidBody
INFORMATION: Created 1466bb4e060.
Sept. 13, 2026 12:42:30 AM com.jme3.bullet.objects.PhysicsRigidBody rebuildRigidBody
INFORMATION: Created 1466bb4c6e0.
Sept. 13, 2026 12:42:30 AM com.jme3.bullet.objects.PhysicsRigidBody rebuildRigidBody
INFORMATION: Created 1466bb506a0.
Sept. 13, 2026 12:42:30 AM com.jme3.bullet.objects.PhysicsRigidBody rebuildRigidBody
INFORMATION: Created 1466bb4ca10.
Sept. 13, 2026 12:42:30 AM com.jme3.bullet.objects.PhysicsRigidBody rebuildRigidBody
INFORMATION: Created 1466bb50d00.
Sept. 13, 2026 12:42:30 AM com.jme3.bullet.objects.PhysicsRigidBody rebuildRigidBody
INFORMATION: Created 1466bb51360.
Sept. 13, 2026 12:42:30 AM com.jme3.bullet.objects.PhysicsRigidBody rebuildRigidBody
INFORMATION: Created 1466bb529b0.
Sept. 13, 2026 12:42:30 AM com.jme3.bullet.objects.PhysicsRigidBody rebuildRigidBody
INFORMATION: Created 1466bb509d0.
Sept. 13, 2026 12:42:30 AM com.jme3.bullet.objects.PhysicsRigidBody rebuildRigidBody
INFORMATION: Created 1466bb51030.
Sept. 13, 2026 12:42:30 AM com.jme3.bullet.objects.PhysicsRigidBody rebuildRigidBody
INFORMATION: Created 1466bb51690.
Sept. 13, 2026 12:42:30 AM com.jme3.bullet.objects.PhysicsRigidBody rebuildRigidBody
INFORMATION: Created 1466bb519c0.
Sept. 13, 2026 12:42:30 AM com.jme3.bullet.objects.PhysicsRigidBody rebuildRigidBody
INFORMATION: Created 1466bb51cf0.
Sept. 13, 2026 12:42:30 AM com.jme3.bullet.objects.PhysicsRigidBody rebuildRigidBody
INFORMATION: Created 1466bb52020.
Sept. 13, 2026 12:42:30 AM com.jme3.bullet.objects.PhysicsRigidBody rebuildRigidBody
INFORMATION: Created 1466bb52350.
Sept. 13, 2026 12:42:30 AM com.jme3.bullet.objects.PhysicsRigidBody rebuildRigidBody
INFORMATION: Created 1466bb52680.
Sept. 13, 2026 12:42:30 AM com.jme3.bullet.objects.PhysicsRigidBody rebuildRigidBody
INFORMATION: Created 1466bb32ee0.
Sept. 13, 2026 12:42:30 AM com.jme3.bullet.objects.PhysicsRigidBody rebuildRigidBody
INFORMATION: Created 1466bb36840.
Sept. 13, 2026 12:42:30 AM com.jme3.bullet.objects.PhysicsRigidBody rebuildRigidBody
INFORMATION: Created 1466bb36b70.
Sept. 13, 2026 12:42:30 AM com.jme3.bullet.objects.PhysicsRigidBody rebuildRigidBody
INFORMATION: Created 1466bb36ea0.
Sept. 13, 2026 12:42:30 AM com.jme3.bullet.objects.PhysicsRigidBody rebuildRigidBody
INFORMATION: Created 1466bb35b80.
Sept. 13, 2026 12:42:30 AM com.jme3.bullet.objects.PhysicsRigidBody rebuildRigidBody
INFORMATION: Created 1466bb33ba0.
Sept. 13, 2026 12:42:31 AM com.jme3.bullet.objects.PhysicsRigidBody rebuildRigidBody
INFORMATION: Created 1466bb33210.
Sept. 13, 2026 12:42:31 AM com.jme3.bullet.objects.PhysicsRigidBody rebuildRigidBody
INFORMATION: Created 1466bb35eb0.
Sept. 13, 2026 12:42:31 AM com.jme3.bullet.objects.PhysicsRigidBody rebuildRigidBody
INFORMATION: Created 1466bb371d0.
Sept. 13, 2026 12:42:31 AM com.jme3.bullet.objects.PhysicsRigidBody rebuildRigidBody
INFORMATION: Created 1466bb34ec0.
Sept. 13, 2026 12:42:31 AM com.jme3.bullet.objects.PhysicsRigidBody rebuildRigidBody
INFORMATION: Created 1466bb33870.
Sept. 13, 2026 12:42:31 AM com.jme3.bullet.objects.PhysicsRigidBody rebuildRigidBody
INFORMATION: Created 1466bb34530.
Sept. 13, 2026 12:42:31 AM com.jme3.bullet.objects.PhysicsRigidBody rebuildRigidBody
INFORMATION: Created 1466bb351f0.
Sept. 13, 2026 12:42:31 AM com.jme3.bullet.objects.PhysicsRigidBody rebuildRigidBody
INFORMATION: Created 1466bb361e0.
Sept. 13, 2026 12:42:31 AM com.jme3.bullet.objects.PhysicsRigidBody rebuildRigidBody
INFORMATION: Created 1466bb33540.
Sept. 13, 2026 12:42:31 AM com.jme3.bullet.objects.PhysicsRigidBody rebuildRigidBody
INFORMATION: Created 1466bb37830.
Sept. 13, 2026 12:42:31 AM com.jme3.bullet.objects.PhysicsRigidBody rebuildRigidBody
INFORMATION: Created 1466bb35520.
Sept. 13, 2026 12:42:31 AM com.jme3.bullet.objects.PhysicsRigidBody rebuildRigidBody
INFORMATION: Created 1466bb35850.
Sept. 13, 2026 12:42:31 AM com.jme3.bullet.objects.PhysicsRigidBody rebuildRigidBody
INFORMATION: Created 1466bb37500.
Sept. 13, 2026 12:42:31 AM com.jme3.bullet.objects.PhysicsRigidBody rebuildRigidBody
INFORMATION: Created 1466bb37b60.
Sept. 13, 2026 12:42:31 AM com.jme3.bullet.objects.PhysicsRigidBody rebuildRigidBody
INFORMATION: Created 1466bb34860.
Sept. 13, 2026 12:42:31 AM com.jme3.bullet.objects.PhysicsRigidBody rebuildRigidBody
INFORMATION: Created 1466bb33ed0.
Sept. 13, 2026 12:42:31 AM com.jme3.bullet.objects.PhysicsRigidBody rebuildRigidBody
INFORMATION: Created 1466bb37e90.
Sept. 13, 2026 12:42:31 AM com.jme3.bullet.objects.PhysicsRigidBody rebuildRigidBody
INFORMATION: Created 1466bb34200.
Sept. 13, 2026 12:42:31 AM com.jme3.bullet.objects.PhysicsRigidBody rebuildRigidBody
INFORMATION: Created 1466bb381c0.
Sept. 13, 2026 12:42:31 AM com.jme3.bullet.objects.PhysicsRigidBody rebuildRigidBody
INFORMATION: Created 1466bb384f0.
Sept. 13, 2026 12:42:31 AM com.jme3.bullet.objects.PhysicsRigidBody rebuildRigidBody
INFORMATION: Created 1466bb38820.
Sept. 13, 2026 12:42:31 AM com.jme3.bullet.objects.PhysicsRigidBody rebuildRigidBody
INFORMATION: Created 1466bb34b90.
Sept. 13, 2026 12:42:31 AM com.jme3.bullet.objects.PhysicsRigidBody rebuildRigidBody
INFORMATION: Created 1466bb3b4c0.
Sept. 13, 2026 12:42:31 AM com.jme3.bullet.objects.PhysicsRigidBody rebuildRigidBody
INFORMATION: Created 1466bb3ab30.
Sept. 13, 2026 12:42:31 AM com.jme3.bullet.objects.PhysicsRigidBody rebuildRigidBody
INFORMATION: Created 1466bb3b190.
Sept. 13, 2026 12:42:31 AM com.jme3.bullet.objects.PhysicsRigidBody rebuildRigidBody
INFORMATION: Created 1466bb38e80.
Sept. 13, 2026 12:42:31 AM com.jme3.bullet.objects.PhysicsRigidBody rebuildRigidBody
INFORMATION: Created 1466bb3bb20.
Sept. 13, 2026 12:42:31 AM com.jme3.bullet.objects.PhysicsRigidBody rebuildRigidBody
INFORMATION: Created 1466bb391b0.
Sept. 13, 2026 12:42:31 AM com.jme3.bullet.objects.PhysicsRigidBody rebuildRigidBody
INFORMATION: Created 1466bb3be50.
Sept. 13, 2026 12:42:31 AM com.jme3.bullet.objects.PhysicsRigidBody rebuildRigidBody
INFORMATION: Created 1466bb3c7e0.
Sept. 13, 2026 12:42:31 AM com.jme3.bullet.objects.PhysicsRigidBody rebuildRigidBody
INFORMATION: Created 1466bb3ae60.
Sept. 13, 2026 12:42:31 AM com.jme3.bullet.objects.PhysicsRigidBody rebuildRigidBody
INFORMATION: Created 1466bb38b50.
Sept. 13, 2026 12:42:31 AM com.jme3.bullet.objects.PhysicsRigidBody rebuildRigidBody
INFORMATION: Created 1466bb3d170.
Sept. 13, 2026 12:42:31 AM com.jme3.bullet.objects.PhysicsRigidBody rebuildRigidBody
INFORMATION: Created 1466bb3c180.
Sept. 13, 2026 12:42:31 AM com.jme3.bullet.objects.PhysicsRigidBody rebuildRigidBody
INFORMATION: Created 1466bb3a800.
Sept. 13, 2026 12:42:31 AM com.jme3.bullet.objects.PhysicsRigidBody rebuildRigidBody
INFORMATION: Created 1466bb3c4b0.
Sept. 13, 2026 12:42:31 AM com.jme3.bullet.objects.PhysicsRigidBody rebuildRigidBody
INFORMATION: Created 1466bb3b7f0.
Sept. 13, 2026 12:42:31 AM com.jme3.bullet.objects.PhysicsRigidBody rebuildRigidBody
INFORMATION: Created 1466bb3a4d0.
Sept. 13, 2026 12:42:31 AM com.jme3.bullet.objects.PhysicsRigidBody rebuildRigidBody
INFORMATION: Created 1466bb3cb10.
Sept. 13, 2026 12:42:31 AM com.jme3.bullet.objects.PhysicsRigidBody rebuildRigidBody
INFORMATION: Created 1466bb3ce40.
Sept. 13, 2026 12:42:31 AM com.jme3.bullet.objects.PhysicsRigidBody rebuildRigidBody
INFORMATION: Created 1466bb394e0.
Sept. 13, 2026 12:42:31 AM com.jme3.bullet.objects.PhysicsRigidBody rebuildRigidBody
INFORMATION: Created 1466bb3d4a0.
Sept. 13, 2026 12:42:31 AM com.jme3.bullet.objects.PhysicsRigidBody rebuildRigidBody
INFORMATION: Created 1466bb3a1a0.
Sept. 13, 2026 12:42:31 AM com.jme3.bullet.objects.PhysicsRigidBody rebuildRigidBody
INFORMATION: Created 1466bb39810.
Sept. 13, 2026 12:42:31 AM com.jme3.bullet.objects.PhysicsRigidBody rebuildRigidBody
INFORMATION: Created 1466bb3d7d0.
[CHECK] Checkpoint respawn restores playable state
Sept. 13, 2026 12:42:31 AM com.jme3.anim.SkinningControl controlRender
INFORMATION: Hardware skinning engaged for Scene (Node)
Sept. 13, 2026 12:42:31 AM com.jme3.anim.SkinningControl controlRender
INFORMATION: Hardware skinning engaged for Scene (Node)
Sept. 13, 2026 12:42:31 AM com.jme3.anim.SkinningControl controlRender
INFORMATION: Hardware skinning engaged for Scene (Node)
Sept. 13, 2026 12:42:31 AM com.jme3.anim.SkinningControl controlRender
INFORMATION: Hardware skinning engaged for Scene (Node)
[SMOKE] stage 30
[CHECK] Fast mode removes the shadow pass
[GAME] Grafik: Atmosphärisch
[SMOKE] stage 31
[CHECK] High quality restores shadows before post-processing
[SMOKE] stage 32
